hour_start,n_sced,prc_min,prc_mean,prc_max,rtordpa_max,rtordpa_mean,rtolhsl_min,rtolhsl_mean,rtolhsl_max,rtolcap_min,rtolcap_mean,rtbp_mean,lambda_mean,load_total_weatherzone,load_total_native,resource_outage_mw,irr_outage_mw,new_equipment_mw,res_irr_outage_mw,all_envelope_mw,postedDatetime
2025-01-01 00:00:00,12,11197.67,11364.416666666666,11466.42,0.0,0.0,55261.21,55622.833333333336,56020.7,19058.91,19527.9175,38888.10083333334,18.070866666666667,44106.88,43223.859905,,,,,,
2025-01-01 01:00:00,12,11335.42,11400.243333333332,11479.42,0.0,0.0,55688.23,55884.42166666667,56107.57,19618.05,19991.9925,38452.19833333333,17.683474999999998,43816.13,43122.532212,,,,,,
2025-01-01 02:00:00,12,11463.27,11674.9225,11922.22,0.0,0.0,56146.0,56477.85666666667,56865.82,20288.53,20785.795,38344.3875,17.093225,43633.94,42918.511847,,,,,,
2025-01-01 03:00:00,12,11694.47,11917.633333333331,12281.13,0.0,0.0,56546.72,56916.85083333333,57285.07,21172.81,21357.30833333333,38240.6625,17.04008333333333,43521.12,42780.783583,,,,,,
2025-01-01 04:00:00,12,11343.41,11842.333333333334,12543.71,0.0,0.0,55685.62,56504.74833333333,57298.26,18709.33,19980.764166666668,38622.6,18.645008333333333,43393.86,43253.234707,,,,,,
2025-01-01 05:00:00,13,10794.23,10972.28,11352.18,0.0,0.0,55442.78,55613.91615384616,55806.96,17974.2,18393.51230769231,39383.60769230769,20.44983076923077,44260.58,43984.988292,,,,,,
2025-01-01 06:00:00,12,10613.87,11275.7925,11478.76,0.0,0.0,56453.07,56882.49416666667,57182.94,18133.71,18659.826666666664,40345.78916666666,20.979833333333332,45338.53,45192.086546,,,,,,
2025-01-01 07:00:00,12,9893.33,10129.945833333331,10518.25,0.0,0.0,56001.79,56380.26833333333,56936.59,17002.45,17476.101666666666,41122.738333333335,22.234516666666668,46298.16,46051.468502,,,,,,
2025-01-01 08:00:00,12,10370.27,11733.720833333333,13006.44,0.0,0.0,56129.54,58752.115,62016.92,17678.61,20733.365833333333,40458.59416666667,18.272125,46814.93,46388.191183,,,,,,
2025-01-01 09:00:00,12,12626.98,12987.640833333331,13421.55,0.0,0.0,60274.97,62356.40333333333,63738.09,23054.33,24326.806666666667,40870.415,12.437541666666666,47125.7,46310.569451,,,,,,
2025-01-01 10:00:00,12,13093.91,13172.229166666666,13412.48,0.0,0.0,63350.24,63719.81166666667,63986.14,25066.66,25386.888333333336,41477.48583333333,9.618583333333332,47280.87,46113.020229,,,,,,
2025-01-01 11:00:00,12,12884.51,12966.263333333334,13065.91,0.0,0.0,61720.73,62508.53,63236.24,23611.2,24332.014166666664,40917.2825,14.127375,46553.36,45879.841851,,,,,,
2025-01-01 12:00:00,12,12577.32,12891.098333333332,12987.31,0.0,0.0,59459.2,60763.16333333333,61373.12,22535.83,23295.64833333333,39555.875,15.07805,45374.28,45323.990157,,,,,,
2025-01-01 13:00:00,12,12815.12,12893.605,12964.48,0.0,0.0,60317.14,60651.65416666667,60806.84,23678.11,23997.608333333334,39102.57583333333,14.921466666666667,44941.08,44557.527311,,,,,,
2025-01-01 14:00:00,12,12595.59,12724.896666666667,12874.98,0.0,0.0,59645.18,59974.333333333336,60386.13,23780.32,24020.498333333333,38649.17333333333,13.040458333333332,44701.39,44064.386666,,,,,,
2025-01-01 15:00:00,12,12725.75,13006.19,13601.47,0.0,0.0,58542.29,59397.5,60347.6,23936.13,24646.72333333333,36994.08833333333,1.7668166666666665,44211.63,43974.981573,,,,,,
2025-01-01 16:00:00,12,9749.06,12193.6075,13910.44,0.0,0.0,53690.52,58709.380000000005,62320.71,14320.51,20572.69,40052.94666666666,21.72384166666667,44592.52,44648.010304,,,,,,
2025-01-01 17:00:00,12,5955.74,7408.534166666667,9599.37,0.0,0.0,49082.3,50368.78916666666,53340.75,8286.78,10265.9925,42028.355833333335,50.451991666666665,46463.69,46469.216919,,,,,,
2025-01-01 18:00:00,12,5553.73,5767.990000000001,6067.73,0.0,0.0,47925.8,48517.58083333333,49450.4,7812.08,8221.283333333333,42183.045000000006,76.51344999999999,47744.44,47730.935533,,,,,,
2025-01-01 19:00:00,12,5968.82,6243.424166666667,6424.16,0.0,0.0,49286.36,49787.0875,50301.34,8885.57,9372.325,42461.27333333334,85.38513333333333,47789.46,47715.076773,,,,,,
2025-01-01 20:00:00,12,6244.84,7085.116666666666,7808.04,0.0,0.0,50318.09,52139.41416666666,53930.48,9652.34,11370.465833333334,43362.8675,52.739941666666674,48732.89,48153.242153,,,,,,
2025-01-01 21:00:00,12,7896.23,8150.383333333334,8497.06,0.0,0.0,53138.66,53609.50666666666,54204.71,11852.69,12601.633333333331,43238.41,28.832191666666663,48704.1,48220.879017,,,,,,
2025-01-01 22:00:00,12,8051.48,8369.004166666668,8761.99,0.0,0.0,50260.41,51617.394166666665,52893.62,12241.27,12746.815,40871.88416666666,26.761433333333333,47140.68,46956.795097,,,,,,
2025-01-01 23:00:00,12,8684.24,9654.753333333332,10485.9,0.0,0.0,52921.95,54310.53916666666,55879.65,13763.45,15694.225833333332,40881.92166666667,21.29403333333333,46373.65,45875.362111,,,,,,
2025-01-02 00:00:00,12,10402.41,10520.911666666669,10605.36,0.0,0.0,55294.14,55577.60916666667,55886.89,17767.34,18241.088333333333,40062.53166666667,19.909475,45580.05,44854.310359,,,,,,
2025-01-02 01:00:00,12,10587.54,10775.4725,10954.13,0.0,0.0,55753.03,56702.8875,57280.86,19149.0,19923.49583333333,39921.81916666666,18.952625,45387.98,44346.305653,,,,,,
2025-01-02 02:00:00,12,10891.2,11123.354166666666,11327.62,0.0,0.0,57118.68,57315.43666666667,57469.67,20033.18,20457.28,40134.14333333333,18.903025,45402.27,44176.27622,,,,,,
2025-01-02 03:00:00,12,11044.77,11153.725833333332,11211.85,0.0,0.0,57013.94,57140.21916666667,57318.93,19658.97,20166.5175,40132.75833333333,19.3049,45370.85,44364.443897,,,,,,
2025-01-02 04:00:00,12,10888.96,10981.514166666668,11061.32,0.0,0.0,57002.68,57129.293333333335,57399.42,18578.59,19083.959166666667,40577.5225,20.33558333333333,45834.07,45422.975068,,,,,,
2025-01-02 05:00:00,12,10449.17,10750.7425,11170.44,0.0,0.0,57672.53,57912.08416666667,58018.18,16867.56,17896.143333333333,42192.15083333333,21.1384,47395.62,47293.685145,,,,,,
2025-01-02 06:00:00,13,9569.66,10174.94153846154,10752.97,0.0,0.0,57107.81,57686.555384615385,58186.4,13684.35,15045.433846153846,44600.730769230766,24.61586923076923,49634.07,49745.866965,,,,,,
2025-01-02 07:00:00,12,8388.33,8692.262499999999,9440.77,0.0,0.0,57005.91,57141.30583333334,57284.03,12579.87,12956.455833333332,46205.684166666666,24.178525,51527.47,51542.917931,,,,,,
2025-01-02 08:00:00,12,8640.26,9796.963333333331,10821.39,0.0,0.0,57506.17,59954.74333333334,62467.02,12900.6,15881.231666666668,46424.47,21.967566666666663,52234.59,51886.809786,,,,,,
2025-01-02 09:00:00,12,10419.31,10883.548333333334,11215.5,0.0,0.0,60736.71,62428.01083333333,63179.23,17645.19,18981.52666666667,46497.59916666666,21.36508333333333,51802.22,50966.765192,,,,,,
2025-01-02 10:00:00,12,10128.4,10229.330833333332,10359.55,0.0,0.0,58992.38,59690.21083333334,60265.9,16779.92,17081.053333333333,45782.29583333334,23.420291666666667,51214.27,49998.501019,,,,,,
2025-01-02 11:00:00,12,9539.3,9863.500833333334,10396.31,0.0,0.0,56553.65,57574.3825,58789.1,15469.07,16216.3625,44114.489166666666,23.09135833333333,49762.45,48972.469186,,,,,,
2025-01-02 12:00:00,12,9283.88,9459.105,9601.88,0.0,0.0,55062.63,55403.4575,56313.91,14972.48,15197.634166666665,42808.99,23.614575,48739.43,48232.76949,,,,,,
2025-01-02 13:00:00,12,9057.99,9131.914166666667,9440.05,0.0,0.0,53746.81,54427.30583333334,55517.86,14019.67,14370.803333333335,42585.075,27.587125,48400.21,47885.708273,,,,,,
2025-01-02 14:00:00,12,9038.35,9252.4825,9378.11,0.0,0.0,53417.05,53828.54583333334,54464.17,14287.42,14567.189166666663,42063.050833333335,26.995191666666667,48384.5,47553.277712,,,,,,
2025-01-02 15:00:00,12,9246.82,9508.908333333333,10330.28,0.0,0.0,53366.65,53992.684166666666,55660.73,14194.32,14972.851666666667,41792.07,24.38488333333333,48241.47,47433.359685,,,,,,
2025-01-02 16:00:00,12,9176.98,10498.846666666666,11299.51,0.0,0.0,53126.99,55896.386666666665,57437.76,12218.3,15474.545833333332,42680.91583333333,27.489825,47828.3,47434.800159,,,,,,
2025-01-02 17:00:00,12,6062.94,7141.283333333333,9116.38,0.0,0.0,50582.89,51210.99,52874.75,8614.13,9736.100833333332,43412.98666666667,45.65347499999999,48720.7,48806.593444,,,,,,
2025-01-02 18:00:00,12,6146.1,6614.030833333333,6773.75,0.0,0.0,50799.15,51228.5275,51633.38,8815.11,9371.211666666666,43749.24416666666,46.903325,49700.92,49740.989132,,,,,,
2025-01-02 19:00:00,12,6894.24,7299.1225,7602.31,0.0,0.0,51724.66,52057.37333333333,52696.03,10022.78,10793.2925,43296.520833333336,47.255525,49377.96,49275.121084,,,,,,
2025-01-02 20:00:00,12,7598.94,8006.707499999999,8459.55,0.0,0.0,52290.7,53051.075833333336,54595.0,11018.06,11907.195,43153.89166666667,38.4428,49293.04,49037.561539,,,,,,
2025-01-02 21:00:00,12,8487.04,8831.3375,9046.7,0.0,0.0,54457.29,54668.80333333334,55000.95,12927.62,13475.105,43133.41583333333,32.292025,48480.78,48343.642649,,,,,,
2025-01-02 22:00:00,12,8903.64,9366.8775,9859.47,0.0,0.0,54427.8,54710.5575,55131.99,13931.71,14982.448333333334,41932.3775,30.121241666666663,47172.15,46904.269676,,,,,,
2025-01-02 23:00:00,12,9722.34,10264.494166666664,10620.8,0.0,0.0,54436.74,54891.42333333333,55238.03,16017.95,17055.675,40603.06333333333,27.468566666666664,46011.54,45216.924798,,,,,,
2025-01-03 00:00:00,12,10536.53,10873.97,11039.18,0.0,0.0,54015.54,54259.53333333333,54504.82,17263.43,17574.813333333335,39697.35166666667,25.69255833333333,44902.15,43848.113347,,,,,,
2025-01-03 01:00:00,12,10938.35,11144.198333333334,11316.64,0.0,0.0,53642.66,54582.32750000001,54959.49,18069.36,18731.9775,39266.70666666667,25.83278333333333,44434.76,43072.402949,,,,,,
2025-01-03 02:00:00,12,11282.31,11621.598333333332,11851.47,0.0,0.0,54982.31,55279.38999999999,55479.38,19450.64,19809.416666666668,39008.96666666667,24.887141666666665,44220.1,42632.781535,,,,,,
2025-01-03 03:00:00,12,11549.55,11752.123333333337,11851.27,0.0,0.0,54430.14,54716.91333333333,55166.65,19082.92,19284.3425,38308.2075,24.627216666666666,43471.31,42568.300775,,,,,,
2025-01-03 04:00:00,12,11453.29,11794.803333333335,11950.22,0.0,0.0,54880.05,55025.43333333333,55207.72,18338.86,18983.306666666667,38430.0075,24.388391666666667,43593.69,43167.101545,,,,,,
2025-01-03 05:00:00,12,11122.12,11379.235833333334,11588.31,0.0,0.0,55154.48,55669.86833333334,56110.38,17290.01,17989.878333333334,39997.485,24.11613333333333,44929.8,44641.09099,,,,,,
2025-01-03 06:00:00,12,10044.24,10599.989166666666,11247.84,0.0,0.0,56026.34,56258.94166666667,56475.94,15434.96,16325.545,42140.53333333333,24.671316666666662,47042.11,46811.567652,,,,,,
2025-01-03 07:00:00,12,8456.77,8923.366666666667,9975.01,0.0,0.0,55251.63,55748.87083333333,56077.33,13808.69,14391.951666666668,43590.754166666666,24.62045833333333,48682.25,48514.632396,,,,,,
2025-01-03 08:00:00,12,8851.87,9766.6775,10935.16,0.0,0.0,55543.82,57268.894166666665,59413.88,14074.33,15960.264166666666,43549.49833333333,24.640191666666663,49169.07,48968.538484,,,,,,
2025-01-03 09:00:00,12,10988.54,11176.14,11390.31,0.0,0.0,58556.75,59248.73333333334,59804.66,18393.47,18812.650833333333,42968.17916666667,21.705258333333333,49000.41,48601.355675,,,,,,
2025-01-03 10:00:00,12,10466.18,10784.619166666664,11609.66,0.0,0.0,56415.31,57252.61833333334,58658.75,17322.27,17966.155833333334,41639.97666666666,22.391483333333337,48496.02,48243.146492,,,,,,
2025-01-03 11:00:00,12,10312.57,10464.835,10718.33,0.0,0.0,55699.55,56306.225,57291.59,16576.54,17296.0025,41448.84416666667,22.99415,48181.1,47787.193491,,,,,,
2025-01-03 12:00:00,12,10495.63,10730.908333333333,11213.67,0.0,0.0,55534.82,56413.65833333333,57669.46,17304.56,18155.3725,40752.33666666666,21.67928333333333,47624.55,47148.275821,,,,,,
2025-01-03 13:00:00,12,11262.21,11605.145833333334,12015.63,0.0,0.0,57460.21,58169.85916666667,59259.14,19643.85,20192.68333333333,40530.49083333334,19.718958333333333,47298.7,46707.261101,,,,,,
2025-01-03 14:00:00,12,11953.83,12199.29,12725.6,0.0,0.0,59285.89,60155.69583333333,61329.84,21188.55,22165.4075,41106.765,19.013991666666666,47789.85,46500.436784,,,,,,
2025-01-03 15:00:00,12,12181.02,12644.4525,12960.53,0.0,0.0,59746.71,61239.15583333333,62013.95,21415.19,23233.43416666667,40582.79083333333,16.483816666666666,47036.36,46308.482456,,,,,,
2025-01-03 16:00:00,12,9146.22,11029.626666666663,12378.96,0.0,0.0,53553.88,56967.309166666666,59697.85,13531.17,17693.8275,41380.97083333333,26.775233333333333,46631.14,46419.724969,,,,,,
2025-01-03 17:00:00,12,6563.25,7508.000833333333,9062.06,0.0,0.0,49718.57,50713.19416666666,52965.23,9225.65,10570.914166666667,42071.778333333335,37.08264166666667,47358.18,47387.754157,,,,,,
2025-01-03 18:00:00,12,6752.63,7175.02,7668.28,0.0,0.0,50107.65,51147.857500000006,52258.29,9339.63,10398.185,42562.68833333333,34.441833333333335,48417.86,48369.900278,,,,,,
2025-01-03 19:00:00,12,7535.65,7981.280833333333,8442.82,0.0,0.0,51057.52,52126.3475,53171.49,11372.49,12144.731666666668,41984.11916666666,30.969191666666664,48124.03,47885.994878,,,,,,
2025-01-03 20:00:00,12,8231.59,8850.754166666668,9283.07,0.0,0.0,52773.88,53372.085,54104.98,13092.04,13957.680833333334,41130.693333333336,22.54818333333333,47487.76,47296.047179,,,,,,
2025-01-03 21:00:00,12,9365.38,9938.646666666666,10348.17,0.0,0.0,54383.02,55997.09583333333,56825.51,15405.01,17055.585833333334,40771.355,20.815791666666662,46758.43,46533.060499,,,,,,
2025-01-03 22:00:00,12,9985.56,10209.081666666669,10581.91,0.0,0.0,55006.45,55293.699166666665,56089.91,17533.69,18019.61333333333,39357.37666666667,20.74625,45579.63,45296.986839,,,,,,
2025-01-03 23:00:00,12,10624.41,11014.809166666666,11253.36,0.0,0.0,55331.35,56299.31916666666,56626.73,19120.45,19914.27333333333,38451.3875,20.666075,43962.44,43687.721032,,,,,,
2025-01-04 00:00:00,12,11150.28,11447.905,11700.26,0.0,0.0,55208.86,55492.894166666665,56071.25,19877.86,20515.4775,36910.9225,21.128316666666667,42453.68,42168.718002,,,,,,
2025-01-04 01:00:00,12,11301.81,11446.989166666666,11602.47,0.0,0.0,54985.32,55353.763333333336,55634.64,20894.77,21362.27833333333,36142.55333333334,21.397825,41498.93,41038.070722,,,,,,
2025-01-04 02:00:00,12,11281.52,11688.69,11914.94,0.0,0.0,54732.63,55164.79166666666,55519.59,21444.55,22071.545,35183.52916666667,20.21793333333333,40614.92,40145.527651,,,,,,
2025-01-04 03:00:00,12,11559.2,11745.705,11830.67,0.0,0.0,54426.16,54766.83833333334,55311.76,21942.56,22102.1225,34782.46833333333,20.962691666666668,39947.72,39662.289742,,,,,,
2025-01-04 04:00:00,12,11510.47,11558.633333333331,11600.83,0.0,0.0,54467.98,54529.136666666665,54666.94,21675.51,21890.2175,34698.760833333334,21.14999166666667,39874.9,39653.021549,,,,,,
2025-01-04 05:00:00,12,11086.94,11265.435833333337,11478.57,0.0,0.0,54063.71,54278.206666666665,54588.29,20720.79,21059.6825,35255.72083333333,23.267633333333333,40504.71,40247.742086,,,,,,
2025-01-04 06:00:00,12,11001.35,11103.823333333334,11181.62,0.0,0.0,54380.68,54718.00916666666,55154.93,20330.7,20491.2775,36111.42333333333,24.377108333333336,41393.72,41307.165027,,,,,,
2025-01-04 07:00:00,12,10399.42,10618.42,11077.24,0.0,0.0,55377.2,55547.435,56000.09,19947.41,20249.290833333333,37215.738333333335,21.344816666666663,42535.93,42426.930537,,,,,,
2025-01-04 08:00:00,12,10584.04,11047.960833333333,11836.18,0.0,0.0,56210.43,57713.817500000005,59805.41,20618.28,21623.919166666667,38076.68666666667,18.596316666666667,43824.06,43699.497283,,,,,,
2025-01-04 09:00:00,12,11997.29,12607.771666666667,13080.51,0.0,0.0,61001.41,63550.05666666667,66131.21,23858.46,26021.286666666667,39963.16583333333,4.393275,45611.28,44825.938848,,,,,,
2025-01-04 10:00:00,12,12891.88,13220.313333333334,13632.35,0.0,0.0,65589.37,67978.89666666667,71055.8,27332.07,29522.8225,41738.5225,-0.0073,47378.94,45805.049736,,,,,,
2025-01-04 11:00:00,12,13490.58,13773.6325,14059.73,0.0,0.0,71173.47,72965.89416666667,75080.28,32285.19,34181.300833333335,42403.79916666667,-2.629775,48229.22,46275.97187,,,,,,
2025-01-04 12:00:00,12,13824.21,14029.690833333334,14162.84,0.0,0.0,74250.9,75144.38083333333,75978.03,35442.96,36359.63416666666,42179.74166666667,-4.106075,47761.54,46261.192623,,,,,,
2025-01-04 13:00:00,12,13982.4,14132.178333333335,14382.65,0.0,0.0,75883.44,76430.66166666667,76972.02,37232.82,37705.94083333333,42209.2625,-11.3661,47807.07,46243.123012,,,,,,
2025-01-04 14:00:00,12,13842.38,14043.031666666668,14214.42,0.0,0.0,75504.25,76127.82916666666,76880.8,36474.07,37031.401666666665,41894.42833333334,-14.087533333333331,47302.51,46196.56088,,,,,,
2025-01-04 15:00:00,12,13584.46,13935.6575,14100.88,0.0,0.0,74921.17,75759.25166666666,76529.95,35767.19,36699.63,41416.54,-15.875716666666667,46975.41,46208.014376,,,,,,
2025-01-04 16:00:00,12,13349.2,13798.190833333334,13949.87,0.0,0.0,70902.01,73104.1225,74654.6,30769.85,33588.075000000004,41396.65333333333,-8.103433333333333,46805.86,46478.596652,,,,,,
2025-01-04 17:00:00,12,13147.09,13473.365,13717.08,0.0,0.0,68347.77,69331.59916666667,70484.17,27581.69,28521.811666666665,42630.4575,3.5502583333333333,47498.46,47407.752236,,,,,,
2025-01-04 18:00:00,12,13183.7,13342.509166666669,13784.78,0.0,0.0,69373.34,69913.13833333334,70224.63,27833.13,28286.43083333333,43369.16166666667,5.257874999999999,48499.11,48396.780983,,,,,,
2025-01-04 19:00:00,12,13513.48,13705.451666666668,14047.65,0.0,0.0,70425.56,70842.40916666666,71057.13,29045.72,29744.0375,42971.57583333333,1.231575,48142.33,47925.569854,,,,,,
2025-01-04 20:00:00,12,13224.07,13410.815,13577.3,0.0,0.0,70259.6,70580.84083333334,70842.72,29494.49,30190.431666666667,42191.5425,-0.35735,47462.64,47191.981655,,,,,,
2025-01-04 21:00:00,12,13413.05,13576.805,13701.3,0.0,0.0,70088.93,70288.05083333333,70422.38,30458.98,30903.155,41361.325,-1.5417583333333331,46688.53,46285.347061,,,,,,
2025-01-04 22:00:00,12,13718.68,14029.0525,14208.46,0.0,0.0,70136.16,70657.175,71065.16,31878.47,32969.4175,39903.074166666665,-15.552941666666667,45391.73,44814.406391,,,,,,
2025-01-04 23:00:00,12,14083.03,14216.736666666666,14520.86,0.0,0.0,70877.47,71035.86166666666,71246.35,33884.3,34866.025,38469.418333333335,-28.440133333333332,43981.53,43222.46009,,,,,,
2025-01-05 00:00:00,12,14052.69,14192.218333333332,14341.81,0.0,0.0,69722.84,70105.32583333334,70648.47,34674.6,34953.346666666665,37148.39166666667,-31.181441666666668,42154.08,41702.971072,,,,,,
2025-01-05 01:00:00,12,14065.41,14264.373333333331,14364.63,0.0,0.0,68894.0,69699.6475,70364.66,34902.7,35335.58416666667,36385.605833333335,-30.848025,41141.11,40596.134196,,,,,,
2025-01-05 02:00:00,12,14057.39,14262.285833333332,14538.9,0.0,0.0,68703.93,68986.12083333333,69370.22,35033.02,35447.82,35509.29833333333,-27.006666666666664,40291.02,39775.948081,,,,,,
2025-01-05 03:00:00,12,14025.83,14270.81,14517.0,0.0,0.0,67763.58,68077.46916666666,68916.05,34641.29,35075.14083333333,35054.25166666667,-24.640608333333333,39742.19,39154.079682,,,,,,
2025-01-05 04:00:00,12,14005.44,14234.166666666666,14405.77,0.0,0.0,66592.92,67080.48083333333,67725.06,34382.41,34646.83666666666,34370.125,-29.78255833333333,39221.63,38872.517373,,,,,,
2025-01-05 05:00:00,12,13987.44,14129.309166666666,14259.23,0.0,0.0,66485.66,66808.47,67122.8,33503.58,34098.55416666667,34545.291666666664,-30.83725833333333,39458.58,39256.130906,,,,,,
2025-01-05 06:00:00,12,14169.4,14310.811666666666,14466.66,0.0,0.0,66323.28,66691.15833333334,67016.97,32875.64,33154.25083333333,35631.4225,-22.463058333333333,40493.99,40183.544812,,,,,,
2025-01-05 07:00:00,12,14147.67,14258.585,14409.43,0.0,0.0,67178.22,67433.18083333333,67791.0,33000.77,33192.676666666666,36264.316666666666,-21.64475833333333,41401.42,41260.073578,,,,,,
2025-01-05 08:00:00,12,14235.68,14487.979166666666,15071.39,0.0,0.0,67840.32,70090.35833333334,73211.14,33250.92,35102.71083333334,37301.74083333334,-18.891241666666662,43111.55,42847.948369,,,,,,
2025-01-05 09:00:00,12,14796.71,15154.469166666668,15667.4,0.0,0.0,73755.65,78308.485,80528.42,38289.46,41260.47666666666,39194.60083333334,-26.08881666666667,44937.95,44637.424037,,,,,,
2025-01-05 10:00:00,12,14884.3,15056.895833333334,15395.6,0.0,0.0,79930.78,80555.98833333333,81155.41,41045.69,42153.50916666666,40537.85333333333,-24.563783333333333,46145.63,45906.687455,,,,,,
2025-01-05 11:00:00,12,14982.15,15094.349166666669,15160.01,0.0,0.0,79652.57,80102.52500000001,80672.07,40178.58,41004.9075,41134.685,-19.027266666666662,46939.76,46841.699469,,,,,,
2025-01-05 12:00:00,12,14893.9,15061.919166666668,15328.18,0.0,0.0,79378.13,79698.08,80337.48,39110.89,39746.18833333333,42040.70083333333,-9.183625,48011.2,47837.41098,,,,,,
2025-01-05 13:00:00,12,14799.83,15036.086666666668,15362.25,0.0,0.0,78735.48,79443.51916666667,80051.55,38604.88,39302.22916666666,42164.63166666667,-5.7076416666666665,48649.76,48487.685233,,,,,,
2025-01-05 14:00:00,12,14616.76,14892.355833333331,15205.6,0.0,0.0,78694.8,79950.62916666667,81656.18,38798.95,39953.92166666667,41889.1975,-9.118775,49077.38,48680.990587,,,,,,
2025-01-05 15:00:00,12,15093.85,15277.521666666667,15424.22,0.0,0.0,81886.51,82184.345,82657.82,41447.95,41704.23666666666,42365.78083333333,-15.523008333333332,49429.53,49060.164123,,,,,,
2025-01-05 16:00:00,12,14735.86,15038.741666666669,15205.0,0.0,0.0,76418.52,79393.855,81878.03,33727.25,37964.86666666667,43259.17333333333,-6.549341666666667,50121.46,49870.842598,,,,,,
2025-01-05 17:00:00,12,12240.08,13722.508333333331,15026.21,0.0,0.0,67011.27,71689.43000000001,75965.58,23544.79,27850.12583333333,45975.03833333333,13.539608333333334,52402.32,52229.37201,,,,,,
2025-01-05 18:00:00,12,12411.87,12784.401666666668,13071.97,0.0,0.0,68538.05,70181.29083333333,71357.2,22945.69,23975.626666666667,48273.738333333335,20.746675,55304.09,55051.838725,,,,,,
2025-01-05 19:00:00,12,13105.3,13540.7025,13815.57,0.0,0.0,72179.49,73877.7675,75457.96,24670.13,25932.173333333336,50069.5975,21.07113333333333,56554.84,56195.75509,,,,,,
2025-01-05 20:00:00,12,13759.13,14000.764166666668,14458.79,0.0,0.0,75569.8,76413.94583333333,77580.16,26821.44,27547.21833333333,50779.0325,17.801191666666668,57188.13,56919.847422,,,,,,
2025-01-05 21:00:00,12,14260.49,14446.185833333337,14572.96,0.0,0.0,77809.64,78517.105,78845.04,28611.62,29120.8075,51295.205,16.380241666666667,57433.2,57136.669486,,,,,,
2025-01-05 22:00:00,12,14157.81,14293.6,14589.17,0.0,0.0,75992.45,77084.84666666666,78269.54,28302.41,28788.9525,50438.97583333333,18.794116666666667,56646.3,56253.143158,,,,,,
2025-01-05 23:00:00,12,14332.23,14445.724166666669,14695.06,0.0,0.0,74962.2,75444.89666666667,76523.52,28217.84,28717.181666666667,48809.993333333325,18.649716666666663,56017.06,55569.669327,,,,,,
2025-01-06 00:00:00,12,14532.93,14807.9175,15061.41,0.0,0.0,75805.59,78243.78916666667,78959.02,29062.69,30916.164166666666,49375.05583333334,21.713783333333332,55584.66,55181.539446,,,,,,
2025-01-06 01:00:00,12,14145.22,14553.829166666668,15067.61,0.0,0.0,77182.11,78030.42833333333,78709.2,29629.13,30544.1275,49527.55,22.843525,55611.08,55224.219896,,,,,,
2025-01-06 02:00:00,12,13433.47,13927.533333333333,14657.29,0.0,0.0,75145.27,76196.53666666667,77639.1,27702.11,28694.26166666667,49511.6025,25.21399166666667,55833.6,55602.30476,,,,,,
2025-01-06 03:00:00,12,13531.88,13655.094166666668,13745.11,0.0,0.0,75722.77,76464.07083333333,77070.7,27851.78,28054.55416666667,50360.8625,27.613016666666667,56699.29,56527.977195,,,,,,
2025-01-06 04:00:00,12,12634.59,13032.010833333334,13766.38,0.0,0.0,76148.64,76516.75416666667,77240.95,24708.48,25920.379166666666,52677.68083333334,31.57958333333333,58515.51,58281.865842,,,,,,
2025-01-06 05:00:00,13,11190.95,11925.418461538462,12796.82,0.0,0.0,74934.33,75785.83,76504.59,20821.33,22506.296153846157,55259.40384615384,34.05553076923077,61268.14,61122.924468,,,,,,
2025-01-06 06:00:00,12,10477.1,11114.728333333333,11649.26,0.0,0.0,75212.81,76565.19083333334,77256.36,17069.91,19190.43833333333,59241.15083333334,33.41056666666667,65230.62,65137.802094,,,,,,
2025-01-06 07:00:00,12,8763.68,9312.811666666666,10412.67,0.0,0.0,74804.78,75715.005,76361.99,14884.43,15813.589166666668,61605.96583333333,31.470825,67825.4,67859.42682,,,,,,
2025-01-06 08:00:00,14,9682.96,11567.007142857145,14681.47,0.0,0.0,76338.13,79902.68714285715,85942.73,16924.27,20984.335,60508.1,23.911892857142856,68079.88,67824.975283,,,,,,
2025-01-06 09:00:00,12,14992.88,15536.559166666666,15996.11,0.0,0.0,86486.27,88248.205,89221.88,28678.81,30739.096666666665,59599.450833333336,14.996508333333333,67187.82,66318.932835,,,,,,
2025-01-06 10:00:00,12,14580.18,14834.718333333332,15344.89,0.0,0.0,83759.15,85573.39083333334,87310.63,30139.17,30724.161666666667,57482.57333333333,18.181175,65090.84,64285.056203,,,,,,
2025-01-06 11:00:00,12,14583.98,14778.894166666669,15086.0,0.0,0.0,82236.95,82908.45333333334,83545.78,29845.24,30144.60583333333,55490.5575,19.314225,63132.49,62224.908676,,,,,,
2025-01-06 12:00:00,12,15089.85,15283.245,15560.46,0.0,0.0,81793.41,82429.67333333334,82953.95,30718.79,31550.533333333336,53304.78333333333,18.380475,60656.2,60030.333048,,,,,,
2025-01-06 13:00:00,12,14923.83,15190.740833333335,15511.64,0.0,0.0,80219.49,81094.8975,81614.16,30904.91,31837.479166666668,51795.636666666665,19.0747,59086.91,58269.935974,,,,,,
2025-01-06 14:00:00,12,15218.75,15374.490833333335,15550.55,0.0,0.0,79788.34,80527.8525,81414.66,31995.93,32429.83333333333,50528.50416666667,17.086866666666666,57405.6,56653.630818,,,,,,
2025-01-06 15:00:00,12,15330.45,15847.363333333333,16248.22,0.0,0.0,78019.98,79480.84416666666,80307.65,31263.6,32777.215000000004,48719.96,16.201925,56314.9,55993.31355,,,,,,
2025-01-06 16:00:00,12,11467.19,13861.8875,15337.44,0.0,0.0,70126.02,74414.355,77350.5,19688.01,25926.39,50420.05416666667,27.89685,56737.28,56676.29768,,,,,,
2025-01-06 17:00:00,12,9101.72,10243.585,11525.66,0.0,0.0,66275.41,67275.37333333334,69471.39,12922.69,15287.755833333336,53693.115,56.733608333333336,59196.37,59174.540668,,,,,,
2025-01-06 18:00:00,12,9406.15,9598.896666666666,9736.02,0.0,0.0,66137.1,67487.23083333333,68793.55,12605.93,12925.214166666668,56292.43083333334,41.42294166666667,62603.16,62526.908659,,,,,,
2025-01-06 19:00:00,12,9413.67,9612.094166666668,9771.43,0.0,0.0,68900.98,69236.68083333333,69792.44,12691.45,12963.234166666669,57831.94833333333,39.44360833333334,63867.18,63825.407023,,,,,,
2025-01-06 20:00:00,12,9292.42,9414.150833333331,9822.65,0.0,0.0,69754.71,70003.76416666668,70254.75,13064.5,13208.801666666666,58368.51416666667,38.78445833333333,64173.12,64122.372952,,,,,,
2025-01-06 21:00:00,12,9412.46,9625.036666666669,10057.94,0.0,0.0,69518.66,69778.49833333334,70044.97,13026.77,13487.378333333334,57751.915,38.44198333333333,63632.59,63447.642177,,,,,,
2025-01-06 22:00:00,12,10272.69,10406.435,10540.41,0.0,0.0,68312.28,69017.05,70052.96,14665.48,15047.088333333331,56101.59333333333,35.68131666666667,62032.79,61680.651728,,,,,,
2025-01-06 23:00:00,12,10213.26,10363.434166666666,10467.27,0.0,0.0,68256.43,68870.105,69091.68,15193.36,16574.326666666664,55247.59166666667,37.04388333333333,61136.35,59971.956649,,,,,,
2025-01-07 00:00:00,12,9924.54,10143.738333333333,10361.29,0.0,0.0,66987.69,67975.72416666667,68449.33,16240.18,16720.459166666667,53881.86166666666,39.365408333333335,59907.95,59023.55475,,,,,,
2025-01-07 01:00:00,12,9879.83,10047.256666666666,10437.9,0.0,0.0,66259.88,66783.08916666667,67432.46,16050.58,16490.073333333334,53069.2575,43.44113333333333,59333.93,58320.903323,,,,,,
2025-01-07 02:00:00,12,10059.23,10314.444166666666,10617.89,0.0,0.0,67508.41,68105.56999999999,68584.23,16011.47,16766.079999999998,53689.934166666666,40.06295,59148.69,58657.275583,,,,,,
2025-01-07 03:00:00,12,10168.56,10365.07,10567.73,0.0,0.0,67055.61,68339.23,68798.84,16039.59,16480.991666666665,54023.22,40.41515,59619.14,59329.409042,,,,,,
2025-01-07 04:00:00,12,9725.88,9918.403333333334,10475.4,0.0,0.0,68149.47,68895.7675,70429.33,15064.25,15397.904166666667,55658.074166666665,44.30539166666667,61118.97,60920.911584,,,,,,
2025-01-07 05:00:00,12,9668.38,9866.814166666669,10071.66,0.0,0.0,69444.45,70556.41333333333,71635.84,13657.84,14071.350833333332,58520.88916666667,46.986375,63783.53,63747.061675,,,,,,
2025-01-07 06:00:00,13,9084.0,9395.35,9834.07,1.5282,0.4247538461538461,71335.13,72936.27153846154,74033.31,12180.36,12683.713076923075,61999.55923076924,48.34799230769231,67510.46,67531.735358,,,,,,
2025-01-07 07:00:00,12,8257.97,8595.2175,9139.06,3.2873,1.2837916666666669,72581.81,73211.40166666667,74246.77,11285.91,12018.5225,62877.27583333334,40.85669166666667,68941.79,69014.782634,,,,,,
2025-01-07 08:00:00,12,9358.92,10455.995833333332,11738.94,2.6486,1.8460333333333332,74751.56,76194.58,79444.13,13833.36,16584.541666666668,61095.69666666666,30.244191666666666,67982.67,67841.578412,,,,,,
2025-01-07 09:00:00,12,12044.76,13168.743333333332,14366.5,1.9979,0.607175,81055.93,82248.14416666667,82733.36,22465.59,24674.204166666663,59487.2675,24.620508333333333,66341.24,65728.965286,,,,,,
2025-01-07 10:00:00,12,14386.94,14782.3725,15244.83,0.382,0.07115,81276.7,82080.70916666667,83315.63,27342.35,28446.079166666663,55829.32333333333,22.02613333333333,63674.46,63144.014604,,,,,,
2025-01-07 11:00:00,12,14971.61,15170.513333333334,15335.76,0.0,0.0,79729.09,80494.58166666667,81419.71,29161.72,29777.35,52901.121666666666,21.459558333333334,61018.63,60518.235625,,,,,,
2025-01-07 12:00:00,12,15361.48,15611.956666666669,15874.36,0.0,0.0,78934.18,79515.77833333334,80840.97,30391.89,31184.14083333333,50675.03416666667,20.70938333333333,58970.37,58291.797373,,,,,,
2025-01-07 13:00:00,12,15740.63,16010.051666666666,16232.62,0.0,0.0,80869.72,81327.71583333334,81719.29,32647.44,33681.26833333333,50780.76583333333,19.961541666666665,58043.79,56741.662989,,,,,,
2025-01-07 14:00:00,12,16117.64,16324.916666666666,16670.8,0.0,0.0,81444.58,82589.34666666666,83743.98,34586.71,35902.35166666666,50133.98416666667,8.97565,57287.33,55525.52167,,,,,,
2025-01-07 15:00:00,12,16763.81,16923.654166666667,17083.32,0.0,0.0,83599.76,84268.84666666666,84769.99,36273.86,37151.35,49643.13999999999,1.9895166666666668,56113.4,55249.06178,,,,,,
2025-01-07 16:00:00,12,14522.27,15964.080833333332,17043.32,0.0,0.0,75954.44,79988.36333333333,84096.31,26702.17,31478.035,50510.55416666667,21.87525,56495.36,56345.876369,,,,,,
2025-01-07 17:00:00,12,11144.02,12452.510833333334,14525.6,0.0,0.0,73023.35,73847.58750000001,75844.91,19898.77,22334.03,53295.2525,28.814641666666663,59473.2,59612.044284,,,,,,
2025-01-07 18:00:00,12,10360.59,10739.364166666666,11079.05,0.0,0.0,73276.1,74074.59583333334,74888.08,18624.44,19071.7925,56712.41,31.640258333333332,62615.78,62699.29704,,,,,,
2025-01-07 19:00:00,12,10987.15,11095.435833333337,11214.86,0.0,0.0,75117.18,75546.99166666667,76288.47,19260.77,19642.02666666667,57883.269166666665,36.2606,63451.32,63289.208009,,,,,,
2025-01-07 20:00:00,12,11038.62,11295.765833333331,11541.81,0.0,0.0,76225.0,76341.50583333334,76396.86,19881.23,20118.80083333333,58247.2725,35.36409166666667,63474.74,63184.004474,,,,,,
2025-01-07 21:00:00,12,11402.81,11596.744166666664,11912.44,0.0,0.0,75919.57,76211.11666666667,76450.82,19978.7,20990.4325,57405.12583333333,31.396716666666663,62618.99,62130.787801,,,,,,
2025-01-07 22:00:00,12,11899.47,12366.2725,12682.53,0.0,0.0,75283.38,75782.09916666667,76127.02,21648.67,22745.51583333333,55217.73666666666,28.9676,60596.15,60247.731434,,,,,,
2025-01-07 23:00:00,12,12598.98,12770.455833333332,12956.43,0.0,0.0,75255.08,75576.74083333333,75921.06,23488.12,24181.984166666665,53693.73416666667,28.391725,59104.44,58577.330009,,,,,,
2025-01-08 00:00:00,12,12829.0,13023.915833333333,13139.28,0.0,0.0,74904.54,75093.08416666667,75328.32,23921.32,24280.029166666664,53068.4625,27.925283333333336,58113.85,57618.872945,,,,,,
2025-01-08 01:00:00,12,12889.26,13000.613333333336,13233.29,0.0,0.0,74819.25,75119.1875,75332.84,24289.82,24707.831666666665,52863.65083333334,29.125,57938.7,57291.027786,,,,,,
2025-01-08 02:00:00,12,13208.39,13394.01,13546.52,0.0,0.0,75245.04,75454.2375,75652.47,24800.35,25087.111666666668,52426.050833333335,29.20658333333333,57551.88,57313.013686,,,,,,
2025-01-08 03:00:00,12,13417.63,13557.481666666668,13641.36,0.0,0.0,74995.27,75734.07666666668,76255.58,24937.77,25381.49166666667,52515.2725,29.19075833333333,58119.64,57884.611739,,,,,,
2025-01-08 04:00:00,12,12523.55,13403.763333333334,14080.74,0.0,0.0,76247.38,76913.70416666666,77681.84,23185.22,24695.191666666666,54308.6275,29.054916666666667,59244.41,59145.265049,,,,,,
2025-01-08 05:00:00,12,11573.07,11961.531666666668,12494.61,0.0,0.0,76198.38,76750.515,77115.16,20516.25,21691.921666666665,57049.055,32.836441666666666,61869.4,61830.511588,,,,,,
2025-01-08 06:00:00,13,8633.42,10131.464615384615,11446.37,0.0,0.0,74960.44,76060.82692307692,76811.16,14335.06,16880.013846153844,61077.29615384615,37.97627692307693,65766.75,65886.490359,,,,,,
2025-01-08 07:00:00,12,8218.76,8373.2525,8528.12,0.0,0.0,72798.88,73610.83750000001,74303.28,13039.89,13311.5775,62003.0925,41.31725,67539.79,67609.367589,,,,,,
2025-01-08 08:00:00,12,8242.4,9340.744166666664,10358.41,0.0,0.0,73370.48,75062.8475,77607.47,13405.54,15607.156666666668,61303.730833333335,43.17776666666666,67375.62,67273.403914,,,,,,
2025-01-08 09:00:00,12,10515.16,10821.673333333334,11079.18,0.0,0.0,77676.8,78109.10333333333,78385.91,18443.13,18806.830833333333,61239.29416666667,32.38745,66911.99,66504.753665,,,,,,
2025-01-08 10:00:00,12,11094.23,11256.385,11418.54,0.0,0.0,77082.74,77500.365,78059.05,19546.87,19950.75,59641.598333333335,31.682258333333333,65610.73,65322.712839,,,,,,
2025-01-08 11:00:00,12,11167.28,11547.874166666666,11785.86,0.0,0.0,76637.63,77623.7175,78214.96,20362.04,21652.884166666667,58061.6575,29.77595833333333,64013.05,63692.262103,,,,,,
2025-01-08 12:00:00,13,11275.96,12122.042307692309,12459.36,0.0,0.0,76673.8,77346.37538461538,77780.73,21458.15,23013.44307692308,56689.03,29.171415384615383,62555.18,62044.620612,,,,,,
2025-01-08 13:00:00,12,12031.41,12175.584166666667,12367.12,0.0,0.0,75341.67,76151.69166666667,76546.0,23058.64,23497.59,55682.97416666666,28.912691666666664,61810.05,60703.197999,,,,,,
2025-01-08 14:00:00,13,11334.45,11819.734615384614,12180.24,0.0,0.0,73382.1,74344.37153846155,75003.27,22008.36,22844.11923076923,54579.50461538461,30.98453076923077,60802.41,59531.771468,,,,,,
2025-01-08 15:00:00,13,10389.05,11037.349230769232,11833.76,0.0,0.0,71645.93,72537.3776923077,73695.07,19304.57,21164.23384615385,55397.10153846153,35.730007692307694,61263.4,59204.247145,,,,,,
2025-01-08 16:00:00,12,9637.44,10565.6675,11267.49,0.0,0.0,68493.7,70710.6375,72114.43,15048.91,17812.11333333333,55233.22416666666,42.58374166666667,60331.72,59720.69145,,,,,,
2025-01-08 17:00:00,12,8619.71,9181.6625,9720.42,0.0,0.0,67825.43,68130.5775,68721.47,11761.25,12739.309166666666,57162.725,50.261716666666665,62226.36,62265.45279,,,,,,
2025-01-08 18:00:00,12,8654.41,8744.529166666665,8849.9,0.0,0.0,68975.22,69534.18000000001,70127.47,11701.86,11965.835833333333,59349.69583333333,47.03255833333333,64694.56,64656.276384,,,,,,
2025-01-08 19:00:00,12,8250.63,8538.57,8780.8,0.0,0.0,70236.07,70427.53666666667,70561.3,12048.9,12256.5675,59898.56583333333,49.1027,64968.59,64869.642796,,,,,,
2025-01-08 20:00:00,12,8129.94,8471.329166666666,8866.83,0.0,0.0,70288.06,70486.52416666667,70706.05,12361.55,12839.595833333333,59291.34083333333,53.66426666666666,64366.14,64265.616607,,,,,,
2025-01-08 21:00:00,12,8762.9,8998.143333333333,9198.21,0.0,0.0,69553.36,70219.8275,70671.71,13708.26,14064.599166666669,57988.339166666665,44.45827499999999,63290.28,63094.728355,,,,,,
2025-01-08 22:00:00,12,8698.63,9302.980833333331,9881.78,0.0,0.0,69103.54,69352.86666666667,69693.03,14158.4,15572.0125,55833.589166666665,40.41184166666667,61353.16,60939.072243,,,,,,
2025-01-08 23:00:00,12,10004.7,10291.3975,10446.21,0.0,0.0,68780.65,69524.71250000001,70018.42,16947.64,17828.4775,54128.34,38.82824166666666,59499.11,58816.194703,,,,,,
2025-01-09 00:00:00,12,10306.66,10452.404166666667,10559.55,0.0,0.0,68789.51,69099.30916666666,69372.4,18481.66,18889.871666666662,53049.90833333333,35.292775,58396.72,57411.319654,,,,,,
2025-01-09 01:00:00,12,10399.13,10890.075,11257.22,0.0,0.0,68603.63,69144.39916666667,69584.2,19252.66,19893.765,52148.55833333333,35.230691666666665,57335.97,56336.265251,,,,,,
2025-01-09 02:00:00,12,10781.05,10945.64,11096.25,0.0,0.0,67878.0,68474.90000000001,68773.25,19737.98,20260.756666666668,51458.426666666666,36.001533333333334,56866.1,55610.001478,,,,,,
2025-01-09 03:00:00,12,10930.54,11119.670833333332,11360.09,0.0,0.0,67826.09,68406.98083333333,68753.16,19260.89,20100.470833333333,51398.98583333333,36.28019166666667,56693.14,55447.069452,,,,,,
2025-01-09 04:00:00,12,10836.35,10924.288333333332,11017.38,0.0,0.0,68031.15,68454.25666666667,68797.3,18881.89,19306.605,51791.6775,37.057116666666666,57155.49,56344.499406,,,,,,
2025-01-09 05:00:00,12,9961.47,10221.064166666669,10594.76,0.0,0.0,67381.84,67846.0175,68446.28,15471.52,16648.6875,53127.76083333333,42.88350833333333,58381.55,58245.79588,,,,,,
2025-01-09 06:00:00,12,9175.09,9809.144166666669,10480.88,0.0,0.0,67502.21,67840.2675,68330.83,13006.83,14071.148333333333,55607.95249999999,49.0778,61035.52,60994.052045,,,,,,
2025-01-09 07:00:00,12,8991.06,9218.694166666666,9673.3,0.0,0.0,67694.8,68098.87333333334,68680.29,12789.99,13246.068333333336,56776.355,44.9546,62753.89,62718.778592,,,,,,
2025-01-09 08:00:00,12,8780.36,9128.356666666668,9387.57,0.0,0.0,68555.65,68964.46916666666,69804.91,13067.78,13364.9625,57354.2425,44.67765833333333,63355.79,63492.274778,,,,,,
2025-01-09 09:00:00,12,9294.52,9570.401666666668,9975.18,0.0,0.0,69713.78,71030.59583333334,72319.0,13801.4,14652.985,58638.401666666665,40.26363333333333,64802.55,64393.024384,,,,,,
2025-01-09 10:00:00,12,9941.55,10340.586666666666,10704.57,0.0,0.0,71703.62,72698.22416666667,73719.64,14944.69,16029.819166666668,60028.14833333334,37.538716666666666,66260.12,64824.158435,,,,,,
2025-01-09 11:00:00,12,10434.22,10578.83,10690.41,0.0,0.0,73804.15,74016.4525,74277.45,16179.38,16539.356666666667,60533.885,35.486025,66384.22,65125.455682,,,,,,
2025-01-09 12:00:00,12,10109.05,10316.015833333331,10621.08,0.0,0.0,72573.05,73162.85333333333,74002.7,14594.7,15301.879166666666,60366.645,41.12384166666667,65647.98,65196.380198,,,,,,
2025-01-09 13:00:00,12,9968.6,10149.4175,10270.16,0.0,0.0,72403.31,72664.615,73034.21,14302.61,14845.545,60090.06333333333,39.31765,65714.43,65343.0047,,,,,,
2025-01-09 14:00:00,12,9909.52,10117.454166666666,10372.09,0.0,0.0,72318.91,72653.49416666666,73056.29,14393.36,14863.170833333332,59860.31416666667,40.42203333333334,65769.02,65477.969269,,,,,,
2025-01-09 15:00:00,12,9805.57,10175.845,10491.85,0.0,0.0,72606.02,73283.315,74116.3,14118.26,14591.31,60754.65,40.480691666666665,66201.53,65911.028929,,,,,,
2025-01-09 16:00:00,12,9872.62,10305.4625,10867.46,0.0,0.0,73529.25,74009.25166666666,74644.12,13473.22,14209.494166666664,61674.88583333333,45.441875,66808.3,66684.337013,,,,,,
2025-01-09 17:00:00,12,9419.36,9844.155,10503.94,0.0,0.0,74383.88,74652.2275,74972.47,12883.27,13519.300833333333,62855.18333333333,45.58316666666667,67948.55,67945.292007,,,,,,
2025-01-09 18:00:00,12,9231.65,9401.078333333331,9583.13,0.0,0.0,74250.48,74411.66333333333,74795.72,12583.65,12881.269166666669,63099.942500000005,41.437891666666665,68391.07,68396.055732,,,,,,
2025-01-09 19:00:00,12,9380.05,9523.394166666669,9600.41,0.0,0.0,74330.94,74544.4425,74847.05,12997.22,13469.045833333332,62619.3925,36.96246666666666,67956.3,67959.472358,,,,,,
2025-01-09 20:00:00,12,9416.53,9651.979166666666,9784.45,0.0,0.0,73728.61,74388.05666666666,75027.54,13826.83,14176.02,61754.11166666666,37.83743333333333,66935.44,66876.790465,,,,,,
2025-01-09 21:00:00,12,8811.19,9137.42,9590.89,0.0,0.0,71981.23,72450.05833333333,73572.28,13123.03,13715.484166666669,60256.43166666667,39.27860833333333,65452.17,65354.661881,,,,,,
2025-01-09 22:00:00,12,9277.72,10023.829166666666,10643.01,0.0,0.0,71481.73,72014.88583333333,72311.05,14847.67,16091.933333333334,57858.75583333333,35.52053333333333,63350.14,63200.706612,,,,,,
2025-01-09 23:00:00,12,10349.3,10769.939166666669,10988.27,0.0,0.0,71801.32,72289.14916666667,72755.34,17502.44,19035.2775,55338.94833333333,31.194466666666667,61358.63,61144.335554,,,,,,
2025-01-10 00:00:00,12,11091.66,11278.880833333336,11525.11,0.0,0.0,70953.41,72377.925,73203.0,19800.35,20748.681666666667,54393.37666666667,26.767,60117.3,59551.520436,,,,,,
2025-01-10 01:00:00,12,11444.43,12027.414166666667,12320.42,0.0,0.0,73206.2,73929.22916666667,74609.38,21598.31,22543.635,54258.99583333333,24.833091666666665,59475.16,58733.076382,,,,,,
2025-01-10 02:00:00,12,12392.58,12913.541666666666,13491.22,0.0,0.0,74643.81,75515.25749999999,76495.83,23520.05,24618.125,53635.25583333333,24.08889166666667,58920.94,58277.498559,,,,,,
2025-01-10 03:00:00,12,13785.79,14107.1325,14317.24,0.0,0.0,76806.4,77703.8,78752.97,26146.2,26888.173333333336,53322.085,22.79978333333333,58841.58,58524.676288,,,,,,
2025-01-10 04:00:00,12,14372.76,14473.928333333335,14683.52,0.0,0.0,78973.59,79221.3,79599.63,26874.13,27300.647500000003,54181.1775,21.589966666666665,59549.36,59554.723621,,,,,,
2025-01-10 05:00:00,12,14197.87,14459.550833333333,14665.27,0.0,0.0,79852.5,80495.45666666667,81263.77,25944.07,26313.64083333333,56133.91333333333,22.045600000000004,61633.69,61827.107989,,,,,,
2025-01-10 06:00:00,12,13619.47,13844.5075,14193.53,0.0,0.0,81132.73,81596.66666666667,81945.31,23762.83,24735.345,58778.58666666667,22.93594166666667,64617.14,64754.171322,,,,,,
2025-01-10 07:00:00,12,12362.0,12715.931666666664,13489.52,0.0,0.0,81404.89,81681.37416666666,82060.67,22771.4,23177.891666666663,60371.56333333333,22.700641666666662,66383.72,66348.885365,,,,,,
2025-01-10 08:00:00,12,12805.95,13563.491666666669,14273.28,0.0,0.0,82023.6,83462.40666666666,85135.34,23528.13,24963.805000000004,60411.19083333333,22.344725,66675.02,66623.246001,,,,,,
2025-01-10 09:00:00,12,14343.88,15251.78,16416.11,0.0,0.0,85622.31,87974.575,90406.41,26847.99,29325.671666666665,60989.0275,20.111825,67007.18,66675.567983,,,,,,
2025-01-10 10:00:00,12,15154.05,15517.481666666668,16107.71,0.0,0.0,89916.96,90891.41083333331,91620.67,31302.54,32094.545833333334,61430.755000000005,19.76285,67002.88,66461.83511,,,,,,
2025-01-10 11:00:00,12,15072.28,15239.435,15511.06,0.0,0.0,90657.16,91134.06916666668,91544.44,31862.97,32463.16083333333,61492.170000000006,21.6579,67198.55,66161.104157,,,,,,
2025-01-10 12:00:00,12,15391.28,15753.4325,16499.95,0.0,0.0,91074.06,91352.44083333334,91888.4,32403.51,33117.7875,60787.11166666666,17.73026666666667,66402.56,65650.623127,,,,,,
2025-01-10 13:00:00,12,15409.55,15799.845833333333,16903.56,0.0,0.0,90463.39,91013.72583333332,91818.38,32706.12,33214.91166666667,60347.215,17.68061666666667,65880.63,65123.511669,,,,,,
2025-01-10 14:00:00,12,15351.57,15507.729166666666,15693.65,0.0,0.0,88902.01,90026.62,91072.03,32629.29,33165.535,59482.705,17.321908333333333,65246.63,64158.815546,,,,,,
2025-01-10 15:00:00,12,15118.32,15391.6025,15640.49,0.0,0.0,84682.04,86699.25416666667,88687.32,28677.68,30565.89333333333,58689.16166666666,17.310175,64284.91,63292.842119,,,,,,
2025-01-10 16:00:00,12,12314.65,14246.82,15276.35,0.0,0.0,77667.93,81985.9375,84705.3,20571.17,25481.3475,58402.74166666667,22.008825,63147.59,62807.759585,,,,,,
2025-01-10 17:00:00,12,8132.5,9636.019166666669,12098.42,0.0,0.0,69678.82,71962.3,76326.74,11012.93,14188.249166666666,59666.7075,44.822833333333335,64240.53,64136.880894,,,,,,
2025-01-10 18:00:00,12,7602.19,7935.2,8348.85,0.0,0.0,69950.7,70227.89166666666,70370.32,10793.3,11192.015,60691.31583333333,45.398075,65846.84,65634.518347,,,,,,
2025-01-10 19:00:00,12,8196.14,8500.47,8868.76,0.0,0.0,70450.6,70700.29166666667,71116.37,11892.11,12326.789166666667,60017.3625,39.78740833333333,65318.48,65278.417924,,,,,,
2025-01-10 20:00:00,12,8328.77,8547.704166666666,8863.55,0.0,0.0,69776.4,70382.19583333333,70829.08,11987.7,12422.428333333335,59584.96166666667,41.39693333333333,65067.14,65049.629114,,,,,,
2025-01-10 21:00:00,12,7860.2,8252.269166666667,8541.5,0.0,0.0,69742.93,70296.81916666667,70763.91,11801.78,12362.143333333332,59543.03333333333,40.84025833333333,64503.88,64455.527136,,,,,,
2025-01-10 22:00:00,12,8160.01,8267.855,8506.72,0.0,0.0,68452.3,68675.3175,69350.63,12723.82,13039.081666666669,57396.24416666666,44.679991666666666,63187.3,63108.640168,,,,,,
2025-01-10 23:00:00,12,8035.79,9054.1375,9626.75,0.0,0.0,68434.05,69985.245,71119.26,13234.11,15146.731666666668,56703.56333333333,39.57043333333333,61891.75,61700.028104,,,,,,
2025-01-11 00:00:00,12,8525.56,8798.868333333334,9547.55,0.0,0.0,66231.91,67087.14666666667,68687.37,14570.64,15092.0325,54222.60833333334,38.14715833333333,61381.26,61003.635069,,,,,,
2025-01-11 01:00:00,12,8885.58,9101.263333333334,9332.37,0.0,0.0,68113.63,69407.06583333334,70522.93,15636.61,16470.123333333333,55304.19,33.817075,61265.71,60754.739779,,,,,,
2025-01-11 02:00:00,12,9214.96,9516.791666666666,9767.33,0.0,0.0,70436.91,71023.98083333333,71387.04,17038.15,17473.115,56356.03333333333,33.67539166666666,61812.24,60780.766816,,,,,,
2025-01-11 03:00:00,12,9835.0,9949.833333333334,10086.82,0.0,0.0,71456.65,71909.20416666666,72247.54,17408.25,17653.161666666667,56646.3225,33.243775,61803.75,61174.397839,,,,,,
2025-01-11 04:00:00,12,9673.5,9954.433333333332,10202.47,0.0,0.0,72349.62,72698.28166666666,73126.11,16997.89,17239.551666666666,57601.2575,30.758175,62626.18,62257.099789,,,,,,
2025-01-11 05:00:00,12,9650.63,9922.233333333334,10203.42,0.0,0.0,73343.9,73540.34916666667,73756.52,16311.67,16763.648333333334,58590.075833333336,30.027891666666665,63749.97,63734.123853,,,,,,
2025-01-11 06:00:00,12,8670.19,9151.895833333334,9779.59,0.0,0.0,73470.13,73924.69083333334,74209.75,14260.83,15328.188333333334,60557.76583333334,42.76999166666667,65562.79,65580.772622,,,,,,
2025-01-11 07:00:00,12,7594.46,8134.610000000001,8667.52,0.0,0.0,73013.16,73687.845,74827.28,13042.02,13956.859166666669,61827.03333333333,50.39395,67224.92,67117.888251,,,,,,
2025-01-11 08:00:00,12,8828.79,10675.570833333331,12064.24,0.0,0.0,73655.26,76543.7275,79825.21,16070.9,19950.46,59040.31333333333,24.379675,66690.58,66245.793986,,,,,,
2025-01-11 09:00:00,12,11439.22,11650.7675,12006.07,0.0,0.0,76461.62,77020.50916666667,77801.56,22076.37,22547.8475,57089.64166666666,19.25555,64281.68,63569.614903,,,,,,
2025-01-11 10:00:00,12,11135.61,11618.794166666668,12309.7,0.0,0.0,74248.13,75137.70166666666,76009.18,22275.41,23628.495,53972.99083333334,17.1109,61015.39,60231.900227,,,,,,
2025-01-11 11:00:00,12,11791.56,12156.271666666667,12427.76,0.0,0.0,74295.27,74852.57333333333,75238.29,24837.14,26134.87833333333,51105.105833333335,12.960291666666668,57897.79,57168.097702,,,,,,
2025-01-11 12:00:00,12,12238.01,12690.633333333331,13054.91,0.0,0.0,73711.06,74467.19583333333,75299.3,27077.39,28663.59,48713.458333333336,4.566508333333333,55407.28,54289.790134,,,,,,
2025-01-11 13:00:00,12,13060.98,13385.889166666668,14004.57,0.0,0.0,75625.4,76227.32666666668,76996.36,31230.1,32782.59416666667,47535.93333333333,0.0351583333333333,54212.01,51989.118033,,,,,,
2025-01-11 14:00:00,12,13553.67,13789.168333333331,14035.94,0.0,0.0,76640.84,77194.08416666667,77678.02,34253.49,35351.28833333334,46157.48,-1.021275,52955.36,50336.772944,,,,,,
2025-01-11 15:00:00,12,13801.18,14046.758333333331,14252.99,0.0,0.0,77266.26,77482.68333333333,77750.58,35649.35,36140.95416666667,44509.0825,-2.3381916666666664,50952.26,49379.386842,,,,,,
2025-01-11 16:00:00,12,12736.05,13589.160000000002,14139.24,0.0,0.0,68854.1,73632.07583333334,77331.11,25376.75,31331.87833333333,44393.79166666666,1.8628416666666665,49881.34,49469.717178,,,,,,
2025-01-11 17:00:00,14,9700.89,11119.235714285713,13133.59,0.0,0.0,59434.76,63045.27142857143,68492.68,14276.01,18625.022142857146,46355.84071428572,26.550207142857143,51502.37,51579.774645,,,,,,
2025-01-11 18:00:00,12,9419.53,9610.695,9843.2,0.0,0.0,60268.73,61344.99833333333,61967.28,14057.81,14338.54,48846.1,30.70638333333333,54279.93,54314.334479,,,,,,
2025-01-11 19:00:00,12,9393.35,9568.5325,9708.15,0.0,0.0,62060.92,62883.47,63244.45,14458.24,14944.255,49839.49833333333,29.095333333333333,55295.39,55267.085915,,,,,,
2025-01-11 20:00:00,12,9107.78,9229.644166666669,9501.71,0.0,0.0,62933.97,63237.66166666666,63456.27,14425.1,14735.02,50292.91666666666,30.656841666666665,55734.99,55668.947097,,,,,,
2025-01-11 21:00:00,12,9095.29,9291.103333333334,9411.84,0.0,0.0,62804.32,63241.2125,63517.78,14575.15,14785.94,50135.27916666667,31.44010833333333,55615.49,55591.146378,,,,,,
2025-01-11 22:00:00,12,9101.05,9252.1025,9421.02,0.0,0.0,61478.89,61870.07083333333,62415.89,14591.1,14865.833333333334,48812.87083333333,32.75853333333333,54758.19,54663.756671,,,,,,
2025-01-11 23:00:00,12,8888.63,9171.890833333331,9389.67,0.0,0.0,59825.28,60345.61666666667,61492.93,14529.57,14821.513333333334,47534.695,33.948225,53849.16,53637.302653,,,,,,
2025-01-12 00:00:00,12,8401.76,8717.428333333333,8962.86,0.0,0.0,57456.46,58559.15,59528.34,13496.36,14028.973333333332,46473.301666666666,39.10434166666667,52747.47,52665.476833,,,,,,
2025-01-12 01:00:00,12,8294.44,8576.33,9175.11,0.0,0.0,57551.96,57886.1975,58491.65,13685.37,14238.152499999998,45960.54916666666,38.571625,52396.33,52067.233633,,,,,,
2025-01-12 02:00:00,12,8747.82,9077.175,9316.34,0.0,0.0,57951.13,58830.99916666667,59369.4,14353.66,15338.613333333333,46231.62333333333,35.814875,52903.72,52083.271068,,,,,,
2025-01-12 03:00:00,12,7965.05,8271.102499999999,8669.78,0.0,0.0,56394.13,56807.44333333333,57395.01,12557.95,13293.405,46245.357500000006,45.098033333333326,52746.04,51989.570349,,,,,,
2025-01-12 04:00:00,12,8124.06,8697.293333333333,8889.24,0.0,0.0,56573.88,58123.9175,58402.39,12924.32,13341.505833333336,47276.918333333335,45.24349166666667,53031.0,52421.117049,,,,,,
2025-01-12 05:00:00,12,8362.4,8474.699999999999,8602.8,0.0,0.0,58253.36,58427.89000000001,58593.51,11957.56,12187.231666666668,48184.24833333333,45.173325,53718.92,53578.330368,,,,,,
2025-01-12 06:00:00,12,7902.92,8132.575833333333,8664.63,0.052,0.0045083333333333,58634.1,58843.520833333336,58971.75,10791.51,11279.534166666666,49514.58833333334,48.40944166666667,55066.26,55049.18065,,,,,,
2025-01-12 07:00:00,12,6897.71,7204.5825,7864.91,1.6954,0.7138249999999999,59038.57,59554.65833333333,60985.19,10049.13,10578.725,51032.53666666666,51.25338333333334,56664.11,56591.609902,,,,,,
2025-01-12 08:00:00,12,8013.29,8939.149166666666,10252.35,7.5511,3.507433333333333,60595.0,63160.567500000005,65340.99,12071.6,14884.275833333331,50836.880000000005,28.985141666666667,57172.48,56690.895451,,,,,,
2025-01-12 09:00:00,12,10036.13,10670.704166666666,11508.51,1.7575,0.7729833333333334,65264.08,66012.71833333334,67009.42,17157.74,18624.14083333333,49638.7875,23.149316666666667,55858.01,55373.820004,,,,,,
2025-01-12 10:00:00,12,11446.09,12189.511666666667,12812.44,0.0,0.0,67417.99,68611.135,69655.71,21317.68,23182.670833333334,48700.71166666667,15.640383333333332,54956.86,53454.241874,,,,,,
2025-01-12 11:00:00,12,12250.46,12387.856666666668,12598.48,0.0,0.0,67894.44,68671.6925,69455.23,24556.07,24875.50083333333,48242.32166666666,15.8956,54241.67,51629.055161,,,,,,
2025-01-12 12:00:00,12,12409.9,12568.345833333333,12735.4,0.0,0.0,66817.16,67370.55166666667,67978.41,24585.81,24820.024166666662,46180.48583333333,14.019725,52170.8,50280.46528,,,,,,
2025-01-12 13:00:00,12,12572.22,12729.049166666666,12918.01,0.0,0.0,64949.64,65863.455,66591.76,24333.14,24663.05583333333,44494.208333333336,15.662258333333334,50518.04,49038.361128,,,,,,
2025-01-12 14:00:00,12,12698.99,12836.008333333331,12964.06,0.0,0.0,64804.14,65403.87666666667,65691.37,24865.19,25332.94583333333,42932.74916666667,9.561158333333331,49368.33,48198.358973,,,,,,
2025-01-12 15:00:00,12,12990.92,13260.791666666666,13627.1,0.0,0.0,63937.18,64501.87833333333,65232.03,25270.08,26004.796666666665,40710.755,3.881683333333333,48330.72,47853.316065,,,,,,
2025-01-12 16:00:00,12,11609.43,12772.633333333331,13418.68,0.0,0.0,58902.98,62732.02166666667,64653.38,18467.26,22643.0125,42007.29,20.574358333333333,48412.82,48384.881637,,,,,,
2025-01-12 17:00:00,12,7914.99,9458.334166666666,11942.81,0.0,0.0,55925.14,57261.62,59918.2,11479.15,14299.979166666666,44854.464166666665,38.71821666666667,50270.67,50329.698825,,,,,,
2025-01-12 18:00:00,12,8004.5,8269.314166666667,8618.45,0.0,0.0,56735.75,57623.1225,58794.09,11510.9,12036.618333333334,47374.8,40.69515,52579.16,52583.254723,,,,,,
2025-01-12 19:00:00,12,8909.56,9158.538333333332,9380.37,0.0,0.0,59113.04,59960.035,60968.85,13320.77,13978.791666666666,47733.7875,37.20516666666666,53109.7,53064.379278,,,,,,
2025-01-12 20:00:00,12,9354.45,9744.7875,10239.63,0.0,0.0,61147.48,62173.68333333333,63219.51,15071.38,16064.600833333332,47974.607500000006,32.054966666666665,53336.47,53157.53668,,,,,,
2025-01-12 21:00:00,12,10086.96,10445.026666666668,10628.52,0.0,0.0,62348.73,62564.435,62747.54,16868.19,17214.774999999998,47186.66166666666,31.719866666666665,52623.63,52464.85208,,,,,,
2025-01-12 22:00:00,12,10600.42,11347.060833333337,11824.22,0.0,0.0,62229.82,62534.770833333336,62894.9,17881.43,18853.0525,45725.54833333333,28.5996,51473.53,51198.593987,,,,,,
2025-01-12 23:00:00,12,11955.4,12196.076666666668,12391.79,0.0,0.0,62327.94,62523.59166666667,62839.64,19862.08,20513.569166666668,44123.81666666667,25.832841666666667,50031.71,49726.693474,,,,,,
2025-01-13 00:00:00,12,12209.16,12318.506666666668,12425.37,0.0,0.0,62901.7,63429.405,63859.32,21520.95,22145.715,44395.95166666667,27.430216666666663,50169.55,48992.933884,,,,,,
2025-01-13 01:00:00,12,12201.4,12407.4225,12575.95,0.0,0.0,63257.14,63698.05,64050.46,22356.92,22653.970833333336,44352.58666666667,28.033666666666665,50388.1,48900.149433,,,,,,
2025-01-13 02:00:00,12,12509.89,12607.021666666667,12672.29,0.0,0.0,63507.98,63706.09166666667,63985.86,21617.46,22122.926666666663,43873.70416666666,28.965666666666664,49910.11,49464.422205,,,,,,
2025-01-13 03:00:00,12,11488.54,11991.03,12469.3,0.0,0.0,63361.8,63723.3325,64203.29,19996.64,20714.966666666667,44921.13166666666,30.830541666666665,50577.35,50494.595446,,,,,,
2025-01-13 04:00:00,12,10032.78,10712.150833333331,11215.32,0.0,0.0,62895.08,63378.68166666666,64022.11,16742.51,18434.21833333333,46932.07333333333,35.21984166666667,52323.48,52179.836301,,,,,,
2025-01-13 05:00:00,13,9209.09,9598.92923076923,9973.26,12.8288,3.5876692307692304,61274.0,61605.47384615385,62130.53,11428.04,13160.589999999998,50263.46615384616,49.94223076923077,55331.34,55398.785422,,,,,,
2025-01-13 06:00:00,12,8168.05,8578.869166666665,9427.31,57.3419,35.920925000000004,60722.24,61478.8675,61841.94,8058.31,9006.92,54333.263333333336,61.28245,59838.02,59785.971884,,,,,,
2025-01-13 07:00:00,12,7556.6,8005.2375,8536.54,122.3583,93.440675,61045.45,61291.2225,61839.76,6908.86,7554.696666666667,55384.78166666667,56.54289166666666,61046.1,61133.938832,,,,,,
2025-01-13 08:00:00,12,8637.47,10412.428333333331,12025.96,83.1539,24.551975,62295.13,65435.00166666667,68182.91,9252.73,13132.590833333334,54288.90416666667,31.525891666666663,60902.34,60521.709351,,,,,,
2025-01-13 09:00:00,12,11943.26,12809.527500000002,13452.42,2.8614,2.212075,67713.93,69140.3375,70365.09,17934.29,19299.01583333333,52100.511666666665,23.24976666666667,59534.83,58881.916545,,,,,,
2025-01-13 10:00:00,12,12226.33,12489.511666666664,12934.74,2.2774,1.8035,66683.76,67188.11750000001,68144.96,18077.99,18929.914166666666,50348.32333333333,24.37695833333333,56930.13,56507.082519,,,,,,
2025-01-13 11:00:00,12,12091.25,12469.689166666663,12756.72,1.9767,0.7693416666666666,66639.38,67154.28833333333,67905.18,19796.4,21024.92583333333,48329.64083333333,22.637875,54877.18,54258.435512,,,,,,
2025-01-13 12:00:00,12,12575.11,12685.376666666663,12832.62,0.9307,0.5516166666666666,66280.57,66880.43416666666,67424.64,22335.72,22702.028333333332,46381.19,21.764975000000003,52959.78,52388.345252,,,,,,
2025-01-13 13:00:00,12,12792.05,12898.485833333332,12979.81,0.8648,0.4892916666666667,65199.69,65882.17083333334,66409.73,23584.99,23879.01583333333,44632.2,20.904991666666668,51681.69,50754.241997,,,,,,
2025-01-13 14:00:00,12,12827.79,12953.063333333334,13062.3,0.0,0.0,66174.58,66734.7375,67222.78,24854.52,25790.6575,44392.09083333333,19.95480833333333,51244.69,49561.355565,,,,,,
2025-01-13 15:00:00,13,12686.58,12920.954615384617,13083.89,0.0,0.0,65565.64,66365.97076923077,67300.98,25516.11,26105.50076923077,44433.5723076923,19.88229230769231,51340.24,48813.907672,,,,,,
2025-01-13 16:00:00,13,11240.95,12514.321538461538,13187.63,0.0,0.0,60263.66,63307.483846153846,66150.45,17916.01,21862.05461538461,44063.01230769231,24.05144615384616,50245.88,49319.623189,,,,,,
2025-01-13 17:00:00,12,7185.58,8929.600833333332,11316.25,0.0,0.0,56507.22,58152.96083333334,60556.82,10178.64,13102.623333333337,46735.35,51.01935833333334,51535.29,51631.43637,,,,,,
2025-01-13 18:00:00,12,6385.5,6565.561666666667,6861.66,0.0,0.0,56596.91,57228.863333333335,57983.99,9382.65,9656.859166666669,49222.92166666667,66.1476,54294.99,54344.555174,,,,,,
2025-01-13 19:00:00,12,6611.89,6823.5825,7019.0,0.0,0.0,57919.23,58546.68583333333,59034.29,9732.82,10445.290833333334,49824.37083333333,83.86899166666667,55172.87,55136.275771,,,,,,
2025-01-13 20:00:00,12,6831.38,7344.922500000001,7651.2,0.0,0.0,59200.69,60467.01083333333,61573.36,11143.41,11948.858333333332,50416.00416666667,60.97152500000001,55835.0,55649.965669,,,,,,
2025-01-13 21:00:00,12,7473.87,7775.208333333333,8044.47,0.0,0.0,61122.09,61676.84083333333,62013.18,12608.56,13350.1975,50231.9475,43.76979166666666,55785.82,55514.878357,,,,,,
2025-01-13 22:00:00,12,8046.75,8934.578333333333,9711.02,0.0,0.0,60978.82,62346.94083333333,63958.88,13988.48,15940.480833333331,48448.263333333336,33.657325,54410.65,53935.437354,,,,,,
2025-01-13 23:00:00,12,9736.99,10396.5375,10806.89,0.0,0.0,64042.58,64573.732500000006,64745.39,18106.49,18893.8875,48418.8625,29.413866666666667,53815.32,52838.252507,,,,,,
2025-01-14 00:00:00,12,10697.28,10849.338333333331,11000.46,0.0,0.0,64599.88,64708.93916666667,64904.2,19290.38,19673.373333333333,47681.91583333333,31.120016666666668,53058.2,52157.707761,,,,,,
2025-01-14 01:00:00,12,10936.16,11212.52,11474.89,0.0,0.0,64707.75,65156.670000000006,65616.22,19784.13,20363.18416666667,48150.815,31.60190833333333,53668.62,52040.846104,,,,,,
2025-01-14 02:00:00,12,11307.03,11432.873333333337,11610.1,0.0,0.0,64917.8,65450.706666666665,65960.16,19951.42,20379.553333333333,48515.28166666667,33.377808333333334,53961.27,52143.901146,,,,,,
2025-01-14 03:00:00,12,11027.44,11170.152500000002,11335.72,0.0,0.0,64768.71,64965.78583333333,65294.89,18310.39,18942.349166666667,48801.04083333333,31.192225,54116.44,53126.058136,,,,,,
2025-01-14 04:00:00,12,10637.56,11044.130833333336,11240.7,0.0,0.0,65167.22,65713.29916666666,65827.94,16953.25,17929.085,49824.85916666667,32.914300000000004,55078.2,54817.820644,,,,,,
2025-01-14 05:00:00,12,8942.46,9781.128333333332,10576.63,0.0,0.0,65744.45,66035.40000000001,66235.35,13542.62,15050.560833333337,52782.50916666666,38.08711666666667,57792.29,57790.371285,,,,,,
2025-01-14 06:00:00,12,7516.65,8287.15,9181.0,0.0,0.0,66311.64,66743.45916666667,67078.22,10450.9,11900.9375,56644.7,44.64931666666666,61767.49,61907.786124,,,,,,
2025-01-14 07:00:00,12,6051.16,6619.884999999999,7451.54,0.0,0.0,65188.64,65818.52833333334,66319.88,8946.45,9780.76,58013.25833333333,49.478341666666665,63285.86,63318.565616,,,,,,
2025-01-14 08:00:00,12,6747.93,7836.62,8946.92,0.0,0.0,64936.5,66234.82166666667,67765.13,10647.61,13025.7075,55066.60083333333,42.42755,62119.61,61961.257353,,,,,,
2025-01-14 09:00:00,12,8012.43,8326.195833333333,8695.35,0.0,0.0,63140.47,63696.075833333336,64624.11,12923.33,13579.085833333333,52244.62083333333,36.58095,60139.46,59832.058702,,,,,,
2025-01-14 10:00:00,12,8074.81,8425.299166666666,8936.0,0.0,0.0,61543.46,62218.28666666666,63936.77,13486.7,13905.139166666668,50553.355833333335,34.901625,57767.42,57377.036942,,,,,,
2025-01-14 11:00:00,12,8755.0,8994.8075,9270.86,0.0,0.0,61286.89,61719.38333333333,62468.06,15095.0,15434.829166666668,48341.52416666667,29.581766666666667,55736.34,55283.163659,,,,,,
2025-01-14 12:00:00,12,8923.69,9147.6875,9345.43,0.0,0.0,59937.06,60403.363333333335,60973.33,15396.23,15804.596666666666,47163.15416666667,31.10063333333333,54387.7,53605.122864,,,,,,
2025-01-14 13:00:00,12,8825.74,8988.549166666666,9340.39,0.0,0.0,57661.47,58745.73,60623.24,15172.1,15653.918333333331,46362.53333333333,34.018883333333335,53686.68,52325.879288,,,,,,
2025-01-14 14:00:00,12,8920.66,9047.609166666669,9165.05,0.0,0.0,59906.48,60320.365,60796.73,16252.55,16775.3475,47549.63083333333,36.44205833333333,53637.55,51376.846083,,,,,,
2025-01-14 15:00:00,12,8920.54,9284.625,9754.09,0.0,0.0,57999.65,59031.56583333333,59939.86,15882.52,16313.540833333333,46471.10916666667,35.340975,53296.16,51195.99835,,,,,,
2025-01-14 16:00:00,12,8639.23,9443.1,10037.02,0.0,0.0,58319.56,59322.71333333334,60203.9,12821.63,14724.589999999998,47081.15916666667,41.18864166666666,52838.66,51927.401759,,,,,,
2025-01-14 17:00:00,12,6213.85,7449.864166666666,8932.99,0.0,0.0,54329.05,55879.4325,58823.21,8815.41,10313.694166666666,47509.607500000006,68.39418333333333,53607.7,53367.177807,,,,,,
2025-01-14 18:00:00,12,6143.66,6533.769166666666,7126.28,0.0,0.0,54442.27,55340.21916666667,56541.49,8501.32,8924.311666666666,48155.93083333334,78.24585,55167.81,55098.572076,,,,,,
2025-01-14 19:00:00,13,7042.35,7221.8969230769235,7357.71,0.0,0.0,56727.11,57254.600000000006,57737.31,9852.17,10323.139230769231,48708.89230769231,75.64914615384615,55643.68,55512.742945,,,,,,
2025-01-14 20:00:00,12,7220.68,7682.250833333333,8218.8,7.4323,3.994616666666667,57311.05,57818.13583333333,58299.61,10578.84,11132.896666666667,48420.7875,65.0228,55290.62,55150.54702,,,,,,
2025-01-14 21:00:00,12,7885.26,8168.289166666666,8474.57,8.3749,5.532191666666667,57256.65,57444.70583333333,58169.71,11581.16,12215.304166666669,47026.48166666667,50.303425,54626.46,54404.786645,,,,,,
2025-01-14 22:00:00,12,8265.28,8692.101666666667,9023.8,10.177,6.190591666666666,56982.11,57380.73499999999,58482.5,12718.13,13519.790833333333,45863.29416666667,42.80950833333333,52850.58,52473.09882,,,,,,
2025-01-14 23:00:00,12,8685.6,8824.158333333333,9042.95,7.1233,5.024633333333333,56874.81,57638.67916666667,58464.67,14119.07,14357.649166666668,45702.335,46.52518333333333,51454.73,50566.732517,,,,,,
2025-01-15 00:00:00,12,7990.57,8189.545000000001,8360.28,0.0,0.0,54108.98,55305.16583333333,56322.18,13337.76,13877.258333333331,43765.638333333336,57.97016666666667,49676.71,48967.755391,8786.0,6300.0,5288.0,15086.0,20374.0,2025-01-15 00:01:09
2025-01-15 01:00:00,12,7825.75,8049.02,8183.33,0.0,0.0,54182.43,54569.84666666667,54857.59,13424.86,13624.9575,43327.49583333333,66.36100833333333,48980.87,48311.862391,8856.0,6300.0,5288.0,15156.0,20444.0,2025-01-15 01:01:08
2025-01-15 02:00:00,12,8111.65,8283.7475,8491.83,0.0,0.0,54134.53,54361.62333333333,54565.19,13615.73,13807.1725,42845.49166666667,74.40429999999999,48876.23,48320.542407,8778.0,6304.0,5288.0,15082.0,20370.0,2025-01-15 02:01:08
2025-01-15 03:00:00,12,8157.7,8361.6225,8557.86,0.0,0.0,54255.75,54494.05666666666,55034.18,13811.33,14011.8175,42926.92916666667,86.19733333333333,49500.71,48789.436087,8778.0,6304.0,5288.0,15082.0,20370.0,2025-01-15 03:01:29
2025-01-15 04:00:00,12,8158.55,8363.969166666668,8509.53,6.0841,0.5774750000000001,54264.9,55295.21,55995.31,12559.16,13059.461666666668,44582.73583333333,89.68505,50568.4,49967.083974,8828.0,6000.0,5288.0,14828.0,20116.0,2025-01-15 04:01:08
2025-01-15 05:00:00,12,8096.04,8315.98,8497.03,11.9844,2.7099833333333336,55809.35,56448.51833333333,57011.31,11123.76,11997.904166666667,46656.92083333334,128.14936666666668,52997.4,52609.287088,8944.0,6000.0,5288.0,14944.0,20232.0,2025-01-15 05:01:07
2025-01-15 06:00:00,12,7103.52,7727.285,8346.03,3.0934,0.4241083333333333,57678.25,58974.83083333333,59689.54,10420.5,11255.876666666663,49792.83833333334,314.3270166666667,56409.06,56122.914346,8928.0,5308.0,5288.0,14236.0,19524.0,2025-01-15 06:01:10
2025-01-15 07:00:00,14,6954.31,7360.720714285714,8099.28,165.3834,54.14245,59061.04,59606.938571428575,60944.27,10099.57,10974.567142857142,50540.10857142857,1126.4887428571428,57131.07,56982.958827,9292.0,5575.0,5288.0,14867.0,20155.0,2025-01-15 07:01:07
2025-01-15 08:00:00,13,8025.93,8846.57923076923,9468.64,37.7816,7.804638461538461,60867.66,61839.910769230766,64384.79,13311.93,14777.446153846153,49516.73846153846,52.99843076923077,57479.5,57016.317767,9457.0,5623.0,5288.0,15080.0,20368.0,2025-01-15 08:01:11
2025-01-15 09:00:00,12,9186.39,9635.5,10227.94,1.6192,0.6556,62197.95,63208.82333333333,64223.87,16532.79,17593.166666666668,48512.095,27.763166666666667,57316.46,56450.80176,9396.0,5853.0,5288.0,15249.0,20537.0,2025-01-15 09:01:08
2025-01-15 10:00:00,12,9540.18,9639.034166666666,10038.64,0.3782,0.148975,61551.5,62265.75083333333,63534.55,16945.79,17356.364166666666,47897.96583333333,28.85810833333333,55967.49,55022.06597,10206.0,5866.0,5288.0,16072.0,21360.0,2025-01-15 10:01:08
2025-01-15 11:00:00,12,9631.98,10002.408333333333,10292.92,0.4955,0.22975,61916.88,62138.74416666666,62288.52,17697.09,18263.625,46972.6,26.438558333333333,54575.92,53296.330504,10214.0,5687.0,5288.0,15901.0,21189.0,2025-01-15 11:01:07
2025-01-15 12:00:00,12,10090.13,10552.2675,11088.77,0.2698,0.1434583333333333,61110.06,61397.76499999999,61683.46,18409.85,19160.4775,45159.45916666667,24.332741666666667,52917.94,51760.430106,10299.0,5735.0,5288.0,16034.0,21322.0,2025-01-15 12:01:09
2025-01-15 13:00:00,12,10588.59,10938.615,11470.5,0.0,0.0,61090.45,61548.51083333333,62192.17,19878.97,20419.325,44838.62583333333,24.05925,52320.38,50536.938433,10604.0,5648.0,5288.0,16252.0,21540.0,2025-01-15 13:01:08
2025-01-15 14:00:00,12,11314.66,11639.025,11885.04,0.0,0.0,61508.79,62106.511666666665,62575.37,20941.75,21560.806666666667,43490.47583333334,21.948283333333336,50774.51,49674.504702,10564.0,5587.0,5143.0,16151.0,21294.0,2025-01-15 14:01:08
2025-01-15 15:00:00,12,11295.33,11805.347499999998,12079.96,0.0,0.0,59583.84,61119.206666666665,62055.79,19396.27,20962.885,42664.98666666667,22.728825,49959.31,49369.058526,10571.0,5577.0,5288.0,16148.0,21436.0,2025-01-15 15:01:08
2025-01-15 16:00:00,12,8817.13,10226.209166666666,11393.47,0.0,0.0,55535.54,58209.10833333334,60009.88,13850.69,16647.4875,43475.75833333333,32.501025,50111.89,50064.943252,10240.0,5577.0,5438.0,15817.0,21255.0,2025-01-15 16:01:08
2025-01-15 17:00:00,12,7948.11,8465.840833333334,9600.28,0.0,0.0,53416.27,54428.675,57547.8,11516.77,12354.603333333333,43848.02416666667,72.59769166666666,51084.51,51070.41986,9926.0,5516.0,5438.0,15442.0,20880.0,2025-01-15 17:01:07
2025-01-15 18:00:00,12,7972.78,8196.300833333333,8317.67,2.8371,0.7427333333333334,54635.07,56001.52416666667,56724.13,11117.31,11486.8925,46129.644166666665,58.691183333333335,52689.28,52726.896671,9766.0,5762.0,5438.0,15528.0,20966.0,2025-01-15 18:01:09
2025-01-15 19:00:00,12,8226.79,8363.095,8484.16,5.0498,2.9802416666666667,56288.13,56845.50666666666,57702.6,11694.83,11881.283333333333,46717.75666666666,63.13905833333333,53107.42,53092.244374,9530.0,6569.0,5438.0,16099.0,21537.0,2025-01-15 19:01:10
2025-01-15 20:00:00,12,7717.95,7888.770833333333,8051.06,7.0909,3.252275,55682.55,56669.82916666666,57902.28,11245.07,11451.109166666669,46967.7275,80.00043333333333,53225.55,53134.663785,9502.0,6494.0,5438.0,15996.0,21434.0,2025-01-15 20:01:07
2025-01-15 21:00:00,12,7973.41,8105.546666666666,8259.34,8.385,3.7858583333333335,55896.16,56643.911666666674,57246.48,11586.28,11942.4775,46366.15916666667,79.303625,52408.54,52340.440378,8608.0,6471.0,5438.0,15079.0,20517.0,2025-01-15 21:01:08
2025-01-15 22:00:00,12,7695.48,7915.287499999999,8241.36,13.477,5.103941666666667,54972.36,55617.39833333334,56544.77,11637.18,11980.597499999998,45643.3975,82.14494166666667,51166.77,50817.734926,8594.0,6027.0,5438.0,14621.0,20059.0,2025-01-15 22:01:15
2025-01-15 23:00:00,12,8093.33,8646.213333333333,8921.23,11.2556,6.565141666666666,55120.84,55537.37333333333,55904.5,12414.14,13400.405833333332,44787.9975,59.88961666666666,50481.24,49455.248914,7980.0,5933.0,5428.0,13913.0,19341.0,2025-01-15 23:01:08
2025-01-16 00:00:00,12,8859.58,9039.896666666667,9302.62,0.0,0.0,55327.03,55690.644166666665,56631.65,14319.45,14683.859166666669,43275.12583333333,84.03583333333334,49259.61,48627.064336,8598.0,5933.0,5428.0,14531.0,19959.0,2025-01-16 00:01:13
2025-01-16 01:00:00,12,8906.55,9108.06,9224.65,0.0,0.0,56869.42,57287.81083333333,57465.6,15068.6,15637.974166666669,44038.89666666667,84.42205,49258.95,48565.542031,7456.0,5900.0,5428.0,13356.0,18784.0,2025-01-16 01:01:09
2025-01-16 02:00:00,12,9058.86,9457.68,9845.79,0.0,0.0,57466.48,58182.92833333334,59300.8,15799.82,16484.024999999998,44578.65,69.08009166666666,50066.98,48928.359052,7506.0,5392.0,5428.0,12898.0,18326.0,2025-01-16 02:01:11
2025-01-16 03:00:00,12,9679.41,9884.765,10064.11,0.3222,0.0354583333333333,58152.64,59000.91,59348.24,16081.66,16694.626666666667,44717.12666666667,81.32136666666666,50507.16,49748.323266,7493.0,5392.0,5428.0,12885.0,18313.0,2025-01-16 03:01:07
2025-01-16 04:00:00,12,9505.25,9781.1875,10011.37,0.3268,0.0272416666666666,58189.11,58911.151666666665,59508.46,14526.94,15375.8025,45674.75583333333,104.06751666666666,51749.84,51340.505431,7701.0,5392.0,5428.0,13093.0,18521.0,2025-01-16 04:01:08
2025-01-16 05:00:00,12,8411.77,8762.686666666666,9249.95,0.151,0.0135583333333333,58796.75,59585.66583333333,60576.17,11894.19,12634.375,48822.692500000005,114.92119166666669,54604.35,54518.759906,7825.0,5392.0,5428.0,13217.0,18645.0,2025-01-16 05:01:09
2025-01-16 06:00:00,12,7725.99,8056.544166666667,8748.31,14.3366,3.667566666666667,61134.63,61694.19583333333,62117.55,10178.89,10822.5275,52992.8125,113.319975,58865.9,58672.933402,7457.0,5690.0,5428.0,13147.0,18575.0,2025-01-16 06:01:16
2025-01-16 07:00:00,12,7121.16,7519.266666666666,7930.04,20.417,14.648925,60333.77,60849.06583333333,62012.08,8990.19,9391.545,53272.081666666665,57.22504166666667,60598.4,60465.892449,7990.0,5770.0,5428.0,13760.0,19188.0,2025-01-16 07:01:07
2025-01-16 08:00:00,13,7299.94,9136.833846153846,10841.17,29.2501,8.468384615384615,61390.87,64468.597692307696,67354.63,11117.82,15303.28153846154,51322.877692307695,45.41315384615385,59792.18,59139.474239,8149.0,5811.0,5428.0,13960.0,19388.0,2025-01-16 08:01:18
2025-01-16 09:00:00,12,9330.62,10083.089166666668,10629.09,4.4316,2.798033333333333,60378.71,61931.81,64681.27,15069.63,16698.213333333333,47994.51083333333,28.513366666666663,57827.09,56750.40119,8007.0,5868.0,5428.0,13875.0,19303.0,2025-01-16 09:01:07
2025-01-16 10:00:00,12,9611.53,9992.619166666667,10530.76,0.8737,0.47065,58982.82,60179.23416666667,62590.02,16145.13,16995.950833333332,45281.09333333333,27.991475,54292.97,53766.931132,8265.0,5857.0,5428.0,14122.0,19550.0,2025-01-16 10:01:10
2025-01-16 11:00:00,12,10297.79,10983.05,11545.63,0.9789,0.3465416666666667,59719.59,60191.700833333336,60736.31,18309.27,19721.54,43240.01583333333,23.792275,51952.1,51021.228981,7893.0,5761.0,5428.0,13654.0,19082.0,2025-01-16 11:01:09
2025-01-16 12:00:00,12,11123.77,11399.2925,11706.63,0.755,0.3211666666666666,59158.6,60120.4875,60503.27,20878.57,21479.9925,42286.73333333333,22.83535833333333,50850.7,49246.607679,8352.0,6029.0,5428.0,14381.0,19809.0,2025-01-16 12:01:08
2025-01-16 13:00:00,13,11344.92,11915.753846153846,12374.88,0.0,0.0,59494.05,60163.22230769231,60811.82,21605.87,22769.066923076924,40930.344615384616,21.403384615384617,49559.99,47797.902426,7884.0,5746.0,5428.0,13630.0,19058.0,2025-01-16 13:01:07
2025-01-16 14:00:00,12,12158.86,12514.4675,12852.97,0.0,0.0,59771.5,60879.583333333336,61738.68,23495.11,24586.321666666667,39442.2225,17.930600000000002,48404.01,46928.861627,7753.0,5735.0,5428.0,13488.0,18916.0,2025-01-16 14:01:07
2025-01-16 15:00:00,12,12553.84,12664.2675,12827.61,0.0,0.0,60000.95,60581.70166666667,61103.86,24307.44,24680.115,38533.34,13.332533333333332,47357.27,46440.014737,7013.0,5732.0,5428.0,12745.0,18173.0,2025-01-16 15:01:10
2025-01-16 16:00:00,12,11262.0,12660.523333333333,13601.74,0.0,0.0,56368.09,60007.46,62608.47,17363.81,21959.8225,40006.4575,23.953100000000003,47042.38,46850.622243,6203.0,5695.0,5428.0,11898.0,17326.0,2025-01-16 16:01:06
2025-01-16 17:00:00,12,6944.28,8617.598333333333,11169.36,0.0,0.0,50490.02,52337.668333333335,56214.41,10339.48,12739.826666666668,41608.934166666666,47.94834166666666,48212.27,48221.051085,5775.0,5417.0,5428.0,11192.0,16620.0,2025-01-16 17:01:11
2025-01-16 18:00:00,12,7357.4,7776.771666666666,8502.76,0.0,0.0,51755.29,53585.48333333334,55878.95,11021.71,11891.350833333332,43364.33666666666,42.34959166666667,50179.64,50208.898714,5580.0,4970.0,5428.0,10550.0,15978.0,2025-01-16 18:01:10
2025-01-16 19:00:00,12,8581.29,9313.3825,10089.16,0.0,0.0,56201.01,59109.239166666666,60986.27,13636.32,15276.9275,45505.50416666667,33.73648333333333,51553.81,51473.747545,5338.0,5720.0,5428.0,11058.0,16486.0,2025-01-16 19:01:06
2025-01-16 20:00:00,13,9555.29,10097.25,10895.52,0.0,0.0,60915.18,61566.1023076923,62322.41,16236.58,17016.993076923078,46250.083076923074,30.486661538461536,52175.77,52119.331027,5258.0,5651.0,5428.0,10909.0,16337.0,2025-01-16 20:01:07
2025-01-16 21:00:00,12,10672.59,11087.835833333333,11338.41,0.0,0.0,62801.64,63547.15083333334,64328.6,18350.39,19579.585,45742.30416666667,30.572866666666663,51929.89,51789.482813,5206.0,5624.0,5428.0,10830.0,16258.0,2025-01-16 21:01:06
2025-01-16 22:00:00,13,10614.85,10873.004615384616,11222.48,0.0,0.0,61618.28,62296.09307692308,63163.89,18822.59,19513.38307692308,44564.3623076923,27.60380769230769,50754.44,50650.93483,5206.0,5591.0,5428.0,10797.0,16225.0,2025-01-16 22:01:12
2025-01-16 23:00:00,12,11249.18,11368.714999999998,11517.35,0.0,0.0,62856.69,63063.5075,63319.11,20850.85,21573.96416666667,43353.9875,25.093216666666667,49468.9,49251.464064,5221.0,5554.0,5428.0,10775.0,16203.0,2025-01-16 23:01:08
2025-01-17 00:00:00,12,11268.77,11633.3825,11784.27,0.0,0.0,62434.65,62992.325833333336,63389.41,21591.84,22289.354166666668,42984.0775,28.603075,48575.24,48226.33416,5607.0,5756.0,5428.0,11363.0,16791.0,2025-01-17 00:01:09
2025-01-17 01:00:00,12,11639.12,11890.819166666668,12305.52,0.0,0.0,62748.63,63481.815,63997.31,22255.63,23186.23833333333,43226.34916666667,30.384241666666668,48418.11,47526.082427,5607.0,5520.0,5428.0,11127.0,16555.0,2025-01-17 01:01:09
2025-01-17 02:00:00,13,11497.24,11838.44923076923,12374.56,0.0,0.0,62565.21,63174.84615384616,63556.91,22233.17,23112.312307692308,43145.95923076923,32.208446153846154,48418.92,47253.979379,5592.0,5520.0,5528.0,11112.0,16640.0,2025-01-17 02:01:09
2025-01-17 03:00:00,13,11715.07,11900.869230769227,12231.84,0.0,0.0,62375.64,62665.10692307692,63137.97,21687.17,22441.456153846157,43403.96692307693,31.13915384615384,48650.25,47412.949395,5556.0,5286.0,5528.0,10842.0,16370.0,2025-01-17 03:01:07
2025-01-17 04:00:00,13,11228.22,11653.986923076922,12174.8,0.0,0.0,61175.12,62158.29384615385,62811.64,19529.65,20895.22307692308,43458.39307692308,32.5429,48870.83,48586.270597,5556.0,5513.0,5528.0,11069.0,16597.0,2025-01-17 04:01:07
2025-01-17 05:00:00,16,10208.27,10845.21,11878.51,0.0,0.0,61334.13,61648.284375,62289.88,17268.91,18605.973125,45041.87125,34.764,50941.67,50884.320032,5884.0,5514.0,5528.0,11398.0,16926.0,2025-01-17 05:01:07
2025-01-17 06:00:00,12,9003.1,9585.710833333333,10699.43,0.0,0.0,62168.98,63255.8925,63586.45,15852.93,16543.680833333336,48837.2625,40.35105,54410.87,54284.706143,6391.0,4897.0,5528.0,11288.0,16816.0,2025-01-17 06:01:09
2025-01-17 07:00:00,12,8336.47,8808.4525,9096.13,0.0,0.0,63368.53,64235.45583333333,64677.38,15260.44,16151.555,50121.37666666667,36.32850833333333,55735.73,55703.842248,6391.0,4890.0,5528.0,11281.0,16809.0,2025-01-17 07:01:08
2025-01-17 08:00:00,15,9246.75,9775.16,10126.87,0.0,0.0,64882.25,66053.42133333333,67114.42,16930.53,18800.056,49358.182,35.39704,55343.07,55190.169334,6421.0,4891.0,5428.0,11312.0,16740.0,2025-01-17 08:01:11
2025-01-17 09:00:00,15,10153.48,10591.216666666667,10903.62,0.0,0.0,66306.84,66627.26333333334,67451.02,20130.27,21060.308666666668,47821.14466666667,24.031033333333333,55093.02,54642.711349,6457.0,4727.0,5428.0,11184.0,16612.0,2025-01-17 09:01:08
2025-01-17 10:00:00,13,9900.48,10302.606153846154,10950.19,0.0,0.0,65477.6,66266.3423076923,67249.0,20057.78,20771.92692307692,47980.63230769231,25.273776923076923,55141.2,54239.890962,7167.0,4859.0,5428.0,12026.0,17454.0,2025-01-17 10:01:11
2025-01-17 11:00:00,12,10439.81,11006.836666666668,12050.77,0.0,0.0,66378.23,67168.68916666666,68244.39,21219.35,22865.272500000003,46716.97333333333,20.791925,54102.33,53069.109237,7441.0,4836.0,5428.0,12277.0,17705.0,2025-01-17 11:01:08
2025-01-17 12:00:00,13,11410.27,12019.426923076922,13054.43,0.0,0.0,68422.23,69610.69076923077,71228.35,24752.68,26481.49,46002.306923076925,14.082423076923078,53338.93,51984.192152,7571.0,4728.0,5428.0,12299.0,17727.0,2025-01-17 12:01:10
2025-01-17 13:00:00,13,11717.77,12083.406923076924,12978.4,0.0,0.0,70556.35,71163.22615384616,71709.2,26942.95,28046.89769230769,46637.444615384615,15.801238461538462,53114.35,51005.692423,7581.0,4790.0,5428.0,12371.0,17799.0,2025-01-17 13:01:09
2025-01-17 14:00:00,12,11986.56,12229.335833333333,12802.32,0.0,0.0,70206.84,70781.11333333333,71391.19,28571.68,28889.411666666667,45420.61166666666,13.772458333333333,51994.36,49772.568188,8168.0,5262.0,5428.0,13430.0,18858.0,2025-01-17 14:01:08
2025-01-17 15:00:00,12,12590.82,12975.946666666669,13817.8,0.0,0.0,69944.02,71324.03333333334,72034.69,28465.45,30083.295833333334,44659.42833333334,10.401975,50707.75,48628.155505,8106.0,5258.0,5428.0,13364.0,18792.0,2025-01-17 15:01:09
2025-01-17 16:00:00,12,12421.01,12787.776666666668,13505.51,0.0,0.0,67729.74,69539.37916666667,71380.66,25430.69,27425.95333333333,44522.39916666667,15.305475,49730.48,48644.783878,8639.0,5471.0,5428.0,14110.0,19538.0,2025-01-17 16:01:09
2025-01-17 17:00:00,12,11717.21,12394.425833333333,12818.0,0.0,0.0,64317.0,65853.01333333334,68012.28,20236.43,22585.42,45115.14166666667,19.121166666666667,49857.57,49680.210232,8280.0,5879.0,5428.0,14159.0,19587.0,2025-01-17 17:01:07
2025-01-17 18:00:00,12,11439.08,11608.165,11741.71,0.0,0.0,64323.12,64451.35916666667,64526.36,19782.32,20068.12833333333,46130.805,22.389891666666667,51234.94,51023.674857,8073.0,5939.0,5428.0,14012.0,19440.0,2025-01-17 18:01:12
2025-01-17 19:00:00,12,11812.11,12037.924166666666,12228.79,0.0,0.0,64049.95,64544.73583333333,64839.09,20384.12,20776.786666666667,45617.19583333333,24.673175,50909.34,50591.227767,8635.0,6516.0,5428.0,15151.0,20579.0,2025-01-17 19:01:09
2025-01-17 20:00:00,12,11493.91,11768.853333333333,12034.37,0.0,0.0,62575.0,63293.239166666666,63975.44,20151.98,20327.05833333333,44752.31916666666,25.814083333333333,50234.85,49933.790568,7807.0,6268.0,5428.0,14075.0,19503.0,2025-01-17 20:01:12
2025-01-17 21:00:00,12,11819.27,11993.834166666667,12161.54,0.0,0.0,62217.42,62586.59416666667,62992.29,20351.06,20718.3975,43708.02666666667,26.913366666666665,49259.96,48927.915546,7574.0,5948.0,5428.0,13522.0,18950.0,2025-01-17 21:01:10
2025-01-17 22:00:00,12,11987.6,12214.191666666666,12481.35,0.0,0.0,60953.19,61316.21333333334,62202.05,20948.37,21802.475,41487.46166666666,23.64580833333333,47812.79,47371.365875,7574.0,5944.0,5428.0,13518.0,18946.0,2025-01-17 22:01:21
2025-01-17 23:00:00,12,12428.01,12817.091666666667,13262.14,0.0,0.0,61888.75,63052.51500000001,64250.94,22905.73,24480.16,40796.950833333336,13.783891666666667,46536.13,45855.07597,7087.0,5497.0,5428.0,12584.0,18012.0,2025-01-17 23:01:13
2025-01-18 00:00:00,12,13142.15,13262.309166666666,13422.51,0.0,0.0,63610.69,63859.42416666666,64182.16,26050.37,26332.1775,40024.72666666667,10.805675,45444.19,44630.503315,7087.0,5493.0,5428.0,12580.0,18008.0,2025-01-18 00:01:07
2025-01-18 01:00:00,12,12951.58,13197.025,13372.35,0.0,0.0,61833.04,62455.93,63657.75,24995.4,25522.244166666667,38976.651666666665,17.296666666666667,44348.88,43911.271658,7087.0,5417.0,5428.0,12504.0,17932.0,2025-01-18 01:01:09
2025-01-18 02:00:00,12,13169.87,13269.085,13357.59,0.0,0.0,61374.11,61852.5425,62456.03,24337.29,24986.45083333333,38696.53083333333,22.718016666666667,44043.6,43745.549621,6316.0,5385.0,5428.0,11701.0,17129.0,2025-01-18 02:01:26
2025-01-18 03:00:00,12,12990.3,13174.293333333331,13338.01,0.0,0.0,60710.03,61020.37333333333,61344.64,23535.14,23978.614166666663,38863.785,22.9541,44198.51,44021.086254,6308.0,5385.0,5428.0,11693.0,17121.0,2025-01-18 03:01:11
2025-01-18 04:00:00,12,12399.32,12703.8125,13053.11,0.0,0.0,59367.8,59905.21083333334,60842.86,20836.7,21964.226666666666,39658.67083333333,26.94175,44942.7,44832.308996,6323.0,5376.0,5428.0,11699.0,17127.0,2025-01-18 04:01:09
2025-01-18 05:00:00,12,11424.24,11976.490833333331,12631.88,0.0,0.0,58617.69,59353.7825,59865.28,18947.61,20073.5775,40962.64166666667,28.074250000000003,46299.39,46204.459779,6328.0,5149.0,5428.0,11477.0,16905.0,2025-01-18 05:01:08
2025-01-18 06:00:00,12,10260.72,10706.839166666668,11666.73,0.0,0.0,58683.75,59104.42916666667,59375.87,16766.08,17962.210000000003,43396.496666666666,31.55985,48568.44,48120.196715,6678.0,4927.0,5428.0,11605.0,17033.0,2025-01-18 06:01:14
2025-01-18 07:00:00,12,9136.53,9434.228333333334,10048.31,0.0,0.0,58340.46,58659.60666666667,59180.97,15486.42,15946.280833333332,44567.35999999999,27.67353333333333,50207.95,50121.414076,6353.0,5154.0,5428.0,11507.0,16935.0,2025-01-18 07:01:07
2025-01-18 08:00:00,12,9938.74,12338.598333333332,14398.71,0.0,0.0,59864.87,64793.07,70693.16,17101.18,22562.77,44586.855,11.524675,51825.45,51040.49562,5975.0,5158.0,5428.0,11133.0,16561.0,2025-01-18 08:01:10
2025-01-18 09:00:00,12,14556.55,15174.008333333331,15582.86,0.0,0.0,72221.6,76635.30166666667,79057.58,30134.01,33856.19666666666,46794.76666666666,-0.3422416666666667,53554.98,50987.32959,5975.0,5175.0,5428.0,11150.0,16578.0,2025-01-18 09:01:07
2025-01-18 10:00:00,12,14874.14,15043.194166666666,15421.07,0.0,0.0,78262.23,78522.12666666666,79074.7,34995.15,35546.14,45844.19666666666,-1.1339083333333333,51878.64,50388.389652,5975.0,4998.0,5428.0,10973.0,16401.0,2025-01-18 10:01:11
2025-01-18 11:00:00,12,14751.2,15040.275,15387.68,0.0,0.0,76333.48,77629.31916666667,78474.37,35137.93,35729.425,44263.668333333335,-1.3909916666666666,50333.72,49412.706214,5920.0,5049.0,5428.0,10969.0,16397.0,2025-01-18 11:01:08
2025-01-18 12:00:00,13,14681.98,14946.836153846154,15173.12,0.0,0.0,74832.09,75483.88846153846,76382.94,34114.35,34742.82153846154,42571.01692307693,-1.3083846153846157,48941.91,48428.089926,5935.0,5028.0,5428.0,10963.0,16391.0,2025-01-18 12:01:08
2025-01-18 13:00:00,14,15035.37,15233.75142857143,15838.19,0.0,0.0,75040.38,75597.16785714286,76514.08,34750.97,35800.57571428571,41639.48071428571,-1.20105,48095.07,47642.961423,5945.0,5278.0,5428.0,11223.0,16651.0,2025-01-18 13:01:06
2025-01-18 14:00:00,12,15223.8,15440.481666666668,15658.22,0.0,0.0,76432.48,76949.45166666668,77386.04,37022.58,37962.99333333333,41004.38166666667,-1.772825,47664.09,47001.863136,5467.0,5278.0,5428.0,10745.0,16173.0,2025-01-18 14:01:07
2025-01-18 15:00:00,12,15333.01,15440.3075,15718.7,0.0,0.0,76817.91,77166.75416666667,77497.84,38649.59,39020.550833333335,39981.78083333333,-2.8206666666666664,47474.58,46921.162101,5467.0,5278.0,5428.0,10745.0,16173.0,2025-01-18 15:01:07
2025-01-18 16:00:00,12,15244.29,15525.845833333333,15837.86,0.0,0.0,73076.25,76483.92,78835.73,32695.83,36776.76666666667,41420.379166666666,-2.2641916666666666,47948.31,47509.005675,5313.0,4985.0,5428.0,10298.0,15726.0,2025-01-18 16:01:08
2025-01-18 17:00:00,12,13858.17,14720.2975,15506.81,0.0,0.0,69571.81,71515.08583333333,73213.9,27961.51,29943.6525,43412.89083333333,24.164716666666667,49552.91,49384.055054,5460.0,4981.0,5428.0,10441.0,15869.0,2025-01-18 17:01:09
2025-01-18 18:00:00,12,14350.25,15115.306666666664,15689.02,0.0,0.0,71881.92,75871.13583333333,79133.84,29030.66,31170.829166666663,46573.52416666667,15.457958333333332,52299.33,51878.392079,5110.0,4971.0,5428.0,10081.0,15509.0,2025-01-18 18:01:16
2025-01-18 19:00:00,12,15654.17,15901.574166666667,16080.95,0.0,0.0,78980.7,80026.515,81096.35,32902.18,33665.48333333333,48062.94333333333,10.454708333333334,53684.52,53481.136773,4929.0,4966.0,5428.0,9895.0,15323.0,2025-01-18 19:01:07
2025-01-18 20:00:00,12,15761.51,15903.381666666668,16018.43,0.0,0.0,80928.88,81596.8275,82027.73,33790.89,34043.25666666667,49200.01,11.150458333333331,54791.59,54676.312794,4929.0,4966.0,5428.0,9895.0,15323.0,2025-01-18 20:01:10
2025-01-18 21:00:00,12,15826.59,15914.9775,16057.99,0.0,0.0,81971.91,82464.69499999999,82907.04,33722.87,34207.905,50240.71583333333,19.435641666666665,55875.72,55453.637243,5132.0,4942.0,5428.0,10074.0,15502.0,2025-01-18 21:01:08
2025-01-18 22:00:00,12,15872.27,16023.094166666668,16107.85,0.0,0.0,82641.26,82890.50666666667,83210.5,34371.1,34756.799166666664,49948.0025,16.273966666666666,55807.64,55596.437703,5132.0,4988.0,5428.0,10120.0,15548.0,2025-01-18 22:01:07
2025-01-18 23:00:00,12,15857.93,16017.206666666669,16329.5,0.0,0.0,82972.78,83287.42333333332,85120.19,34887.57,35510.79416666667,49746.48666666666,10.702825,56016.19,55646.940465,4882.0,4988.0,5428.0,9870.0,15298.0,2025-01-18 23:01:09
2025-01-19 00:00:00,12,15840.67,16079.064166666663,16252.61,0.0,0.0,83648.44,84652.74833333334,85356.68,35419.37,35916.76583333333,50540.08666666667,11.117075,56193.3,55842.510353,5390.0,4988.0,5428.0,10378.0,15806.0,2025-01-19 00:01:15
2025-01-19 01:00:00,12,15890.95,16093.744166666664,16226.54,0.0,0.0,83494.09,84038.7075,84844.08,34200.07,34964.48166666667,50980.03333333333,16.77114166666667,56755.08,56351.634545,6107.0,4988.0,5428.0,11095.0,16523.0,2025-01-19 01:01:09
2025-01-19 02:00:00,12,15356.59,15764.510833333334,15925.02,0.0,0.0,83897.71,84018.47833333333,84176.14,33375.24,33985.17833333334,51816.473333333335,13.888966666666668,57402.16,57140.483722,5851.0,4988.0,5428.0,10839.0,16267.0,2025-01-19 02:01:09
2025-01-19 03:00:00,12,14981.52,15266.788333333332,15466.02,0.0,0.0,82652.73,83312.14333333333,83798.41,30812.47,32111.44583333333,53104.08833333334,24.044225,58600.23,58314.244708,5851.0,4988.0,5428.0,10839.0,16267.0,2025-01-19 03:01:09
2025-01-19 04:00:00,12,14280.91,14671.366666666669,14954.01,0.0,0.0,80081.9,81167.30583333333,82348.73,27533.95,29025.36,53961.07666666667,26.554266666666667,60003.58,59773.878287,6323.0,4998.0,5428.0,11321.0,16749.0,2025-01-19 04:01:07
2025-01-19 05:00:00,12,13354.28,13971.083333333334,14336.95,0.0,0.0,80461.28,80992.26416666666,81521.45,25604.56,26558.93,56021.82333333333,27.69804166666667,61764.44,61677.849949,6063.0,4998.0,5428.0,11061.0,16489.0,2025-01-19 05:01:07
2025-01-19 06:00:00,12,11685.89,12745.095,13410.85,0.0,0.0,79452.11,80551.96333333333,81329.25,21383.22,23675.611666666668,58537.52833333333,33.738875,64076.46,64065.164755,6063.0,4998.0,5428.0,11061.0,16489.0,2025-01-19 06:01:13
2025-01-19 07:00:00,12,9857.5,10546.43,11566.53,0.0,0.0,78199.43,78859.50666666667,79721.66,18581.34,19760.141666666663,60780.1275,43.900525,66335.12,66357.372062,5966.0,4998.0,5428.0,10964.0,16392.0,2025-01-19 07:01:25
2025-01-19 08:00:00,12,10591.24,12727.436666666666,14806.67,0.0,0.0,79594.86,83965.6875,89238.85,20573.06,25089.614166666663,60889.175833333335,26.6519,67638.08,67321.391543,5741.0,5048.0,5428.0,10789.0,16217.0,2025-01-19 08:01:07
2025-01-19 09:00:00,12,15055.38,15982.251666666663,16590.75,0.0,0.0,89377.38,93292.01416666666,94955.91,30894.96,34755.10833333333,61489.36166666666,16.062691666666666,67952.54,66576.177143,6394.0,5071.0,5428.0,11465.0,16893.0,2025-01-19 09:01:07
2025-01-19 10:00:00,12,16082.99,16311.585833333333,16707.19,0.0,0.0,91500.21,93160.41833333332,94931.46,35437.14,35971.089166666665,59793.605833333335,17.871308333333335,65849.13,64884.632649,6394.0,4935.0,5428.0,11329.0,16757.0,2025-01-19 10:01:14
2025-01-19 11:00:00,12,15813.21,16028.7725,16214.83,0.0,0.0,88419.54,90258.27916666667,91461.46,34016.04,35033.543333333335,57167.645,18.1184,63211.0,62784.490951,6667.0,5079.0,5428.0,11746.0,17174.0,2025-01-19 11:01:10
2025-01-19 12:00:00,12,15778.6,15930.121666666666,16160.54,0.0,0.0,86436.26,87504.055,88535.81,34190.52,34702.22083333333,54889.74416666666,19.5151,61168.03,60563.455342,6657.0,4947.0,5428.0,11604.0,17032.0,2025-01-19 12:01:10
2025-01-19 13:00:00,12,16084.38,16288.08,16603.02,0.0,0.0,85924.88,86260.935,86591.56,34867.12,35380.10166666666,53099.19833333333,16.6136,59307.66,58654.317641,5950.0,5122.0,5428.0,11072.0,16500.0,2025-01-19 13:01:08
2025-01-19 14:00:00,12,16511.25,16769.961666666666,17276.89,0.0,0.0,85486.28,85865.71333333333,86238.02,36051.87,36737.441666666666,51355.97416666666,3.29775,58013.86,57215.970088,6275.0,5164.0,5428.0,11439.0,16867.0,2025-01-19 14:01:07
2025-01-19 15:00:00,12,16997.05,17188.3,17352.8,0.0,0.0,85690.02,86147.84666666666,86519.14,36865.19,37548.10166666666,50227.56416666667,2.060925,56817.23,56657.428243,5905.0,5635.0,5428.0,11540.0,16968.0,2025-01-19 15:01:07
2025-01-19 16:00:00,12,14495.53,16425.239166666666,17342.12,0.0,0.0,77322.03,82832.21916666666,85851.19,26190.02,32516.54333333333,51871.105,27.913441666666667,57309.2,57343.059473,6589.0,5522.0,5428.0,12111.0,17539.0,2025-01-19 16:01:10
2025-01-19 17:00:00,12,8806.06,11418.3875,14388.15,0.0,0.0,69353.02,72546.6825,76677.54,13868.51,18678.921666666665,55516.51833333333,65.71855833333333,60067.05,60235.248776,6589.0,5118.0,5428.0,11707.0,17135.0,2025-01-19 17:01:08
2025-01-19 18:00:00,12,7604.57,7989.471666666667,8646.67,0.0,0.0,68844.88,69660.1975,70561.95,12502.18,12878.4575,58281.10333333333,79.29285,63901.05,64056.69761,6589.0,5110.0,5428.0,11699.0,17127.0,2025-01-19 18:01:18
2025-01-19 19:00:00,12,8272.74,8553.1325,8697.03,0.0,0.0,70854.04,72001.98916666667,72921.03,13318.25,13683.525,59832.52333333334,79.5093,65486.65,65541.574911,6674.0,5414.0,5428.0,12088.0,17516.0,2025-01-19 19:01:07
2025-01-19 20:00:00,12,8402.09,8785.3675,9104.8,0.0,0.0,72873.64,74221.15333333334,75069.43,13644.36,14646.474166666669,61077.2775,76.6236,66481.26,66447.570744,7054.0,5364.0,5428.0,12418.0,17846.0,2025-01-19 20:01:07
2025-01-19 21:00:00,12,8315.73,8570.9675,8934.77,0.0,0.0,73749.74,74096.2325,74649.39,14568.66,14886.769166666669,60902.48666666666,77.42198333333333,66764.31,66642.843724,7311.0,5375.0,5428.0,12686.0,18114.0,2025-01-19 21:01:09
2025-01-19 22:00:00,12,8798.83,9122.875833333334,9445.74,0.0,0.0,73714.98,74178.3575,74641.06,15240.82,15992.215000000002,59779.918333333335,71.42980833333333,65970.38,65900.082639,8009.0,5375.0,5428.0,13384.0,18812.0,2025-01-19 22:01:08
2025-01-19 23:00:00,12,9444.13,9877.864166666666,10744.37,0.0,0.0,74685.8,75713.99333333333,76893.74,17154.52,18398.474166666667,60456.38166666666,70.11415000000001,66563.89,65091.188048,6059.0,5375.0,5428.0,11434.0,16862.0,2025-01-19 23:01:08
2025-01-20 00:00:00,12,10575.62,10821.408333333333,10913.2,0.0,0.0,76905.55,77513.68000000001,77768.7,19340.21,19984.30083333333,59448.21583333333,53.471375,65361.51,64873.214404,6497.0,5387.0,5428.0,11884.0,17312.0,2025-01-20 00:01:10
2025-01-20 01:00:00,12,10525.23,10709.5325,10920.24,0.0,0.0,76947.91,77244.815,77693.7,19403.34,19887.986666666668,60041.458333333336,58.31324166666667,65879.17,64703.982281,6585.0,5488.0,5428.0,12073.0,17501.0,2025-01-20 01:01:08
2025-01-20 02:00:00,12,10755.52,11052.530833333332,11209.79,0.0,0.0,77541.18,78328.80916666666,78792.67,20246.82,20809.995,60534.39666666667,57.19005833333333,66427.62,64895.759747,6608.0,5530.0,5428.0,12138.0,17566.0,2025-01-20 02:01:10
2025-01-20 03:00:00,12,11194.69,11382.984166666669,11506.41,0.0,0.0,78849.64,79158.595,79385.55,20892.22,21175.920833333334,61214.89000000001,58.00815833333333,67040.1,65338.428343,6563.0,5508.0,5428.0,12071.0,17499.0,2025-01-20 03:01:09
2025-01-20 04:00:00,12,10718.72,11059.196666666665,11536.76,0.0,0.0,79344.27,79574.81916666667,79800.73,19666.63,20187.303333333333,61532.93666666667,51.79655833333334,67427.74,66804.581805,6523.0,5407.0,5428.0,11930.0,17358.0,2025-01-20 04:01:08
2025-01-20 05:00:00,12,10029.29,10609.734166666669,10943.47,0.0,0.0,79527.55,79916.21583333334,80160.37,16873.09,18228.9975,63280.32333333333,59.54125,69043.36,69043.951825,6563.0,5190.0,5428.0,11753.0,17181.0,2025-01-20 05:01:10
2025-01-20 06:00:00,12,8867.27,9364.768333333332,10188.47,0.0,0.0,79847.1,79988.2475,80148.95,14777.46,15585.24,65823.63249999999,68.1276,71562.21,71639.822373,6446.0,4840.0,5428.0,11286.0,16714.0,2025-01-20 06:01:12
2025-01-20 07:00:00,12,7738.69,8013.255,8778.82,0.0,0.0,79698.11,79888.34083333334,80049.48,13608.37,14079.1025,67218.51333333334,68.41558333333333,73219.23,73331.689467,6387.0,4885.0,5428.0,11272.0,16700.0,2025-01-20 07:01:11
2025-01-20 08:00:00,12,8168.46,9100.6875,10063.43,0.0,0.0,80021.72,82465.765,85514.05,14018.23,16695.359166666665,67063.71833333334,66.302025,73589.65,73667.319307,6600.0,4877.0,5428.0,11477.0,16905.0,2025-01-20 08:01:11
2025-01-20 09:00:00,12,10214.06,11356.695,12139.88,0.0,0.0,86045.06,88960.31666666667,90549.3,19791.02,22234.795,68513.02583333333,56.16769166666666,74848.1,74130.405164,6530.0,4718.0,5428.0,11248.0,16676.0,2025-01-20 09:01:05
2025-01-20 10:00:00,12,11551.22,11760.46,11987.02,0.0,0.0,88951.88,89762.0,90445.27,23701.32,24170.82083333333,67754.865,54.894533333333335,73925.83,73244.220178,6690.0,4708.0,5428.0,11398.0,16826.0,2025-01-20 10:01:31
2025-01-20 11:00:00,12,11406.13,11633.205833333332,11877.13,0.0,0.0,86920.17,87822.42916666665,88985.89,23079.61,23419.1825,67428.52833333334,55.64841666666667,72703.85,71280.191608,7010.0,4708.0,5428.0,11718.0,17146.0,2025-01-20 11:01:14
2025-01-20 12:00:00,12,11321.52,11512.039166666667,11826.55,0.0,0.0,83832.41,85176.85166666667,86756.14,21774.25,22358.745,65803.6175,58.74984166666667,71227.84,69891.743393,7325.0,4716.0,5428.0,12041.0,17469.0,2025-01-20 12:01:32
2025-01-20 13:00:00,12,10552.05,10977.3925,11410.7,0.0,0.0,82134.19,82880.73833333333,83799.13,20398.36,20923.801666666663,64436.456666666665,63.193108333333335,69917.45,69102.723849,7319.0,4888.0,5428.0,12207.0,17635.0,2025-01-20 13:01:10
2025-01-20 14:00:00,12,10620.93,10834.318333333336,11004.22,0.0,0.0,81444.29,81825.09833333333,82354.98,20073.84,20476.14083333333,63790.30583333334,68.54008333333333,69468.69,68648.387935,7033.0,4916.0,5428.0,11949.0,17377.0,2025-01-20 14:01:10
2025-01-20 15:00:00,12,10419.26,10586.444166666666,10751.87,0.0,0.0,80957.69,81478.6225,82380.7,19774.75,20361.96,64454.19,75.41128333333333,70398.4,68657.422839,6723.0,5261.0,5428.0,11984.0,17412.0,2025-01-20 15:01:09
2025-01-20 16:00:00,12,11191.61,11570.725,11757.87,0.0,0.0,83003.09,83491.06916666667,83958.91,19900.89,21130.23,65078.13583333333,59.43219166666666,70966.03,69610.284678,6052.0,5440.0,5428.0,11492.0,16920.0,2025-01-20 16:01:08
2025-01-20 17:00:00,12,10155.86,10964.508333333331,11659.11,0.0,0.0,81298.95,82201.91916666667,83394.44,16222.98,17726.284166666668,66006.27583333333,62.59763333333333,71587.57,71428.916883,5781.0,5550.0,5428.0,11331.0,16759.0,2025-01-20 17:01:08
2025-01-20 18:00:00,12,9900.56,10500.526666666668,11036.35,0.0,0.0,81119.77,83293.35333333333,84298.48,16021.28,17198.858333333334,67462.27166666667,64.77565,73017.74,72860.801334,5781.0,5542.0,5428.0,11323.0,16751.0,2025-01-20 18:01:10
2025-01-20 19:00:00,12,11118.51,11248.338333333331,11373.5,0.8163,0.2730916666666667,84557.45,85160.8975,85642.01,18641.57,19345.025,67149.4525,55.795141666666666,72744.95,72669.718401,5200.0,5555.0,5428.0,10755.0,16183.0,2025-01-20 19:01:08
2025-01-20 20:00:00,12,11378.75,11558.529166666667,11659.94,2.0235,0.8349583333333334,85595.69,85977.95916666667,86583.84,20005.66,20358.14083333333,66986.095,53.140975,72594.65,72529.168872,5200.0,5555.0,5428.0,10755.0,16183.0,2025-01-20 20:01:09
2025-01-20 21:00:00,12,11541.7,11750.36,12151.64,3.2021,1.087175,86269.97,86643.0425,87030.08,20940.64,21868.465,66536.53666666667,44.89699166666667,71719.13,71377.399206,5300.0,5565.0,5428.0,10865.0,16293.0,2025-01-20 21:01:08
2025-01-20 22:00:00,12,12191.94,12408.08,12647.87,3.9027,1.8002583333333335,86902.32,87301.635,87649.77,23248.94,24047.84333333333,64843.2675,33.08145,69880.35,69619.681419,5585.0,5583.0,5428.0,11168.0,16596.0,2025-01-20 22:01:17
2025-01-20 23:00:00,12,12683.3,12983.135833333334,13377.35,1.4698,0.5431333333333334,87291.41,87447.26916666667,87549.7,25138.04,25483.99583333333,63549.61833333334,28.728625,68466.11,68164.919675,5575.0,5559.0,5428.0,11134.0,16562.0,2025-01-20 23:01:12
2025-01-21 00:00:00,12,12200.88,12362.4275,12976.88,0.6976,0.0608333333333333,86223.9,86527.71,87199.92,24358.19,24678.524166666662,63132.3825,33.65159166666667,67841.19,67421.381127,5680.0,5559.0,5428.0,11239.0,16667.0,2025-01-21 00:01:10
2025-01-21 01:00:00,12,11722.32,12006.296666666669,12216.62,1.4333,0.1285333333333333,85100.7,85586.45666666667,86268.14,23003.83,23856.274166666662,62839.90916666667,33.523325,67519.19,67233.240476,5680.0,5739.0,5428.0,11419.0,16847.0,2025-01-21 01:01:09
2025-01-21 02:00:00,12,11379.24,11645.723333333332,11890.92,0.0,0.0,83033.05,84109.725,85155.15,21634.49,22550.0725,63001.324166666665,43.41656666666666,67812.33,67250.217637,5579.0,5886.0,5428.0,11465.0,16893.0,2025-01-21 02:01:10
2025-01-21 03:00:00,12,11331.41,11452.544166666668,11638.98,0.0,0.0,81882.91,82476.14,82994.83,20504.46,21086.1675,62672.50416666667,48.84901666666667,67869.78,67436.967272,5629.0,6051.0,5428.0,11680.0,17108.0,2025-01-21 03:01:08
2025-01-21 04:00:00,14,10260.24,10912.878571428571,11465.63,0.3903,0.0295999999999999,80363.75,81481.62,83041.24,17703.71,18945.30214285714,63515.64428571429,65.70483571428572,68529.09,68479.822158,5841.0,6006.0,5428.0,11847.0,17275.0,2025-01-21 04:01:11
2025-01-21 05:00:00,12,10144.45,10455.269166666669,10707.05,2.9298,0.2610916666666666,80078.84,81007.30083333333,81924.99,16212.96,17347.0425,64714.93916666667,88.84598333333334,69888.84,69854.223183,5859.0,6231.0,5428.0,12090.0,17518.0,2025-01-21 05:01:09
2025-01-21 06:00:00,12,9588.94,10110.8175,10360.36,4.3915,0.4552833333333333,81106.07,81389.09166666666,81734.3,14502.96,15138.803333333335,67249.8125,95.79474166666668,72327.69,72415.651853,5671.0,6206.0,5428.0,11877.0,17305.0,2025-01-21 06:01:10
2025-01-21 07:00:00,12,7402.21,7996.820833333334,9462.72,1.1956,0.2301999999999999,80573.74,81076.325,81688.89,12227.96,12844.128333333334,69244.235,100.80605,74082.03,74241.235782,6030.0,6653.0,5428.0,12683.0,18111.0,2025-01-21 07:01:08
2025-01-21 08:00:00,12,7561.31,8777.354166666666,9965.57,4.6431,1.5600916666666669,80597.64,82037.3125,83580.7,12279.99,14625.32,68380.38583333333,96.7231,74084.97,74237.282895,6100.0,6878.0,5428.0,12978.0,18406.0,2025-01-21 08:01:08
2025-01-21 09:00:00,12,9862.72,10552.285833333332,11192.92,12.0498,9.16435,83334.54,85826.22583333333,87179.09,16441.01,19010.759166666667,68317.06916666667,71.73963333333333,74062.11,73747.011944,6240.0,7126.0,5428.0,13366.0,18794.0,2025-01-21 09:01:14
2025-01-21 10:00:00,12,11119.64,11302.9925,11523.9,5.5249,1.8999083333333333,87251.82,87648.8625,88217.69,20922.06,22000.647500000003,67090.685,59.261941666666665,72586.31,72462.297084,6012.0,7928.0,5428.0,13940.0,19368.0,2025-01-21 10:01:25
2025-01-21 11:00:00,12,11559.81,12238.091666666667,12720.39,1.4283,0.758725,87811.86,89156.43083333333,89900.61,22931.23,25535.069166666668,65616.62666666666,47.49496666666667,71255.85,70452.100263,6069.0,8173.0,5428.0,14242.0,19670.0,2025-01-21 11:01:08
2025-01-21 12:00:00,12,12789.33,14012.586666666668,15186.72,1.4323,0.4791166666666666,90400.47,91352.29333333332,92300.99,27934.12,29992.08,63826.26666666666,35.65045,69547.08,68051.681166,5902.0,8035.0,5428.0,13937.0,19365.0,2025-01-21 12:01:30
2025-01-21 13:00:00,12,15167.25,15881.38,16668.85,4.7485,1.8528083333333327,92363.99,92968.75083333334,93477.13,32369.89,34440.77583333333,60807.488333333335,22.041816666666666,66969.23,65635.969634,5826.0,8177.0,5428.0,14003.0,19431.0,2025-01-21 13:01:06
2025-01-21 14:00:00,12,16703.1,17153.84,17476.07,11.8434,5.728316666666667,93168.3,94501.99166666664,95356.21,36533.14,38829.41,57851.67833333334,6.2162250000000006,64527.38,63354.682139,5645.0,8038.0,5428.0,13683.0,19111.0,2025-01-21 14:01:12
2025-01-21 15:00:00,12,17380.69,17524.216666666667,17618.15,0.1911,0.0491333333333333,95598.68,96394.38083333334,96992.45,40965.61,42128.98416666667,55951.31166666667,3.475475,62388.42,61695.827237,5880.0,7901.0,5428.0,13781.0,19209.0,2025-01-21 15:01:10
2025-01-21 16:00:00,12,16134.14,17273.857500000002,17961.55,2.2797,0.2733916666666666,88491.73,93323.6225,96562.65,31951.45,37790.5575,56587.10666666667,11.040258333333334,61628.25,61804.684303,5900.0,7759.0,5428.0,13659.0,19087.0,2025-01-21 16:01:06
2025-01-21 17:00:00,12,11229.07,13275.7,16365.18,0.0,0.0,79102.58,82871.05,88250.91,17872.23,23863.820000000003,60216.456666666665,45.119708333333335,64445.85,64609.435008,5856.0,7809.0,5428.0,13665.0,19093.0,2025-01-21 17:01:06
2025-01-21 18:00:00,12,9997.86,10263.175833333333,11031.44,1.0842,0.1302416666666666,79158.02,79883.875,80974.91,16491.0,16987.8725,63777.60833333334,66.80890000000001,68763.74,68849.71666,5920.0,8083.0,5428.0,14003.0,19431.0,2025-01-21 18:01:09
2025-01-21 19:00:00,12,10438.52,10631.955833333332,10756.6,2.7391,1.164216666666667,80781.1,82618.18833333334,83624.99,17720.51,18240.486666666668,65318.4175,55.90586666666667,70692.9,70651.084744,5920.0,8009.0,5428.0,13929.0,19357.0,2025-01-21 19:01:07
2025-01-21 20:00:00,12,10851.58,11322.994166666664,11705.36,3.4354,0.5925166666666667,84038.46,85941.835,87167.98,19042.46,20420.84083333333,66619.37,47.93494999999999,72074.29,71854.910461,6084.0,8054.0,5428.0,14138.0,19566.0,2025-01-21 20:01:08
2025-01-21 21:00:00,12,11755.76,12136.041666666666,12504.46,2.574,0.489325,87438.66,88624.34916666667,89876.88,21617.83,23036.845,67073.76416666668,46.59880833333333,72491.95,71887.966738,5845.0,7618.0,5428.0,13463.0,18891.0,2025-01-21 21:01:08
2025-01-21 22:00:00,12,12423.48,12851.549166666666,13242.16,2.8967,0.9382666666666668,89099.98,89818.59916666667,90422.6,24250.67,25532.174166666668,65423.61833333334,41.48990833333333,70960.47,70496.789056,6101.0,7707.0,5428.0,13808.0,19236.0,2025-01-21 22:01:14
2025-01-21 23:00:00,14,12817.15,13167.875,13569.29,0.9512,0.1813857142857143,88974.24,89954.78714285714,90601.24,26091.92,26692.40071428571,64432.54428571429,38.85255,69766.04,69393.576612,5845.0,7442.0,5428.0,13287.0,18715.0,2025-01-21 23:01:09
2025-01-22 00:00:00,12,12961.08,13166.7525,13469.79,0.5498,0.0832833333333333,88424.62,89292.15833333333,89939.13,26025.74,26498.286666666667,64447.69333333333,36.271725,69704.14,68824.620574,5848.0,7418.0,5428.0,13266.0,18694.0,2025-01-22 00:01:31
2025-01-22 01:00:00,12,12959.98,13280.97,13601.01,0.2936,0.0595666666666666,88539.34,89252.11499999999,89733.36,25858.53,26419.431666666667,64182.575833333336,35.672216666666664,69446.93,68808.380794,7059.0,7581.0,5428.0,14640.0,20068.0,2025-01-22 01:01:09
2025-01-22 02:00:00,12,12949.85,13167.14,13395.77,0.0834,0.017625,87981.49,88520.8775,89026.29,24779.02,25360.125,64124.425833333335,36.3462,69410.44,69095.287239,6979.0,7711.0,5428.0,14690.0,20118.0,2025-01-22 02:01:09
2025-01-22 03:00:00,12,12988.47,13089.839999999998,13376.88,0.2682,0.0563416666666666,88143.54,88350.64416666667,88655.67,23833.24,24324.448333333334,64940.73499999999,37.91145,69847.1,69722.078527,6979.0,7711.0,5428.0,14690.0,20118.0,2025-01-22 03:01:09
2025-01-22 04:00:00,12,11987.12,12472.166666666666,13028.55,0.0,0.0,88208.94,88356.86583333334,88556.54,22091.31,22960.5625,66269.48166666667,40.815075,71164.31,71097.720346,6979.0,7724.0,5428.0,14703.0,20131.0,2025-01-22 04:01:11
2025-01-22 05:00:00,12,10785.59,11546.660833333332,12088.3,0.0,0.0,86747.83,87425.2625,88344.6,18625.46,20059.444166666668,68267.95416666666,58.148716666666665,73396.71,73415.271595,6979.0,7531.0,5428.0,14510.0,19938.0,2025-01-22 05:01:09
2025-01-22 06:00:00,12,9755.76,10357.273333333333,11016.91,2.7038,0.6097,87030.1,88026.95083333332,89357.52,17583.53,18114.764166666668,70817.53333333334,88.1161,76295.81,76296.891543,7007.0,7221.0,5428.0,14228.0,19656.0,2025-01-22 06:01:25
2025-01-22 07:00:00,12,9415.29,9897.296666666669,10912.14,2.4853,0.5901416666666667,88617.37,89031.16916666667,89939.96,16768.77,17624.186666666665,72345.99833333334,85.539425,77537.21,77478.268454,7300.0,7287.0,5428.0,14587.0,20015.0,2025-01-22 07:01:08
2025-01-22 08:00:00,12,11195.37,12894.3125,15023.21,6.7469,4.152525,90047.03,93343.77083333331,97998.77,20035.34,25160.926666666663,69404.50083333334,28.25183333333333,76156.01,75506.037323,7228.0,7141.0,5428.0,14369.0,19797.0,2025-01-22 08:01:10
2025-01-22 09:00:00,12,15263.34,16171.88,16660.3,6.8724,3.2797583333333336,96772.92,97863.04,98870.44,32270.12,33421.5475,65593.36666666667,11.3379,72208.82,71573.091861,6943.0,7258.0,5428.0,14201.0,19629.0,2025-01-22 09:01:06
2025-01-22 10:00:00,12,16003.59,16465.899999999998,16757.91,3.0746,1.0605,93097.68,94048.65666666666,95807.78,33716.8,34789.86166666667,60740.309166666666,11.118933333333333,68099.43,67539.915616,6946.0,7122.0,5428.0,14068.0,19496.0,2025-01-22 10:01:08
2025-01-22 11:00:00,12,16122.84,16370.401666666668,16681.58,8.4866,1.28555,90531.67,91499.44666666668,93021.65,34787.26,35848.04833333333,57397.84666666667,2.2817166666666666,64608.31,63702.83017,7018.0,7073.0,5428.0,14091.0,19519.0,2025-01-22 11:01:09
2025-01-22 12:00:00,12,16462.51,16631.945,16776.03,0.0,0.0,88359.59,88817.65416666667,89991.58,35724.31,36426.761666666665,54108.49,0.0027749999999999,61130.06,60138.448387,6883.0,6631.0,5428.0,13514.0,18942.0,2025-01-22 12:01:11
2025-01-22 13:00:00,12,16118.23,16390.195,16757.41,0.0,0.0,87030.69,87836.95416666666,88819.54,38495.38,38844.8475,50705.0325,-0.0021916666666666,58078.75,57121.408966,7102.0,5960.0,5428.0,13062.0,18490.0,2025-01-22 13:01:28
2025-01-22 14:00:00,12,15737.8,15967.209166666667,16174.28,0.0,0.0,85344.62,86180.8,87303.07,39056.01,39334.050833333335,48072.3,-0.6579583333333333,55179.47,54739.526461,7099.0,5615.0,5428.0,12714.0,18142.0,2025-01-22 14:01:11
2025-01-22 15:00:00,12,15809.01,16109.431666666664,16249.68,0.0,0.0,83946.85,84765.87416666666,85425.09,37837.57,38741.3275,46976.019166666665,-0.9110916666666666,53685.19,53576.578983,7117.0,5569.0,5428.0,12686.0,18114.0,2025-01-22 15:01:07
2025-01-22 16:00:00,12,14086.21,15279.399166666668,16053.78,0.0,0.0,75550.42,79544.90999999999,83757.48,27230.25,32325.70333333333,48103.19,6.536683333333333,53797.73,53816.30367,7117.0,5520.0,5428.0,12637.0,18065.0,2025-01-22 16:01:05
2025-01-22 17:00:00,12,8580.86,11141.279166666667,14082.33,0.0,0.0,67020.3,70286.3925,75209.05,14991.14,19820.52333333333,51580.78916666666,33.45231666666667,56070.82,56153.815555,7096.0,5876.0,5428.0,12972.0,18400.0,2025-01-22 17:01:08
2025-01-22 18:00:00,12,7947.06,8387.630833333335,8853.8,0.0,0.0,66900.58,67463.6575,68163.3,13698.99,14261.74,54232.53083333333,43.71825833333333,59735.45,59703.284225,7229.0,6093.0,5428.0,13322.0,18750.0,2025-01-22 18:01:21
2025-01-22 19:00:00,12,9100.97,9340.0575,9557.17,0.0,0.0,68935.33,70257.74833333334,71264.97,15180.52,15639.334166666667,55608.90666666667,37.58963333333333,61057.63,61004.451689,7208.0,6430.0,5428.0,13638.0,19066.0,2025-01-22 19:01:12
2025-01-22 20:00:00,12,9527.72,9781.833333333334,10065.86,0.0,0.0,70857.43,72430.1075,73639.51,16237.11,17453.2425,56050.496666666666,32.533833333333334,61888.36,61717.452956,7268.0,6388.0,5428.0,13656.0,19084.0,2025-01-22 20:01:06
2025-01-22 21:00:00,12,9895.06,10051.0925,10290.1,0.0,0.0,72809.02,73285.48416666668,73606.91,17693.21,18115.421666666665,56312.71,30.92083333333333,61785.31,61578.77665,7318.0,6388.0,5428.0,13706.0,19134.0,2025-01-22 21:01:07
2025-01-22 22:00:00,12,10275.83,10431.940833333334,10564.32,0.0,0.0,72685.27,73216.16083333333,73689.84,18976.39,19200.40583333333,55408.1875,27.52125833333333,60716.18,60115.519889,6715.0,6151.0,5428.0,12866.0,18294.0,2025-01-22 22:01:10
2025-01-22 23:00:00,12,9776.41,10071.175833333333,10280.92,0.0,0.0,70430.64,71445.42166666668,72454.2,18098.32,18559.43,54044.00083333333,31.95973333333333,59002.51,58661.057551,6389.0,6151.0,5428.0,12540.0,17968.0,2025-01-22 23:01:08
2025-01-23 00:00:00,12,8323.78,9067.606666666668,9708.01,0.0,0.0,67690.73,68319.5575,69927.22,15757.65,16302.455,53329.394166666665,43.316225,58257.68,58023.884182,6396.0,6006.0,5428.0,12402.0,17830.0,2025-01-23 00:01:10
2025-01-23 01:00:00,12,9152.14,9344.521666666667,9626.95,0.0,0.0,67813.8,67947.56833333333,68007.84,15489.13,16024.031666666668,53480.89166666666,45.41518333333334,58377.51,57921.2758,6716.0,6015.0,5428.0,12731.0,18159.0,2025-01-23 01:01:10
2025-01-23 02:00:00,12,9041.39,9167.7525,9276.46,0.0,0.0,67837.73,68250.53833333333,68703.84,15551.06,15886.8575,54096.39000000001,47.047375,59052.02,58473.959394,6716.0,6015.0,5428.0,12731.0,18159.0,2025-01-23 02:01:08
2025-01-23 03:00:00,12,9316.86,9464.886666666667,9530.91,0.0,0.0,68743.33,68998.61750000001,69432.77,15716.28,15934.3625,54759.31333333333,43.282383333333335,59777.69,59279.577428,6739.0,5758.0,5428.0,12497.0,17925.0,2025-01-23 03:01:10
2025-01-23 04:00:00,12,8962.46,9184.835,9467.68,0.0,0.0,69580.03,69767.48416666668,70140.1,14231.09,14893.755,56302.69666666666,48.46025,61299.68,60954.847062,6739.0,5758.0,5428.0,12497.0,17925.0,2025-01-23 04:01:10
2025-01-23 05:00:00,12,8362.56,8563.262499999999,8935.57,0.0,0.0,69753.14,71006.0475,71875.49,13245.45,13655.290833333333,58765.85083333333,57.71156666666667,63908.9,63786.902544,6879.0,5758.0,5428.0,12637.0,18065.0,2025-01-23 05:01:09
2025-01-23 06:00:00,12,7035.25,7885.143333333333,8594.02,0.0,0.0,72358.79,73450.12583333334,74343.84,11434.95,12391.349166666669,62346.1325,45.38259166666666,67716.23,67775.051334,6879.0,5403.0,5428.0,12282.0,17710.0,2025-01-23 06:01:17
2025-01-23 07:00:00,12,6733.28,7032.090833333333,7599.65,0.0,0.0,72893.9,73274.74833333334,74270.83,10614.39,11370.651666666668,63058.3625,43.81048333333334,69267.7,69307.519893,6704.0,5581.0,5428.0,12285.0,17713.0,2025-01-23 07:01:07
2025-01-23 08:00:00,12,7632.52,9705.314166666669,12024.28,0.0,0.0,74056.54,76495.6025,80046.45,13215.96,17392.169166666667,60590.114166666666,26.559058333333336,67740.78,67304.228147,6973.0,5581.0,5428.0,12554.0,17982.0,2025-01-23 08:01:20
2025-01-23 09:00:00,12,10310.34,10812.519166666669,11366.75,0.0,0.0,74939.05,76036.10666666667,77906.45,18978.88,20143.4025,57517.99,22.6716,64193.26,63667.205968,7461.0,5609.0,5428.0,13070.0,18498.0,2025-01-23 09:01:13
2025-01-23 10:00:00,12,11364.45,12277.9875,13282.78,0.0,0.0,75113.41,76263.79083333333,77319.83,21707.0,24470.611666666668,53247.55333333334,18.627866666666662,60628.12,60037.667809,7540.0,5641.0,5428.0,13181.0,18609.0,2025-01-23 10:01:10
2025-01-23 11:00:00,12,13195.3,13641.9375,14248.11,0.0,0.0,77206.62,78539.30416666667,79547.38,27576.83,30122.1975,51483.31583333333,3.9635166666666666,58746.9,56809.172695,7540.0,5623.0,5428.0,13163.0,18591.0,2025-01-23 11:01:08
2025-01-23 12:00:00,12,13943.89,14307.128333333334,14485.47,0.0,0.0,77797.87,78359.30416666667,79044.45,31893.67,32335.779166666664,49628.055,0.0113166666666666,56529.92,54146.162776,7231.0,5616.0,5428.0,12847.0,18275.0,2025-01-23 12:01:08
2025-01-23 13:00:00,12,14404.64,14976.06,15105.79,0.0,0.0,77852.05,78502.78416666666,78875.05,32493.07,33745.84333333333,48101.6,0.003575,54552.69,52381.763352,7245.0,5548.0,5428.0,12793.0,18221.0,2025-01-23 13:01:07
2025-01-23 14:00:00,12,14753.82,15038.5675,15279.33,0.0,0.0,77067.43,77855.87083333333,78481.07,34172.9,35106.78083333333,45578.97166666667,-0.002425,52622.15,51001.517598,7503.0,5644.0,5428.0,13147.0,18575.0,2025-01-23 14:01:09
2025-01-23 15:00:00,12,14721.85,14880.415833333333,15116.88,0.0,0.0,77130.95,77898.94333333334,78630.45,35128.77,35769.665,44213.0375,-1.1386083333333332,51357.24,50478.264852,8322.0,5732.0,5418.0,14054.0,19472.0,2025-01-23 15:01:11
2025-01-23 16:00:00,12,13002.95,14439.2175,15244.33,0.0,0.0,69864.45,74611.86916666666,78598.8,24554.23,30637.18083333333,45213.59083333333,6.689675,51252.71,51101.882103,8135.0,5813.0,5418.0,13948.0,19366.0,2025-01-23 16:01:08
2025-01-23 17:00:00,12,8066.32,10453.2275,13098.23,0.0,0.0,61970.68,65537.25833333333,70250.11,12596.0,17663.015,49326.03583333333,37.80453333333333,53726.13,53675.585659,8751.0,5599.0,5418.0,14350.0,19768.0,2025-01-23 17:01:08
2025-01-23 18:00:00,12,7169.75,7382.410833333332,7842.67,0.0,0.0,61714.28,62036.6425,62267.39,10610.66,11031.864166666666,52213.19583333333,69.461675,57085.13,57085.677887,8626.0,5834.0,5418.0,14460.0,19878.0,2025-01-23 18:01:09
2025-01-23 19:00:00,12,7215.1,7659.538333333334,8033.91,3.7908,1.0795666666666668,61945.31,62740.708333333336,63408.85,9994.1,10646.065,53334.6475,71.37750833333332,58575.36,58537.322763,8906.0,6466.0,5418.0,15372.0,20790.0,2025-01-23 19:01:07
2025-01-23 20:00:00,12,6445.01,6844.266666666666,7509.89,12.5835,2.42985,61884.06,62198.4725,62610.95,8798.98,9292.48,54187.7075,121.0689,59173.46,59018.435829,8710.0,6434.0,5418.0,15144.0,20562.0,2025-01-23 20:01:07
2025-01-23 21:00:00,12,6213.2,6769.618333333333,7133.79,22.467,4.664491666666667,61318.77,61810.61083333333,62230.96,9136.83,9853.691666666668,53250.426666666666,138.28181666666669,58578.04,58478.379002,8191.0,6663.0,5418.0,14854.0,20272.0,2025-01-23 21:01:07
2025-01-23 22:00:00,12,6970.07,7266.775000000001,7510.98,109.1091,62.09483333333333,59309.82,60996.293333333335,61823.36,9788.63,10493.126666666669,52039.48166666667,92.47270833333332,57568.44,57214.891094,8097.0,6663.0,5418.0,14760.0,20178.0,2025-01-23 22:01:17
2025-01-23 23:00:00,12,7449.13,7901.677500000001,8148.51,75.3883,43.066025,61328.02,61646.68333333333,62008.22,11359.58,12057.74,51318.68333333333,67.50999166666666,56959.37,56348.358291,7782.0,6657.0,5418.0,14439.0,19857.0,2025-01-23 23:01:08
2025-01-24 00:00:00,12,7815.36,8159.695833333334,8318.94,38.663,17.678341666666665,61130.31,61752.65333333333,62454.55,12116.6,12971.181666666664,50894.01666666666,60.75805,56842.09,55941.058545,7835.0,6420.0,5418.0,14255.0,19673.0,2025-01-24 00:01:07
2025-01-24 01:00:00,12,8156.18,8504.794166666667,8770.09,10.2004,4.383091666666666,62373.43,63620.30416666667,64820.56,13328.16,13988.728333333333,51851.333333333336,51.40518333333333,57568.09,56650.368984,8109.0,6466.0,5418.0,14575.0,19993.0,2025-01-24 01:01:09
2025-01-24 02:00:00,12,8744.81,9286.608333333334,9588.07,6.2023,3.880558333333333,64931.66,66281.9225,67399.59,14550.39,15549.630833333336,53103.1675,46.9706,58461.15,57580.312059,8109.0,6466.0,5418.0,14575.0,19993.0,2025-01-24 02:01:34
2025-01-24 03:00:00,12,9680.27,9814.909166666666,9992.01,3.6294,3.084391666666667,67641.46,68727.24833333334,69979.31,15963.23,16510.388333333332,54817.44833333333,37.9632,59950.93,58956.929848,8109.0,6089.0,5418.0,14198.0,19616.0,2025-01-24 03:01:09
2025-01-24 04:00:00,12,9811.36,9992.2125,10234.64,2.9721,1.565775,70001.2,70906.01583333332,72001.88,16648.25,16817.725000000002,57040.96,37.93291666666666,62188.36,60829.461486,8119.0,6182.0,5418.0,14301.0,19719.0,2025-01-24 04:01:09
2025-01-24 05:00:00,12,9666.5,9802.545,10062.41,3.1203,1.8779083333333333,72234.43,73281.24666666666,74203.73,14896.22,15900.9525,59835.6775,33.31604166666667,64960.55,64014.17465,8109.0,5860.0,5418.0,13969.0,19387.0,2025-01-24 05:01:10
2025-01-24 06:00:00,12,8130.03,8772.828333333333,9933.15,6.0294,2.1411333333333333,74518.54,74806.01083333333,75124.46,11506.87,12756.053333333331,63727.53916666666,39.184758333333335,68728.19,68739.283689,8533.0,6179.0,5418.0,14712.0,20130.0,2025-01-24 06:01:09
2025-01-24 07:00:00,12,7915.11,8423.425000000001,9327.0,4.8149,2.7875416666666664,75055.08,75923.2275,77136.12,11425.98,12656.248333333331,64982.3625,37.895716666666665,70714.21,70623.784529,8480.0,6179.0,5418.0,14659.0,20077.0,2025-01-24 07:01:07
2025-01-24 08:00:00,12,9154.33,12065.041666666666,14590.58,10.1698,3.840375,75074.13,80551.97083333334,85664.72,15297.01,21849.19916666667,60726.19416666666,15.699791666666668,68769.94,68021.766707,8056.0,6239.0,5418.0,14295.0,19713.0,2025-01-24 08:01:09
2025-01-24 09:00:00,13,10980.72,11487.679230769232,13224.49,0.0,0.0,74359.79,75449.99846153846,81141.93,19648.68,21107.73076923077,56590.09,16.272961538461537,64214.07,63583.30158,8076.0,5954.0,5418.0,14030.0,19448.0,2025-01-24 09:01:07
2025-01-24 10:00:00,12,10438.7,10810.978333333334,11162.32,0.0,0.0,71782.47,72808.72666666667,73637.66,20387.3,21715.954166666663,53003.625,16.178641666666667,60049.79,59569.34457,8289.0,6085.0,5418.0,14374.0,19792.0,2025-01-24 10:01:09
2025-01-24 11:00:00,12,10860.67,11153.348333333332,11759.14,0.0,0.0,72058.56,72570.7525,73411.98,23656.98,24571.233333333334,50364.144166666665,9.160175,56834.18,56074.049219,8450.0,6237.0,5418.0,14687.0,20105.0,2025-01-24 11:01:09
2025-01-24 12:00:00,12,11455.18,11732.335833333333,12421.52,0.0,0.0,71403.14,71728.765,71894.06,25385.84,26415.861666666664,48204.809166666666,4.401516666666667,54505.08,53364.088742,8692.0,6169.0,5418.0,14861.0,20279.0,2025-01-24 12:01:10
2025-01-24 13:00:00,12,11846.32,12112.580833333332,12331.05,0.0,0.0,71434.72,71831.595,72048.23,27773.17,28695.79333333333,46591.6625,2.245275,53070.7,51310.669564,9137.0,5935.0,5418.0,15072.0,20490.0,2025-01-24 13:01:09
2025-01-24 14:00:00,12,12199.55,12664.516666666668,12884.26,0.0,0.0,72067.3,72741.94916666667,73295.13,29973.04,31184.399166666662,45721.32333333333,1.386966666666667,52283.72,49801.162761,8995.0,5935.0,5418.0,14930.0,20348.0,2025-01-24 14:01:09
2025-01-24 15:00:00,12,12643.44,12833.309166666666,13093.78,0.0,0.0,72894.85,73352.93833333334,73640.23,32020.72,32221.354166666668,44606.980833333335,-0.8364333333333334,51045.68,49103.075342,9384.0,5945.0,5418.0,15329.0,20747.0,2025-01-24 15:01:08
2025-01-24 16:00:00,13,11915.63,12695.595384615384,13126.24,0.0,0.0,67735.6,70842.29538461538,73654.21,24537.36,28860.561538461538,44063.00384615385,4.957753846153846,49951.69,49382.877592,8368.0,5861.0,5418.0,14229.0,19647.0,2025-01-24 16:01:08
2025-01-24 17:00:00,13,9437.07,10730.72846153846,12046.84,0.0,0.0,58910.73,62531.43384615385,67803.48,13687.62,18059.598461538462,46122.095384615386,28.2595,51060.92,51021.005012,8360.0,5788.0,5418.0,14148.0,19566.0,2025-01-24 17:01:08
2025-01-24 18:00:00,12,8578.72,8923.766666666666,9625.76,0.0,0.0,59615.39,60241.93916666667,61291.64,12857.11,13129.969166666668,48619.386666666665,34.83558333333333,53992.52,54050.417734,8201.0,5901.0,5418.0,14102.0,19520.0,2025-01-24 18:01:09
2025-01-24 19:00:00,12,8083.47,8354.565833333334,8839.86,0.0,0.0,61331.3,62200.96083333334,62943.62,12785.14,13299.7925,50492.96166666667,41.565575,55489.57,55445.712569,8241.0,6213.0,5418.0,14454.0,19872.0,2025-01-24 19:01:09
2025-01-24 20:00:00,12,8162.84,8325.565,8616.01,0.0,0.0,62793.88,63039.96083333334,63281.66,13118.74,13340.7625,51244.04833333333,45.353375,56216.15,56188.30517,8221.0,6062.0,5418.0,14283.0,19701.0,2025-01-24 20:01:10
2025-01-24 21:00:00,12,7906.12,8050.514166666667,8212.84,0.0,0.0,62199.46,62326.238333333335,62557.46,12629.89,12946.063333333334,50979.03916666666,46.54074166666667,56397.58,56289.100326,8241.0,5784.0,5418.0,14025.0,19443.0,2025-01-24 21:01:09
2025-01-24 22:00:00,12,8142.81,8383.840833333334,8714.06,0.0,0.0,61074.3,61502.34583333333,62208.59,13311.94,13623.42,49550.87416666667,38.46780833333333,55711.14,55500.711229,8351.0,5784.0,5418.0,14135.0,19553.0,2025-01-24 22:01:15
2025-01-24 23:00:00,12,8601.29,8767.4025,8957.59,0.0,0.0,62196.23,62378.57166666666,62553.2,13931.14,14473.988333333333,49514.644166666665,33.53865833333333,54843.61,54540.329806,8120.0,5840.0,5418.0,13960.0,19378.0,2025-01-24 23:01:08
2025-01-25 00:00:00,12,8121.42,8525.716666666667,9121.67,0.0,0.0,59793.21,60638.06916666666,61860.13,13595.04,14092.7075,48575.87583333333,38.59523333333333,54292.6,53783.897332,8928.0,5850.0,5418.0,14778.0,20196.0,2025-01-25 00:01:11
2025-01-25 01:00:00,12,8806.79,9065.515,9509.11,0.0,0.0,61294.12,61848.76083333333,62127.38,14769.88,15112.853333333333,48930.04749999999,33.647241666666666,54293.75,53620.390928,9366.0,5856.0,5418.0,15222.0,20640.0,2025-01-25 01:01:18
2025-01-25 02:00:00,12,9201.42,9374.533333333333,9670.73,0.0,0.0,61288.71,61820.81666666667,62233.0,15194.62,15479.225,48705.175833333335,29.712083333333336,54404.77,53638.195865,9366.0,5574.0,5418.0,14940.0,20358.0,2025-01-25 02:01:18
2025-01-25 03:00:00,12,9434.27,9623.3525,9811.79,0.0,0.0,61438.77,61837.10916666667,62198.16,14646.37,15285.656666666668,48745.607500000006,32.62259166666667,54671.46,54037.516157,8946.0,5574.0,5418.0,14520.0,19938.0,2025-01-25 03:01:07
2025-01-25 04:00:00,12,9976.38,10131.5125,10287.17,0.0,0.0,63280.07,63742.4625,64303.39,15775.36,16081.226666666667,50116.78916666666,28.755683333333334,55811.64,54844.764563,8946.0,5574.0,5418.0,14520.0,19938.0,2025-01-25 04:01:08
2025-01-25 05:00:00,14,9203.19,9760.567857142858,10235.15,0.0,0.0,63624.18,64327.70142857143,64904.46,13224.54,14933.155714285716,51371.177142857145,32.73056428571429,56610.93,56336.863602,9011.0,5557.0,5418.0,14568.0,19986.0,2025-01-25 05:01:23
2025-01-25 06:00:00,12,8284.89,9027.808333333332,9586.06,0.0,0.0,63999.45,64458.53833333333,64777.0,11745.92,13039.949166666664,53132.630000000005,34.77323333333334,58188.67,58206.323235,8693.0,5591.0,5418.0,14284.0,19702.0,2025-01-25 06:01:19
2025-01-25 07:00:00,12,7532.99,7913.195,8252.26,0.0,0.0,63521.78,63865.92916666667,64114.64,10936.44,11490.23,54241.214166666665,36.43279166666667,59501.43,59485.794978,9509.0,5554.0,5418.0,15063.0,20481.0,2025-01-25 07:01:07
2025-01-25 08:00:00,12,7999.72,9757.879166666668,11688.12,0.0,0.0,64401.4,67474.06,70885.61,12260.93,16030.465833333334,53715.46583333333,20.595233333333333,60039.17,59446.893686,9519.0,5585.0,5418.0,15104.0,20522.0,2025-01-25 08:01:09
2025-01-25 09:00:00,12,10501.99,10975.126666666663,11617.01,0.0,0.0,68441.27,69381.43333333333,70799.38,18275.43,19203.281666666662,53004.55833333333,19.017975,59097.8,57866.218398,9742.0,5610.0,5418.0,15352.0,20770.0,2025-01-25 09:01:08
2025-01-25 10:00:00,12,10467.78,10700.815833333334,10987.68,0.0,0.0,65656.66,66403.4575,67359.17,17546.99,18290.315,51408.27416666667,21.27228333333333,57380.51,55720.726351,10464.0,5534.0,5418.0,15998.0,21416.0,2025-01-25 10:01:14
2025-01-25 11:00:00,12,10283.23,10604.03,10761.61,0.0,0.0,64805.93,65727.69166666667,66254.94,18154.84,18702.165,49864.40333333333,21.65601666666667,55318.36,54072.10879,10550.0,5611.0,5418.0,16161.0,21579.0,2025-01-25 11:01:35
2025-01-25 12:00:00,12,9905.37,10256.978333333334,10526.74,0.0,0.0,61681.35,62959.55333333334,63802.0,16927.36,17920.329166666666,47725.8,24.16841666666667,53494.79,52327.847879,10551.0,5591.0,5418.0,16142.0,21560.0,2025-01-25 12:01:10
2025-01-25 13:00:00,12,8977.74,9399.085833333333,9884.65,0.0,0.0,57422.98,59042.43583333333,61492.23,14414.98,15610.9925,45622.05333333334,34.07823333333334,51219.0,50629.434705,11294.0,5699.0,5418.0,16993.0,22411.0,2025-01-25 13:01:10
2025-01-25 14:00:00,12,8133.84,8712.150833333333,9162.48,1.697,0.1414166666666666,54511.95,55870.07666666667,57247.8,13552.79,14141.988333333333,44303.246666666666,45.937066666666674,50375.84,49495.845366,11044.0,5646.0,5418.0,16690.0,22108.0,2025-01-25 14:01:11
2025-01-25 15:00:00,12,8437.93,8737.573333333334,9148.68,1.7274,0.563125,53405.87,54198.3,55171.59,12670.61,13318.255833333336,43215.26416666667,52.80214166666667,49494.01,48930.703326,10996.0,5646.0,5418.0,16642.0,22060.0,2025-01-25 15:01:10
2025-01-25 16:00:00,12,8020.9,8584.574999999999,8904.04,1.3128,0.23415,52662.96,53663.35666666667,54395.83,11790.6,12922.364166666666,43206.8325,65.33753333333333,49459.81,48730.527361,11242.0,5625.0,5418.0,16867.0,22285.0,2025-01-25 16:01:08
2025-01-25 17:00:00,12,8081.13,8400.1925,8929.88,4.6738,0.4704833333333333,53867.62,54599.9125,54891.2,11391.52,12050.436666666666,44634.335,46.62076666666667,49809.66,49524.374573,11152.0,5594.0,5418.0,16746.0,22164.0,2025-01-25 17:01:09
2025-01-25 18:00:00,12,7694.61,8199.4375,8638.59,4.1859,2.0174333333333334,54573.17,55780.40666666667,56974.74,10787.39,11987.399166666668,45782.7225,40.763875,51116.21,50723.322178,10788.0,5405.0,5418.0,16193.0,21611.0,2025-01-25 18:01:09
2025-01-25 19:00:00,12,8730.82,9427.521666666667,9792.61,3.7098,2.093358333333333,57393.48,58272.02416666667,58706.91,13317.31,14591.02,45852.16416666666,27.73235833333333,51472.17,50794.303682,10270.0,5418.0,5418.0,15688.0,21106.0,2025-01-25 19:01:08
2025-01-25 20:00:00,12,9749.75,9980.541666666666,10200.51,0.8278,0.490575,58887.24,59634.51499999999,60158.68,15619.91,16046.4075,45768.64666666667,28.9909,50903.92,50205.11333,9507.0,5752.0,5418.0,15259.0,20677.0,2025-01-25 20:01:10
2025-01-25 21:00:00,12,9346.98,9612.835,9886.83,1.0432,0.4219583333333332,56485.59,57603.339166666665,58544.56,14631.95,15154.5775,44341.817500000005,33.24418333333333,49674.12,49193.251514,9554.0,5752.0,5418.0,15306.0,20724.0,2025-01-25 21:01:08
2025-01-25 22:00:00,12,9322.07,9530.703333333331,9901.64,2.8811,1.174675,55816.02,56047.05833333333,56709.24,14608.2,15022.179166666669,42814.52333333334,33.66925833333334,48022.86,47634.279167,9454.0,5752.0,5418.0,15206.0,20624.0,2025-01-25 22:01:09
2025-01-25 23:00:00,12,9601.85,9787.603333333333,10097.71,2.3398,1.537825,55401.05,55637.184166666666,56152.91,15718.59,16075.576666666666,41603.6675,30.99229166666667,46653.15,46022.198823,8969.0,5752.0,5418.0,14721.0,20139.0,2025-01-25 23:01:09
2025-01-26 00:00:00,12,10119.71,10426.913333333332,10574.38,0.0,0.0,55514.3,56046.31,56484.94,16962.93,17872.259166666667,40417.973333333335,26.209166666666665,45618.94,44713.877607,9393.0,5432.0,5418.0,14825.0,20243.0,2025-01-26 00:01:09
2025-01-26 01:00:00,12,10315.23,10556.783333333336,10740.08,0.0,0.0,55761.89,55988.03666666666,56230.68,18133.45,18744.173333333336,39434.38416666666,26.179291666666668,44526.59,43740.760499,9752.0,5400.0,5418.0,15152.0,20570.0,2025-01-26 01:01:09
2025-01-26 02:00:00,12,10134.95,10478.7425,10795.12,0.0,0.0,52849.88,54443.9875,55718.37,16682.68,17729.045000000002,38698.89,31.658525,43596.61,43103.514636,9752.0,5400.0,5418.0,15152.0,20570.0,2025-01-26 02:01:17
2025-01-26 03:00:00,12,9516.97,9930.998333333331,10339.16,0.0,0.0,51567.11,52484.87333333333,53386.43,15043.99,16078.665,38569.66583333333,26.640708333333333,43324.08,42691.557418,9983.0,5400.0,5418.0,15383.0,20801.0,2025-01-26 03:01:08
2025-01-26 04:00:00,12,9236.35,9471.629166666668,9632.19,0.0,0.0,50057.39,50846.21833333333,51524.93,14358.0,14787.099166666669,37880.06416666667,33.761433333333336,43203.16,42933.243063,9935.0,5400.0,5418.0,15335.0,20753.0,2025-01-26 04:01:12
2025-01-26 05:00:00,12,8959.81,9216.396666666666,9530.47,0.0,0.0,50706.25,51039.614166666666,51316.89,13969.36,14508.229166666666,38312.5075,35.39273333333333,43740.49,43461.635428,9689.0,5400.0,5418.0,15089.0,20507.0,2025-01-26 05:01:09
2025-01-26 06:00:00,12,9338.31,9761.776666666668,10026.46,0.0,0.0,52322.07,52966.035,54009.02,14813.99,15506.6775,39358.90416666667,33.30416666666667,44873.92,44608.591244,9429.0,5400.0,5418.0,14829.0,20247.0,2025-01-26 06:01:19
2025-01-26 07:00:00,12,8412.36,9001.073333333334,10190.83,0.0,0.0,51631.86,52337.4675,53903.59,13347.75,14026.635833333334,40098.70583333333,33.298808333333334,45867.9,45824.295133,9429.0,5432.0,5418.0,14861.0,20279.0,2025-01-26 07:01:08
2025-01-26 08:00:00,12,8331.53,8680.340833333334,8905.85,0.0,0.0,52084.55,53404.31666666667,54599.37,12824.31,13336.413333333332,41921.8625,32.81200833333333,47413.11,47316.507939,9329.0,5432.0,5418.0,14761.0,20179.0,2025-01-26 08:01:08
2025-01-26 09:00:00,12,9120.85,9736.554166666669,10293.01,0.0,0.0,54527.82,55998.732500000006,57255.22,13657.17,14960.016666666668,43614.5325,30.58365,49471.22,48563.091366,8650.0,5494.0,5418.0,14144.0,19562.0,2025-01-26 09:01:11
2025-01-26 10:00:00,12,9717.43,9905.770833333334,10129.36,0.0,0.0,57471.09,57730.03,57988.31,15354.75,15793.695833333331,44483.85333333333,27.348241666666667,50388.84,49436.403253,8650.0,5494.0,5418.0,14144.0,19562.0,2025-01-26 10:01:12
2025-01-26 11:00:00,12,9894.63,10173.240833333331,10376.94,0.0,0.0,57937.95,58851.39666666667,59419.8,16196.15,16497.465,44676.33,24.637916666666666,50626.41,49881.560927,8650.0,5470.0,5418.0,14120.0,19538.0,2025-01-26 11:01:07
2025-01-26 12:00:00,12,10072.74,10334.141666666666,10610.64,0.0,0.0,59172.45,59322.708333333336,59512.6,16559.7,16790.963333333333,44657.04416666667,24.78783333333333,50700.37,50255.273131,8390.0,5491.0,5418.0,13881.0,19299.0,2025-01-26 12:01:10
2025-01-26 13:00:00,12,10104.36,10467.171666666669,10712.39,0.0,0.0,59951.7,60269.45333333333,60604.24,16902.5,17240.725833333334,45279.793333333335,25.020175,51005.24,50386.596036,8248.0,5491.0,5418.0,13739.0,19157.0,2025-01-26 13:01:10
2025-01-26 14:00:00,12,10252.19,10629.690833333334,10953.92,0.0,0.0,60210.93,60527.64833333334,61056.0,16975.08,17563.360833333332,45009.29916666666,24.415783333333334,50770.21,50366.932225,8186.0,5495.0,5418.0,13681.0,19099.0,2025-01-26 14:01:13
2025-01-26 15:00:00,12,10550.64,10848.546666666669,10995.41,0.0,0.0,59981.65,60673.70916666667,61061.68,17426.82,17831.428333333333,44765.817500000005,23.6274,50737.78,50460.340502,8327.0,5547.0,5418.0,13874.0,19292.0,2025-01-26 15:01:11
2025-01-26 16:00:00,12,9858.97,10691.2325,11239.29,0.0,0.0,59816.29,61438.59,62292.64,15686.01,17377.395833333332,45886.559166666666,23.253891666666664,51245.28,51091.166241,8317.0,5588.0,5418.0,13905.0,19323.0,2025-01-26 16:01:09
2025-01-26 17:00:00,12,8124.7,8772.415833333334,9913.02,0.0,0.0,57625.87,58547.8,59736.46,12333.35,13619.133333333331,46915.238333333335,41.134258333333335,52411.61,52266.422201,8346.0,5573.0,5418.0,13919.0,19337.0,2025-01-26 17:01:08
2025-01-26 18:00:00,12,8036.57,8427.778333333334,8865.62,0.0,0.0,58238.32,58876.4275,60174.25,12037.62,12637.540833333333,48143.79666666667,43.389825,53493.36,53264.95465,8446.0,5811.0,5418.0,14257.0,19675.0,2025-01-26 18:01:31
2025-01-26 19:00:00,12,8051.45,8318.243333333334,8648.68,0.0,0.0,58857.76,59169.8,59939.32,11808.38,12205.43,48731.21916666667,40.36555833333333,53804.62,53592.648105,8475.0,5647.0,5418.0,14122.0,19540.0,2025-01-26 19:01:09
2025-01-26 20:00:00,12,8462.78,8648.4725,9014.13,0.0,0.0,58445.62,58698.21333333334,58935.11,12146.58,12807.558333333334,47540.011666666665,39.21714166666667,52781.07,52568.067827,8895.0,5598.0,5418.0,14493.0,19911.0,2025-01-26 20:01:10
2025-01-26 21:00:00,12,8637.11,9015.6425,9415.63,0.0,0.0,58735.96,59333.09083333333,60046.07,13477.48,14533.725,46716.9775,34.028975,52097.91,51769.984705,8895.0,5598.0,5418.0,14493.0,19911.0,2025-01-26 21:01:08
2025-01-26 22:00:00,12,9360.39,9931.1875,10269.32,0.0,0.0,58481.57,59112.70916666667,59465.89,15772.28,16734.45666666667,44701.9975,29.24733333333333,50531.31,49686.104679,8950.0,5598.0,5418.0,14548.0,19966.0,2025-01-26 22:01:09
2025-01-26 23:00:00,12,10189.65,10775.1025,11459.1,0.0,0.0,58869.64,59447.33083333333,59955.78,17522.57,18538.829166666663,43372.2925,27.993716666666668,48846.04,47783.053545,8176.0,5598.0,5418.0,13774.0,19192.0,2025-01-26 23:01:09
2025-01-27 00:00:00,12,11371.86,11486.998333333337,11625.11,0.0,0.0,60591.95,60801.85166666666,61077.81,20432.11,21186.40333333333,42519.37333333333,28.685150000000004,47666.86,46383.373016,8587.0,5558.0,5418.0,14145.0,19563.0,2025-01-27 00:01:12
2025-01-27 01:00:00,12,11374.98,11648.375833333334,11977.89,0.0,0.0,60157.7,60441.41,60588.25,21034.89,21418.995,41604.5825,27.52848333333333,46853.3,45816.164737,8736.0,5558.0,5418.0,14294.0,19712.0,2025-01-27 01:01:11
2025-01-27 02:00:00,12,11937.29,12090.843333333332,12289.88,0.0,0.0,60020.42,60225.23333333334,60546.88,20970.3,21186.794166666667,41061.78416666667,28.90395,46245.12,45883.852448,8736.0,5558.0,5418.0,14294.0,19712.0,2025-01-27 02:01:08
2025-01-27 03:00:00,12,11641.62,11937.4175,12245.71,0.0,0.0,59674.09,59999.005,60347.37,20024.05,20715.68,41201.5425,29.82413333333333,46623.48,46488.93849,8736.0,5472.0,5418.0,14208.0,19626.0,2025-01-27 03:01:28
2025-01-27 04:00:00,12,11385.59,11651.554166666669,11958.23,0.0,0.0,60315.96,60852.085,61158.31,19675.79,20145.1725,42673.16916666667,31.768316666666667,48027.02,47818.735094,8641.0,5472.0,5418.0,14113.0,19531.0,2025-01-27 04:01:14
2025-01-27 05:00:00,12,9196.05,10165.085833333333,11366.09,0.0,0.0,60592.06,61021.97583333333,61370.48,14788.1,16743.186666666665,46294.4325,32.846133333333334,51001.26,50959.763101,8715.0,5678.0,5418.0,14393.0,19811.0,2025-01-27 05:01:06
2025-01-27 06:00:00,12,8000.78,8643.739166666666,9320.05,0.0,0.0,60934.89,61171.16666666666,61590.58,11498.51,12756.6325,50333.90583333333,41.48408333333334,55142.82,55211.765047,8946.0,5678.0,5418.0,14624.0,20042.0,2025-01-27 06:01:31
2025-01-27 07:00:00,12,6735.29,7525.246666666667,8218.78,0.0,0.0,61282.07,61581.324166666665,61938.15,10260.38,10933.494166666664,52328.645833333336,40.414175,57420.46,57403.315842,9241.0,5546.0,5418.0,14787.0,20205.0,2025-01-27 07:01:08
2025-01-27 08:00:00,12,6982.6,7336.177500000001,7675.66,0.0,0.0,61054.21,61532.496666666666,62143.08,10232.24,11116.993333333334,52227.605,42.93645833333333,57583.37,57593.035661,9156.0,5656.0,5268.0,14812.0,20080.0,2025-01-27 08:01:10
2025-01-27 09:00:00,12,7008.62,7603.889166666667,8071.99,0.0,0.0,61124.77,61907.263333333336,62349.5,10989.7,12017.325833333334,51827.559166666666,44.92605833333334,57373.17,57137.18747,9156.0,5840.0,5268.0,14996.0,20264.0,2025-01-27 09:01:06
2025-01-27 10:00:00,12,7889.12,8214.529166666667,8636.8,0.0,0.0,61734.2,62425.45166666666,63068.93,12633.77,13474.744166666664,51254.83,33.532891666666664,56862.03,56330.653642,9003.0,5864.0,5268.0,14867.0,20135.0,2025-01-27 10:01:09
2025-01-27 11:00:00,12,8653.38,9252.5375,10052.43,0.0,0.0,62570.52,63220.78583333333,63955.8,14177.96,15268.245,50539.81333333333,27.646316666666667,56292.93,55350.642762,9098.0,5829.0,5268.0,14927.0,20195.0,2025-01-27 11:01:08
2025-01-27 12:00:00,12,9791.95,10116.030833333332,10365.77,0.0,0.0,63760.2,63915.055,64170.83,16892.55,17368.335833333334,49507.205,25.02585833333333,55269.84,54131.329272,9201.0,5847.0,5268.0,15048.0,20316.0,2025-01-27 12:01:10
2025-01-27 13:00:00,12,10181.47,10637.413333333334,11070.02,0.0,0.0,63923.89,64250.70166666667,64567.34,18019.07,18845.62583333333,49212.77166666667,25.7967,54861.91,52930.979888,8815.0,5872.0,5268.0,14687.0,19955.0,2025-01-27 13:01:07
2025-01-27 14:00:00,12,10658.15,10894.764166666666,11235.37,0.0,0.0,63628.04,64340.2075,64687.32,19487.08,20019.71,48688.01583333333,24.980741666666663,54246.06,51710.292346,8811.0,5877.0,5268.0,14688.0,19956.0,2025-01-27 14:01:09
2025-01-27 15:00:00,12,10244.98,10773.695833333331,11092.26,0.0,0.0,61065.11,62341.355833333335,63588.76,17559.44,18853.478333333333,46906.06333333333,25.077483333333333,52755.56,51089.953538,8811.0,5767.0,5268.0,14578.0,19846.0,2025-01-27 15:01:13
2025-01-27 16:00:00,12,8958.12,9720.425,10369.52,0.0,0.0,59284.8,60542.8,61556.45,13645.43,15877.32,46830.6,30.44763333333333,52144.41,51695.915003,8676.0,5783.0,5268.0,14459.0,19727.0,2025-01-27 16:01:08
2025-01-27 17:00:00,12,7955.53,8579.816666666668,9463.5,0.0,0.0,57803.57,58260.6425,59101.45,10492.03,11771.389166666668,48310.51416666667,49.39245,53302.01,53312.259047,8662.0,5705.0,5268.0,14367.0,19635.0,2025-01-27 17:01:07
2025-01-27 18:00:00,12,7113.44,7357.947499999999,7888.41,0.0,0.0,57277.83,57490.75,57964.76,9482.27,9757.754166666668,49449.00916666666,50.69868333333333,54863.3,54841.948897,8562.0,5638.0,5268.0,14200.0,19468.0,2025-01-27 18:01:09
2025-01-27 19:00:00,12,7223.9,7366.854166666667,7592.74,0.0,0.0,57870.11,58016.9275,58183.34,9704.29,10078.809166666666,49658.9775,59.1324,54838.22,54806.48828,8986.0,5900.0,5268.0,14886.0,20154.0,2025-01-27 19:01:08
2025-01-27 20:00:00,12,7187.19,7606.074166666666,7938.18,0.0,0.0,57885.66,58266.02333333334,58504.84,10158.7,10867.309166666668,49179.41583333333,55.49515,54279.97,54229.999798,8984.0,5903.0,5268.0,14887.0,20155.0,2025-01-27 20:01:10
2025-01-27 21:00:00,12,8020.16,8428.4475,8632.98,0.0,0.0,57011.39,57804.6025,58297.08,11603.8,12181.406666666668,47462.75333333333,42.616425,52942.43,52739.512895,8889.0,5829.0,5268.0,14718.0,19986.0,2025-01-27 21:01:08
2025-01-27 22:00:00,12,8389.79,8525.548333333334,8677.17,0.0,0.0,55887.3,56507.57750000001,56951.9,12288.85,12922.665833333333,45523.51083333333,41.26895833333334,51041.65,50659.379269,8969.0,5838.0,5268.0,14807.0,20075.0,2025-01-27 22:01:18
2025-01-27 23:00:00,12,8621.64,8726.378333333332,8864.86,0.0,0.0,54615.7,55020.05416666667,55488.83,13281.27,13693.989166666666,43818.58583333334,36.45686666666666,49583.58,48579.905274,8405.0,5832.0,5268.0,14237.0,19505.0,2025-01-27 23:01:11
2025-01-28 00:00:00,12,8424.19,8645.9925,8782.47,0.0,0.0,53273.74,53617.77583333334,54693.33,12964.19,13317.833333333334,42267.5125,35.00055833333334,47498.39,46937.195554,8867.0,5796.0,5268.0,14663.0,19931.0,2025-01-28 00:01:14
2025-01-28 01:00:00,12,8600.8,8756.268333333333,8985.4,0.0,0.0,52870.73,53115.026666666665,53245.7,13424.27,13556.555833333334,41761.1625,35.603883333333336,46879.12,46076.951523,8792.0,5796.0,5268.0,14588.0,19856.0,2025-01-28 01:01:10
2025-01-28 02:00:00,12,8955.07,9021.0775,9115.5,0.0,0.0,52335.46,52782.19666666666,53079.88,13674.1,13954.3875,41390.98583333333,38.233266666666665,46726.61,45751.838662,8810.0,6029.0,5268.0,14839.0,20107.0,2025-01-28 02:01:11
2025-01-28 03:00:00,12,8528.64,8812.673333333334,9138.28,0.0,0.0,52177.34,52306.82,52501.63,13219.47,13408.651666666668,41172.57833333333,46.6627,46290.69,45631.413309,8970.0,5709.0,5268.0,14679.0,19947.0,2025-01-28 03:01:09
2025-01-28 04:00:00,12,8613.15,8741.957499999999,8895.84,0.0,0.0,52279.39,52452.23,52780.86,12561.03,13052.539166666667,41827.2575,54.35494166666667,46935.36,46271.149386,9035.0,5492.0,5268.0,14527.0,19795.0,2025-01-28 04:01:10
2025-01-28 05:00:00,12,8331.61,8505.168333333333,8807.12,0.0,0.0,53031.4,53552.32333333333,54590.48,11636.9,12252.134166666665,43380.1525,66.5192,48667.31,48407.888367,8835.0,5492.0,5268.0,14327.0,19595.0,2025-01-28 05:01:07
2025-01-28 06:00:00,12,7711.52,8290.773333333333,8543.03,0.0,0.0,55158.88,56089.22083333333,56613.53,10382.14,11252.8275,46718.84,73.877775,51898.88,51845.17477,9163.0,5492.0,5268.0,14655.0,19923.0,2025-01-28 06:01:09
2025-01-28 07:00:00,12,6668.08,7156.335,7679.35,0.0,0.0,56017.94,56391.4375,56756.58,9707.6,10429.960833333333,47798.89916666667,65.81605833333333,53087.64,52887.812496,9264.0,5504.0,5268.0,14768.0,20036.0,2025-01-28 07:01:10
2025-01-28 08:00:00,12,7287.98,7465.344166666667,7791.35,0.0,0.0,56776.27,57036.743333333325,57669.78,11156.64,11581.71,47425.60416666666,65.2489,52958.05,52887.47579,9243.0,5647.0,5268.0,14890.0,20158.0,2025-01-28 08:01:12
2025-01-28 09:00:00,12,7383.06,7597.881666666667,7784.28,0.0,0.0,56511.11,56863.40916666667,57327.7,11427.75,11747.4925,47047.19166666667,49.40045,53165.26,53062.787823,9474.0,5737.0,5268.0,15211.0,20479.0,2025-01-28 09:01:09
2025-01-28 10:00:00,12,7098.94,7263.486666666667,7648.66,0.0,0.0,57133.22,57660.38333333333,58154.67,11617.14,11914.704166666665,47884.065,39.914366666666666,53387.35,52874.770486,9471.0,5789.0,5268.0,15260.0,20528.0,2025-01-28 10:01:11
2025-01-28 11:00:00,12,7296.86,7755.889999999999,8268.88,0.0,0.0,57339.59,57753.415,58102.16,11773.65,12653.755833333336,47517.901666666665,37.3071,52770.03,52048.141763,9361.0,5784.0,5268.0,15145.0,20413.0,2025-01-28 11:01:08
2025-01-28 12:00:00,12,8217.9,8630.102499999999,8893.44,0.0,0.0,58375.61,58478.7525,58698.03,13676.46,14251.804166666669,47487.8,32.871575,52795.32,51310.948205,9292.0,5890.0,5123.0,15182.0,20305.0,2025-01-28 12:01:08
2025-01-28 13:00:00,12,8390.72,8715.354166666666,8911.17,0.0,0.0,57352.4,57803.4175,58238.25,13634.28,13859.0575,46769.83583333334,36.71835,51997.56,50861.418398,9342.0,5840.0,5123.0,15182.0,20305.0,2025-01-28 13:01:09
2025-01-28 14:00:00,12,8171.12,8313.12,8612.16,0.0,0.0,56158.49,57034.05416666667,57690.4,13329.8,13828.288333333332,46472.29583333334,41.42606666666666,51678.9,50128.712091,9512.0,5740.0,5123.0,15252.0,20375.0,2025-01-28 14:01:11
2025-01-28 15:00:00,12,7900.4,8074.755,8440.37,0.0,0.0,54783.5,55206.33416666667,55925.02,12088.23,12458.084166666667,45065.8875,47.43586666666667,50255.1,49608.006329,9479.0,5827.0,5123.0,15306.0,20429.0,2025-01-28 15:01:10
2025-01-28 16:00:00,12,8109.75,8245.755,8403.59,0.0,0.0,54981.63,55134.185,55321.5,11846.75,12080.24,45316.20916666667,57.177533333333336,50550.39,50045.811806,9375.0,5776.0,5123.0,15151.0,20274.0,2025-01-28 16:01:09
2025-01-28 17:00:00,12,7718.28,8058.664166666666,8463.2,0.0,0.0,55365.31,55483.50416666667,55625.24,10422.68,11133.4775,46267.5975,56.12214166666666,51373.28,51240.372287,9175.0,5773.0,5123.0,14948.0,20071.0,2025-01-28 17:01:09
2025-01-28 18:00:00,12,6889.18,7188.544166666667,7471.98,0.0,0.0,55624.37,55876.68333333333,56337.03,9816.17,10253.575,47343.136666666665,61.37121666666667,52437.85,52513.482572,9175.0,5916.0,5123.0,15091.0,20214.0,2025-01-28 18:01:10
2025-01-28 19:00:00,12,6915.34,7453.9025,7762.98,0.0,0.0,56330.05,56585.9875,56866.14,10371.5,10974.469166666668,47396.40416666667,56.855475000000006,52430.03,52316.254807,9179.0,6553.0,5123.0,15732.0,20855.0,2025-01-28 19:01:07
2025-01-28 20:00:00,12,7653.37,7873.835,8029.8,0.0,0.0,56117.73,56465.5275,56761.38,11616.23,12108.788333333332,46180.66916666667,49.93105,51824.98,51389.514378,9087.0,6640.0,5123.0,15727.0,20850.0,2025-01-28 20:01:11
2025-01-28 21:00:00,12,7920.76,8098.177500000001,8260.74,0.0,0.0,56231.21,56457.93666666667,56603.41,12367.24,12762.1725,45888.74,41.35293333333333,50918.79,50148.656551,9207.0,6640.0,5123.0,15847.0,20970.0,2025-01-28 21:01:11
2025-01-28 22:00:00,12,8139.19,8345.566666666668,8735.29,0.0,0.0,54203.96,54438.99916666667,55083.04,12548.87,13090.23,43602.8475,37.36355,48879.3,47874.849429,9723.0,6677.0,5123.0,16400.0,21523.0,2025-01-28 22:01:20
2025-01-28 23:00:00,12,8423.41,8577.756666666666,8692.71,0.0,0.0,52456.09,52878.20333333333,53752.45,13431.21,13664.828333333331,41244.63416666667,36.586891666666666,46650.35,45679.224729,9280.0,6328.0,5123.0,15608.0,20731.0,2025-01-28 23:01:10
2025-01-29 00:00:00,12,7706.4,7928.1825,8561.63,0.0,0.0,48252.89,48817.05,51223.05,12170.95,12589.788333333332,38047.70166666667,44.02920833333334,44425.34,43933.128794,9945.0,6136.0,5123.0,16081.0,21204.0,2025-01-28 23:01:10
2025-01-29 01:00:00,12,7981.86,8065.495833333333,8170.5,0.0,0.0,47944.54,48673.50833333333,49175.14,12360.66,12702.420833333332,38305.7125,40.30549166666666,43710.6,42789.369495,9965.0,6136.0,5123.0,16101.0,21224.0,2025-01-28 23:01:10
2025-01-29 02:00:00,12,7988.29,8370.981666666667,8544.94,0.0,0.0,48140.21,48699.28833333333,49105.24,12370.53,13306.856666666668,37941.00916666666,38.954725,43238.07,42218.477967,9965.0,6136.0,5123.0,16101.0,21224.0,2025-01-28 23:01:10
2025-01-29 03:00:00,12,8454.3,8632.744166666665,8750.49,0.0,0.0,48747.24,49226.37666666667,49850.04,13558.28,13847.653333333334,37807.621666666666,34.906225,43336.86,42290.404675,9012.0,6126.0,5123.0,15138.0,20261.0,2025-01-28 23:01:10
2025-01-29 04:00:00,12,8599.4,8755.093333333332,8911.73,0.0,0.0,49893.54,50599.98333333334,51627.87,13497.52,14019.4975,38932.055,34.61835,44177.38,43160.397277,9012.0,6126.0,5123.0,15138.0,20261.0,2025-01-28 23:01:10
2025-01-29 05:00:00,12,8374.05,8636.025,8910.57,0.0,0.0,51794.31,52126.7925,52794.46,12982.45,13508.146666666667,40627.10083333333,36.427175,45818.11,45259.887996,9077.0,6126.0,5123.0,15203.0,20326.0,2025-01-28 23:01:10
2025-01-29 06:00:00,12,7738.94,8240.543333333333,8769.17,0.0,0.0,51838.09,52525.57750000001,53378.62,10754.79,11824.83,42586.77166666667,41.78554166666667,48367.7,48361.012279,9461.0,5718.0,5123.0,15179.0,20302.0,2025-01-28 23:01:10
2025-01-29 07:00:00,12,7658.16,8067.564166666666,8397.56,0.0,0.0,53055.39,54028.199166666665,54472.75,11944.99,12178.155,43918.81666666667,41.04465,49868.4,49685.969453,9390.0,5958.0,5123.0,15348.0,20471.0,2025-01-28 23:01:10
2025-01-29 08:00:00,12,8019.98,8190.869166666666,8437.67,0.0,0.0,53268.69,53760.3875,54012.07,11804.92,12001.055833333334,43754.31833333333,35.80243333333333,49808.54,49552.967537,9480.0,5958.0,5123.0,15438.0,20561.0,2025-01-28 23:01:10
2025-01-29 09:00:00,12,8113.98,8437.730833333333,8653.09,0.0,0.0,53212.53,53815.07083333333,54186.3,11289.98,11966.339166666668,43486.43166666666,37.164991666666666,49777.79,49604.391865,9380.0,5958.0,5123.0,15338.0,20461.0,2025-01-28 23:01:10
2025-01-29 10:00:00,12,7289.1,7758.628333333334,8114.57,0.0,0.0,53522.7,54044.21,54788.2,11044.99,11800.156666666668,44143.06666666666,40.71018333333333,49939.19,49749.730651,9380.0,5958.0,5123.0,15338.0,20461.0,2025-01-28 23:01:10
2025-01-29 11:00:00,12,7687.74,7953.978333333333,8221.36,0.0,0.0,54498.63,55111.31166666667,55850.32,12359.48,12825.645833333334,44429.95,36.12291666666667,50208.07,49599.140019,10155.0,5958.0,5123.0,16113.0,21236.0,2025-01-28 23:01:10
2025-01-29 12:00:00,12,7979.16,8332.940833333332,8630.88,0.0,0.0,54835.71,55571.5275,56078.24,12838.88,13818.968333333332,44340.93,33.525775,50139.3,49234.830487,10168.0,5958.0,5123.0,16126.0,21249.0,2025-01-28 23:01:10
2025-01-29 13:00:00,12,8521.56,8662.049166666666,8803.31,0.0,0.0,54793.98,55481.51083333333,55962.27,14236.46,14758.325833333334,43878.55583333334,31.561841666666663,50458.4,48989.372319,10155.0,5958.0,5123.0,16113.0,21236.0,2025-01-28 23:01:10
2025-01-29 14:00:00,12,8264.15,8460.490833333333,8668.01,0.0,0.0,54875.45,55718.22666666666,56101.14,15102.27,15441.618333333334,43599.49,28.71,50377.06,48709.668825,10155.0,5958.0,5123.0,16113.0,21236.0,2025-01-28 23:01:10
2025-01-29 15:00:00,12,8313.86,8490.036666666667,8710.26,0.0,0.0,55345.17,55986.10333333333,56346.57,15224.31,15618.813333333334,43302.165,27.419208333333334,49849.01,48546.71629,9395.0,5958.0,5123.0,15353.0,20476.0,2025-01-28 23:01:10
2025-01-29 16:00:00,12,9082.79,9259.8475,9662.73,0.0,0.0,56796.67,57337.86083333333,57734.65,15199.87,15739.614166666666,43785.425,26.24408333333333,49501.76,48897.640315,9175.0,6012.0,5123.0,15187.0,20310.0,2025-01-28 23:01:10
2025-01-29 17:00:00,12,7772.47,8714.685,9381.77,0.0,0.0,55019.74,56194.776666666665,57360.88,12004.21,13721.883333333331,44570.46,35.982875,50095.68,49891.996242,9175.0,5962.0,5123.0,15137.0,20260.0,2025-01-28 23:01:10
2025-01-29 18:00:00,12,7008.57,7252.563333333333,7571.64,0.0,0.0,55049.04,55319.10416666666,55749.0,11117.01,11297.0775,45989.66666666666,43.47260833333333,51102.8,50916.254332,9391.0,5982.0,5123.0,15373.0,20496.0,2025-01-28 23:01:10
2025-01-29 19:00:00,12,7229.74,7419.796666666666,7800.28,0.0,0.0,54505.17,54718.255000000005,55542.66,11106.8,11547.694166666666,45265.9275,53.65331666666666,50877.51,50533.576245,9391.0,6202.0,5123.0,15593.0,20716.0,2025-01-28 23:01:10
2025-01-29 20:00:00,12,7812.52,8144.808333333333,8455.79,0.0,0.0,55678.96,55826.06416666667,55975.15,12271.77,12891.655,44841.2675,46.58226666666667,49842.17,49586.969085,8832.0,6262.0,5123.0,15094.0,20217.0,2025-01-28 23:01:10
2025-01-29 21:00:00,12,8051.48,8262.8625,8604.88,0.0,0.0,55155.89,55509.38916666667,55837.85,13140.88,13885.695833333331,43631.04833333333,37.03899166666667,48694.3,48228.147776,8832.0,5882.0,5123.0,14714.0,19837.0,2025-01-28 23:01:10
2025-01-29 22:00:00,12,8283.7,8537.073333333334,8993.06,0.0,0.0,52947.54,53698.401666666665,54728.2,14648.45,15258.21,40494.3625,35.36845833333333,46710.75,46110.905538,8832.0,5882.0,5123.0,14714.0,19837.0,2025-01-28 23:01:10
2025-01-29 23:00:00,12,8775.63,9032.1575,9444.2,0.0,0.0,52905.96,53421.2075,54529.0,16021.09,16756.74666666667,38893.926666666666,31.8191,44452.67,43685.570721,8105.0,5772.0,5123.0,13877.0,19000.0,2025-01-28 23:01:10
2025-01-30 00:00:00,12,9323.14,9680.113333333333,10172.16,0.0,0.0,53423.54,53816.14083333333,54297.2,17598.99,18425.72583333333,37739.595,27.43415,43073.4,42022.629619,8105.0,5772.0,5123.0,13877.0,19000.0,2025-01-28 23:01:10
2025-01-30 01:00:00,12,10376.85,10710.998333333331,11036.9,0.0,0.0,54490.48,54637.535833333335,54762.56,19718.56,20232.00833333333,36951.10416666666,21.97955,42409.72,41023.591946,8050.0,5772.0,5123.0,13822.0,18945.0,2025-01-28 23:01:10
2025-01-30 02:00:00,12,10481.84,10700.9775,10966.48,0.0,0.0,53565.91,53898.15833333333,54520.18,19794.27,20033.244166666667,36280.82833333333,27.457708333333333,41208.41,40371.989595,8050.0,5772.0,5123.0,13822.0,18945.0,2025-01-28 23:01:10
2025-01-30 03:00:00,12,10703.27,10876.928333333331,11093.25,0.0,0.0,53369.3,53798.41166666666,54236.16,19389.12,20055.334166666667,36386.3825,27.41505,41221.66,40270.410122,8050.0,5772.0,5123.0,13822.0,18945.0,2025-01-28 23:01:10
2025-01-30 04:00:00,12,10356.31,10484.224166666669,10907.01,0.0,0.0,53038.1,53191.71333333334,53459.9,18248.27,18780.5275,37031.879166666666,30.006191666666663,41780.38,40886.030233,8050.0,5772.0,5123.0,13822.0,18945.0,2025-01-28 23:01:10
2025-01-30 05:00:00,12,9659.88,10113.1175,10625.9,0.0,0.0,53428.99,53547.29916666666,53685.27,16553.52,17486.540833333333,38059.56333333333,28.277216666666664,42885.72,42696.950917,8050.0,5772.0,5123.0,13822.0,18945.0,2025-01-28 23:01:10
2025-01-30 06:00:00,12,8704.39,9110.911666666669,9502.75,0.0,0.0,53627.49,53937.07916666666,54240.44,13723.89,14968.4125,40817.065,29.246783333333337,45819.81,45829.719314,8100.0,5409.0,5123.0,13509.0,18632.0,2025-01-28 23:01:10
2025-01-30 07:00:00,12,8192.1,8395.574166666667,8637.45,0.0,0.0,53943.71,54222.14916666667,54603.41,13332.69,13824.793333333331,42263.52916666667,27.74523333333333,47592.7,47473.023176,8029.0,5549.0,5123.0,13578.0,18701.0,2025-01-28 23:01:10
2025-01-30 08:00:00,12,8563.41,9417.235833333334,10241.88,0.0,0.0,54451.02,57271.44666666666,59729.89,14592.94,17085.925,42352.635,19.760941666666668,48196.52,47772.727459,8035.0,5549.0,5123.0,13584.0,18707.0,2025-01-28 23:01:10
2025-01-30 09:00:00,12,9547.76,10054.335,10469.33,0.0,0.0,57223.87,58169.065,58777.43,16581.33,17636.065833333334,42677.99583333333,20.25755833333333,48380.02,48065.762839,8300.0,5749.0,5123.0,14049.0,19172.0,2025-01-28 23:01:10
2025-01-30 10:00:00,12,8792.84,9245.813333333334,9528.16,0.0,0.0,55351.02,56631.08583333334,57841.36,14903.94,16215.560833333331,42546.300833333335,22.91675833333333,48469.93,48113.486583,8400.0,5749.0,5123.0,14149.0,19272.0,2025-01-28 23:01:10
2025-01-30 11:00:00,12,9085.59,9878.643333333332,11020.45,0.0,0.0,56405.6,58554.394166666665,61621.31,16988.25,18949.941666666666,42063.98333333333,17.269283333333334,48429.05,47616.500071,8450.0,5749.0,5123.0,14199.0,19322.0,2025-01-28 23:01:10
2025-01-30 12:00:00,12,10148.25,10828.714166666668,11758.66,0.0,0.0,61552.07,63304.7425,65553.33,21701.15,23787.74666666667,42423.52583333333,10.145183333333334,48698.84,47503.932234,8450.0,5749.0,5123.0,14199.0,19322.0,2025-01-28 23:01:10
2025-01-30 13:00:00,12,10997.58,11414.469166666668,12173.75,0.0,0.0,65939.53,66876.5925,67874.25,26205.49,27341.235833333336,43052.23,11.117908333333332,49242.76,47494.865344,8450.0,5749.0,5123.0,14199.0,19322.0,2025-01-28 23:01:10
2025-01-30 14:00:00,12,11214.87,11827.356666666668,12681.14,0.0,0.0,67621.97,68349.505,68762.24,27895.02,28578.904166666664,43411.29083333333,11.739183333333337,49140.54,47352.352519,8450.0,5740.0,5123.0,14190.0,19313.0,2025-01-28 23:01:10
2025-01-30 15:00:00,12,10796.81,11308.27,12336.87,0.0,0.0,65621.93,66751.67916666667,67518.87,26192.27,27327.471666666665,42893.35166666666,15.017758333333331,48507.15,46970.194078,8185.0,5740.0,5123.0,13925.0,19048.0,2025-01-28 23:01:10
2025-01-30 16:00:00,13,10012.44,10560.872307692309,11596.06,0.0,0.0,60783.95,63127.371538461535,65502.88,19745.3,22715.385384615387,43152.561538461545,19.75685384615385,48027.2,47153.857972,8135.0,5540.0,5123.0,13675.0,18798.0,2025-01-28 23:01:10
2025-01-30 17:00:00,12,7818.69,9313.120833333332,10612.86,0.0,0.0,54919.74,57461.1325,60842.61,12737.21,15903.433333333334,43488.380833333336,28.727441666666667,48089.79,47798.357891,7967.0,5540.0,5123.0,13507.0,18630.0,2025-01-28 23:01:10
2025-01-30 18:00:00,12,7578.58,7990.544166666667,8541.36,0.0,0.0,54241.86,54486.07666666667,54845.07,11906.52,12297.175833333333,43992.37083333333,35.01959166666666,49149.34,49034.710261,7914.0,6044.0,5123.0,13958.0,19081.0,2025-01-28 23:01:10
2025-01-30 19:00:00,12,7575.88,7884.515833333334,8164.1,0.0,0.0,54658.34,54999.03833333333,55477.7,11790.23,12360.79,44500.93333333333,36.287216666666666,49237.18,49060.910824,7574.0,6044.0,5123.0,13618.0,18741.0,2025-01-28 23:01:10
2025-01-30 20:00:00,12,8113.34,8623.416666666666,9010.33,0.0,0.0,55389.14,56031.74,56530.84,12952.11,13914.331666666669,43992.39083333333,34.83126666666667,48839.17,48716.805813,7574.0,6044.0,5123.0,13618.0,18741.0,2025-01-28 23:01:10
2025-01-30 21:00:00,12,8661.66,8949.548333333334,9407.62,0.0,0.0,56105.48,56403.76833333333,56666.25,14574.6,15293.206666666669,43117.14833333334,32.162375,48146.15,47863.241194,7574.0,5844.0,5123.0,13418.0,18541.0,2025-01-28 23:01:10
2025-01-30 22:00:00,12,9667.47,10000.859166666669,10358.23,0.0,0.0,56576.89,57021.74583333333,57412.51,16600.43,17683.015833333335,41280.98333333333,30.32720833333333,46472.53,45978.199016,7574.0,5841.0,5123.0,13415.0,18538.0,2025-01-28 23:01:10
2025-01-30 23:00:00,12,10072.51,10247.458333333334,10448.59,0.0,0.0,55293.64,55482.29916666666,55684.34,17583.58,18143.131666666664,38954.35,30.0982,44172.98,43966.114189,7407.0,5841.0,5123.0,13248.0,18371.0,2025-01-28 23:01:10
2025-01-31 00:00:00,12,10378.73,10565.885833333334,10738.7,0.0,0.0,54742.77,55085.7675,55370.56,18726.52,19008.0075,38375.22666666666,29.99393333333333,43486.42,42787.358452,7397.0,5791.0,5123.0,13188.0,18311.0,2025-01-28 23:01:10
2025-01-31 01:00:00,13,10472.57,10781.503846153846,11152.93,0.0,0.0,55210.41,55670.36,55935.98,19319.14,20056.683846153846,38102.63615384616,31.53213076923077,43147.02,42216.52597,7397.0,5791.0,5123.0,13188.0,18311.0,2025-01-28 23:01:10
2025-01-31 02:00:00,12,10724.32,10961.133333333331,11154.81,0.0,0.0,55544.07,55796.1825,55933.4,20177.79,20605.95,37524.21666666667,28.80135,42717.92,41998.303768,7397.0,5791.0,5123.0,13188.0,18311.0,2025-01-28 23:01:10
2025-01-31 03:00:00,12,11222.54,11380.616666666669,11612.98,0.0,0.0,55863.06,56586.44833333333,57755.5,20507.29,21191.054166666665,37409.8475,28.057908333333334,42744.95,42398.463667,7397.0,5791.0,5123.0,13188.0,18311.0,2025-01-28 23:01:10
2025-01-31 04:00:00,12,10866.61,11309.534166666666,11958.39,0.0,0.0,56688.34,57582.10333333333,58216.29,19093.79,20822.0675,38780.685,29.66463333333333,43685.27,43417.672734,7397.0,5791.0,5123.0,13188.0,18311.0,2025-01-28 23:01:10
2025-01-31 05:00:00,13,9810.07,10268.127692307691,10712.71,0.0,0.0,55195.34,56322.65615384616,57103.05,16572.68,17421.043076923077,40632.83,35.23432307692308,45922.25,45927.976287,7397.0,5791.0,5123.0,13188.0,18311.0,2025-01-28 23:01:10
2025-01-31 06:00:00,12,8269.19,8960.348333333333,9715.67,0.0,0.0,56291.88,56652.3,57500.34,13064.46,14182.266666666668,44513.25916666666,37.41321666666666,49763.58,49785.680137,6816.0,5544.0,5123.0,12360.0,17483.0,2025-01-28 23:01:10
2025-01-31 07:00:00,12,7154.9,7436.400833333333,7997.82,0.0,0.0,57148.37,57600.0925,58958.43,12305.38,12865.494166666664,46675.88583333333,32.78596666666667,51834.7,51729.7224,6816.0,5222.0,5123.0,12038.0,17161.0,2025-01-28 23:01:10
2025-01-31 08:00:00,12,8413.94,10614.313333333334,12331.77,0.0,0.0,59852.38,64603.74,69480.72,16098.07,21451.091666666667,46101.130833333336,10.337908333333331,52527.18,51395.025572,6809.0,5222.0,5123.0,12031.0,17154.0,2025-01-28 23:01:10
2025-01-31 09:00:00,12,12264.99,12675.864166666666,12980.91,0.0,0.0,68477.94,69700.27333333333,70288.88,26872.97,28385.525,46132.27916666667,0.0661666666666666,53352.08,50241.859634,6809.0,5222.0,5123.0,12031.0,17154.0,2025-01-28 23:01:10
2025-01-31 10:00:00,12,12350.15,12557.652500000002,12767.01,0.0,0.0,68797.96,69114.00666666667,69448.06,27588.3,28485.075,44115.9975,-0.5574416666666666,50876.01,48801.207876,6999.0,5222.0,5123.0,12221.0,17344.0,2025-01-28 23:01:10
2025-01-31 11:00:00,12,12505.7,12751.953333333331,12913.22,0.0,0.0,68607.95,69291.05166666667,69922.93,29315.13,30212.415833333333,41855.115,-1.7515166666666666,48944.13,47596.96424,6999.0,5222.0,5123.0,12221.0,17344.0,2025-01-28 23:01:10
2025-01-31 12:00:00,12,12924.04,13135.660833333332,13339.14,0.0,0.0,69209.55,69894.22,70538.72,31677.2,32136.960000000003,40411.39166666667,-2.50225,47834.36,46731.954077,6998.0,5222.0,5123.0,12220.0,17343.0,2025-01-28 23:01:10
2025-01-31 13:00:00,12,12951.83,13067.338333333331,13234.47,0.0,0.0,67627.92,68621.22916666667,69282.16,30725.14,31509.676666666663,39414.3375,-2.2968333333333333,46870.84,46075.976006,6808.0,5222.0,5123.0,12030.0,17153.0,2025-01-28 23:01:10
2025-01-31 14:00:00,12,12510.94,12796.060833333337,13029.63,0.0,0.0,65345.55,66679.58,67504.62,29889.16,30351.170833333334,38242.79916666666,-2.170166666666667,46195.65,45747.695068,6808.0,5222.0,5123.0,12030.0,17153.0,2025-01-28 23:01:10
2025-01-31 15:00:00,12,12520.39,12780.421666666669,13083.94,0.0,0.0,62203.44,63778.118333333325,65441.24,28887.94,29700.28833333333,36193.33666666666,-1.8856583333333332,46102.55,45527.134562,6808.0,5182.0,5123.0,11990.0,17113.0,2025-01-28 23:01:10
2025-01-31 16:00:00,12,12967.02,13943.234166666669,14856.71,0.0,0.0,61902.75,64453.4575,65935.0,28026.09,30099.5875,36217.2375,-1.2616416666666666,46233.49,46024.332242,6678.0,5141.0,5123.0,11819.0,16942.0,2025-01-28 23:01:10
2025-01-31 17:00:00,15,9492.68,12376.35,14916.17,0.0,0.0,53004.69,58914.436,64494.83,12805.4,19728.20133333333,41276.50266666667,25.46015333333333,46658.48,46662.104681,6463.0,5000.0,4921.0,11463.0,16384.0,2025-01-28 23:01:10
2025-01-31 18:00:00,12,8666.3,8955.050833333333,9297.78,0.0,0.0,52265.8,52817.595,53277.52,11834.55,12196.019166666669,42489.886666666665,40.891075,47853.92,47834.814738,6460.0,5007.0,4921.0,11467.0,16388.0,2025-01-28 23:01:10
2025-01-31 19:00:00,12,8440.34,8793.3575,9018.08,0.0,0.0,50990.09,52617.915,53379.6,11155.96,11992.87,42424.86916666666,39.02161666666667,47817.81,47794.629544,6450.0,5007.0,4921.0,11457.0,16378.0,2025-01-28 23:01:10
2025-01-31 20:00:00,12,8245.47,8445.699999999999,8542.42,0.0,0.0,51055.19,51270.31833333333,51477.83,11082.61,11267.0025,41841.09916666667,43.23654166666666,47501.87,47462.283885,6390.0,4926.0,4921.0,11316.0,16237.0,2025-01-28 23:01:10
2025-01-31 21:00:00,12,7965.31,8137.4075,8530.46,0.0,0.0,51298.86,51423.4575,51519.79,10902.98,11230.129166666666,41951.41,53.33655833333333,47071.73,47009.044092,6390.0,4926.0,4921.0,11316.0,16237.0,2025-01-28 23:01:10
2025-01-31 22:00:00,12,7830.06,7916.070833333334,8100.91,0.0,0.0,49017.68,49708.06333333333,51106.05,11331.04,11619.678333333335,40032.7525,44.60299166666667,46318.84,46184.554654,6390.0,4926.0,4921.0,11316.0,16237.0,2025-01-28 23:01:10
2025-01-31 23:00:00,12,7814.34,7987.3425,8239.8,0.0,0.0,49454.31,49969.081666666665,50858.43,11943.84,12412.809166666666,39561.79583333333,42.98109166666666,45474.77,45247.137368,3301.0,4226.0,4701.0,7527.0,12228.0,2025-01-28 23:01:10
2025-02-01 00:00:00,12,7256.51,7699.004166666667,8199.29,0.0,0.0,48252.82,48527.19416666666,49434.22,11531.38,11903.545833333332,38534.5925,48.51470833333334,44677.93,44208.205976,3301.0,4226.0,4701.0,7527.0,12228.0,2025-01-28 23:01:10
2025-02-01 01:00:00,12,8061.06,8412.121666666668,8721.52,0.0,0.0,48981.1,50332.30666666666,50780.99,12585.26,13140.736666666666,39175.13416666666,37.73348333333333,44590.01,43883.627065,3301.0,4226.0,4701.0,7527.0,12228.0,2025-01-28 23:01:10
2025-02-01 02:00:00,12,8533.78,9188.6575,9489.72,0.0,0.0,51023.46,51597.16916666667,52349.24,13852.03,15014.478333333333,38599.83583333334,35.14949166666667,44229.71,43686.553648,3301.0,4226.0,4701.0,7527.0,12228.0,2025-01-28 23:01:10
2025-02-01 03:00:00,12,9375.91,9519.1975,9917.99,0.0,0.0,52079.38,53121.81666666667,54202.75,15584.72,15850.8975,39227.15583333333,32.622,44666.65,44281.598265,3301.0,4226.0,4701.0,7527.0,12228.0,2025-01-28 23:01:10
2025-02-01 04:00:00,12,9416.52,9654.7275,9902.94,0.0,0.0,54238.39,54729.01,55156.26,15950.87,16123.955,40723.263333333336,30.838283333333333,45611.73,45088.640696,3301.0,4226.0,4701.0,7527.0,12228.0,2025-01-28 23:01:10
2025-02-01 05:00:00,12,8911.75,9260.165,9569.39,0.0,0.0,55269.61,55396.670000000006,55505.11,14255.47,15143.875833333334,42089.316666666666,30.85098333333333,46978.31,46657.684729,3301.0,4226.0,4701.0,7527.0,12228.0,2025-01-28 23:01:10
2025-02-01 06:00:00,14,8261.53,8671.523571428572,9208.01,0.0,0.0,55812.86,56077.0,56280.41,13081.83,13678.53642857143,44212.865,35.51847142857143,48966.05,48958.418889,3301.0,4183.0,4701.0,7484.0,12185.0,2025-01-28 23:01:10
2025-02-01 07:00:00,12,7615.86,7998.460833333333,8778.3,0.0,0.0,56378.37,56962.8875,58095.55,12277.49,13276.628333333334,45472.37583333333,33.597166666666666,50928.43,50874.830646,3301.0,3861.0,4701.0,7162.0,11863.0,2025-01-28 23:01:10
2025-02-01 08:00:00,14,8725.89,10242.127142857144,11393.97,0.0,0.0,56474.14,61193.34,64335.98,15208.48,19746.972142857143,43792.69714285714,10.990692857142855,51647.6,51018.860949,3304.0,3861.0,4701.0,7165.0,11866.0,2025-01-28 23:01:10
2025-02-01 09:00:00,12,10489.65,10693.118333333334,11294.95,0.0,0.0,61021.55,61500.715,62278.4,19846.54,20361.50083333333,43477.85166666666,11.349583333333332,50250.64,49716.884786,3304.0,3861.0,4701.0,7165.0,11866.0,2025-01-28 23:01:10
2025-02-01 10:00:00,12,10168.9,10635.8475,11106.86,0.0,0.0,58703.39,59792.27416666667,60785.25,18999.05,20677.02666666667,41933.95,5.336033333333333,48874.82,47763.053411,3647.0,3861.0,4701.0,7508.0,12209.0,2025-01-28 23:01:10
2025-02-01 11:00:00,12,10734.55,10890.486666666666,11152.38,0.0,0.0,60832.13,61555.975,62500.93,22317.1,23408.1675,41187.801666666666,0.4791749999999999,47771.24,46278.631953,3647.0,3861.0,4701.0,7508.0,12209.0,2025-01-28 23:01:10
2025-02-01 12:00:00,12,11320.98,11473.009166666665,11603.6,0.0,0.0,63135.69,63604.57749999999,63847.47,25660.85,26700.95833333333,39892.7625,-0.5749333333333334,46566.03,45086.964756,3647.0,3861.0,4701.0,7508.0,12209.0,2025-01-28 23:01:10
2025-02-01 13:00:00,12,11260.47,11689.2675,12174.17,0.0,0.0,63563.99,64958.2125,65890.33,27431.98,28763.12833333333,39692.785833333335,-1.5448166666666667,46442.78,44509.526651,3647.0,3861.0,4701.0,7508.0,12209.0,2025-01-28 23:01:10
2025-02-01 14:00:00,12,12060.21,12295.960833333333,12550.89,0.0,0.0,65821.39,66583.90666666666,67172.27,29731.21,30246.744166666667,39634.37666666667,-1.8597916666666665,46050.22,44329.352098,3647.0,3861.0,4701.0,7508.0,12209.0,2025-01-28 23:01:10
2025-02-01 15:00:00,12,12282.34,12454.436666666666,12617.8,0.0,0.0,66440.16,66811.11916666667,67131.38,30141.25,30462.914166666666,39325.528333333335,-2.13105,45828.0,44478.421563,3647.0,3861.0,4701.0,7508.0,12209.0,2025-01-28 23:01:10
2025-02-01 16:00:00,12,11931.91,12338.8225,12955.78,0.0,0.0,61449.67,64648.78083333333,66796.35,24333.67,27691.00333333333,39161.13333333333,-1.8146166666666668,45528.39,44792.606109,3647.0,3861.0,4701.0,7508.0,12209.0,2025-01-28 23:01:10
2025-02-01 17:00:00,12,9143.61,10672.68,12330.29,0.0,0.0,52234.86,56426.99,61989.53,13427.46,17542.47333333333,40935.15083333333,22.073566666666665,45438.38,45225.792546,3647.0,3861.0,4701.0,7508.0,12209.0,2025-01-28 23:01:10
2025-02-01 18:00:00,12,9105.69,9444.9375,10079.87,0.0,0.0,52231.21,54107.54666666667,56635.92,13621.87,14887.695,41231.2475,26.31103333333333,46296.26,46094.580169,3574.0,3904.0,4701.0,7478.0,12179.0,2025-01-28 23:01:10
2025-02-01 19:00:00,12,9950.25,10314.0775,11055.42,0.0,0.0,57268.85,58487.94,59632.5,17916.24,19204.159166666668,41293.68916666667,20.8172,46499.56,46286.505443,3574.0,3904.0,4701.0,7478.0,12179.0,2025-01-28 23:01:10
2025-02-01 20:00:00,12,10392.21,10760.149166666666,11432.12,0.0,0.0,58977.21,59393.57083333333,60093.29,19445.77,20332.356666666667,40920.64833333334,18.889983333333333,45820.77,45687.363063,3574.0,3904.0,4701.0,7478.0,12179.0,2025-01-28 23:01:10
2025-02-01 21:00:00,12,10835.14,11002.469166666668,11462.54,0.0,0.0,59070.25,59371.72416666666,59778.84,20394.63,20938.95833333333,40237.985,16.931391666666666,45300.92,45131.523005,3574.0,3904.0,4701.0,7478.0,12179.0,2025-01-28 23:01:10
2025-02-01 22:00:00,12,10918.81,11169.748333333337,11577.26,0.0,0.0,58933.19,59294.30416666667,59512.47,21015.21,21622.65,39386.14833333334,15.859483333333332,44501.57,44250.229187,3574.0,3904.0,4701.0,7478.0,12179.0,2025-01-28 23:01:10
2025-02-01 23:00:00,12,11352.3,11583.97,12085.13,0.0,0.0,57773.91,58570.90583333333,59516.02,21318.59,21953.7,38493.9425,13.676458333333334,43639.1,43239.733822,2734.0,3904.0,4651.0,6638.0,11289.0,2025-01-28 23:01:10
2025-02-02 00:00:00,12,11195.05,11480.685,11611.41,0.0,0.0,57229.21,57359.300833333335,57596.14,21610.53,21901.029166666664,37667.45,17.34143333333333,42942.71,42315.185568,2928.0,3904.0,4651.0,6832.0,11483.0,2025-01-28 23:01:10
2025-02-02 01:00:00,12,11164.54,11424.230833333331,11667.11,0.0,0.0,56486.75,56772.45583333333,57263.21,21351.21,21740.67333333333,37444.38166666667,17.549175,42567.48,41695.979279,2928.0,3904.0,4651.0,6832.0,11483.0,2025-01-28 23:01:10
2025-02-02 02:00:00,12,11457.21,11645.031666666668,12108.6,0.0,0.0,56369.98,56596.6025,56814.73,21610.9,21816.35,37035.78166666667,20.57229166666667,42151.32,41494.116444,2928.0,3904.0,4651.0,6832.0,11483.0,2025-01-28 23:01:10
2025-02-02 03:00:00,12,11210.75,11459.689166666663,11867.47,0.0,0.0,55174.84,55854.9875,56543.77,20598.03,21209.78083333333,36886.995,22.122408333333336,41797.08,41256.773388,2928.0,3904.0,4651.0,6832.0,11483.0,2025-01-28 23:01:10
2025-02-02 04:00:00,14,10680.12,10931.63357142857,11232.76,0.0,0.0,53510.78,54356.44214285714,55251.21,18241.9,19254.09357142857,36943.77785714286,27.54275714285714,41799.03,41641.606096,2928.0,3904.0,4651.0,6832.0,11483.0,2025-01-28 23:01:10
2025-02-02 05:00:00,12,9514.08,10121.021666666667,10572.03,0.0,0.0,52428.41,52979.81583333333,53388.55,15646.84,16961.837499999998,37881.68583333333,28.477775,42805.57,42511.92351,2928.0,3854.0,4651.0,6782.0,11433.0,2025-01-28 23:01:10
2025-02-02 06:00:00,12,8439.2,9299.360833333334,9947.24,0.0,0.0,50708.19,51641.1,52196.52,12820.96,14548.810833333337,38924.0425,32.600258333333336,43922.53,43781.087361,2928.0,3811.0,4651.0,6739.0,11390.0,2025-01-28 23:01:10
2025-02-02 07:00:00,12,6924.47,7370.0925,8084.18,0.0,0.0,49633.66,50176.77833333333,51299.02,11262.28,11952.795,40074.87,31.779775,45294.94,45142.400661,2928.0,3811.0,4651.0,6739.0,11390.0,2025-01-28 23:01:10
2025-02-02 08:00:00,12,8494.25,10617.615833333331,11879.02,0.0,0.0,51880.91,55753.455,59777.22,14200.64,18533.255,40569.835,8.0329,47159.91,45726.075809,2931.0,3811.0,4651.0,6742.0,11393.0,2025-01-28 23:01:10
2025-02-02 09:00:00,12,11507.96,11594.705,11688.98,0.0,0.0,57178.85,58310.2825,59363.82,20601.53,21496.726666666666,40971.316666666666,6.200858333333334,47604.76,45155.830156,2931.0,3811.0,4651.0,6742.0,11393.0,2025-01-28 23:01:10
2025-02-02 10:00:00,12,11283.74,11380.593333333332,11559.24,0.0,0.0,56506.25,56732.05,56909.4,20232.11,20643.86333333333,39480.32833333333,2.3793333333333333,46140.18,44304.145395,2931.0,3811.0,4651.0,6742.0,11393.0,2025-01-28 23:01:10
2025-02-02 11:00:00,12,11158.23,11311.313333333334,11450.45,0.0,0.0,54688.96,55658.80333333334,56273.61,18917.99,19990.01,38485.1075,4.091858333333334,45030.41,43785.722619,2931.0,3811.0,4651.0,6742.0,11393.0,2025-01-28 23:01:10
2025-02-02 12:00:00,12,10954.49,11158.105,11337.61,0.0,0.0,54382.56,54606.40333333333,54813.36,18583.61,18875.9525,37745.61833333333,9.721316666666668,44191.56,43767.648467,2931.0,3811.0,4651.0,6742.0,11393.0,2025-01-28 23:01:10
2025-02-02 13:00:00,12,11111.81,11219.590833333334,11544.68,0.0,0.0,54479.71,55226.43166666667,56262.59,18751.99,19312.789166666666,38132.28666666667,5.5852,44710.65,44125.911566,2931.0,3811.0,4651.0,6742.0,11393.0,2025-01-28 23:01:10
2025-02-02 14:00:00,12,11777.77,11925.2975,12232.25,0.0,0.0,56514.81,57731.27916666667,59477.79,20626.59,21615.441666666666,38657.17916666667,0.0031166666666666,45640.66,44745.666417,2931.0,3811.0,4651.0,6742.0,11393.0,2025-01-28 23:01:10
2025-02-02 15:00:00,12,11721.25,12020.838333333331,12338.67,0.0,0.0,59711.13,60127.45333333333,61268.74,23123.69,23620.02666666667,39005.99916666667,0.0297916666666666,46466.04,45552.312003,2931.0,3811.0,4651.0,6742.0,11393.0,2025-01-28 23:01:10
2025-02-02 16:00:00,12,11950.34,12145.451666666668,12426.1,0.0,0.0,58495.27,60450.1175,61944.45,20272.4,22401.2925,39982.31333333333,2.3025583333333333,46880.04,46427.327568,2931.0,3811.0,4651.0,6742.0,11393.0,2025-01-28 23:01:10
2025-02-02 17:00:00,12,8138.54,9808.6875,12071.08,0.0,0.0,51305.42,54123.77,58422.71,11089.78,14419.980833333337,41736.596666666665,27.561850000000003,46944.37,46907.869663,2931.0,3811.0,4651.0,6742.0,11393.0,2025-01-28 23:01:10
2025-02-02 18:00:00,12,7884.87,8454.8325,9123.62,5.7192,1.2136333333333331,51560.38,53209.38916666667,55005.25,11164.89,12138.619166666664,43127.42,28.720091666666665,48322.1,48148.60069,2928.0,3811.0,4651.0,6739.0,11390.0,2025-01-28 23:01:10
2025-02-02 19:00:00,12,8851.55,9823.029166666667,10927.86,1.6842,0.7699916666666667,54922.62,56925.05583333334,58824.13,13304.35,15400.8,43473.31583333333,21.990275,48628.95,48411.30266,2928.0,3811.0,4651.0,6739.0,11390.0,2025-01-28 23:01:10
2025-02-02 20:00:00,12,10280.05,10906.799166666666,11604.24,0.6077,0.2642083333333333,59463.18,60269.68833333333,61072.21,18106.74,19243.4425,43255.49416666666,15.366616666666664,48222.82,47701.133163,2928.0,3811.0,4651.0,6739.0,11390.0,2025-01-28 23:01:10
2025-02-02 21:00:00,12,10903.2,11270.405,11904.67,1.9757,0.4481333333333333,59572.38,60017.91666666666,60860.5,19987.58,20703.37083333333,41491.043333333335,15.184266666666668,46799.13,46335.327651,2928.0,3811.0,4651.0,6739.0,11390.0,2025-01-28 23:01:10
2025-02-02 22:00:00,12,11232.72,11620.766666666668,11903.02,1.3712,0.575525,59026.52,60234.8,60651.42,21524.91,22567.740833333333,39669.645833333336,10.79735,44766.09,44275.788021,2928.0,3811.0,4651.0,6739.0,11390.0,2025-01-28 23:01:10
2025-02-02 23:00:00,12,11617.53,11906.134166666665,12163.68,0.0,0.0,58246.67,58567.380833333336,58960.44,22609.86,23185.47,37611.130833333336,8.757150000000001,42759.89,42052.445471,2928.0,3811.0,4651.0,6739.0,11390.0,2025-01-28 23:01:10
2025-02-03 00:00:00,12,11842.28,11964.263333333334,12083.58,0.0,0.0,57684.7,57872.50833333333,58599.44,23692.82,24220.764166666664,36410.83666666666,6.12545,41660.47,40376.25337,2928.0,3811.0,4651.0,6739.0,11390.0,2025-01-28 23:01:10
2025-02-03 01:00:00,12,11994.4,12106.381666666666,12255.68,0.0,0.0,57896.2,58003.0,58185.79,25101.96,25612.4325,35520.2575,3.1229666666666667,40920.55,39357.278175,2928.0,3811.0,4651.0,6739.0,11390.0,2025-01-28 23:01:10
2025-02-03 02:00:00,12,12028.66,12116.089166666668,12191.42,0.0,0.0,57920.06,58086.589166666665,58259.24,26059.37,26215.5325,34758.21,2.2100166666666667,40096.14,38800.746079,2928.0,3811.0,4651.0,6739.0,11390.0,2025-01-28 23:01:10
2025-02-03 03:00:00,12,11991.59,12083.365833333335,12152.43,0.0,0.0,56979.68,57460.239166666666,57881.51,25066.56,25643.64833333333,34350.08666666666,6.0489250000000006,39666.94,38743.344081,2928.0,3811.0,4651.0,6739.0,11390.0,2025-01-28 23:01:10
2025-02-03 04:00:00,12,11826.69,11982.016666666668,12288.29,0.0,0.0,56275.35,56829.97583333333,57197.12,23495.26,24333.82083333333,34511.52833333333,7.203666666666667,39806.63,39498.774419,2928.0,3811.0,4651.0,6739.0,11390.0,2025-01-28 23:01:10
2025-02-03 05:00:00,12,10890.03,11509.0875,12286.97,0.0,0.0,53787.46,55212.06666666667,57260.57,19012.0,21191.80083333333,35824.17,12.032775,41803.28,41785.801315,2928.0,3811.0,4651.0,6739.0,11390.0,2025-01-28 23:01:10
2025-02-03 06:00:00,12,10426.1,10959.7075,11629.25,0.0,0.0,54222.73,55025.72083333333,55494.54,17119.83,18098.33916666667,38779.29416666667,16.856475,44841.7,44918.73688,2928.0,3811.0,4651.0,6739.0,11390.0,2025-01-28 23:01:10
2025-02-03 07:00:00,12,9442.22,9661.55,10266.91,0.0,0.0,54033.42,54363.48583333333,54972.3,15911.51,16178.426666666666,40167.39083333333,18.818991666666665,46370.79,46388.018624,2928.0,3811.0,4651.0,6739.0,11390.0,2025-01-28 23:01:10
2025-02-03 08:00:00,12,9721.29,11551.255833333336,12504.05,0.0,0.0,54283.33,57977.848333333335,60591.54,16701.91,20833.63833333333,39909.815,9.129916666666666,46970.96,46446.477939,2928.0,3811.0,4651.0,6739.0,11390.0,2025-01-28 23:01:10
2025-02-03 09:00:00,12,12208.61,12409.629166666666,12538.53,0.0,0.0,59359.48,60182.79666666667,60770.13,21903.6,22833.3875,40921.8525,8.5298,47851.1,46707.318287,2928.0,3811.0,4651.0,6739.0,11390.0,2025-01-28 23:01:10
2025-02-03 10:00:00,12,10921.16,11246.56,12098.52,0.0,0.0,55743.63,56993.61583333334,58698.36,18657.91,19312.4,40209.88166666667,16.4746,47753.93,47139.279867,2585.0,3811.0,4651.0,6396.0,11047.0,2025-01-28 23:01:10
2025-02-03 11:00:00,12,10889.71,11071.76,11240.84,0.0,0.0,56472.45,56778.20166666666,57222.21,18305.15,18814.185833333333,40622.41166666667,16.775000000000002,48476.06,47496.950753,2585.0,3811.0,4651.0,6396.0,11047.0,2025-01-28 23:01:10
2025-02-03 12:00:00,12,10869.82,11075.608333333332,11295.11,0.0,0.0,56282.46,56716.7375,57918.92,17820.39,18259.068333333333,40521.301666666666,17.090275000000002,48285.21,48025.121773,2585.0,3811.0,4651.0,6396.0,11047.0,2025-01-28 23:01:10
2025-02-03 13:00:00,12,10779.68,10952.3275,11275.55,0.0,0.0,58044.95,58603.38333333333,59673.11,18214.94,18616.1025,42159.22416666667,16.199041666666666,49333.51,49030.344804,2585.0,3811.0,4651.0,6396.0,11047.0,2025-01-28 23:01:10
2025-02-03 14:00:00,12,11379.15,11574.995,11855.87,0.0,0.0,60251.84,60839.85999999999,61756.51,19594.05,20192.66083333333,42961.675,14.780683333333334,50545.54,50164.506362,2585.0,3689.0,4651.0,6274.0,10925.0,2025-01-28 23:01:10
2025-02-03 15:00:00,12,11671.1,12113.564166666663,12810.64,0.0,0.0,62541.19,64055.61166666666,66876.39,21586.97,22593.16333333333,43853.5175,11.979008333333333,51678.33,51132.789887,2585.0,3689.0,4651.0,6274.0,10925.0,2025-01-28 23:01:10
2025-02-03 16:00:00,12,11150.01,12339.875833333334,13177.14,0.0,0.0,63397.7,65734.47499999999,67786.52,18263.4,21392.204166666663,46426.4025,20.04655,52151.88,51949.333798,2585.0,3689.0,4651.0,6274.0,10925.0,2025-01-28 23:01:10
2025-02-03 17:00:00,12,8276.64,9530.0525,10743.88,0.0,0.0,55375.1,58201.10666666667,61733.93,10488.69,12964.641666666668,47300.19666666666,48.67778333333333,52403.3,52289.700322,2585.0,3663.0,4651.0,6248.0,10899.0,2025-01-28 23:01:10
2025-02-03 18:00:00,12,8372.12,8787.828333333333,9038.22,2.4444,0.48845,55869.34,56995.894166666665,57984.46,10753.76,11680.1075,47346.16,36.052416666666666,52537.46,52391.820175,2585.0,3636.0,4651.0,6221.0,10872.0,2025-01-28 23:01:10
2025-02-03 19:00:00,12,8485.98,9313.484166666669,9860.08,0.5767,0.214125,56844.56,57961.72166666667,58787.95,11553.99,12793.174166666666,47106.81666666667,32.77173333333334,52319.25,52102.790273,2585.0,3636.0,4651.0,6221.0,10872.0,2025-01-28 23:01:10
2025-02-03 20:00:00,12,9826.61,9939.409166666666,10176.06,2.1359,0.7467,58242.73,58671.53916666666,59165.85,13981.02,14783.303333333331,45747.62916666667,30.699691666666663,51263.14,50992.907597,2585.0,3636.0,4651.0,6221.0,10872.0,2025-01-28 23:01:10
2025-02-03 21:00:00,12,10025.72,10614.4,11082.85,2.2454,0.8142583333333334,59399.77,60328.13916666667,60997.64,16543.72,17897.295833333334,44335.136666666665,22.898983333333334,49587.61,49336.628762,2585.0,3636.0,4651.0,6221.0,10872.0,2025-01-28 23:01:10
2025-02-03 22:00:00,12,9890.22,10335.9525,10747.58,0.0,0.0,57136.95,57602.3725,58005.46,16867.37,17924.156666666666,41518.12416666667,21.3022,47311.94,46978.758449,2585.0,3636.0,4651.0,6221.0,10872.0,2025-01-28 23:01:10
2025-02-03 23:00:00,12,10781.54,11096.64,11289.52,0.0,0.0,56334.65,56644.33,56933.43,18255.19,19266.314166666667,39301.43666666667,18.50701666666667,44707.48,44304.360399,2585.0,3636.0,4631.0,6221.0,10852.0,2025-01-28 23:01:10
2025-02-04 00:00:00,12,11358.85,11848.815833333334,12167.6,0.0,0.0,56429.45,56757.70166666667,57030.77,20454.73,21349.35083333333,37798.46583333333,19.82583333333333,43041.85,42219.207488,2585.0,3636.0,4631.0,6221.0,10852.0,2025-01-28 23:01:10
2025-02-04 01:00:00,12,11882.09,11973.293333333331,12187.03,0.0,0.0,56101.14,56492.0925,57097.31,21952.65,22280.716666666664,37240.88166666667,19.16815833333333,42327.69,40893.924277,2585.0,3636.0,4631.0,6221.0,10852.0,2025-01-28 23:01:10
2025-02-04 02:00:00,12,11725.91,11874.688333333334,11957.99,0.0,0.0,54057.46,55189.456666666665,56059.2,21158.44,21880.7125,35741.01583333333,19.208166666666667,40875.76,39983.772393,2585.0,3636.0,4631.0,6221.0,10852.0,2025-01-28 23:01:10
2025-02-04 03:00:00,12,11124.14,11264.054166666669,11799.58,0.0,0.0,52429.52,53057.305,54037.75,19956.02,20300.88666666667,35276.371666666666,23.738041666666664,40369.14,39666.179891,2585.0,3636.0,4631.0,6221.0,10852.0,2025-01-28 23:01:10
2025-02-04 04:00:00,12,10803.37,10982.698333333334,11138.96,0.0,0.0,50701.0,51783.48666666666,52352.0,18493.68,19130.4625,34946.02416666667,24.074133333333336,40475.83,39858.908062,2585.0,3636.0,4631.0,6221.0,10852.0,2025-01-28 23:01:10
2025-02-04 05:00:00,12,10234.1,10505.538333333332,10811.67,0.0,0.0,50621.44,51342.90666666667,52423.05,16337.54,17154.485,36299.075,25.824141666666662,41931.13,41599.846591,2585.0,3636.0,4631.0,6221.0,10852.0,2025-01-28 23:01:10
2025-02-04 06:00:00,12,8905.31,9484.193333333336,10714.03,0.0,0.0,51664.75,52468.745,53412.44,13036.9,14643.329166666668,39725.255,28.798891666666663,44719.19,44691.265035,2585.0,3636.0,4631.0,6221.0,10852.0,2025-01-28 23:01:10
2025-02-04 07:00:00,12,7866.9,8237.164166666667,8814.93,0.0,0.0,49082.41,50445.47,51698.43,11822.74,12238.520833333334,40005.575833333336,29.410808333333332,46333.6,46298.994214,2585.0,3816.0,4631.0,6401.0,11032.0,2025-01-28 23:01:10
2025-02-04 08:00:00,12,8197.24,8973.185,9500.87,0.0,0.0,48259.95,50608.23333333334,53111.02,12606.69,14398.075833333334,38531.23,22.326975,46932.9,46655.107483,2585.0,3816.0,4631.0,6401.0,11032.0,2025-01-28 23:01:10
2025-02-04 09:00:00,12,9069.28,9203.783333333333,9442.59,0.0,0.0,51613.84,52291.44333333333,52846.56,14412.99,14771.916666666666,40015.27333333334,23.79688333333333,47993.53,47502.705636,2585.0,3816.0,4631.0,6401.0,11032.0,2025-01-28 23:01:10
2025-02-04 10:00:00,12,8358.43,8835.176666666666,9352.04,0.0,0.0,51720.6,52456.51583333334,53037.0,13086.22,13981.731666666668,40802.13166666667,25.137308333333333,48552.84,48090.982899,2585.0,3816.0,4631.0,6401.0,11032.0,2025-01-28 23:01:10
2025-02-04 11:00:00,12,8758.47,9085.5925,9246.41,0.0,0.0,52389.16,53393.3425,53788.69,13498.06,14139.4475,41370.793333333335,23.197675,49256.21,48756.898046,2585.0,3816.0,4631.0,6401.0,11032.0,2025-01-28 23:01:10
2025-02-04 12:00:00,12,9056.92,9124.483333333334,9192.6,0.0,0.0,53544.87,53824.301666666666,54083.15,13696.35,14027.945,41924.261666666665,23.46463333333333,49846.98,49445.528833,2585.0,3816.0,4631.0,6401.0,11032.0,2025-01-28 23:01:10
2025-02-04 13:00:00,12,8625.57,8913.987500000001,9059.51,0.0,0.0,53344.85,53739.14916666667,54321.53,12857.82,13266.414166666667,42668.622500000005,27.702233333333336,50623.27,50222.998038,2585.0,3816.0,4631.0,6401.0,11032.0,2025-01-28 23:01:10
2025-02-04 14:00:00,12,8837.13,9251.315,9530.97,0.0,0.0,53935.94,54934.28416666667,55638.26,13633.45,14088.660833333332,44088.8775,32.61929166666667,52190.5,50822.525756,2585.0,3816.0,4631.0,6401.0,11032.0,2025-01-28 23:01:10
2025-02-04 15:00:00,12,9080.51,9219.2525,9425.11,0.0,0.0,55273.21,55811.450833333336,56437.36,13769.72,14336.981666666668,45020.33666666667,31.02231666666667,52960.17,51163.020375,2585.0,3816.0,4631.0,6401.0,11032.0,2025-01-28 23:01:10
2025-02-04 16:00:00,12,9584.68,9882.6525,10237.2,0.0,0.0,57380.13,58213.170000000006,58940.84,13972.46,15309.804166666669,45477.34666666667,24.17725833333333,52746.4,51573.886431,2585.0,3816.0,4631.0,6401.0,11032.0,2025-01-28 23:01:10
2025-02-04 17:00:00,12,6351.33,8165.580833333333,9854.23,0.6137,0.0513416666666666,53028.8,55588.89333333333,58087.79,7883.1,10728.8275,46839.73166666667,56.91809166666667,51893.03,51743.387866,2585.0,3816.0,4631.0,6401.0,11032.0,2025-01-28 23:01:10
2025-02-04 18:00:00,12,6148.45,6515.043333333334,7223.67,3.9807,1.4430083333333332,52576.94,53194.85916666667,54405.15,7782.62,8330.7075,46946.37833333333,82.32479166666667,51993.41,51887.955622,2585.0,3521.0,4631.0,6106.0,10737.0,2025-01-28 23:01:10
2025-02-04 19:00:00,12,6912.22,7149.3975,7484.56,10.4784,2.761325,53889.82,54268.80666666667,54466.29,9225.31,9559.060833333331,46587.51416666667,79.50480833333333,51630.74,51526.842113,2585.0,3521.0,4631.0,6106.0,10737.0,2025-01-28 23:01:10
2025-02-04 20:00:00,12,6750.35,6982.455833333333,7405.66,37.9818,7.828566666666667,52712.82,53598.55666666667,54015.76,9715.11,10282.114166666666,45127.23333333334,94.55496666666666,50140.27,50012.668178,2635.0,3660.0,4631.0,6295.0,10926.0,2025-01-28 23:01:10
2025-02-04 21:00:00,12,6452.88,7026.904166666667,7519.38,19.7595,5.231833333333333,52109.04,52384.7775,52596.68,9452.22,10594.688333333334,43783.545000000006,66.71276666666667,48867.65,48561.298092,2635.0,3660.0,4631.0,6295.0,10926.0,2025-01-28 23:01:10
2025-02-04 22:00:00,12,6527.91,6965.0025,7544.2,15.2502,3.517891666666667,48329.39,48914.5525,50049.35,9375.99,9996.723333333332,40731.068333333336,90.37034166666666,46509.18,46156.464805,2635.0,3660.0,4631.0,6295.0,10926.0,2025-01-28 23:01:10
2025-02-04 23:00:00,12,6639.97,6931.640833333334,7166.95,5.2005,1.4669,46388.79,46922.23666666666,47540.95,9669.45,10149.183333333332,38637.9675,86.55393333333332,44096.34,43627.356736,,,,,,
2025-02-05 00:00:00,12,7230.44,7816.1825,8307.09,2.727,1.2971083333333333,46725.71,46931.47916666666,47231.61,11315.09,11897.735,37770.0725,39.12741666666667,43345.52,42436.318326,,,,,,
2025-02-05 01:00:00,12,7861.77,8074.3175,8359.01,1.8252,0.5674666666666667,44589.89,45784.89166666666,46457.06,10440.17,11293.3725,36677.08583333334,45.84696666666667,41924.06,41491.776626,,,,,,
2025-02-05 02:00:00,12,7939.54,8375.09,8579.65,47.4783,27.366116666666667,43311.94,43704.55833333333,44042.57,9617.98,10430.278333333334,35618.69583333334,56.35398333333333,40888.04,40302.494396,,,,,,
2025-02-05 03:00:00,12,8243.76,8495.555,8651.46,25.9833,10.481866666666669,43950.1,44504.35333333333,45110.31,11114.89,11644.49,35658.6225,54.08230833333334,41005.64,40040.341811,,,,,,
2025-02-05 04:00:00,12,8661.5,8972.75,9219.91,4.1488,0.6137083333333333,45241.35,46134.1275,47199.51,12137.03,12627.705,36961.3475,49.70995833333333,42391.08,40789.648024,,,,,,
2025-02-05 05:00:00,12,8590.07,8911.2175,9272.07,12.007,4.2863,46738.23,46992.020833333336,47557.98,10622.65,11667.496666666666,37818.66333333334,40.11485,43157.02,42362.780341,,,,,,
2025-02-05 06:00:00,12,7318.89,7709.959166666666,8423.71,29.9997,13.717458333333331,46396.21,46808.598333333335,47130.38,8335.89,8953.914999999999,39907.4075,78.14841666666666,45062.39,44974.64201,,,,,,
2025-02-05 07:00:00,12,7189.16,7946.699166666666,8495.48,48.2483,36.05191666666666,46437.38,47050.0125,47660.6,8247.3,9444.885833333334,39721.1275,68.426825,46478.59,46246.035258,,,,,,
2025-02-05 08:00:00,12,8326.93,9013.660833333332,9387.35,25.2123,6.393008333333333,47390.67,49676.01416666667,51214.22,10675.98,12273.695833333331,39701.34333333333,37.70548333333333,47136.69,46905.624539,,,,,,
2025-02-05 09:00:00,12,9103.32,9479.799166666666,9975.35,1.8729,1.2867333333333333,50413.78,51952.32333333333,53143.07,12907.49,13912.214999999998,40560.46833333333,24.55975833333333,48676.47,48062.772282,,,,,,
2025-02-05 10:00:00,12,9428.21,9830.270833333334,10496.55,2.45,1.2969416666666669,53480.31,55255.935,57646.97,15286.03,16319.889166666668,41924.98,19.07605833333333,50231.6,49006.279479,,,,,,
2025-02-05 11:00:00,12,9473.3,9947.8125,10552.03,1.4324,0.7740916666666666,56761.36,58560.8075,60574.05,17390.61,18778.46416666667,43235.630833333336,15.203858333333336,51271.15,49695.132516,,,,,,
2025-02-05 12:00:00,12,10029.07,10374.9375,10682.12,0.0,0.0,61338.97,61939.3725,62754.71,20561.71,20876.03,44810.32,12.095716666666666,52036.58,50236.025311,,,,,,
2025-02-05 13:00:00,12,10407.32,11236.900833333331,11510.25,0.0,0.0,62249.04,63876.675833333335,64350.38,20622.66,21481.801666666663,45860.86166666666,13.03825,52206.58,50650.260044,,,,,,
2025-02-05 14:00:00,12,11128.03,11376.185,11756.57,0.0,0.0,63500.96,63843.5275,64300.48,20924.71,21442.535,45607.91333333333,12.755541666666666,52233.37,50868.81063,,,,,,
2025-02-05 15:00:00,12,11558.67,11824.924166666666,12339.55,0.0,0.0,64453.51,64990.585,66064.77,21770.96,22516.806666666667,45783.2375,10.955825,52680.39,50976.685687,,,,,,
2025-02-05 16:00:00,12,11799.06,12166.076666666668,12535.65,0.0,0.0,65514.89,66535.81083333334,67806.37,20287.5,22335.8275,46615.2375,13.112683333333337,52503.19,51539.8448,,,,,,
2025-02-05 17:00:00,12,9086.53,10508.225833333332,11912.06,0.0,0.0,58689.05,62251.956666666665,65653.69,13119.46,16605.84833333333,47869.0825,29.45990833333333,52257.28,51827.067925,,,,,,
2025-02-05 18:00:00,12,8944.39,9247.319166666666,9576.28,0.0,0.0,58404.68,58917.00833333333,59770.61,13265.91,13815.82,47177.809166666666,30.635816666666667,52414.26,52032.884353,,,,,,
2025-02-05 19:00:00,12,9376.63,9704.5225,10229.27,0.0,0.0,59962.93,60962.14083333333,61792.45,14608.84,15569.485833333332,47237.26416666667,26.010591666666667,52365.06,52001.383864,,,,,,
2025-02-05 20:00:00,12,10356.96,10710.268333333332,10925.28,0.0,0.0,61760.73,62147.08583333334,62685.14,17180.21,17957.912500000002,46093.394166666665,25.80085,51413.15,51042.031725,,,,,,
2025-02-05 21:00:00,12,10774.28,11043.4375,11201.14,0.0,0.0,60266.12,61350.57750000001,61711.68,18259.47,18917.931666666667,44603.3875,24.920266666666667,50078.84,49595.852387,,,,,,
2025-02-05 22:00:00,12,10776.78,11004.579166666668,11340.56,0.0,0.0,58915.41,59025.96916666667,59159.82,18085.7,18939.82416666667,42033.35083333333,21.142091666666666,47731.21,47256.339949,,,,,,
2025-02-05 23:00:00,12,11311.52,11517.220833333333,11850.59,0.0,0.0,58501.35,58751.613333333335,59065.79,20282.91,20869.724166666667,40289.331666666665,20.640666666666664,45664.91,44861.020124,,,,,,
2025-02-06 00:00:00,12,11806.74,12194.939166666663,12611.93,0.0,0.0,58275.95,58417.44416666666,58799.04,22145.57,22730.693333333333,38826.28916666666,19.110366666666668,44105.24,42864.981691,,,,,,
2025-02-06 01:00:00,12,12300.87,12379.764166666668,12505.75,0.0,0.0,57750.91,57961.46416666667,58372.97,23373.68,23696.3325,37250.026666666665,20.63445,42492.82,41321.414287,,,,,,
2025-02-06 02:00:00,12,12358.29,12468.24,12518.11,0.0,0.0,57189.37,57481.33583333334,57695.53,23974.11,24149.4825,36127.33666666666,19.786475,41519.54,40510.016455,,,,,,
2025-02-06 03:00:00,12,12167.43,12366.1475,12507.38,0.0,0.0,56031.77,56660.357500000006,57033.79,23746.23,24060.45833333333,35210.735,22.247741666666663,40839.43,39965.765109,,,,,,
2025-02-06 04:00:00,12,12344.75,12496.085833333333,12694.96,0.0,0.0,55643.56,56043.8625,56444.16,23158.95,23474.73166666667,34895.170000000006,22.93430833333333,40737.42,40231.764148,,,,,,
2025-02-06 05:00:00,12,11856.25,12181.691666666666,12631.59,0.0,0.0,55460.71,56261.80583333334,56677.01,21279.78,22103.654166666664,36270.13,20.25595833333333,42055.35,41772.044357,,,,,,
2025-02-06 06:00:00,12,10906.9,11354.221666666666,12259.17,0.0,0.0,57106.94,57763.01666666666,58370.05,20311.46,21505.06,38195.05583333333,39.702016666666665,43694.42,43646.111453,,,,,,
2025-02-06 07:00:00,12,10363.6,10548.213333333331,11122.1,0.0,0.0,56338.93,56633.95250000001,57726.79,19350.63,19875.0175,38622.52166666667,32.624091666666665,44695.94,44667.696242,,,,,,
2025-02-06 08:00:00,12,10202.55,11572.075833333334,12626.52,0.0,0.0,55393.91,58699.61166666666,61552.24,19801.16,21835.07416666667,39317.59083333333,19.861833333333333,45908.42,45689.371869,,,,,,
2025-02-06 09:00:00,12,12112.66,12500.108333333332,12678.74,0.0,0.0,59471.96,60891.93583333333,61525.24,22692.37,23388.149166666662,41234.61833333333,15.447925,49314.14,47566.263879,,,,,,
2025-02-06 10:00:00,12,11324.1,12274.7875,12609.32,0.0,0.0,59553.93,60227.645833333336,60700.32,21347.99,22213.61333333333,40809.71666666667,14.180725,49294.62,48296.642288,,,,,,
2025-02-06 11:00:00,12,11744.23,11918.871666666666,12076.53,0.0,0.0,59389.61,60104.385,60371.5,20644.52,20949.2075,41547.03,14.931525,49942.6,49265.118552,,,,,,
2025-02-06 12:00:00,12,10789.52,11381.116666666669,11765.28,0.0,0.0,59733.51,60220.79,60848.75,18844.06,20051.819166666668,42361.75916666666,16.210466666666665,50771.75,50410.968343,,,,,,
2025-02-06 13:00:00,12,10817.74,11118.08,11303.71,0.0,0.0,59987.42,61000.55,62266.09,18633.56,19281.52333333333,44038.79416666667,18.357625,52334.5,51825.568494,,,,,,
2025-02-06 14:00:00,12,11360.45,11538.009166666669,11675.42,0.0,0.0,62654.38,63199.12416666667,63669.21,19771.85,20081.1975,45712.19833333333,18.73075833333333,53623.86,52870.339612,,,,,,
2025-02-06 15:00:00,12,11395.9,11785.72,12157.77,0.0,0.0,63504.38,64828.193333333336,65801.95,19893.0,20627.0775,46682.71916666667,17.550225,54600.42,53837.608209,,,,,,
2025-02-06 16:00:00,12,10847.13,11800.359166666669,12460.27,0.0,0.0,63714.55,65468.00916666666,66797.74,17040.46,19874.921666666665,47771.19083333333,19.080575,54964.05,54661.046974,,,,,,
2025-02-06 17:00:00,12,9013.41,9711.684166666668,10846.62,0.3628,0.0302333333333333,59182.32,60653.04083333333,63351.14,12826.8,13847.43,48890.51083333333,41.13113333333333,54708.62,54335.976813,,,,,,
2025-02-06 18:00:00,12,8835.85,9248.039166666667,9959.96,3.119,1.7736583333333331,57853.58,58662.185,60030.35,11968.29,12614.4525,48024.91,40.78179166666667,53666.47,53599.14838,,,,,,
2025-02-06 19:00:00,12,10406.01,11167.838333333331,11700.71,4.4389,1.8575833333333331,60445.56,61125.10166666666,61574.23,14577.96,15950.225,47377.28666666666,31.055958333333333,53290.2,52919.317603,,,,,,
2025-02-06 20:00:00,13,11353.04,11691.94846153846,11907.62,3.8664,1.955769230769231,61365.33,61980.53307692308,62385.62,16559.28,16949.574615384616,47211.38,25.14767692307692,52402.7,51779.030428,,,,,,
2025-02-06 21:00:00,12,11488.75,11679.910833333332,11983.14,1.4359,1.1530333333333334,58365.91,59710.67083333334,61573.82,16839.09,17193.485833333332,45079.03166666667,23.10421666666667,50883.2,50074.691293,,,,,,
2025-02-06 22:00:00,12,11253.9,11647.847499999998,11909.77,1.9012,1.443975,55347.57,56806.86666666667,58403.88,16411.52,17160.3,42160.121666666666,20.27349166666667,48292.4,47319.943009,,,,,,
2025-02-06 23:00:00,15,11053.86,11333.908,11877.14,2.1774,1.2318533333333332,51935.41,53344.43666666667,56029.44,15545.93,16163.486,39484.56133333333,21.56322,45201.09,44533.153172,,,,,,
2025-02-07 00:00:00,13,9922.98,10307.313846153846,11329.23,0.0,0.0,51454.82,51777.313076923085,53703.96,15429.29,16118.642307692307,37932.72076923077,26.154515384615383,43356.76,42679.671397,,,,,,
2025-02-07 01:00:00,13,10217.25,10388.19923076923,10568.21,0.0,0.0,50137.07,50600.31923076923,51206.8,15712.32,15902.27153846154,36973.71538461538,27.388392307692307,42248.12,41491.835574,,,,,,
2025-02-07 02:00:00,12,10234.01,10326.293333333331,10500.85,0.0,0.0,49691.9,49847.43333333333,50077.96,15595.93,15863.3025,36356.379166666666,31.076675,41593.52,40804.580476,,,,,,
2025-02-07 03:00:00,12,10115.25,10322.236666666666,10578.06,0.0,0.0,49925.44,50132.239166666666,50272.35,16190.34,16708.36333333333,36397.6025,33.421841666666666,41735.81,40307.472467,,,,,,
2025-02-07 04:00:00,12,9207.21,9731.604166666666,10415.08,0.0,0.0,48616.07,49057.295000000006,49910.19,14239.87,15032.22,36201.025,32.45519166666667,41474.1,40944.564077,,,,,,
2025-02-07 05:00:00,12,9086.42,9200.375,9292.29,0.0,0.0,48367.3,48959.33916666667,49799.8,13192.99,13560.486666666666,37599.34916666667,35.85053333333333,42823.54,42428.75032,,,,,,
2025-02-07 06:00:00,12,7789.39,8369.949166666667,9414.81,0.0,0.0,49725.92,49902.08666666667,50111.38,10773.35,11615.914166666667,40355.50666666667,34.37775,45562.12,45389.789021,,,,,,
2025-02-07 07:00:00,12,7587.42,7770.526666666666,7923.28,0.0,0.0,49790.41,50039.77833333333,50745.78,10661.61,10949.673333333334,41073.35166666666,31.24876666666667,46804.07,46727.084943,,,,,,
2025-02-07 08:00:00,12,7797.11,8588.772500000001,9229.91,0.0,0.0,50953.71,52472.425,53747.91,11446.28,12925.948333333334,41629.46833333333,28.103575000000003,47337.96,47288.296192,,,,,,
2025-02-07 09:00:00,12,8610.64,9145.191666666668,9474.58,0.0,0.0,53807.07,54345.29833333333,54996.53,13287.22,13870.475,42942.3175,29.327975,48519.5,48153.058572,,,,,,
2025-02-07 10:00:00,12,8698.46,8877.6275,9060.94,0.0,0.0,54627.11,55501.76666666666,56647.0,13525.95,14061.600833333332,43801.45416666666,27.430091666666662,49789.82,49291.133958,,,,,,
2025-02-07 11:00:00,12,9112.74,9551.965833333334,9916.49,0.0,0.0,56934.94,58646.16916666667,59635.4,15290.21,16199.116666666669,44999.8325,22.307258333333333,50870.12,50070.249886,,,,,,
2025-02-07 12:00:00,12,9839.08,10013.363333333333,10140.13,0.0,0.0,59423.41,60513.525,61693.46,17070.3,17834.296666666665,45575.22583333333,19.99073333333333,51578.46,50576.814971,,,,,,
2025-02-07 13:00:00,12,10107.52,10672.580833333332,10952.28,0.0,0.0,61735.32,63465.68333333333,64548.98,19078.12,20400.818333333333,46757.3225,17.768175,52942.38,51235.102871,,,,,,
2025-02-07 14:00:00,12,11416.6,11836.466666666667,12342.87,0.0,0.0,65209.0,66484.07166666667,67866.59,21755.47,22606.323333333334,48226.06583333333,16.761599999999998,54536.23,52173.82303,,,,,,
2025-02-07 15:00:00,12,12212.97,13183.7975,13706.49,0.0,0.0,67851.64,69893.675,71688.87,23446.52,25183.63833333333,48199.35333333333,12.663775,54352.28,52779.610951,,,,,,
2025-02-07 16:00:00,12,12568.91,13406.309166666666,13813.69,0.0,0.0,69157.18,71427.98333333334,72625.89,22216.09,25136.82833333333,48970.0925,11.356316666666666,54408.0,53484.465875,,,,,,
2025-02-07 17:00:00,12,8934.71,10410.321666666669,12280.0,0.0,0.0,58477.5,62761.1425,68011.91,12848.95,16393.531666666666,48586.723333333335,26.1356,53430.3,53164.473785,,,,,,
2025-02-07 18:00:00,12,7884.87,8296.670833333334,8958.34,0.0,0.0,57389.88,58219.79750000001,59704.8,11915.62,12579.148333333333,47548.287500000006,27.436066666666665,53085.34,52770.280659,,,,,,
2025-02-07 19:00:00,12,8761.81,9721.718333333332,10774.37,0.0,0.0,59532.14,61386.07333333333,62845.7,14331.34,16552.587499999998,46774.87916666667,22.822333333333333,52466.92,52067.609757,,,,,,
2025-02-07 20:00:00,12,10481.36,10679.4875,11022.93,0.0,0.0,62140.75,63044.36833333334,63771.42,18576.3,19180.45083333333,45866.76416666667,19.520725,51287.93,51025.182988,,,,,,
2025-02-07 21:00:00,13,9848.47,10065.932307692306,10656.69,0.0,0.0,60230.11,60629.77153846154,61022.06,17670.21,18155.37692307692,44717.03461538461,19.64057692307692,50489.12,50092.09895,,,,,,
2025-02-07 22:00:00,12,9190.96,9730.448333333332,10044.35,0.0,0.0,57189.34,58122.4775,58821.5,16742.78,17006.3125,43446.651666666665,20.82260833333333,49149.72,48518.5699,,,,,,
2025-02-07 23:00:00,12,10025.37,10343.894166666669,10765.56,0.0,0.0,57359.03,57670.246666666666,57881.42,17284.64,18229.066666666666,41761.309166666666,17.370216666666668,47020.84,46529.481286,,,,,,
2025-02-08 00:00:00,12,9986.39,10351.78,10845.07,0.0,0.0,56047.56,56680.38166666666,57607.77,18079.99,18611.993333333336,40405.0975,16.432516666666668,45320.35,44739.65731,,,,,,
2025-02-08 01:00:00,12,10306.61,10666.8625,10922.92,0.0,0.0,56094.1,56377.10833333334,56563.26,19177.83,19877.555833333336,39097.26583333333,14.903108333333334,44172.24,43299.29791,,,,,,
2025-02-08 02:00:00,12,10902.35,11241.8275,11581.62,0.0,0.0,56770.2,56983.71916666667,57275.8,21084.75,21512.451666666668,38159.04583333333,14.41195,43192.69,42315.644885,,,,,,
2025-02-08 03:00:00,12,11176.43,11393.766666666668,11804.58,0.0,0.0,55801.34,56280.94583333333,56781.53,21146.77,21456.29833333333,37588.855,16.013825,42481.77,41540.451779,,,,,,
2025-02-08 04:00:00,12,11339.35,11442.265,11530.27,0.0,0.0,54664.37,55187.575,55773.71,20302.77,20690.005833333333,36936.93,15.841358333333332,41935.84,41288.563316,,,,,,
2025-02-08 05:00:00,12,10934.73,11257.971666666666,11464.92,0.0,0.0,53583.21,54337.0325,54806.0,18379.64,19561.291666666668,36920.42333333333,14.555858333333331,41856.12,41584.752476,,,,,,
2025-02-08 06:00:00,12,10783.96,11067.1675,11225.39,0.0,0.0,53456.91,53782.02583333334,54120.76,17557.86,18158.6875,37607.5625,15.750266666666668,42660.73,42585.751529,,,,,,
2025-02-08 07:00:00,12,9985.7,10129.324166666667,10433.86,0.0,0.0,51991.39,52296.02166666667,53013.13,16255.1,16481.064166666667,37682.778333333335,16.089775,43394.72,43475.806981,,,,,,
2025-02-08 08:00:00,12,10171.17,11112.2025,11663.36,0.0,0.0,53030.34,55928.17416666666,58452.17,17005.05,19362.501666666667,39140.66166666667,13.033608333333332,45347.98,45186.941724,,,,,,
2025-02-08 09:00:00,12,11635.07,12005.525833333331,12262.74,0.0,0.0,58938.87,61082.49,62504.29,21343.12,22562.233333333334,42369.92416666667,9.066841666666669,48602.22,47074.862086,,,,,,
2025-02-08 10:00:00,12,11946.92,12092.3225,12225.15,0.0,0.0,62694.1,63393.7075,64071.78,22957.06,23161.581666666665,43999.88166666666,2.900816666666667,50625.52,48790.797482,,,,,,
2025-02-08 11:00:00,12,11932.13,12177.93,12353.28,0.0,0.0,63735.09,64228.57083333333,64949.78,21292.79,22449.173333333336,44252.62083333333,3.8436083333333335,51118.09,50666.268677,,,,,,
2025-02-08 12:00:00,12,11476.62,11890.889166666666,12207.47,0.0,0.0,63594.92,64091.22416666666,64735.27,19350.96,20355.9575,45864.6,8.832183333333333,52593.6,52657.922058,,,,,,
2025-02-08 13:00:00,12,11437.88,11651.786666666669,12539.16,0.0,0.0,64040.81,65818.87833333334,68217.15,19975.65,20733.719166666662,47198.6225,10.511958333333334,54357.33,54350.087953,,,,,,
2025-02-08 14:00:00,12,11557.05,11959.77,12792.05,0.0,0.0,68427.09,68680.0925,69180.78,21602.79,22130.6175,48617.150833333326,11.263516666666668,55480.12,55269.139441,,,,,,
2025-02-08 15:00:00,12,11603.22,11987.676666666666,12824.95,0.0,0.0,66353.99,67579.01583333332,68664.8,20747.76,21560.69,48131.46166666667,9.750666666666666,56128.48,55730.938071,,,,,,
2025-02-08 16:00:00,12,11628.65,12263.2725,13433.23,0.0,0.0,66107.92,68951.03583333333,70395.85,18763.92,21725.665833333333,49359.857500000006,11.315891666666666,55704.37,55228.141225,,,,,,
2025-02-08 17:00:00,12,8799.64,9823.068333333333,11049.7,0.0,0.0,58778.39,62310.03583333333,65895.74,12655.73,15219.440833333334,49251.7675,29.714566666666663,54078.77,53802.15571,,,,,,
2025-02-08 18:00:00,12,7577.04,8079.851666666666,8872.11,0.3653,0.1344916666666666,56779.04,57199.70416666666,58432.89,10964.9,11553.740833333331,47655.92833333334,30.629491666666667,52568.91,52387.241519,,,,,,
2025-02-08 19:00:00,12,8154.25,8838.149166666666,9283.74,2.1717,0.8182416666666666,57357.53,57852.01583333333,58089.42,12154.12,13314.919166666668,46454.621666666666,25.23145,51780.94,51504.859309,,,,,,
2025-02-08 20:00:00,12,9023.85,9395.710833333333,9554.51,0.5687,0.08505,56917.66,57299.925833333335,57896.28,13955.05,14561.693333333336,44854.39333333333,24.329491666666662,50514.89,50172.789595,,,,,,
2025-02-08 21:00:00,12,9175.8,9316.956666666669,9448.31,1.3188,0.1099,54374.37,55540.54666666667,56791.86,14155.73,14568.065,43536.8475,25.175341666666668,49473.01,48780.007211,,,,,,
2025-02-08 22:00:00,12,8941.63,9250.084166666666,9574.31,0.0,0.0,53264.08,54228.93916666667,54833.85,13708.74,14150.726666666667,42315.74583333333,27.103066666666667,47828.38,47190.890865,,,,,,
2025-02-08 23:00:00,12,9106.07,9315.719166666668,9546.82,0.0,0.0,50802.17,51798.13583333333,53012.25,13761.89,14216.85,39770.57166666666,24.80160833333333,45462.67,45111.447154,,,,,,
2025-02-09 00:00:00,12,9751.25,10017.0075,10261.71,0.0,0.0,51850.35,52372.43166666667,52912.36,15593.52,16176.25,38228.621666666666,20.53560833333333,43933.91,43439.967331,,,,,,
2025-02-09 01:00:00,12,10295.02,10687.008333333331,10977.58,0.0,0.0,53028.84,53624.74,53930.57,17332.04,18377.641666666663,37445.895,18.946775,42831.32,42247.600732,,,,,,
2025-02-09 02:00:00,12,10628.82,11125.424166666666,11685.62,0.0,0.0,54161.62,54858.94583333333,55417.48,19536.12,20579.165,37637.73166666667,18.989291666666663,43083.15,41404.860795,,,,,,
2025-02-09 03:00:00,12,11784.33,11998.523333333333,12161.78,0.0,0.0,55450.8,55835.96666666667,56096.92,21722.0,22142.095833333336,36300.935,17.712675,41773.65,40828.425888,,,,,,
2025-02-09 04:00:00,12,12201.82,12390.515,12550.26,0.0,0.0,56118.18,56293.90666666667,56413.48,22607.12,22873.719166666662,35684.395,19.055691666666668,41292.74,40677.50961,,,,,,
2025-02-09 05:00:00,12,12186.08,12355.3975,12603.59,0.0,0.0,55706.3,56058.4775,57245.13,21984.33,22479.191666666666,35494.68916666667,19.41910833333333,41244.54,41011.086952,,,,,,
2025-02-09 06:00:00,12,12303.77,12793.430833333334,13197.44,0.0,0.0,56455.32,56932.26416666667,57368.17,21581.76,22355.915833333333,36318.846666666665,19.48270833333333,41672.34,41618.99761,,,,,,
2025-02-09 07:00:00,12,11205.83,11698.756666666666,12236.38,0.0,0.0,56167.62,56485.99166666667,57066.22,20300.32,21051.721666666668,37281.89833333334,20.592225,42605.17,42571.776189,,,,,,
2025-02-09 08:00:00,12,11387.76,11699.678333333335,11954.8,0.0,0.0,56361.2,57710.145833333336,59605.16,20276.22,21086.655,39212.04083333333,19.6949,44764.14,44338.482251,,,,,,
2025-02-09 09:00:00,12,12047.56,12190.7425,12338.35,0.0,0.0,59690.09,61146.3725,62219.81,21977.83,22344.7075,41607.42833333334,18.65965,47349.98,46400.521941,,,,,,
2025-02-09 10:00:00,12,11541.76,11906.615,12296.13,0.0,0.0,60675.0,61349.035,61999.95,20184.67,21131.01916666667,42559.90083333333,18.837733333333333,48428.46,47936.701178,,,,,,
2025-02-09 11:00:00,12,11631.85,11862.097500000002,12048.62,0.0,0.0,60964.51,61438.46833333333,62012.09,20201.26,20374.98833333333,43163.559166666666,20.466616666666667,49405.33,49119.078407,,,,,,
2025-02-09 12:00:00,12,11773.12,11909.635,12149.69,0.0,0.0,62351.93,62945.145,63505.22,20260.57,20502.415833333333,44579.59,20.773658333333334,50359.14,50076.344565,,,,,,
2025-02-09 13:00:00,12,11477.99,11655.819166666666,11805.52,0.0,0.0,63044.09,63315.12583333333,63551.88,19596.21,19928.444166666664,45563.83666666667,21.09965,51190.98,50914.824879,,,,,,
2025-02-09 14:00:00,12,11447.29,11552.710833333333,11691.85,0.0,0.0,63418.32,63799.25,64192.26,19615.44,20025.576666666664,46059.71583333333,21.006916666666665,51973.09,51472.768746,,,,,,
2025-02-09 15:00:00,12,10979.49,11167.235,11558.65,0.0,0.0,61873.63,62647.4575,64028.38,17823.63,18641.931666666667,46167.888333333336,22.30375833333333,52335.04,52035.636871,,,,,,
2025-02-09 16:00:00,12,10763.35,10947.560833333337,11247.75,0.0,0.0,61386.97,62155.71583333333,62595.68,16524.87,17444.5075,46755.614166666666,23.86670833333333,52841.63,52519.616248,,,,,,
2025-02-09 17:00:00,12,9160.36,9973.848333333332,10724.17,0.0,0.0,57874.82,59672.78916666666,61487.45,13161.45,14621.721666666666,47096.59333333333,30.02205,52509.45,52296.140704,,,,,,
2025-02-09 18:00:00,12,8865.61,9232.565,9906.47,2.8156,1.303675,57050.79,57416.795000000006,57855.73,11941.18,12473.950833333334,46831.55,36.4211,52088.58,51963.253344,,,,,,
2025-02-09 19:00:00,12,9402.94,9664.405,9948.1,1.7179,0.4970666666666667,56615.61,57301.0625,57619.91,13262.99,13551.049166666666,45669.2375,31.954341666666664,51271.73,51106.87995,,,,,,
2025-02-09 20:00:00,12,9081.66,9380.275,9533.1,1.268,0.3648166666666666,55328.38,55924.551666666666,56303.94,12130.25,12717.7475,45097.3325,37.124525,50805.69,50639.75873,,,,,,
2025-02-09 21:00:00,12,9062.79,9356.368333333334,9514.0,1.031,0.2065333333333333,54815.12,55620.35916666667,56004.79,12021.99,12971.625,44640.46,37.960525,49905.78,49720.814891,,,,,,
2025-02-09 22:00:00,12,9188.98,9593.45,10029.71,1.1652,0.35525,54215.7,54925.355,55154.63,13210.67,14142.994166666664,42798.193333333336,37.13240833333333,48548.72,48268.349748,,,,,,
2025-02-09 23:00:00,12,10189.03,10497.510833333334,10735.05,0.219,0.0643666666666666,54936.76,55328.75916666666,55970.33,15643.81,16522.434166666666,41042.8275,33.111891666666665,46393.8,45787.389116,,,,,,
2025-02-10 00:00:00,12,10562.88,10740.061666666666,10878.89,0.0,0.0,53961.65,54539.9075,55136.91,17225.53,17651.436666666665,39550.005833333336,31.61265833333333,44930.87,43975.084341,,,,,,
2025-02-10 01:00:00,12,10785.8,11187.696666666665,11528.43,0.0,0.0,53924.6,54693.7,55143.04,18019.84,19129.479166666668,38665.6575,30.280325,44022.5,42688.488414,,,,,,
2025-02-10 02:00:00,12,11231.42,11314.139166666668,11521.62,0.0,0.0,53767.41,54199.3475,54743.86,18887.51,19110.524166666662,37843.305,33.131433333333334,43149.01,42122.7706,,,,,,
2025-02-10 03:00:00,12,11367.37,11424.313333333334,11497.15,0.0,0.0,53457.12,53635.40583333333,53930.51,18636.62,18924.475,37045.36583333334,32.266075,42861.32,42282.734503,,,,,,
2025-02-10 04:00:00,12,11099.96,11399.678333333335,11609.06,0.0,0.0,53628.51,54061.82833333334,54974.79,18581.47,19063.4225,37312.435,29.866466666666668,43214.08,42684.787007,,,,,,
2025-02-10 05:00:00,12,10769.8,11008.645833333334,11333.18,0.0,0.0,54871.8,55522.5575,56095.22,16966.44,17848.524166666666,39671.43083333333,34.83643333333333,45042.82,44803.351157,,,,,,
2025-02-10 06:00:00,12,10155.9,10525.4,11127.67,0.0,0.0,56318.91,57509.92833333334,58185.77,15474.23,16142.571666666665,43365.49583333333,34.37569166666667,48279.23,48177.750217,,,,,,
2025-02-10 07:00:00,12,9533.37,9808.719166666668,10427.65,0.0,0.0,57112.98,57419.2,58329.13,14289.18,14697.453333333331,44751.168333333335,36.65775,50353.51,50245.028911,,,,,,
2025-02-10 08:00:00,12,9045.46,9280.544166666668,9575.38,0.0,0.0,55603.32,56120.035,56829.83,13143.82,13536.815,44751.41,44.61192500000001,50870.89,50724.012624,,,,,,
2025-02-10 09:00:00,12,8568.19,8808.272500000001,9071.07,0.0,0.0,54867.94,55249.69583333333,55594.35,12828.16,13351.995,44163.95166666667,47.751525,51312.54,50992.398547,,,,,,
2025-02-10 10:00:00,12,8413.92,8682.749166666666,8918.05,0.0,0.0,55337.69,55502.75083333333,55748.19,12875.65,13203.905,44549.13416666666,41.16505833333333,52129.55,51884.840603,,,,,,
2025-02-10 11:00:00,12,8374.12,8658.691666666668,8881.72,0.0,0.0,54698.77,55805.65666666667,57177.59,12413.28,13098.984166666669,44830.03333333333,42.1424,52703.78,52454.565564,,,,,,
2025-02-10 12:00:00,12,8620.44,9076.643333333332,9328.8,0.0,0.0,57139.64,57617.34416666667,57953.33,14009.2,14306.399166666668,45632.32833333333,37.88741666666667,53336.42,52832.139486,,,,,,
2025-02-10 13:00:00,12,8830.47,9059.98,9261.51,0.0,0.0,57671.46,57865.80666666666,58162.16,14262.22,14590.896666666667,45490.51,42.58619166666666,53240.0,52835.248061,,,,,,
2025-02-10 14:00:00,12,8757.99,9063.885833333334,9232.08,0.0,0.0,57758.29,57978.55,58155.06,13839.16,14275.279166666667,45987.38333333333,62.87628333333333,53027.78,52475.808406,,,,,,
2025-02-10 15:00:00,12,9056.98,9252.686666666666,9470.8,8.988,1.61525,57613.88,58214.732500000006,58777.52,14460.05,14757.3175,46495.45166666667,70.56884166666667,53542.73,52410.522279,,,,,,
2025-02-10 16:00:00,12,9106.72,9425.343333333332,9624.7,0.5653,0.083825,58745.57,59231.66416666666,59701.13,14147.55,14969.456666666669,46985.473333333335,81.94974166666667,53566.74,52777.022847,,,,,,
2025-02-10 17:00:00,13,8708.96,9089.651538461538,9411.08,0.9992,0.1410230769230769,58282.51,58940.54692307692,59320.13,12764.52,13475.603846153846,47627.86923076923,73.05712307692308,53821.78,53489.1206,,,,,,
2025-02-10 18:00:00,12,8510.1,8569.34,8714.25,3.7668,0.9006583333333333,59062.01,59288.59083333333,59596.12,12440.97,12575.7475,48728.7725,60.969166666666666,54708.22,54510.042007,,,,,,
2025-02-10 19:00:00,13,8434.06,8800.123846153847,9326.73,0.0,0.0,59222.93,59583.55,60157.28,12740.48,13347.397692307692,48333.72461538462,43.5605923076923,54658.85,54408.979558,,,,,,
2025-02-10 20:00:00,12,8431.76,8868.97,9229.83,0.0,0.0,58633.07,59327.2425,60118.63,12330.16,13648.013333333334,47944.6275,42.12175,54016.45,53668.062378,,,,,,
2025-02-10 21:00:00,14,8827.68,9389.19357142857,9941.11,0.0,0.0,59942.5,60351.35,60720.49,13942.91,14707.171428571428,47925.58714285714,35.99297142857143,53049.18,52384.822379,,,,,,
2025-02-10 22:00:00,12,9139.18,9499.460833333333,9991.85,0.0,0.0,57313.96,58062.644166666665,59982.45,14681.81,15332.274166666668,44856.99166666667,30.064525,50594.44,50091.554849,,,,,,
2025-02-10 23:00:00,12,9342.72,9527.848333333332,9977.16,0.0,0.0,56567.41,56892.22,57283.96,15264.6,15881.585833333333,43284.61583333334,32.33759166666667,48421.06,47736.174605,,,,,,
2025-02-11 00:00:00,14,9598.34,10072.625714285716,10436.14,0.0,0.0,55395.44,55975.64642857143,56490.81,16048.35,16643.427142857145,41546.25642857143,26.76992857142857,46886.97,46208.513974,,,,,,
2025-02-11 01:00:00,12,10261.4,10542.978333333333,10881.14,0.0,0.0,55686.78,56110.880833333336,56520.13,17065.13,17823.583333333332,40679.95916666667,27.36435833333333,45814.53,45109.136044,,,,,,
2025-02-11 02:00:00,14,10582.32,10829.335714285717,11066.98,0.0,0.0,55559.45,56108.19714285714,56652.45,18502.78,18725.76357142857,40498.64,32.8045,45435.23,44018.687137,,,,,,
2025-02-11 03:00:00,12,10806.68,11140.883333333331,11457.49,0.0,0.0,55755.61,56304.06416666667,56752.57,18577.73,19096.5575,40125.71583333333,26.804141666666663,45321.61,44160.704768,,,,,,
2025-02-11 04:00:00,12,10858.71,11110.9475,11273.5,0.0,0.0,55874.64,56129.434166666666,56338.48,17175.61,17830.715833333332,40595.65416666667,26.682075,45631.81,45073.359445,,,,,,
2025-02-11 05:00:00,12,9268.82,10007.855833333331,10815.88,0.0,0.0,55500.03,55907.72,56336.09,14483.83,15610.269166666669,42440.56,27.234725,47581.4,47226.240664,,,,,,
2025-02-11 06:00:00,12,8635.35,8896.168333333333,9247.08,0.0,0.0,56206.34,56473.54,57151.81,12159.29,12799.555833333332,45536.988333333335,36.15545,50696.22,50572.910957,,,,,,
2025-02-11 07:00:00,12,7875.66,8042.496666666667,8313.94,0.0,0.0,56633.59,56814.66666666666,57118.4,11468.94,11737.905,46969.71833333333,34.952708333333334,52317.91,52238.180596,,,,,,
2025-02-11 08:00:00,12,7872.49,8612.580833333333,9274.6,0.0,0.0,55734.46,56991.64166666666,58324.73,11278.83,12526.720833333333,46554.58833333334,32.737941666666664,52974.35,52639.710087,,,,,,
2025-02-11 09:00:00,12,9153.09,9482.530833333332,9763.17,0.0,0.0,57370.87,59297.83666666667,60335.76,13877.52,14770.249166666666,46935.61833333334,26.150266666666667,53591.69,53032.59085,,,,,,
2025-02-11 10:00:00,11,9369.63,9537.345454545455,9699.01,0.0,0.0,59844.82,60224.11727272728,60539.75,14655.45,15207.050909090907,47317.59454545455,26.269172727272725,53577.69,53098.755777,,,,,,
2025-02-11 11:00:00,12,9385.25,9507.355,9682.0,0.0,0.0,59486.87,60388.51,60985.92,14764.57,15172.145833333334,47420.11166666666,26.145116666666667,53575.71,53086.681016,,,,,,
2025-02-11 12:00:00,12,9875.11,10359.525,10550.68,0.0,0.0,61337.34,62997.44833333333,63628.64,15602.89,16776.685833333333,48856.21,24.838541666666668,54036.48,53110.245825,,,,,,
2025-02-11 13:00:00,12,10268.28,10355.609166666669,10454.3,0.0,0.0,62696.91,63094.8,63355.71,16823.47,17270.8225,48628.9975,24.663141666666665,53817.44,52854.333642,,,,,,
2025-02-11 14:00:00,12,10183.0,10477.6425,10761.38,0.0,0.0,63131.13,63606.48583333333,64016.04,17485.79,18109.826666666668,48852.71916666667,26.005750000000003,54099.68,52620.358738,,,,,,
2025-02-11 15:00:00,12,10513.85,10649.331666666669,10764.61,0.0,0.0,63131.64,63503.8675,64047.25,17214.29,17871.9575,48573.739166666666,24.70833333333333,53932.93,52721.623509,,,,,,
2025-02-11 16:00:00,12,9620.95,10158.985833333334,10614.35,0.0,0.0,62399.99,62973.82333333333,63303.58,15355.51,16585.446666666667,48696.9,25.45504166666667,53763.91,53403.148916,,,,,,
2025-02-11 17:00:00,12,9253.1,9627.116666666669,10112.84,0.0,0.0,60767.61,61368.011666666665,62189.61,14258.13,14746.286666666669,48769.26833333333,33.04089166666667,54299.04,54138.419284,,,,,,
2025-02-11 18:00:00,12,8894.4,9143.93,9501.82,0.0,0.0,61396.3,61691.69166666667,62101.65,13307.51,13610.7075,49969.8475,32.269974999999995,55306.98,55289.020134,,,,,,
2025-02-11 19:00:00,12,8555.39,8977.283333333333,9322.97,0.0,0.0,61300.49,61630.59166666667,62166.33,12397.79,13028.685,50370.90166666667,32.403058333333334,55357.31,55261.234237,,,,,,
2025-02-11 20:00:00,12,9377.94,9846.590833333334,10032.82,0.0,0.0,62145.77,62490.57750000001,62798.55,13708.17,14481.993333333332,49838.545000000006,32.02129166666666,54683.77,54520.411814,,,,,,
2025-02-11 21:00:00,13,9519.52,9711.52,9994.34,0.0,0.0,61345.56,61660.00538461539,62068.58,14711.7,15248.787692307693,48506.78076923077,31.317815384615383,53401.59,53023.058967,,,,,,
2025-02-11 22:00:00,12,9492.28,9693.113333333333,9874.09,0.0,0.0,58477.44,60003.36000000001,60965.23,15031.95,15463.376666666663,46526.543333333335,31.738191666666665,51235.96,50875.099132,,,,,,
2025-02-11 23:00:00,12,9088.35,9393.804166666669,9695.51,0.0,0.0,55979.88,57206.90416666667,58348.34,14419.28,14827.55,44421.34166666667,38.71645,49237.61,48683.404018,,,,,,
2025-02-12 00:00:00,12,8991.7,9235.006666666666,9443.14,0.0,0.0,54853.67,55456.57,56105.21,14781.64,15227.619166666664,42559.145,42.21008333333334,47650.11,46753.220068,,,,,,
2025-02-12 01:00:00,12,8756.2,9115.3125,9383.25,0.0,0.0,54128.71,54293.635,54667.65,14795.72,15327.3775,41376.57916666667,43.16801666666667,46380.67,45485.453485,,,,,,
2025-02-12 02:00:00,13,9103.38,9393.996153846154,9669.03,0.0,0.0,53588.48,54091.945384615385,54491.52,15073.52,15622.06923076923,40618.27153846154,44.61923846153847,45888.11,45159.825584,,,,,,
2025-02-12 03:00:00,12,8844.89,9080.454166666666,9189.78,0.0,0.0,53550.84,54426.6325,55006.6,15649.28,16369.600833333332,40300.176666666666,54.74369166666667,45747.49,45089.757749,,,,,,
2025-02-12 04:00:00,12,8843.27,9232.255,9543.75,0.0,0.0,54418.16,54784.06666666667,54999.25,15973.35,16268.479166666666,40742.6125,67.73906666666666,46235.34,45604.064264,,,,,,
2025-02-12 05:00:00,12,9123.75,9435.53,9639.92,0.4425,0.036875,54292.22,54691.2475,55090.1,13844.93,14850.741666666669,41917.36916666666,65.5239,47657.55,47191.297103,,,,,,
2025-02-12 06:00:00,12,8596.51,8926.625833333334,9468.89,18.8398,6.963708333333333,54581.89,55277.00916666666,56218.66,11582.91,12163.264166666666,44968.85083333333,80.80986666666666,50806.42,50596.967759,,,,,,
2025-02-12 07:00:00,12,8512.23,8771.230833333333,9015.6,18.0745,10.202241666666668,55481.88,55758.5925,56073.69,11844.83,12147.868333333334,45435.613333333335,45.91959166666667,52263.08,52118.161332,,,,,,
2025-02-12 08:00:00,12,8504.41,8927.8075,9375.81,17.3969,9.195741666666668,55747.78,56767.63083333333,57886.45,11980.88,12799.629166666666,46032.91166666666,40.78395,52799.02,52616.681065,,,,,,
2025-02-12 09:00:00,12,8391.63,8607.098333333333,9003.16,11.2323,5.232875,56726.29,57886.21916666667,59046.36,12237.01,12729.804166666669,47281.13416666666,34.608641666666664,54032.09,53844.688141,,,,,,
2025-02-12 10:00:00,12,7880.77,8147.274166666666,8605.34,24.2395,12.006466666666666,55586.35,57018.2675,58493.28,11383.74,12010.725833333332,47347.475,45.021075,54866.41,54370.729039,,,,,,
2025-02-12 11:00:00,12,8056.25,8172.313333333334,8467.08,1.4984,0.3972666666666666,58131.65,58756.40666666667,59106.7,12904.5,13304.455833333332,47714.9875,31.03450833333333,54980.19,54212.465529,,,,,,
2025-02-12 12:00:00,12,8349.62,8708.720833333333,9198.39,0.0,0.0,58437.84,59593.621666666666,60991.86,14276.37,15375.36,46924.62833333333,26.54390833333333,54752.11,53469.57708,,,,,,
2025-02-12 13:00:00,12,9186.37,9557.673333333334,9823.29,0.0,0.0,60327.59,60800.638333333336,61335.73,16186.7,16631.294166666667,47037.74583333333,23.86505,54371.94,52962.585017,,,,,,
2025-02-12 14:00:00,12,9017.95,9424.3125,9845.76,0.0,0.0,59421.9,60142.16416666666,60976.76,15044.87,15949.225833333332,47158.17166666667,27.184441666666668,54017.84,52676.321685,,,,,,
2025-02-12 15:00:00,12,9289.48,9561.0875,9766.07,0.0,0.0,60071.54,60773.6875,61274.5,15743.57,16240.555,47914.66583333333,28.98238333333333,54583.39,53088.100186,,,,,,
2025-02-12 16:00:00,12,9536.78,10430.235,11025.45,0.0,0.0,61309.46,64281.805,65901.42,16322.47,18303.1,49593.5925,25.645966666666663,56042.59,54181.83566,,,,,,
2025-02-12 17:00:00,12,10250.81,10990.225833333332,11647.93,0.0,0.0,64431.2,65514.22,66610.82,16074.5,17508.595,50517.598333333335,26.585608333333337,55963.22,55419.534135,,,,,,
2025-02-12 18:00:00,12,9878.5,10043.885,10445.69,0.0,0.0,65210.53,66391.92666666667,67003.14,15505.85,16097.1625,52345.3375,26.052833333333336,57494.24,57317.575488,,,,,,
2025-02-12 19:00:00,12,9454.65,9821.063333333334,10181.0,0.0,0.0,66311.57,66790.4175,67141.5,14687.44,15401.266666666668,53334.19083333333,32.15085,58168.96,57997.484175,,,,,,
2025-02-12 20:00:00,12,8615.09,9392.28,9707.92,0.0,0.0,65228.41,66331.74416666666,66873.91,13396.44,14802.7575,53381.73583333333,37.58435833333333,58270.33,57994.265184,,,,,,
2025-02-12 21:00:00,12,8396.96,8735.969166666668,9056.88,0.0,0.0,63230.81,64113.13166666666,64997.02,13213.41,13551.185833333337,52452.60833333334,56.11653333333334,57389.12,57140.798535,,,,,,
2025-02-12 22:00:00,12,8859.02,9248.176666666666,9523.82,0.0,0.0,62455.56,62611.60083333333,62916.45,13479.71,14236.505833333336,50534.17166666667,39.84185,55852.78,55360.640799,,,,,,
2025-02-12 23:00:00,12,9574.39,9826.458333333334,10123.47,0.0,0.0,61280.05,61844.7,62675.87,15262.5,15730.1925,48415.27,30.21959166666667,54537.53,53864.839384,,,,,,
2025-02-13 00:00:00,12,10183.49,10460.0475,10798.39,0.0,0.0,63413.83,64754.83833333334,65146.03,17124.22,18826.44583333333,48343.295000000006,29.15205,53539.36,52795.421126,,,,,,
2025-02-13 01:00:00,12,11014.92,11416.979166666666,12017.54,0.0,0.0,65795.79,66909.815,68033.51,20392.55,21479.525833333333,48165.77333333334,24.96345,53474.03,52362.968087,,,,,,
2025-02-13 02:00:00,13,12083.04,12362.459230769233,12694.01,0.6288,0.2391461538461538,68125.43,68832.05153846154,69330.99,22539.84,23044.82923076923,48105.67230769231,26.042253846153848,53306.58,52557.059719,,,,,,
2025-02-13 03:00:00,12,12464.86,12645.299166666666,12780.89,0.3901,0.2309666666666666,69194.71,69335.29166666667,69513.15,23065.28,23309.855,48267.4775,24.92855833333333,53724.81,53103.743951,,,,,,
2025-02-13 04:00:00,12,11209.44,11688.343333333332,12456.87,0.1375,0.0574916666666666,68372.97,68915.97583333333,69823.05,20463.5,21482.955,49422.09416666667,28.705141666666663,54883.12,54555.190667,,,,,,
2025-02-13 05:00:00,12,9547.31,10230.314166666669,11048.87,0.0,0.0,67956.55,68529.39166666666,69222.66,15282.76,17627.765833333335,52714.29583333334,36.71046666666667,57822.82,57737.204844,,,,,,
2025-02-13 06:00:00,12,7867.61,8729.165833333334,9640.93,4.1477,0.454375,67540.37,67897.98083333333,68274.98,11113.39,12523.053333333335,57122.833333333336,63.08039166666666,62277.68,62318.915166,,,,,,
2025-02-13 07:00:00,12,7872.54,8068.48,8284.76,8.2714,4.180225,68186.02,68524.53666666667,69511.63,10759.07,11289.370833333334,58944.09,71.94713333333333,64490.15,64365.139264,,,,,,
2025-02-13 08:00:00,12,8207.06,9507.214166666668,11061.18,9.0233,4.478716666666666,69964.52,71917.77,74854.05,12980.0,15465.989166666666,58371.205,53.401091666666666,64776.25,64510.929358,,,,,,
2025-02-13 09:00:00,12,10755.94,11060.763333333334,11209.38,1.4342,0.6566833333333334,74132.87,74921.265,75349.16,18554.39,19279.94916666667,57821.418333333335,39.815783333333336,64329.95,63824.774936,,,,,,
2025-02-13 10:00:00,12,10773.81,11395.6775,11876.85,0.0,0.0,74330.38,75490.87916666667,76422.16,20287.77,21912.41,56820.724166666674,23.931833333333334,63762.54,62335.229017,,,,,,
2025-02-13 11:00:00,12,11664.7,12397.111666666666,13046.98,0.0,0.0,75376.22,75893.00166666666,76327.23,22391.08,23804.5675,55052.36083333333,20.30219166666667,61780.0,60266.732107,,,,,,
2025-02-13 12:00:00,12,12529.49,12963.4275,13616.54,0.0,0.0,74451.88,75039.72833333333,75981.08,24066.11,24980.34333333333,52839.2675,19.731708333333334,59699.41,58224.930272,,,,,,
2025-02-13 13:00:00,12,13598.05,14053.904166666667,14464.07,0.0,0.0,75183.55,75851.01,76255.11,26604.64,27367.16333333333,51479.25,17.538025,58079.33,56714.752951,,,,,,
2025-02-13 14:00:00,12,13267.05,14078.9875,14508.94,0.0,0.0,71239.16,73528.38583333333,75193.91,24417.68,26276.23083333333,49842.13916666667,18.234641666666665,56328.99,55398.403755,,,,,,
2025-02-13 15:00:00,13,11448.31,12196.51076923077,13041.09,0.0,0.0,67709.57,69459.37692307692,71063.5,20314.15,22275.61,49371.92153846154,22.341484615384616,55688.91,55244.630772,,,,,,
2025-02-13 16:00:00,13,9628.93,11049.076153846154,11813.21,0.0,0.0,64622.29,66989.61538461539,68048.95,14957.0,18475.232307692306,50494.945384615385,29.201892307692308,56451.93,56213.006899,,,,,,
2025-02-13 17:00:00,12,8813.96,9808.97,10530.88,0.0,0.0,62722.17,64348.21,65871.62,11385.5,13658.786666666669,52558.87083333333,48.105,57885.02,57867.735046,,,,,,
2025-02-13 18:00:00,12,7609.07,7994.195,8625.86,0.0028,0.000575,63035.95,63660.0625,64175.35,10400.62,10821.4225,54515.49166666667,49.090025,60087.2,60121.212131,,,,,,
2025-02-13 19:00:00,12,7982.16,8352.2475,8500.4,0.3452,0.0598416666666666,63751.91,64349.005,65080.45,10773.54,11391.2075,54775.199166666665,45.93271666666666,60793.89,60756.17747,,,,,,
2025-02-13 20:00:00,12,8455.4,8634.584166666666,9122.0,0.0,0.0,65088.39,65821.1525,67171.84,12019.43,12594.141666666668,54907.48416666666,43.364691666666666,60544.99,60467.971134,,,,,,
2025-02-13 21:00:00,12,9238.9,9807.704166666666,10062.81,0.0,0.0,66852.05,67234.54333333333,67612.97,14370.13,15206.765833333331,54024.9475,33.39745,59582.82,59260.559218,,,,,,
2025-02-13 22:00:00,12,9461.75,9775.259166666669,10073.7,0.0,0.0,64824.97,65544.29166666667,66867.42,15286.25,15933.665833333333,51530.339166666665,27.61,57656.54,57215.661939,,,,,,
2025-02-13 23:00:00,12,10265.82,10731.196666666669,11272.77,0.0,0.0,66031.52,66561.9075,67015.47,17092.16,18432.601666666666,50628.7825,23.482016666666667,56163.89,55184.728755,,,,,,
2025-02-14 00:00:00,12,11272.69,11836.36,12405.82,0.0,0.0,66993.59,67893.73833333333,68991.75,19820.13,21144.33333333333,49248.54,21.851016666666663,54745.21,53776.730073,,,,,,
2025-02-14 01:00:00,12,12522.94,12874.714999999998,13100.84,0.0,0.0,68679.75,69027.82833333332,69316.59,22613.27,23099.814166666667,48426.03916666666,21.584641666666663,53729.82,52801.510003,,,,,,
2025-02-14 02:00:00,12,12609.74,12736.273333333333,13057.24,0.0,0.0,68455.2,68685.53333333334,68890.72,23013.55,23232.68833333333,47954.22083333333,21.76020833333333,53281.76,52374.801955,,,,,,
2025-02-14 03:00:00,12,12782.54,12945.790833333333,13124.53,0.0,0.0,68599.41,68704.30750000001,68873.77,23153.67,23304.254166666666,47477.35916666667,21.46725,52772.49,52326.69633,,,,,,
2025-02-14 04:00:00,12,12474.26,12783.205,13105.4,0.0,0.0,68708.66,68823.63,68932.9,21859.63,22372.3425,48399.60916666667,21.6996,53555.37,53264.381411,,,,,,
2025-02-14 05:00:00,12,11775.23,11968.045,12409.23,0.0,0.0,68747.77,69333.58,70260.12,20226.2,20675.42,50506.64916666667,21.69379166666667,55726.48,55532.231207,,,,,,
2025-02-14 06:00:00,12,11467.29,11693.7875,12198.74,0.0,0.0,70579.41,71984.90083333333,72759.95,19923.95,20166.811666666665,53796.63583333333,22.006,58938.95,58751.621057,,,,,,
2025-02-14 07:00:00,12,10766.28,11179.229166666666,11507.9,0.0,0.0,72561.47,72919.935,73310.05,19461.42,20096.73,54818.16333333333,21.695641666666663,60317.45,60042.390905,,,,,,
2025-02-14 08:00:00,12,11648.84,12569.881666666666,14003.64,0.0,0.0,71987.77,73847.20833333333,76403.66,21038.76,22880.0875,52992.0025,20.15065833333333,59740.34,59541.772559,,,,,,
2025-02-14 09:00:00,12,11694.41,12262.476666666667,13667.12,0.0,0.0,69866.68,70979.74916666666,73186.53,20380.22,21521.996666666662,51520.61916666666,20.748508333333334,58925.96,58589.329088,,,,,,
2025-02-14 10:00:00,12,11948.84,12042.14,12136.76,0.0,0.0,70572.31,71563.34749999999,72044.76,20997.62,21940.623333333333,51688.38416666666,19.767733333333336,57992.51,57527.096399,,,,,,
2025-02-14 11:00:00,12,10745.47,11189.284166666666,11834.49,0.0,0.0,67083.05,68232.80583333333,69415.38,19265.06,20107.939166666667,50029.10666666667,20.638125,56611.61,56088.287737,,,,,,
2025-02-14 12:00:00,12,11060.03,11674.151666666668,12406.24,0.0,0.0,67387.84,68859.66583333333,70538.33,20487.66,22147.176666666663,49344.54749999999,18.227575,55682.86,54506.050463,,,,,,
2025-02-14 13:00:00,12,11512.14,11851.475833333332,12536.49,0.0,0.0,69542.66,70266.2525,70643.87,23417.07,24301.72583333333,48736.99083333334,16.409141666666667,54843.26,53519.629219,,,,,,
2025-02-14 14:00:00,13,11299.48,11740.168461538462,12242.31,0.0,0.0,69617.88,70324.05846153846,71013.77,24001.37,24640.01076923077,48600.767692307694,16.922546153846152,54246.3,53072.348586,,,,,,
2025-02-14 15:00:00,14,10948.95,11411.297857142856,11933.64,0.0,0.0,67971.74,68978.05285714286,69771.05,22621.38,23534.65928571429,48306.81214285714,17.989585714285713,53698.22,52664.058148,,,,,,
2025-02-14 16:00:00,12,10728.58,10851.643333333332,11038.89,0.0,0.0,67437.44,68093.3975,68741.4,21604.52,22520.9175,48023.08583333334,18.337516666666662,53884.08,52969.604102,,,,,,
2025-02-14 17:00:00,12,10988.95,11260.848333333332,11470.13,0.0,0.0,65156.81,66677.7225,68498.24,17932.74,19864.25833333333,49053.574166666665,19.104516666666665,54304.36,53826.126552,,,,,,
2025-02-14 18:00:00,12,10269.48,10595.0325,10911.05,0.0,0.0,64595.2,64788.0925,65024.65,17243.04,17439.451666666668,49509.1925,21.0497,55070.2,54777.834898,,,,,,
2025-02-14 19:00:00,12,10531.15,10801.94,11178.34,0.0,0.0,64838.28,65538.33833333333,66121.63,17313.71,18109.474166666667,49381.52166666667,20.883883333333333,54916.8,54579.257545,,,,,,
2025-02-14 20:00:00,12,11023.1,11362.564166666663,11675.29,0.0,0.0,66192.42,66708.35083333333,67068.3,19102.63,20016.60083333333,48635.074166666665,20.17415,54247.61,53824.890623,,,,,,
2025-02-14 21:00:00,12,11346.54,11511.738333333336,11736.29,0.0,0.0,65905.62,66045.86166666666,66219.75,19678.86,20337.8025,47454.9125,19.622625,53009.73,52816.868831,,,,,,
2025-02-14 22:00:00,12,11219.79,11394.788333333332,11509.93,0.0,0.0,61670.12,62946.12416666667,64256.42,19867.2,20152.79,44480.9125,19.1674,51230.95,51004.362922,,,,,,
2025-02-14 23:00:00,13,11005.81,11198.565384615384,11586.67,0.0,0.0,59498.45,59912.84307692308,60939.8,18210.41,18710.904615384618,42887.17538461539,18.873215384615385,49411.32,49236.243538,,,,,,
2025-02-15 00:00:00,12,11089.42,11320.3225,11702.63,0.0,0.0,58840.85,59287.95583333333,60252.3,18271.0,18848.818333333333,42278.199166666665,18.40380833333333,47964.35,47685.670184,,,,,,
2025-02-15 01:00:00,12,11397.87,11563.775,11667.29,0.0,0.0,57933.96,58903.25333333333,59418.95,18720.26,19192.794166666667,41450.07916666667,19.0037,46707.04,46581.28354,,,,,,
2025-02-15 02:00:00,13,10159.68,10879.197692307693,11383.17,0.0,0.0,54791.74,56470.35769230769,57919.35,15936.13,17407.08,41419.44615384615,23.046546153846155,46320.0,45752.25982,,,,,,
2025-02-15 03:00:00,12,9452.45,9803.451666666666,10098.57,0.0,0.0,53200.21,53913.285,54712.07,15433.04,15771.7375,40585.3325,26.6325,45858.3,45089.8361,,,,,,
2025-02-15 04:00:00,12,9212.87,9823.855833333331,10230.23,0.0,0.0,52379.04,53436.90083333334,54191.71,14067.46,15033.9,40185.473333333335,28.16994166666667,45280.56,45113.185172,,,,,,
2025-02-15 05:00:00,13,8360.65,8710.94769230769,9109.53,0.0,0.0,51934.17,52224.06769230769,52400.13,12761.42,13347.42153846154,40698.695384615385,33.35397692307692,45765.21,45708.232483,,,,,,
2025-02-15 06:00:00,12,7691.97,7857.910833333332,8505.13,0.0,0.0,51836.94,52174.495,52573.42,11817.57,12168.708333333334,41975.56166666667,35.66025833333333,46915.8,46707.27207,,,,,,
2025-02-15 07:00:00,12,7415.73,7655.038333333333,8379.43,0.0,0.0,52551.8,53057.29833333334,54508.88,11870.14,12419.260833333334,42614.27333333334,28.925866666666664,47878.0,47596.560989,,,,,,
2025-02-15 08:00:00,12,8842.07,9770.2675,10923.08,0.0,0.0,54939.86,57827.84166666667,60086.93,14437.26,16769.923333333336,43225.86666666667,23.365641666666665,49122.94,48764.563348,,,,,,
2025-02-15 09:00:00,12,9385.31,10051.326666666666,10558.04,0.0,0.0,59341.03,60429.68666666667,61399.76,16540.25,17855.894166666665,44648.50916666666,21.650075,50052.17,49670.999529,,,,,,
2025-02-15 10:00:00,12,10355.64,10592.295833333334,11559.78,0.0,0.0,60970.66,61648.685,63739.66,18290.84,18955.169166666667,44923.5225,19.70645,50623.54,49992.433972,,,,,,
2025-02-15 11:00:00,12,10357.68,10897.155,11658.57,0.0,0.0,62696.11,64461.86166666666,65304.13,19753.33,21684.314166666667,45290.15583333333,16.302408333333332,50429.41,49491.376844,,,,,,
2025-02-15 12:00:00,12,10804.66,11978.315,13292.24,0.0,0.0,65769.19,67759.04666666668,70532.99,23558.32,26471.281666666662,44241.615,10.953741666666666,50116.56,48291.439963,,,,,,
2025-02-15 13:00:00,12,12531.51,13043.652499999998,13943.94,0.0,0.0,70659.65,72121.60833333334,72988.3,30584.25,32312.873333333333,44062.67083333334,0.770575,50130.82,47247.253219,,,,,,
2025-02-15 14:00:00,12,13167.11,13581.589999999998,13913.32,0.0,0.0,72072.0,73789.72333333333,74909.89,33468.27,34888.975,43125.409166666665,-1.7085916666666667,49486.58,46514.030912,,,,,,
2025-02-15 15:00:00,12,13501.63,13683.148333333333,14094.43,0.0,0.0,72257.29,73178.37416666666,73987.47,33861.33,34286.82083333333,41966.083333333336,-0.518075,48011.37,46286.456745,,,,,,
2025-02-15 16:00:00,12,13031.99,13283.2325,13549.37,0.0,0.0,68817.45,71462.68166666667,72733.55,29230.06,32569.436666666665,41037.03166666667,-2.3634166666666667,47334.35,46393.968949,,,,,,
2025-02-15 17:00:00,12,11304.54,12230.93,13077.02,0.0,0.0,59363.78,63880.49416666666,68697.67,18401.83,23285.033333333336,42348.083333333336,14.053125,47269.44,46867.870225,,,,,,
2025-02-15 18:00:00,12,8681.18,9880.873333333331,11310.11,0.0,0.0,55771.16,57725.6025,59212.26,13877.99,16279.690833333334,43266.39916666667,25.947033333333334,48347.97,48217.673138,,,,,,
2025-02-15 19:00:00,12,8313.3,8457.238333333333,8732.67,0.0,0.0,54712.58,54996.53,55614.16,12834.05,13151.974166666669,43548.0925,34.4212,48970.6,48837.449789,,,,,,
2025-02-15 20:00:00,12,8478.27,8988.119166666667,9312.76,0.0,0.0,55134.98,55769.33916666667,56081.37,13602.95,14351.739166666666,43177.5225,29.94010833333333,48991.48,48861.527072,,,,,,
2025-02-15 21:00:00,12,8547.63,8743.754166666668,9241.79,0.0,0.0,55512.89,55709.49,56187.34,13831.91,14160.303333333335,43211.85916666667,32.20395,48964.98,48814.16763,,,,,,
2025-02-15 22:00:00,12,7968.15,8276.143333333333,8632.41,0.0,0.0,53679.71,54190.693333333336,55004.81,13133.16,13626.951666666668,42277.11083333333,38.65250833333334,48384.19,48185.960343,,,,,,
2025-02-15 23:00:00,12,8445.47,9153.5425,9590.85,0.0,0.0,54091.34,55198.121666666666,56317.7,13985.55,15491.701666666668,41497.08,32.60250833333333,47822.66,47581.779011,,,,,,
2025-02-16 00:00:00,12,9843.68,10208.991666666669,10754.9,0.0,0.0,54745.63,56079.59,57417.09,15944.35,17114.5425,40975.90416666667,28.120891666666665,47528.98,47120.40237,,,,,,
2025-02-16 01:00:00,12,10975.59,11412.455,11854.17,0.0,0.0,57505.61,58446.65083333334,59822.1,18981.17,19870.275833333333,40832.85333333333,20.63220833333333,47644.81,47028.073787,,,,,,
2025-02-16 02:00:00,13,11271.23,11615.453076923077,11952.81,0.0,0.0,59321.68,59887.667692307696,60516.94,19823.18,20562.94769230769,41728.53,20.319284615384618,47974.89,47291.33234,,,,,,
2025-02-16 03:00:00,13,11260.45,11331.27769230769,11447.31,0.0,0.0,60210.44,60411.94846153846,60563.17,19640.25,20023.986923076925,43216.83,22.07636923076923,48999.42,47972.64088,,,,,,
2025-02-16 04:00:00,12,11262.48,11501.06,11684.44,0.0,0.0,60544.96,61000.51583333333,61278.49,18191.94,19361.18333333333,43665.00833333333,22.58295,49364.58,49100.738263,,,,,,
2025-02-16 05:00:00,12,10074.98,10493.545833333334,11152.37,0.0,0.0,59693.91,60072.06583333333,60532.64,16302.75,16958.291666666668,45251.706666666665,25.750183333333336,51041.48,50806.257158,,,,,,
2025-02-16 06:00:00,12,8474.04,9819.493333333334,10737.23,0.2521,0.0385333333333333,59668.43,61096.95916666667,61934.87,12505.22,15164.669166666668,47942.98166666667,29.48538333333333,53341.95,53105.619888,,,,,,
2025-02-16 07:00:00,12,7374.49,7835.396666666666,8542.45,0.3129,0.0654416666666666,59616.0,60329.36833333334,62154.79,11687.34,12428.930833333334,50138.17833333334,34.72828333333333,55583.52,55203.390987,,,,,,
2025-02-16 08:00:00,12,8996.74,11559.005,13580.93,5.9092,1.878758333333333,62647.48,68844.18083333333,75296.56,14837.51,21124.431666666667,50443.88333333333,20.670175,57120.72,56267.309111,,,,,,
2025-02-16 09:00:00,12,13152.36,13322.340000000002,13509.95,2.041,0.9021833333333332,74038.43,74398.59416666666,74969.87,25960.39,26600.775833333333,50996.06916666666,12.887666666666666,57396.22,55990.8934,,,,,,
2025-02-16 10:00:00,12,12603.08,12973.821666666665,13425.31,0.3992,0.0877,70136.42,71822.88583333333,73516.16,24276.28,25350.603333333333,49380.8625,13.701958333333332,55840.42,54679.300274,,,,,,
2025-02-16 11:00:00,12,12481.4,12722.295,12936.84,0.3896,0.1070583333333333,67565.85,68667.27666666667,69854.08,22740.11,23375.20833333333,47715.50666666666,13.791975,54127.35,53212.166881,,,,,,
2025-02-16 12:00:00,12,12275.51,12433.033333333333,12655.62,0.3189,0.0760916666666666,64503.49,65635.27166666667,66422.73,21371.41,21803.221666666668,45843.08666666667,16.631383333333336,52239.6,51710.076997,,,,,,
2025-02-16 13:00:00,12,12346.87,12479.972499999998,12699.63,0.1935,0.0197583333333333,64289.91,64697.35416666666,64989.16,21783.4,22270.471666666668,44458.025,18.32744166666667,50741.54,50184.349036,,,,,,
2025-02-16 14:00:00,12,12454.66,12645.003333333334,12841.13,0.5558,0.154675,63400.41,63868.28833333333,64365.78,22797.37,23451.815,43006.655,16.350966666666668,50070.94,48921.48765,,,,,,
2025-02-16 15:00:00,12,12742.19,12891.998333333337,12982.09,2.6478,1.43775,63321.4,63751.6525,64184.95,24342.84,24616.798333333336,41634.94583333333,10.757891666666666,49362.7,48274.487554,,,,,,
2025-02-16 16:00:00,12,12650.74,13160.750833333334,13462.07,3.4266,0.9529916666666668,61431.22,63664.03833333333,65196.23,22097.31,24315.8275,41404.145,12.897908333333334,49001.68,48437.216639,,,,,,
2025-02-16 17:00:00,14,8350.49,10869.750714285716,13778.35,0.0,0.0,56087.27,60329.09428571429,65004.8,11264.37,16789.84928571429,45205.85785714286,35.47230714285714,49815.61,49854.671752,,,,,,
2025-02-16 18:00:00,12,6796.49,7343.931666666667,8298.2,0.3139,0.0261583333333333,54753.18,55598.81666666667,56543.04,9353.48,9990.951666666666,47472.915,53.320075,52723.23,52784.978298,,,,,,
2025-02-16 19:00:00,12,7372.43,8311.213333333333,8999.08,1.6875,0.7527750000000001,56818.33,58778.86083333333,60200.29,10255.26,11577.935,48996.3775,36.71969166666667,54315.06,54254.040347,,,,,,
2025-02-16 20:00:00,12,9069.1,9236.5125,9375.91,0.7199,0.2972333333333333,60336.25,60927.4975,61269.58,12766.11,13023.964166666668,49713.184166666666,29.82015833333333,55001.42,54887.943604,,,,,,
2025-02-16 21:00:00,12,8779.25,8888.713333333333,9089.92,0.0,0.0,60846.42,60966.1525,61147.72,12815.9,13141.2425,49672.01583333333,28.154816666666665,54949.75,54742.98537,,,,,,
2025-02-16 22:00:00,12,9057.71,9348.088333333331,9723.67,0.0,0.0,61084.34,61608.0125,62198.44,13890.73,15034.2675,48679.8375,23.674341666666667,54180.59,53674.91573,,,,,,
2025-02-16 23:00:00,12,9954.19,10329.466666666667,10531.14,0.0,0.0,62272.68,62524.75,62903.81,16419.26,17337.534166666668,47294.089166666665,22.2206,53043.25,52503.894753,,,,,,
2025-02-17 00:00:00,12,10438.3,11184.875833333334,11477.75,0.0,0.0,62491.73,64094.50916666666,65001.76,18249.03,19528.680833333336,47063.07833333333,21.00209166666667,52750.94,51976.673617,,,,,,
2025-02-17 01:00:00,12,11478.44,11953.458333333334,12409.99,0.0,0.0,64965.16,65883.17833333333,66988.03,20416.28,21340.289166666666,47668.91,20.226133333333333,53351.79,51931.086789,,,,,,
2025-02-17 02:00:00,12,12318.09,12403.793333333331,12574.14,0.0,0.0,67212.97,67467.11666666667,67603.48,22113.68,22375.28,47984.706666666665,19.64625833333333,53520.28,52428.363799,,,,,,
2025-02-17 03:00:00,12,12042.14,12266.808333333334,12474.48,0.0,0.0,67490.33,67827.33916666667,67943.88,21273.38,21790.25333333333,48322.66,19.70235,53872.94,53317.197117,,,,,,
2025-02-17 04:00:00,12,11811.67,11911.030833333332,12037.9,0.0,0.0,67920.47,68147.00083333334,68304.02,20029.06,20650.533333333333,49529.59416666667,20.6907,55090.45,54887.443695,,,,,,
2025-02-17 05:00:00,12,10538.34,11164.010833333334,11702.29,0.0,0.0,68218.35,68344.33750000001,68468.97,16723.67,18023.908333333333,52214.950833333336,22.009591666666665,57592.81,57643.182147,,,,,,
2025-02-17 06:00:00,12,8720.79,9379.718333333332,10518.52,0.0,0.0,68646.54,68759.25,68865.97,13668.53,14769.3125,55994.325,24.727608333333333,61180.95,61118.465939,,,,,,
2025-02-17 07:00:00,12,7887.33,8879.0525,10665.71,0.0,0.0,68024.45,69744.06916666667,71995.01,12987.5,15127.3275,56485.730833333335,21.907116666666667,62920.79,62802.91999,,,,,,
2025-02-17 08:00:00,12,11016.2,12907.976666666667,15084.47,0.0,0.0,72392.29,76466.79416666667,80660.11,19061.35,24089.423333333336,54248.40333333333,12.658475,61757.88,61388.367209,,,,,,
2025-02-17 09:00:00,12,12628.73,12970.78,13556.31,0.0,0.0,74784.59,75615.9225,76797.95,24769.13,26332.581666666665,51799.66666666666,11.907666666666666,59914.68,59042.336027,,,,,,
2025-02-17 10:00:00,12,12066.52,12416.05,12808.45,0.0,0.0,74604.34,74971.065,76212.36,26378.37,27279.3925,50092.746666666666,10.199275,57619.86,56680.77083,,,,,,
2025-02-17 11:00:00,12,12484.32,12615.111666666666,12783.62,0.0,0.0,72860.55,73488.9975,74604.96,27249.93,27905.32083333333,48047.67166666666,3.895758333333333,55372.05,54210.088326,,,,,,
2025-02-17 12:00:00,12,12727.64,12944.966666666667,13360.01,0.0,0.0,72791.21,73044.29416666667,73684.52,28496.42,29699.18083333333,46266.3125,-0.3859416666666666,53696.1,52131.600704,,,,,,
2025-02-17 13:00:00,12,13027.8,13413.651666666668,13645.87,0.0,0.0,73261.86,74421.76916666667,75022.21,31011.4,32724.4975,45402.53166666667,-1.6628416666666668,52558.3,50312.253168,,,,,,
2025-02-17 14:00:00,12,13547.77,13772.210833333333,13972.72,0.0,0.0,75014.11,75391.55,75667.19,34480.18,34971.973333333335,44111.31666666667,-2.6967250000000003,51480.82,49151.596952,,,,,,
2025-02-17 15:00:00,12,13927.0,14030.035000000002,14154.29,0.0,0.0,75258.48,75488.69916666667,75835.19,35972.43,36241.975,41554.285833333335,-3.957408333333333,49322.09,48408.7382,,,,,,
2025-02-17 16:00:00,13,13676.24,13890.476923076923,14192.87,0.0,0.0,71887.15,73683.46153846153,75195.39,32256.39,34006.21230769231,41729.944615384615,-3.252446153846153,49242.56,48668.432786,,,,,,
2025-02-17 17:00:00,13,12389.84,13415.658461538462,14084.77,0.0,0.0,64556.74,69009.18923076923,73554.82,20848.74,26441.901538461538,44541.05153846154,9.762323076923078,50103.21,49877.515172,,,,,,
2025-02-17 18:00:00,12,10774.71,11217.144166666669,12297.51,0.0,0.0,63836.32,64220.785,64889.0,18657.04,19126.669166666667,47095.6225,21.16585,52149.31,52106.743967,,,,,,
2025-02-17 19:00:00,13,11273.64,11628.75076923077,11869.4,0.0,0.0,65057.46,66533.55461538461,67451.55,18942.66,20207.992307692308,48224.60692307692,19.86473846153846,53510.22,53304.106511,,,,,,
2025-02-17 20:00:00,14,11683.67,11890.425714285711,12214.1,0.0,0.0,67333.2,67451.20285714285,67574.37,21309.5,21549.089285714286,47661.86785714286,18.912485714285715,53047.88,52925.368928,,,,,,
2025-02-17 21:00:00,12,12021.07,12411.433333333334,12816.17,0.0,0.0,67281.07,67491.80500000001,67679.73,22016.15,22845.62833333333,46473.16,17.712158333333335,51989.17,51764.602002,,,,,,
2025-02-17 22:00:00,12,12802.93,13240.163333333332,13497.76,0.0,0.0,66327.28,66780.29416666667,67207.29,23598.33,24578.528333333332,44131.33,15.421975000000002,49809.26,49467.822835,,,,,,
2025-02-17 23:00:00,12,13471.38,13609.415,13699.69,0.0,0.0,64296.55,65722.25166666666,66345.05,25535.41,25815.52333333333,42413.6075,13.809616666666663,48200.87,47267.653316,,,,,,
2025-02-18 00:00:00,12,12879.74,13033.075833333334,13377.66,0.0,0.0,61396.92,61810.72583333333,63287.42,23022.68,23661.97583333333,40637.895,17.533325,46534.36,45736.744407,,,,,,
2025-02-18 01:00:00,13,13139.95,13324.7,13462.68,0.0,0.0,61632.88,61793.401538461534,61972.64,24352.36,24982.080769230768,39458.93076923077,14.265315384615384,45682.17,44688.970744,,,,,,
2025-02-18 02:00:00,12,13444.27,13573.9975,13715.2,0.0,0.0,61899.07,62372.7725,62808.15,25340.26,25864.84333333333,38929.57916666667,9.459775,44784.72,44105.656793,,,,,,
2025-02-18 03:00:00,14,12944.51,13164.649285714286,13471.27,0.0,0.0,59458.54,60418.12714285714,61758.82,22843.12,23836.597142857143,38514.42428571429,16.606871428571427,44183.87,43990.903483,,,,,,
2025-02-18 04:00:00,12,12594.32,12880.028333333334,13248.08,0.0,0.0,59144.61,59990.91166666666,60683.05,21904.52,22593.623333333333,39296.519166666665,17.752008333333333,44919.55,44865.640018,,,,,,
2025-02-18 05:00:00,12,11680.36,12233.361666666666,12633.41,0.0,0.0,59870.03,61058.505000000005,62066.34,19948.12,21056.8525,41799.30833333333,19.235375,47192.22,47229.183675,,,,,,
2025-02-18 06:00:00,12,10011.46,10785.895833333334,11572.85,0.0,0.0,58577.42,60352.30583333334,61736.88,14776.8,16801.369166666667,45329.29833333333,25.065825,50541.66,50604.109421,,,,,,
2025-02-18 07:00:00,12,9739.03,10176.059166666668,10574.99,0.0,0.0,58630.34,60152.43083333334,61349.27,15147.15,16488.920000000002,45466.825833333336,21.203558333333334,51925.03,51867.537098,,,,,,
2025-02-18 08:00:00,12,10476.08,11851.939166666663,13019.52,0.0,0.0,61242.8,63467.636666666665,66398.73,17719.08,20345.44583333333,45532.263333333336,19.564858333333333,52330.01,51776.043467,,,,,,
2025-02-18 09:00:00,12,12317.13,12881.086666666668,13855.04,0.0,0.0,64658.09,66054.585,67060.24,21814.73,22794.045,45643.6775,17.190558333333332,52197.96,51861.591849,,,,,,
2025-02-18 10:00:00,12,11571.62,11814.228333333333,12120.92,0.0,0.0,63396.69,63884.54666666667,64387.6,20314.18,20708.55583333333,45190.589166666665,20.374458333333333,52131.52,51811.245364,,,,,,
2025-02-18 11:00:00,12,11586.59,11819.609166666669,12303.33,0.0,0.0,63374.18,64269.12833333333,65221.47,20049.44,20942.681666666667,45331.71333333334,19.916866666666667,52241.43,51810.329099,,,,,,
2025-02-18 12:00:00,12,11692.82,11967.835,12291.84,0.0,0.0,64745.73,65546.42583333333,66564.09,21039.94,21496.518333333333,46193.625,20.33490833333333,52769.81,52145.095277,,,,,,
2025-02-18 13:00:00,12,11585.46,12042.185,12292.98,0.0,0.0,66453.34,66921.75333333334,67160.78,21689.86,22501.98166666667,47375.87083333333,23.1572,54086.04,52677.112398,,,,,,
2025-02-18 14:00:00,12,11342.9,11627.847500000002,11902.5,0.0,0.0,66287.64,66906.8575,67495.72,21885.88,22089.553333333333,47767.26083333333,28.86253333333333,54716.35,53317.144279,,,,,,
2025-02-18 15:00:00,12,11868.67,12279.958333333334,12577.87,0.0,0.0,66558.16,67586.13583333333,68696.95,22010.53,22847.19916666667,47099.15333333333,26.745808333333333,54552.64,53766.761672,,,,,,
2025-02-18 16:00:00,13,12186.87,12479.039230769233,13212.54,0.0,0.0,67598.75,68586.73307692308,72676.77,22469.45,23083.26692307692,48017.70615384616,19.42546923076923,56681.94,55941.202223,,,,,,
2025-02-18 17:00:00,12,11270.36,12589.603333333333,13648.82,0.0,0.0,72035.48,73826.27083333333,74707.27,19081.54,22541.7825,53302.54416666667,22.82088333333333,58810.76,58599.031276,,,,,,
2025-02-18 18:00:00,13,9316.49,10173.139230769231,11451.35,0.0,0.0,69608.01,70568.46923076923,71687.76,15479.89,17012.686153846153,55644.3523076923,34.474,61310.48,61173.730283,,,,,,
2025-02-18 19:00:00,12,9360.09,9734.781666666668,10039.42,0.0,0.0,69663.55,71266.21166666667,71603.56,15429.65,15826.939166666663,57284.8775,37.443325,62705.74,62621.07854,,,,,,
2025-02-18 20:00:00,14,9397.07,9643.881428571429,9921.27,0.0,0.0,71076.77,71567.43571428572,72097.52,14723.33,15264.596428571427,57993.64571428572,40.24182142857143,63486.31,63429.278048,,,,,,
2025-02-18 21:00:00,13,9796.03,9987.276923076925,10297.33,8.4514,3.860238461538461,71257.6,71457.44461538462,71618.37,14865.17,15285.05,57856.734615384616,39.78850769230769,63400.43,63327.9458,,,,,,
2025-02-18 22:00:00,14,9936.45,10162.757857142858,10533.98,3.0183,1.435342857142857,69433.13,70485.63928571428,71582.64,15220.48,15758.432142857142,56317.605,31.30065,62594.72,62585.911237,,,,,,
2025-02-18 23:00:00,13,10119.35,10280.086923076924,10553.18,1.4728,1.016,69977.77,70494.32153846155,71337.79,15739.72,16206.122307692309,55978.19923076923,28.67460769230769,62145.6,62036.637459,,,,,,
2025-02-19 00:00:00,12,10562.16,11272.0825,11779.76,2.566,1.1100666666666668,70802.53,72421.33083333333,74208.77,16626.1,18478.2125,56049.48416666667,37.33359166666667,61990.17,61457.186598,,,,,,
2025-02-19 01:00:00,13,11500.58,11849.14,12046.53,1.2052,0.6034461538461539,73799.3,74731.73076923077,75794.37,19934.57,20782.706923076923,56537.2,38.76767692307693,62614.25,61601.654179,,,,,,
2025-02-19 02:00:00,14,12138.0,12358.912142857142,12535.93,2.9071,0.8694857142857143,76152.35,77882.015,78621.45,21950.98,22855.981428571427,57907.60071428572,47.41764285714286,63553.0,62279.036842,,,,,,
2025-02-19 03:00:00,12,12288.01,12566.433333333334,12791.25,0.8129,0.0849249999999999,77622.9,78613.84833333333,79513.93,21775.83,22564.2525,58389.37916666667,68.511275,63779.96,62959.97211,,,,,,
2025-02-19 04:00:00,12,11774.71,12106.108333333332,12513.92,7.5905,1.4102749999999995,77952.78,78917.12083333333,79521.52,20862.65,21409.314166666667,59533.364166666666,119.47889166666666,65222.01,64780.994662,,,,,,
2025-02-19 05:00:00,12,11307.47,11872.731666666668,12155.14,21.8221,8.002116666666668,78922.59,80571.0325,81588.65,19883.58,20587.1875,61795.2425,243.47798333333333,67696.22,67474.919921,,,,,,
2025-02-19 06:00:00,12,9942.23,10491.753333333334,11265.27,15.4572,3.921533333333333,80874.06,81236.55166666667,81576.79,15611.13,17028.01166666667,66029.415,420.7582333333333,71793.33,71832.19579,,,,,,
2025-02-19 07:00:00,12,8273.04,8845.130833333335,9818.06,15.2402,4.507241666666666,80213.41,80753.04916666666,81521.66,13221.94,13765.210833333333,68583.48333333334,519.9226583333333,74290.7,74507.457153,,,,,,
2025-02-19 08:00:00,12,8234.82,8484.9625,8679.3,21.6965,9.079,80801.51,82180.92,83415.54,13907.01,14927.886666666667,69191.30333333333,538.5517333333333,75374.52,75492.524547,,,,,,
2025-02-19 09:00:00,13,8584.0,9828.657692307692,10664.9,61.5821,13.721092307692308,83412.38,84720.67615384616,86377.52,15981.85,18125.39076923077,68943.24615384615,480.04483846153846,76581.23,76051.042809,,,,,,
2025-02-19 10:00:00,12,10665.47,11041.745,11331.93,32.0995,10.548208333333331,86723.66,89144.42666666668,91611.23,19764.05,21262.26166666667,71125.3125,265.4866333333334,78084.3,76768.481,,,,,,
2025-02-19 11:00:00,12,11247.63,11854.708333333334,12441.49,61.3086,31.912991666666667,91468.63,92132.83166666668,92718.93,22769.48,23837.075833333336,71963.60666666667,116.4614,78724.7,76886.704538,,,,,,
2025-02-19 12:00:00,12,12496.94,12833.86,13128.34,25.2153,13.644608333333332,91573.22,92135.5875,92894.81,24203.6,24577.745,70867.44333333334,62.82010833333334,77867.87,76379.458848,,,,,,
2025-02-19 13:00:00,12,13188.79,13576.658333333333,13930.16,18.1455,11.474275,90530.69,91271.95166666666,92271.51,24028.08,24524.5875,69873.9325,53.36373333333333,76823.52,75573.071923,,,,,,
2025-02-19 14:00:00,12,13523.74,13744.170833333332,13961.53,6.4829,4.100883333333333,90025.09,90484.5675,90774.71,23822.29,24118.4925,69828.96666666666,37.293075,76065.29,74422.973242,,,,,,
2025-02-19 15:00:00,12,13359.27,13533.9825,13671.09,2.872,2.0744333333333334,87643.99,88505.37166666666,90171.48,23028.9,23779.29333333333,67586.435,39.60918333333333,74642.51,73596.567697,,,,,,
2025-02-19 16:00:00,12,12022.21,12836.855833333331,13241.22,1.926,0.6264666666666666,84326.55,86945.16,88173.09,17905.62,21092.331666666665,67985.45166666668,48.07664166666667,74020.66,73645.928932,,,,,,
2025-02-19 17:00:00,12,10450.2,11103.0925,12052.99,46.2477,10.7055,81468.23,83331.59083333334,85109.31,14279.87,15960.033333333333,69094.09833333334,100.43719166666666,74579.0,74385.559476,,,,,,
2025-02-19 18:00:00,15,8869.36,9312.404666666667,10521.9,39.3008,4.255786666666667,80089.52,80530.96066666667,81703.96,10787.89,11957.368,70006.44733333333,292.65238000000005,75476.47,75658.483787,,,,,,
2025-02-19 19:00:00,13,8912.76,9143.805384615383,9320.81,1.3661,0.1598846153846153,80226.73,80383.60538461538,80557.24,10044.13,10530.913846153846,71269.83923076923,287.0322,76568.54,76767.258748,,,,,,
2025-02-19 20:00:00,14,8275.9,8542.64357142857,8885.51,0.0,0.0,78413.77,79318.08,80075.85,9051.8,9520.454285714284,71136.61928571429,373.7770642857143,76435.18,76650.909483,,,,,,
2025-02-19 21:00:00,12,8560.3,9081.360833333334,9473.13,48.1133,17.71184166666667,78554.43,78924.23,79341.32,9841.65,10647.3825,69870.92666666667,228.5814,75543.71,75522.77632,,,,,,
2025-02-19 22:00:00,13,9653.48,10097.896153846154,10325.15,49.0587,30.40868461538461,79461.63,79879.05461538461,80267.32,12334.19,13450.520769230769,69224.66307692308,107.3011846153846,74791.4,73567.117462,,,,,,
2025-02-19 23:00:00,12,10258.96,10534.674166666666,10683.99,46.6097,24.796616666666665,79187.71,80244.61333333333,81021.09,14170.72,15296.745,67848.70416666666,73.16449166666666,73548.76,72213.191182,,,,,,
2025-02-20 00:00:00,12,10523.32,10846.994166666664,11088.94,0.0,0.0,81248.73,81713.93166666667,82082.88,16436.65,17586.171666666665,67337.09333333334,119.69265833333333,72951.48,71546.644761,,,,,,
2025-02-20 01:00:00,13,10859.63,10992.129230769233,11138.71,0.0,0.0,81260.16,81783.09461538462,82109.66,17290.21,17765.883076923077,66971.02153846154,96.74582307692307,72418.95,71243.297662,,,,,,
2025-02-20 02:00:00,12,11149.2,11274.056666666664,11431.79,0.0,0.0,81506.8,81683.02833333334,81781.4,16472.43,16928.433333333334,66834.67583333333,81.643425,72298.62,71804.541662,,,,,,
2025-02-20 03:00:00,12,11148.81,11228.081666666669,11310.36,0.0,0.0,81377.56,81936.51916666667,82400.4,15958.41,16464.289166666666,67169.94916666667,75.29893333333332,72716.9,72643.214795,,,,,,
2025-02-20 04:00:00,12,10641.32,10882.905,11219.72,0.0,0.0,81362.75,82161.39083333332,82430.92,15196.82,15573.016666666668,68305.26,101.12511666666668,74012.06,74019.458925,,,,,,
2025-02-20 05:00:00,12,9141.73,10118.009166666669,10745.53,0.0,0.0,81712.99,82506.8975,83065.52,12009.29,13827.615833333335,70136.33,256.43264166666665,75653.72,75823.787282,,,,,,
2025-02-20 06:00:00,12,7250.62,8395.021666666666,9404.14,0.0,0.0,81915.76,82308.14666666667,82536.13,8892.63,10235.259166666669,73499.40333333334,336.2547333333333,78837.74,79211.853727,,,,,,
2025-02-20 07:00:00,12,6569.07,7614.129166666667,9744.39,0.0,0.0,81265.84,82437.0825,85106.55,8232.38,10198.598333333332,73784.915,284.32396666666665,80379.09,80524.699422,,,,,,
2025-02-20 08:00:00,12,9837.44,10854.360833333334,11982.96,0.0,0.0,85624.79,87909.87333333334,89859.59,14153.62,17121.935,72121.97833333333,79.907125,79422.27,79228.48516,,,,,,
2025-02-20 09:00:00,12,11528.62,11889.630833333336,12283.55,3.7735,2.218433333333333,87626.93,88407.4525,89629.3,19033.46,20066.0925,69955.05166666667,55.57004166666667,77490.89,77226.133721,,,,,,
2025-02-20 10:00:00,12,11932.32,12581.597500000002,13282.32,2.5566,1.1680833333333334,88311.66,89324.71916666666,90182.87,21388.15,23247.795,68204.97499999999,39.53951666666666,75695.73,75033.885261,,,,,,
2025-02-20 11:00:00,12,13297.01,13702.301666666666,14074.76,1.178,0.819,89300.66,89583.90749999999,90001.47,24786.57,25869.5975,66807.90583333334,36.19639166666666,73819.58,72332.910758,,,,,,
2025-02-20 12:00:00,12,14226.53,14627.660000000002,15283.71,1.6566,1.120425,88975.48,89130.71583333334,89338.27,27529.24,28999.85583333333,63933.03166666667,29.57020833333333,71473.73,69323.168688,,,,,,
2025-02-20 13:00:00,12,15366.63,15802.673333333332,16236.37,3.225,1.87575,87476.18,87918.70166666666,88452.31,30008.01,30665.130833333333,60611.18666666667,23.21676666666667,68568.13,66702.781087,,,,,,
2025-02-20 14:00:00,12,16344.14,16826.328333333335,17101.36,2.6117,1.791025,86628.31,87178.46666666666,87518.59,31404.1,31714.706666666665,58269.76416666667,18.7868,65782.49,64560.082244,,,,,,
2025-02-20 15:00:00,12,16922.36,17117.045833333334,17272.9,4.14,1.1788333333333332,85985.09,86940.03916666667,87951.56,31246.23,32031.79416666667,57347.3725,18.519341666666666,64266.82,63581.629965,,,,,,
2025-02-20 16:00:00,12,14360.08,16068.2075,17058.76,1.067,0.2294416666666666,80527.99,83950.32833333334,86363.61,23416.99,28026.59,57840.15083333334,27.1716,64251.6,64071.498044,,,,,,
2025-02-20 17:00:00,12,11050.85,12166.460833333333,14062.86,0.0,0.0,74599.34,76380.795,79305.56,14244.37,17251.775833333333,60716.46833333333,60.239916666666666,66005.23,66008.778542,,,,,,
2025-02-20 18:00:00,12,9197.58,9806.7875,10784.77,6.6712,2.858216666666667,73260.78,73982.46,74819.32,10797.61,11696.86,63840.81666666667,91.07776666666666,69151.48,69247.386177,,,,,,
2025-02-20 19:00:00,12,9228.62,9434.123333333331,9655.41,12.8973,8.455008333333334,73325.72,73548.915,74044.58,10548.81,11014.8725,64016.5275,94.84704166666668,70687.22,70692.523657,,,,,,
2025-02-20 20:00:00,12,9085.56,9455.829166666666,9736.64,20.1821,11.980816666666668,73389.39,73850.81083333334,74305.23,10946.48,11475.93,63898.26,92.58843333333334,70806.07,70809.525613,,,,,,
2025-02-20 21:00:00,12,9577.88,9835.818333333333,10089.74,12.1214,8.588266666666668,74206.3,74525.9675,74702.04,11722.06,12373.980833333331,63641.625,83.82430000000001,69902.92,69804.2575,,,,,,
2025-02-20 22:00:00,12,9884.43,10194.365833333331,10468.58,6.6102,3.778233333333333,73384.45,73907.68000000001,74372.7,13096.12,13780.988333333333,62183.44416666666,68.37603333333334,68467.33,67851.544806,,,,,,
2025-02-20 23:00:00,12,10106.06,10239.724166666669,10402.72,10.6024,7.916175,72554.05,73018.24583333333,73400.95,13852.85,14369.9325,60905.16416666666,69.33420833333334,66975.95,66287.386182,,,,,,
2025-02-21 00:00:00,12,10054.71,10239.865833333331,10420.78,14.5499,10.749066666666666,71832.88,72062.46,72365.49,13717.15,14296.740833333335,60514.32333333333,80.69406666666667,66295.26,65155.697631,,,,,,
2025-02-21 01:00:00,13,10423.97,10805.364615384617,11385.5,17.7044,11.681707692307691,72045.98,72400.17692307693,73185.21,14781.27,15457.895384615384,59447.38923076924,62.55646923076923,65633.34,64559.654537,,,,,,
2025-02-21 02:00:00,12,10762.99,10905.3975,11023.76,18.5879,11.27415,72787.22,72963.85916666668,73137.17,15073.05,15496.358333333332,59464.48583333333,61.26509166666667,65323.04,64787.516952,,,,,,
2025-02-21 03:00:00,12,10968.95,11124.049166666666,11311.78,15.5046,11.338666666666668,73055.22,73214.51833333333,73374.07,15368.16,15637.935,59469.07666666667,58.37544166666667,65390.87,64980.509649,,,,,,
2025-02-21 04:00:00,12,10981.04,11083.716666666667,11257.82,21.5265,17.8571,73199.52,73801.73666666666,74536.73,14727.91,15012.635833333334,60395.443333333336,64.31671666666666,66137.24,66082.787769,,,,,,
2025-02-21 05:00:00,12,10462.93,10822.87,11001.96,45.8448,32.38294166666667,73908.32,74529.43000000001,74982.89,13476.43,13946.550833333333,62079.535833333335,87.8737,68010.38,68123.845199,,,,,,
2025-02-21 06:00:00,12,8423.61,9233.3325,10325.45,47.7143,36.4236,75065.7,75896.9825,76390.01,10996.52,11939.029166666667,65458.193333333336,85.20666666666666,71330.57,71470.711577,,,,,,
2025-02-21 07:00:00,12,7612.31,7956.279166666667,8289.43,47.9392,25.686941666666662,74987.68,75389.38083333333,76389.23,10273.42,10929.1,66090.01166666667,80.751025,72655.59,72617.894317,,,,,,
2025-02-21 08:00:00,12,8354.27,9360.006666666666,10100.11,44.3567,16.999791666666667,75987.05,77553.76833333333,78674.91,11919.1,13769.776666666668,65251.21,67.23385833333333,72223.33,72300.318468,,,,,,
2025-02-21 09:00:00,12,9634.08,10061.43,10369.43,8.3902,5.5549,78986.3,79655.84583333334,80230.09,14652.43,15752.038333333332,65569.7925,53.03643333333333,72273.6,72011.048801,,,,,,
2025-02-21 10:00:00,12,10288.28,10595.419166666668,10960.48,3.3572,2.81285,79431.35,80263.68666666666,80606.28,16337.4,17220.26916666667,65129.371666666666,42.66279166666667,71930.19,71296.559367,,,,,,
2025-02-21 11:00:00,12,11032.02,11180.060833333337,11327.48,2.3159,1.3203916666666666,79495.13,80052.6725,80675.47,18075.96,18301.04,64307.57333333333,40.07525833333333,71092.08,69959.903689,,,,,,
2025-02-21 12:00:00,12,11080.58,11238.358333333332,11433.19,3.7498,2.745316666666667,78023.79,78859.60583333333,79930.06,18278.31,18802.005833333333,63198.04666666667,41.01741666666667,70066.38,68658.944411,,,,,,
2025-02-21 13:00:00,12,11169.24,11346.11,11471.27,3.4827,2.409775,78313.46,78884.74250000001,79402.12,19315.97,19610.75833333333,62833.9325,42.211225,69214.54,67404.439628,,,,,,
2025-02-21 14:00:00,12,11216.56,11319.755,11389.64,2.76,1.7485499999999998,76547.05,77342.52500000001,78397.59,18968.87,19416.275,61955.95416666666,47.388975,68322.36,66103.863596,,,,,,
2025-02-21 15:00:00,12,11055.69,11220.075833333334,11433.2,2.8271,1.9544166666666667,74754.9,75530.76583333332,76354.71,17283.69,18125.983333333334,60804.97666666666,48.99818333333334,67346.98,65716.307962,,,,,,
2025-02-21 16:00:00,12,10092.0,10685.1225,11017.74,7.6698,5.248724999999999,73729.43,74322.10333333333,74808.69,14598.55,15771.100833333332,60763.7275,57.823775000000005,66824.13,66383.442109,,,,,,
2025-02-21 17:00:00,12,9368.03,10207.186666666666,10829.2,20.5465,7.653058333333334,72220.88,73695.87083333333,74791.73,11180.57,12968.185,62416.65416666667,79.19708333333334,67477.54,67179.082088,,,,,,
2025-02-21 18:00:00,12,9098.07,9332.785,9546.69,19.0702,12.800391666666668,71295.52,72569.68166666666,73572.55,11010.14,11369.9425,62789.355,83.05300833333334,68080.75,68069.247758,,,,,,
2025-02-21 19:00:00,12,9531.6,9781.395833333334,10270.98,9.8737,7.006341666666667,73745.95,74255.17416666666,74964.74,12185.73,12547.563333333334,63456.23416666667,62.061925,68671.83,68506.794556,,,,,,
2025-02-21 20:00:00,12,10146.81,10332.141666666666,10513.81,3.605,2.7204916666666663,75281.21,75582.64583333333,75874.73,13740.79,14000.471666666666,63144.43333333333,60.06530833333333,68413.09,68301.307309,,,,,,
2025-02-21 21:00:00,12,10482.65,10610.535,10813.38,4.7133,3.161666666666666,74587.85,74949.25,75420.65,14504.19,14650.679166666669,61668.34666666667,56.20829166666667,67356.55,67169.806943,,,,,,
2025-02-21 22:00:00,12,10637.35,10834.754166666668,10950.09,4.152,2.0123083333333334,73618.26,74194.12833333334,74830.7,15618.05,16173.8575,59947.56083333333,49.26133333333333,65676.49,65280.329187,,,,,,
2025-02-21 23:00:00,12,10756.36,10993.8425,11408.65,7.2704,5.827383333333334,73082.45,73620.31083333334,73938.67,16526.63,16931.665833333333,58957.27583333334,44.16091666666667,64288.21,63602.078886,,,,,,
2025-02-22 00:00:00,12,10709.06,10866.728333333334,11164.85,3.6797,2.677525,70596.54,70989.845,72241.42,15498.63,15978.381666666666,57343.02916666667,47.290225,63050.92,62326.03534,,,,,,
2025-02-22 01:00:00,12,11030.11,11347.463333333331,11571.51,3.311,1.59185,71877.24,72122.1075,72339.4,17070.15,17511.71,57434.363333333335,45.1208,62580.92,61285.317936,,,,,,
2025-02-22 02:00:00,12,11506.55,11653.065,11792.59,3.2138,2.1910666666666665,72056.2,72203.08,72384.5,17675.39,18028.9225,56688.85333333333,42.9753,61883.83,60809.823504,,,,,,
2025-02-22 03:00:00,12,11100.94,11479.718333333332,11778.49,2.9639,1.850875,70274.89,71186.06,72122.66,16461.03,17214.228333333333,55977.8075,45.46854166666666,61180.72,60760.532427,,,,,,
2025-02-22 04:00:00,12,10932.74,11127.85,11381.97,9.03,4.747775,69404.88,69687.36,69991.77,14438.92,15035.847500000002,56422.52583333334,49.39278333333333,61523.39,61321.676559,,,,,,
2025-02-22 05:00:00,12,10150.51,10429.736666666666,10808.09,11.5953,7.345375,69260.47,69409.12083333333,69532.34,12689.54,13231.1375,57829.63083333333,57.42033333333333,62586.57,62514.458158,,,,,,
2025-02-22 06:00:00,12,9133.83,9640.831666666669,10197.77,13.6473,7.57725,68907.82,69242.7175,69500.85,10224.58,11241.751666666663,59549.82750000001,54.32698333333334,64507.67,64485.288363,,,,,,
2025-02-22 07:00:00,12,8181.14,8599.711666666666,9217.55,10.5377,7.225475,69125.2,69430.13249999999,70294.03,9243.8,9962.2625,61044.72083333333,52.745675,66146.29,66105.890051,,,,,,
2025-02-22 08:00:00,12,9545.81,10538.105,11489.69,4.007,2.9885,70690.49,73162.37666666666,75573.26,12926.22,15126.964999999998,59741.285,37.76049166666667,66826.77,66492.986732,,,,,,
2025-02-22 09:00:00,13,10452.13,10872.080769230768,11283.51,2.2267,1.0723769230769231,73699.01,74619.04692307692,75267.2,15274.65,16455.10076923077,59981.41,32.24187692307692,66174.94,65716.943996,,,,,,
2025-02-22 10:00:00,12,11004.24,11490.866666666669,11694.5,0.525,0.3582749999999999,74762.63,75118.00666666667,75443.67,17145.79,18343.13833333333,59184.31583333333,28.95040833333333,64825.19,64122.781726,,,,,,
2025-02-22 11:00:00,12,11039.28,11222.214166666668,11467.06,0.9875,0.3808499999999999,73272.85,73940.825,74545.75,18949.8,19505.105,57073.75833333333,26.852725000000003,63243.24,62182.963419,,,,,,
2025-02-22 12:00:00,12,11305.16,11704.821666666669,11867.76,0.0,0.0,72280.08,72950.84833333334,73341.73,20103.98,20612.58583333333,55341.5275,27.11218333333333,61448.5,60049.907852,,,,,,
2025-02-22 13:00:00,12,11819.83,12141.836666666668,12346.29,0.0,0.0,71838.02,72108.5825,72337.58,20702.12,21386.675,53406.410833333335,25.79055,59286.19,58248.736463,,,,,,
2025-02-22 14:00:00,12,11940.85,12225.269166666669,12499.91,0.0,0.0,71175.26,71777.40999999999,72283.5,21761.12,22140.51,52694.82750000001,25.975933333333334,58536.04,57058.32489,,,,,,
2025-02-22 15:00:00,12,12127.22,12364.027500000002,12512.33,0.0,0.0,69903.24,70614.41416666667,71053.76,20984.76,21691.309166666662,51433.09,25.863125,57000.35,56131.405664,,,,,,
2025-02-22 16:00:00,12,10423.66,11567.466666666667,12158.67,0.0,0.0,65926.93,68179.59416666666,69509.68,15927.88,18959.135833333334,51043.39083333333,30.758875,56212.83,56048.167449,,,,,,
2025-02-22 17:00:00,12,8007.08,9191.885833333334,10555.34,0.0,0.0,60853.04,63180.449166666665,65623.82,10399.23,12743.229166666666,52081.65666666667,59.61045833333333,56757.93,56779.119403,,,,,,
2025-02-22 18:00:00,12,7567.42,7883.983333333334,8337.68,0.0,0.0,60865.53,61196.42250000001,61862.51,9593.99,9938.660833333332,52736.98666666666,59.9856,57887.03,57855.693685,,,,,,
2025-02-22 19:00:00,12,7306.94,7715.975833333334,8206.62,0.0,0.0,61277.68,61940.07833333333,62605.45,9772.91,10232.165833333334,53194.66,47.56358333333333,58595.74,58526.536833,,,,,,
2025-02-22 20:00:00,12,7989.17,8323.0825,8639.94,0.0,0.0,62584.23,62975.48333333334,63431.54,10790.78,11430.963333333331,53094.52,54.145025,58346.28,58283.980535,,,,,,
2025-02-22 21:00:00,12,7889.5,8151.675,8378.9,0.0,0.0,62517.27,63024.79083333333,63388.74,11819.62,12152.490833333335,52541.88416666666,57.63409166666667,57616.98,57504.404696,,,,,,
2025-02-22 22:00:00,12,8084.7,8398.475,8708.76,0.0,0.0,61015.21,61892.864166666666,62571.09,12382.57,12955.78,50786.62666666667,55.66798333333333,56174.25,55877.196478,,,,,,
2025-02-22 23:00:00,12,8030.3,8685.056666666667,8989.11,0.0,0.0,60295.77,60773.35916666667,61175.89,12589.04,13365.478333333333,49323.98666666666,52.0166,55014.19,54578.802931,,,,,,
2025-02-23 00:00:00,12,8795.14,9009.388333333334,9190.99,0.0,0.0,58435.42,59744.87583333333,60260.3,13331.92,14239.618333333332,47665.43833333333,42.898225,53858.64,53306.134833,,,,,,
2025-02-23 01:00:00,12,9204.12,9644.980833333331,9905.16,0.0,0.0,60486.59,60643.60833333334,60823.58,15043.1,15714.210833333333,48032.91083333333,41.99344166666667,53821.41,52376.770541,,,,,,
2025-02-23 02:00:00,12,9936.06,10054.7975,10179.59,0.0,0.0,60347.28,60683.06333333333,61182.28,16018.15,16534.0825,47296.43,39.57801666666666,53043.59,51572.693945,,,,,,
2025-02-23 03:00:00,12,10243.73,10505.301666666666,10698.73,0.0,0.0,60611.78,61076.36166666666,61311.77,16290.61,17006.470833333333,47021.975,40.05866666666667,52662.44,51300.172613,,,,,,
2025-02-23 04:00:00,12,10040.14,10168.744166666664,10297.27,0.0,0.0,59494.47,59792.2725,60971.55,15307.29,15623.6,45983.03166666667,43.43298333333333,51591.18,51348.930553,,,,,,
2025-02-23 05:00:00,12,9020.99,9690.348333333332,10295.13,0.2761,0.0523083333333333,58708.79,59548.24583333333,60288.17,12741.69,14131.219166666668,47171.31583333333,46.874575,52131.22,51984.6758,,,,,,
2025-02-23 06:00:00,12,8161.21,8601.244166666667,9077.43,1.4504,0.3938166666666666,58103.87,58564.95916666667,59075.92,11035.0,11928.4125,48364.73666666666,47.843875,53145.63,53080.738011,,,,,,
2025-02-23 07:00:00,12,7436.26,7808.408333333333,8539.17,1.227,0.207025,57965.05,58609.31666666667,60192.74,10486.74,11266.553333333335,49103.525,45.63069166666667,54301.87,54245.334932,,,,,,
2025-02-23 08:00:00,12,8792.96,9152.606666666668,9333.43,1.8313,0.9873083333333332,59755.53,61247.23416666667,62560.39,13285.24,13969.025833333331,49179.86083333333,33.750508333333336,55228.8,55173.030432,,,,,,
2025-02-23 09:00:00,12,8730.11,8935.000833333334,9266.39,0.0,0.0,60540.23,61221.97916666666,61896.76,13288.25,13864.401666666668,49278.925833333335,34.598333333333336,54973.73,54787.09131,,,,,,
2025-02-23 10:00:00,12,8641.24,9237.3475,10124.16,0.0,0.0,59161.02,60067.37916666667,61266.58,13844.68,15315.527500000002,46775.54,27.770975000000004,53804.83,53196.767522,,,,,,
2025-02-23 11:00:00,12,10264.24,11087.746666666666,11706.58,0.0,0.0,60256.0,62305.86166666666,63852.09,17439.31,19257.210000000003,45600.150833333326,22.1715,52419.47,51388.213858,,,,,,
2025-02-23 12:00:00,12,11515.0,12035.143333333332,12337.88,0.0,0.0,62684.98,63273.64666666667,63609.95,20394.28,21985.8725,44261.496666666666,20.5289,50882.6,49575.828066,,,,,,
2025-02-23 13:00:00,12,12193.44,12457.23,12663.34,0.0,0.0,62572.44,63111.25833333333,63304.39,22424.66,23075.5275,43142.1325,20.16418333333333,49308.47,47963.011517,,,,,,
2025-02-23 14:00:00,12,12382.5,12576.203333333331,12713.3,0.0,0.0,61970.08,62489.68833333333,63067.58,23496.11,23889.02666666667,42872.58,21.08575833333333,49228.56,46890.190179,,,,,,
2025-02-23 15:00:00,12,12556.11,12695.085,13020.85,0.0,0.0,61662.3,62021.65166666667,62585.23,23828.62,24303.864166666663,41613.42083333333,19.45073333333333,48572.8,46461.509749,,,,,,
2025-02-23 16:00:00,12,13364.96,13804.063333333334,14445.72,14.5817,3.7933916666666665,61496.81,62360.10166666666,63975.86,24178.05,24607.740833333333,39828.926666666666,11.768008333333334,47202.53,46742.776921,,,,,,
2025-02-23 17:00:00,12,9145.14,12073.178333333331,14423.89,0.0,0.0,55437.32,59969.40333333333,64414.37,13407.8,19150.205,42701.88416666666,32.61325,47849.79,47742.098062,,,,,,
2025-02-23 18:00:00,14,8360.83,8749.901428571427,9084.65,2.6304,0.9734,52220.19,52890.427142857145,54194.87,10963.27,11313.347857142857,43340.98714285714,61.46797857142857,49557.55,49562.148599,,,,,,
2025-02-23 19:00:00,12,8458.11,8555.390000000001,8693.87,2.2462,0.96425,53545.29,54040.0025,54272.43,11069.35,11235.3275,44421.29583333334,52.33568333333333,50446.65,50453.457869,,,,,,
2025-02-23 20:00:00,12,8481.36,8948.829166666666,9527.27,1.843,0.753625,54083.47,55147.07083333333,55510.25,11055.07,11600.574166666667,45301.39833333334,47.091375,50680.66,50540.350062,,,,,,
2025-02-23 21:00:00,12,8772.07,9136.139166666666,9476.91,2.2849,0.8820666666666667,54834.2,55196.0175,55396.26,11500.24,12078.695,44968.13916666667,46.437075,50250.24,50117.677235,,,,,,
2025-02-23 22:00:00,12,8519.25,8752.1925,9168.39,1.4779,0.5691,53499.46,54079.20916666667,55154.18,12216.8,13058.23,43031.47916666666,42.5065,48708.18,48318.719291,,,,,,
2025-02-23 23:00:00,12,8942.28,9011.6525,9180.16,0.9499,0.3601666666666667,52814.04,53226.01416666667,53346.42,13752.92,14142.538333333332,41088.776666666665,41.145383333333335,46950.86,46485.985663,,,,,,
2025-02-24 00:00:00,12,8757.73,9096.0425,9304.72,0.3665,0.2012083333333333,52478.18,53274.4875,54325.78,14131.22,14939.300833333333,40402.26083333333,39.13241666666666,46093.23,45481.727291,,,,,,
2025-02-24 01:00:00,12,9372.94,9713.508333333331,10046.22,0.921,0.4716499999999999,54286.68,54660.76,55145.88,15706.36,16171.955,40776.34333333333,35.059641666666664,46113.85,45279.071765,,,,,,
2025-02-24 02:00:00,12,9907.18,10113.876666666669,10479.17,0.9201,0.25145,55422.6,56062.09666666667,56588.36,16970.0,17462.676666666666,41626.261666666665,36.51341666666666,46970.23,45507.76972,,,,,,
2025-02-24 03:00:00,12,10566.14,10681.045833333334,10858.89,1.1512,0.19995,56643.8,56913.42833333334,57216.8,17048.37,17448.319166666664,42068.97833333333,36.79495833333333,47342.85,46312.766249,,,,,,
2025-02-24 04:00:00,12,9832.7,10417.9625,10675.15,0.7218,0.1270083333333333,57342.05,57666.05,57989.49,15258.35,16450.205833333333,43317.605,43.0964,48549.29,48081.498719,,,,,,
2025-02-24 05:00:00,12,8193.65,9294.925,10119.34,0.902,0.25855,57402.99,57718.42833333334,57924.07,12117.37,13568.1075,45842.1125,66.92865833333333,50990.76,50868.119771,,,,,,
2025-02-24 06:00:00,12,6457.03,7343.45,8407.25,13.3554,1.7657833333333333,57389.36,57688.08583333334,58127.89,8816.75,9796.3225,49536.138333333336,112.49054166666669,54527.8,54503.899527,,,,,,
2025-02-24 07:00:00,13,6462.92,7094.479230769231,8076.02,16.0405,4.713661538461539,57189.09,58238.660769230766,60281.1,8417.92,10004.176153846154,50084.554615384615,83.56291538461538,55756.31,55521.107612,,,,,,
2025-02-24 08:00:00,12,8296.88,9653.188333333334,10931.77,3.3775,1.7874916666666667,58766.97,60724.770833333336,62583.33,12428.36,14994.063333333334,47811.614166666666,26.236816666666662,55597.65,54972.413296,,,,,,
2025-02-24 09:00:00,12,9053.7,9637.754166666668,10584.76,2.2101,0.8707250000000001,57061.67,57843.1875,60053.18,13091.66,14416.928333333335,45334.46833333333,29.406341666666663,53160.06,52797.218187,,,,,,
2025-02-24 10:00:00,13,9450.0,9837.97846153846,10590.29,2.9822,1.6702076923076925,54811.07,55426.60692307692,56892.5,14413.12,15367.836153846154,42251.75923076923,23.96033076923077,51365.77,50623.752,,,,,,
2025-02-24 11:00:00,13,10952.02,12023.844615384616,12688.04,5.2755,2.589084615384615,56836.27,59647.39538461539,62439.3,17657.25,21128.716923076925,41372.483846153846,15.986592307692309,49948.47,48462.827787,,,,,,
2025-02-24 12:00:00,12,12717.63,12892.736666666666,13161.02,4.2722,2.4344916666666667,62556.49,63055.29833333333,63322.38,24924.62,25676.16916666667,41456.14,6.1922,49346.16,47075.531736,,,,,,
2025-02-24 13:00:00,12,12986.0,13223.424166666666,13418.76,2.3995,1.0419666666666667,62762.72,63196.86583333334,63833.78,26037.15,26599.021666666667,40742.7475,0.8998583333333333,48494.42,46265.724435,,,,,,
2025-02-24 14:00:00,12,13347.22,13743.2475,13901.75,0.0421,0.0041833333333333,64367.88,65353.87333333333,65869.75,27887.29,28158.81,40596.94666666666,0.0058333333333333,47535.24,45899.491759,,,,,,
2025-02-24 15:00:00,13,13749.07,14020.20846153846,14299.98,0.0006,0.0002923076923076,65468.02,66346.75307692308,66886.02,28058.61,28553.185384615383,40396.29615384615,0.0011076923076923,46732.88,46047.400371,,,,,,
2025-02-24 16:00:00,12,13785.71,14130.054166666669,14420.17,0.0007,0.0003749999999999,63654.18,65337.6225,66794.28,25903.71,27333.443333333333,39835.29916666667,0.002525,46831.08,46719.52251,,,,,,
2025-02-24 17:00:00,15,8520.85,11333.44,14467.25,0.0,0.0,52812.54,59192.88066666666,66352.77,11270.2,17952.602000000003,43010.82133333333,42.97041333333333,47338.74,47457.695232,,,,,,
2025-02-24 18:00:00,12,6587.16,7167.504166666667,8588.45,7.9376,1.9542333333333333,50063.58,50709.026666666665,52423.53,8417.56,9047.091666666667,43406.23583333333,63.75853333333333,48572.29,48612.974221,,,,,,
2025-02-24 19:00:00,12,7032.28,7677.5675,8081.87,1.8981,0.7362000000000001,51583.91,52955.9625,54053.09,9462.79,10913.476666666667,43938.175833333335,43.9549,49499.48,49245.907258,,,,,,
2025-02-24 20:00:00,12,8064.35,8844.106666666667,10029.89,1.5919,0.64765,54332.84,56014.6275,57695.38,12353.39,14426.024166666668,44004.5,34.104508333333335,49448.21,48580.737638,,,,,,
2025-02-24 21:00:00,12,10092.63,10680.435,11154.07,0.4102,0.2731916666666666,57400.04,58194.96333333334,58912.87,17062.83,18232.358333333334,42425.706666666665,29.96298333333333,47937.28,47116.208382,,,,,,
2025-02-24 22:00:00,12,11151.65,11723.345,12324.0,0.0,0.0,58829.12,59325.01583333333,59941.79,19808.6,21266.7575,40910.3275,27.828100000000003,46240.39,45000.891938,,,,,,
2025-02-24 23:00:00,12,12338.25,12460.286666666669,12611.14,0.0,0.0,59498.17,59774.5275,59945.28,23270.1,23832.483333333334,38909.4375,24.829400000000003,44457.2,43022.603197,,,,,,
2025-02-25 00:00:00,12,11801.95,12375.37,12742.32,0.0,0.0,58662.94,59308.54416666667,59972.34,23891.55,24656.2475,37821.97833333333,26.6401,43305.18,41592.29932,,,,,,
2025-02-25 01:00:00,12,12690.28,12797.000833333334,12898.52,0.0,0.0,56786.21,57480.06583333333,58414.57,23643.84,24053.93,36067.70916666667,27.710725,41762.54,40693.174692,,,,,,
2025-02-25 02:00:00,12,12732.02,12893.631666666668,13006.84,0.0,0.0,56095.89,56875.13916666667,57241.51,22851.16,23737.943333333333,35294.894166666665,27.940525,40944.3,40645.891012,,,,,,
2025-02-25 03:00:00,12,12242.54,12594.105,12873.5,0.0,0.0,56146.3,56605.61833333334,57047.8,21722.89,22467.881666666668,36032.64166666667,28.373525,41195.16,41022.085518,,,,,,
2025-02-25 04:00:00,13,10858.24,11542.033076923077,12203.73,0.0,0.0,54457.78,55411.479230769226,56153.29,18260.84,19784.669230769232,37428.053846153845,32.5871,42250.13,42146.564749,,,,,,
2025-02-25 05:00:00,12,9219.8,9925.251666666669,10767.67,0.0,0.0,54045.71,54204.3475,54566.4,13950.59,15804.963333333331,40156.82583333333,39.417633333333335,44862.65,44791.993558,,,,,,
2025-02-25 06:00:00,13,7121.96,7817.906153846154,9198.85,0.0365,0.0034846153846153,53840.52,54099.73,54206.73,10684.78,11777.45,44053.8523076923,47.69926923076923,48760.51,48725.592566,,,,,,
2025-02-25 07:00:00,13,6832.27,7658.72,9129.72,3.0622,1.0072538461538465,53351.08,54530.061538461545,56828.3,10404.51,12429.74076923077,43856.4276923077,39.109315384615385,49846.89,49729.937201,,,,,,
2025-02-25 08:00:00,13,9185.71,10764.875384615383,12108.22,3.5539,2.133230769230769,57052.32,59964.37230769231,62945.52,16094.13,20030.46769230769,41781.39846153847,16.34376153846154,49579.41,49240.424206,,,,,,
2025-02-25 09:00:00,13,10777.52,10997.404615384616,11431.18,1.8363,0.6836384615384615,56567.66,57604.938461538455,59421.43,19329.94,20016.59307692308,39779.61076923077,15.841746153846154,48619.97,48073.914863,,,,,,
2025-02-25 10:00:00,12,10661.24,11220.100833333332,11733.36,0.0,0.0,56803.89,58679.3025,59809.54,20112.29,21986.64333333333,39361.71083333333,11.473383333333333,47895.61,46930.671516,,,,,,
2025-02-25 11:00:00,12,10853.24,11004.599166666669,11467.07,0.0,0.0,58124.9,58289.449166666665,58663.12,21893.06,22178.37,38933.22916666666,8.801924999999999,47079.56,45952.987121,,,,,,
2025-02-25 12:00:00,12,11071.69,11276.675833333336,11448.12,0.0,0.0,57695.16,57862.98166666667,58249.25,21810.25,22118.20833333333,38481.68,9.492325,46648.11,45757.636879,,,,,,
2025-02-25 13:00:00,12,11036.18,11316.918333333331,11494.57,0.0,0.0,58184.64,58853.8525,59502.65,21892.4,22527.653333333332,39268.04166666666,9.186341666666666,47162.95,46053.558677,,,,,,
2025-02-25 14:00:00,12,11473.36,11631.973333333332,11723.96,0.0,0.0,59561.21,60483.793333333335,61571.0,22943.67,23392.70083333333,40404.114166666666,7.478608333333334,47824.31,46537.989751,,,,,,
2025-02-25 15:00:00,12,11680.41,11861.448333333334,12031.79,0.0,0.0,61631.14,62921.12333333333,63838.19,23952.67,24692.74333333333,41535.285833333335,8.488133333333334,48777.87,47306.836712,,,,,,
2025-02-25 16:00:00,12,11994.41,12161.483333333332,12358.13,0.0,0.0,62357.64,63390.80666666667,64259.74,23939.19,24912.205833333337,40579.550833333335,2.4298,48532.35,48149.705482,,,,,,
2025-02-25 17:00:00,12,9476.2,11220.67,12875.47,0.0,0.0,55294.09,60402.925,65493.78,14086.34,19606.811666666665,42832.26666666667,26.63883333333333,48702.77,48626.866305,,,,,,
2025-02-25 18:00:00,12,7619.77,8220.989166666666,9441.26,1.5347,0.4035833333333333,51554.07,52302.97583333333,53861.52,10478.48,11109.26,43106.410833333335,38.76645833333333,49509.33,49242.34593,,,,,,
2025-02-25 19:00:00,12,8272.71,8702.9125,9062.94,2.2595,1.5939,53172.07,54237.65666666667,55317.27,11903.57,12928.174166666666,43098.48666666667,30.6078,49739.58,49449.467723,,,,,,
2025-02-25 20:00:00,12,8936.86,9930.490833333331,10553.53,2.3671,0.6043916666666667,54998.31,56594.348333333335,57726.81,14385.66,16097.914166666667,42192.015,24.19220833333333,48817.54,48628.513355,,,,,,
2025-02-25 21:00:00,12,10294.91,11044.1375,11727.95,3.3781,0.8731083333333333,57177.82,58330.97833333333,59595.36,17376.94,19039.566666666666,41091.96,21.66325833333333,47679.07,47377.024142,,,,,,
2025-02-25 22:00:00,12,11482.58,11718.990833333335,11932.54,3.4104,1.7553833333333333,59681.25,60163.55333333334,60481.81,21985.16,22446.39333333333,39761.6475,17.502041666666667,45541.46,45017.252378,,,,,,
2025-02-25 23:00:00,12,11292.33,11493.330833333332,11664.93,0.7965,0.3298416666666666,57039.18,57574.776666666665,58154.04,21463.18,22007.765,37534.08,19.454208333333334,43264.67,42715.394784,,,,,,
2025-02-26 00:00:00,12,11215.25,11441.870833333334,11772.09,0.0,0.0,56402.31,56879.37,57212.9,21913.77,22997.015,36559.175,22.995141666666665,41920.49,40827.930631,,,,,,
2025-02-26 01:00:00,12,11691.82,11856.2125,12015.83,0.0,0.0,56722.05,57003.14000000001,57234.0,23895.39,24155.19916666667,36237.18166666666,17.672541666666664,41463.43,39690.721254,,,,,,
2025-02-26 02:00:00,12,11888.36,12044.14,12317.22,0.0,0.0,57143.18,57477.58083333333,57818.69,24665.05,25097.9675,35560.635,13.164966666666666,40666.17,39147.329187,,,,,,
2025-02-26 03:00:00,12,12112.54,12203.505,12295.14,0.0,0.0,57818.93,58070.63583333333,58475.27,25258.13,25666.89,35080.02166666667,11.274033333333334,40204.97,39117.768353,,,,,,
2025-02-26 04:00:00,14,12106.06,12265.627142857144,12446.61,0.0,0.0,57261.5,57872.22785714285,58482.6,23688.51,24748.38857142857,34987.08357142857,20.04517857142857,40203.64,39918.056228,,,,,,
2025-02-26 05:00:00,12,11378.11,11699.466666666667,12161.31,0.0,0.0,56217.32,56574.97333333333,57402.9,19694.0,21203.37166666667,37167.485,22.105991666666668,42050.01,41912.136979,,,,,,
2025-02-26 06:00:00,12,9074.03,9869.090833333334,11257.04,0.0,0.0,55219.86,55805.270833333336,56206.73,15295.95,17174.871666666666,40424.60166666666,26.136675,45252.23,45141.788629,,,,,,
2025-02-26 07:00:00,12,8197.91,9100.44,10264.9,0.0,0.0,52675.34,53924.45166666667,56400.83,13903.47,15898.1375,39811.06166666667,25.98965833333333,46268.61,45996.041779,,,,,,
2025-02-26 08:00:00,13,10204.62,11544.15,12495.62,0.0,0.0,56154.44,59219.165384615386,61991.39,19418.09,22726.022307692307,39121.97076923077,3.062092307692308,47157.43,46354.125987,,,,,,
2025-02-26 09:00:00,12,12141.53,12562.045,12935.31,0.0,0.0,62141.91,64456.13583333333,66972.73,25366.09,27777.189166666667,40031.3375,-0.318025,48212.01,46381.363609,,,,,,
2025-02-26 10:00:00,12,12187.27,12401.693333333336,12799.89,0.0,0.0,66655.96,67516.47,68217.3,30207.57,31124.521666666667,39591.176666666666,-1.360575,47731.95,46305.78677,,,,,,
2025-02-26 11:00:00,12,12174.83,12350.152499999998,12652.47,0.0,0.0,68235.32,68584.37,69049.98,31647.28,32007.926666666663,39407.20583333333,-1.5599083333333337,47361.89,46414.336508,,,,,,
2025-02-26 12:00:00,13,12141.86,12412.922307692306,12990.61,0.0,0.0,68601.37,69118.37461538462,69656.48,31343.16,31840.033076923075,39471.12153846154,-1.824676923076923,47252.82,46908.883077,,,,,,
2025-02-26 13:00:00,12,11993.85,12299.641666666668,12505.9,0.0,0.0,69207.05,69512.935,69684.97,30431.32,30954.416666666668,41262.49,-0.624675,48743.75,47987.391194,,,,,,
2025-02-26 14:00:00,12,11783.05,12054.320833333331,12601.86,0.0,0.0,68096.7,68856.28666666667,69655.53,28928.83,29456.03583333333,41835.6375,6.868541666666666,49357.94,48982.28496,,,,,,
2025-02-26 15:00:00,12,11763.15,12004.93,12273.93,0.0,0.0,68305.69,68964.21083333333,69646.0,27338.76,28334.7125,42758.386666666665,3.591091666666667,50034.46,49858.556887,,,,,,
2025-02-26 16:00:00,12,11335.89,11953.665,12509.78,0.0,0.0,65661.51,67919.40416666666,69452.4,22891.49,25903.525,44105.98416666667,8.6265,50860.16,50766.562853,,,,,,
2025-02-26 17:00:00,13,9473.53,11007.023076923077,12150.17,0.0,0.0,59809.6,64167.01384615384,66814.2,15645.29,19993.434615384616,46019.28,30.82968461538462,51048.19,50991.441587,,,,,,
2025-02-26 18:00:00,12,9433.22,9603.761666666667,9936.54,0.0,0.0,57747.42,58387.48416666666,59758.52,14280.53,14935.836666666668,45362.746666666666,31.58505,50770.15,50715.649485,,,,,,
2025-02-26 19:00:00,12,9227.92,9688.694166666666,10077.04,0.0,0.0,57913.55,58912.64666666667,59429.55,14457.69,15298.6325,45547.769166666665,33.33663333333333,50771.37,50536.330878,,,,,,
2025-02-26 20:00:00,12,9890.79,10152.344166666668,10455.71,0.0,0.0,59089.85,59292.074166666665,59627.05,15907.75,16450.16833333333,44832.12916666667,26.661675,49893.4,49535.718122,,,,,,
2025-02-26 21:00:00,12,10510.75,10844.929166666669,11070.39,0.0,0.0,58437.34,59477.57749999999,60160.55,17699.63,18108.9325,43427.24583333333,25.644341666666666,48640.68,48156.662816,,,,,,
2025-02-26 22:00:00,12,10753.31,11070.775833333331,11460.35,0.0,0.0,57517.73,57779.43666666667,58116.07,18484.47,19122.04833333333,40763.11,24.337941666666666,46088.09,45606.556074,,,,,,
2025-02-26 23:00:00,12,10958.14,11287.274166666668,11719.95,0.0,0.0,55530.05,55809.705,56557.1,18957.81,19720.915833333333,38264.45083333333,21.76288333333333,43742.05,43151.377725,,,,,,
2025-02-27 00:00:00,12,11382.39,11543.656666666668,11734.32,0.0,0.0,54825.98,55204.685,55438.77,20187.99,20902.4925,37160.76833333333,19.83633333333333,42435.62,41291.160612,,,,,,
2025-02-27 01:00:00,12,11663.46,11773.0875,11852.3,0.0,0.0,53827.08,54143.895,54735.47,20676.16,21038.900833333333,35654.03166666667,16.1279,41013.82,40073.331843,,,,,,
2025-02-27 02:00:00,12,11608.42,11698.3975,11776.69,0.0,0.0,52176.93,53251.865,54260.14,20035.18,20910.521666666667,34521.54083333333,18.12635,39714.32,39245.74224,,,,,,
2025-02-27 03:00:00,12,11185.61,11342.516666666668,11516.04,0.0,0.0,50342.77,51193.30833333333,51952.27,18941.45,19376.143333333333,33956.43916666667,20.180475,39472.68,39023.011004,,,,,,
2025-02-27 04:00:00,12,11034.8,11197.438333333334,11524.19,0.0,0.0,50726.86,51348.160833333335,52553.38,18634.9,19006.716666666667,34216.47,22.205525,39861.37,39549.252936,,,,,,
2025-02-27 05:00:00,12,10208.42,10959.5,11586.02,0.0,0.0,52171.64,52702.28,53033.13,16403.86,17980.41833333333,36481.99916666667,21.01225,41406.57,41391.972629,,,,,,
2025-02-27 06:00:00,12,9026.9,9313.965,10102.49,0.0,0.0,52157.11,52481.06833333333,52843.03,13772.33,14542.796666666669,39675.0575,23.56849166666667,44684.19,44725.330902,,,,,,
2025-02-27 07:00:00,12,8605.3,8947.409166666666,9524.73,0.0,0.0,52277.7,53336.47666666666,54759.41,13763.5,14547.925,40560.67166666667,21.72970833333333,46302.66,46192.927256,,,,,,
2025-02-27 08:00:00,13,9160.42,9666.03153846154,10064.13,0.0,0.0,54053.3,54874.74230769231,55619.54,15466.14,16183.664615384616,40877.68692307692,20.330623076923075,46972.8,46733.243658,,,,,,
2025-02-27 09:00:00,12,9944.92,10538.220833333333,11115.55,0.0,0.0,55085.94,56336.83,57901.64,16214.2,17237.741666666665,41309.16416666667,20.50698333333333,47436.15,47007.454988,,,,,,
2025-02-27 10:00:00,12,10805.79,11426.2,12047.21,0.0,0.0,56837.3,59159.098333333335,61630.8,18702.56,21012.53833333333,41081.6675,10.497933333333334,48282.89,47185.110652,,,,,,
2025-02-27 11:00:00,12,11828.63,12133.7925,12324.86,0.0,0.0,61052.97,61804.115,62515.98,22678.41,23649.75833333333,42116.69083333333,6.828116666666666,48976.55,47084.247169,,,,,,
2025-02-27 12:00:00,13,11619.05,11976.74923076923,12154.36,0.0,0.0,60104.68,61231.43461538462,62270.09,21942.3,23109.246153846158,41378.20307692308,4.73476923076923,48096.07,46796.941932,,,,,,
2025-02-27 13:00:00,14,11367.13,11780.050714285711,12057.36,0.0,0.0,58121.82,59139.25357142858,60173.76,20286.78,21041.759285714284,40187.02714285714,14.285628571428571,46870.12,46764.708487,,,,,,
2025-02-27 14:00:00,14,11172.26,11404.357142857143,11656.65,0.0,0.0,56686.13,57598.15214285714,58220.4,19085.34,19635.661428571428,40148.56142857143,18.54647142857143,46924.03,46780.739165,,,,,,
2025-02-27 15:00:00,12,11519.36,11667.601666666667,12051.8,0.0,0.0,56804.5,57836.1225,58813.32,20033.62,20915.62083333333,39105.29083333333,12.217175,46937.59,46820.837084,,,,,,
2025-02-27 16:00:00,12,11944.34,12265.32,12766.39,0.0,0.0,57798.11,58923.8775,60146.15,20659.55,21690.8575,39475.91416666666,14.768949999999998,47426.64,47202.101855,,,,,,
2025-02-27 17:00:00,12,8609.51,10611.209166666666,12681.71,0.0,0.0,51996.02,56292.199166666665,60635.87,11397.0,16124.535000000002,42076.964166666665,34.5353,47527.83,47679.420836,,,,,,
2025-02-27 18:00:00,12,6611.21,7103.939166666667,8276.42,5.8161,1.283975,48946.29,49659.58416666667,51140.39,8668.26,9101.096666666666,42243.464166666665,67.807525,48037.9,47962.947803,,,,,,
2025-02-27 19:00:00,12,7102.41,7347.416666666667,7638.48,15.3343,8.639116666666666,49090.86,50038.5075,50953.63,8668.97,9030.556666666664,42604.49333333333,73.449225,48013.33,47992.521232,,,,,,
2025-02-27 20:00:00,12,7507.53,7724.1875,7936.09,26.4594,17.932958333333335,50623.38,50774.79666666667,51000.22,9854.31,10154.330833333332,42185.50833333333,75.07645833333333,47655.87,47610.250514,,,,,,
2025-02-27 21:00:00,12,7347.42,7559.983333333334,7809.22,7.3536,2.2133,50015.68,50584.96666666667,51163.63,10925.58,11259.195833333331,41055.6875,58.294241666666665,46777.57,46546.437702,,,,,,
2025-02-27 22:00:00,12,7565.91,7800.630833333334,7962.33,0.0,0.0,48967.95,49797.66666666666,50144.2,11955.31,12354.9925,39547.22916666666,39.86905,45237.55,44854.143785,,,,,,
2025-02-27 23:00:00,12,7418.46,7720.138333333333,7988.6,0.0,0.0,48108.82,48324.24,48692.32,11687.42,12529.596666666666,37850.89166666667,40.94025833333333,43204.91,42874.870436,,,,,,
2025-02-28 00:00:00,12,8031.92,8456.190833333332,8751.43,0.0,0.0,48356.36,48851.27166666667,49167.23,13514.47,14461.085,37063.94,36.24028333333333,42456.44,41733.294936,,,,,,
2025-02-28 01:00:00,12,8731.96,8881.310833333333,9148.41,0.0,0.0,48034.8,48336.6,48705.25,14661.48,15154.631666666666,35974.426666666666,36.06850833333333,41701.18,40783.450191,,,,,,
2025-02-28 02:00:00,12,9198.76,9800.366666666669,10252.58,0.0,0.0,48866.41,50377.1,51361.21,16250.36,17403.164166666666,35988.33083333333,30.193291666666667,41632.79,40515.661166,,,,,,
2025-02-28 03:00:00,12,9988.17,10335.323333333334,10579.22,0.0,0.0,51298.8,51578.82166666666,51807.63,18130.85,18356.59,36044.57166666666,31.13475833333333,41897.51,41007.529775,,,,,,
2025-02-28 04:00:00,12,10046.85,10334.4775,10652.25,0.0,0.0,51903.17,52494.2475,52643.53,17367.7,17714.106666666667,36969.03083333333,31.052891666666667,42355.43,42129.239947,,,,,,
2025-02-28 05:00:00,12,8690.91,9268.613333333333,9991.33,0.0,0.0,53017.79,53229.3225,53433.65,14490.63,15691.521666666667,39766.30416666667,33.530975,44823.78,44643.536727,,,,,,
2025-02-28 06:00:00,12,7015.39,7649.0925,8533.08,0.0,0.0,53385.81,53623.93083333334,53861.25,11643.27,12604.4375,43203.885,40.702041666666666,48410.32,48250.555702,,,,,,
2025-02-28 07:00:00,12,7356.1,8638.7575,10548.56,0.0,0.0,53388.86,55510.95583333333,58789.32,11780.11,15010.226666666667,42622.1375,29.96750833333333,49783.94,49530.304455,,,,,,
2025-02-28 08:00:00,12,10467.41,10874.046666666669,11385.43,0.0,0.0,57043.0,59360.25833333333,61487.74,19102.66,20578.254166666666,41281.90916666667,15.727225,49229.35,48814.634504,,,,,,
2025-02-28 09:00:00,12,10214.41,10463.02,10812.23,0.0,0.0,57263.72,57895.60083333333,59235.56,17831.91,19068.715,41222.605,18.225791666666662,48049.77,47761.426866,,,,,,
2025-02-28 10:00:00,12,10565.31,11020.535833333332,11629.24,0.0,0.0,58194.09,59337.47666666666,60419.65,20147.44,21498.02333333333,41368.214166666665,11.802383333333331,48169.63,46843.018612,,,,,,
2025-02-28 11:00:00,12,11517.07,12005.72,12423.94,0.0,0.0,60143.93,60908.9675,61230.76,22916.9,23827.0775,42040.235,7.77265,49056.98,46256.851974,,,,,,
2025-02-28 12:00:00,12,11936.51,12143.186666666666,12350.05,0.0,0.0,59629.97,60430.77416666667,60992.0,22817.36,23440.091666666664,41299.83416666667,6.5898666666666665,48349.51,46189.224609,,,,,,
2025-02-28 13:00:00,12,11623.7,12091.741666666669,12429.81,0.0,0.0,58623.54,60106.43083333334,61106.46,21735.19,22447.926666666663,40943.57833333333,6.007874999999999,47757.19,46605.939601,,,,,,
2025-02-28 14:00:00,12,11790.62,11939.105,12058.36,0.0,0.0,59286.1,59887.72083333333,60321.51,20736.25,21405.08,41038.175,11.090958333333331,47446.98,47057.06337,,,,,,
2025-02-28 15:00:00,12,11328.6,11540.980833333331,11880.82,0.0,0.0,56367.32,57786.32916666666,59237.7,19645.86,20386.426666666663,39864.15416666667,17.037541666666666,47676.95,47477.609824,,,,,,
2025-02-28 16:00:00,12,11420.28,11859.085,12570.07,0.0,0.0,56739.05,57576.57750000001,59916.29,19700.79,20404.32583333333,39679.06416666667,16.715075,48411.4,47970.555003,,,,,,
2025-02-28 17:00:00,14,7885.49,10196.884285714286,12702.85,0.0,0.0,50521.6,54950.07,59906.16,10102.43,14677.923571428571,42197.66357142857,47.65908571428572,47932.96,48033.56211,,,,,,
2025-02-28 18:00:00,12,6959.68,7436.451666666667,7897.26,3.3812,1.13275,47663.3,48116.113333333335,49276.73,8564.04,8904.998333333333,41274.96916666667,65.28678333333333,47605.72,47572.456875,,,,,,
2025-02-28 19:00:00,12,7226.41,7711.68,8219.2,9.271,3.444941666666667,48270.46,48737.27333333334,49358.08,8861.38,9516.351666666667,41268.51583333333,57.760466666666666,47529.17,47412.468224,,,,,,
2025-02-28 20:00:00,12,7573.96,8303.188333333334,8772.58,3.8649,1.2762916666666666,48870.78,49354.730833333335,49741.02,10250.04,11265.589166666668,40128.37666666667,47.29465833333333,47012.63,46760.336929,,,,,,
2025-02-28 21:00:00,13,8492.51,8772.641538461537,9033.54,0.0,0.0,50319.25,50742.49846153846,51658.48,12608.36,13020.805384615383,40093.74692307693,41.31802307692308,46552.31,46066.048061,,,,,,
2025-02-28 22:00:00,13,8272.87,8473.742307692308,8643.82,0.0,0.0,48400.18,49022.11692307692,50347.79,12279.13,13103.32,38439.97153846154,39.02178461538461,45198.75,44473.525322,,,,,,
2025-02-28 23:00:00,12,8462.6,8835.300833333333,8981.57,0.0,0.0,45257.71,47684.35833333334,48545.5,12740.84,13552.638333333334,36631.89,41.89024166666667,43515.88,42799.358745,,,,,,
