shock_gw,retained_gw,basis,start_shift_h,end_shift_h,elliott_2022,january_2025,uri_2021,january_le_elliott,elliott_le_uri,weak_order_preserved
1,0.0,PRC,-24,-24,0.0,0.0,0.0004058998842592592,True,True,True
1,0.0,PRC,-24,0,0.0,0.0,0.0003746768162393162,True,True,True
1,0.0,PRC,-24,24,0.0,0.0,0.0003479141865079365,True,True,True
1,0.0,PRC,0,-24,0.0,0.0,0.0004427998737373737,True,True,True
1,0.0,PRC,0,0,0.0,0.0,0.0004058998842592592,True,True,True
1,0.0,PRC,0,24,0.0,0.0,0.0003746768162393162,True,True,True
1,0.0,PRC,24,-24,0.0,0.0,0.0004870798611111111,True,True,True
1,0.0,PRC,24,0,0.0,0.0,0.0004427998737373737,True,True,True
1,0.0,PRC,24,24,0.0,0.0,0.0004058998842592592,True,True,True
1,0.0,RTOLCAP,-24,-24,0.0,0.0,0.0005065393518518519,True,True,True
1,0.0,RTOLCAP,-24,0,0.0,0.0,0.0004675747863247863,True,True,True
1,0.0,RTOLCAP,-24,24,0.0,0.0,0.0004341765873015873,True,True,True
1,0.0,RTOLCAP,0,-24,0.0,0.0,0.0005525883838383838,True,True,True
1,0.0,RTOLCAP,0,0,0.0,0.0,0.0005065393518518519,True,True,True
1,0.0,RTOLCAP,0,24,0.0,0.0,0.0004675747863247863,True,True,True
1,0.0,RTOLCAP,24,-24,0.0,0.0,0.0006078472222222222,True,True,True
1,0.0,RTOLCAP,24,0,0.0,0.0,0.0005525883838383838,True,True,True
1,0.0,RTOLCAP,24,24,0.0,0.0,0.0005065393518518519,True,True,True
1,0.0,RTOLCAP+RTOFFCAP,-24,-24,0.0,0.0,0.0005065393518518519,True,True,True
1,0.0,RTOLCAP+RTOFFCAP,-24,0,0.0,0.0,0.0004675747863247863,True,True,True
1,0.0,RTOLCAP+RTOFFCAP,-24,24,0.0,0.0,0.0004341765873015873,True,True,True
1,0.0,RTOLCAP+RTOFFCAP,0,-24,0.0,0.0,0.0005525883838383838,True,True,True
1,0.0,RTOLCAP+RTOFFCAP,0,0,0.0,0.0,0.0005065393518518519,True,True,True
1,0.0,RTOLCAP+RTOFFCAP,0,24,0.0,0.0,0.0004675747863247863,True,True,True
1,0.0,RTOLCAP+RTOFFCAP,24,-24,0.0,0.0,0.0006078472222222222,True,True,True
1,0.0,RTOLCAP+RTOFFCAP,24,0,0.0,0.0,0.0005525883838383838,True,True,True
1,0.0,RTOLCAP+RTOFFCAP,24,24,0.0,0.0,0.0005065393518518519,True,True,True
1,3.0,PRC,-24,-24,0.0,0.0,0.31277267939814807,True,True,True
1,3.0,PRC,-24,0,0.0,0.0,0.2887132425213675,True,True,True
1,3.0,PRC,-24,24,0.0,0.0,0.2686061805555556,True,True,True
1,3.0,PRC,0,-24,0.0,0.0,0.3302434217171717,True,True,True
1,3.0,PRC,0,0,0.0,0.0,0.30272313657407407,True,True,True
1,3.0,PRC,0,24,0.0,0.0,0.27999169337606833,True,True,True
1,3.0,PRC,24,-24,0.0,0.0,0.352584,True,True,True
1,3.0,PRC,24,0,0.0,0.0,0.32053090909090903,True,True,True
1,3.0,PRC,24,24,0.0,0.0,0.29442119791666665,True,True,True
1,3.0,RTOLCAP,-24,-24,0.0,0.0,0.11996278645833333,True,True,True
1,3.0,RTOLCAP,-24,0,0.0,0.0,0.11073487980769231,True,True,True
1,3.0,RTOLCAP,-24,24,0.0,0.0,0.10282524553571429,True,True,True
1,3.0,RTOLCAP,0,-24,0.0,0.0,0.13086849431818182,True,True,True
1,3.0,RTOLCAP,0,0,0.0,0.0,0.11996278645833333,True,True,True
1,3.0,RTOLCAP,0,24,0.0,0.0,0.11073487980769231,True,True,True
1,3.0,RTOLCAP,24,-24,0.0,0.0,0.14395534375,True,True,True
1,3.0,RTOLCAP,24,0,0.0,0.0,0.1308684943181818,True,True,True
1,3.0,RTOLCAP,24,24,0.0,0.0,0.11996278645833332,True,True,True
1,3.0,RTOLCAP+RTOFFCAP,-24,-24,0.0,0.0,0.11770405671296294,True,True,True
1,3.0,RTOLCAP+RTOFFCAP,-24,0,0.0,0.0,0.1086498985042735,True,True,True
1,3.0,RTOLCAP+RTOFFCAP,-24,24,0.0,0.0,0.10088919146825395,True,True,True
1,3.0,RTOLCAP+RTOFFCAP,0,-24,0.0,0.0,0.1284044255050505,True,True,True
1,3.0,RTOLCAP+RTOFFCAP,0,0,0.0,0.0,0.11770405671296294,True,True,True
1,3.0,RTOLCAP+RTOFFCAP,0,24,0.0,0.0,0.1086498985042735,True,True,True
1,3.0,RTOLCAP+RTOFFCAP,24,-24,0.0,0.0,0.14124486805555553,True,True,True
1,3.0,RTOLCAP+RTOFFCAP,24,0,0.0,0.0,0.12840442550505052,True,True,True
1,3.0,RTOLCAP+RTOFFCAP,24,24,0.0,0.0,0.11770405671296297,True,True,True
2,0.0,PRC,-24,-24,0.0,0.0,0.017116488715277777,True,True,True
2,0.0,PRC,-24,0,0.0,0.0,0.015799835737179486,True,True,True
2,0.0,PRC,-24,24,0.0,0.0,0.014671276041666667,True,True,True
2,0.0,PRC,0,-24,0.0,0.0,0.018672533143939393,True,True,True
2,0.0,PRC,0,0,0.0,0.0,0.017116488715277777,True,True,True
2,0.0,PRC,0,24,0.0,0.0,0.015799835737179486,True,True,True
2,0.0,PRC,24,-24,0.0,0.0,0.020539786458333334,True,True,True
2,0.0,PRC,24,0,0.0,0.0,0.01867253314393939,True,True,True
2,0.0,PRC,24,24,0.0,0.0,0.017116488715277777,True,True,True
2,0.0,RTOLCAP,-24,-24,0.0,0.0,0.008293087384259257,True,True,True
2,0.0,RTOLCAP,-24,0,0.0,0.0,0.007655157585470085,True,True,True
2,0.0,RTOLCAP,-24,24,0.0,0.0,0.007108360615079364,True,True,True
2,0.0,RTOLCAP,0,-24,0.0,0.0,0.00904700441919192,True,True,True
2,0.0,RTOLCAP,0,0,0.0,0.0,0.00829308738425926,True,True,True
2,0.0,RTOLCAP,0,24,0.0,0.0,0.007655157585470085,True,True,True
2,0.0,RTOLCAP,24,-24,0.0,0.0,0.009951704861111112,True,True,True
2,0.0,RTOLCAP,24,0,0.0,0.0,0.009047004419191918,True,True,True
2,0.0,RTOLCAP,24,24,0.0,0.0,0.008293087384259257,True,True,True
2,0.0,RTOLCAP+RTOFFCAP,-24,-24,0.0,0.0,0.008293087384259257,True,True,True
2,0.0,RTOLCAP+RTOFFCAP,-24,0,0.0,0.0,0.007655157585470085,True,True,True
2,0.0,RTOLCAP+RTOFFCAP,-24,24,0.0,0.0,0.007108360615079364,True,True,True
2,0.0,RTOLCAP+RTOFFCAP,0,-24,0.0,0.0,0.00904700441919192,True,True,True
2,0.0,RTOLCAP+RTOFFCAP,0,0,0.0,0.0,0.00829308738425926,True,True,True
2,0.0,RTOLCAP+RTOFFCAP,0,24,0.0,0.0,0.007655157585470085,True,True,True
2,0.0,RTOLCAP+RTOFFCAP,24,-24,0.0,0.0,0.009951704861111112,True,True,True
2,0.0,RTOLCAP+RTOFFCAP,24,0,0.0,0.0,0.009047004419191918,True,True,True
2,0.0,RTOLCAP+RTOFFCAP,24,24,0.0,0.0,0.008293087384259257,True,True,True
2,3.0,PRC,-24,-24,0.011351224922839505,0.0,0.5043220008680556,True,True,True
2,3.0,PRC,-24,0,0.010216102430555554,0.0,0.46652305555555557,True,True,True
2,3.0,PRC,-24,24,0.00929372948232323,0.0,0.4375036904761904,True,True,True
2,3.0,PRC,0,-24,0.01222853732638889,0.0,0.5076228519570707,True,True,True
2,3.0,PRC,0,0,0.010869810956790123,0.0,0.46639892361111107,True,True,True
2,3.0,PRC,0,24,0.00978982986111111,0.0,0.43515684829059825,True,True,True
2,3.0,PRC,24,-24,0.012996041666666666,0.0,0.5096100989583333,True,True,True
2,3.0,PRC,24,0,0.011371536458333333,0.0,0.46445788194444443,True,True,True
2,3.0,PRC,24,24,0.010115810185185183,0.0,0.4307740538194444,True,True,True
2,3.0,RTOLCAP,-24,-24,0.002222579089506173,0.0,0.15150647135416664,True,True,True
2,3.0,RTOLCAP,-24,0,0.002000321180555556,0.0,0.13985212740384614,True,True,True
2,3.0,RTOLCAP,-24,24,0.0018184738005050506,0.0,0.12986268973214285,True,True,True
2,3.0,RTOLCAP,0,-24,0.0025004014756944445,0.0,0.16489523989898988,True,True,True
2,3.0,RTOLCAP,0,0,0.002222579089506173,0.0,0.15115396990740737,True,True,True
2,3.0,RTOLCAP,0,24,0.0020003211805555555,0.0,0.13952674145299143,True,True,True
2,3.0,RTOLCAP,24,-24,0.002857601686507937,0.0,0.18137034374999997,True,True,True
2,3.0,RTOLCAP,24,0,0.0025004014756944445,0.0,0.16488213068181815,True,True,True
2,3.0,RTOLCAP,24,24,0.002222579089506173,0.0,0.15114195312499998,True,True,True
2,3.0,RTOLCAP+RTOFFCAP,-24,-24,0.0,0.0,0.14368823640046294,True,True,True
2,3.0,RTOLCAP+RTOFFCAP,-24,0,0.0,0.0,0.1326352951388889,True,True,True
2,3.0,RTOLCAP+RTOFFCAP,-24,24,0.0,0.0,0.1231613454861111,True,True,True
2,3.0,RTOLCAP+RTOFFCAP,0,-24,0.0,0.0,0.1567508033459596,True,True,True
2,3.0,RTOLCAP+RTOFFCAP,0,0,0.0,0.0,0.14368823640046294,True,True,True
2,3.0,RTOLCAP+RTOFFCAP,0,24,0.0,0.0,0.1326352951388889,True,True,True
2,3.0,RTOLCAP+RTOFFCAP,24,-24,0.0,0.0,0.17242588368055553,True,True,True
2,3.0,RTOLCAP+RTOFFCAP,24,0,0.0,0.0,0.15675080334595956,True,True,True
2,3.0,RTOLCAP+RTOFFCAP,24,24,0.0,0.0,0.14368823640046297,True,True,True
3,0.0,PRC,-24,-24,0.0,0.0,0.06162539544753086,True,True,True
3,0.0,PRC,-24,0,0.0,0.0,0.056884980413105406,True,True,True
3,0.0,PRC,-24,24,0.0,0.0,0.05282176752645503,True,True,True
3,0.0,PRC,0,-24,0.0,0.0,0.06722770412457911,True,True,True
3,0.0,PRC,0,0,0.0,0.0,0.06162539544753086,True,True,True
3,0.0,PRC,0,24,0.0,0.0,0.056884980413105406,True,True,True
3,0.0,PRC,24,-24,0.0,0.0,0.07395047453703703,True,True,True
3,0.0,PRC,24,0,0.0,0.0,0.06722770412457911,True,True,True
3,0.0,PRC,24,24,0.0,0.0,0.06162539544753086,True,True,True
3,0.0,RTOLCAP,-24,-24,0.0,0.0,0.025884818672839503,True,True,True
3,0.0,RTOLCAP,-24,0,0.0,0.0,0.023893678774928772,True,True,True
3,0.0,RTOLCAP,-24,24,0.0,0.0,0.022186987433862437,True,True,True
3,0.0,RTOLCAP,0,-24,0.0,0.0,0.028237984006734003,True,True,True
3,0.0,RTOLCAP,0,0,0.0,0.0,0.025884818672839503,True,True,True
3,0.0,RTOLCAP,0,24,0.0,0.0,0.023893678774928772,True,True,True
3,0.0,RTOLCAP,24,-24,0.0,0.0,0.031061782407407403,True,True,True
3,0.0,RTOLCAP,24,0,0.0,0.0,0.028237984006734003,True,True,True
3,0.0,RTOLCAP,24,24,0.0,0.0,0.025884818672839503,True,True,True
3,0.0,RTOLCAP+RTOFFCAP,-24,-24,0.0,0.0,0.025880055941358022,True,True,True
3,0.0,RTOLCAP+RTOFFCAP,-24,0,0.0,0.0,0.023889282407407408,True,True,True
3,0.0,RTOLCAP+RTOFFCAP,-24,24,0.0,0.0,0.022182905092592596,True,True,True
3,0.0,RTOLCAP+RTOFFCAP,0,-24,0.0,0.0,0.0282327882996633,True,True,True
3,0.0,RTOLCAP+RTOFFCAP,0,0,0.0,0.0,0.025880055941358022,True,True,True
3,0.0,RTOLCAP+RTOFFCAP,0,24,0.0,0.0,0.023889282407407408,True,True,True
3,0.0,RTOLCAP+RTOFFCAP,24,-24,0.0,0.0,0.031056067129629626,True,True,True
3,0.0,RTOLCAP+RTOFFCAP,24,0,0.0,0.0,0.0282327882996633,True,True,True
3,0.0,RTOLCAP+RTOFFCAP,24,24,0.0,0.0,0.025880055941358022,True,True,True
3,3.0,PRC,-24,-24,0.0796996579218107,0.0,0.6222996527777777,True,True,True
3,3.0,PRC,-24,0,0.07286208912037037,0.0,0.5805837962962963,True,True,True
3,3.0,PRC,-24,24,0.07179832807239057,0.0,0.5517368799603175,True,True,True
3,3.0,PRC,0,-24,0.07360207031249999,0.0,0.620246682449495,True,True,True
3,3.0,PRC,0,0,0.06668228137860083,0.0,0.5752255854552468,True,True,True
3,3.0,PRC,0,24,0.066130125,0.0,0.5445718456196582,True,True,True
3,3.0,PRC,24,-24,0.06820735615079365,0.0,0.6164485925925925,True,True,True
3,3.0,PRC,24,0,0.06109693287037036,0.0,0.5676799494949495,True,True,True
3,3.0,PRC,24,24,0.061104020061728395,0.0,0.5351005343364198,True,True,True
3,3.0,RTOLCAP,-24,-24,0.00801807355967078,0.0,0.20546737943672838,True,True,True
3,3.0,RTOLCAP,-24,0,0.007216266203703703,0.0,0.1896621964031339,True,True,True
3,3.0,RTOLCAP,-24,24,0.006560242003367003,0.0,0.1761148966600529,True,True,True
3,3.0,RTOLCAP,0,-24,0.009020332754629629,0.0,0.21784705071548818,True,True,True
3,3.0,RTOLCAP,0,0,0.00801807355967078,0.0,0.19969312982253087,True,True,True
3,3.0,RTOLCAP,0,24,0.007216266203703703,0.0,0.18433211983618233,True,True,True
3,3.0,RTOLCAP,24,-24,0.010308951719576718,0.0,0.23527640393518515,True,True,True
3,3.0,RTOLCAP,24,0,0.009020332754629629,0.0,0.21388763994107743,True,True,True
3,3.0,RTOLCAP,24,24,0.00801807355967078,0.0,0.19606366994598762,True,True,True
3,3.0,RTOLCAP+RTOFFCAP,-24,-24,0.0012120563271604933,0.0,0.17982292534722222,True,True,True
3,3.0,RTOLCAP+RTOFFCAP,-24,0,0.001090850694444444,0.0,0.16599039262820514,True,True,True
3,3.0,RTOLCAP+RTOFFCAP,-24,24,0.000991682449494949,0.0,0.15413393601190478,True,True,True
3,3.0,RTOLCAP+RTOFFCAP,0,-24,0.001363563368055555,0.0,0.19617046401515148,True,True,True
3,3.0,RTOLCAP+RTOFFCAP,0,0,0.0012120563271604933,0.0,0.1798229253472222,True,True,True
3,3.0,RTOLCAP+RTOFFCAP,0,24,0.001090850694444444,0.0,0.16599039262820514,True,True,True
3,3.0,RTOLCAP+RTOFFCAP,24,-24,0.0015583581349206343,0.0,0.21578751041666663,True,True,True
3,3.0,RTOLCAP+RTOFFCAP,24,0,0.001363563368055555,0.0,0.19617046401515154,True,True,True
3,3.0,RTOLCAP+RTOFFCAP,24,24,0.0012120563271604933,0.0,0.17982292534722222,True,True,True
4,0.0,PRC,-24,-24,0.0,0.0,0.12441221643518517,True,True,True
4,0.0,PRC,-24,0,0.0,0.0,0.11484204594017093,True,True,True
4,0.0,PRC,-24,24,0.0,0.0,0.10676787078373014,True,True,True
4,0.0,PRC,0,-24,0.0,0.0,0.13298163352272727,True,True,True
4,0.0,PRC,0,0,0.0,0.0,0.12189983072916664,True,True,True
4,0.0,PRC,0,24,0.0,0.0,0.11266165865384616,True,True,True
4,0.0,PRC,24,-24,0.0,0.0,0.14360885590277775,True,True,True
4,0.0,PRC,24,0,0.0,0.0,0.1305535053661616,True,True,True
4,0.0,PRC,24,24,0.0,0.0,0.11982434606481479,True,True,True
4,0.0,RTOLCAP,-24,-24,0.0,0.0,0.04940431061921295,True,True,True
4,0.0,RTOLCAP,-24,0,0.0,0.0,0.04560397903311966,True,True,True
4,0.0,RTOLCAP,-24,24,0.0,0.0,0.0423465519593254,True,True,True
4,0.0,RTOLCAP,0,-24,0.0,0.0,0.05389561158459595,True,True,True
4,0.0,RTOLCAP,0,0,0.0,0.0,0.049404310619212966,True,True,True
4,0.0,RTOLCAP,0,24,0.0,0.0,0.04560397903311965,True,True,True
4,0.0,RTOLCAP,24,-24,0.0,0.0,0.059285172743055545,True,True,True
4,0.0,RTOLCAP,24,0,0.0,0.0,0.05389561158459595,True,True,True
4,0.0,RTOLCAP,24,24,0.0,0.0,0.049404310619212966,True,True,True
4,0.0,RTOLCAP+RTOFFCAP,-24,-24,0.0,0.0,0.04883605613425926,True,True,True
4,0.0,RTOLCAP+RTOFFCAP,-24,0,0.0,0.0,0.04507943643162393,True,True,True
4,0.0,RTOLCAP+RTOFFCAP,-24,24,0.0,0.0,0.04185947668650794,True,True,True
4,0.0,RTOLCAP+RTOFFCAP,0,-24,0.0,0.0,0.05327569760101009,True,True,True
4,0.0,RTOLCAP+RTOFFCAP,0,0,0.0,0.0,0.048836056134259266,True,True,True
4,0.0,RTOLCAP+RTOFFCAP,0,24,0.0,0.0,0.04507943643162393,True,True,True
4,0.0,RTOLCAP+RTOFFCAP,24,-24,0.0,0.0,0.05860326736111111,True,True,True
4,0.0,RTOLCAP+RTOFFCAP,24,0,0.0,0.0,0.0532756976010101,True,True,True
4,0.0,RTOLCAP+RTOFFCAP,24,24,0.0,0.0,0.04883605613425926,True,True,True
4,3.0,PRC,-24,-24,0.16694354648919751,0.0009693026620370373,0.697133050491898,True,True,True
4,3.0,PRC,-24,0,0.156433953125,0.0008308308531746034,0.6532691366185897,True,True,True
4,3.0,PRC,-24,24,0.15777255366161616,0.000726976996527778,0.626481552579365,True,True,True
4,3.0,PRC,0,-24,0.154574853515625,0.0011631631944444447,0.6938122601010102,True,True,True
4,3.0,PRC,0,0,0.14427182677469133,0.0009693026620370373,0.6465697526041666,True,True,True
4,3.0,PRC,0,24,0.1469605,0.0008308308531746034,0.618236922409188,True,True,True
4,3.0,PRC,24,-24,0.14130948536706348,0.001453953993055556,0.6888264175347222,True,True,True
4,3.0,PRC,24,0,0.13137675130208334,0.0011631631944444447,0.637742395044192,True,True,True
4,3.0,PRC,24,24,0.13579695216049384,0.0009693026620370373,0.6077841087962962,True,True,True
4,3.0,RTOLCAP,-24,-24,0.015788457754629625,0.0,0.2681920970775463,True,True,True
4,3.0,RTOLCAP,-24,0,0.014209611979166668,0.0,0.24756193576388885,True,True,True
4,3.0,RTOLCAP,-24,24,0.012917829071969698,0.0,0.22987894035218254,True,True,True
4,3.0,RTOLCAP,0,-24,0.017362779947916664,0.0,0.27836551057449493,True,True,True
4,3.0,RTOLCAP,0,0,0.015433582175925926,0.0,0.255168384693287,True,True,True
4,3.0,RTOLCAP,0,24,0.013890223958333331,0.0,0.235540047409188,True,True,True
4,3.0,RTOLCAP,24,-24,0.019637297867063492,0.0,0.2910309288194444,True,True,True
4,3.0,RTOLCAP,24,0,0.01718263563368055,0.0,0.2645735716540404,True,True,True
4,3.0,RTOLCAP,24,24,0.015273453896604939,0.0,0.24252577401620368,True,True,True
4,3.0,RTOLCAP+RTOFFCAP,-24,-24,0.006114767554012344,0.0,0.21359766348379627,True,True,True
4,3.0,RTOLCAP+RTOFFCAP,-24,0,0.00550329079861111,0.0,0.19716707398504274,True,True,True
4,3.0,RTOLCAP+RTOFFCAP,-24,24,0.00500299163510101,0.0,0.1830837115575397,True,True,True
4,3.0,RTOLCAP+RTOFFCAP,0,-24,0.006879113498263888,0.0,0.2322238391729798,True,True,True
4,3.0,RTOLCAP+RTOFFCAP,0,0,0.006114767554012344,0.0,0.2128718525752315,True,True,True
4,3.0,RTOLCAP+RTOFFCAP,0,24,0.00550329079861111,0.0,0.19649709468482904,True,True,True
4,3.0,RTOLCAP+RTOFFCAP,24,-24,0.007861843998015872,0.0,0.2554462230902778,True,True,True
4,3.0,RTOLCAP+RTOFFCAP,24,0,0.006879113498263888,0.0,0.2322238391729798,True,True,True
4,3.0,RTOLCAP+RTOFFCAP,24,24,0.006114767554012346,0.0,0.2128718525752315,True,True,True
5,0.0,PRC,-24,-24,0.004540489969135802,0.0,0.23870403761574077,True,True,True
5,0.0,PRC,-24,0,0.004086440972222221,0.0,0.22074021047008546,True,True,True
5,0.0,PRC,-24,24,0.0037174917929292924,0.0,0.2066945367063492,True,True,True
5,0.0,PRC,0,-24,0.0048914149305555555,0.0,0.24338576325757577,True,True,True
5,0.0,PRC,0,0,0.004347924382716049,0.0,0.22353480671296294,True,True,True
5,0.0,PRC,0,24,0.003915931944444444,0.0,0.20819372756410254,True,True,True
5,0.0,PRC,24,-24,0.005198416666666667,0.0,0.24821432430555548,True,True,True
5,0.0,PRC,24,0,0.004548614583333333,0.0,0.22611977525252525,True,True,True
5,0.0,PRC,24,24,0.004046324074074073,0.0,0.2092848587962963,True,True,True
5,0.0,RTOLCAP,-24,-24,0.0008890316358024692,0.0,0.07613347974537037,True,True,True
5,0.0,RTOLCAP,-24,0,0.0008001284722222224,0.0,0.07027705822649573,True,True,True
5,0.0,RTOLCAP,-24,24,0.0007273895202020202,0.0,0.06525726835317461,True,True,True
5,0.0,RTOLCAP,0,-24,0.0010001605902777778,0.0,0.08290088636363636,True,True,True
5,0.0,RTOLCAP,0,0,0.0008890316358024692,0.0,0.07599247916666664,True,True,True
5,0.0,RTOLCAP,0,24,0.0008001284722222223,0.0,0.07014690384615385,True,True,True
5,0.0,RTOLCAP,24,-24,0.0011430406746031749,0.0,0.09118520694444443,True,True,True
5,0.0,RTOLCAP,24,0,0.0010001605902777778,0.0,0.08289564267676766,True,True,True
5,0.0,RTOLCAP,24,24,0.0008890316358024691,0.0,0.07598767245370369,True,True,True
5,0.0,RTOLCAP+RTOFFCAP,-24,-24,0.0,0.0,0.073003328125,True,True,True
5,0.0,RTOLCAP+RTOFFCAP,-24,0,0.0,0.0,0.0673876875,True,True,True
5,0.0,RTOLCAP+RTOFFCAP,-24,24,0.0,0.0,0.06257428125,True,True,True
5,0.0,RTOLCAP+RTOFFCAP,0,-24,0.0,0.0,0.07963999431818182,True,True,True
5,0.0,RTOLCAP+RTOFFCAP,0,0,0.0,0.0,0.073003328125,True,True,True
5,0.0,RTOLCAP+RTOFFCAP,0,24,0.0,0.0,0.0673876875,True,True,True
5,0.0,RTOLCAP+RTOFFCAP,24,-24,0.0,0.0,0.08760399374999998,True,True,True
5,0.0,RTOLCAP+RTOFFCAP,24,0,0.0,0.0,0.07963999431818182,True,True,True
5,0.0,RTOLCAP+RTOFFCAP,24,24,0.0,0.0,0.073003328125,True,True,True
5,3.0,PRC,-24,-24,0.24471939043209875,0.008325436342592593,0.749677560185185,True,True,True
5,3.0,PRC,-24,0,0.23707264305555553,0.007191306547619048,0.7082362163461537,True,True,True
5,3.0,PRC,-24,24,0.2433426079545454,0.006517370659722222,0.6854227638888888,True,True,True
5,3.0,PRC,0,-24,0.22923,0.009990523611111113,0.7462910296717172,True,True,True
5,3.0,PRC,0,0,0.22245465740740739,0.008389857638888889,0.7016784513888888,True,True,True
5,3.0,PRC,0,24,0.2308134173611111,0.0074484236111111105,0.6776145614316239,True,True,True
5,3.0,PRC,24,-24,0.20981256845238094,0.012252942708333334,0.7414264777777778,True,True,True
5,3.0,PRC,24,0,0.20461748697916668,0.009879659722222224,0.6932004425505051,True,True,True
5,3.0,PRC,24,24,0.2158869058641975,0.008533019675925926,0.6678377291666665,True,True,True
5,3.0,RTOLCAP,-24,-24,0.02782492361111111,0.0,0.3317409415509259,True,True,True
5,3.0,RTOLCAP,-24,0,0.025042431249999997,0.0,0.3062224075854701,True,True,True
5,3.0,RTOLCAP,-24,24,0.02276584659090909,0.0,0.2843493784722222,True,True,True
5,3.0,RTOLCAP,0,-24,0.029544597222222215,0.0,0.3392181679292929,True,True,True
5,3.0,RTOLCAP,0,0,0.02626186419753086,0.0,0.31094998726851847,True,True,True
5,3.0,RTOLCAP,0,24,0.023635677777777777,0.0,0.2870307574786325,True,True,True
5,3.0,RTOLCAP,24,-24,0.03004019444444444,0.0,0.34496998194444445,True,True,True
5,3.0,RTOLCAP,24,0,0.026285170138888883,0.0,0.3136090744949495,True,True,True
5,3.0,RTOLCAP,24,24,0.023364595679012348,0.0,0.2874749849537037,True,True,True
5,3.0,RTOLCAP+RTOFFCAP,-24,-24,0.011136489197530864,0.0,0.24911424016203706,True,True,True
5,3.0,RTOLCAP+RTOFFCAP,-24,0,0.010022840277777778,0.0,0.22995160630341882,True,True,True
5,3.0,RTOLCAP+RTOFFCAP,-24,24,0.00911167297979798,0.0,0.21352649156746034,True,True,True
5,3.0,RTOLCAP+RTOFFCAP,0,-24,0.012528550347222221,0.0,0.26704394696969697,True,True,True
5,3.0,RTOLCAP+RTOFFCAP,0,0,0.011136489197530864,0.0,0.24479028472222222,True,True,True
5,3.0,RTOLCAP+RTOFFCAP,0,24,0.010022840277777778,0.0,0.22596026282051276,True,True,True
5,3.0,RTOLCAP+RTOFFCAP,24,-24,0.014318343253968253,0.0,0.29281103680555554,True,True,True
5,3.0,RTOLCAP+RTOFFCAP,24,0,0.012528550347222221,0.0,0.2661918516414141,True,True,True
5,3.0,RTOLCAP+RTOFFCAP,24,24,0.011136489197530864,0.0,0.24400919733796295,True,True,True
6,0.0,PRC,-24,-24,0.03984982896090535,0.0,0.3419625241126543,True,True,True
6,0.0,PRC,-24,0,0.036431044560185186,0.0,0.3187343883547008,True,True,True
6,0.0,PRC,-24,24,0.03589916403619529,0.0,0.3022793237433863,True,True,True
6,0.0,PRC,0,-24,0.036801035156249995,0.0,0.343737193287037,True,True,True
6,0.0,PRC,0,0,0.033341140689300414,0.0,0.31842549045138885,True,True,True
6,0.0,PRC,0,24,0.0330650625,0.0,0.30072841301638176,True,True,True
6,0.0,PRC,24,-24,0.034103678075396826,0.0,0.34519953356481475,True,True,True
6,0.0,PRC,24,0,0.03054846643518518,0.0,0.3174538268097643,True,True,True
6,0.0,PRC,24,24,0.030552010030864198,0.0,0.2983629648919753,True,True,True
6,0.0,RTOLCAP,-24,-24,0.00400903677983539,0.0,0.11567609905478393,True,True,True
6,0.0,RTOLCAP,-24,0,0.0036081331018518515,0.0,0.10677793758903133,True,True,True
6,0.0,RTOLCAP,-24,24,0.0032801210016835014,0.0,0.09915094204695765,True,True,True
6,0.0,RTOLCAP,0,-24,0.004510166377314814,0.0,0.12304251736111109,True,True,True
6,0.0,RTOLCAP,0,0,0.00400903677983539,0.0,0.11278897424768516,True,True,True
6,0.0,RTOLCAP,0,24,0.0036081331018518515,0.0,0.10411289930555555,True,True,True
6,0.0,RTOLCAP,24,-24,0.005154475859788359,0.0,0.1331690931712963,True,True,True
6,0.0,RTOLCAP,24,0,0.004510166377314814,0.0,0.12106281197390571,True,True,True
6,0.0,RTOLCAP,24,24,0.00400903677983539,0.0,0.11097424430941358,True,True,True
6,0.0,RTOLCAP+RTOFFCAP,-24,-24,0.0006060281635802467,0.0,0.1028514906442901,True,True,True
6,0.0,RTOLCAP+RTOFFCAP,-24,0,0.000545425347222222,0.0,0.09493983751780628,True,True,True
6,0.0,RTOLCAP+RTOFFCAP,-24,24,0.0004958412247474745,0.0,0.08815842055224869,True,True,True
6,0.0,RTOLCAP+RTOFFCAP,0,-24,0.0006817816840277775,0.0,0.11220162615740742,True,True,True
6,0.0,RTOLCAP+RTOFFCAP,0,0,0.0006060281635802467,0.0,0.10285149064429014,True,True,True
6,0.0,RTOLCAP+RTOFFCAP,0,24,0.000545425347222222,0.0,0.09493983751780624,True,True,True
6,0.0,RTOLCAP+RTOFFCAP,24,-24,0.0007791790674603171,0.0,0.12342178877314812,True,True,True
6,0.0,RTOLCAP+RTOFFCAP,24,0,0.0006817816840277775,0.0,0.11220162615740742,True,True,True
6,0.0,RTOLCAP+RTOFFCAP,24,24,0.0006060281635802467,0.0,0.10285149064429014,True,True,True
6,3.0,PRC,-24,-24,0.3175233770576132,0.022998202160493822,0.7890506206597222,True,True,True
6,3.0,PRC,-24,0,0.31556421412037033,0.025318759920634922,0.7546593861289175,True,True,True
6,3.0,PRC,-24,24,0.3252130929082491,0.026017601273148148,0.7358056134259259,True,True,True
6,3.0,PRC,0,-24,0.2982260923032407,0.027597842592592587,0.7860151167929292,True,True,True
6,3.0,PRC,0,0,0.29819338734567896,0.029538553240740742,0.7490109047067901,True,True,True
6,3.0,PRC,0,24,0.3105442366898148,0.02973440145502646,0.7291413403668091,True,True,True
6,3.0,PRC,24,-24,0.2749036342592593,0.030693418692129625,0.7817052494212963,True,True,True
6,3.0,PRC,24,0,0.2777821484375,0.032403156249999995,0.741728824179293,True,True,True
6,3.0,PRC,24,24,0.29377322980967074,0.032154211998456785,0.7208103028549383,True,True,True
6,3.0,RTOLCAP,-24,-24,0.04643678948045267,2.8407600308642037e-05,0.39127416184413577,True,True,True
6,3.0,RTOLCAP,-24,0,0.041793110532407404,2.4349371693121746e-05,0.36117614939458687,True,True,True
6,3.0,RTOLCAP,-24,24,0.03847508417508417,2.1305700231481526e-05,0.3355649656911376,True,True,True
6,3.0,RTOLCAP,0,-24,0.046742540509259266,3.408912037037044e-05,0.3965493418560606,True,True,True
6,3.0,RTOLCAP,0,0,0.04154892489711934,2.8407600308642037e-05,0.36350356336805556,True,True,True
6,3.0,RTOLCAP,0,24,0.03792351446759259,2.4349371693121746e-05,0.3357432567663817,True,True,True
6,3.0,RTOLCAP,24,-24,0.044119902447089944,4.261140046296305e-05,0.39669771064814807,True,True,True
6,3.0,RTOLCAP,24,0,0.0386049146412037,3.408912037037044e-05,0.36063428240740736,True,True,True
6,3.0,RTOLCAP,24,24,0.03490379308127572,2.8407600308642037e-05,0.33079972366898147,True,True,True
6,3.0,RTOLCAP+RTOFFCAP,-24,-24,0.01591882523148148,0.0,0.2906343484760802,True,True,True
6,3.0,RTOLCAP+RTOFFCAP,-24,0,0.014326942708333333,0.0,0.26827786013176635,True,True,True
6,3.0,RTOLCAP+RTOFFCAP,-24,24,0.013024493371212122,0.0,0.2491151558366402,True,True,True
6,3.0,RTOLCAP+RTOFFCAP,0,-24,0.017908678385416668,0.0,0.3084558938341751,True,True,True
6,3.0,RTOLCAP+RTOFFCAP,0,0,0.01591882523148148,0.0,0.28275123601466046,True,True,True
6,3.0,RTOLCAP+RTOFFCAP,0,24,0.014326942708333333,0.0,0.26100114093660964,True,True,True
6,3.0,RTOLCAP+RTOFFCAP,24,-24,0.020467061011904764,0.0,0.333771115162037,True,True,True
6,3.0,RTOLCAP+RTOFFCAP,24,0,0.017908678385416668,0.0,0.3034282865109428,True,True,True
6,3.0,RTOLCAP+RTOFFCAP,24,24,0.01591882523148148,0.0,0.2781425959683642,True,True,True
7,0.0,PRC,-24,-24,0.09539631227954144,0.0005538872354497356,0.424772626901455,True,True,True
7,0.0,PRC,-24,0,0.08939083035714286,0.0004747604875283448,0.3976759268162393,True,True,True
7,0.0,PRC,-24,24,0.09015574494949494,0.0004154154265873017,0.3806273589852608,True,True,True
7,0.0,PRC,0,-24,0.08832848772321429,0.0006646646825396828,0.4252760218253967,True,True,True
7,0.0,PRC,0,0,0.08244104387125219,0.0005538872354497356,0.39587931382275127,True,True,True
7,0.0,PRC,0,24,0.08397742857142856,0.0004747604875283448,0.37765751869658115,True,True,True
7,0.0,PRC,24,-24,0.0807482773526077,0.0008308308531746034,0.42530815624999996,True,True,True
7,0.0,PRC,24,0,0.0750724293154762,0.0006646646825396828,0.3932360989357864,True,True,True
7,0.0,PRC,24,24,0.07759825837742504,0.0005538872354497356,0.3737160887896825,True,True,True
7,0.0,RTOLCAP,-24,-24,0.009021975859788358,0.0,0.16434612061838624,True,True,True
7,0.0,RTOLCAP,-24,0,0.008119778273809525,0.0,0.15170411134004883,True,True,True
7,0.0,RTOLCAP,-24,24,0.007381616612554113,0.0,0.14086810338718822,True,True,True
7,0.0,RTOLCAP,0,-24,0.009921588541666665,0.0,0.17116799918831171,True,True,True
7,0.0,RTOLCAP,0,0,0.008819189814814814,0.0,0.15690399925595236,True,True,True
7,0.0,RTOLCAP,0,24,0.007937270833333333,0.0,0.14483446085164833,True,True,True
7,0.0,RTOLCAP,24,-24,0.011221313066893425,0.0,0.1796155803571428,True,True,True
7,0.0,RTOLCAP,24,0,0.009818648933531744,0.0,0.16328689123376625,True,True,True
7,0.0,RTOLCAP,24,24,0.008727687940917108,0.0,0.149679650297619,True,True,True
7,0.0,RTOLCAP+RTOFFCAP,-24,-24,0.0034941528880070537,0.0,0.13314726025132276,True,True,True
7,0.0,RTOLCAP+RTOFFCAP,-24,0,0.0031447375992063485,0.0,0.1229051633089133,True,True,True
7,0.0,RTOLCAP+RTOFFCAP,-24,24,0.002858852362914863,0.0,0.11412622307256234,True,True,True
7,0.0,RTOLCAP+RTOFFCAP,0,-24,0.003930921999007936,0.0,0.14479910308441557,True,True,True
7,0.0,RTOLCAP+RTOFFCAP,0,0,0.0034941528880070537,0.0,0.13273251116071427,True,True,True
7,0.0,RTOLCAP+RTOFFCAP,0,24,0.0031447375992063485,0.0,0.1225223179945055,True,True,True
7,0.0,RTOLCAP+RTOFFCAP,24,-24,0.004492482284580498,0.0,0.15927901339285713,True,True,True
7,0.0,RTOLCAP+RTOFFCAP,24,0,0.003930921999007936,0.0,0.14479910308441557,True,True,True
7,0.0,RTOLCAP+RTOFFCAP,24,24,0.0034941528880070545,0.0,0.13273251116071427,True,True,True
7,3.0,PRC,-24,-24,0.38403268132716045,0.045531694775132275,0.8188989554398148,True,True,True
7,3.0,PRC,-24,0,0.3854521344246032,0.05321571003401361,0.7894428537087913,True,True,True
7,3.0,PRC,-24,24,0.396257931096681,0.05931727740575396,0.7733014193594103,True,True,True
7,3.0,PRC,0,-24,0.3636187320188492,0.053949250000000004,0.8162709776334776,True,True,True
7,3.0,PRC,0,0,0.36746411871693124,0.061511008597883596,0.7845791989087302,True,True,True
7,3.0,PRC,0,24,0.38114929662698405,0.06729918579931973,0.7675702430555554,True,True,True
7,3.0,PRC,24,-24,0.3386479428854875,0.05635030629960317,0.812545464781746,True,True,True
7,3.0,PRC,24,0,0.3460953515625,0.06494420535714286,0.7783112982503608,True,True,True
7,3.0,PRC,24,24,0.36367541225749556,0.07112487929894179,0.7604072544642857,True,True,True
7,3.0,RTOLCAP,-24,-24,0.07365610504850088,0.0009798635912698413,0.44263079778439146,True,True,True
7,3.0,RTOLCAP,-24,0,0.0662904945436508,0.0008398830782312925,0.40858227487789983,True,True,True
7,3.0,RTOLCAP,-24,24,0.06221080627705628,0.0007348976934523809,0.3805151856575964,True,True,True
7,3.0,RTOLCAP,0,-24,0.07053984809027776,0.0011758363095238096,0.4451564466089466,True,True,True
7,3.0,RTOLCAP,0,0,0.06270208719135802,0.0009798635912698413,0.40806007605820105,True,True,True
7,3.0,RTOLCAP,0,24,0.05857327083333334,0.0008398830782312925,0.37787414911477407,True,True,True
7,3.0,RTOLCAP,24,-24,0.06632129676870747,0.0014697953869047618,0.4415236066468254,True,True,True
7,3.0,RTOLCAP,24,0,0.05803113467261905,0.0011758363095238096,0.40138509695165936,True,True,True
7,3.0,RTOLCAP,24,24,0.05396255566578483,0.0009798635912698413,0.36923992435515873,True,True,True
7,3.0,RTOLCAP+RTOFFCAP,-24,-24,0.020568157517636687,0.0,0.3329106407076719,True,True,True
7,3.0,RTOLCAP+RTOFFCAP,-24,0,0.01851134176587302,0.0,0.30730212988400485,True,True,True
7,3.0,RTOLCAP+RTOFFCAP,-24,24,0.016828492514430016,0.0,0.2853519777494331,True,True,True
7,3.0,RTOLCAP+RTOFFCAP,0,-24,0.023139177207341273,0.0,0.34984087301587297,True,True,True
7,3.0,RTOLCAP+RTOFFCAP,0,0,0.02056815751763668,0.0,0.3206874669312169,True,True,True
7,3.0,RTOLCAP+RTOFFCAP,0,24,0.01851134176587302,0.0,0.29601920024420025,True,True,True
7,3.0,RTOLCAP+RTOFFCAP,24,-24,0.026444773951247166,0.0,0.37341478819444446,True,True,True
7,3.0,RTOLCAP+RTOFFCAP,24,0,0.023139177207341273,0.0,0.3394679892676768,True,True,True
7,3.0,RTOLCAP+RTOFFCAP,24,24,0.020568157517636687,0.0,0.31117899016203704,True,True,True
8,0.0,PRC,-24,-24,0.1529496190200617,0.005203397714120371,0.49165799840856483,True,True,True
8,0.0,PRC,-24,0,0.1481704019097222,0.004494566592261905,0.46397950287126066,True,True,True
8,0.0,PRC,-24,24,0.15208912997159088,0.004073356662326388,0.44819739025297617,True,True,True
8,0.0,PRC,0,-24,0.14326875,0.006244077256944445,0.4916422825915403,True,True,True
8,0.0,PRC,0,0,0.1390341608796296,0.005243661024305556,0.4616585554108796,True,True,True
8,0.0,PRC,0,24,0.14425838585069445,0.004655264756944444,0.4448409685496794,True,True,True
8,0.0,PRC,24,-24,0.1311328552827381,0.0076580891927083335,0.4911229765625,True,True,True
8,0.0,PRC,24,0,0.12788592936197918,0.00617478732638889,0.4584606656407828,True,True,True
8,0.0,PRC,24,24,0.13492931616512344,0.005333137297453704,0.4405081040219907,True,True,True
8,0.0,RTOLCAP,-24,-24,0.017390577256944446,0.0,0.2170448954716435,True,True,True
8,0.0,RTOLCAP,-24,0,0.015651519531249998,0.0,0.20034913428151707,True,True,True
8,0.0,RTOLCAP,-24,24,0.01422865411931818,0.0,0.18603848183283728,True,True,True
8,0.0,RTOLCAP,0,-24,0.018465373263888887,0.0,0.2226005989583333,True,True,True
8,0.0,RTOLCAP,0,0,0.016413665123456787,0.0,0.20405054904513886,True,True,True
8,0.0,RTOLCAP,0,24,0.014772298611111111,0.0,0.18835435296474357,True,True,True
8,0.0,RTOLCAP,24,-24,0.018775121527777775,0.0,0.2272544071180555,True,True,True
8,0.0,RTOLCAP,24,0,0.016428231336805554,0.0,0.20659491556186868,True,True,True
8,0.0,RTOLCAP,24,24,0.014602872299382718,0.0,0.18937867259837962,True,True,True
8,0.0,RTOLCAP+RTOFFCAP,-24,-24,0.0069603057484567896,0.0,0.16540142107928238,True,True,True
8,0.0,RTOLCAP+RTOFFCAP,-24,0,0.0062642751736111104,0.0,0.15267823484241452,True,True,True
8,0.0,RTOLCAP+RTOFFCAP,-24,24,0.0056947956123737375,0.0,0.1417726466393849,True,True,True
8,0.0,RTOLCAP+RTOFFCAP,0,-24,0.007830343967013889,0.0,0.17748976246843431,True,True,True
8,0.0,RTOLCAP+RTOFFCAP,0,0,0.0069603057484567896,0.0,0.16269894892939818,True,True,True
8,0.0,RTOLCAP+RTOFFCAP,0,24,0.0062642751736111104,0.0,0.1501836451655983,True,True,True
8,0.0,RTOLCAP+RTOFFCAP,24,-24,0.008948964533730158,0.0,0.1946529231770833,True,True,True
8,0.0,RTOLCAP+RTOFFCAP,24,0,0.007830343967013889,0.0,0.17695720288825753,True,True,True
8,0.0,RTOLCAP+RTOFFCAP,24,24,0.0069603057484567896,0.0,0.1622107693142361,True,True,True
8,3.0,PRC,-24,-24,0.4476048114390431,0.07608782913773147,0.8415365860098379,True,True,True
8,3.0,PRC,-24,0,0.45018921137152773,0.08871501116071429,0.8157624969951923,True,True,True
8,3.0,PRC,-24,24,0.4607425931186868,0.10248068522135417,0.801638741939484,True,True,True
8,3.0,PRC,0,-24,0.42806463270399303,0.08914913888888888,0.8392371054292929,True,True,True
8,3.0,PRC,0,0,0.4331073191550926,0.10170396629050925,0.8115067990451389,True,True,True
8,3.0,PRC,0,24,0.44642422829861106,0.1155806001984127,0.796623962673611,True,True,True
8,3.0,PRC,24,-24,0.40405779823908733,0.09277172960069444,0.8359772816840277,True,True,True
8,3.0,PRC,24,0,0.41273167480468753,0.10711300434027778,0.8060223859690657,True,True,True
8,3.0,PRC,24,24,0.4297922010030865,0.12240090422453702,0.79035634765625,True,True,True
8,3.0,RTOLCAP,-24,-24,0.10193968267746913,0.0034488179976851843,0.48588994357638887,True,True,True
8,3.0,RTOLCAP,-24,0,0.09184550303819446,0.0029561297123015867,0.4487351121794872,True,True,True
8,3.0,RTOLCAP,-24,24,0.08825082780934343,0.002612963324652777,0.4190966989087302,True,True,True
8,3.0,RTOLCAP,0,-24,0.09526310709635417,0.004138581597222221,0.4857002505523989,True,True,True
8,3.0,RTOLCAP,0,0,0.0847891936728395,0.0034488179976851848,0.4454649909577546,True,True,True
8,3.0,RTOLCAP,0,24,0.08154068185763888,0.002986243799603174,0.4137982475293803,True,True,True
8,3.0,RTOLCAP,24,-24,0.08988739893353173,0.0051732269965277765,0.4796403515624999,True,True,True
8,3.0,RTOLCAP,24,0,0.07877620985243056,0.004138581597222221,0.4362982410037879,True,True,True
8,3.0,RTOLCAP,24,24,0.0758348615933642,0.0034839510995370365,0.402756498119213,True,True,True
8,3.0,RTOLCAP+RTOFFCAP,-24,-24,0.026968561921296298,0.0,0.37349386899594905,True,True,True
8,3.0,RTOLCAP+RTOFFCAP,-24,0,0.024271705729166666,0.0,0.34476357138087604,True,True,True
8,3.0,RTOLCAP+RTOFFCAP,-24,24,0.02206518702651515,0.0,0.32013760199652774,True,True,True
8,3.0,RTOLCAP+RTOFFCAP,0,-24,0.030339632161458324,0.0,0.3888652951388889,True,True,True
8,3.0,RTOLCAP+RTOFFCAP,0,0,0.026968561921296295,0.0,0.35645985387731477,True,True,True
8,3.0,RTOLCAP+RTOFFCAP,0,24,0.024271705729166666,0.0,0.3290398651175213,True,True,True
8,3.0,RTOLCAP+RTOFFCAP,24,-24,0.034673865327380954,0.0,0.4096125555555556,True,True,True
8,3.0,RTOLCAP+RTOFFCAP,24,0,0.03033963216145833,0.0,0.37237505050505054,True,True,True
8,3.0,RTOLCAP+RTOFFCAP,24,24,0.026968561921296295,0.0,0.34134379629629624,True,True,True
9,0.0,PRC,-24,-24,0.21168225137174213,0.015332134773662548,0.5465755455889917,True,True,True
9,0.0,PRC,-24,0,0.21037614274691355,0.016879173280423283,0.52206791755698,True,True,True
9,0.0,PRC,-24,24,0.21680872860549943,0.0173450675154321,0.5081443314594356,True,True,True
9,0.0,PRC,0,-24,0.19881739486882716,0.018398561728395057,0.5464193125701459,True,True,True
9,0.0,PRC,0,0,0.19879559156378598,0.019692368827160495,0.5198824016203702,True,True,True
9,0.0,PRC,0,24,0.2070294911265432,0.019822934303350973,0.5050558870489079,True,True,True
9,0.0,PRC,24,-24,0.18326908950617285,0.020462279128086416,0.5457869911265433,True,True,True
9,0.0,PRC,24,0,0.18518809895833332,0.021602104166666667,0.5168951174943883,True,True,True
9,0.0,PRC,24,24,0.19584881987311384,0.02143614133230452,0.5010820003858024,True,True,True
9,0.0,RTOLCAP,-24,-24,0.030957859653635116,1.8938400205761357e-05,0.2694777141203703,True,True,True
9,0.0,RTOLCAP,-24,0,0.027862073688271604,1.6232914462081162e-05,0.24874865918803418,True,True,True
9,0.0,RTOLCAP,-24,24,0.02565005611672278,1.4203800154321018e-05,0.23110563960537917,True,True,True
9,0.0,RTOLCAP,0,-24,0.03116169367283951,2.272608024691363e-05,0.27377888923961835,True,True,True
9,0.0,RTOLCAP,0,0,0.027699283264746227,1.8938400205761357e-05,0.2509639818029835,True,True,True
9,0.0,RTOLCAP,0,24,0.02528234297839506,1.6232914462081162e-05,0.23179339743589744,True,True,True
9,0.0,RTOLCAP,24,-24,0.02941326829805996,2.8407600308642037e-05,0.27481906790123456,True,True,True
9,0.0,RTOLCAP,24,0,0.025736609760802467,2.272608024691363e-05,0.24983551627384956,True,True,True
9,0.0,RTOLCAP,24,24,0.023269195387517143,1.8938400205761357e-05,0.2291614220036008,True,True,True
9,0.0,RTOLCAP+RTOFFCAP,-24,-24,0.010612550154320988,0.0,0.20238291763117283,True,True,True
9,0.0,RTOLCAP+RTOFFCAP,-24,0,0.00955129513888889,0.0,0.1868150008903134,True,True,True
9,0.0,RTOLCAP+RTOFFCAP,-24,24,0.008682995580808081,0.0,0.173471072255291,True,True,True
9,0.0,RTOLCAP+RTOFFCAP,0,-24,0.011939118923611112,0.0,0.2150481919893378,True,True,True
9,0.0,RTOLCAP+RTOFFCAP,0,0,0.010612550154320988,0.0,0.19712750932355969,True,True,True
9,0.0,RTOLCAP+RTOFFCAP,0,24,0.00955129513888889,0.0,0.18196385476020893,True,True,True
9,0.0,RTOLCAP+RTOFFCAP,24,-24,0.013644707341269841,0.0,0.2328660991512346,True,True,True
9,0.0,RTOLCAP+RTOFFCAP,24,0,0.011939118923611112,0.0,0.21169645377384955,True,True,True
9,0.0,RTOLCAP+RTOFFCAP,24,24,0.010612550154320987,0.0,0.1940550826260288,True,True,True
9,3.0,PRC,-24,-24,0.5029497578017832,0.11614713477366254,0.8591436320087448,True,True,True
9,3.0,PRC,-24,0,0.505850231867284,0.13234044697971778,0.8362333306623931,True,True,True
9,3.0,PRC,-24,24,0.5157245671997754,0.15164960358796298,0.8236788817239857,True,True,True
9,3.0,PRC,0,-24,0.4848266729359567,0.13519693055555557,0.8570996492704825,True,True,True
9,3.0,PRC,0,0,0.4900630979938271,0.15091416216563788,0.8324504880401234,True,True,True
9,3.0,PRC,0,24,0.5025035802469137,0.17032838183421517,0.8192213001543209,True,True,True
9,3.0,PRC,24,-24,0.462517788249559,0.14356095775462963,0.8542020281635803,True,True,True
9,3.0,PRC,24,0,0.4711973770254629,0.16074883024691358,0.8275754541947251,True,True,True
9,3.0,PRC,24,24,0.487116326303155,0.18175964184670784,0.8136500868055555,True,True,True
9,3.0,RTOLCAP,-24,-24,0.13427857381687242,0.00744421746399177,0.5239217290380658,True,True,True
9,3.0,RTOLCAP,-24,0,0.12140365663580246,0.006531830908289242,0.4848196892806267,True,True,True
9,3.0,RTOLCAP,-24,24,0.11876171927609426,0.006338344425154321,0.45431438574735444,True,True,True
9,3.0,RTOLCAP,0,-24,0.12435691020447528,0.008933060956790124,0.5220175171857463,True,True,True
9,3.0,RTOLCAP,0,0,0.11115385373799726,0.007620469393004116,0.47981565843621404,True,True,True
9,3.0,RTOLCAP,0,24,0.10927270293209876,0.007243822200176366,0.4473487185422601,True,True,True
9,3.0,RTOLCAP,24,-24,0.1167389511684303,0.011166326195987654,0.5145482253086419,True,True,True
9,3.0,RTOLCAP,24,0,0.10283775752314812,0.00914456327160494,0.46918886047979796,True,True,True
9,3.0,RTOLCAP,24,24,0.1016716006515775,0.008451125900205761,0.434901908757716,True,True,True
9,3.0,RTOLCAP+RTOFFCAP,-24,-24,0.03505342549725651,0.0,0.4114683034336419,True,True,True
9,3.0,RTOLCAP+RTOFFCAP,-24,0,0.031548082947530864,0.0,0.3798168954772079,True,True,True
9,3.0,RTOLCAP+RTOFFCAP,-24,24,0.028680075406846237,0.0,0.352687117228836,True,True,True
9,3.0,RTOLCAP+RTOFFCAP,0,-24,0.03906400270061728,0.0,0.42526722257295174,True,True,True
9,3.0,RTOLCAP+RTOFFCAP,0,0,0.034723557956104247,0.0,0.38982828735853914,True,True,True
9,3.0,RTOLCAP+RTOFFCAP,0,24,0.03125120216049382,0.0,0.35984149602326687,True,True,True
9,3.0,RTOLCAP+RTOFFCAP,24,-24,0.044644574514991174,0.0,0.4425503796296296,True,True,True
9,3.0,RTOLCAP+RTOFFCAP,24,0,0.03906400270061728,0.0,0.40231852693602693,True,True,True
9,3.0,RTOLCAP+RTOFFCAP,24,24,0.034723557956104247,0.0,0.36879198302469135,True,True,True
10,0.0,PRC,-24,-24,0.2688228769290123,0.03187218634259259,0.5917168874421297,True,True,True
10,0.0,PRC,-24,0,0.2698164940972222,0.037250997023809525,0.5696754917200856,True,True,True
10,0.0,PRC,-24,24,0.27738055176767673,0.041522094184027775,0.5571575238095238,True,True,True
10,0.0,PRC,0,-24,0.25453311241319443,0.037764475,0.5915579955808079,True,True,True
10,0.0,PRC,0,0,0.2572248831018519,0.043057706018518514,0.5676930578703703,True,True,True
10,0.0,PRC,0,24,0.26680450763888885,0.04710943005952381,0.5543646642628205,True,True,True
10,0.0,PRC,24,-24,0.23705356001984124,0.03944521440972222,0.5909669677083333,True,True,True
10,0.0,PRC,24,0,0.24226674609374999,0.04546094375,0.5649862200126262,True,True,True
10,0.0,PRC,24,24,0.2545727885802469,0.049787415509259254,0.5507726967592592,True,True,True
10,0.0,RTOLCAP,-24,-24,0.05155927353395062,0.0006859045138888889,0.3176070040509259,True,True,True
10,0.0,RTOLCAP,-24,0,0.046403346180555555,0.0005879181547619048,0.29317569604700855,True,True,True
10,0.0,RTOLCAP,-24,24,0.0435475643939394,0.0005144283854166666,0.2730167261904762,True,True,True
10,0.0,RTOLCAP,0,-24,0.049377893663194436,0.0008230854166666666,0.32008090782828286,True,True,True
10,0.0,RTOLCAP,0,0,0.04389146103395061,0.0006859045138888889,0.2934074988425926,True,True,True
10,0.0,RTOLCAP,0,24,0.041001289583333336,0.0005879181547619048,0.2716800080128205,True,True,True
10,0.0,RTOLCAP,24,-24,0.04642490773809523,0.0010288567708333332,0.31838505937499995,True,True,True
10,0.0,RTOLCAP,24,0,0.04062179427083333,0.0008230854166666666,0.28944096306818173,True,True,True
10,0.0,RTOLCAP,24,24,0.03777378896604938,0.0006859045138888889,0.266233392650463,True,True,True
10,0.0,RTOLCAP+RTOFFCAP,-24,-24,0.01439771026234568,0.0,0.24080146527777777,True,True,True
10,0.0,RTOLCAP+RTOFFCAP,-24,0,0.012957939236111111,0.0,0.22227827564102562,True,True,True
10,0.0,RTOLCAP+RTOFFCAP,-24,24,0.01177994476010101,0.0,0.20640125595238096,True,True,True
10,0.0,RTOLCAP+RTOFFCAP,0,-24,0.01619742404513889,0.0,0.25335844760101006,True,True,True
10,0.0,RTOLCAP+RTOFFCAP,0,0,0.014397710262345676,0.0,0.23224524363425925,True,True,True
10,0.0,RTOLCAP+RTOFFCAP,0,24,0.012957939236111111,0.0,0.21438022489316236,True,True,True
10,0.0,RTOLCAP+RTOFFCAP,24,-24,0.01851134176587302,0.0,0.270707171875,True,True,True
10,0.0,RTOLCAP+RTOFFCAP,24,0,0.01619742404513889,0.0,0.24609742897727274,True,True,True
10,0.0,RTOLCAP+RTOFFCAP,24,24,0.01439771026234568,0.0,0.2255893098958333,True,True,True
10,3.0,PRC,-24,-24,0.549370774691358,0.15917182638888888,0.8732292688078703,True,True,True
10,3.0,PRC,-24,0,0.5523096020833334,0.178461310515873,0.8526099975961539,True,True,True
10,3.0,PRC,-24,24,0.5614651953914142,0.2009201879340278,0.8413109935515872,True,True,True
10,3.0,PRC,0,-24,0.5326494973958333,0.1842147625,0.8713896843434343,True,True,True
10,3.0,PRC,0,0,0.5377727808641974,0.20254533796296292,0.8492054392361111,True,True,True
10,3.0,PRC,0,24,0.5492976156249999,0.2247720510912698,0.8372991701388887,True,True,True
10,3.0,PRC,24,-24,0.5120437142857143,0.19855167187499997,0.8687818253472223,True,True,True
10,3.0,PRC,24,0,0.5203831310763889,0.21768098055555554,0.8448179087752525,True,True,True
10,3.0,PRC,24,24,0.5351206863425927,0.24108953877314812,0.832285078125,True,True,True
10,3.0,RTOLCAP,-24,-24,0.16720344444444443,0.012228011574074072,0.5584445190972221,True,True,True
10,3.0,RTOLCAP,-24,0,0.15176390069444443,0.011486221726190475,0.5181265443376069,True,True,True
10,3.0,RTOLCAP,-24,24,0.14986898926767675,0.01220160503472222,0.48790860739087305,True,True,True
10,3.0,RTOLCAP,0,-24,0.1549417638888889,0.014673613888888885,0.5555411796085858,True,True,True
10,3.0,RTOLCAP,0,0,0.13914912422839507,0.013400592013888888,0.512105318576389,True,True,True
10,3.0,RTOLCAP,0,24,0.13832619930555554,0.013944691468253967,0.4800260961538461,True,True,True
10,3.0,RTOLCAP,24,-24,0.14423447569444442,0.01812097222222222,0.5473913583333333,True,True,True
10,3.0,RTOLCAP,24,0,0.12780616710069445,0.01590387430555555,0.5007476755050504,True,True,True
10,3.0,RTOLCAP,24,24,0.1281521346450617,0.016121443287037036,0.46694165480324074,True,True,True
10,3.0,RTOLCAP+RTOFFCAP,-24,-24,0.04448001929012346,0.0005368113425925926,0.4483086762152777,True,True,True
10,3.0,RTOLCAP+RTOFFCAP,-24,0,0.040032017361111116,0.000460124007936508,0.4138233934294871,True,True,True
10,3.0,RTOLCAP+RTOFFCAP,-24,24,0.036654339330808076,0.0004026085069444445,0.3843423090277777,True,True,True
10,3.0,RTOLCAP+RTOFFCAP,0,-24,0.04898045920138888,0.0006441736111111112,0.46086258017676757,True,True,True
10,3.0,RTOLCAP+RTOFFCAP,0,0,0.04353818595679012,0.0005368113425925926,0.42245736516203697,True,True,True
10,3.0,RTOLCAP+RTOFFCAP,0,24,0.03947212326388889,0.000460124007936508,0.39004435336538457,True,True,True
10,3.0,RTOLCAP+RTOFFCAP,24,-24,0.055465469246031754,0.000805217013888889,0.4746140895833333,True,True,True
10,3.0,RTOLCAP+RTOFFCAP,24,0,0.048532285590277766,0.0006441736111111112,0.43146735416666665,True,True,True
10,3.0,RTOLCAP+RTOFFCAP,24,24,0.04345953819444444,0.0005368113425925926,0.395602425636574,True,True,True
11,0.0,PRC,-24,-24,0.3255307719556677,0.05533660300925925,0.6288335340382997,True,True,True
11,0.0,PRC,-24,0,0.32741033554292925,0.06452000811688312,0.6087959015637141,True,True,True
11,0.0,PRC,-24,24,0.33508552226813587,0.07453140743371213,0.5974159307359307,True,True,True
11,0.0,PRC,0,-24,0.3113197328756313,0.06483573737373736,0.6286890868916436,True,True,True
11,0.0,PRC,0,0,0.3149871412037037,0.07396652093855217,0.6069936889730638,True,True,True
11,0.0,PRC,0,24,0.3246721660353535,0.08405861832611833,0.594876967511655,True,True,True
11,0.0,PRC,24,-24,0.29386021690115444,0.06747034880050504,0.6281517888257576,True,True,True
11,0.0,PRC,24,0,0.3001684907670455,0.07790036679292929,0.6045329272842056,True,True,True
11,0.0,PRC,24,24,0.3125761461840629,0.08901883943602693,0.5916115425084174,True,True,True
11,0.0,RTOLCAP,-24,-24,0.07413795103815936,0.0025082312710437704,0.3604340004208754,True,True,True
11,0.0,RTOLCAP,-24,0,0.06679672948232324,0.0021499125180375177,0.3328692667055167,True,True,True
11,0.0,RTOLCAP,-24,24,0.06418242022497704,0.001900336963383838,0.3108485957792208,True,True,True
11,0.0,RTOLCAP,0,-24,0.06928225970643939,0.0030098775252525244,0.360937814221763,True,True,True
11,0.0,RTOLCAP,0,0,0.061664868125701454,0.002508231271043771,0.33103403488005045,True,True,True
11,0.0,RTOLCAP,0,24,0.059302314078282826,0.002171813672438672,0.30746063786907535,True,True,True
11,0.0,RTOLCAP,24,-24,0.06537265376984125,0.0037623469065656556,0.35730074179292926,True,True,True
11,0.0,RTOLCAP,24,0,0.057291788983585855,0.0030098775252525244,0.32500908000459133,True,True,True
11,0.0,RTOLCAP,24,24,0.05515262661335578,0.002533782617845117,0.2999733128156566,True,True,True
11,0.0,RTOLCAP+RTOFFCAP,-24,-24,0.01961349957912458,0.0,0.2786901017992424,True,True,True
11,0.0,RTOLCAP+RTOFFCAP,-24,0,0.01765214962121212,0.0,0.2572524016608391,True,True,True
11,0.0,RTOLCAP+RTOFFCAP,-24,24,0.016047408746556475,0.0,0.23887723011363635,True,True,True
11,0.0,RTOLCAP+RTOFFCAP,0,-24,0.022065187026515148,0.0,0.2905109750918274,True,True,True
11,0.0,RTOLCAP+RTOFFCAP,0,0,0.019613499579124578,0.0,0.26630172716750844,True,True,True
11,0.0,RTOLCAP+RTOFFCAP,0,24,0.01765214962121212,0.0,0.24581697892385393,True,True,True
11,0.0,RTOLCAP+RTOFFCAP,24,-24,0.025217356601731602,0.0,0.3063698768939394,True,True,True
11,0.0,RTOLCAP+RTOFFCAP,24,0,0.02206518702651515,0.0,0.27851806990358124,True,True,True
11,0.0,RTOLCAP+RTOFFCAP,24,24,0.019613499579124578,0.0,0.2553082307449495,True,True,True
11,3.0,PRC,-24,-24,0.5900409964225589,0.20352227693602695,0.8847538807344275,True,True,True
11,3.0,PRC,-24,0,0.5927422648358586,0.22546190025252524,0.8660090887237762,True,True,True
11,3.0,PRC,-24,24,0.6010897555096418,0.2493396547506313,0.8557372668650792,True,True,True
11,3.0,PRC,0,-24,0.5748028263099747,0.23211354356060607,0.883081531221304,True,True,True
11,3.0,PRC,0,0,0.5794973656705948,0.25294455965909085,0.8629140356691919,True,True,True
11,3.0,PRC,0,24,0.5900040953282829,0.27630732774170275,0.8520901546717172,True,True,True
11,3.0,PRC,24,-24,0.5560227132936507,0.2523170209911616,0.8807107503156566,True,True,True
11,3.0,PRC,24,0,0.5636515842013888,0.2732735448232323,0.858925371613866,True,True,True
11,3.0,PRC,24,24,0.5770863706509539,0.29714194339225586,0.8475318892045453,True,True,True
11,3.0,RTOLCAP,-24,-24,0.19916110760381592,0.018127588909932657,0.58870234559133,True,True,True
11,3.0,RTOLCAP,-24,0,0.18172764551767678,0.019726637355699857,0.547498527097902,True,True,True
11,3.0,RTOLCAP,-24,24,0.18113354711891644,0.021964172190656564,0.5175994890873016,True,True,True
11,3.0,RTOLCAP,0,-24,0.1851966962594697,0.02175310669191919,0.585164438705234,True,True,True
11,3.0,RTOLCAP,0,0,0.1673777840909091,0.0230144102483165,0.5408217942445285,True,True,True
11,3.0,RTOLCAP,0,24,0.1681592619949495,0.02510191107503608,0.5091364250679876,True,True,True
11,3.0,RTOLCAP,24,-24,0.17128584776334776,0.025764251104797978,0.57667730145202,True,True,True
11,3.0,RTOLCAP,24,0,0.1529784276357323,0.02647558648989899,0.5290750654269971,True,True,True
11,3.0,RTOLCAP,24,24,0.1554466649130191,0.028334141414141412,0.49572814288720546,True,True,True
11,3.0,RTOLCAP+RTOFFCAP,-24,-24,0.05629290404040404,0.0020828898358585856,0.48204140598695283,True,True,True
11,3.0,RTOLCAP+RTOFFCAP,-24,0,0.050663613636363625,0.0017853341450216446,0.4449612978341103,True,True,True
11,3.0,RTOLCAP+RTOFFCAP,-24,24,0.04712507260101011,0.001562167376893939,0.41380663329725825,True,True,True
11,3.0,RTOLCAP+RTOFFCAP,0,-24,0.06127428701073232,0.0024994678030303024,0.4931995721418733,True,True,True
11,3.0,RTOLCAP+RTOFFCAP,0,0,0.05446603289842873,0.0020828898358585856,0.4520996077967172,True,True,True
11,3.0,RTOLCAP+RTOFFCAP,0,24,0.050193395833333335,0.0017853341450216446,0.41799932983682975,True,True,True
11,3.0,RTOLCAP+RTOFFCAP,24,-24,0.06726925595238095,0.003124334753787878,0.5040363304924242,True,True,True
11,3.0,RTOLCAP+RTOFFCAP,24,0,0.05886059895833333,0.0024994678030303024,0.4582148459022038,True,True,True
11,3.0,RTOLCAP+RTOFFCAP,24,24,0.053624939323793495,0.0020828898358585856,0.42076327493686866,True,True,True
12,0.0,PRC,-24,-24,0.37721231835133745,0.0871103510802469,0.6597640728684413,True,True,True
12,0.0,PRC,-24,0,0.3793876739004629,0.09925533523478834,0.6413962431000713,True,True,True
12,0.0,PRC,-24,24,0.38679342539983164,0.11373720269097223,0.630964603174603,True,True,True
12,0.0,PRC,0,-24,0.36362000470196754,0.10139769791666667,0.6596316629840067,True,True,True
12,0.0,PRC,0,0,0.36754732349537034,0.1131856216242284,0.6397442148919752,True,True,True
12,0.0,PRC,0,24,0.3768776851851852,0.12774628637566138,0.6286372202190171,True,True,True
12,0.0,PRC,24,-24,0.34688834118716927,0.10767071831597222,0.6591391397569445,True,True,True
12,0.0,PRC,24,0,0.35339803276909715,0.12056162268518518,0.6374885166771885,True,True,True
12,0.0,PRC,24,24,0.36533724472736623,0.13631973138503087,0.6256439139660492,True,True,True
12,0.0,RTOLCAP,-24,-24,0.10070893036265431,0.005583163097993827,0.39941250144675916,True,True,True
12,0.0,RTOLCAP,-24,0,0.09105274247685184,0.004898873181216932,0.36958818665420223,True,True,True
12,0.0,RTOLCAP,-24,24,0.0890712894570707,0.0047537583188657405,0.3462825361689814,True,True,True
12,0.0,RTOLCAP,0,-24,0.09326768265335646,0.006699795717592593,0.39857263389099323,True,True,True
12,0.0,RTOLCAP,0,0,0.08336539030349795,0.005715352044753087,0.36633294849537035,True,True,True
12,0.0,RTOLCAP,0,24,0.08195452719907408,0.005432866650132275,0.3414849586004273,True,True,True
12,0.0,RTOLCAP,24,-24,0.08755421337632273,0.00837474464699074,0.3936766145833333,True,True,True
12,0.0,RTOLCAP,24,0,0.0771283181423611,0.006858422453703704,0.358951141361532,True,True,True
12,0.0,RTOLCAP,24,24,0.07625370048868313,0.006338344425154321,0.3326476362364969,True,True,True
12,0.0,RTOLCAP+RTOFFCAP,-24,-24,0.026290069122942385,0.0,0.31507124156057104,True,True,True
12,0.0,RTOLCAP+RTOFFCAP,-24,0,0.023661062210648145,0.0,0.29083499220975784,True,True,True
12,0.0,RTOLCAP+RTOFFCAP,-24,24,0.021510056555134677,0.0,0.27006106419477516,True,True,True
12,0.0,RTOLCAP+RTOFFCAP,0,-24,0.02929800202546296,0.0,0.3260086140046296,True,True,True
12,0.0,RTOLCAP+RTOFFCAP,0,0,0.026042668467078183,0.0,0.2988412295042438,True,True,True
12,0.0,RTOLCAP+RTOFFCAP,0,24,0.023438401620370364,0.0,0.275853442619302,True,True,True
12,0.0,RTOLCAP+RTOFFCAP,24,-24,0.03348343088624338,0.0,0.3396768015046297,True,True,True
12,0.0,RTOLCAP+RTOFFCAP,24,0,0.02929800202546296,0.0,0.30879709227693597,True,True,True
12,0.0,RTOLCAP+RTOFFCAP,24,24,0.026042668467078183,0.0,0.28306400125385806,True,True,True
12,3.0,PRC,-24,-24,0.624204246720679,0.2447684915123457,0.8943577240065586,True,True,True
12,3.0,PRC,-24,0,0.6266804094328704,0.26844496197089945,0.8771749979967949,True,True,True
12,3.0,PRC,-24,24,0.6343322758838383,0.29302812608506945,0.8677591612929894,True,True,True
12,3.0,PRC,0,-24,0.6102359241174767,0.2758729149305556,0.8928247369528619,True,True,True
12,3.0,PRC,0,0,0.6145392518647119,0.2983113932291666,0.8743378660300926,True,True,True
12,3.0,PRC,0,24,0.6241704207175927,0.3221398048941799,0.8644159751157409,True,True,True
12,3.0,PRC,24,-24,0.5930208205191799,0.30051466724537035,0.8906515211226852,True,True,True
12,3.0,PRC,24,0,0.6000139521846064,0.32251249074074073,0.8706815906460438,True,True,True
12,3.0,PRC,24,24,0.6123291730967079,0.34627878809799384,0.8602375651041665,True,True,True
12,3.0,RTOLCAP,-24,-24,0.2290123199588477,0.02571650221836419,0.6151851188753857,True,True,True
12,3.0,RTOLCAP,-24,0,0.21022924334490736,0.030579669312169308,0.5731800836894586,True,True,True
12,3.0,RTOLCAP,-24,24,0.21102740346170032,0.03499923068576389,0.5437349948330026,True,True,True
12,3.0,RTOLCAP,0,-24,0.2136994075520833,0.030859802662037028,0.6112336710858586,True,True,True
12,3.0,RTOLCAP,0,0,0.19453075713734566,0.03567628086419754,0.5660575036168981,True,True,True
12,3.0,RTOLCAP,0,24,0.19697858188657402,0.03999912078373016,0.5348952987001424,True,True,True
12,3.0,RTOLCAP,24,-24,0.1968526169808201,0.034950747251157405,0.6026037554976851,True,True,True
12,3.0,RTOLCAP,24,0,0.17739373408564815,0.03991233217592592,0.5541052014941077,True,True,True
12,3.0,RTOLCAP,24,24,0.1820176530349794,0.04424963686342592,0.5213421713445217,True,True,True
12,3.0,RTOLCAP+RTOFFCAP,-24,-24,0.06904231192129628,0.0040448808834876535,0.5126164778645833,True,True,True
12,3.0,RTOLCAP+RTOFFCAP,-24,0,0.06213808072916667,0.0034670407572751317,0.4733102797809829,True,True,True
12,3.0,RTOLCAP+RTOFFCAP,-24,24,0.05849669165614478,0.0030336606626157406,0.4409918359375,True,True,True
12,3.0,RTOLCAP+RTOFFCAP,0,-24,0.07431419307002314,0.004853857060185185,0.5220659885311448,True,True,True
12,3.0,RTOLCAP+RTOFFCAP,0,0,0.06605706050668723,0.0040448808834876535,0.47869681471836417,True,True,True
12,3.0,RTOLCAP+RTOFFCAP,0,24,0.0616596345486111,0.0034670407572751317,0.4434779878917378,True,True,True
12,3.0,RTOLCAP+RTOFFCAP,24,-24,0.07938018229166666,0.006067321325231481,0.530662988425926,True,True,True
12,3.0,RTOLCAP+RTOFFCAP,24,0,0.06945765950520832,0.004853857060185185,0.4825696170033671,True,True,True
12,3.0,RTOLCAP+RTOFFCAP,24,24,0.06419378632973251,0.0040448808834876535,0.4440931544174382,True,True,True
13,0.0,PRC,-24,-24,0.4225929036087369,0.12243986645299144,0.6859360672631766,True,True,True
13,0.0,PRC,-24,0,0.42485354006410253,0.13727793116605616,0.6689811474769888,True,True,True
13,0.0,PRC,-24,24,0.4318963041472416,0.15455399071848291,0.6593519413919413,True,True,True
13,0.0,PRC,0,-24,0.4097303826121795,0.14170366346153845,0.6858138427544678,True,True,True
13,0.0,PRC,0,0,0.41367136989553654,0.1558041061253561,0.6674561983618232,True,True,True
13,0.0,PRC,0,24,0.4225366274038461,0.17290157776251525,0.6572035878944773,True,True,True
13,0.0,PRC,24,-24,0.39387978021978026,0.1527320552884615,0.6853592059294872,True,True,True
13,0.0,PRC,24,0,0.4002947162126068,0.16744690811965812,0.6653740153943278,True,True,True
13,0.0,PRC,24,24,0.41163129718660973,0.18545349136396008,0.6544405359686608,True,True,True
13,0.0,RTOLCAP,-24,-24,0.12861803418803416,0.009406162749287747,0.4355461266915954,True,True,True
13,0.0,RTOLCAP,-24,0,0.11674146207264956,0.008835555173992673,0.4040728061308349,True,True,True
13,0.0,RTOLCAP,-24,24,0.1152838378982129,0.009385850026709401,0.38043438740079366,True,True,True
13,0.0,RTOLCAP,0,-24,0.11918597222222221,0.011287395299145296,0.4338558267773892,True,True,True
13,0.0,RTOLCAP,0,0,0.1070377878679962,0.010308147702991452,0.39990058782941595,True,True,True
13,0.0,RTOLCAP,0,24,0.10640476869658118,0.010726685744810744,0.37476476906640355,True,True,True
13,0.0,RTOLCAP,24,-24,0.11094959668803417,0.0139392094017094,0.4282383792735043,True,True,True
13,0.0,RTOLCAP,24,0,0.09831243623130341,0.012233749465811962,0.3917069774669774,True,True,True
13,0.0,RTOLCAP,24,24,0.09857856511158593,0.012401110220797719,0.3651593080039174,True,True,True
13,0.0,RTOLCAP+RTOFFCAP,-24,-24,0.03421539945394112,0.00041293180199430203,0.3508251484597578,True,True,True
13,0.0,RTOLCAP+RTOFFCAP,-24,0,0.03079385950854701,0.0003539415445665446,0.323838598578238,True,True,True
13,0.0,RTOLCAP+RTOFFCAP,-24,24,0.028195645639083135,0.00030969885149572654,0.30076706196581193,True,True,True
13,0.0,RTOLCAP+RTOFFCAP,0,-24,0.03767727630876068,0.0004955181623931624,0.36102493589743584,True,True,True
13,0.0,RTOLCAP+RTOFFCAP,0,0,0.033490912274453936,0.00041293180199430203,0.3309395245726496,True,True,True
13,0.0,RTOLCAP+RTOFFCAP,0,24,0.03036317174145299,0.0003539415445665446,0.305547029298159,True,True,True
13,0.0,RTOLCAP+RTOFFCAP,24,-24,0.04266574557387058,0.0006193977029914531,0.37225454594017093,True,True,True
13,0.0,RTOLCAP+RTOFFCAP,24,0,0.03733252737713674,0.0004955181623931624,0.33841322358197357,True,True,True
13,0.0,RTOLCAP+RTOFFCAP,24,24,0.03343041399572649,0.00041293180199430203,0.31028187878383184,True,True,True
13,3.0,PRC,-24,-24,0.6531116123575499,0.28741172898860395,0.902484052929131,True,True,True
13,3.0,PRC,-24,0,0.6553973010149572,0.3114742887667888,0.8866230750739644,True,True,True
13,3.0,PRC,-24,24,0.6624605623543123,0.3358219574652778,0.8779315335012209,True,True,True
13,3.0,PRC,0,-24,0.64021777610844,0.3175750913461538,0.9010689879564879,True,True,True
13,3.0,PRC,0,0,0.6441900786443494,0.3406208506944444,0.8840041840277778,True,True,True
13,3.0,PRC,0,24,0.6530803883547008,0.3642829632173382,0.8748455154914531,True,True,True
13,3.0,PRC,24,-24,0.6243269112484737,0.34521764222756407,0.8990629425747864,True,True,True
13,3.0,PRC,24,0,0.6307821097088675,0.3673440432692307,0.8806291605963481,True,True,True
13,3.0,PRC,24,24,0.6421500059354226,0.3904959757834757,0.8709885216346153,True,True,True
13,3.0,RTOLCAP,-24,-24,0.2566312274453941,0.03514261885683761,0.6388863287927351,True,True,True
13,3.0,RTOLCAP,-24,0,0.237154719551282,0.043090318223443225,0.5961257215647601,True,True,True
13,3.0,RTOLCAP,-24,24,0.2392355303030303,0.05103847856570512,0.5672904426129426,True,True,True
13,3.0,RTOLCAP,0,-24,0.2398653695913461,0.042068111111111105,0.6347024808177932,True,True,True
13,3.0,RTOLCAP,0,0,0.22008767835944917,0.05018617832977208,0.5887271436520655,True,True,True
13,3.0,RTOLCAP,0,24,0.22408327430555558,0.05825609584859585,0.5582428876972386,True,True,True
13,3.0,RTOLCAP,24,-24,0.22025185477716724,0.045666358840811966,0.6260927756410256,True,True,True
13,3.0,RTOLCAP,24,0,0.20045364149305553,0.05468838995726495,0.5767205628399379,True,True,True
13,3.0,RTOLCAP,24,24,0.20707475219610633,0.06335292512464388,0.5446965006232194,True,True,True
13,3.0,RTOLCAP+RTOFFCAP,-24,-24,0.08393273296533713,0.007061783742877493,0.5409931312321937,True,True,True
13,3.0,RTOLCAP+RTOFFCAP,-24,0,0.07553945966880342,0.00606051510989011,0.5001289012163049,True,True,True
13,3.0,RTOLCAP+RTOFFCAP,-24,24,0.0716347987082362,0.00533137686965812,0.4670447779304029,True,True,True
13,3.0,RTOLCAP+RTOFFCAP,0,-24,0.0883576358840812,0.008474140491452993,0.5488871758449883,True,True,True
13,3.0,RTOLCAP+RTOFFCAP,0,0,0.07854012078584993,0.00707060096153846,0.5039597562767094,True,True,True
13,3.0,RTOLCAP+RTOFFCAP,0,24,0.07394492761752137,0.0060930021367521375,0.4680360192718606,True,True,True
13,3.0,RTOLCAP+RTOFFCAP,24,-24,0.09258140262515263,0.010592675614316241,0.5558285713141026,True,True,True
13,3.0,RTOLCAP+RTOFFCAP,24,0,0.08100872729700855,0.008484721153846155,0.5061858049242425,True,True,True
13,3.0,RTOLCAP+RTOFFCAP,24,24,0.07562866749762584,0.007108502492877494,0.4670829191150285,True,True,True
14,0.0,PRC,-24,-24,0.4636036400462963,0.15991036044973544,0.7083692053158067,True,True,True
14,0.0,PRC,-24,0,0.46572606522817456,0.17714863591269842,0.6926253512286323,True,True,True
14,0.0,PRC,-24,24,0.47228480790043287,0.1959097287326389,0.6836839455782312,True,True,True
14,0.0,PRC,0,-24,0.4516307921006944,0.18237492708333333,0.7082557111291486,True,True,True
14,0.0,PRC,0,0,0.4553193587411816,0.1987421540178571,0.6912093270502645,True,True,True
14,0.0,PRC,0,24,0.4635746463293651,0.21709861465419503,0.6816890459020146,True,True,True
14,0.0,PRC,24,-24,0.4368749890164399,0.198249087921627,0.7078335483630953,True,True,True
14,0.0,PRC,24,0,0.4428691018725198,0.21471492807539683,0.6892758714375903,True,True,True
14,0.0,PRC,24,24,0.4534250055114638,0.23346866980820102,0.6791233548280422,True,True,True
14,0.0,RTOLCAP,-24,-24,0.15648372740299824,0.014243105572089946,0.468098589823082,True,True,True
14,0.0,RTOLCAP,-24,0,0.14278600719246032,0.015499500779478459,0.4352974881715507,True,True,True
14,0.0,RTOLCAP,-24,24,0.14231921559343433,0.017257563864087302,0.4114396673044217,True,True,True
14,0.0,RTOLCAP,0,-24,0.14551168991815475,0.017091726686507935,0.46582305555555553,True,True,True
14,0.0,RTOLCAP,0,0,0.13151111607142857,0.018082750909391536,0.43047815662202377,True,True,True
14,0.0,RTOLCAP,0,24,0.13212513442460316,0.01972293013038549,0.40515583657661774,True,True,True
14,0.0,RTOLCAP,24,-24,0.13458173752834465,0.02024334015376984,0.45975969022817453,True,True,True
14,0.0,RTOLCAP,24,0,0.12019733599950394,0.020802246527777776,0.4217528336940837,True,True,True
14,0.0,RTOLCAP,24,24,0.12213666528880072,0.022262539682539682,0.3950474305555555,True,True,True
14,0.0,RTOLCAP+RTOFFCAP,-24,-24,0.04423013888888889,0.0016365562996031742,0.3842925452628968,True,True,True
14,0.0,RTOLCAP+RTOFFCAP,-24,0,0.03980712499999999,0.0014027625425170065,0.3547315802426739,True,True,True
14,0.0,RTOLCAP+RTOFFCAP,-24,24,0.03702684275793651,0.0012274172247023806,0.32988726296768706,True,True,True
14,0.0,RTOLCAP+RTOFFCAP,0,-24,0.04814408265128968,0.001963867559523809,0.39356383274711404,True,True,True
14,0.0,RTOLCAP+RTOFFCAP,0,0,0.04279474013447972,0.0016365562996031742,0.3607668466848545,True,True,True
14,0.0,RTOLCAP+RTOFFCAP,0,24,0.03943766815476191,0.0014027625425170065,0.3335471768162393,True,True,True
14,0.0,RTOLCAP+RTOFFCAP,24,-24,0.052854415391156456,0.002454834449404761,0.4026834169146825,True,True,True
14,0.0,RTOLCAP+RTOFFCAP,24,0,0.0462476134672619,0.001963867559523809,0.3660758335588023,True,True,True
14,0.0,RTOLCAP+RTOFFCAP,24,24,0.04213388089726632,0.0016365562996031742,0.33614544229497356,True,True,True
14,3.0,PRC,-24,-24,0.6778893543320106,0.3339313694609788,0.9094494777199074,True,True,True
14,3.0,PRC,-24,0,0.6800117795138889,0.3569008209325396,0.8947214268543956,True,True,True
14,3.0,PRC,-24,24,0.6865705221861471,0.3799786049107143,0.8866507096797052,True,True,True
14,3.0,PRC,0,-24,0.6659165063864086,0.361133869047619,0.9081354888167388,True,True,True
14,3.0,PRC,0,0,0.6696050730268959,0.38339781249999993,0.892289599454365,True,True,True
14,3.0,PRC,0,24,0.6778603606150794,0.4059871382511338,0.8837851215277779,True,True,True
14,3.0,PRC,24,-24,0.6511607033021541,0.3880382161458333,0.906272732390873,True,True,True
14,3.0,PRC,24,0,0.6571548161582341,0.40937407886904753,0.8891556491251804,True,True,True
14,3.0,PRC,24,24,0.6677107197971782,0.43139891451719575,0.8802036272321427,True,True,True
14,3.0,RTOLCAP,-24,-24,0.2828148476080247,0.04702090567129629,0.6599026120205025,True,True,True
14,3.0,RTOLCAP,-24,0,0.2634001212797619,0.05789545493197278,0.6164801182844932,True,True,True
14,3.0,RTOLCAP,-24,24,0.26664758364898994,0.07011964192708332,0.5883180330569727,True,True,True
14,3.0,RTOLCAP,0,-24,0.2644344447544643,0.055786269841269824,0.6555832875631313,True,True,True
14,3.0,RTOLCAP,0,0,0.24490479359567896,0.06701234995039682,0.6089021963872354,True,True,True
14,3.0,RTOLCAP,0,24,0.2503265349702381,0.07968043579931973,0.5791567139804639,True,True,True
14,3.0,RTOLCAP,24,-24,0.24224317247732421,0.05950699342757937,0.6470673740079365,True,True,True
14,3.0,RTOLCAP,24,0,0.22304622395833335,0.07223414484126983,0.5969167212301587,True,True,True
14,3.0,RTOLCAP,24,24,0.23149911100088183,0.08614327918320105,0.5656912382192459,True,True,True
14,3.0,RTOLCAP+RTOFFCAP,-24,-24,0.10149500936948853,0.01056937996031746,0.5667690277777777,True,True,True
14,3.0,RTOLCAP+RTOFFCAP,-24,0,0.09134550843253968,0.009228400297619047,0.5248895669261293,True,True,True
14,3.0,RTOLCAP+RTOFFCAP,-24,24,0.08742516504329004,0.008341299913194445,0.49198923859126975,True,True,True
14,3.0,RTOLCAP+RTOFFCAP,0,-24,0.1044182331969246,0.012683255952380951,0.573461911300505,True,True,True
14,3.0,RTOLCAP+RTOFFCAP,0,0,0.0928162072861552,0.010766467013888888,0.5275347550843253,True,True,True
14,3.0,RTOLCAP+RTOFFCAP,0,24,0.08835675967261904,0.009532914186507938,0.49190015625000005,True,True,True
14,3.0,RTOLCAP+RTOFFCAP,24,-24,0.10827175949546483,0.01585406994047619,0.5791427318948413,True,True,True
14,3.0,RTOLCAP+RTOFFCAP,24,0,0.09473778955853177,0.012919760416666665,0.5285239414231602,True,True,True
14,3.0,RTOLCAP+RTOFFCAP,24,24,0.08956933862433863,0.011121733217592593,0.48983736049107146,True,True,True
15,0.0,PRC,-24,-24,0.4993633973765432,0.19581479320987655,0.7278112582947529,True,True,True
15,0.0,PRC,-24,0,0.5013443275462963,0.21475596957671958,0.7131169944800569,True,True,True
15,0.0,PRC,-24,24,0.5074658207070707,0.23442250086805555,0.7047716825396825,True,True,True
15,0.0,PRC,0,-24,0.4881887392939814,0.22069833194444446,0.7277053303872053,True,True,True
15,0.0,PRC,0,0,0.49163140149176954,0.2386491145833333,0.7117953719135802,True,True,True
15,0.0,PRC,0,24,0.4993363365740741,0.2577118439153439,0.7029097761752137,True,True,True
15,0.0,PRC,24,-24,0.4744166564153439,0.24041173379629627,0.7273113118055556,True,True,True
15,0.0,PRC,24,0,0.48001116174768516,0.25800999259259255,0.7099908133417506,True,True,True
15,0.0,PRC,24,24,0.4898633384773663,0.27702303047839505,0.7005151311728394,True,True,True
15,0.0,RTOLCAP,-24,-24,0.18320985596707814,0.020573201774691352,0.4973250588348765,True,True,True
15,0.0,RTOLCAP,-24,0,0.16818339467592588,0.024463735449735447,0.46332280270655274,True,True,True
15,0.0,RTOLCAP,-24,24,0.16882192276936026,0.02799938454861111,0.4394253933531746,True,True,True
15,0.0,RTOLCAP,0,-24,0.17095952604166664,0.024687842129629625,0.4946345336700336,True,True,True
15,0.0,RTOLCAP,0,0,0.15562460570987655,0.028541024691358028,0.4580229666280864,True,True,True
15,0.0,RTOLCAP,0,24,0.1575828655092592,0.03199929662698413,0.4326949747150997,True,True,True
15,0.0,RTOLCAP,24,-24,0.15748209358465606,0.027960597800925927,0.48829536087962955,True,True,True
15,0.0,RTOLCAP,24,0,0.1419149872685185,0.03192986574074074,0.448931757996633,True,True,True
15,0.0,RTOLCAP,24,24,0.14561412242798352,0.03539970949074074,0.4222507008101852,True,True,True
15,0.0,RTOLCAP+RTOFFCAP,-24,-24,0.055233849537037034,0.003235904706790123,0.4152691934799383,True,True,True
15,0.0,RTOLCAP+RTOFFCAP,-24,0,0.049710464583333336,0.0027736326058201057,0.38342608030626785,True,True,True
15,0.0,RTOLCAP+RTOFFCAP,-24,24,0.04679735332491582,0.0024269285300925923,0.35723004976851847,True,True,True
15,0.0,RTOLCAP+RTOFFCAP,0,-24,0.05945135445601851,0.0038830856481481477,0.42329934848484846,True,True,True
15,0.0,RTOLCAP+RTOFFCAP,0,0,0.05284564840534979,0.003235904706790123,0.3881334629629629,True,True,True
15,0.0,RTOLCAP+RTOFFCAP,0,24,0.04932770763888888,0.0027736326058201057,0.3595602467948718,True,True,True
15,0.0,RTOLCAP+RTOFFCAP,24,-24,0.06350414583333333,0.004853857060185185,0.4307416041666666,True,True,True
15,0.0,RTOLCAP+RTOFFCAP,24,0,0.05556612760416666,0.0038830856481481477,0.39170225126262626,True,True,True
15,0.0,RTOLCAP+RTOFFCAP,24,24,0.05135502906378601,0.003235904706790123,0.36045053472222216,True,True,True
15,3.0,PRC,-24,-24,0.6993633973765432,0.3776718969907407,0.9154861792052468,True,True,True
15,3.0,PRC,-24,0,0.7013443275462963,0.3992049156746031,0.9017399983974359,True,True,True
15,3.0,PRC,-24,24,0.7074658207070705,0.42081532870370375,0.8942073290343914,True,True,True
15,3.0,PRC,0,-24,0.6881887392939814,0.40292808703703703,0.9142597895622896,True,True,True
15,3.0,PRC,0,0,0.6916314014917695,0.4238405771604937,0.8994702928240741,True,True,True
15,3.0,PRC,0,24,0.699336336574074,0.4450188118386243,0.8915327800925926,True,True,True
15,3.0,PRC,24,-24,0.6744166564153439,0.42804059375,0.9125212168981481,True,True,True
15,3.0,PRC,24,0,0.6800111617476852,0.4481130805555555,0.896545272516835,True,True,True
15,3.0,PRC,24,24,0.6898633384773663,0.4687756037808642,0.8881900520833332,True,True,True
15,3.0,RTOLCAP,-24,-24,0.3083192836934156,0.05969311149691359,0.6783553317901234,True,True,True
15,3.0,RTOLCAP,-24,0,0.2899215648148148,0.07343263359788359,0.6343763130341881,True,True,True
15,3.0,RTOLCAP,-24,24,0.29400298085016835,0.08936058912037036,0.6069482028769841,True,True,True
15,3.0,RTOLCAP,0,-24,0.28838655902777777,0.07031432731481482,0.6739402859848485,True,True,True
15,3.0,RTOLCAP,0,0,0.27015939634773656,0.08457356712962961,0.6266642694830247,True,True,True
15,3.0,RTOLCAP,0,24,0.2766251708333333,0.10118538293650793,0.5977195388176637,True,True,True
15,3.0,RTOLCAP,24,-24,0.26409190443121694,0.07442168634259261,0.6655316884259259,True,True,True
15,3.0,RTOLCAP,24,0,0.24662317824074068,0.0907113023148148,0.6147222702020202,True,True,True
15,3.0,RTOLCAP,24,24,0.2564225074588477,0.10906879822530864,0.5843606452546296,True,True,True
15,3.0,RTOLCAP+RTOFFCAP,-24,-24,0.12157547865226336,0.014261770061728393,0.5896556626157406,True,True,True
15,3.0,RTOLCAP+RTOFFCAP,-24,0,0.10953491898148147,0.013050714616402115,0.547129397079772,True,True,True
15,3.0,RTOLCAP+RTOFFCAP,-24,24,0.10611002293771044,0.012312421585648147,0.5145316625330688,True,True,True
15,3.0,RTOLCAP+RTOFFCAP,0,-24,0.12283460937499997,0.01711412407407407,0.5953573148148148,True,True,True
15,3.0,RTOLCAP+RTOFFCAP,0,0,0.1093163063271605,0.015225833719135799,0.5488120561342593,True,True,True
15,3.0,RTOLCAP+RTOFFCAP,0,24,0.10557078194444444,0.014071338955026456,0.5135773682336182,True,True,True
15,3.0,RTOLCAP+RTOFFCAP,24,-24,0.12597085813492062,0.02139265509259259,0.6000053671296295,True,True,True
15,3.0,RTOLCAP+RTOFFCAP,24,0,0.1103707361111111,0.01827100046296296,0.5488061710858586,True,True,True
15,3.0,RTOLCAP+RTOFFCAP,24,24,0.10609188348765433,0.01641656211419753,0.5106357496141974,True,True,True
16,0.0,PRC,-24,-24,0.5306531850405093,0.23352202980324072,0.7448230546513309,True,True,True
16,0.0,PRC,-24,0,0.5325103070746527,0.2530728596230159,0.7310471823250533,True,True,True
16,0.0,PRC,-24,24,0.5382492069128788,0.2728553404405382,0.7232234523809523,True,True,True
16,0.0,PRC,0,-24,0.5201769430881076,0.25802976171875,0.7447237472380049,True,True,True
16,0.0,PRC,0,0,0.5234044388985339,0.2767544411892361,0.7298081611689814,True,True,True
16,0.0,PRC,0,24,0.5306278155381945,0.2959799076140873,0.7214779151642629,True,True,True
16,0.0,PRC,24,-24,0.5072656153893849,0.2804893343098958,0.7443543548177082,True,True,True
16,0.0,PRC,24,0,0.5125104641384548,0.29846703515624995,0.7281163875078912,True,True,True
16,0.0,PRC,24,24,0.5217468798225309,0.317277980324074,0.7192329354745369,True,True,True
16,0.0,RTOLCAP,-24,-24,0.2085128722993827,0.028553377821180555,0.5239485456452546,True,True,True
16,0.0,RTOLCAP,-24,0,0.19268820963541664,0.03501088355654762,0.48883221354166667,True,True,True
16,0.0,RTOLCAP,-24,24,0.19437886837121213,0.04146876383463541,0.4650835447668651,True,True,True
16,0.0,RTOLCAP,0,-24,0.1948906127929687,0.034180340277777777,0.5209903876657197,True,True,True
16,0.0,RTOLCAP,0,0,0.17882123866705246,0.040776269892939816,0.48319420771846067,True,True,True
16,0.0,RTOLCAP,0,24,0.1820676603732639,0.047333077876984125,0.45805241102430555,True,True,True
16,0.0,RTOLCAP,24,-24,0.1789546320064484,0.03710391655815972,0.5145244644097222,True,True,True
16,0.0,RTOLCAP,24,0,0.1628685837131076,0.04443431684027777,0.4738800793087121,True,True,True
16,0.0,RTOLCAP,24,24,0.1682482361593364,0.05147425166377315,0.44741931025752313,True,True,True
16,0.0,RTOLCAP+RTOFFCAP,-24,-24,0.06819534553433641,0.005737699291087963,0.444409429615162,True,True,True
16,0.0,RTOLCAP+RTOFFCAP,-24,0,0.06137581098090278,0.0049241685267857145,0.41083397268963673,True,True,True
16,0.0,RTOLCAP+RTOFFCAP,-24,24,0.05820327395044191,0.0043317437065972225,0.3836331767733135,True,True,True
16,0.0,RTOLCAP+RTOFFCAP,0,-24,0.07179057915581598,0.006885239149305556,0.45126447818023985,True,True,True
16,0.0,RTOLCAP+RTOFFCAP,0,0,0.06381384813850308,0.005744863281249999,0.41431981246383104,True,True,True
16,0.0,RTOLCAP+RTOFFCAP,0,24,0.06008025368923612,0.004950564236111112,0.38475850610977563,True,True,True
16,0.0,RTOLCAP+RTOFFCAP,24,-24,0.07522238963293651,0.008606548936631946,0.45743372677951394,True,True,True
16,0.0,RTOLCAP+RTOFFCAP,24,0,0.06581959092881944,0.0068938359375000004,0.41656961430713385,True,True,True
16,0.0,RTOLCAP+RTOFFCAP,24,24,0.061448292341821,0.0057756582754629636,0.38435738226996524,True,True,True
16,3.0,PRC,-24,-24,0.7181531850405092,0.4165674034288194,0.9207682930049189,True,True,True
16,3.0,PRC,-24,0,0.7200103070746527,0.43675460844494035,0.9078812484975961,True,True,True
16,3.0,PRC,-24,24,0.7257492069128787,0.45701437065972217,0.900819370969742,True,True,True
16,3.0,PRC,0,-24,0.7076769430881076,0.4402450815972222,0.9196185527146464,True,True,True
16,3.0,PRC,0,0,0.7109044388985339,0.45985054108796286,0.9057533995225695,True,True,True
16,3.0,PRC,0,24,0.7181278155381944,0.4797051360987103,0.8983119813368056,True,True,True
16,3.0,PRC,24,-24,0.6947656153893849,0.46378805664062506,0.9179886408420139,True,True,True
16,3.0,PRC,24,0,0.7000104641384548,0.4826060130208333,0.9030111929845328,True,True,True
16,3.0,PRC,24,24,0.7092468798225308,0.5019771285445602,0.8951781738281249,True,True,True
16,3.0,RTOLCAP,-24,-24,0.33315339988425924,0.07392789460358795,0.694652058557581,True,True,True
16,3.0,RTOLCAP,-24,0,0.316165765625,0.0897837853422619,0.65044582164797,True,True,True
16,3.0,RTOLCAP,-24,24,0.32111894511521466,0.10918800265842014,0.6237985757688491,True,True,True
16,3.0,RTOLCAP,0,-24,0.31216697943793403,0.08643899435763888,0.6901669472064393,True,True,True
16,3.0,RTOLCAP,0,0,0.29562365475501545,0.10285235026041666,0.6426506165002892,True,True,True
16,3.0,RTOLCAP,0,24,0.30312636328125,0.12316166077628966,0.6145532136418268,True,True,True
16,3.0,RTOLCAP,24,-24,0.28643425223214286,0.09144246256510416,0.6818686799045138,True,True,True
16,3.0,RTOLCAP,24,0,0.2710396028645833,0.11013779600694446,0.6307870707070706,True,True,True
16,3.0,RTOLCAP,24,24,0.28210750699266973,0.13261775065104167,0.6013368464265045,True,True,True
16,3.0,RTOLCAP+RTOFFCAP,-24,-24,0.1429286615065586,0.01794005425347222,0.6104399620225693,True,True,True
16,3.0,RTOLCAP+RTOFFCAP,-24,0,0.1290883980034722,0.017256490265376984,0.5673175999933228,True,True,True
16,3.0,RTOLCAP+RTOFFCAP,-24,24,0.12611646760574494,0.01724314534505208,0.5351207280815972,True,True,True
16,3.0,RTOLCAP+RTOFFCAP,0,-24,0.1423940554470486,0.021528065104166664,0.6153432408065024,True,True,True
16,3.0,RTOLCAP+RTOFFCAP,0,0,0.1270753855613426,0.02013257197627315,0.5682187420428241,True,True,True
16,3.0,RTOLCAP+RTOFFCAP,0,24,0.12400756336805556,0.01970645182291666,0.533475869057158,True,True,True
16,3.0,RTOLCAP+RTOFFCAP,24,-24,0.14392966920882933,0.02691008138020833,0.6191703656684028,True,True,True
16,3.0,RTOLCAP+RTOFFCAP,24,0,0.1265042138671875,0.02415908637152778,0.5674139011205808,True,True,True
16,3.0,RTOLCAP+RTOFFCAP,24,24,0.12315898606288576,0.022990860460069446,0.5298428587962962,True,True,True
17,0.0,PRC,-24,-24,0.5582618212145969,0.2750023042619825,0.7598334632012526,True,True,True
17,0.0,PRC,-24,0,0.5600097007761438,0.293918323120915,0.7468679363059325,True,True,True
17,0.0,PRC,-24,24,0.5654110182709448,0.3129235569852941,0.7395044257703081,True,True,True
17,0.0,PRC,0,-24,0.548401828788807,0.297404362745098,0.7597399974004753,True,True,True
17,0.0,PRC,0,0,0.5514394719045025,0.31573937499999993,0.7457017987472767,True,True,True
17,0.0,PRC,0,24,0.5582379440359477,0.33434234914799255,0.7378615672134238,True,True,True
17,0.0,PRC,24,-24,0.5362499909547151,0.31956088388480386,0.7593923339460784,True,True,True
17,0.0,PRC,24,0,0.541186319189134,0.33713159436274504,0.7441095411838976,True,True,True
17,0.0,PRC,24,24,0.5498794163035585,0.35526969430827887,0.7357486451525054,True,True,True
17,0.0,RTOLCAP,-24,-24,0.23290634508896152,0.03872309878812636,0.5480171190767973,True,True,True
17,0.0,RTOLCAP,-24,0,0.2169177469362745,0.04767860994397759,0.5119060407239818,True,True,True
17,0.0,RTOLCAP,-24,24,0.21959212771093287,0.05774558746936274,0.48841255441760034,True,True,True
17,0.0,RTOLCAP,0,-24,0.21776954273897062,0.04594163398692809,0.5448752928178847,True,True,True
17,0.0,RTOLCAP,0,0,0.20168630060820622,0.05518664113562091,0.5060167767905773,True,True,True
17,0.0,RTOLCAP,0,24,0.20615126409313725,0.06561918242296919,0.4811691195324283,True,True,True
17,0.0,RTOLCAP,24,-24,0.199494377334267,0.04900575929330066,0.5383605049019606,True,True,True
17,0.0,RTOLCAP,24,0,0.1836851256127451,0.05948694281045751,0.4965616499554366,True,True,True
17,0.0,RTOLCAP,24,24,0.19064632670660855,0.0709415240332244,0.4704312818287037,True,True,True
17,0.0,RTOLCAP+RTOFFCAP,-24,-24,0.0835841253631082,0.008704195261437907,0.47131803274782136,True,True,True
17,0.0,RTOLCAP+RTOFFCAP,-24,0,0.07522571282679738,0.0075998590686274506,0.4364777520110608,True,True,True
17,0.0,RTOLCAP+RTOFFCAP,-24,24,0.07199719474153297,0.006869305810866014,0.40908223856209147,True,True,True
17,0.0,RTOLCAP+RTOFFCAP,0,-24,0.0859914861621732,0.010445034313725489,0.4772450072415329,True,True,True
17,0.0,RTOLCAP+RTOFFCAP,0,0,0.0764368765885984,0.008866502246732025,0.4390074552355664,True,True,True
17,0.0,RTOLCAP+RTOFFCAP,0,24,0.07276439031862744,0.007850635212418302,0.4093100020424837,True,True,True
17,0.0,RTOLCAP+RTOFFCAP,24,-24,0.08916497840802987,0.013056292892156863,0.4824215557598039,True,True,True
17,0.0,RTOLCAP+RTOFFCAP,24,0,0.07801935610702615,0.010639802696078431,0.44023726734254304,True,True,True
17,0.0,RTOLCAP+RTOFFCAP,24,24,0.07376298474945535,0.009159074414488018,0.407962542041122,True,True,True
17,3.0,PRC,-24,-24,0.734732409449891,0.4508869679330065,0.9254289816516884,True,True,True
17,3.0,PRC,-24,0,0.7364802890114378,0.46988669030112035,0.9132999985859729,True,True,True
17,3.0,PRC,-24,24,0.7418816065062387,0.4889547017973856,0.9066535256185806,True,True,True
17,3.0,PRC,0,-24,0.7248724170241012,0.47317184150326796,0.9243468731431966,True,True,True
17,3.0,PRC,0,0,0.7279100601397966,0.4916240386710239,0.9112973171977125,True,True,True
17,3.0,PRC,0,24,0.7347085322712417,0.5103107163281979,0.9042936294934641,True,True,True
17,3.0,PRC,24,-24,0.7127205791900093,0.49532993566176475,0.9228128384395425,True,True,True
17,3.0,PRC,24,0,0.717656907424428,0.5130409534313725,0.9087164169266192,True,True,True
17,3.0,PRC,24,24,0.7263500045388525,0.5312725915713508,0.9013441636029411,True,True,True
17,3.0,RTOLCAP,-24,-24,0.3571318976942629,0.08919691312636166,0.7092437843818082,True,True,True
17,3.0,RTOLCAP,-24,0,0.3423966742238562,0.10659176937441643,0.6650671142848164,True,True,True
17,3.0,RTOLCAP,-24,24,0.3482537470291146,0.12927973090277778,0.6392701348039216,True,True,True
17,3.0,RTOLCAP,0,-24,0.33547400097017965,0.10363096160130719,0.7047161469474154,True,True,True
17,3.0,RTOLCAP,0,0,0.32150796341684823,0.12151928581154685,0.657235390795207,True,True,True
17,3.0,RTOLCAP,0,24,0.3300396145833333,0.14531588235294116,0.6300564685457516,True,True,True
17,3.0,RTOLCAP,24,-24,0.30880442868814195,0.10964503829656863,0.696538385620915,True,True,True
17,3.0,RTOLCAP,24,0,0.29642633297589865,0.12990821200980393,0.6454846299390969,True,True,True
17,3.0,RTOLCAP,24,24,0.3086927932098765,0.1562727536083878,0.6170200275735294,True,True,True
17,3.0,RTOLCAP+RTOFFCAP,-24,-24,0.16438636301742918,0.021879417551742924,0.6294594083605664,True,True,True
17,3.0,RTOLCAP+RTOFFCAP,-24,0,0.1488780198120915,0.022656772875816997,0.5857734767785319,True,True,True
17,3.0,RTOLCAP+RTOFFCAP,-24,24,0.14659201481729053,0.023663331290849677,0.5541376324696544,True,True,True
17,3.0,RTOLCAP+RTOFFCAP,0,-24,0.16220078456903594,0.0262553010620915,0.6337200907976825,True,True,True
17,3.0,RTOLCAP+RTOFFCAP,0,0,0.14521213416848222,0.026432901688453154,0.5860386080473855,True,True,True
17,3.0,RTOLCAP+RTOFFCAP,0,24,0.14306411723856208,0.027043807189542482,0.5519488425402211,True,True,True
17,3.0,RTOLCAP+RTOFFCAP,24,-24,0.1616187205298786,0.0325966779003268,0.6368970888480391,True,True,True
17,3.0,RTOLCAP+RTOFFCAP,24,0,0.14257924683415035,0.03154152328431373,0.5845921078431372,True,True,True
17,3.0,RTOLCAP+RTOFFCAP,24,24,0.14048510439360928,0.031402809436274506,0.5477820702273964,True,True,True
18,0.0,PRC,-24,-24,0.5828028311471193,0.3147265808256173,0.7731760485789608,True,True,True
18,0.0,PRC,-24,0,0.5844536062885802,0.33267076306216925,0.7609308287333807,True,True,True
18,0.0,PRC,-24,24,0.5895548505892255,0.35067944058641976,0.753976402116402,True,True,True
18,0.0,PRC,0,-24,0.5734906160783179,0.3357734058641975,0.773087775322671,True,True,True
18,0.0,PRC,0,0,0.5763595012431413,0.3532004809670781,0.7598294765946502,True,True,True
18,0.0,PRC,0,24,0.582780280478395,0.3708490098655203,0.7524248134793446,True,True,True
18,0.0,PRC,24,-24,0.5620138803461199,0.35670049479166666,0.7727594265046297,True,True,True
18,0.0,PRC,24,0,0.566675968123071,0.3734275671296296,0.7583256777847922,True,True,True
18,0.0,PRC,24,24,0.5748861153978052,0.3906463364840535,0.7504292759773662,True,True,True
18,0.0,RTOLCAP,-24,-24,0.2569327364111797,0.04974425958076132,0.569610246270576,True,True,True
18,0.0,RTOLCAP,-24,0,0.24160130401234567,0.061193861331569656,0.5326292073243114,True,True,True
18,0.0,RTOLCAP,-24,24,0.24500248404180697,0.07446715760030864,0.5094880003031305,True,True,True
18,0.0,RTOLCAP,0,-24,0.24032213252314816,0.05859527276234569,0.5663232356551627,True,True,True
18,0.0,RTOLCAP,0,0,0.22513283028978048,0.07047797260802469,0.5265343610146604,True,True,True
18,0.0,RTOLCAP,0,24,0.2305209756944444,0.08432115244708994,0.5020818954772078,True,True,True
18,0.0,RTOLCAP,24,-24,0.2200765870260141,0.062018071952160504,0.5597867040895061,True,True,True
18,0.0,RTOLCAP,24,0,0.20551931520061725,0.07559275192901234,0.5169748891694724,True,True,True
18,0.0,RTOLCAP,24,24,0.21368542288237308,0.0908906651877572,0.4912813408243312,True,True,True
18,0.0,RTOLCAP+RTOFFCAP,-24,-24,0.10131289887688613,0.011884808384773661,0.4956930615033436,True,True,True
18,0.0,RTOLCAP+RTOFFCAP,-24,0,0.09127909915123457,0.010875595513668429,0.45992271130104456,True,True,True
18,0.0,RTOLCAP+RTOFFCAP,-24,24,0.0884250191147587,0.010260351321373455,0.4324735362929894,True,True,True
18,0.0,RTOLCAP+RTOFFCAP,0,-24,0.10236217447916665,0.014261770061728393,0.5008365603956229,True,True,True
18,0.0,RTOLCAP+RTOFFCAP,0,0,0.09109692193930041,0.0126881947659465,0.4616567227687757,True,True,True
18,0.0,RTOLCAP+RTOFFCAP,0,24,0.08797565162037037,0.01172611579585538,0.4319626872625831,True,True,True
18,0.0,RTOLCAP+RTOFFCAP,24,-24,0.10497571511243384,0.01782721257716049,0.5051804837962963,True,True,True
18,0.0,RTOLCAP+RTOFFCAP,24,0,0.09197561342592592,0.015225833719135799,0.4620439406214927,True,True,True
18,0.0,RTOLCAP+RTOFFCAP,24,24,0.08840990290637861,0.013680468428497941,0.4298431340020576,True,True,True
18,3.0,PRC,-24,-24,0.7494694978137859,0.4813932474922839,0.9295718160043724,True,True,True
18,3.0,PRC,-24,0,0.7511202729552467,0.4993374297288359,0.9181166653311965,True,True,True
18,3.0,PRC,-24,24,0.7562215172558922,0.5173461072530864,0.9118394408619929,True,True,True
18,3.0,PRC,0,-24,0.7401572827449845,0.5024400725308642,0.9285498246352413,True,True,True
18,3.0,PRC,0,0,0.7430261679098079,0.5198671476337448,0.9162252440200618,True,True,True
18,3.0,PRC,0,24,0.7494469471450615,0.5375156765321869,0.9096106500771606,True,True,True
18,3.0,PRC,24,-24,0.7286805470127866,0.5233671614583334,0.9271010140817901,True,True,True
18,3.0,PRC,24,0,0.7333426347897376,0.5400942337962963,0.9137877270973623,True,True,True
18,3.0,PRC,24,24,0.741552782064472,0.5573130031507201,0.9068250434027777,True,True,True
18,3.0,RTOLCAP,-24,-24,0.38035855859910833,0.10616828253600824,0.7224079489776234,True,True,True
18,3.0,RTOLCAP,-24,0,0.3676861043595679,0.12475760251322751,0.6783978625059354,True,True,True
18,3.0,RTOLCAP,-24,24,0.3742399740460157,0.15011809654706787,0.6535860204475308,True,True,True
18,3.0,RTOLCAP,0,-24,0.3583428491512346,0.12279177314814814,0.7178601234567902,True,True,True
18,3.0,RTOLCAP,0,0,0.34670853437928667,0.14170873135288067,0.6705615152391975,True,True,True
18,3.0,RTOLCAP,0,24,0.3560155480324074,0.16827056327160492,0.6444438658891263,True,True,True
18,3.0,RTOLCAP,24,-24,0.3311478822200177,0.13038408516589503,0.7098106140046295,True,True,True
18,3.0,RTOLCAP,24,0,0.3214586489679784,0.1515659726080247,0.6589439058992704,True,True,True
18,3.0,RTOLCAP,24,24,0.33460531807270233,0.180911902970679,0.6316179198816873,True,True,True
18,3.0,RTOLCAP+RTOFFCAP,-24,-24,0.18565049618484225,0.026577995113168724,0.646508387184928,True,True,True
18,3.0,RTOLCAP+RTOFFCAP,-24,0,0.16880343479938267,0.029733610284391535,0.6023414694622506,True,True,True
18,3.0,RTOLCAP+RTOFFCAP,-24,24,0.167368956404321,0.03195074339313272,0.5713413686342593,True,True,True
18,3.0,RTOLCAP+RTOFFCAP,0,-24,0.1820167170621142,0.03189359413580247,0.6502108550785634,True,True,True
18,3.0,RTOLCAP+RTOFFCAP,0,0,0.16370151320301785,0.03468921199845679,0.60205482188786,True,True,True
18,3.0,RTOLCAP+RTOFFCAP,0,24,0.1626337791280864,0.03651513530643739,0.5686921477326685,True,True,True
18,3.0,RTOLCAP+RTOFFCAP,24,-24,0.1791062563381834,0.0386876847029321,0.6528255412808642,True,True,True
18,3.0,RTOLCAP+RTOFFCAP,24,0,0.15886545958719137,0.04068360802469136,0.6000539881453423,True,True,True
18,3.0,RTOLCAP+RTOFFCAP,24,24,0.1582164276834705,0.04181478587962963,0.5640778272890945,True,True,True
19,0.0,PRC,-24,-24,0.6047605768762183,0.3507936028874269,0.7851141512853312,True,True,True
19,0.0,PRC,-24,0,0.6063244691154971,0.36779335447994976,0.7735134166947817,True,True,True
19,0.0,PRC,-24,24,0.6111572268740031,0.384854206871345,0.7669250125313282,True,True,True
19,0.0,PRC,0,-24,0.5959384783899853,0.37073270029239763,0.7850305239898989,True,True,True
19,0.0,PRC,0,0,0.5986563695987654,0.38724256091617926,0.7724700304580895,True,True,True
19,0.0,PRC,0,24,0.6047392130847953,0.4039622198725981,0.765455086454116,True,True,True
19,0.0,PRC,24,-24,0.5850657813805347,0.39055836348684214,0.7847194566885966,True,True,True
19,0.0,PRC,24,0,0.5894824961165935,0.4064050635964912,0.7710453789540137,True,True,True
19,0.0,PRC,24,24,0.597260530376868,0.4227175819322612,0.7635645772417153,True,True,True
19,0.0,RTOLCAP,-24,-24,0.28055023148148145,0.06225506913986354,0.5890572312073586,True,True,True
19,0.0,RTOLCAP,-24,0,0.2662448552631579,0.07560739818295739,0.551516535931174,True,True,True
19,0.0,RTOLCAP,-24,24,0.2704159537812334,0.0919477917123538,0.5288072723475354,True,True,True
19,0.0,RTOLCAP,0,-24,0.26287745636878657,0.07279073209064327,0.5856518477538543,True,True,True
19,0.0,RTOLCAP,0,0,0.2489462355831709,0.08661250548245614,0.545266543159113,True,True,True
19,0.0,RTOLCAP,0,24,0.2552643059210526,0.10371508275898077,0.5212911818207376,True,True,True
19,0.0,RTOLCAP,24,-24,0.24120779135338347,0.07700417900219299,0.5791096960891812,True,True,True
19,0.0,RTOLCAP,24,0,0.22824387609649122,0.09274761769005849,0.5356477412280701,True,True,True
19,0.0,RTOLCAP,24,24,0.23756421641487976,0.1116781058114035,0.5104759999390838,True,True,True
19,0.0,RTOLCAP+RTOFFCAP,-24,-24,0.12036097811078621,0.015107414108187132,0.5181410294834308,True,True,True
19,0.0,RTOLCAP+RTOFFCAP,-24,0,0.10870601937134501,0.014531781276106933,0.4815131287955465,True,True,True
19,0.0,RTOLCAP+RTOFFCAP,-24,24,0.10620334114167995,0.014520543448464908,0.4541305455043859,True,True,True
19,0.0,RTOLCAP+RTOFFCAP,0,-24,0.11991078353435672,0.01812889692982456,0.5226415904106858,True,True,True
19,0.0,RTOLCAP+RTOFFCAP,0,0,0.10701085099902534,0.016953744822124757,0.48258631792153994,True,True,True
19,0.0,RTOLCAP+RTOFFCAP,0,24,0.10442742178362573,0.016594906798245608,0.4530148290598291,True,True,True
19,0.0,RTOLCAP+RTOFFCAP,24,-24,0.12120393196532997,0.0226611211622807,0.5263102132675438,True,True,True
19,0.0,RTOLCAP+RTOFFCAP,24,0,0.1065298643092105,0.02034449378654971,0.48228004120148854,True,True,True
19,0.0,RTOLCAP+RTOFFCAP,24,24,0.1037128303687459,0.019360724597953217,0.45026978466130607,True,True,True
19,3.0,PRC,-24,-24,0.7626553137183235,0.5086883397295321,0.933278562530458,True,True,True
19,3.0,PRC,-24,0,0.7642192059576022,0.5256880913220551,0.9224263145242915,True,True,True
19,3.0,PRC,-24,24,0.7690519637161083,0.5427489437134503,0.916479470290309,True,True,True
19,3.0,PRC,0,-24,0.7538332152320907,0.5286274371345029,0.9323103601807549,True,True,True
19,3.0,PRC,0,0,0.7565511064408706,0.5451372977582846,0.9206344417032164,True,True,True
19,3.0,PRC,0,24,0.7626339499269005,0.5618569567147034,0.9143679842836258,True,True,True
19,3.0,PRC,24,-24,0.7429605182226399,0.5484531003289475,0.9309378028143275,True,True,True
19,3.0,PRC,24,0,0.7473772329586987,0.5642998004385965,0.9183252151448696,True,True,True
19,3.0,PRC,24,24,0.7551552672189734,0.5806123187743664,0.911728988486842,True,True,True
19,3.0,RTOLCAP,-24,-24,0.4029619649528915,0.12448189784356724,0.7346275965521442,True,True,True
19,3.0,RTOLCAP,-24,0,0.3919574120979532,0.14386975224519633,0.6909506923358074,True,True,True
19,3.0,RTOLCAP,-24,24,0.39898528409090905,0.17126463838633038,0.6672157474415203,True,True,True
19,3.0,RTOLCAP,0,-24,0.3808538144188596,0.14341111038011695,0.7301018156897926,True,True,True
19,3.0,RTOLCAP,0,0,0.37108299463937616,0.16287540509259257,0.6831623178606238,True,True,True
19,3.0,RTOLCAP,0,24,0.38090109557748536,0.19146875313283207,0.6582007137033288,True,True,True
19,3.0,RTOLCAP,24,-24,0.3534815238617376,0.15302799707602338,0.7222151871345028,True,True,True
19,3.0,RTOLCAP,24,0,0.345910887929459,0.17446177339181287,0.6717254284622541,True,True,True
19,3.0,RTOLCAP,24,24,0.3596167897173489,0.2058896180555555,0.6456367647417153,True,True,True
19,3.0,RTOLCAP+RTOFFCAP,-24,-24,0.2064537083739441,0.03264846704434698,0.6619389088389376,True,True,True
19,3.0,RTOLCAP+RTOFFCAP,-24,0,0.18862797386695904,0.038307475459482036,0.617355546839856,True,True,True
19,3.0,RTOLCAP+RTOFFCAP,-24,24,0.18808835509702287,0.04213509343019005,0.5870528768535923,True,True,True
19,3.0,RTOLCAP+RTOFFCAP,0,-24,0.201557970120614,0.03917816045321637,0.665157937267411,True,True,True
19,3.0,RTOLCAP+RTOFFCAP,0,0,0.1822955693632229,0.04469205470272904,0.6165910427326998,True,True,True
19,3.0,RTOLCAP+RTOFFCAP,0,24,0.18233522916666667,0.04815439249164577,0.5840162061403509,True,True,True
19,3.0,RTOLCAP+RTOFFCAP,24,-24,0.19641504177109437,0.046145729623538016,0.667288721125731,True,True,True
19,3.0,RTOLCAP+RTOFFCAP,24,0,0.1753877069627193,0.05136888888888889,0.6141129467371079,True,True,True
19,3.0,RTOLCAP+RTOFFCAP,24,24,0.17619931367771283,0.05429547727826511,0.5790300484283625,True,True,True
20,0.0,PRC,-24,-24,0.6245225480324074,0.38325392274305553,0.7958584437210646,True,True,True
20,0.0,PRC,-24,0,0.6260082456597221,0.3994036867559523,0.7848377458600426,True,True,True
20,0.0,PRC,-24,24,0.6305993655303029,0.41561149652777774,0.7785787619047618,True,True,True
20,0.0,PRC,0,-24,0.616141554470486,0.4021960652777778,0.7957789977904038,True,True,True
20,0.0,PRC,0,0,0.6187235511188272,0.4178804328703703,0.783846528935185,True,True,True
20,0.0,PRC,0,24,0.6245022524305555,0.4337641088789682,0.7771823321314102,True,True,True
20,0.0,PRC,24,-24,0.6058124923115079,0.42103044531250006,0.7954834838541667,True,True,True
20,0.0,PRC,24,0,0.6100083713107638,0.43608481041666664,0.782493110006313,True,True,True
20,0.0,PRC,24,24,0.6173975038580246,0.45158170283564814,0.7753863483796296,True,True,True
20,0.0,RTOLCAP,-24,-24,0.3035621130401235,0.07581737615740741,0.6067399395254629,True,True,True
20,0.0,RTOLCAP,-24,0,0.29103717309027777,0.09060300396825396,0.5688910989583332,True,True,True
20,0.0,RTOLCAP,-24,24,0.29601568497474745,0.1098877712673611,0.5467076626984126,True,True,True
20,0.0,RTOLCAP,0,-24,0.2851529008246527,0.08808631736111111,0.6032444225063132,True,True,True
20,0.0,RTOLCAP,0,0,0.273281768904321,0.10329139293981482,0.5625328049768519,True,True,True
20,0.0,RTOLCAP,0,24,0.2805336723958333,0.12351849999999999,0.5391320500801282,True,True,True
20,0.0,RTOLCAP,24,-24,0.26248376438492066,0.09319828255208334,0.5967168951388888,True,True,True
20,0.0,RTOLCAP,24,0,0.2519623830295139,0.11042198020833334,0.5528976330492424,True,True,True
20,0.0,RTOLCAP,24,24,0.262388874228395,0.13283184056712963,0.5283497462384259,True,True,True
20,0.0,RTOLCAP+RTOFFCAP,-24,-24,0.1397284085648148,0.018597504918981485,0.5389225054976852,True,True,True
20,0.0,RTOLCAP+RTOFFCAP,-24,0,0.12654631684027778,0.019258256944444448,0.5014908476228632,True,True,True
20,0.0,RTOLCAP+RTOFFCAP,-24,24,0.12460321259469695,0.020113831597222225,0.4743444233630952,True,True,True
20,0.0,RTOLCAP+RTOFFCAP,0,-24,0.13787066688368055,0.022317005902777777,0.5428969954229796,True,True,True
20,0.0,RTOLCAP+RTOFFCAP,0,0,0.12343031404320988,0.022467966435185182,0.5020148252314814,True,True,True
20,0.0,RTOLCAP+RTOFFCAP,0,24,0.12160449965277777,0.022987236111111108,0.4727399085202992,True,True,True
20,0.0,RTOLCAP+RTOFFCAP,24,-24,0.13737591245039682,0.027707176215277775,0.5460209355902778,True,True,True
20,0.0,RTOLCAP+RTOFFCAP,24,0,0.1211923598090278,0.026810294791666665,0.5011382099116162,True,True,True
20,0.0,RTOLCAP+RTOFFCAP,24,24,0.11941233873456789,0.02669238802083333,0.4694967680844907,True,True,True
20,3.0,PRC,-24,-24,0.7745225480324074,0.5332539227430555,0.9366146344039351,True,True,True
20,3.0,PRC,-24,0,0.7760082456597222,0.5494036867559523,0.9263049987980769,True,True,True
20,3.0,PRC,-24,24,0.780599365530303,0.5656114965277778,0.9206554967757935,True,True,True
20,3.0,PRC,0,-24,0.766141554470486,0.5521960652777778,0.9356948421717172,True,True,True
20,3.0,PRC,0,0,0.7687235511188272,0.5678804328703703,0.9246027196180555,True,True,True
20,3.0,PRC,0,24,0.7745022524305555,0.5837641088789682,0.9186495850694445,True,True,True
20,3.0,PRC,24,-24,0.7558124923115078,0.5710304453125,0.9343909126736111,True,True,True
20,3.0,PRC,24,0,0.7600083713107638,0.5860848104166667,0.9224089543876262,True,True,True
20,3.0,PRC,24,24,0.7673975038580247,0.601581702835648,0.9161425390624999,True,True,True
20,3.0,RTOLCAP,-24,-24,0.4250660972222222,0.14282474131944445,0.7461053653067128,True,True,True
20,3.0,RTOLCAP,-24,0,0.4153865489583333,0.16277735863095236,0.7029921296741453,True,True,True
20,3.0,RTOLCAP,-24,24,0.4226969357638889,0.19178986371527781,0.6805837101934523,True,True,True
20,3.0,RTOLCAP,0,-24,0.4030948830295139,0.1639489888888889,0.7416430688131314,True,True,True
20,3.0,RTOLCAP,0,0,0.3947810754243828,0.18370633449074072,0.695308921585648,True,True,True
20,3.0,RTOLCAP,0,24,0.40488304826388893,0.21387362946428565,0.6717677935363248,True,True,True
20,3.0,RTOLCAP,24,-24,0.37584602976190473,0.17567861979166663,0.7339554060763889,True,True,True
20,3.0,RTOLCAP,24,0,0.36989910286458333,0.19704150833333334,0.6841079420770202,True,True,True
20,3.0,RTOLCAP,24,24,0.38388818074845676,0.2300141568287037,0.6595384683159722,True,True,True
20,3.0,RTOLCAP+RTOFFCAP,-24,-24,0.22684101138117285,0.04070130121527778,0.6759590228587962,True,True,True
20,3.0,RTOLCAP+RTOFFCAP,-24,0,0.20840557968749998,0.04871439409722221,0.6311568293269231,True,True,True
20,3.0,RTOLCAP+RTOFFCAP,-24,24,0.2086811351010101,0.055001684244791675,0.601597646453373,True,True,True
20,3.0,RTOLCAP+RTOFFCAP,0,-24,0.22065675368923612,0.04883453125,0.6787550143623737,True,True,True
20,3.0,RTOLCAP+RTOFFCAP,0,0,0.20086008043981482,0.05682760127314815,0.6299863054108796,True,True,True
20,3.0,RTOLCAP+RTOFFCAP,0,24,0.20191774131944445,0.06285404613095238,0.5982433795405983,True,True,True
20,3.0,RTOLCAP+RTOFFCAP,24,-24,0.2133757901785714,0.055911007378472224,0.680464756423611,True,True,True
20,3.0,RTOLCAP+RTOFFCAP,24,0,0.19201465321180552,0.06408739618055555,0.6271070973800504,True,True,True
20,3.0,RTOLCAP+RTOFFCAP,24,24,0.19417265721450616,0.06990828269675925,0.5929588616898147,True,True,True
21,0.0,PRC,-24,-24,0.6424024266975308,0.4126227835648148,0.8055794702105378,True,True,True
21,0.0,PRC,-24,0,0.6438173768187829,0.42800351119614505,0.7950835674857548,True,True,True
21,0.0,PRC,-24,24,0.6481898719336219,0.44343952050264546,0.7891226303854875,True,True,True
21,0.0,PRC,0,-24,0.6344205280671296,0.4306629193121693,0.8055038074194323,True,True,True
21,0.0,PRC,0,0,0.6368795724941211,0.4456004122574955,0.7941395513668429,True,True,True
21,0.0,PRC,0,24,0.6423830975529099,0.4607277227418745,0.7877926972680097,True,True,True
21,0.0,PRC,24,-24,0.6245833260109599,0.4486004241071429,0.8052223655753968,True,True,True
21,0.0,PRC,24,0,0.6285794012483464,0.46293791468253964,0.7928505809583933,True,True,True
21,0.0,PRC,24,24,0.6356166703409759,0.4776968598434744,0.7860822365520281,True,True,True
21,0.0,RTOLCAP,-24,-24,0.32602162165637855,0.0910013850308642,0.6229046446483685,True,True,True
21,0.0,RTOLCAP,-24,0,0.31515951802248676,0.10693508786848073,0.5848972648300773,True,True,True
21,0.0,RTOLCAP,-24,24,0.3207771206108706,0.12867265418320104,0.5633861585884353,True,True,True
21,0.0,RTOLCAP,0,-24,0.30715101355820107,0.10525009126984126,0.6193426749639249,True,True,True
21,0.0,RTOLCAP,0,0,0.29717874375367426,0.12146462687389772,0.5784648443011463,True,True,True
21,0.0,RTOLCAP,0,24,0.3051561840277778,0.14423191137566135,0.5557938391585266,True,True,True
21,0.0,RTOLCAP,24,-24,0.2838410419028723,0.1117577872850529,0.6128464952050264,True,True,True
21,0.0,RTOLCAP,24,0,0.27553598482969577,0.1299136908068783,0.5688430599146225,True,True,True
21,0.0,RTOLCAP,24,24,0.28680455834803054,0.15506734540343914,0.5450846197089947,True,True,True
21,0.0,RTOLCAP+RTOFFCAP,-24,-24,0.15912899672986477,0.022781138668430335,0.5578471970072751,True,True,True
21,0.0,RTOLCAP+RTOFFCAP,-24,0,0.14468865839947087,0.0254859516723356,0.5197054427401303,True,True,True
21,0.0,RTOLCAP+RTOFFCAP,-24,24,0.143459105489418,0.02738635147982804,0.49289015955687826,True,True,True
21,0.0,RTOLCAP+RTOFFCAP,0,-24,0.1560143289103836,0.0273373664021164,0.5613568455387206,True,True,True
21,0.0,RTOLCAP+RTOFFCAP,0,0,0.14031558274544387,0.029733610284391535,0.5197441410383598,True,True,True
21,0.0,RTOLCAP+RTOFFCAP,0,24,0.13940038210978836,0.031298687405517764,0.49086316697191695,True,True,True
21,0.0,RTOLCAP+RTOFFCAP,24,-24,0.1535196482898715,0.03316087260251323,0.5640013306878308,True,True,True
21,0.0,RTOLCAP+RTOFFCAP,24,0,0.1361703939318783,0.034871664021164026,0.5183652453102454,True,True,True
21,0.0,RTOLCAP+RTOFFCAP,24,24,0.13561408087154614,0.03584124503968254,0.4871924313822751,True,True,True
21,3.0,PRC,-24,-24,0.7852595695546737,0.5554799264219576,0.9396329851466049,True,True,True
21,3.0,PRC,-24,0,0.7866745196759258,0.5708606540532879,0.929814284569597,True,True,True
21,3.0,PRC,-24,24,0.7910470147907647,0.5862966633597884,0.9244338064531367,True,True,True
21,3.0,PRC,0,-24,0.7772776709242724,0.5735200621693122,0.9387569925444925,True,True,True
21,3.0,PRC,0,0,0.779736715351264,0.5884575551146384,0.9281930663029101,True,True,True
21,3.0,PRC,0,24,0.7852402404100528,0.6035848655990174,0.9225234143518519,True,True,True
21,3.0,PRC,24,-24,0.7674404688681028,0.5914575669642858,0.9375151549272487,True,True,True
21,3.0,PRC,24,0,0.7714365441054893,0.6057950575396827,0.9261037660834535,True,True,True
21,3.0,PRC,24,24,0.7784738131981188,0.6205540027006172,0.9201357514880951,True,True,True
21,3.0,RTOLCAP,-24,-24,0.44654518169459134,0.16107964588844795,0.7569879821152996,True,True,True
21,3.0,RTOLCAP,-24,0,0.43791643634259253,0.18140654927248676,0.7147652655677655,True,True,True
21,3.0,RTOLCAP,-24,24,0.445361332070707,0.21169232576884922,0.6935932062547241,True,True,True
21,3.0,RTOLCAP,0,-24,0.42488287574404765,0.18433587235449733,0.7526283937590188,True,True,True
21,3.0,RTOLCAP,0,0,0.4177023037918871,0.20417455522486772,0.7072504165288801,True,True,True
21,3.0,RTOLCAP,0,24,0.42791310234788354,0.2355342989417989,0.685027802579365,True,True,True
21,3.0,RTOLCAP,24,-24,0.3979835782785336,0.1982587347056878,0.7451750715939153,True,True,True
21,3.0,RTOLCAP,24,0,0.3932678470155423,0.21928058167989417,0.6963493984487734,True,True,True
21,3.0,RTOLCAP,24,24,0.4073281183862434,0.2533492782738095,0.6731833181768077,True,True,True
21,3.0,RTOLCAP+RTOFFCAP,-24,-24,0.24662345274838332,0.04999849206349206,0.6887872350363756,True,True,True
21,3.0,RTOLCAP+RTOFFCAP,-24,0,0.2281271091269841,0.0601890589569161,0.64398824506512,True,True,True
21,3.0,RTOLCAP+RTOFFCAP,-24,24,0.22919163870851367,0.06927329923115079,0.6152292683531745,True,True,True
21,3.0,RTOLCAP+RTOFFCAP,0,-24,0.2390232764963624,0.05972600628306878,0.6912135104016354,True,True,True
21,3.0,RTOLCAP+RTOFFCAP,0,0,0.21931624761169896,0.06999374862213403,0.6424790816523368,True,True,True
21,3.0,RTOLCAP+RTOFFCAP,0,24,0.22136831630291,0.0789750675547997,0.6116239654558404,True,True,True
21,3.0,RTOLCAP+RTOFFCAP,24,-24,0.22961465537603926,0.06719196428571429,0.6925579477513227,True,True,True
21,3.0,RTOLCAP+RTOFFCAP,24,0,0.2086203255208333,0.07802006349206347,0.6392708948112074,True,True,True
21,3.0,RTOLCAP+RTOFFCAP,24,24,0.21208883763227512,0.08716054976851852,0.606111867835097,True,True,True
22,0.0,PRC,-24,-24,0.658656861847643,0.43932174794823226,0.8144167670191498,True,True,True
22,0.0,PRC,-24,0,0.6600074960542929,0.45400335159632027,0.804397950781857,True,True,True
22,0.0,PRC,-24,24,0.6641812413911845,0.4687377241161616,0.7987079653679653,True,True,True
22,0.0,PRC,0,-24,0.651037776791351,0.4565418775252525,0.8143445434458217,True,True,True
22,0.0,PRC,0,0,0.6533850464716611,0.4708003935185185,0.8034968444865319,True,True,True
22,0.0,PRC,0,24,0.6586384113005049,0.4852400989808802,0.7974384837558274,True,True,True
22,0.0,PRC,24,-24,0.6416477202831891,0.47366404119318184,0.8140758944128789,True,True,True
22,0.0,PRC,24,0,0.645462155737058,0.4873498276515152,0.8022664636421027,True,True,True
22,0.0,PRC,24,24,0.6521795489618406,0.5014379116687709,0.7958057712542088,True,True,True
22,0.0,RTOLCAP,-24,-24,0.348012606095679,0.10750709359217171,0.6379808541140572,True,True,True
22,0.0,RTOLCAP,-24,0,0.33850867408459595,0.1242511496663059,0.5999883723047785,True,True,True
22,0.0,RTOLCAP,-24,24,0.3445781998966942,0.14791036951546715,0.5792572801677488,True,True,True
22,0.0,RTOLCAP,0,-24,0.3289192033617424,0.12385504987373737,0.6343931113693754,True,True,True
22,0.0,RTOLCAP,0,0,0.3204807680976431,0.1406651225799663,0.5935335679713805,True,True,True
22,0.0,RTOLCAP,0,24,0.32896003708964644,0.1653593777056277,0.571704299849456,True,True,True
22,0.0,RTOLCAP,24,-24,0.30527949788059155,0.1321605429292929,0.6279669955808082,True,True,True
22,0.0,RTOLCAP,24,0,0.2987412213936237,0.15067153156565657,0.5839771405819559,True,True,True
22,0.0,RTOLCAP,24,24,0.31057813657407407,0.17781376104797975,0.5611251357323233,True,True,True
22,0.0,RTOLCAP+RTOFFCAP,-24,-24,0.17830092995931537,0.028196403356481478,0.5752036107165404,True,True,True
22,0.0,RTOLCAP+RTOFFCAP,-24,0,0.16290597743055552,0.033083728805916306,0.536428328962704,True,True,True
22,0.0,RTOLCAP+RTOFFCAP,-24,24,0.16243994303833792,0.03638939887152777,0.5100251534316377,True,True,True
22,0.0,RTOLCAP+RTOFFCAP,0,-24,0.1740727923768939,0.03383568402777778,0.5783045078627181,True,True,True
22,0.0,RTOLCAP+RTOFFCAP,0,0,0.1574370826318743,0.03859768360690235,0.5360395445338804,True,True,True
22,0.0,RTOLCAP+RTOFFCAP,0,24,0.15747133428030302,0.041587884424603164,0.5076352619949495,True,True,True
22,0.0,RTOLCAP+RTOFFCAP,24,-24,0.1696311724386724,0.03985313012941919,0.5805297228535353,True,True,True
22,0.0,RTOLCAP+RTOFFCAP,24,0,0.15147120146780302,0.044364040404040406,0.5342201978592745,True,True,True
22,0.0,RTOLCAP+RTOFFCAP,24,24,0.15217213453984288,0.04689154855850169,0.5036005039983165,True,True,True
22,3.0,PRC,-24,-24,0.7950204982112794,0.5756853843118687,0.9423769403672138,True,True,True
22,3.0,PRC,-24,0,0.7963711324179291,0.5903669879599568,0.9330045443618881,True,True,True
22,3.0,PRC,-24,24,0.8005448777548209,0.6051013604797979,0.9278686334325396,True,True,True
22,3.0,PRC,0,-24,0.7874014131549874,0.5929055138888889,0.9415407656106519,True,True,True
22,3.0,PRC,0,0,0.7897486828352974,0.6071640298821548,0.931457017834596,True,True,True
22,3.0,PRC,0,24,0.7950020476641412,0.6216037353445166,0.9260450773358586,True,True,True
22,3.0,PRC,24,-24,0.7780113566468253,0.6100276775568182,0.9403553751578281,True,True,True
22,3.0,PRC,24,0,0.7818257921006944,0.6237134640151516,0.9294626858069328,True,True,True
22,3.0,PRC,24,24,0.7885431853254771,0.6378015480324073,0.9237659446022727,True,True,True
22,3.0,RTOLCAP,-24,-24,0.46706933834876546,0.1795592947706229,0.7672161313657407,True,True,True
22,3.0,RTOLCAP,-24,0,0.45929609674873734,0.20015253900613275,0.7262570955953769,True,True,True
22,3.0,RTOLCAP,-24,24,0.4667816419880624,0.23136953973327018,0.7061526444128788,True,True,True
22,3.0,RTOLCAP,0,-24,0.4458125726010101,0.20477493308080805,0.7629803559745179,True,True,True
22,3.0,RTOLCAP,0,0,0.4395375003507295,0.22459777830387206,0.7189610485058923,True,True,True
22,3.0,RTOLCAP,0,24,0.4497474597537879,0.2567821735209235,0.6978713354700853,True,True,True
22,3.0,RTOLCAP,24,-24,0.4193914003878066,0.22100881392045457,0.755776601010101,True,True,True
22,3.0,RTOLCAP,24,0,0.41563459063289143,0.24154945202020198,0.7084104251320018,True,True,True
22,3.0,RTOLCAP,24,24,0.42963486882716057,0.2762726341540404,0.6864424546243687,True,True,True
22,3.0,RTOLCAP+RTOFFCAP,-24,-24,0.26618913475028055,0.06012058896254208,0.7005847715435605,True,True,True
22,3.0,RTOLCAP+RTOFFCAP,-24,0,0.24827151909722217,0.07208913577741702,0.6559136844405593,True,True,True
22,3.0,RTOLCAP+RTOFFCAP,-24,24,0.24996536314853074,0.08375953914141412,0.6280505859938672,True,True,True
22,3.0,RTOLCAP+RTOFFCAP,0,-24,0.2571165455334596,0.07144178535353533,0.7026872618227733,True,True,True
22,3.0,RTOLCAP+RTOFFCAP,0,0,0.2382161491652637,0.08351822390572389,0.6541183766045875,True,True,True
22,3.0,RTOLCAP+RTOFFCAP,0,24,0.24108491461489898,0.09522310087481962,0.6242500634955322,True,True,True
22,3.0,RTOLCAP+RTOFFCAP,24,-24,0.24578156633297255,0.0795224842171717,0.7037143885732322,True,True,True
22,3.0,RTOLCAP+RTOFFCAP,24,0,0.22593549281881314,0.0923980707070707,0.6506367749942608,True,True,True
22,3.0,RTOLCAP+RTOFFCAP,24,24,0.23048752735690237,0.10457378603745791,0.6185695692603114,True,True,True
23,0.0,PRC,-24,-24,0.6734978678542672,0.4636990632548309,0.8224856032357084,True,True,True
23,0.0,PRC,-24,0,0.6747897788345409,0.47774233630952373,0.8129023877043848,True,True,True
23,0.0,PRC,-24,24,0.6787820569828721,0.491836083937198,0.8074597929606624,True,True,True
23,0.0,PRC,0,-24,0.66621004736564,0.4801704915458937,0.8224165198177426,True,True,True
23,0.0,PRC,0,0,0.6684552618424584,0.49380907206119157,0.8120404599436392,True,True,True
23,0.0,PRC,0,24,0.6734802195048308,0.5076209642425811,0.8062455062012263,True,True,True
23,0.0,PRC,24,-24,0.6572282541839198,0.4965482133152174,0.8221595511775363,True,True,True
23,0.0,PRC,24,0,0.6608768446180555,0.5096389655797102,0.810863573918533,True,True,True
23,0.0,PRC,24,24,0.6673021772678476,0.5231145242049113,0.804683781199678,True,True,True
23,0.0,RTOLCAP,-24,-24,0.369622693236715,0.12419542723429952,0.6521635548762076,True,True,True
23,0.0,RTOLCAP,-24,0,0.36120569474637676,0.1415455292443064,0.6144140708612039,True,True,True
23,0.0,RTOLCAP,-24,24,0.36756255283816425,0.16677379453502417,0.5947058767900276,True,True,True
23,0.0,RTOLCAP,0,-24,0.35051728959088163,0.1425643381642512,0.6485902316644708,True,True,True
23,0.0,RTOLCAP,0,0,0.3432878916733763,0.15974463868760064,0.6079927342491949,True,True,True
23,0.0,RTOLCAP,0,24,0.35207221588164256,0.18597706909937883,0.587262474219621,True,True,True
23,0.0,RTOLCAP,24,-24,0.3268226345755693,0.1527640172101449,0.6422736290760869,True,True,True
23,0.0,RTOLCAP,24,0,0.32165139379528984,0.17134044202898552,0.5985596866765481,True,True,True
23,0.0,RTOLCAP,24,24,0.33381580934648414,0.2000123102858293,0.5768879922755636,True,True,True
23,0.0,RTOLCAP+RTOFFCAP,-24,-24,0.1972530533749329,0.03539243583937198,0.5911661141304347,True,True,True
23,0.0,RTOLCAP+RTOFFCAP,-24,0,0.18122224320652172,0.042360342693236706,0.5519480188591601,True,True,True
23,0.0,RTOLCAP+RTOFFCAP,-24,24,0.181461856609574,0.04782755151721015,0.5260218106237059,True,True,True
23,0.0,RTOLCAP+RTOFFCAP,0,-24,0.1918754379906401,0.04246480978260869,0.5939042892237594,True,True,True
23,0.0,RTOLCAP+RTOFFCAP,0,0,0.17466093951288245,0.049415305454911435,0.551189838088768,True,True,True
23,0.0,RTOLCAP+RTOFFCAP,0,24,0.17558064462560385,0.05465569228778468,0.5233276277406169,True,True,True
23,0.0,RTOLCAP+RTOFFCAP,24,-24,0.1855441653726708,0.04861826728562802,0.5957592752113526,True,True,True
23,0.0,RTOLCAP+RTOFFCAP,24,0,0.16696926366243958,0.05572817059178744,0.5489930570652174,True,True,True
23,0.0,RTOLCAP+RTOFFCAP,24,24,0.16884578888217927,0.060789811040660224,0.5189920609400162,True,True,True
23,3.0,PRC,-24,-24,0.8039326504629629,0.5941338458635266,0.9448822907860306,True,True,True
23,3.0,PRC,-24,0,0.8052245614432365,0.6081771189182195,0.9359173902591973,True,True,True
23,3.0,PRC,-24,24,0.8092168395915678,0.6222708665458937,0.9310047798050379,True,True,True
23,3.0,PRC,0,-24,0.7966448299743357,0.6106052741545893,0.9440824714536671,True,True,True
23,3.0,PRC,0,0,0.7988900444511541,0.6242438546698872,0.9344371474939613,True,True,True
23,3.0,PRC,0,24,0.8039150021135264,0.6380557468512766,0.9292605087560387,True,True,True
23,3.0,PRC,24,-24,0.7876630367926155,0.626982995923913,0.9429486197161834,True,True,True
23,3.0,PRC,24,0,0.7913116272267512,0.6400737481884059,0.9325295255544575,True,True,True
23,3.0,PRC,24,24,0.7977369598765433,0.6535493068136069,0.9270804687499999,True,True,True
23,3.0,RTOLCAP,-24,-24,0.48626249731615667,0.19820504805756847,0.7767222316576087,True,True,True
23,3.0,RTOLCAP,-24,0,0.4792249966787439,0.21898388026224985,0.7372127506038646,True,True,True
23,3.0,RTOLCAP,-24,24,0.48671053483201576,0.2508366995018116,0.7180499924516909,True,True,True
23,3.0,RTOLCAP,0,-24,0.4654327213541667,0.2250078194444444,0.7726147170070267,True,True,True
23,3.0,RTOLCAP,0,0,0.45992769575281794,0.2447826617854267,0.7301550720863527,True,True,True
23,3.0,RTOLCAP,0,24,0.47009151781400965,0.27750034355590064,0.7100611539622815,True,True,True
23,3.0,RTOLCAP,24,-24,0.43952101621808143,0.2435133178592995,0.765657084692029,True,True,True
23,3.0,RTOLCAP,24,0,0.4365668255585749,0.26354202898550727,0.7199699840799297,True,True,True
23,3.0,RTOLCAP,24,24,0.4504556134259259,0.29858609651771334,0.6990503301127214,True,True,True
23,3.0,RTOLCAP+RTOFFCAP,-24,-24,0.28544053391706925,0.07105416264090177,0.7116151380082528,True,True,True
23,3.0,RTOLCAP+RTOFFCAP,-24,0,0.26841540670289854,0.08443508993271222,0.6672141555183946,True,True,True
23,3.0,RTOLCAP+RTOFFCAP,-24,24,0.2708152280961792,0.0987666310009058,0.6403600943538647,True,True,True
23,3.0,RTOLCAP+RTOFFCAP,0,-24,0.2751807274682971,0.08396130132850241,0.7134455168533157,True,True,True
23,3.0,RTOLCAP+RTOFFCAP,0,0,0.2574038979468599,0.09742119338768115,0.6651919209188808,True,True,True
23,3.0,RTOLCAP+RTOFFCAP,0,24,0.26114485235507245,0.11194493982919256,0.6364277192493496,True,True,True
23,3.0,RTOLCAP+RTOFFCAP,24,-24,0.2623049879227053,0.09285409420289854,0.7142111473429952,True,True,True
23,3.0,RTOLCAP+RTOFFCAP,24,0,0.24391552215428744,0.1072274060990338,0.6615012580972771,True,True,True
23,3.0,RTOLCAP+RTOFFCAP,24,24,0.24957084658480944,0.12253740816223832,0.6306475948570853,True,True,True
24,0.0,PRC,-24,-24,0.6871021233603395,0.4860449356192129,0.8298820364342205,True,True,True
24,0.0,PRC,-24,0,0.6883402047164351,0.49950307229662694,0.8206981215500355,True,True,True
24,0.0,PRC,-24,24,0.6921661379419191,0.5130095804398148,0.8154823015873015,True,True,True
24,0.0,PRC,0,-24,0.6801179620587383,0.5018300543981481,0.8298158314920032,True,True,True
24,0.0,PRC,0,0,0.682269625932356,0.5149003607253085,0.8198721074459876,True,True,True
24,0.0,PRC,0,24,0.6870852103587962,0.5281367573991402,0.8143186101095085,True,True,True
24,0.0,PRC,24,-24,0.6715104102595899,0.5175253710937501,0.8295695698784723,True,True,True
24,0.0,PRC,24,0,0.6750069760923032,0.5300706753472223,0.8187442583385943,True,True,True
24,0.0,PRC,24,24,0.6811645865483539,0.5429847523630401,0.8128219569830247,True,True,True
24,0.0,RTOLCAP,-24,-24,0.3907270339827674,0.14094469015239197,0.6656000866849923,True,True,True
24,0.0,RTOLCAP,-24,0,0.38317688179976844,0.1587307306134259,0.628406317218661,True,True,True
24,0.0,RTOLCAP,-24,24,0.3896911655618686,0.18523078504774307,0.6096674289021163,True,True,True
24,0.0,RTOLCAP,0,-24,0.3717725162760417,0.16129388831018515,0.662079592539983,True,True,True
24,0.0,RTOLCAP,0,0,0.36548951581790123,0.17865273582175925,0.6220797167968749,True,True,True
24,0.0,RTOLCAP,0,24,0.37442396455439814,0.20609251157407402,0.6023860371038104,True,True,True
24,0.0,RTOLCAP,24,-24,0.3482356309937169,0.17347639286747685,0.6559109104456018,True,True,True
24,0.0,RTOLCAP,24,0,0.3441093661385995,0.1918705089699074,0.6128354716435185,True,True,True
24,0.0,RTOLCAP,24,24,0.35641210358796294,0.22168061848958331,0.5922710057388116,True,True,True
24,0.0,RTOLCAP+RTOFFCAP,-24,-24,0.21579552115483538,0.04374868055555555,0.6059238376494983,True,True,True
24,0.0,RTOLCAP+RTOFFCAP,-24,0,0.1996112204861111,0.05266542658730159,0.566475874732906,True,True,True
24,0.0,RTOLCAP+RTOFFCAP,-24,24,0.20054268386994947,0.06061413682725694,0.5410984729456018,True,True,True
24,0.0,RTOLCAP+RTOFFCAP,0,-24,0.2091453669343171,0.05226025549768518,0.608340920138889,True,True,True
24,0.0,RTOLCAP+RTOFFCAP,0,0,0.1919017166602366,0.06124453004436728,0.5654042034384645,True,True,True
24,0.0,RTOLCAP+RTOFFCAP,0,24,0.19369727676504625,0.06910318411044973,0.5381571300747863,True,True,True
24,0.0,RTOLCAP+RTOFFCAP,24,-24,0.20091282345403436,0.05879296875,0.6098702126736111,True,True,True
24,0.0,RTOLCAP+RTOFFCAP,24,0,0.18254278483072914,0.06826755555555554,0.5628911314972643,True,True,True
24,0.0,RTOLCAP+RTOFFCAP,24,24,0.18557773292824073,0.0762654810474537,0.5335828913483797,True,True,True
24,3.0,PRC,-24,-24,0.8121021233603395,0.6110449356192129,0.9471788620032793,True,True,True
24,3.0,PRC,-24,0,0.813340204716435,0.624503072296627,0.9385874989983974,True,True,True
24,3.0,PRC,-24,24,0.8171661379419191,0.6380095804398149,0.9338795806464947,True,True,True
24,3.0,PRC,0,-24,0.8051179620587383,0.6268300543981481,0.946412368476431,True,True,True
24,3.0,PRC,0,0,0.807269625932356,0.6399003607253085,0.9371689330150463,True,True,True
24,3.0,PRC,0,24,0.8120852103587961,0.6531367573991402,0.9322079875578704,True,True,True
24,3.0,PRC,24,-24,0.7965104102595898,0.6425253710937501,0.9453257605613425,True,True,True
24,3.0,PRC,24,0,0.8000069760923032,0.6550706753472223,0.9353407953230217,True,True,True
24,3.0,PRC,24,24,0.8061645865483539,0.66798475236304,0.9301187825520832,True,True,True
24,3.0,RTOLCAP,-24,-24,0.5043253343621399,0.21682066382137344,0.7855000013261959,True,True,True
24,3.0,RTOLCAP,-24,0,0.4979153521412037,0.2377129425016534,0.7476763155493232,True,True,True
24,3.0,RTOLCAP,-24,24,0.5053625022359006,0.26996522044994214,0.7293467130663027,True,True,True
24,3.0,RTOLCAP,0,-24,0.48394560420283567,0.24495475839120368,0.7815158630576599,True,True,True
24,3.0,RTOLCAP,0,0,0.4790878161972737,0.2646400677565587,0.7408722149884259,True,True,True
24,3.0,RTOLCAP,0,24,0.48916243489583333,0.2976530818039021,0.7216560354344729,True,True,True
24,3.0,RTOLCAP,24,-24,0.4585763029100529,0.26561459599247683,0.7747908080150462,True,True,True
24,3.0,RTOLCAP,24,0,0.4562824540653934,0.2851049997106481,0.7310636514888467,True,True,True
24,3.0,RTOLCAP,24,24,0.4700104039673354,0.32020936077353396,0.7110635039303626,True,True,True
24,3.0,RTOLCAP+RTOFFCAP,-24,-24,0.30475057918595677,0.0829870150945216,0.7221607290461034,True,True,True
24,3.0,RTOLCAP+RTOFFCAP,-24,0,0.2891945247395833,0.0974696949404762,0.6782028339788104,True,True,True
24,3.0,RTOLCAP+RTOFFCAP,-24,24,0.29232281434132995,0.11428318576388888,0.6525578809110449,True,True,True
24,3.0,RTOLCAP+RTOFFCAP,0,-24,0.29361035644531247,0.0975541663773148,0.7237811652988215,True,True,True
24,3.0,RTOLCAP+RTOFFCAP,0,0,0.2775636540316358,0.11202276765046294,0.6760250759548612,True,True,True
24,3.0,RTOLCAP+RTOFFCAP,0,24,0.2821678596643518,0.12915917534722224,0.6485749540375711,True,True,True
24,3.0,RTOLCAP+RTOFFCAP,24,-24,0.279589509755291,0.10734483181423611,0.724354482349537,True,True,True
24,3.0,RTOLCAP+RTOFFCAP,24,0,0.2632895753761574,0.12274902025462964,0.6722048106060605,True,True,True
24,3.0,RTOLCAP+RTOFFCAP,24,24,0.26999136815200614,0.1409537871334876,0.6427855339747298,True,True,True
25,0.0,PRC,-24,-24,0.6996180384259258,0.5066031381944444,0.8366867549768517,True,True,True
25,0.0,PRC,-24,0,0.7008065965277777,0.519522949404762,0.8278701966880341,True,True,True
25,0.0,PRC,-24,24,0.7044794924242423,0.5324891972222222,0.8228630095238094,True,True,True
25,0.0,PRC,0,-24,0.6929132435763888,0.5217568522222222,0.8366231982323231,True,True,True
25,0.0,PRC,0,0,0.6949788408950617,0.5343043462962962,0.827077223148148,True,True,True
25,0.0,PRC,0,24,0.6996018019444442,0.5470112871031746,0.8217458657051281,True,True,True
25,0.0,PRC,24,-24,0.6846499938492062,0.53682435625,0.8363867870833334,True,True,True
25,0.0,PRC,24,0,0.6880066970486111,0.5488678483333334,0.8259944880050504,True,True,True
25,0.0,PRC,24,24,0.6939180030864198,0.5612653622685184,0.8203090787037037,True,True,True
25,0.0,RTOLCAP,-24,-24,0.41102101774691363,0.15801217939814816,0.6782563738425924,True,True,True
25,0.0,RTOLCAP,-24,0,0.40418056513888884,0.17613423432539682,0.6419734855769231,True,True,True
25,0.0,RTOLCAP,-24,24,0.4107678449494949,0.20360519496527776,0.6240767655753967,True,True,True
25,0.0,RTOLCAP,0,-24,0.39231506388888887,0.18020194111111107,0.6748112713383838,True,True,True
25,0.0,RTOLCAP,0,0,0.386793000308642,0.19764604490740742,0.6357919009259257,True,True,True
25,0.0,RTOLCAP,0,24,0.3957777645833333,0.22596831269841267,0.6169940166666666,True,True,True
25,0.0,RTOLCAP,24,-24,0.36906443234126984,0.19448775625000003,0.6688108227777777,True,True,True
25,0.0,RTOLCAP,24,0,0.3657584397569445,0.21256351777777774,0.6267897321969698,True,True,True
25,0.0,RTOLCAP,24,24,0.3780786845679013,0.24311991805555558,0.6071755383101852,True,True,True
25,0.0,RTOLCAP+RTOFFCAP,-24,-24,0.2342464385802469,0.052906118287037035,0.6196202056712963,True,True,True
25,0.0,RTOLCAP+RTOFFCAP,-24,0,0.21847893680555552,0.06343843948412697,0.5800707561965812,True,True,True
25,0.0,RTOLCAP+RTOFFCAP,-24,24,0.21996951957070707,0.07370839444444444,0.5553464642857141,True,True,True
25,0.0,RTOLCAP+RTOFFCAP,0,-24,0.22626256006944445,0.0628687711111111,0.621752725,True,True,True
25,0.0,RTOLCAP+RTOFFCAP,0,0,0.20963021126543205,0.07349603703703703,0.5787297781249999,True,True,True
25,0.0,RTOLCAP+RTOFFCAP,0,24,0.21215472486111112,0.08379632876984126,0.5522067697649573,True,True,True
25,0.0,RTOLCAP+RTOFFCAP,24,-24,0.21628777837301585,0.0699797861111111,0.6229953899999999,True,True,True
25,0.0,RTOLCAP+RTOFFCAP,24,0,0.19882323368055557,0.08131030222222221,0.5759482965909092,True,True,True
25,0.0,RTOLCAP+RTOFFCAP,24,24,0.20282902407407408,0.09202493171296296,0.547446827662037,True,True,True
25,3.0,PRC,-24,-24,0.8196180384259258,0.6266031381944444,0.9492917075231481,True,True,True
25,3.0,PRC,-24,0,0.8208065965277778,0.6395229494047618,0.9410439990384615,True,True,True
25,3.0,PRC,-24,24,0.8244794924242423,0.6524891972222223,0.9365243974206349,True,True,True
25,3.0,PRC,0,-24,0.8129132435763888,0.6417568522222222,0.9485558737373737,True,True,True
25,3.0,PRC,0,0,0.8149788408950617,0.6543043462962963,0.9396821756944445,True,True,True
25,3.0,PRC,0,24,0.8196018019444443,0.6670112871031747,0.9349196680555556,True,True,True
25,3.0,PRC,24,-24,0.8046499938492062,0.65682435625,0.9475127301388887,True,True,True
25,3.0,PRC,24,0,0.8080066970486111,0.6688678483333333,0.9379271635101009,True,True,True
25,3.0,PRC,24,24,0.8139180030864198,0.6812653622685184,0.9329140312499999,True,True,True
25,3.0,RTOLCAP,-24,-24,0.5214934550925926,0.234910205787037,0.7936643033564815,True,True,True
25,3.0,RTOLCAP,-24,0,0.5156057587499999,0.2559202329365079,0.7573855417735041,True,True,True
25,3.0,RTOLCAP,-24,24,0.5229725664141415,0.28841794374999996,0.7398165320436508,True,True,True
25,3.0,RTOLCAP,0,-24,0.5015965559027777,0.26430945055555555,0.7898017398989897,True,True,True
25,3.0,RTOLCAP,0,0,0.49726543765432096,0.28392127476851853,0.7508216284722222,True,True,True
25,3.0,RTOLCAP,0,24,0.5072029581944444,0.31706136686507935,0.7324060728632478,True,True,True
25,3.0,RTOLCAP,24,-24,0.4768147089285714,0.2869083756944444,0.7833003381944444,True,True,True
25,3.0,RTOLCAP,24,0,0.4750399317708333,0.3059227797222222,0.7413676167929293,True,True,True
25,3.0,RTOLCAP,24,24,0.48855112191358013,0.3409193030092592,0.7222052658564815,True,True,True
25,3.0,RTOLCAP+RTOFFCAP,-24,-24,0.3239366983024691,0.09634025671296294,0.7322635324074075,True,True,True
25,3.0,RTOLCAP+RTOFFCAP,-24,0,0.3098640144444444,0.11168025912698414,0.6889926606837606,True,True,True
25,3.0,RTOLCAP+RTOFFCAP,-24,24,0.31357287512626264,0.13055754131944441,0.6645222243055555,True,True,True
25,3.0,RTOLCAP+RTOFFCAP,0,-24,0.3121641022569444,0.11273398194444445,0.7337272632575758,True,True,True
25,3.0,RTOLCAP+RTOFFCAP,0,0,0.29783585308641974,0.1278983638888889,0.6867285079861112,True,True,True
25,3.0,RTOLCAP+RTOFFCAP,0,24,0.3031184159722223,0.14715552857142855,0.6605498959401709,True,True,True
25,3.0,RTOLCAP+RTOFFCAP,24,-24,0.2973181123015873,0.12380168923611112,0.7341673820833334,True,True,True
25,3.0,RTOLCAP+RTOFFCAP,24,0,0.2830545807291666,0.13978540611111112,0.6828560018939394,True,True,True
25,3.0,RTOLCAP+RTOFFCAP,24,24,0.2905664586419753,0.160270924537037,0.6548185476851851,True,True,True
