event,shock_gw,retained_gw,basis,start_shift_h,end_shift_h,chi
january_2025,1,0.0,PRC,-24,-24,0.0
january_2025,1,0.0,PRC,-24,0,0.0
january_2025,1,0.0,PRC,-24,24,0.0
january_2025,1,0.0,PRC,0,-24,0.0
january_2025,1,0.0,PRC,0,0,0.0
january_2025,1,0.0,PRC,0,24,0.0
january_2025,1,0.0,PRC,24,-24,0.0
january_2025,1,0.0,PRC,24,0,0.0
january_2025,1,0.0,PRC,24,24,0.0
january_2025,1,3.0,PRC,-24,-24,0.0
january_2025,1,3.0,PRC,-24,0,0.0
january_2025,1,3.0,PRC,-24,24,0.0
january_2025,1,3.0,PRC,0,-24,0.0
january_2025,1,3.0,PRC,0,0,0.0
january_2025,1,3.0,PRC,0,24,0.0
january_2025,1,3.0,PRC,24,-24,0.0
january_2025,1,3.0,PRC,24,0,0.0
january_2025,1,3.0,PRC,24,24,0.0
january_2025,1,0.0,RTOLCAP,-24,-24,0.0
january_2025,1,0.0,RTOLCAP,-24,0,0.0
january_2025,1,0.0,RTOLCAP,-24,24,0.0
january_2025,1,0.0,RTOLCAP,0,-24,0.0
january_2025,1,0.0,RTOLCAP,0,0,0.0
january_2025,1,0.0,RTOLCAP,0,24,0.0
january_2025,1,0.0,RTOLCAP,24,-24,0.0
january_2025,1,0.0,RTOLCAP,24,0,0.0
january_2025,1,0.0,RTOLCAP,24,24,0.0
january_2025,1,3.0,RTOLCAP,-24,-24,0.0
january_2025,1,3.0,RTOLCAP,-24,0,0.0
january_2025,1,3.0,RTOLCAP,-24,24,0.0
january_2025,1,3.0,RTOLCAP,0,-24,0.0
january_2025,1,3.0,RTOLCAP,0,0,0.0
january_2025,1,3.0,RTOLCAP,0,24,0.0
january_2025,1,3.0,RTOLCAP,24,-24,0.0
january_2025,1,3.0,RTOLCAP,24,0,0.0
january_2025,1,3.0,RTOLCAP,24,24,0.0
january_2025,1,0.0,RTOLCAP+RTOFFCAP,-24,-24,0.0
january_2025,1,0.0,RTOLCAP+RTOFFCAP,-24,0,0.0
january_2025,1,0.0,RTOLCAP+RTOFFCAP,-24,24,0.0
january_2025,1,0.0,RTOLCAP+RTOFFCAP,0,-24,0.0
january_2025,1,0.0,RTOLCAP+RTOFFCAP,0,0,0.0
january_2025,1,0.0,RTOLCAP+RTOFFCAP,0,24,0.0
january_2025,1,0.0,RTOLCAP+RTOFFCAP,24,-24,0.0
january_2025,1,0.0,RTOLCAP+RTOFFCAP,24,0,0.0
january_2025,1,0.0,RTOLCAP+RTOFFCAP,24,24,0.0
january_2025,1,3.0,RTOLCAP+RTOFFCAP,-24,-24,0.0
january_2025,1,3.0,RTOLCAP+RTOFFCAP,-24,0,0.0
january_2025,1,3.0,RTOLCAP+RTOFFCAP,-24,24,0.0
january_2025,1,3.0,RTOLCAP+RTOFFCAP,0,-24,0.0
january_2025,1,3.0,RTOLCAP+RTOFFCAP,0,0,0.0
january_2025,1,3.0,RTOLCAP+RTOFFCAP,0,24,0.0
january_2025,1,3.0,RTOLCAP+RTOFFCAP,24,-24,0.0
january_2025,1,3.0,RTOLCAP+RTOFFCAP,24,0,0.0
january_2025,1,3.0,RTOLCAP+RTOFFCAP,24,24,0.0
january_2025,2,0.0,PRC,-24,-24,0.0
january_2025,2,0.0,PRC,-24,0,0.0
january_2025,2,0.0,PRC,-24,24,0.0
january_2025,2,0.0,PRC,0,-24,0.0
january_2025,2,0.0,PRC,0,0,0.0
january_2025,2,0.0,PRC,0,24,0.0
january_2025,2,0.0,PRC,24,-24,0.0
january_2025,2,0.0,PRC,24,0,0.0
january_2025,2,0.0,PRC,24,24,0.0
january_2025,2,3.0,PRC,-24,-24,0.0
january_2025,2,3.0,PRC,-24,0,0.0
january_2025,2,3.0,PRC,-24,24,0.0
january_2025,2,3.0,PRC,0,-24,0.0
january_2025,2,3.0,PRC,0,0,0.0
january_2025,2,3.0,PRC,0,24,0.0
january_2025,2,3.0,PRC,24,-24,0.0
january_2025,2,3.0,PRC,24,0,0.0
january_2025,2,3.0,PRC,24,24,0.0
january_2025,2,0.0,RTOLCAP,-24,-24,0.0
january_2025,2,0.0,RTOLCAP,-24,0,0.0
january_2025,2,0.0,RTOLCAP,-24,24,0.0
january_2025,2,0.0,RTOLCAP,0,-24,0.0
january_2025,2,0.0,RTOLCAP,0,0,0.0
january_2025,2,0.0,RTOLCAP,0,24,0.0
january_2025,2,0.0,RTOLCAP,24,-24,0.0
january_2025,2,0.0,RTOLCAP,24,0,0.0
january_2025,2,0.0,RTOLCAP,24,24,0.0
january_2025,2,3.0,RTOLCAP,-24,-24,0.0
january_2025,2,3.0,RTOLCAP,-24,0,0.0
january_2025,2,3.0,RTOLCAP,-24,24,0.0
january_2025,2,3.0,RTOLCAP,0,-24,0.0
january_2025,2,3.0,RTOLCAP,0,0,0.0
january_2025,2,3.0,RTOLCAP,0,24,0.0
january_2025,2,3.0,RTOLCAP,24,-24,0.0
january_2025,2,3.0,RTOLCAP,24,0,0.0
january_2025,2,3.0,RTOLCAP,24,24,0.0
january_2025,2,0.0,RTOLCAP+RTOFFCAP,-24,-24,0.0
january_2025,2,0.0,RTOLCAP+RTOFFCAP,-24,0,0.0
january_2025,2,0.0,RTOLCAP+RTOFFCAP,-24,24,0.0
january_2025,2,0.0,RTOLCAP+RTOFFCAP,0,-24,0.0
january_2025,2,0.0,RTOLCAP+RTOFFCAP,0,0,0.0
january_2025,2,0.0,RTOLCAP+RTOFFCAP,0,24,0.0
january_2025,2,0.0,RTOLCAP+RTOFFCAP,24,-24,0.0
january_2025,2,0.0,RTOLCAP+RTOFFCAP,24,0,0.0
january_2025,2,0.0,RTOLCAP+RTOFFCAP,24,24,0.0
january_2025,2,3.0,RTOLCAP+RTOFFCAP,-24,-24,0.0
january_2025,2,3.0,RTOLCAP+RTOFFCAP,-24,0,0.0
january_2025,2,3.0,RTOLCAP+RTOFFCAP,-24,24,0.0
january_2025,2,3.0,RTOLCAP+RTOFFCAP,0,-24,0.0
january_2025,2,3.0,RTOLCAP+RTOFFCAP,0,0,0.0
january_2025,2,3.0,RTOLCAP+RTOFFCAP,0,24,0.0
january_2025,2,3.0,RTOLCAP+RTOFFCAP,24,-24,0.0
january_2025,2,3.0,RTOLCAP+RTOFFCAP,24,0,0.0
january_2025,2,3.0,RTOLCAP+RTOFFCAP,24,24,0.0
january_2025,3,0.0,PRC,-24,-24,0.0
january_2025,3,0.0,PRC,-24,0,0.0
january_2025,3,0.0,PRC,-24,24,0.0
january_2025,3,0.0,PRC,0,-24,0.0
january_2025,3,0.0,PRC,0,0,0.0
january_2025,3,0.0,PRC,0,24,0.0
january_2025,3,0.0,PRC,24,-24,0.0
january_2025,3,0.0,PRC,24,0,0.0
january_2025,3,0.0,PRC,24,24,0.0
january_2025,3,3.0,PRC,-24,-24,0.0
january_2025,3,3.0,PRC,-24,0,0.0
january_2025,3,3.0,PRC,-24,24,0.0
january_2025,3,3.0,PRC,0,-24,0.0
january_2025,3,3.0,PRC,0,0,0.0
january_2025,3,3.0,PRC,0,24,0.0
january_2025,3,3.0,PRC,24,-24,0.0
january_2025,3,3.0,PRC,24,0,0.0
january_2025,3,3.0,PRC,24,24,0.0
january_2025,3,0.0,RTOLCAP,-24,-24,0.0
january_2025,3,0.0,RTOLCAP,-24,0,0.0
january_2025,3,0.0,RTOLCAP,-24,24,0.0
january_2025,3,0.0,RTOLCAP,0,-24,0.0
january_2025,3,0.0,RTOLCAP,0,0,0.0
january_2025,3,0.0,RTOLCAP,0,24,0.0
january_2025,3,0.0,RTOLCAP,24,-24,0.0
january_2025,3,0.0,RTOLCAP,24,0,0.0
january_2025,3,0.0,RTOLCAP,24,24,0.0
january_2025,3,3.0,RTOLCAP,-24,-24,0.0
january_2025,3,3.0,RTOLCAP,-24,0,0.0
january_2025,3,3.0,RTOLCAP,-24,24,0.0
january_2025,3,3.0,RTOLCAP,0,-24,0.0
january_2025,3,3.0,RTOLCAP,0,0,0.0
january_2025,3,3.0,RTOLCAP,0,24,0.0
january_2025,3,3.0,RTOLCAP,24,-24,0.0
january_2025,3,3.0,RTOLCAP,24,0,0.0
january_2025,3,3.0,RTOLCAP,24,24,0.0
january_2025,3,0.0,RTOLCAP+RTOFFCAP,-24,-24,0.0
january_2025,3,0.0,RTOLCAP+RTOFFCAP,-24,0,0.0
january_2025,3,0.0,RTOLCAP+RTOFFCAP,-24,24,0.0
january_2025,3,0.0,RTOLCAP+RTOFFCAP,0,-24,0.0
january_2025,3,0.0,RTOLCAP+RTOFFCAP,0,0,0.0
january_2025,3,0.0,RTOLCAP+RTOFFCAP,0,24,0.0
january_2025,3,0.0,RTOLCAP+RTOFFCAP,24,-24,0.0
january_2025,3,0.0,RTOLCAP+RTOFFCAP,24,0,0.0
january_2025,3,0.0,RTOLCAP+RTOFFCAP,24,24,0.0
january_2025,3,3.0,RTOLCAP+RTOFFCAP,-24,-24,0.0
january_2025,3,3.0,RTOLCAP+RTOFFCAP,-24,0,0.0
january_2025,3,3.0,RTOLCAP+RTOFFCAP,-24,24,0.0
january_2025,3,3.0,RTOLCAP+RTOFFCAP,0,-24,0.0
january_2025,3,3.0,RTOLCAP+RTOFFCAP,0,0,0.0
january_2025,3,3.0,RTOLCAP+RTOFFCAP,0,24,0.0
january_2025,3,3.0,RTOLCAP+RTOFFCAP,24,-24,0.0
january_2025,3,3.0,RTOLCAP+RTOFFCAP,24,0,0.0
january_2025,3,3.0,RTOLCAP+RTOFFCAP,24,24,0.0
january_2025,4,0.0,PRC,-24,-24,0.0
january_2025,4,0.0,PRC,-24,0,0.0
january_2025,4,0.0,PRC,-24,24,0.0
january_2025,4,0.0,PRC,0,-24,0.0
january_2025,4,0.0,PRC,0,0,0.0
january_2025,4,0.0,PRC,0,24,0.0
january_2025,4,0.0,PRC,24,-24,0.0
january_2025,4,0.0,PRC,24,0,0.0
january_2025,4,0.0,PRC,24,24,0.0
january_2025,4,3.0,PRC,-24,-24,0.0009693026620370373
january_2025,4,3.0,PRC,-24,0,0.0008308308531746034
january_2025,4,3.0,PRC,-24,24,0.000726976996527778
january_2025,4,3.0,PRC,0,-24,0.0011631631944444447
january_2025,4,3.0,PRC,0,0,0.0009693026620370373
january_2025,4,3.0,PRC,0,24,0.0008308308531746034
january_2025,4,3.0,PRC,24,-24,0.001453953993055556
january_2025,4,3.0,PRC,24,0,0.0011631631944444447
january_2025,4,3.0,PRC,24,24,0.0009693026620370373
january_2025,4,0.0,RTOLCAP,-24,-24,0.0
january_2025,4,0.0,RTOLCAP,-24,0,0.0
january_2025,4,0.0,RTOLCAP,-24,24,0.0
january_2025,4,0.0,RTOLCAP,0,-24,0.0
january_2025,4,0.0,RTOLCAP,0,0,0.0
january_2025,4,0.0,RTOLCAP,0,24,0.0
january_2025,4,0.0,RTOLCAP,24,-24,0.0
january_2025,4,0.0,RTOLCAP,24,0,0.0
january_2025,4,0.0,RTOLCAP,24,24,0.0
january_2025,4,3.0,RTOLCAP,-24,-24,0.0
january_2025,4,3.0,RTOLCAP,-24,0,0.0
january_2025,4,3.0,RTOLCAP,-24,24,0.0
january_2025,4,3.0,RTOLCAP,0,-24,0.0
january_2025,4,3.0,RTOLCAP,0,0,0.0
january_2025,4,3.0,RTOLCAP,0,24,0.0
january_2025,4,3.0,RTOLCAP,24,-24,0.0
january_2025,4,3.0,RTOLCAP,24,0,0.0
january_2025,4,3.0,RTOLCAP,24,24,0.0
january_2025,4,0.0,RTOLCAP+RTOFFCAP,-24,-24,0.0
january_2025,4,0.0,RTOLCAP+RTOFFCAP,-24,0,0.0
january_2025,4,0.0,RTOLCAP+RTOFFCAP,-24,24,0.0
january_2025,4,0.0,RTOLCAP+RTOFFCAP,0,-24,0.0
january_2025,4,0.0,RTOLCAP+RTOFFCAP,0,0,0.0
january_2025,4,0.0,RTOLCAP+RTOFFCAP,0,24,0.0
january_2025,4,0.0,RTOLCAP+RTOFFCAP,24,-24,0.0
january_2025,4,0.0,RTOLCAP+RTOFFCAP,24,0,0.0
january_2025,4,0.0,RTOLCAP+RTOFFCAP,24,24,0.0
january_2025,4,3.0,RTOLCAP+RTOFFCAP,-24,-24,0.0
january_2025,4,3.0,RTOLCAP+RTOFFCAP,-24,0,0.0
january_2025,4,3.0,RTOLCAP+RTOFFCAP,-24,24,0.0
january_2025,4,3.0,RTOLCAP+RTOFFCAP,0,-24,0.0
january_2025,4,3.0,RTOLCAP+RTOFFCAP,0,0,0.0
january_2025,4,3.0,RTOLCAP+RTOFFCAP,0,24,0.0
january_2025,4,3.0,RTOLCAP+RTOFFCAP,24,-24,0.0
january_2025,4,3.0,RTOLCAP+RTOFFCAP,24,0,0.0
january_2025,4,3.0,RTOLCAP+RTOFFCAP,24,24,0.0
january_2025,5,0.0,PRC,-24,-24,0.0
january_2025,5,0.0,PRC,-24,0,0.0
january_2025,5,0.0,PRC,-24,24,0.0
january_2025,5,0.0,PRC,0,-24,0.0
january_2025,5,0.0,PRC,0,0,0.0
january_2025,5,0.0,PRC,0,24,0.0
january_2025,5,0.0,PRC,24,-24,0.0
january_2025,5,0.0,PRC,24,0,0.0
january_2025,5,0.0,PRC,24,24,0.0
january_2025,5,3.0,PRC,-24,-24,0.008325436342592593
january_2025,5,3.0,PRC,-24,0,0.007191306547619048
january_2025,5,3.0,PRC,-24,24,0.006517370659722222
january_2025,5,3.0,PRC,0,-24,0.009990523611111113
january_2025,5,3.0,PRC,0,0,0.008389857638888889
january_2025,5,3.0,PRC,0,24,0.0074484236111111105
january_2025,5,3.0,PRC,24,-24,0.012252942708333334
january_2025,5,3.0,PRC,24,0,0.009879659722222224
january_2025,5,3.0,PRC,24,24,0.008533019675925926
january_2025,5,0.0,RTOLCAP,-24,-24,0.0
january_2025,5,0.0,RTOLCAP,-24,0,0.0
january_2025,5,0.0,RTOLCAP,-24,24,0.0
january_2025,5,0.0,RTOLCAP,0,-24,0.0
january_2025,5,0.0,RTOLCAP,0,0,0.0
january_2025,5,0.0,RTOLCAP,0,24,0.0
january_2025,5,0.0,RTOLCAP,24,-24,0.0
january_2025,5,0.0,RTOLCAP,24,0,0.0
january_2025,5,0.0,RTOLCAP,24,24,0.0
january_2025,5,3.0,RTOLCAP,-24,-24,0.0
january_2025,5,3.0,RTOLCAP,-24,0,0.0
january_2025,5,3.0,RTOLCAP,-24,24,0.0
january_2025,5,3.0,RTOLCAP,0,-24,0.0
january_2025,5,3.0,RTOLCAP,0,0,0.0
january_2025,5,3.0,RTOLCAP,0,24,0.0
january_2025,5,3.0,RTOLCAP,24,-24,0.0
january_2025,5,3.0,RTOLCAP,24,0,0.0
january_2025,5,3.0,RTOLCAP,24,24,0.0
january_2025,5,0.0,RTOLCAP+RTOFFCAP,-24,-24,0.0
january_2025,5,0.0,RTOLCAP+RTOFFCAP,-24,0,0.0
january_2025,5,0.0,RTOLCAP+RTOFFCAP,-24,24,0.0
january_2025,5,0.0,RTOLCAP+RTOFFCAP,0,-24,0.0
january_2025,5,0.0,RTOLCAP+RTOFFCAP,0,0,0.0
january_2025,5,0.0,RTOLCAP+RTOFFCAP,0,24,0.0
january_2025,5,0.0,RTOLCAP+RTOFFCAP,24,-24,0.0
january_2025,5,0.0,RTOLCAP+RTOFFCAP,24,0,0.0
january_2025,5,0.0,RTOLCAP+RTOFFCAP,24,24,0.0
january_2025,5,3.0,RTOLCAP+RTOFFCAP,-24,-24,0.0
january_2025,5,3.0,RTOLCAP+RTOFFCAP,-24,0,0.0
january_2025,5,3.0,RTOLCAP+RTOFFCAP,-24,24,0.0
january_2025,5,3.0,RTOLCAP+RTOFFCAP,0,-24,0.0
january_2025,5,3.0,RTOLCAP+RTOFFCAP,0,0,0.0
january_2025,5,3.0,RTOLCAP+RTOFFCAP,0,24,0.0
january_2025,5,3.0,RTOLCAP+RTOFFCAP,24,-24,0.0
january_2025,5,3.0,RTOLCAP+RTOFFCAP,24,0,0.0
january_2025,5,3.0,RTOLCAP+RTOFFCAP,24,24,0.0
january_2025,6,0.0,PRC,-24,-24,0.0
january_2025,6,0.0,PRC,-24,0,0.0
january_2025,6,0.0,PRC,-24,24,0.0
january_2025,6,0.0,PRC,0,-24,0.0
january_2025,6,0.0,PRC,0,0,0.0
january_2025,6,0.0,PRC,0,24,0.0
january_2025,6,0.0,PRC,24,-24,0.0
january_2025,6,0.0,PRC,24,0,0.0
january_2025,6,0.0,PRC,24,24,0.0
january_2025,6,3.0,PRC,-24,-24,0.022998202160493822
january_2025,6,3.0,PRC,-24,0,0.025318759920634922
january_2025,6,3.0,PRC,-24,24,0.026017601273148148
january_2025,6,3.0,PRC,0,-24,0.027597842592592587
january_2025,6,3.0,PRC,0,0,0.029538553240740742
january_2025,6,3.0,PRC,0,24,0.02973440145502646
january_2025,6,3.0,PRC,24,-24,0.030693418692129625
january_2025,6,3.0,PRC,24,0,0.032403156249999995
january_2025,6,3.0,PRC,24,24,0.032154211998456785
january_2025,6,0.0,RTOLCAP,-24,-24,0.0
january_2025,6,0.0,RTOLCAP,-24,0,0.0
january_2025,6,0.0,RTOLCAP,-24,24,0.0
january_2025,6,0.0,RTOLCAP,0,-24,0.0
january_2025,6,0.0,RTOLCAP,0,0,0.0
january_2025,6,0.0,RTOLCAP,0,24,0.0
january_2025,6,0.0,RTOLCAP,24,-24,0.0
january_2025,6,0.0,RTOLCAP,24,0,0.0
january_2025,6,0.0,RTOLCAP,24,24,0.0
january_2025,6,3.0,RTOLCAP,-24,-24,2.8407600308642037e-05
january_2025,6,3.0,RTOLCAP,-24,0,2.4349371693121746e-05
january_2025,6,3.0,RTOLCAP,-24,24,2.1305700231481526e-05
january_2025,6,3.0,RTOLCAP,0,-24,3.408912037037044e-05
january_2025,6,3.0,RTOLCAP,0,0,2.8407600308642037e-05
january_2025,6,3.0,RTOLCAP,0,24,2.4349371693121746e-05
january_2025,6,3.0,RTOLCAP,24,-24,4.261140046296305e-05
january_2025,6,3.0,RTOLCAP,24,0,3.408912037037044e-05
january_2025,6,3.0,RTOLCAP,24,24,2.8407600308642037e-05
january_2025,6,0.0,RTOLCAP+RTOFFCAP,-24,-24,0.0
january_2025,6,0.0,RTOLCAP+RTOFFCAP,-24,0,0.0
january_2025,6,0.0,RTOLCAP+RTOFFCAP,-24,24,0.0
january_2025,6,0.0,RTOLCAP+RTOFFCAP,0,-24,0.0
january_2025,6,0.0,RTOLCAP+RTOFFCAP,0,0,0.0
january_2025,6,0.0,RTOLCAP+RTOFFCAP,0,24,0.0
january_2025,6,0.0,RTOLCAP+RTOFFCAP,24,-24,0.0
january_2025,6,0.0,RTOLCAP+RTOFFCAP,24,0,0.0
january_2025,6,0.0,RTOLCAP+RTOFFCAP,24,24,0.0
january_2025,6,3.0,RTOLCAP+RTOFFCAP,-24,-24,0.0
january_2025,6,3.0,RTOLCAP+RTOFFCAP,-24,0,0.0
january_2025,6,3.0,RTOLCAP+RTOFFCAP,-24,24,0.0
january_2025,6,3.0,RTOLCAP+RTOFFCAP,0,-24,0.0
january_2025,6,3.0,RTOLCAP+RTOFFCAP,0,0,0.0
january_2025,6,3.0,RTOLCAP+RTOFFCAP,0,24,0.0
january_2025,6,3.0,RTOLCAP+RTOFFCAP,24,-24,0.0
january_2025,6,3.0,RTOLCAP+RTOFFCAP,24,0,0.0
january_2025,6,3.0,RTOLCAP+RTOFFCAP,24,24,0.0
january_2025,7,0.0,PRC,-24,-24,0.0005538872354497356
january_2025,7,0.0,PRC,-24,0,0.0004747604875283448
january_2025,7,0.0,PRC,-24,24,0.0004154154265873017
january_2025,7,0.0,PRC,0,-24,0.0006646646825396828
january_2025,7,0.0,PRC,0,0,0.0005538872354497356
january_2025,7,0.0,PRC,0,24,0.0004747604875283448
january_2025,7,0.0,PRC,24,-24,0.0008308308531746034
january_2025,7,0.0,PRC,24,0,0.0006646646825396828
january_2025,7,0.0,PRC,24,24,0.0005538872354497356
january_2025,7,3.0,PRC,-24,-24,0.045531694775132275
january_2025,7,3.0,PRC,-24,0,0.05321571003401361
january_2025,7,3.0,PRC,-24,24,0.05931727740575396
january_2025,7,3.0,PRC,0,-24,0.053949250000000004
january_2025,7,3.0,PRC,0,0,0.061511008597883596
january_2025,7,3.0,PRC,0,24,0.06729918579931973
january_2025,7,3.0,PRC,24,-24,0.05635030629960317
january_2025,7,3.0,PRC,24,0,0.06494420535714286
january_2025,7,3.0,PRC,24,24,0.07112487929894179
january_2025,7,0.0,RTOLCAP,-24,-24,0.0
january_2025,7,0.0,RTOLCAP,-24,0,0.0
january_2025,7,0.0,RTOLCAP,-24,24,0.0
january_2025,7,0.0,RTOLCAP,0,-24,0.0
january_2025,7,0.0,RTOLCAP,0,0,0.0
january_2025,7,0.0,RTOLCAP,0,24,0.0
january_2025,7,0.0,RTOLCAP,24,-24,0.0
january_2025,7,0.0,RTOLCAP,24,0,0.0
january_2025,7,0.0,RTOLCAP,24,24,0.0
january_2025,7,3.0,RTOLCAP,-24,-24,0.0009798635912698413
january_2025,7,3.0,RTOLCAP,-24,0,0.0008398830782312925
january_2025,7,3.0,RTOLCAP,-24,24,0.0007348976934523809
january_2025,7,3.0,RTOLCAP,0,-24,0.0011758363095238096
january_2025,7,3.0,RTOLCAP,0,0,0.0009798635912698413
january_2025,7,3.0,RTOLCAP,0,24,0.0008398830782312925
january_2025,7,3.0,RTOLCAP,24,-24,0.0014697953869047618
january_2025,7,3.0,RTOLCAP,24,0,0.0011758363095238096
january_2025,7,3.0,RTOLCAP,24,24,0.0009798635912698413
january_2025,7,0.0,RTOLCAP+RTOFFCAP,-24,-24,0.0
january_2025,7,0.0,RTOLCAP+RTOFFCAP,-24,0,0.0
january_2025,7,0.0,RTOLCAP+RTOFFCAP,-24,24,0.0
january_2025,7,0.0,RTOLCAP+RTOFFCAP,0,-24,0.0
january_2025,7,0.0,RTOLCAP+RTOFFCAP,0,0,0.0
january_2025,7,0.0,RTOLCAP+RTOFFCAP,0,24,0.0
january_2025,7,0.0,RTOLCAP+RTOFFCAP,24,-24,0.0
january_2025,7,0.0,RTOLCAP+RTOFFCAP,24,0,0.0
january_2025,7,0.0,RTOLCAP+RTOFFCAP,24,24,0.0
january_2025,7,3.0,RTOLCAP+RTOFFCAP,-24,-24,0.0
january_2025,7,3.0,RTOLCAP+RTOFFCAP,-24,0,0.0
january_2025,7,3.0,RTOLCAP+RTOFFCAP,-24,24,0.0
january_2025,7,3.0,RTOLCAP+RTOFFCAP,0,-24,0.0
january_2025,7,3.0,RTOLCAP+RTOFFCAP,0,0,0.0
january_2025,7,3.0,RTOLCAP+RTOFFCAP,0,24,0.0
january_2025,7,3.0,RTOLCAP+RTOFFCAP,24,-24,0.0
january_2025,7,3.0,RTOLCAP+RTOFFCAP,24,0,0.0
january_2025,7,3.0,RTOLCAP+RTOFFCAP,24,24,0.0
january_2025,8,0.0,PRC,-24,-24,0.005203397714120371
january_2025,8,0.0,PRC,-24,0,0.004494566592261905
january_2025,8,0.0,PRC,-24,24,0.004073356662326388
january_2025,8,0.0,PRC,0,-24,0.006244077256944445
january_2025,8,0.0,PRC,0,0,0.005243661024305556
january_2025,8,0.0,PRC,0,24,0.004655264756944444
january_2025,8,0.0,PRC,24,-24,0.0076580891927083335
january_2025,8,0.0,PRC,24,0,0.00617478732638889
january_2025,8,0.0,PRC,24,24,0.005333137297453704
january_2025,8,3.0,PRC,-24,-24,0.07608782913773147
january_2025,8,3.0,PRC,-24,0,0.08871501116071429
january_2025,8,3.0,PRC,-24,24,0.10248068522135417
january_2025,8,3.0,PRC,0,-24,0.08914913888888888
january_2025,8,3.0,PRC,0,0,0.10170396629050925
january_2025,8,3.0,PRC,0,24,0.1155806001984127
january_2025,8,3.0,PRC,24,-24,0.09277172960069444
january_2025,8,3.0,PRC,24,0,0.10711300434027778
january_2025,8,3.0,PRC,24,24,0.12240090422453702
january_2025,8,0.0,RTOLCAP,-24,-24,0.0
january_2025,8,0.0,RTOLCAP,-24,0,0.0
january_2025,8,0.0,RTOLCAP,-24,24,0.0
january_2025,8,0.0,RTOLCAP,0,-24,0.0
january_2025,8,0.0,RTOLCAP,0,0,0.0
january_2025,8,0.0,RTOLCAP,0,24,0.0
january_2025,8,0.0,RTOLCAP,24,-24,0.0
january_2025,8,0.0,RTOLCAP,24,0,0.0
january_2025,8,0.0,RTOLCAP,24,24,0.0
january_2025,8,3.0,RTOLCAP,-24,-24,0.0034488179976851843
january_2025,8,3.0,RTOLCAP,-24,0,0.0029561297123015867
january_2025,8,3.0,RTOLCAP,-24,24,0.002612963324652777
january_2025,8,3.0,RTOLCAP,0,-24,0.004138581597222221
january_2025,8,3.0,RTOLCAP,0,0,0.0034488179976851848
january_2025,8,3.0,RTOLCAP,0,24,0.002986243799603174
january_2025,8,3.0,RTOLCAP,24,-24,0.0051732269965277765
january_2025,8,3.0,RTOLCAP,24,0,0.004138581597222221
january_2025,8,3.0,RTOLCAP,24,24,0.0034839510995370365
january_2025,8,0.0,RTOLCAP+RTOFFCAP,-24,-24,0.0
january_2025,8,0.0,RTOLCAP+RTOFFCAP,-24,0,0.0
january_2025,8,0.0,RTOLCAP+RTOFFCAP,-24,24,0.0
january_2025,8,0.0,RTOLCAP+RTOFFCAP,0,-24,0.0
january_2025,8,0.0,RTOLCAP+RTOFFCAP,0,0,0.0
january_2025,8,0.0,RTOLCAP+RTOFFCAP,0,24,0.0
january_2025,8,0.0,RTOLCAP+RTOFFCAP,24,-24,0.0
january_2025,8,0.0,RTOLCAP+RTOFFCAP,24,0,0.0
january_2025,8,0.0,RTOLCAP+RTOFFCAP,24,24,0.0
january_2025,8,3.0,RTOLCAP+RTOFFCAP,-24,-24,0.0
january_2025,8,3.0,RTOLCAP+RTOFFCAP,-24,0,0.0
january_2025,8,3.0,RTOLCAP+RTOFFCAP,-24,24,0.0
january_2025,8,3.0,RTOLCAP+RTOFFCAP,0,-24,0.0
january_2025,8,3.0,RTOLCAP+RTOFFCAP,0,0,0.0
january_2025,8,3.0,RTOLCAP+RTOFFCAP,0,24,0.0
january_2025,8,3.0,RTOLCAP+RTOFFCAP,24,-24,0.0
january_2025,8,3.0,RTOLCAP+RTOFFCAP,24,0,0.0
january_2025,8,3.0,RTOLCAP+RTOFFCAP,24,24,0.0
january_2025,9,0.0,PRC,-24,-24,0.015332134773662548
january_2025,9,0.0,PRC,-24,0,0.016879173280423283
january_2025,9,0.0,PRC,-24,24,0.0173450675154321
january_2025,9,0.0,PRC,0,-24,0.018398561728395057
january_2025,9,0.0,PRC,0,0,0.019692368827160495
january_2025,9,0.0,PRC,0,24,0.019822934303350973
january_2025,9,0.0,PRC,24,-24,0.020462279128086416
january_2025,9,0.0,PRC,24,0,0.021602104166666667
january_2025,9,0.0,PRC,24,24,0.02143614133230452
january_2025,9,3.0,PRC,-24,-24,0.11614713477366254
january_2025,9,3.0,PRC,-24,0,0.13234044697971778
january_2025,9,3.0,PRC,-24,24,0.15164960358796298
january_2025,9,3.0,PRC,0,-24,0.13519693055555557
january_2025,9,3.0,PRC,0,0,0.15091416216563788
january_2025,9,3.0,PRC,0,24,0.17032838183421517
january_2025,9,3.0,PRC,24,-24,0.14356095775462963
january_2025,9,3.0,PRC,24,0,0.16074883024691358
january_2025,9,3.0,PRC,24,24,0.18175964184670784
january_2025,9,0.0,RTOLCAP,-24,-24,1.8938400205761357e-05
january_2025,9,0.0,RTOLCAP,-24,0,1.6232914462081162e-05
january_2025,9,0.0,RTOLCAP,-24,24,1.4203800154321018e-05
january_2025,9,0.0,RTOLCAP,0,-24,2.272608024691363e-05
january_2025,9,0.0,RTOLCAP,0,0,1.8938400205761357e-05
january_2025,9,0.0,RTOLCAP,0,24,1.6232914462081162e-05
january_2025,9,0.0,RTOLCAP,24,-24,2.8407600308642037e-05
january_2025,9,0.0,RTOLCAP,24,0,2.272608024691363e-05
january_2025,9,0.0,RTOLCAP,24,24,1.8938400205761357e-05
january_2025,9,3.0,RTOLCAP,-24,-24,0.00744421746399177
january_2025,9,3.0,RTOLCAP,-24,0,0.006531830908289242
january_2025,9,3.0,RTOLCAP,-24,24,0.006338344425154321
january_2025,9,3.0,RTOLCAP,0,-24,0.008933060956790124
january_2025,9,3.0,RTOLCAP,0,0,0.007620469393004116
january_2025,9,3.0,RTOLCAP,0,24,0.007243822200176366
january_2025,9,3.0,RTOLCAP,24,-24,0.011166326195987654
january_2025,9,3.0,RTOLCAP,24,0,0.00914456327160494
january_2025,9,3.0,RTOLCAP,24,24,0.008451125900205761
january_2025,9,0.0,RTOLCAP+RTOFFCAP,-24,-24,0.0
january_2025,9,0.0,RTOLCAP+RTOFFCAP,-24,0,0.0
january_2025,9,0.0,RTOLCAP+RTOFFCAP,-24,24,0.0
january_2025,9,0.0,RTOLCAP+RTOFFCAP,0,-24,0.0
january_2025,9,0.0,RTOLCAP+RTOFFCAP,0,0,0.0
january_2025,9,0.0,RTOLCAP+RTOFFCAP,0,24,0.0
january_2025,9,0.0,RTOLCAP+RTOFFCAP,24,-24,0.0
january_2025,9,0.0,RTOLCAP+RTOFFCAP,24,0,0.0
january_2025,9,0.0,RTOLCAP+RTOFFCAP,24,24,0.0
january_2025,9,3.0,RTOLCAP+RTOFFCAP,-24,-24,0.0
january_2025,9,3.0,RTOLCAP+RTOFFCAP,-24,0,0.0
january_2025,9,3.0,RTOLCAP+RTOFFCAP,-24,24,0.0
january_2025,9,3.0,RTOLCAP+RTOFFCAP,0,-24,0.0
january_2025,9,3.0,RTOLCAP+RTOFFCAP,0,0,0.0
january_2025,9,3.0,RTOLCAP+RTOFFCAP,0,24,0.0
january_2025,9,3.0,RTOLCAP+RTOFFCAP,24,-24,0.0
january_2025,9,3.0,RTOLCAP+RTOFFCAP,24,0,0.0
january_2025,9,3.0,RTOLCAP+RTOFFCAP,24,24,0.0
january_2025,10,0.0,PRC,-24,-24,0.03187218634259259
january_2025,10,0.0,PRC,-24,0,0.037250997023809525
january_2025,10,0.0,PRC,-24,24,0.041522094184027775
january_2025,10,0.0,PRC,0,-24,0.037764475
january_2025,10,0.0,PRC,0,0,0.043057706018518514
january_2025,10,0.0,PRC,0,24,0.04710943005952381
january_2025,10,0.0,PRC,24,-24,0.03944521440972222
january_2025,10,0.0,PRC,24,0,0.04546094375
january_2025,10,0.0,PRC,24,24,0.049787415509259254
january_2025,10,3.0,PRC,-24,-24,0.15917182638888888
january_2025,10,3.0,PRC,-24,0,0.178461310515873
january_2025,10,3.0,PRC,-24,24,0.2009201879340278
january_2025,10,3.0,PRC,0,-24,0.1842147625
january_2025,10,3.0,PRC,0,0,0.20254533796296292
january_2025,10,3.0,PRC,0,24,0.2247720510912698
january_2025,10,3.0,PRC,24,-24,0.19855167187499997
january_2025,10,3.0,PRC,24,0,0.21768098055555554
january_2025,10,3.0,PRC,24,24,0.24108953877314812
january_2025,10,0.0,RTOLCAP,-24,-24,0.0006859045138888889
january_2025,10,0.0,RTOLCAP,-24,0,0.0005879181547619048
january_2025,10,0.0,RTOLCAP,-24,24,0.0005144283854166666
january_2025,10,0.0,RTOLCAP,0,-24,0.0008230854166666666
january_2025,10,0.0,RTOLCAP,0,0,0.0006859045138888889
january_2025,10,0.0,RTOLCAP,0,24,0.0005879181547619048
january_2025,10,0.0,RTOLCAP,24,-24,0.0010288567708333332
january_2025,10,0.0,RTOLCAP,24,0,0.0008230854166666666
january_2025,10,0.0,RTOLCAP,24,24,0.0006859045138888889
january_2025,10,3.0,RTOLCAP,-24,-24,0.012228011574074072
january_2025,10,3.0,RTOLCAP,-24,0,0.011486221726190475
january_2025,10,3.0,RTOLCAP,-24,24,0.01220160503472222
january_2025,10,3.0,RTOLCAP,0,-24,0.014673613888888885
january_2025,10,3.0,RTOLCAP,0,0,0.013400592013888888
january_2025,10,3.0,RTOLCAP,0,24,0.013944691468253967
january_2025,10,3.0,RTOLCAP,24,-24,0.01812097222222222
january_2025,10,3.0,RTOLCAP,24,0,0.01590387430555555
january_2025,10,3.0,RTOLCAP,24,24,0.016121443287037036
january_2025,10,0.0,RTOLCAP+RTOFFCAP,-24,-24,0.0
january_2025,10,0.0,RTOLCAP+RTOFFCAP,-24,0,0.0
january_2025,10,0.0,RTOLCAP+RTOFFCAP,-24,24,0.0
january_2025,10,0.0,RTOLCAP+RTOFFCAP,0,-24,0.0
january_2025,10,0.0,RTOLCAP+RTOFFCAP,0,0,0.0
january_2025,10,0.0,RTOLCAP+RTOFFCAP,0,24,0.0
january_2025,10,0.0,RTOLCAP+RTOFFCAP,24,-24,0.0
january_2025,10,0.0,RTOLCAP+RTOFFCAP,24,0,0.0
january_2025,10,0.0,RTOLCAP+RTOFFCAP,24,24,0.0
january_2025,10,3.0,RTOLCAP+RTOFFCAP,-24,-24,0.0005368113425925926
january_2025,10,3.0,RTOLCAP+RTOFFCAP,-24,0,0.000460124007936508
january_2025,10,3.0,RTOLCAP+RTOFFCAP,-24,24,0.0004026085069444445
january_2025,10,3.0,RTOLCAP+RTOFFCAP,0,-24,0.0006441736111111112
january_2025,10,3.0,RTOLCAP+RTOFFCAP,0,0,0.0005368113425925926
january_2025,10,3.0,RTOLCAP+RTOFFCAP,0,24,0.000460124007936508
january_2025,10,3.0,RTOLCAP+RTOFFCAP,24,-24,0.000805217013888889
january_2025,10,3.0,RTOLCAP+RTOFFCAP,24,0,0.0006441736111111112
january_2025,10,3.0,RTOLCAP+RTOFFCAP,24,24,0.0005368113425925926
january_2025,11,0.0,PRC,-24,-24,0.05533660300925925
january_2025,11,0.0,PRC,-24,0,0.06452000811688312
january_2025,11,0.0,PRC,-24,24,0.07453140743371213
january_2025,11,0.0,PRC,0,-24,0.06483573737373736
january_2025,11,0.0,PRC,0,0,0.07396652093855217
january_2025,11,0.0,PRC,0,24,0.08405861832611833
january_2025,11,0.0,PRC,24,-24,0.06747034880050504
january_2025,11,0.0,PRC,24,0,0.07790036679292929
january_2025,11,0.0,PRC,24,24,0.08901883943602693
january_2025,11,3.0,PRC,-24,-24,0.20352227693602695
january_2025,11,3.0,PRC,-24,0,0.22546190025252524
january_2025,11,3.0,PRC,-24,24,0.2493396547506313
january_2025,11,3.0,PRC,0,-24,0.23211354356060607
january_2025,11,3.0,PRC,0,0,0.25294455965909085
january_2025,11,3.0,PRC,0,24,0.27630732774170275
january_2025,11,3.0,PRC,24,-24,0.2523170209911616
january_2025,11,3.0,PRC,24,0,0.2732735448232323
january_2025,11,3.0,PRC,24,24,0.29714194339225586
january_2025,11,0.0,RTOLCAP,-24,-24,0.0025082312710437704
january_2025,11,0.0,RTOLCAP,-24,0,0.0021499125180375177
january_2025,11,0.0,RTOLCAP,-24,24,0.001900336963383838
january_2025,11,0.0,RTOLCAP,0,-24,0.0030098775252525244
january_2025,11,0.0,RTOLCAP,0,0,0.002508231271043771
january_2025,11,0.0,RTOLCAP,0,24,0.002171813672438672
january_2025,11,0.0,RTOLCAP,24,-24,0.0037623469065656556
january_2025,11,0.0,RTOLCAP,24,0,0.0030098775252525244
january_2025,11,0.0,RTOLCAP,24,24,0.002533782617845117
january_2025,11,3.0,RTOLCAP,-24,-24,0.018127588909932657
january_2025,11,3.0,RTOLCAP,-24,0,0.019726637355699857
january_2025,11,3.0,RTOLCAP,-24,24,0.021964172190656564
january_2025,11,3.0,RTOLCAP,0,-24,0.02175310669191919
january_2025,11,3.0,RTOLCAP,0,0,0.0230144102483165
january_2025,11,3.0,RTOLCAP,0,24,0.02510191107503608
january_2025,11,3.0,RTOLCAP,24,-24,0.025764251104797978
january_2025,11,3.0,RTOLCAP,24,0,0.02647558648989899
january_2025,11,3.0,RTOLCAP,24,24,0.028334141414141412
january_2025,11,0.0,RTOLCAP+RTOFFCAP,-24,-24,0.0
january_2025,11,0.0,RTOLCAP+RTOFFCAP,-24,0,0.0
january_2025,11,0.0,RTOLCAP+RTOFFCAP,-24,24,0.0
january_2025,11,0.0,RTOLCAP+RTOFFCAP,0,-24,0.0
january_2025,11,0.0,RTOLCAP+RTOFFCAP,0,0,0.0
january_2025,11,0.0,RTOLCAP+RTOFFCAP,0,24,0.0
january_2025,11,0.0,RTOLCAP+RTOFFCAP,24,-24,0.0
january_2025,11,0.0,RTOLCAP+RTOFFCAP,24,0,0.0
january_2025,11,0.0,RTOLCAP+RTOFFCAP,24,24,0.0
january_2025,11,3.0,RTOLCAP+RTOFFCAP,-24,-24,0.0020828898358585856
january_2025,11,3.0,RTOLCAP+RTOFFCAP,-24,0,0.0017853341450216446
january_2025,11,3.0,RTOLCAP+RTOFFCAP,-24,24,0.001562167376893939
january_2025,11,3.0,RTOLCAP+RTOFFCAP,0,-24,0.0024994678030303024
january_2025,11,3.0,RTOLCAP+RTOFFCAP,0,0,0.0020828898358585856
january_2025,11,3.0,RTOLCAP+RTOFFCAP,0,24,0.0017853341450216446
january_2025,11,3.0,RTOLCAP+RTOFFCAP,24,-24,0.003124334753787878
january_2025,11,3.0,RTOLCAP+RTOFFCAP,24,0,0.0024994678030303024
january_2025,11,3.0,RTOLCAP+RTOFFCAP,24,24,0.0020828898358585856
january_2025,12,0.0,PRC,-24,-24,0.0871103510802469
january_2025,12,0.0,PRC,-24,0,0.09925533523478834
january_2025,12,0.0,PRC,-24,24,0.11373720269097223
january_2025,12,0.0,PRC,0,-24,0.10139769791666667
january_2025,12,0.0,PRC,0,0,0.1131856216242284
january_2025,12,0.0,PRC,0,24,0.12774628637566138
january_2025,12,0.0,PRC,24,-24,0.10767071831597222
january_2025,12,0.0,PRC,24,0,0.12056162268518518
january_2025,12,0.0,PRC,24,24,0.13631973138503087
january_2025,12,3.0,PRC,-24,-24,0.2447684915123457
january_2025,12,3.0,PRC,-24,0,0.26844496197089945
january_2025,12,3.0,PRC,-24,24,0.29302812608506945
january_2025,12,3.0,PRC,0,-24,0.2758729149305556
january_2025,12,3.0,PRC,0,0,0.2983113932291666
january_2025,12,3.0,PRC,0,24,0.3221398048941799
january_2025,12,3.0,PRC,24,-24,0.30051466724537035
january_2025,12,3.0,PRC,24,0,0.32251249074074073
january_2025,12,3.0,PRC,24,24,0.34627878809799384
january_2025,12,0.0,RTOLCAP,-24,-24,0.005583163097993827
january_2025,12,0.0,RTOLCAP,-24,0,0.004898873181216932
january_2025,12,0.0,RTOLCAP,-24,24,0.0047537583188657405
january_2025,12,0.0,RTOLCAP,0,-24,0.006699795717592593
january_2025,12,0.0,RTOLCAP,0,0,0.005715352044753087
january_2025,12,0.0,RTOLCAP,0,24,0.005432866650132275
january_2025,12,0.0,RTOLCAP,24,-24,0.00837474464699074
january_2025,12,0.0,RTOLCAP,24,0,0.006858422453703704
january_2025,12,0.0,RTOLCAP,24,24,0.006338344425154321
january_2025,12,3.0,RTOLCAP,-24,-24,0.02571650221836419
january_2025,12,3.0,RTOLCAP,-24,0,0.030579669312169308
january_2025,12,3.0,RTOLCAP,-24,24,0.03499923068576389
january_2025,12,3.0,RTOLCAP,0,-24,0.030859802662037028
january_2025,12,3.0,RTOLCAP,0,0,0.03567628086419754
january_2025,12,3.0,RTOLCAP,0,24,0.03999912078373016
january_2025,12,3.0,RTOLCAP,24,-24,0.034950747251157405
january_2025,12,3.0,RTOLCAP,24,0,0.03991233217592592
january_2025,12,3.0,RTOLCAP,24,24,0.04424963686342592
january_2025,12,0.0,RTOLCAP+RTOFFCAP,-24,-24,0.0
january_2025,12,0.0,RTOLCAP+RTOFFCAP,-24,0,0.0
january_2025,12,0.0,RTOLCAP+RTOFFCAP,-24,24,0.0
january_2025,12,0.0,RTOLCAP+RTOFFCAP,0,-24,0.0
january_2025,12,0.0,RTOLCAP+RTOFFCAP,0,0,0.0
january_2025,12,0.0,RTOLCAP+RTOFFCAP,0,24,0.0
january_2025,12,0.0,RTOLCAP+RTOFFCAP,24,-24,0.0
january_2025,12,0.0,RTOLCAP+RTOFFCAP,24,0,0.0
january_2025,12,0.0,RTOLCAP+RTOFFCAP,24,24,0.0
january_2025,12,3.0,RTOLCAP+RTOFFCAP,-24,-24,0.0040448808834876535
january_2025,12,3.0,RTOLCAP+RTOFFCAP,-24,0,0.0034670407572751317
january_2025,12,3.0,RTOLCAP+RTOFFCAP,-24,24,0.0030336606626157406
january_2025,12,3.0,RTOLCAP+RTOFFCAP,0,-24,0.004853857060185185
january_2025,12,3.0,RTOLCAP+RTOFFCAP,0,0,0.0040448808834876535
january_2025,12,3.0,RTOLCAP+RTOFFCAP,0,24,0.0034670407572751317
january_2025,12,3.0,RTOLCAP+RTOFFCAP,24,-24,0.006067321325231481
january_2025,12,3.0,RTOLCAP+RTOFFCAP,24,0,0.004853857060185185
january_2025,12,3.0,RTOLCAP+RTOFFCAP,24,24,0.0040448808834876535
january_2025,13,0.0,PRC,-24,-24,0.12243986645299144
january_2025,13,0.0,PRC,-24,0,0.13727793116605616
january_2025,13,0.0,PRC,-24,24,0.15455399071848291
january_2025,13,0.0,PRC,0,-24,0.14170366346153845
january_2025,13,0.0,PRC,0,0,0.1558041061253561
january_2025,13,0.0,PRC,0,24,0.17290157776251525
january_2025,13,0.0,PRC,24,-24,0.1527320552884615
january_2025,13,0.0,PRC,24,0,0.16744690811965812
january_2025,13,0.0,PRC,24,24,0.18545349136396008
january_2025,13,3.0,PRC,-24,-24,0.28741172898860395
january_2025,13,3.0,PRC,-24,0,0.3114742887667888
january_2025,13,3.0,PRC,-24,24,0.3358219574652778
january_2025,13,3.0,PRC,0,-24,0.3175750913461538
january_2025,13,3.0,PRC,0,0,0.3406208506944444
january_2025,13,3.0,PRC,0,24,0.3642829632173382
january_2025,13,3.0,PRC,24,-24,0.34521764222756407
january_2025,13,3.0,PRC,24,0,0.3673440432692307
january_2025,13,3.0,PRC,24,24,0.3904959757834757
january_2025,13,0.0,RTOLCAP,-24,-24,0.009406162749287747
january_2025,13,0.0,RTOLCAP,-24,0,0.008835555173992673
january_2025,13,0.0,RTOLCAP,-24,24,0.009385850026709401
january_2025,13,0.0,RTOLCAP,0,-24,0.011287395299145296
january_2025,13,0.0,RTOLCAP,0,0,0.010308147702991452
january_2025,13,0.0,RTOLCAP,0,24,0.010726685744810744
january_2025,13,0.0,RTOLCAP,24,-24,0.0139392094017094
january_2025,13,0.0,RTOLCAP,24,0,0.012233749465811962
january_2025,13,0.0,RTOLCAP,24,24,0.012401110220797719
january_2025,13,3.0,RTOLCAP,-24,-24,0.03514261885683761
january_2025,13,3.0,RTOLCAP,-24,0,0.043090318223443225
january_2025,13,3.0,RTOLCAP,-24,24,0.05103847856570512
january_2025,13,3.0,RTOLCAP,0,-24,0.042068111111111105
january_2025,13,3.0,RTOLCAP,0,0,0.05018617832977208
january_2025,13,3.0,RTOLCAP,0,24,0.05825609584859585
january_2025,13,3.0,RTOLCAP,24,-24,0.045666358840811966
january_2025,13,3.0,RTOLCAP,24,0,0.05468838995726495
january_2025,13,3.0,RTOLCAP,24,24,0.06335292512464388
january_2025,13,0.0,RTOLCAP+RTOFFCAP,-24,-24,0.00041293180199430203
january_2025,13,0.0,RTOLCAP+RTOFFCAP,-24,0,0.0003539415445665446
january_2025,13,0.0,RTOLCAP+RTOFFCAP,-24,24,0.00030969885149572654
january_2025,13,0.0,RTOLCAP+RTOFFCAP,0,-24,0.0004955181623931624
january_2025,13,0.0,RTOLCAP+RTOFFCAP,0,0,0.00041293180199430203
january_2025,13,0.0,RTOLCAP+RTOFFCAP,0,24,0.0003539415445665446
january_2025,13,0.0,RTOLCAP+RTOFFCAP,24,-24,0.0006193977029914531
january_2025,13,0.0,RTOLCAP+RTOFFCAP,24,0,0.0004955181623931624
january_2025,13,0.0,RTOLCAP+RTOFFCAP,24,24,0.00041293180199430203
january_2025,13,3.0,RTOLCAP+RTOFFCAP,-24,-24,0.007061783742877493
january_2025,13,3.0,RTOLCAP+RTOFFCAP,-24,0,0.00606051510989011
january_2025,13,3.0,RTOLCAP+RTOFFCAP,-24,24,0.00533137686965812
january_2025,13,3.0,RTOLCAP+RTOFFCAP,0,-24,0.008474140491452993
january_2025,13,3.0,RTOLCAP+RTOFFCAP,0,0,0.00707060096153846
january_2025,13,3.0,RTOLCAP+RTOFFCAP,0,24,0.0060930021367521375
january_2025,13,3.0,RTOLCAP+RTOFFCAP,24,-24,0.010592675614316241
january_2025,13,3.0,RTOLCAP+RTOFFCAP,24,0,0.008484721153846155
january_2025,13,3.0,RTOLCAP+RTOFFCAP,24,24,0.007108502492877494
january_2025,14,0.0,PRC,-24,-24,0.15991036044973544
january_2025,14,0.0,PRC,-24,0,0.17714863591269842
january_2025,14,0.0,PRC,-24,24,0.1959097287326389
january_2025,14,0.0,PRC,0,-24,0.18237492708333333
january_2025,14,0.0,PRC,0,0,0.1987421540178571
january_2025,14,0.0,PRC,0,24,0.21709861465419503
january_2025,14,0.0,PRC,24,-24,0.198249087921627
january_2025,14,0.0,PRC,24,0,0.21471492807539683
january_2025,14,0.0,PRC,24,24,0.23346866980820102
january_2025,14,3.0,PRC,-24,-24,0.3339313694609788
january_2025,14,3.0,PRC,-24,0,0.3569008209325396
january_2025,14,3.0,PRC,-24,24,0.3799786049107143
january_2025,14,3.0,PRC,0,-24,0.361133869047619
january_2025,14,3.0,PRC,0,0,0.38339781249999993
january_2025,14,3.0,PRC,0,24,0.4059871382511338
january_2025,14,3.0,PRC,24,-24,0.3880382161458333
january_2025,14,3.0,PRC,24,0,0.40937407886904753
january_2025,14,3.0,PRC,24,24,0.43139891451719575
january_2025,14,0.0,RTOLCAP,-24,-24,0.014243105572089946
january_2025,14,0.0,RTOLCAP,-24,0,0.015499500779478459
january_2025,14,0.0,RTOLCAP,-24,24,0.017257563864087302
january_2025,14,0.0,RTOLCAP,0,-24,0.017091726686507935
january_2025,14,0.0,RTOLCAP,0,0,0.018082750909391536
january_2025,14,0.0,RTOLCAP,0,24,0.01972293013038549
january_2025,14,0.0,RTOLCAP,24,-24,0.02024334015376984
january_2025,14,0.0,RTOLCAP,24,0,0.020802246527777776
january_2025,14,0.0,RTOLCAP,24,24,0.022262539682539682
january_2025,14,3.0,RTOLCAP,-24,-24,0.04702090567129629
january_2025,14,3.0,RTOLCAP,-24,0,0.05789545493197278
january_2025,14,3.0,RTOLCAP,-24,24,0.07011964192708332
january_2025,14,3.0,RTOLCAP,0,-24,0.055786269841269824
january_2025,14,3.0,RTOLCAP,0,0,0.06701234995039682
january_2025,14,3.0,RTOLCAP,0,24,0.07968043579931973
january_2025,14,3.0,RTOLCAP,24,-24,0.05950699342757937
january_2025,14,3.0,RTOLCAP,24,0,0.07223414484126983
january_2025,14,3.0,RTOLCAP,24,24,0.08614327918320105
january_2025,14,0.0,RTOLCAP+RTOFFCAP,-24,-24,0.0016365562996031742
january_2025,14,0.0,RTOLCAP+RTOFFCAP,-24,0,0.0014027625425170065
january_2025,14,0.0,RTOLCAP+RTOFFCAP,-24,24,0.0012274172247023806
january_2025,14,0.0,RTOLCAP+RTOFFCAP,0,-24,0.001963867559523809
january_2025,14,0.0,RTOLCAP+RTOFFCAP,0,0,0.0016365562996031742
january_2025,14,0.0,RTOLCAP+RTOFFCAP,0,24,0.0014027625425170065
january_2025,14,0.0,RTOLCAP+RTOFFCAP,24,-24,0.002454834449404761
january_2025,14,0.0,RTOLCAP+RTOFFCAP,24,0,0.001963867559523809
january_2025,14,0.0,RTOLCAP+RTOFFCAP,24,24,0.0016365562996031742
january_2025,14,3.0,RTOLCAP+RTOFFCAP,-24,-24,0.01056937996031746
january_2025,14,3.0,RTOLCAP+RTOFFCAP,-24,0,0.009228400297619047
january_2025,14,3.0,RTOLCAP+RTOFFCAP,-24,24,0.008341299913194445
january_2025,14,3.0,RTOLCAP+RTOFFCAP,0,-24,0.012683255952380951
january_2025,14,3.0,RTOLCAP+RTOFFCAP,0,0,0.010766467013888888
january_2025,14,3.0,RTOLCAP+RTOFFCAP,0,24,0.009532914186507938
january_2025,14,3.0,RTOLCAP+RTOFFCAP,24,-24,0.01585406994047619
january_2025,14,3.0,RTOLCAP+RTOFFCAP,24,0,0.012919760416666665
january_2025,14,3.0,RTOLCAP+RTOFFCAP,24,24,0.011121733217592593
january_2025,15,0.0,PRC,-24,-24,0.19581479320987655
january_2025,15,0.0,PRC,-24,0,0.21475596957671958
january_2025,15,0.0,PRC,-24,24,0.23442250086805555
january_2025,15,0.0,PRC,0,-24,0.22069833194444446
january_2025,15,0.0,PRC,0,0,0.2386491145833333
january_2025,15,0.0,PRC,0,24,0.2577118439153439
january_2025,15,0.0,PRC,24,-24,0.24041173379629627
january_2025,15,0.0,PRC,24,0,0.25800999259259255
january_2025,15,0.0,PRC,24,24,0.27702303047839505
january_2025,15,3.0,PRC,-24,-24,0.3776718969907407
january_2025,15,3.0,PRC,-24,0,0.3992049156746031
january_2025,15,3.0,PRC,-24,24,0.42081532870370375
january_2025,15,3.0,PRC,0,-24,0.40292808703703703
january_2025,15,3.0,PRC,0,0,0.4238405771604937
january_2025,15,3.0,PRC,0,24,0.4450188118386243
january_2025,15,3.0,PRC,24,-24,0.42804059375
january_2025,15,3.0,PRC,24,0,0.4481130805555555
january_2025,15,3.0,PRC,24,24,0.4687756037808642
january_2025,15,0.0,RTOLCAP,-24,-24,0.020573201774691352
january_2025,15,0.0,RTOLCAP,-24,0,0.024463735449735447
january_2025,15,0.0,RTOLCAP,-24,24,0.02799938454861111
january_2025,15,0.0,RTOLCAP,0,-24,0.024687842129629625
january_2025,15,0.0,RTOLCAP,0,0,0.028541024691358028
january_2025,15,0.0,RTOLCAP,0,24,0.03199929662698413
january_2025,15,0.0,RTOLCAP,24,-24,0.027960597800925927
january_2025,15,0.0,RTOLCAP,24,0,0.03192986574074074
january_2025,15,0.0,RTOLCAP,24,24,0.03539970949074074
january_2025,15,3.0,RTOLCAP,-24,-24,0.05969311149691359
january_2025,15,3.0,RTOLCAP,-24,0,0.07343263359788359
january_2025,15,3.0,RTOLCAP,-24,24,0.08936058912037036
january_2025,15,3.0,RTOLCAP,0,-24,0.07031432731481482
january_2025,15,3.0,RTOLCAP,0,0,0.08457356712962961
january_2025,15,3.0,RTOLCAP,0,24,0.10118538293650793
january_2025,15,3.0,RTOLCAP,24,-24,0.07442168634259261
january_2025,15,3.0,RTOLCAP,24,0,0.0907113023148148
january_2025,15,3.0,RTOLCAP,24,24,0.10906879822530864
january_2025,15,0.0,RTOLCAP+RTOFFCAP,-24,-24,0.003235904706790123
january_2025,15,0.0,RTOLCAP+RTOFFCAP,-24,0,0.0027736326058201057
january_2025,15,0.0,RTOLCAP+RTOFFCAP,-24,24,0.0024269285300925923
january_2025,15,0.0,RTOLCAP+RTOFFCAP,0,-24,0.0038830856481481477
january_2025,15,0.0,RTOLCAP+RTOFFCAP,0,0,0.003235904706790123
january_2025,15,0.0,RTOLCAP+RTOFFCAP,0,24,0.0027736326058201057
january_2025,15,0.0,RTOLCAP+RTOFFCAP,24,-24,0.004853857060185185
january_2025,15,0.0,RTOLCAP+RTOFFCAP,24,0,0.0038830856481481477
january_2025,15,0.0,RTOLCAP+RTOFFCAP,24,24,0.003235904706790123
january_2025,15,3.0,RTOLCAP+RTOFFCAP,-24,-24,0.014261770061728393
january_2025,15,3.0,RTOLCAP+RTOFFCAP,-24,0,0.013050714616402115
january_2025,15,3.0,RTOLCAP+RTOFFCAP,-24,24,0.012312421585648147
january_2025,15,3.0,RTOLCAP+RTOFFCAP,0,-24,0.01711412407407407
january_2025,15,3.0,RTOLCAP+RTOFFCAP,0,0,0.015225833719135799
january_2025,15,3.0,RTOLCAP+RTOFFCAP,0,24,0.014071338955026456
january_2025,15,3.0,RTOLCAP+RTOFFCAP,24,-24,0.02139265509259259
january_2025,15,3.0,RTOLCAP+RTOFFCAP,24,0,0.01827100046296296
january_2025,15,3.0,RTOLCAP+RTOFFCAP,24,24,0.01641656211419753
january_2025,16,0.0,PRC,-24,-24,0.23352202980324072
january_2025,16,0.0,PRC,-24,0,0.2530728596230159
january_2025,16,0.0,PRC,-24,24,0.2728553404405382
january_2025,16,0.0,PRC,0,-24,0.25802976171875
january_2025,16,0.0,PRC,0,0,0.2767544411892361
january_2025,16,0.0,PRC,0,24,0.2959799076140873
january_2025,16,0.0,PRC,24,-24,0.2804893343098958
january_2025,16,0.0,PRC,24,0,0.29846703515624995
january_2025,16,0.0,PRC,24,24,0.317277980324074
january_2025,16,3.0,PRC,-24,-24,0.4165674034288194
january_2025,16,3.0,PRC,-24,0,0.43675460844494035
january_2025,16,3.0,PRC,-24,24,0.45701437065972217
january_2025,16,3.0,PRC,0,-24,0.4402450815972222
january_2025,16,3.0,PRC,0,0,0.45985054108796286
january_2025,16,3.0,PRC,0,24,0.4797051360987103
january_2025,16,3.0,PRC,24,-24,0.46378805664062506
january_2025,16,3.0,PRC,24,0,0.4826060130208333
january_2025,16,3.0,PRC,24,24,0.5019771285445602
january_2025,16,0.0,RTOLCAP,-24,-24,0.028553377821180555
january_2025,16,0.0,RTOLCAP,-24,0,0.03501088355654762
january_2025,16,0.0,RTOLCAP,-24,24,0.04146876383463541
january_2025,16,0.0,RTOLCAP,0,-24,0.034180340277777777
january_2025,16,0.0,RTOLCAP,0,0,0.040776269892939816
january_2025,16,0.0,RTOLCAP,0,24,0.047333077876984125
january_2025,16,0.0,RTOLCAP,24,-24,0.03710391655815972
january_2025,16,0.0,RTOLCAP,24,0,0.04443431684027777
january_2025,16,0.0,RTOLCAP,24,24,0.05147425166377315
january_2025,16,3.0,RTOLCAP,-24,-24,0.07392789460358795
january_2025,16,3.0,RTOLCAP,-24,0,0.0897837853422619
january_2025,16,3.0,RTOLCAP,-24,24,0.10918800265842014
january_2025,16,3.0,RTOLCAP,0,-24,0.08643899435763888
january_2025,16,3.0,RTOLCAP,0,0,0.10285235026041666
january_2025,16,3.0,RTOLCAP,0,24,0.12316166077628966
january_2025,16,3.0,RTOLCAP,24,-24,0.09144246256510416
january_2025,16,3.0,RTOLCAP,24,0,0.11013779600694446
january_2025,16,3.0,RTOLCAP,24,24,0.13261775065104167
january_2025,16,0.0,RTOLCAP+RTOFFCAP,-24,-24,0.005737699291087963
january_2025,16,0.0,RTOLCAP+RTOFFCAP,-24,0,0.0049241685267857145
january_2025,16,0.0,RTOLCAP+RTOFFCAP,-24,24,0.0043317437065972225
january_2025,16,0.0,RTOLCAP+RTOFFCAP,0,-24,0.006885239149305556
january_2025,16,0.0,RTOLCAP+RTOFFCAP,0,0,0.005744863281249999
january_2025,16,0.0,RTOLCAP+RTOFFCAP,0,24,0.004950564236111112
january_2025,16,0.0,RTOLCAP+RTOFFCAP,24,-24,0.008606548936631946
january_2025,16,0.0,RTOLCAP+RTOFFCAP,24,0,0.0068938359375000004
january_2025,16,0.0,RTOLCAP+RTOFFCAP,24,24,0.0057756582754629636
january_2025,16,3.0,RTOLCAP+RTOFFCAP,-24,-24,0.01794005425347222
january_2025,16,3.0,RTOLCAP+RTOFFCAP,-24,0,0.017256490265376984
january_2025,16,3.0,RTOLCAP+RTOFFCAP,-24,24,0.01724314534505208
january_2025,16,3.0,RTOLCAP+RTOFFCAP,0,-24,0.021528065104166664
january_2025,16,3.0,RTOLCAP+RTOFFCAP,0,0,0.02013257197627315
january_2025,16,3.0,RTOLCAP+RTOFFCAP,0,24,0.01970645182291666
january_2025,16,3.0,RTOLCAP+RTOFFCAP,24,-24,0.02691008138020833
january_2025,16,3.0,RTOLCAP+RTOFFCAP,24,0,0.02415908637152778
january_2025,16,3.0,RTOLCAP+RTOFFCAP,24,24,0.022990860460069446
january_2025,17,0.0,PRC,-24,-24,0.2750023042619825
january_2025,17,0.0,PRC,-24,0,0.293918323120915
january_2025,17,0.0,PRC,-24,24,0.3129235569852941
january_2025,17,0.0,PRC,0,-24,0.297404362745098
january_2025,17,0.0,PRC,0,0,0.31573937499999993
january_2025,17,0.0,PRC,0,24,0.33434234914799255
january_2025,17,0.0,PRC,24,-24,0.31956088388480386
january_2025,17,0.0,PRC,24,0,0.33713159436274504
january_2025,17,0.0,PRC,24,24,0.35526969430827887
january_2025,17,3.0,PRC,-24,-24,0.4508869679330065
january_2025,17,3.0,PRC,-24,0,0.46988669030112035
january_2025,17,3.0,PRC,-24,24,0.4889547017973856
january_2025,17,3.0,PRC,0,-24,0.47317184150326796
january_2025,17,3.0,PRC,0,0,0.4916240386710239
january_2025,17,3.0,PRC,0,24,0.5103107163281979
january_2025,17,3.0,PRC,24,-24,0.49532993566176475
january_2025,17,3.0,PRC,24,0,0.5130409534313725
january_2025,17,3.0,PRC,24,24,0.5312725915713508
january_2025,17,0.0,RTOLCAP,-24,-24,0.03872309878812636
january_2025,17,0.0,RTOLCAP,-24,0,0.04767860994397759
january_2025,17,0.0,RTOLCAP,-24,24,0.05774558746936274
january_2025,17,0.0,RTOLCAP,0,-24,0.04594163398692809
january_2025,17,0.0,RTOLCAP,0,0,0.05518664113562091
january_2025,17,0.0,RTOLCAP,0,24,0.06561918242296919
january_2025,17,0.0,RTOLCAP,24,-24,0.04900575929330066
january_2025,17,0.0,RTOLCAP,24,0,0.05948694281045751
january_2025,17,0.0,RTOLCAP,24,24,0.0709415240332244
january_2025,17,3.0,RTOLCAP,-24,-24,0.08919691312636166
january_2025,17,3.0,RTOLCAP,-24,0,0.10659176937441643
january_2025,17,3.0,RTOLCAP,-24,24,0.12927973090277778
january_2025,17,3.0,RTOLCAP,0,-24,0.10363096160130719
january_2025,17,3.0,RTOLCAP,0,0,0.12151928581154685
january_2025,17,3.0,RTOLCAP,0,24,0.14531588235294116
january_2025,17,3.0,RTOLCAP,24,-24,0.10964503829656863
january_2025,17,3.0,RTOLCAP,24,0,0.12990821200980393
january_2025,17,3.0,RTOLCAP,24,24,0.1562727536083878
january_2025,17,0.0,RTOLCAP+RTOFFCAP,-24,-24,0.008704195261437907
january_2025,17,0.0,RTOLCAP+RTOFFCAP,-24,0,0.0075998590686274506
january_2025,17,0.0,RTOLCAP+RTOFFCAP,-24,24,0.006869305810866014
january_2025,17,0.0,RTOLCAP+RTOFFCAP,0,-24,0.010445034313725489
january_2025,17,0.0,RTOLCAP+RTOFFCAP,0,0,0.008866502246732025
january_2025,17,0.0,RTOLCAP+RTOFFCAP,0,24,0.007850635212418302
january_2025,17,0.0,RTOLCAP+RTOFFCAP,24,-24,0.013056292892156863
january_2025,17,0.0,RTOLCAP+RTOFFCAP,24,0,0.010639802696078431
january_2025,17,0.0,RTOLCAP+RTOFFCAP,24,24,0.009159074414488018
january_2025,17,3.0,RTOLCAP+RTOFFCAP,-24,-24,0.021879417551742924
january_2025,17,3.0,RTOLCAP+RTOFFCAP,-24,0,0.022656772875816997
january_2025,17,3.0,RTOLCAP+RTOFFCAP,-24,24,0.023663331290849677
january_2025,17,3.0,RTOLCAP+RTOFFCAP,0,-24,0.0262553010620915
january_2025,17,3.0,RTOLCAP+RTOFFCAP,0,0,0.026432901688453154
january_2025,17,3.0,RTOLCAP+RTOFFCAP,0,24,0.027043807189542482
january_2025,17,3.0,RTOLCAP+RTOFFCAP,24,-24,0.0325966779003268
january_2025,17,3.0,RTOLCAP+RTOFFCAP,24,0,0.03154152328431373
january_2025,17,3.0,RTOLCAP+RTOFFCAP,24,24,0.031402809436274506
january_2025,18,0.0,PRC,-24,-24,0.3147265808256173
january_2025,18,0.0,PRC,-24,0,0.33267076306216925
january_2025,18,0.0,PRC,-24,24,0.35067944058641976
january_2025,18,0.0,PRC,0,-24,0.3357734058641975
january_2025,18,0.0,PRC,0,0,0.3532004809670781
january_2025,18,0.0,PRC,0,24,0.3708490098655203
january_2025,18,0.0,PRC,24,-24,0.35670049479166666
january_2025,18,0.0,PRC,24,0,0.3734275671296296
january_2025,18,0.0,PRC,24,24,0.3906463364840535
january_2025,18,3.0,PRC,-24,-24,0.4813932474922839
january_2025,18,3.0,PRC,-24,0,0.4993374297288359
january_2025,18,3.0,PRC,-24,24,0.5173461072530864
january_2025,18,3.0,PRC,0,-24,0.5024400725308642
january_2025,18,3.0,PRC,0,0,0.5198671476337448
january_2025,18,3.0,PRC,0,24,0.5375156765321869
january_2025,18,3.0,PRC,24,-24,0.5233671614583334
january_2025,18,3.0,PRC,24,0,0.5400942337962963
january_2025,18,3.0,PRC,24,24,0.5573130031507201
january_2025,18,0.0,RTOLCAP,-24,-24,0.04974425958076132
january_2025,18,0.0,RTOLCAP,-24,0,0.061193861331569656
january_2025,18,0.0,RTOLCAP,-24,24,0.07446715760030864
january_2025,18,0.0,RTOLCAP,0,-24,0.05859527276234569
january_2025,18,0.0,RTOLCAP,0,0,0.07047797260802469
january_2025,18,0.0,RTOLCAP,0,24,0.08432115244708994
january_2025,18,0.0,RTOLCAP,24,-24,0.062018071952160504
january_2025,18,0.0,RTOLCAP,24,0,0.07559275192901234
january_2025,18,0.0,RTOLCAP,24,24,0.0908906651877572
january_2025,18,3.0,RTOLCAP,-24,-24,0.10616828253600824
january_2025,18,3.0,RTOLCAP,-24,0,0.12475760251322751
january_2025,18,3.0,RTOLCAP,-24,24,0.15011809654706787
january_2025,18,3.0,RTOLCAP,0,-24,0.12279177314814814
january_2025,18,3.0,RTOLCAP,0,0,0.14170873135288067
january_2025,18,3.0,RTOLCAP,0,24,0.16827056327160492
january_2025,18,3.0,RTOLCAP,24,-24,0.13038408516589503
january_2025,18,3.0,RTOLCAP,24,0,0.1515659726080247
january_2025,18,3.0,RTOLCAP,24,24,0.180911902970679
january_2025,18,0.0,RTOLCAP+RTOFFCAP,-24,-24,0.011884808384773661
january_2025,18,0.0,RTOLCAP+RTOFFCAP,-24,0,0.010875595513668429
january_2025,18,0.0,RTOLCAP+RTOFFCAP,-24,24,0.010260351321373455
january_2025,18,0.0,RTOLCAP+RTOFFCAP,0,-24,0.014261770061728393
january_2025,18,0.0,RTOLCAP+RTOFFCAP,0,0,0.0126881947659465
january_2025,18,0.0,RTOLCAP+RTOFFCAP,0,24,0.01172611579585538
january_2025,18,0.0,RTOLCAP+RTOFFCAP,24,-24,0.01782721257716049
january_2025,18,0.0,RTOLCAP+RTOFFCAP,24,0,0.015225833719135799
january_2025,18,0.0,RTOLCAP+RTOFFCAP,24,24,0.013680468428497941
january_2025,18,3.0,RTOLCAP+RTOFFCAP,-24,-24,0.026577995113168724
january_2025,18,3.0,RTOLCAP+RTOFFCAP,-24,0,0.029733610284391535
january_2025,18,3.0,RTOLCAP+RTOFFCAP,-24,24,0.03195074339313272
january_2025,18,3.0,RTOLCAP+RTOFFCAP,0,-24,0.03189359413580247
january_2025,18,3.0,RTOLCAP+RTOFFCAP,0,0,0.03468921199845679
january_2025,18,3.0,RTOLCAP+RTOFFCAP,0,24,0.03651513530643739
january_2025,18,3.0,RTOLCAP+RTOFFCAP,24,-24,0.0386876847029321
january_2025,18,3.0,RTOLCAP+RTOFFCAP,24,0,0.04068360802469136
january_2025,18,3.0,RTOLCAP+RTOFFCAP,24,24,0.04181478587962963
january_2025,19,0.0,PRC,-24,-24,0.3507936028874269
january_2025,19,0.0,PRC,-24,0,0.36779335447994976
january_2025,19,0.0,PRC,-24,24,0.384854206871345
january_2025,19,0.0,PRC,0,-24,0.37073270029239763
january_2025,19,0.0,PRC,0,0,0.38724256091617926
january_2025,19,0.0,PRC,0,24,0.4039622198725981
january_2025,19,0.0,PRC,24,-24,0.39055836348684214
january_2025,19,0.0,PRC,24,0,0.4064050635964912
january_2025,19,0.0,PRC,24,24,0.4227175819322612
january_2025,19,3.0,PRC,-24,-24,0.5086883397295321
january_2025,19,3.0,PRC,-24,0,0.5256880913220551
january_2025,19,3.0,PRC,-24,24,0.5427489437134503
january_2025,19,3.0,PRC,0,-24,0.5286274371345029
january_2025,19,3.0,PRC,0,0,0.5451372977582846
january_2025,19,3.0,PRC,0,24,0.5618569567147034
january_2025,19,3.0,PRC,24,-24,0.5484531003289475
january_2025,19,3.0,PRC,24,0,0.5642998004385965
january_2025,19,3.0,PRC,24,24,0.5806123187743664
january_2025,19,0.0,RTOLCAP,-24,-24,0.06225506913986354
january_2025,19,0.0,RTOLCAP,-24,0,0.07560739818295739
january_2025,19,0.0,RTOLCAP,-24,24,0.0919477917123538
january_2025,19,0.0,RTOLCAP,0,-24,0.07279073209064327
january_2025,19,0.0,RTOLCAP,0,0,0.08661250548245614
january_2025,19,0.0,RTOLCAP,0,24,0.10371508275898077
january_2025,19,0.0,RTOLCAP,24,-24,0.07700417900219299
january_2025,19,0.0,RTOLCAP,24,0,0.09274761769005849
january_2025,19,0.0,RTOLCAP,24,24,0.1116781058114035
january_2025,19,3.0,RTOLCAP,-24,-24,0.12448189784356724
january_2025,19,3.0,RTOLCAP,-24,0,0.14386975224519633
january_2025,19,3.0,RTOLCAP,-24,24,0.17126463838633038
january_2025,19,3.0,RTOLCAP,0,-24,0.14341111038011695
january_2025,19,3.0,RTOLCAP,0,0,0.16287540509259257
january_2025,19,3.0,RTOLCAP,0,24,0.19146875313283207
january_2025,19,3.0,RTOLCAP,24,-24,0.15302799707602338
january_2025,19,3.0,RTOLCAP,24,0,0.17446177339181287
january_2025,19,3.0,RTOLCAP,24,24,0.2058896180555555
january_2025,19,0.0,RTOLCAP+RTOFFCAP,-24,-24,0.015107414108187132
january_2025,19,0.0,RTOLCAP+RTOFFCAP,-24,0,0.014531781276106933
january_2025,19,0.0,RTOLCAP+RTOFFCAP,-24,24,0.014520543448464908
january_2025,19,0.0,RTOLCAP+RTOFFCAP,0,-24,0.01812889692982456
january_2025,19,0.0,RTOLCAP+RTOFFCAP,0,0,0.016953744822124757
january_2025,19,0.0,RTOLCAP+RTOFFCAP,0,24,0.016594906798245608
january_2025,19,0.0,RTOLCAP+RTOFFCAP,24,-24,0.0226611211622807
january_2025,19,0.0,RTOLCAP+RTOFFCAP,24,0,0.02034449378654971
january_2025,19,0.0,RTOLCAP+RTOFFCAP,24,24,0.019360724597953217
january_2025,19,3.0,RTOLCAP+RTOFFCAP,-24,-24,0.03264846704434698
january_2025,19,3.0,RTOLCAP+RTOFFCAP,-24,0,0.038307475459482036
january_2025,19,3.0,RTOLCAP+RTOFFCAP,-24,24,0.04213509343019005
january_2025,19,3.0,RTOLCAP+RTOFFCAP,0,-24,0.03917816045321637
january_2025,19,3.0,RTOLCAP+RTOFFCAP,0,0,0.04469205470272904
january_2025,19,3.0,RTOLCAP+RTOFFCAP,0,24,0.04815439249164577
january_2025,19,3.0,RTOLCAP+RTOFFCAP,24,-24,0.046145729623538016
january_2025,19,3.0,RTOLCAP+RTOFFCAP,24,0,0.05136888888888889
january_2025,19,3.0,RTOLCAP+RTOFFCAP,24,24,0.05429547727826511
january_2025,20,0.0,PRC,-24,-24,0.38325392274305553
january_2025,20,0.0,PRC,-24,0,0.3994036867559523
january_2025,20,0.0,PRC,-24,24,0.41561149652777774
january_2025,20,0.0,PRC,0,-24,0.4021960652777778
january_2025,20,0.0,PRC,0,0,0.4178804328703703
january_2025,20,0.0,PRC,0,24,0.4337641088789682
january_2025,20,0.0,PRC,24,-24,0.42103044531250006
january_2025,20,0.0,PRC,24,0,0.43608481041666664
january_2025,20,0.0,PRC,24,24,0.45158170283564814
january_2025,20,3.0,PRC,-24,-24,0.5332539227430555
january_2025,20,3.0,PRC,-24,0,0.5494036867559523
january_2025,20,3.0,PRC,-24,24,0.5656114965277778
january_2025,20,3.0,PRC,0,-24,0.5521960652777778
january_2025,20,3.0,PRC,0,0,0.5678804328703703
january_2025,20,3.0,PRC,0,24,0.5837641088789682
january_2025,20,3.0,PRC,24,-24,0.5710304453125
january_2025,20,3.0,PRC,24,0,0.5860848104166667
january_2025,20,3.0,PRC,24,24,0.601581702835648
january_2025,20,0.0,RTOLCAP,-24,-24,0.07581737615740741
january_2025,20,0.0,RTOLCAP,-24,0,0.09060300396825396
january_2025,20,0.0,RTOLCAP,-24,24,0.1098877712673611
january_2025,20,0.0,RTOLCAP,0,-24,0.08808631736111111
january_2025,20,0.0,RTOLCAP,0,0,0.10329139293981482
january_2025,20,0.0,RTOLCAP,0,24,0.12351849999999999
january_2025,20,0.0,RTOLCAP,24,-24,0.09319828255208334
january_2025,20,0.0,RTOLCAP,24,0,0.11042198020833334
january_2025,20,0.0,RTOLCAP,24,24,0.13283184056712963
january_2025,20,3.0,RTOLCAP,-24,-24,0.14282474131944445
january_2025,20,3.0,RTOLCAP,-24,0,0.16277735863095236
january_2025,20,3.0,RTOLCAP,-24,24,0.19178986371527781
january_2025,20,3.0,RTOLCAP,0,-24,0.1639489888888889
january_2025,20,3.0,RTOLCAP,0,0,0.18370633449074072
january_2025,20,3.0,RTOLCAP,0,24,0.21387362946428565
january_2025,20,3.0,RTOLCAP,24,-24,0.17567861979166663
january_2025,20,3.0,RTOLCAP,24,0,0.19704150833333334
january_2025,20,3.0,RTOLCAP,24,24,0.2300141568287037
january_2025,20,0.0,RTOLCAP+RTOFFCAP,-24,-24,0.018597504918981485
january_2025,20,0.0,RTOLCAP+RTOFFCAP,-24,0,0.019258256944444448
january_2025,20,0.0,RTOLCAP+RTOFFCAP,-24,24,0.020113831597222225
january_2025,20,0.0,RTOLCAP+RTOFFCAP,0,-24,0.022317005902777777
january_2025,20,0.0,RTOLCAP+RTOFFCAP,0,0,0.022467966435185182
january_2025,20,0.0,RTOLCAP+RTOFFCAP,0,24,0.022987236111111108
january_2025,20,0.0,RTOLCAP+RTOFFCAP,24,-24,0.027707176215277775
january_2025,20,0.0,RTOLCAP+RTOFFCAP,24,0,0.026810294791666665
january_2025,20,0.0,RTOLCAP+RTOFFCAP,24,24,0.02669238802083333
january_2025,20,3.0,RTOLCAP+RTOFFCAP,-24,-24,0.04070130121527778
january_2025,20,3.0,RTOLCAP+RTOFFCAP,-24,0,0.04871439409722221
january_2025,20,3.0,RTOLCAP+RTOFFCAP,-24,24,0.055001684244791675
january_2025,20,3.0,RTOLCAP+RTOFFCAP,0,-24,0.04883453125
january_2025,20,3.0,RTOLCAP+RTOFFCAP,0,0,0.05682760127314815
january_2025,20,3.0,RTOLCAP+RTOFFCAP,0,24,0.06285404613095238
january_2025,20,3.0,RTOLCAP+RTOFFCAP,24,-24,0.055911007378472224
january_2025,20,3.0,RTOLCAP+RTOFFCAP,24,0,0.06408739618055555
january_2025,20,3.0,RTOLCAP+RTOFFCAP,24,24,0.06990828269675925
january_2025,21,0.0,PRC,-24,-24,0.4126227835648148
january_2025,21,0.0,PRC,-24,0,0.42800351119614505
january_2025,21,0.0,PRC,-24,24,0.44343952050264546
january_2025,21,0.0,PRC,0,-24,0.4306629193121693
january_2025,21,0.0,PRC,0,0,0.4456004122574955
january_2025,21,0.0,PRC,0,24,0.4607277227418745
january_2025,21,0.0,PRC,24,-24,0.4486004241071429
january_2025,21,0.0,PRC,24,0,0.46293791468253964
january_2025,21,0.0,PRC,24,24,0.4776968598434744
january_2025,21,3.0,PRC,-24,-24,0.5554799264219576
january_2025,21,3.0,PRC,-24,0,0.5708606540532879
january_2025,21,3.0,PRC,-24,24,0.5862966633597884
january_2025,21,3.0,PRC,0,-24,0.5735200621693122
january_2025,21,3.0,PRC,0,0,0.5884575551146384
january_2025,21,3.0,PRC,0,24,0.6035848655990174
january_2025,21,3.0,PRC,24,-24,0.5914575669642858
january_2025,21,3.0,PRC,24,0,0.6057950575396827
january_2025,21,3.0,PRC,24,24,0.6205540027006172
january_2025,21,0.0,RTOLCAP,-24,-24,0.0910013850308642
january_2025,21,0.0,RTOLCAP,-24,0,0.10693508786848073
january_2025,21,0.0,RTOLCAP,-24,24,0.12867265418320104
january_2025,21,0.0,RTOLCAP,0,-24,0.10525009126984126
january_2025,21,0.0,RTOLCAP,0,0,0.12146462687389772
january_2025,21,0.0,RTOLCAP,0,24,0.14423191137566135
january_2025,21,0.0,RTOLCAP,24,-24,0.1117577872850529
january_2025,21,0.0,RTOLCAP,24,0,0.1299136908068783
january_2025,21,0.0,RTOLCAP,24,24,0.15506734540343914
january_2025,21,3.0,RTOLCAP,-24,-24,0.16107964588844795
january_2025,21,3.0,RTOLCAP,-24,0,0.18140654927248676
january_2025,21,3.0,RTOLCAP,-24,24,0.21169232576884922
january_2025,21,3.0,RTOLCAP,0,-24,0.18433587235449733
january_2025,21,3.0,RTOLCAP,0,0,0.20417455522486772
january_2025,21,3.0,RTOLCAP,0,24,0.2355342989417989
january_2025,21,3.0,RTOLCAP,24,-24,0.1982587347056878
january_2025,21,3.0,RTOLCAP,24,0,0.21928058167989417
january_2025,21,3.0,RTOLCAP,24,24,0.2533492782738095
january_2025,21,0.0,RTOLCAP+RTOFFCAP,-24,-24,0.022781138668430335
january_2025,21,0.0,RTOLCAP+RTOFFCAP,-24,0,0.0254859516723356
january_2025,21,0.0,RTOLCAP+RTOFFCAP,-24,24,0.02738635147982804
january_2025,21,0.0,RTOLCAP+RTOFFCAP,0,-24,0.0273373664021164
january_2025,21,0.0,RTOLCAP+RTOFFCAP,0,0,0.029733610284391535
january_2025,21,0.0,RTOLCAP+RTOFFCAP,0,24,0.031298687405517764
january_2025,21,0.0,RTOLCAP+RTOFFCAP,24,-24,0.03316087260251323
january_2025,21,0.0,RTOLCAP+RTOFFCAP,24,0,0.034871664021164026
january_2025,21,0.0,RTOLCAP+RTOFFCAP,24,24,0.03584124503968254
january_2025,21,3.0,RTOLCAP+RTOFFCAP,-24,-24,0.04999849206349206
january_2025,21,3.0,RTOLCAP+RTOFFCAP,-24,0,0.0601890589569161
january_2025,21,3.0,RTOLCAP+RTOFFCAP,-24,24,0.06927329923115079
january_2025,21,3.0,RTOLCAP+RTOFFCAP,0,-24,0.05972600628306878
january_2025,21,3.0,RTOLCAP+RTOFFCAP,0,0,0.06999374862213403
january_2025,21,3.0,RTOLCAP+RTOFFCAP,0,24,0.0789750675547997
january_2025,21,3.0,RTOLCAP+RTOFFCAP,24,-24,0.06719196428571429
january_2025,21,3.0,RTOLCAP+RTOFFCAP,24,0,0.07802006349206347
january_2025,21,3.0,RTOLCAP+RTOFFCAP,24,24,0.08716054976851852
january_2025,22,0.0,PRC,-24,-24,0.43932174794823226
january_2025,22,0.0,PRC,-24,0,0.45400335159632027
january_2025,22,0.0,PRC,-24,24,0.4687377241161616
january_2025,22,0.0,PRC,0,-24,0.4565418775252525
january_2025,22,0.0,PRC,0,0,0.4708003935185185
january_2025,22,0.0,PRC,0,24,0.4852400989808802
january_2025,22,0.0,PRC,24,-24,0.47366404119318184
january_2025,22,0.0,PRC,24,0,0.4873498276515152
january_2025,22,0.0,PRC,24,24,0.5014379116687709
january_2025,22,3.0,PRC,-24,-24,0.5756853843118687
january_2025,22,3.0,PRC,-24,0,0.5903669879599568
january_2025,22,3.0,PRC,-24,24,0.6051013604797979
january_2025,22,3.0,PRC,0,-24,0.5929055138888889
january_2025,22,3.0,PRC,0,0,0.6071640298821548
january_2025,22,3.0,PRC,0,24,0.6216037353445166
january_2025,22,3.0,PRC,24,-24,0.6100276775568182
january_2025,22,3.0,PRC,24,0,0.6237134640151516
january_2025,22,3.0,PRC,24,24,0.6378015480324073
january_2025,22,0.0,RTOLCAP,-24,-24,0.10750709359217171
january_2025,22,0.0,RTOLCAP,-24,0,0.1242511496663059
january_2025,22,0.0,RTOLCAP,-24,24,0.14791036951546715
january_2025,22,0.0,RTOLCAP,0,-24,0.12385504987373737
january_2025,22,0.0,RTOLCAP,0,0,0.1406651225799663
january_2025,22,0.0,RTOLCAP,0,24,0.1653593777056277
january_2025,22,0.0,RTOLCAP,24,-24,0.1321605429292929
january_2025,22,0.0,RTOLCAP,24,0,0.15067153156565657
january_2025,22,0.0,RTOLCAP,24,24,0.17781376104797975
january_2025,22,3.0,RTOLCAP,-24,-24,0.1795592947706229
january_2025,22,3.0,RTOLCAP,-24,0,0.20015253900613275
january_2025,22,3.0,RTOLCAP,-24,24,0.23136953973327018
january_2025,22,3.0,RTOLCAP,0,-24,0.20477493308080805
january_2025,22,3.0,RTOLCAP,0,0,0.22459777830387206
january_2025,22,3.0,RTOLCAP,0,24,0.2567821735209235
january_2025,22,3.0,RTOLCAP,24,-24,0.22100881392045457
january_2025,22,3.0,RTOLCAP,24,0,0.24154945202020198
january_2025,22,3.0,RTOLCAP,24,24,0.2762726341540404
january_2025,22,0.0,RTOLCAP+RTOFFCAP,-24,-24,0.028196403356481478
january_2025,22,0.0,RTOLCAP+RTOFFCAP,-24,0,0.033083728805916306
january_2025,22,0.0,RTOLCAP+RTOFFCAP,-24,24,0.03638939887152777
january_2025,22,0.0,RTOLCAP+RTOFFCAP,0,-24,0.03383568402777778
january_2025,22,0.0,RTOLCAP+RTOFFCAP,0,0,0.03859768360690235
january_2025,22,0.0,RTOLCAP+RTOFFCAP,0,24,0.041587884424603164
january_2025,22,0.0,RTOLCAP+RTOFFCAP,24,-24,0.03985313012941919
january_2025,22,0.0,RTOLCAP+RTOFFCAP,24,0,0.044364040404040406
january_2025,22,0.0,RTOLCAP+RTOFFCAP,24,24,0.04689154855850169
january_2025,22,3.0,RTOLCAP+RTOFFCAP,-24,-24,0.06012058896254208
january_2025,22,3.0,RTOLCAP+RTOFFCAP,-24,0,0.07208913577741702
january_2025,22,3.0,RTOLCAP+RTOFFCAP,-24,24,0.08375953914141412
january_2025,22,3.0,RTOLCAP+RTOFFCAP,0,-24,0.07144178535353533
january_2025,22,3.0,RTOLCAP+RTOFFCAP,0,0,0.08351822390572389
january_2025,22,3.0,RTOLCAP+RTOFFCAP,0,24,0.09522310087481962
january_2025,22,3.0,RTOLCAP+RTOFFCAP,24,-24,0.0795224842171717
january_2025,22,3.0,RTOLCAP+RTOFFCAP,24,0,0.0923980707070707
january_2025,22,3.0,RTOLCAP+RTOFFCAP,24,24,0.10457378603745791
january_2025,23,0.0,PRC,-24,-24,0.4636990632548309
january_2025,23,0.0,PRC,-24,0,0.47774233630952373
january_2025,23,0.0,PRC,-24,24,0.491836083937198
january_2025,23,0.0,PRC,0,-24,0.4801704915458937
january_2025,23,0.0,PRC,0,0,0.49380907206119157
january_2025,23,0.0,PRC,0,24,0.5076209642425811
january_2025,23,0.0,PRC,24,-24,0.4965482133152174
january_2025,23,0.0,PRC,24,0,0.5096389655797102
january_2025,23,0.0,PRC,24,24,0.5231145242049113
january_2025,23,3.0,PRC,-24,-24,0.5941338458635266
january_2025,23,3.0,PRC,-24,0,0.6081771189182195
january_2025,23,3.0,PRC,-24,24,0.6222708665458937
january_2025,23,3.0,PRC,0,-24,0.6106052741545893
january_2025,23,3.0,PRC,0,0,0.6242438546698872
january_2025,23,3.0,PRC,0,24,0.6380557468512766
january_2025,23,3.0,PRC,24,-24,0.626982995923913
january_2025,23,3.0,PRC,24,0,0.6400737481884059
january_2025,23,3.0,PRC,24,24,0.6535493068136069
january_2025,23,0.0,RTOLCAP,-24,-24,0.12419542723429952
january_2025,23,0.0,RTOLCAP,-24,0,0.1415455292443064
january_2025,23,0.0,RTOLCAP,-24,24,0.16677379453502417
january_2025,23,0.0,RTOLCAP,0,-24,0.1425643381642512
january_2025,23,0.0,RTOLCAP,0,0,0.15974463868760064
january_2025,23,0.0,RTOLCAP,0,24,0.18597706909937883
january_2025,23,0.0,RTOLCAP,24,-24,0.1527640172101449
january_2025,23,0.0,RTOLCAP,24,0,0.17134044202898552
january_2025,23,0.0,RTOLCAP,24,24,0.2000123102858293
january_2025,23,3.0,RTOLCAP,-24,-24,0.19820504805756847
january_2025,23,3.0,RTOLCAP,-24,0,0.21898388026224985
january_2025,23,3.0,RTOLCAP,-24,24,0.2508366995018116
january_2025,23,3.0,RTOLCAP,0,-24,0.2250078194444444
january_2025,23,3.0,RTOLCAP,0,0,0.2447826617854267
january_2025,23,3.0,RTOLCAP,0,24,0.27750034355590064
january_2025,23,3.0,RTOLCAP,24,-24,0.2435133178592995
january_2025,23,3.0,RTOLCAP,24,0,0.26354202898550727
january_2025,23,3.0,RTOLCAP,24,24,0.29858609651771334
january_2025,23,0.0,RTOLCAP+RTOFFCAP,-24,-24,0.03539243583937198
january_2025,23,0.0,RTOLCAP+RTOFFCAP,-24,0,0.042360342693236706
january_2025,23,0.0,RTOLCAP+RTOFFCAP,-24,24,0.04782755151721015
january_2025,23,0.0,RTOLCAP+RTOFFCAP,0,-24,0.04246480978260869
january_2025,23,0.0,RTOLCAP+RTOFFCAP,0,0,0.049415305454911435
january_2025,23,0.0,RTOLCAP+RTOFFCAP,0,24,0.05465569228778468
january_2025,23,0.0,RTOLCAP+RTOFFCAP,24,-24,0.04861826728562802
january_2025,23,0.0,RTOLCAP+RTOFFCAP,24,0,0.05572817059178744
january_2025,23,0.0,RTOLCAP+RTOFFCAP,24,24,0.060789811040660224
january_2025,23,3.0,RTOLCAP+RTOFFCAP,-24,-24,0.07105416264090177
january_2025,23,3.0,RTOLCAP+RTOFFCAP,-24,0,0.08443508993271222
january_2025,23,3.0,RTOLCAP+RTOFFCAP,-24,24,0.0987666310009058
january_2025,23,3.0,RTOLCAP+RTOFFCAP,0,-24,0.08396130132850241
january_2025,23,3.0,RTOLCAP+RTOFFCAP,0,0,0.09742119338768115
january_2025,23,3.0,RTOLCAP+RTOFFCAP,0,24,0.11194493982919256
january_2025,23,3.0,RTOLCAP+RTOFFCAP,24,-24,0.09285409420289854
january_2025,23,3.0,RTOLCAP+RTOFFCAP,24,0,0.1072274060990338
january_2025,23,3.0,RTOLCAP+RTOFFCAP,24,24,0.12253740816223832
january_2025,24,0.0,PRC,-24,-24,0.4860449356192129
january_2025,24,0.0,PRC,-24,0,0.49950307229662694
january_2025,24,0.0,PRC,-24,24,0.5130095804398148
january_2025,24,0.0,PRC,0,-24,0.5018300543981481
january_2025,24,0.0,PRC,0,0,0.5149003607253085
january_2025,24,0.0,PRC,0,24,0.5281367573991402
january_2025,24,0.0,PRC,24,-24,0.5175253710937501
january_2025,24,0.0,PRC,24,0,0.5300706753472223
january_2025,24,0.0,PRC,24,24,0.5429847523630401
january_2025,24,3.0,PRC,-24,-24,0.6110449356192129
january_2025,24,3.0,PRC,-24,0,0.624503072296627
january_2025,24,3.0,PRC,-24,24,0.6380095804398149
january_2025,24,3.0,PRC,0,-24,0.6268300543981481
january_2025,24,3.0,PRC,0,0,0.6399003607253085
january_2025,24,3.0,PRC,0,24,0.6531367573991402
january_2025,24,3.0,PRC,24,-24,0.6425253710937501
january_2025,24,3.0,PRC,24,0,0.6550706753472223
january_2025,24,3.0,PRC,24,24,0.66798475236304
january_2025,24,0.0,RTOLCAP,-24,-24,0.14094469015239197
january_2025,24,0.0,RTOLCAP,-24,0,0.1587307306134259
january_2025,24,0.0,RTOLCAP,-24,24,0.18523078504774307
january_2025,24,0.0,RTOLCAP,0,-24,0.16129388831018515
january_2025,24,0.0,RTOLCAP,0,0,0.17865273582175925
january_2025,24,0.0,RTOLCAP,0,24,0.20609251157407402
january_2025,24,0.0,RTOLCAP,24,-24,0.17347639286747685
january_2025,24,0.0,RTOLCAP,24,0,0.1918705089699074
january_2025,24,0.0,RTOLCAP,24,24,0.22168061848958331
january_2025,24,3.0,RTOLCAP,-24,-24,0.21682066382137344
january_2025,24,3.0,RTOLCAP,-24,0,0.2377129425016534
january_2025,24,3.0,RTOLCAP,-24,24,0.26996522044994214
january_2025,24,3.0,RTOLCAP,0,-24,0.24495475839120368
january_2025,24,3.0,RTOLCAP,0,0,0.2646400677565587
january_2025,24,3.0,RTOLCAP,0,24,0.2976530818039021
january_2025,24,3.0,RTOLCAP,24,-24,0.26561459599247683
january_2025,24,3.0,RTOLCAP,24,0,0.2851049997106481
january_2025,24,3.0,RTOLCAP,24,24,0.32020936077353396
january_2025,24,0.0,RTOLCAP+RTOFFCAP,-24,-24,0.04374868055555555
january_2025,24,0.0,RTOLCAP+RTOFFCAP,-24,0,0.05266542658730159
january_2025,24,0.0,RTOLCAP+RTOFFCAP,-24,24,0.06061413682725694
january_2025,24,0.0,RTOLCAP+RTOFFCAP,0,-24,0.05226025549768518
january_2025,24,0.0,RTOLCAP+RTOFFCAP,0,0,0.06124453004436728
january_2025,24,0.0,RTOLCAP+RTOFFCAP,0,24,0.06910318411044973
january_2025,24,0.0,RTOLCAP+RTOFFCAP,24,-24,0.05879296875
january_2025,24,0.0,RTOLCAP+RTOFFCAP,24,0,0.06826755555555554
january_2025,24,0.0,RTOLCAP+RTOFFCAP,24,24,0.0762654810474537
january_2025,24,3.0,RTOLCAP+RTOFFCAP,-24,-24,0.0829870150945216
january_2025,24,3.0,RTOLCAP+RTOFFCAP,-24,0,0.0974696949404762
january_2025,24,3.0,RTOLCAP+RTOFFCAP,-24,24,0.11428318576388888
january_2025,24,3.0,RTOLCAP+RTOFFCAP,0,-24,0.0975541663773148
january_2025,24,3.0,RTOLCAP+RTOFFCAP,0,0,0.11202276765046294
january_2025,24,3.0,RTOLCAP+RTOFFCAP,0,24,0.12915917534722224
january_2025,24,3.0,RTOLCAP+RTOFFCAP,24,-24,0.10734483181423611
january_2025,24,3.0,RTOLCAP+RTOFFCAP,24,0,0.12274902025462964
january_2025,24,3.0,RTOLCAP+RTOFFCAP,24,24,0.1409537871334876
january_2025,25,0.0,PRC,-24,-24,0.5066031381944444
january_2025,25,0.0,PRC,-24,0,0.519522949404762
january_2025,25,0.0,PRC,-24,24,0.5324891972222222
january_2025,25,0.0,PRC,0,-24,0.5217568522222222
january_2025,25,0.0,PRC,0,0,0.5343043462962962
january_2025,25,0.0,PRC,0,24,0.5470112871031746
january_2025,25,0.0,PRC,24,-24,0.53682435625
january_2025,25,0.0,PRC,24,0,0.5488678483333334
january_2025,25,0.0,PRC,24,24,0.5612653622685184
january_2025,25,3.0,PRC,-24,-24,0.6266031381944444
january_2025,25,3.0,PRC,-24,0,0.6395229494047618
january_2025,25,3.0,PRC,-24,24,0.6524891972222223
january_2025,25,3.0,PRC,0,-24,0.6417568522222222
january_2025,25,3.0,PRC,0,0,0.6543043462962963
january_2025,25,3.0,PRC,0,24,0.6670112871031747
january_2025,25,3.0,PRC,24,-24,0.65682435625
january_2025,25,3.0,PRC,24,0,0.6688678483333333
january_2025,25,3.0,PRC,24,24,0.6812653622685184
january_2025,25,0.0,RTOLCAP,-24,-24,0.15801217939814816
january_2025,25,0.0,RTOLCAP,-24,0,0.17613423432539682
january_2025,25,0.0,RTOLCAP,-24,24,0.20360519496527776
january_2025,25,0.0,RTOLCAP,0,-24,0.18020194111111107
january_2025,25,0.0,RTOLCAP,0,0,0.19764604490740742
january_2025,25,0.0,RTOLCAP,0,24,0.22596831269841267
january_2025,25,0.0,RTOLCAP,24,-24,0.19448775625000003
january_2025,25,0.0,RTOLCAP,24,0,0.21256351777777774
january_2025,25,0.0,RTOLCAP,24,24,0.24311991805555558
january_2025,25,3.0,RTOLCAP,-24,-24,0.234910205787037
january_2025,25,3.0,RTOLCAP,-24,0,0.2559202329365079
january_2025,25,3.0,RTOLCAP,-24,24,0.28841794374999996
january_2025,25,3.0,RTOLCAP,0,-24,0.26430945055555555
january_2025,25,3.0,RTOLCAP,0,0,0.28392127476851853
january_2025,25,3.0,RTOLCAP,0,24,0.31706136686507935
january_2025,25,3.0,RTOLCAP,24,-24,0.2869083756944444
january_2025,25,3.0,RTOLCAP,24,0,0.3059227797222222
january_2025,25,3.0,RTOLCAP,24,24,0.3409193030092592
january_2025,25,0.0,RTOLCAP+RTOFFCAP,-24,-24,0.052906118287037035
january_2025,25,0.0,RTOLCAP+RTOFFCAP,-24,0,0.06343843948412697
january_2025,25,0.0,RTOLCAP+RTOFFCAP,-24,24,0.07370839444444444
january_2025,25,0.0,RTOLCAP+RTOFFCAP,0,-24,0.0628687711111111
january_2025,25,0.0,RTOLCAP+RTOFFCAP,0,0,0.07349603703703703
january_2025,25,0.0,RTOLCAP+RTOFFCAP,0,24,0.08379632876984126
january_2025,25,0.0,RTOLCAP+RTOFFCAP,24,-24,0.0699797861111111
january_2025,25,0.0,RTOLCAP+RTOFFCAP,24,0,0.08131030222222221
january_2025,25,0.0,RTOLCAP+RTOFFCAP,24,24,0.09202493171296296
january_2025,25,3.0,RTOLCAP+RTOFFCAP,-24,-24,0.09634025671296294
january_2025,25,3.0,RTOLCAP+RTOFFCAP,-24,0,0.11168025912698414
january_2025,25,3.0,RTOLCAP+RTOFFCAP,-24,24,0.13055754131944441
january_2025,25,3.0,RTOLCAP+RTOFFCAP,0,-24,0.11273398194444445
january_2025,25,3.0,RTOLCAP+RTOFFCAP,0,0,0.1278983638888889
january_2025,25,3.0,RTOLCAP+RTOFFCAP,0,24,0.14715552857142855
january_2025,25,3.0,RTOLCAP+RTOFFCAP,24,-24,0.12380168923611112
january_2025,25,3.0,RTOLCAP+RTOFFCAP,24,0,0.13978540611111112
january_2025,25,3.0,RTOLCAP+RTOFFCAP,24,24,0.160270924537037
elliott_2022,1,0.0,PRC,-24,-24,0.0
elliott_2022,1,0.0,PRC,-24,0,0.0
elliott_2022,1,0.0,PRC,-24,24,0.0
elliott_2022,1,0.0,PRC,0,-24,0.0
elliott_2022,1,0.0,PRC,0,0,0.0
elliott_2022,1,0.0,PRC,0,24,0.0
elliott_2022,1,0.0,PRC,24,-24,0.0
elliott_2022,1,0.0,PRC,24,0,0.0
elliott_2022,1,0.0,PRC,24,24,0.0
elliott_2022,1,3.0,PRC,-24,-24,0.0
elliott_2022,1,3.0,PRC,-24,0,0.0
elliott_2022,1,3.0,PRC,-24,24,0.0
elliott_2022,1,3.0,PRC,0,-24,0.0
elliott_2022,1,3.0,PRC,0,0,0.0
elliott_2022,1,3.0,PRC,0,24,0.0
elliott_2022,1,3.0,PRC,24,-24,0.0
elliott_2022,1,3.0,PRC,24,0,0.0
elliott_2022,1,3.0,PRC,24,24,0.0
elliott_2022,1,0.0,RTOLCAP,-24,-24,0.0
elliott_2022,1,0.0,RTOLCAP,-24,0,0.0
elliott_2022,1,0.0,RTOLCAP,-24,24,0.0
elliott_2022,1,0.0,RTOLCAP,0,-24,0.0
elliott_2022,1,0.0,RTOLCAP,0,0,0.0
elliott_2022,1,0.0,RTOLCAP,0,24,0.0
elliott_2022,1,0.0,RTOLCAP,24,-24,0.0
elliott_2022,1,0.0,RTOLCAP,24,0,0.0
elliott_2022,1,0.0,RTOLCAP,24,24,0.0
elliott_2022,1,3.0,RTOLCAP,-24,-24,0.0
elliott_2022,1,3.0,RTOLCAP,-24,0,0.0
elliott_2022,1,3.0,RTOLCAP,-24,24,0.0
elliott_2022,1,3.0,RTOLCAP,0,-24,0.0
elliott_2022,1,3.0,RTOLCAP,0,0,0.0
elliott_2022,1,3.0,RTOLCAP,0,24,0.0
elliott_2022,1,3.0,RTOLCAP,24,-24,0.0
elliott_2022,1,3.0,RTOLCAP,24,0,0.0
elliott_2022,1,3.0,RTOLCAP,24,24,0.0
elliott_2022,1,0.0,RTOLCAP+RTOFFCAP,-24,-24,0.0
elliott_2022,1,0.0,RTOLCAP+RTOFFCAP,-24,0,0.0
elliott_2022,1,0.0,RTOLCAP+RTOFFCAP,-24,24,0.0
elliott_2022,1,0.0,RTOLCAP+RTOFFCAP,0,-24,0.0
elliott_2022,1,0.0,RTOLCAP+RTOFFCAP,0,0,0.0
elliott_2022,1,0.0,RTOLCAP+RTOFFCAP,0,24,0.0
elliott_2022,1,0.0,RTOLCAP+RTOFFCAP,24,-24,0.0
elliott_2022,1,0.0,RTOLCAP+RTOFFCAP,24,0,0.0
elliott_2022,1,0.0,RTOLCAP+RTOFFCAP,24,24,0.0
elliott_2022,1,3.0,RTOLCAP+RTOFFCAP,-24,-24,0.0
elliott_2022,1,3.0,RTOLCAP+RTOFFCAP,-24,0,0.0
elliott_2022,1,3.0,RTOLCAP+RTOFFCAP,-24,24,0.0
elliott_2022,1,3.0,RTOLCAP+RTOFFCAP,0,-24,0.0
elliott_2022,1,3.0,RTOLCAP+RTOFFCAP,0,0,0.0
elliott_2022,1,3.0,RTOLCAP+RTOFFCAP,0,24,0.0
elliott_2022,1,3.0,RTOLCAP+RTOFFCAP,24,-24,0.0
elliott_2022,1,3.0,RTOLCAP+RTOFFCAP,24,0,0.0
elliott_2022,1,3.0,RTOLCAP+RTOFFCAP,24,24,0.0
elliott_2022,2,0.0,PRC,-24,-24,0.0
elliott_2022,2,0.0,PRC,-24,0,0.0
elliott_2022,2,0.0,PRC,-24,24,0.0
elliott_2022,2,0.0,PRC,0,-24,0.0
elliott_2022,2,0.0,PRC,0,0,0.0
elliott_2022,2,0.0,PRC,0,24,0.0
elliott_2022,2,0.0,PRC,24,-24,0.0
elliott_2022,2,0.0,PRC,24,0,0.0
elliott_2022,2,0.0,PRC,24,24,0.0
elliott_2022,2,3.0,PRC,-24,-24,0.011351224922839505
elliott_2022,2,3.0,PRC,-24,0,0.010216102430555554
elliott_2022,2,3.0,PRC,-24,24,0.00929372948232323
elliott_2022,2,3.0,PRC,0,-24,0.01222853732638889
elliott_2022,2,3.0,PRC,0,0,0.010869810956790123
elliott_2022,2,3.0,PRC,0,24,0.00978982986111111
elliott_2022,2,3.0,PRC,24,-24,0.012996041666666666
elliott_2022,2,3.0,PRC,24,0,0.011371536458333333
elliott_2022,2,3.0,PRC,24,24,0.010115810185185183
elliott_2022,2,0.0,RTOLCAP,-24,-24,0.0
elliott_2022,2,0.0,RTOLCAP,-24,0,0.0
elliott_2022,2,0.0,RTOLCAP,-24,24,0.0
elliott_2022,2,0.0,RTOLCAP,0,-24,0.0
elliott_2022,2,0.0,RTOLCAP,0,0,0.0
elliott_2022,2,0.0,RTOLCAP,0,24,0.0
elliott_2022,2,0.0,RTOLCAP,24,-24,0.0
elliott_2022,2,0.0,RTOLCAP,24,0,0.0
elliott_2022,2,0.0,RTOLCAP,24,24,0.0
elliott_2022,2,3.0,RTOLCAP,-24,-24,0.002222579089506173
elliott_2022,2,3.0,RTOLCAP,-24,0,0.002000321180555556
elliott_2022,2,3.0,RTOLCAP,-24,24,0.0018184738005050506
elliott_2022,2,3.0,RTOLCAP,0,-24,0.0025004014756944445
elliott_2022,2,3.0,RTOLCAP,0,0,0.002222579089506173
elliott_2022,2,3.0,RTOLCAP,0,24,0.0020003211805555555
elliott_2022,2,3.0,RTOLCAP,24,-24,0.002857601686507937
elliott_2022,2,3.0,RTOLCAP,24,0,0.0025004014756944445
elliott_2022,2,3.0,RTOLCAP,24,24,0.002222579089506173
elliott_2022,2,0.0,RTOLCAP+RTOFFCAP,-24,-24,0.0
elliott_2022,2,0.0,RTOLCAP+RTOFFCAP,-24,0,0.0
elliott_2022,2,0.0,RTOLCAP+RTOFFCAP,-24,24,0.0
elliott_2022,2,0.0,RTOLCAP+RTOFFCAP,0,-24,0.0
elliott_2022,2,0.0,RTOLCAP+RTOFFCAP,0,0,0.0
elliott_2022,2,0.0,RTOLCAP+RTOFFCAP,0,24,0.0
elliott_2022,2,0.0,RTOLCAP+RTOFFCAP,24,-24,0.0
elliott_2022,2,0.0,RTOLCAP+RTOFFCAP,24,0,0.0
elliott_2022,2,0.0,RTOLCAP+RTOFFCAP,24,24,0.0
elliott_2022,2,3.0,RTOLCAP+RTOFFCAP,-24,-24,0.0
elliott_2022,2,3.0,RTOLCAP+RTOFFCAP,-24,0,0.0
elliott_2022,2,3.0,RTOLCAP+RTOFFCAP,-24,24,0.0
elliott_2022,2,3.0,RTOLCAP+RTOFFCAP,0,-24,0.0
elliott_2022,2,3.0,RTOLCAP+RTOFFCAP,0,0,0.0
elliott_2022,2,3.0,RTOLCAP+RTOFFCAP,0,24,0.0
elliott_2022,2,3.0,RTOLCAP+RTOFFCAP,24,-24,0.0
elliott_2022,2,3.0,RTOLCAP+RTOFFCAP,24,0,0.0
elliott_2022,2,3.0,RTOLCAP+RTOFFCAP,24,24,0.0
elliott_2022,3,0.0,PRC,-24,-24,0.0
elliott_2022,3,0.0,PRC,-24,0,0.0
elliott_2022,3,0.0,PRC,-24,24,0.0
elliott_2022,3,0.0,PRC,0,-24,0.0
elliott_2022,3,0.0,PRC,0,0,0.0
elliott_2022,3,0.0,PRC,0,24,0.0
elliott_2022,3,0.0,PRC,24,-24,0.0
elliott_2022,3,0.0,PRC,24,0,0.0
elliott_2022,3,0.0,PRC,24,24,0.0
elliott_2022,3,3.0,PRC,-24,-24,0.0796996579218107
elliott_2022,3,3.0,PRC,-24,0,0.07286208912037037
elliott_2022,3,3.0,PRC,-24,24,0.07179832807239057
elliott_2022,3,3.0,PRC,0,-24,0.07360207031249999
elliott_2022,3,3.0,PRC,0,0,0.06668228137860083
elliott_2022,3,3.0,PRC,0,24,0.066130125
elliott_2022,3,3.0,PRC,24,-24,0.06820735615079365
elliott_2022,3,3.0,PRC,24,0,0.06109693287037036
elliott_2022,3,3.0,PRC,24,24,0.061104020061728395
elliott_2022,3,0.0,RTOLCAP,-24,-24,0.0
elliott_2022,3,0.0,RTOLCAP,-24,0,0.0
elliott_2022,3,0.0,RTOLCAP,-24,24,0.0
elliott_2022,3,0.0,RTOLCAP,0,-24,0.0
elliott_2022,3,0.0,RTOLCAP,0,0,0.0
elliott_2022,3,0.0,RTOLCAP,0,24,0.0
elliott_2022,3,0.0,RTOLCAP,24,-24,0.0
elliott_2022,3,0.0,RTOLCAP,24,0,0.0
elliott_2022,3,0.0,RTOLCAP,24,24,0.0
elliott_2022,3,3.0,RTOLCAP,-24,-24,0.00801807355967078
elliott_2022,3,3.0,RTOLCAP,-24,0,0.007216266203703703
elliott_2022,3,3.0,RTOLCAP,-24,24,0.006560242003367003
elliott_2022,3,3.0,RTOLCAP,0,-24,0.009020332754629629
elliott_2022,3,3.0,RTOLCAP,0,0,0.00801807355967078
elliott_2022,3,3.0,RTOLCAP,0,24,0.007216266203703703
elliott_2022,3,3.0,RTOLCAP,24,-24,0.010308951719576718
elliott_2022,3,3.0,RTOLCAP,24,0,0.009020332754629629
elliott_2022,3,3.0,RTOLCAP,24,24,0.00801807355967078
elliott_2022,3,0.0,RTOLCAP+RTOFFCAP,-24,-24,0.0
elliott_2022,3,0.0,RTOLCAP+RTOFFCAP,-24,0,0.0
elliott_2022,3,0.0,RTOLCAP+RTOFFCAP,-24,24,0.0
elliott_2022,3,0.0,RTOLCAP+RTOFFCAP,0,-24,0.0
elliott_2022,3,0.0,RTOLCAP+RTOFFCAP,0,0,0.0
elliott_2022,3,0.0,RTOLCAP+RTOFFCAP,0,24,0.0
elliott_2022,3,0.0,RTOLCAP+RTOFFCAP,24,-24,0.0
elliott_2022,3,0.0,RTOLCAP+RTOFFCAP,24,0,0.0
elliott_2022,3,0.0,RTOLCAP+RTOFFCAP,24,24,0.0
elliott_2022,3,3.0,RTOLCAP+RTOFFCAP,-24,-24,0.0012120563271604933
elliott_2022,3,3.0,RTOLCAP+RTOFFCAP,-24,0,0.001090850694444444
elliott_2022,3,3.0,RTOLCAP+RTOFFCAP,-24,24,0.000991682449494949
elliott_2022,3,3.0,RTOLCAP+RTOFFCAP,0,-24,0.001363563368055555
elliott_2022,3,3.0,RTOLCAP+RTOFFCAP,0,0,0.0012120563271604933
elliott_2022,3,3.0,RTOLCAP+RTOFFCAP,0,24,0.001090850694444444
elliott_2022,3,3.0,RTOLCAP+RTOFFCAP,24,-24,0.0015583581349206343
elliott_2022,3,3.0,RTOLCAP+RTOFFCAP,24,0,0.001363563368055555
elliott_2022,3,3.0,RTOLCAP+RTOFFCAP,24,24,0.0012120563271604933
elliott_2022,4,0.0,PRC,-24,-24,0.0
elliott_2022,4,0.0,PRC,-24,0,0.0
elliott_2022,4,0.0,PRC,-24,24,0.0
elliott_2022,4,0.0,PRC,0,-24,0.0
elliott_2022,4,0.0,PRC,0,0,0.0
elliott_2022,4,0.0,PRC,0,24,0.0
elliott_2022,4,0.0,PRC,24,-24,0.0
elliott_2022,4,0.0,PRC,24,0,0.0
elliott_2022,4,0.0,PRC,24,24,0.0
elliott_2022,4,3.0,PRC,-24,-24,0.16694354648919751
elliott_2022,4,3.0,PRC,-24,0,0.156433953125
elliott_2022,4,3.0,PRC,-24,24,0.15777255366161616
elliott_2022,4,3.0,PRC,0,-24,0.154574853515625
elliott_2022,4,3.0,PRC,0,0,0.14427182677469133
elliott_2022,4,3.0,PRC,0,24,0.1469605
elliott_2022,4,3.0,PRC,24,-24,0.14130948536706348
elliott_2022,4,3.0,PRC,24,0,0.13137675130208334
elliott_2022,4,3.0,PRC,24,24,0.13579695216049384
elliott_2022,4,0.0,RTOLCAP,-24,-24,0.0
elliott_2022,4,0.0,RTOLCAP,-24,0,0.0
elliott_2022,4,0.0,RTOLCAP,-24,24,0.0
elliott_2022,4,0.0,RTOLCAP,0,-24,0.0
elliott_2022,4,0.0,RTOLCAP,0,0,0.0
elliott_2022,4,0.0,RTOLCAP,0,24,0.0
elliott_2022,4,0.0,RTOLCAP,24,-24,0.0
elliott_2022,4,0.0,RTOLCAP,24,0,0.0
elliott_2022,4,0.0,RTOLCAP,24,24,0.0
elliott_2022,4,3.0,RTOLCAP,-24,-24,0.015788457754629625
elliott_2022,4,3.0,RTOLCAP,-24,0,0.014209611979166668
elliott_2022,4,3.0,RTOLCAP,-24,24,0.012917829071969698
elliott_2022,4,3.0,RTOLCAP,0,-24,0.017362779947916664
elliott_2022,4,3.0,RTOLCAP,0,0,0.015433582175925926
elliott_2022,4,3.0,RTOLCAP,0,24,0.013890223958333331
elliott_2022,4,3.0,RTOLCAP,24,-24,0.019637297867063492
elliott_2022,4,3.0,RTOLCAP,24,0,0.01718263563368055
elliott_2022,4,3.0,RTOLCAP,24,24,0.015273453896604939
elliott_2022,4,0.0,RTOLCAP+RTOFFCAP,-24,-24,0.0
elliott_2022,4,0.0,RTOLCAP+RTOFFCAP,-24,0,0.0
elliott_2022,4,0.0,RTOLCAP+RTOFFCAP,-24,24,0.0
elliott_2022,4,0.0,RTOLCAP+RTOFFCAP,0,-24,0.0
elliott_2022,4,0.0,RTOLCAP+RTOFFCAP,0,0,0.0
elliott_2022,4,0.0,RTOLCAP+RTOFFCAP,0,24,0.0
elliott_2022,4,0.0,RTOLCAP+RTOFFCAP,24,-24,0.0
elliott_2022,4,0.0,RTOLCAP+RTOFFCAP,24,0,0.0
elliott_2022,4,0.0,RTOLCAP+RTOFFCAP,24,24,0.0
elliott_2022,4,3.0,RTOLCAP+RTOFFCAP,-24,-24,0.006114767554012344
elliott_2022,4,3.0,RTOLCAP+RTOFFCAP,-24,0,0.00550329079861111
elliott_2022,4,3.0,RTOLCAP+RTOFFCAP,-24,24,0.00500299163510101
elliott_2022,4,3.0,RTOLCAP+RTOFFCAP,0,-24,0.006879113498263888
elliott_2022,4,3.0,RTOLCAP+RTOFFCAP,0,0,0.006114767554012344
elliott_2022,4,3.0,RTOLCAP+RTOFFCAP,0,24,0.00550329079861111
elliott_2022,4,3.0,RTOLCAP+RTOFFCAP,24,-24,0.007861843998015872
elliott_2022,4,3.0,RTOLCAP+RTOFFCAP,24,0,0.006879113498263888
elliott_2022,4,3.0,RTOLCAP+RTOFFCAP,24,24,0.006114767554012346
elliott_2022,5,0.0,PRC,-24,-24,0.004540489969135802
elliott_2022,5,0.0,PRC,-24,0,0.004086440972222221
elliott_2022,5,0.0,PRC,-24,24,0.0037174917929292924
elliott_2022,5,0.0,PRC,0,-24,0.0048914149305555555
elliott_2022,5,0.0,PRC,0,0,0.004347924382716049
elliott_2022,5,0.0,PRC,0,24,0.003915931944444444
elliott_2022,5,0.0,PRC,24,-24,0.005198416666666667
elliott_2022,5,0.0,PRC,24,0,0.004548614583333333
elliott_2022,5,0.0,PRC,24,24,0.004046324074074073
elliott_2022,5,3.0,PRC,-24,-24,0.24471939043209875
elliott_2022,5,3.0,PRC,-24,0,0.23707264305555553
elliott_2022,5,3.0,PRC,-24,24,0.2433426079545454
elliott_2022,5,3.0,PRC,0,-24,0.22923
elliott_2022,5,3.0,PRC,0,0,0.22245465740740739
elliott_2022,5,3.0,PRC,0,24,0.2308134173611111
elliott_2022,5,3.0,PRC,24,-24,0.20981256845238094
elliott_2022,5,3.0,PRC,24,0,0.20461748697916668
elliott_2022,5,3.0,PRC,24,24,0.2158869058641975
elliott_2022,5,0.0,RTOLCAP,-24,-24,0.0008890316358024692
elliott_2022,5,0.0,RTOLCAP,-24,0,0.0008001284722222224
elliott_2022,5,0.0,RTOLCAP,-24,24,0.0007273895202020202
elliott_2022,5,0.0,RTOLCAP,0,-24,0.0010001605902777778
elliott_2022,5,0.0,RTOLCAP,0,0,0.0008890316358024692
elliott_2022,5,0.0,RTOLCAP,0,24,0.0008001284722222223
elliott_2022,5,0.0,RTOLCAP,24,-24,0.0011430406746031749
elliott_2022,5,0.0,RTOLCAP,24,0,0.0010001605902777778
elliott_2022,5,0.0,RTOLCAP,24,24,0.0008890316358024691
elliott_2022,5,3.0,RTOLCAP,-24,-24,0.02782492361111111
elliott_2022,5,3.0,RTOLCAP,-24,0,0.025042431249999997
elliott_2022,5,3.0,RTOLCAP,-24,24,0.02276584659090909
elliott_2022,5,3.0,RTOLCAP,0,-24,0.029544597222222215
elliott_2022,5,3.0,RTOLCAP,0,0,0.02626186419753086
elliott_2022,5,3.0,RTOLCAP,0,24,0.023635677777777777
elliott_2022,5,3.0,RTOLCAP,24,-24,0.03004019444444444
elliott_2022,5,3.0,RTOLCAP,24,0,0.026285170138888883
elliott_2022,5,3.0,RTOLCAP,24,24,0.023364595679012348
elliott_2022,5,0.0,RTOLCAP+RTOFFCAP,-24,-24,0.0
elliott_2022,5,0.0,RTOLCAP+RTOFFCAP,-24,0,0.0
elliott_2022,5,0.0,RTOLCAP+RTOFFCAP,-24,24,0.0
elliott_2022,5,0.0,RTOLCAP+RTOFFCAP,0,-24,0.0
elliott_2022,5,0.0,RTOLCAP+RTOFFCAP,0,0,0.0
elliott_2022,5,0.0,RTOLCAP+RTOFFCAP,0,24,0.0
elliott_2022,5,0.0,RTOLCAP+RTOFFCAP,24,-24,0.0
elliott_2022,5,0.0,RTOLCAP+RTOFFCAP,24,0,0.0
elliott_2022,5,0.0,RTOLCAP+RTOFFCAP,24,24,0.0
elliott_2022,5,3.0,RTOLCAP+RTOFFCAP,-24,-24,0.011136489197530864
elliott_2022,5,3.0,RTOLCAP+RTOFFCAP,-24,0,0.010022840277777778
elliott_2022,5,3.0,RTOLCAP+RTOFFCAP,-24,24,0.00911167297979798
elliott_2022,5,3.0,RTOLCAP+RTOFFCAP,0,-24,0.012528550347222221
elliott_2022,5,3.0,RTOLCAP+RTOFFCAP,0,0,0.011136489197530864
elliott_2022,5,3.0,RTOLCAP+RTOFFCAP,0,24,0.010022840277777778
elliott_2022,5,3.0,RTOLCAP+RTOFFCAP,24,-24,0.014318343253968253
elliott_2022,5,3.0,RTOLCAP+RTOFFCAP,24,0,0.012528550347222221
elliott_2022,5,3.0,RTOLCAP+RTOFFCAP,24,24,0.011136489197530864
elliott_2022,6,0.0,PRC,-24,-24,0.03984982896090535
elliott_2022,6,0.0,PRC,-24,0,0.036431044560185186
elliott_2022,6,0.0,PRC,-24,24,0.03589916403619529
elliott_2022,6,0.0,PRC,0,-24,0.036801035156249995
elliott_2022,6,0.0,PRC,0,0,0.033341140689300414
elliott_2022,6,0.0,PRC,0,24,0.0330650625
elliott_2022,6,0.0,PRC,24,-24,0.034103678075396826
elliott_2022,6,0.0,PRC,24,0,0.03054846643518518
elliott_2022,6,0.0,PRC,24,24,0.030552010030864198
elliott_2022,6,3.0,PRC,-24,-24,0.3175233770576132
elliott_2022,6,3.0,PRC,-24,0,0.31556421412037033
elliott_2022,6,3.0,PRC,-24,24,0.3252130929082491
elliott_2022,6,3.0,PRC,0,-24,0.2982260923032407
elliott_2022,6,3.0,PRC,0,0,0.29819338734567896
elliott_2022,6,3.0,PRC,0,24,0.3105442366898148
elliott_2022,6,3.0,PRC,24,-24,0.2749036342592593
elliott_2022,6,3.0,PRC,24,0,0.2777821484375
elliott_2022,6,3.0,PRC,24,24,0.29377322980967074
elliott_2022,6,0.0,RTOLCAP,-24,-24,0.00400903677983539
elliott_2022,6,0.0,RTOLCAP,-24,0,0.0036081331018518515
elliott_2022,6,0.0,RTOLCAP,-24,24,0.0032801210016835014
elliott_2022,6,0.0,RTOLCAP,0,-24,0.004510166377314814
elliott_2022,6,0.0,RTOLCAP,0,0,0.00400903677983539
elliott_2022,6,0.0,RTOLCAP,0,24,0.0036081331018518515
elliott_2022,6,0.0,RTOLCAP,24,-24,0.005154475859788359
elliott_2022,6,0.0,RTOLCAP,24,0,0.004510166377314814
elliott_2022,6,0.0,RTOLCAP,24,24,0.00400903677983539
elliott_2022,6,3.0,RTOLCAP,-24,-24,0.04643678948045267
elliott_2022,6,3.0,RTOLCAP,-24,0,0.041793110532407404
elliott_2022,6,3.0,RTOLCAP,-24,24,0.03847508417508417
elliott_2022,6,3.0,RTOLCAP,0,-24,0.046742540509259266
elliott_2022,6,3.0,RTOLCAP,0,0,0.04154892489711934
elliott_2022,6,3.0,RTOLCAP,0,24,0.03792351446759259
elliott_2022,6,3.0,RTOLCAP,24,-24,0.044119902447089944
elliott_2022,6,3.0,RTOLCAP,24,0,0.0386049146412037
elliott_2022,6,3.0,RTOLCAP,24,24,0.03490379308127572
elliott_2022,6,0.0,RTOLCAP+RTOFFCAP,-24,-24,0.0006060281635802467
elliott_2022,6,0.0,RTOLCAP+RTOFFCAP,-24,0,0.000545425347222222
elliott_2022,6,0.0,RTOLCAP+RTOFFCAP,-24,24,0.0004958412247474745
elliott_2022,6,0.0,RTOLCAP+RTOFFCAP,0,-24,0.0006817816840277775
elliott_2022,6,0.0,RTOLCAP+RTOFFCAP,0,0,0.0006060281635802467
elliott_2022,6,0.0,RTOLCAP+RTOFFCAP,0,24,0.000545425347222222
elliott_2022,6,0.0,RTOLCAP+RTOFFCAP,24,-24,0.0007791790674603171
elliott_2022,6,0.0,RTOLCAP+RTOFFCAP,24,0,0.0006817816840277775
elliott_2022,6,0.0,RTOLCAP+RTOFFCAP,24,24,0.0006060281635802467
elliott_2022,6,3.0,RTOLCAP+RTOFFCAP,-24,-24,0.01591882523148148
elliott_2022,6,3.0,RTOLCAP+RTOFFCAP,-24,0,0.014326942708333333
elliott_2022,6,3.0,RTOLCAP+RTOFFCAP,-24,24,0.013024493371212122
elliott_2022,6,3.0,RTOLCAP+RTOFFCAP,0,-24,0.017908678385416668
elliott_2022,6,3.0,RTOLCAP+RTOFFCAP,0,0,0.01591882523148148
elliott_2022,6,3.0,RTOLCAP+RTOFFCAP,0,24,0.014326942708333333
elliott_2022,6,3.0,RTOLCAP+RTOFFCAP,24,-24,0.020467061011904764
elliott_2022,6,3.0,RTOLCAP+RTOFFCAP,24,0,0.017908678385416668
elliott_2022,6,3.0,RTOLCAP+RTOFFCAP,24,24,0.01591882523148148
elliott_2022,7,0.0,PRC,-24,-24,0.09539631227954144
elliott_2022,7,0.0,PRC,-24,0,0.08939083035714286
elliott_2022,7,0.0,PRC,-24,24,0.09015574494949494
elliott_2022,7,0.0,PRC,0,-24,0.08832848772321429
elliott_2022,7,0.0,PRC,0,0,0.08244104387125219
elliott_2022,7,0.0,PRC,0,24,0.08397742857142856
elliott_2022,7,0.0,PRC,24,-24,0.0807482773526077
elliott_2022,7,0.0,PRC,24,0,0.0750724293154762
elliott_2022,7,0.0,PRC,24,24,0.07759825837742504
elliott_2022,7,3.0,PRC,-24,-24,0.38403268132716045
elliott_2022,7,3.0,PRC,-24,0,0.3854521344246032
elliott_2022,7,3.0,PRC,-24,24,0.396257931096681
elliott_2022,7,3.0,PRC,0,-24,0.3636187320188492
elliott_2022,7,3.0,PRC,0,0,0.36746411871693124
elliott_2022,7,3.0,PRC,0,24,0.38114929662698405
elliott_2022,7,3.0,PRC,24,-24,0.3386479428854875
elliott_2022,7,3.0,PRC,24,0,0.3460953515625
elliott_2022,7,3.0,PRC,24,24,0.36367541225749556
elliott_2022,7,0.0,RTOLCAP,-24,-24,0.009021975859788358
elliott_2022,7,0.0,RTOLCAP,-24,0,0.008119778273809525
elliott_2022,7,0.0,RTOLCAP,-24,24,0.007381616612554113
elliott_2022,7,0.0,RTOLCAP,0,-24,0.009921588541666665
elliott_2022,7,0.0,RTOLCAP,0,0,0.008819189814814814
elliott_2022,7,0.0,RTOLCAP,0,24,0.007937270833333333
elliott_2022,7,0.0,RTOLCAP,24,-24,0.011221313066893425
elliott_2022,7,0.0,RTOLCAP,24,0,0.009818648933531744
elliott_2022,7,0.0,RTOLCAP,24,24,0.008727687940917108
elliott_2022,7,3.0,RTOLCAP,-24,-24,0.07365610504850088
elliott_2022,7,3.0,RTOLCAP,-24,0,0.0662904945436508
elliott_2022,7,3.0,RTOLCAP,-24,24,0.06221080627705628
elliott_2022,7,3.0,RTOLCAP,0,-24,0.07053984809027776
elliott_2022,7,3.0,RTOLCAP,0,0,0.06270208719135802
elliott_2022,7,3.0,RTOLCAP,0,24,0.05857327083333334
elliott_2022,7,3.0,RTOLCAP,24,-24,0.06632129676870747
elliott_2022,7,3.0,RTOLCAP,24,0,0.05803113467261905
elliott_2022,7,3.0,RTOLCAP,24,24,0.05396255566578483
elliott_2022,7,0.0,RTOLCAP+RTOFFCAP,-24,-24,0.0034941528880070537
elliott_2022,7,0.0,RTOLCAP+RTOFFCAP,-24,0,0.0031447375992063485
elliott_2022,7,0.0,RTOLCAP+RTOFFCAP,-24,24,0.002858852362914863
elliott_2022,7,0.0,RTOLCAP+RTOFFCAP,0,-24,0.003930921999007936
elliott_2022,7,0.0,RTOLCAP+RTOFFCAP,0,0,0.0034941528880070537
elliott_2022,7,0.0,RTOLCAP+RTOFFCAP,0,24,0.0031447375992063485
elliott_2022,7,0.0,RTOLCAP+RTOFFCAP,24,-24,0.004492482284580498
elliott_2022,7,0.0,RTOLCAP+RTOFFCAP,24,0,0.003930921999007936
elliott_2022,7,0.0,RTOLCAP+RTOFFCAP,24,24,0.0034941528880070545
elliott_2022,7,3.0,RTOLCAP+RTOFFCAP,-24,-24,0.020568157517636687
elliott_2022,7,3.0,RTOLCAP+RTOFFCAP,-24,0,0.01851134176587302
elliott_2022,7,3.0,RTOLCAP+RTOFFCAP,-24,24,0.016828492514430016
elliott_2022,7,3.0,RTOLCAP+RTOFFCAP,0,-24,0.023139177207341273
elliott_2022,7,3.0,RTOLCAP+RTOFFCAP,0,0,0.02056815751763668
elliott_2022,7,3.0,RTOLCAP+RTOFFCAP,0,24,0.01851134176587302
elliott_2022,7,3.0,RTOLCAP+RTOFFCAP,24,-24,0.026444773951247166
elliott_2022,7,3.0,RTOLCAP+RTOFFCAP,24,0,0.023139177207341273
elliott_2022,7,3.0,RTOLCAP+RTOFFCAP,24,24,0.020568157517636687
elliott_2022,8,0.0,PRC,-24,-24,0.1529496190200617
elliott_2022,8,0.0,PRC,-24,0,0.1481704019097222
elliott_2022,8,0.0,PRC,-24,24,0.15208912997159088
elliott_2022,8,0.0,PRC,0,-24,0.14326875
elliott_2022,8,0.0,PRC,0,0,0.1390341608796296
elliott_2022,8,0.0,PRC,0,24,0.14425838585069445
elliott_2022,8,0.0,PRC,24,-24,0.1311328552827381
elliott_2022,8,0.0,PRC,24,0,0.12788592936197918
elliott_2022,8,0.0,PRC,24,24,0.13492931616512344
elliott_2022,8,3.0,PRC,-24,-24,0.4476048114390431
elliott_2022,8,3.0,PRC,-24,0,0.45018921137152773
elliott_2022,8,3.0,PRC,-24,24,0.4607425931186868
elliott_2022,8,3.0,PRC,0,-24,0.42806463270399303
elliott_2022,8,3.0,PRC,0,0,0.4331073191550926
elliott_2022,8,3.0,PRC,0,24,0.44642422829861106
elliott_2022,8,3.0,PRC,24,-24,0.40405779823908733
elliott_2022,8,3.0,PRC,24,0,0.41273167480468753
elliott_2022,8,3.0,PRC,24,24,0.4297922010030865
elliott_2022,8,0.0,RTOLCAP,-24,-24,0.017390577256944446
elliott_2022,8,0.0,RTOLCAP,-24,0,0.015651519531249998
elliott_2022,8,0.0,RTOLCAP,-24,24,0.01422865411931818
elliott_2022,8,0.0,RTOLCAP,0,-24,0.018465373263888887
elliott_2022,8,0.0,RTOLCAP,0,0,0.016413665123456787
elliott_2022,8,0.0,RTOLCAP,0,24,0.014772298611111111
elliott_2022,8,0.0,RTOLCAP,24,-24,0.018775121527777775
elliott_2022,8,0.0,RTOLCAP,24,0,0.016428231336805554
elliott_2022,8,0.0,RTOLCAP,24,24,0.014602872299382718
elliott_2022,8,3.0,RTOLCAP,-24,-24,0.10193968267746913
elliott_2022,8,3.0,RTOLCAP,-24,0,0.09184550303819446
elliott_2022,8,3.0,RTOLCAP,-24,24,0.08825082780934343
elliott_2022,8,3.0,RTOLCAP,0,-24,0.09526310709635417
elliott_2022,8,3.0,RTOLCAP,0,0,0.0847891936728395
elliott_2022,8,3.0,RTOLCAP,0,24,0.08154068185763888
elliott_2022,8,3.0,RTOLCAP,24,-24,0.08988739893353173
elliott_2022,8,3.0,RTOLCAP,24,0,0.07877620985243056
elliott_2022,8,3.0,RTOLCAP,24,24,0.0758348615933642
elliott_2022,8,0.0,RTOLCAP+RTOFFCAP,-24,-24,0.0069603057484567896
elliott_2022,8,0.0,RTOLCAP+RTOFFCAP,-24,0,0.0062642751736111104
elliott_2022,8,0.0,RTOLCAP+RTOFFCAP,-24,24,0.0056947956123737375
elliott_2022,8,0.0,RTOLCAP+RTOFFCAP,0,-24,0.007830343967013889
elliott_2022,8,0.0,RTOLCAP+RTOFFCAP,0,0,0.0069603057484567896
elliott_2022,8,0.0,RTOLCAP+RTOFFCAP,0,24,0.0062642751736111104
elliott_2022,8,0.0,RTOLCAP+RTOFFCAP,24,-24,0.008948964533730158
elliott_2022,8,0.0,RTOLCAP+RTOFFCAP,24,0,0.007830343967013889
elliott_2022,8,0.0,RTOLCAP+RTOFFCAP,24,24,0.0069603057484567896
elliott_2022,8,3.0,RTOLCAP+RTOFFCAP,-24,-24,0.026968561921296298
elliott_2022,8,3.0,RTOLCAP+RTOFFCAP,-24,0,0.024271705729166666
elliott_2022,8,3.0,RTOLCAP+RTOFFCAP,-24,24,0.02206518702651515
elliott_2022,8,3.0,RTOLCAP+RTOFFCAP,0,-24,0.030339632161458324
elliott_2022,8,3.0,RTOLCAP+RTOFFCAP,0,0,0.026968561921296295
elliott_2022,8,3.0,RTOLCAP+RTOFFCAP,0,24,0.024271705729166666
elliott_2022,8,3.0,RTOLCAP+RTOFFCAP,24,-24,0.034673865327380954
elliott_2022,8,3.0,RTOLCAP+RTOFFCAP,24,0,0.03033963216145833
elliott_2022,8,3.0,RTOLCAP+RTOFFCAP,24,24,0.026968561921296295
elliott_2022,9,0.0,PRC,-24,-24,0.21168225137174213
elliott_2022,9,0.0,PRC,-24,0,0.21037614274691355
elliott_2022,9,0.0,PRC,-24,24,0.21680872860549943
elliott_2022,9,0.0,PRC,0,-24,0.19881739486882716
elliott_2022,9,0.0,PRC,0,0,0.19879559156378598
elliott_2022,9,0.0,PRC,0,24,0.2070294911265432
elliott_2022,9,0.0,PRC,24,-24,0.18326908950617285
elliott_2022,9,0.0,PRC,24,0,0.18518809895833332
elliott_2022,9,0.0,PRC,24,24,0.19584881987311384
elliott_2022,9,3.0,PRC,-24,-24,0.5029497578017832
elliott_2022,9,3.0,PRC,-24,0,0.505850231867284
elliott_2022,9,3.0,PRC,-24,24,0.5157245671997754
elliott_2022,9,3.0,PRC,0,-24,0.4848266729359567
elliott_2022,9,3.0,PRC,0,0,0.4900630979938271
elliott_2022,9,3.0,PRC,0,24,0.5025035802469137
elliott_2022,9,3.0,PRC,24,-24,0.462517788249559
elliott_2022,9,3.0,PRC,24,0,0.4711973770254629
elliott_2022,9,3.0,PRC,24,24,0.487116326303155
elliott_2022,9,0.0,RTOLCAP,-24,-24,0.030957859653635116
elliott_2022,9,0.0,RTOLCAP,-24,0,0.027862073688271604
elliott_2022,9,0.0,RTOLCAP,-24,24,0.02565005611672278
elliott_2022,9,0.0,RTOLCAP,0,-24,0.03116169367283951
elliott_2022,9,0.0,RTOLCAP,0,0,0.027699283264746227
elliott_2022,9,0.0,RTOLCAP,0,24,0.02528234297839506
elliott_2022,9,0.0,RTOLCAP,24,-24,0.02941326829805996
elliott_2022,9,0.0,RTOLCAP,24,0,0.025736609760802467
elliott_2022,9,0.0,RTOLCAP,24,24,0.023269195387517143
elliott_2022,9,3.0,RTOLCAP,-24,-24,0.13427857381687242
elliott_2022,9,3.0,RTOLCAP,-24,0,0.12140365663580246
elliott_2022,9,3.0,RTOLCAP,-24,24,0.11876171927609426
elliott_2022,9,3.0,RTOLCAP,0,-24,0.12435691020447528
elliott_2022,9,3.0,RTOLCAP,0,0,0.11115385373799726
elliott_2022,9,3.0,RTOLCAP,0,24,0.10927270293209876
elliott_2022,9,3.0,RTOLCAP,24,-24,0.1167389511684303
elliott_2022,9,3.0,RTOLCAP,24,0,0.10283775752314812
elliott_2022,9,3.0,RTOLCAP,24,24,0.1016716006515775
elliott_2022,9,0.0,RTOLCAP+RTOFFCAP,-24,-24,0.010612550154320988
elliott_2022,9,0.0,RTOLCAP+RTOFFCAP,-24,0,0.00955129513888889
elliott_2022,9,0.0,RTOLCAP+RTOFFCAP,-24,24,0.008682995580808081
elliott_2022,9,0.0,RTOLCAP+RTOFFCAP,0,-24,0.011939118923611112
elliott_2022,9,0.0,RTOLCAP+RTOFFCAP,0,0,0.010612550154320988
elliott_2022,9,0.0,RTOLCAP+RTOFFCAP,0,24,0.00955129513888889
elliott_2022,9,0.0,RTOLCAP+RTOFFCAP,24,-24,0.013644707341269841
elliott_2022,9,0.0,RTOLCAP+RTOFFCAP,24,0,0.011939118923611112
elliott_2022,9,0.0,RTOLCAP+RTOFFCAP,24,24,0.010612550154320987
elliott_2022,9,3.0,RTOLCAP+RTOFFCAP,-24,-24,0.03505342549725651
elliott_2022,9,3.0,RTOLCAP+RTOFFCAP,-24,0,0.031548082947530864
elliott_2022,9,3.0,RTOLCAP+RTOFFCAP,-24,24,0.028680075406846237
elliott_2022,9,3.0,RTOLCAP+RTOFFCAP,0,-24,0.03906400270061728
elliott_2022,9,3.0,RTOLCAP+RTOFFCAP,0,0,0.034723557956104247
elliott_2022,9,3.0,RTOLCAP+RTOFFCAP,0,24,0.03125120216049382
elliott_2022,9,3.0,RTOLCAP+RTOFFCAP,24,-24,0.044644574514991174
elliott_2022,9,3.0,RTOLCAP+RTOFFCAP,24,0,0.03906400270061728
elliott_2022,9,3.0,RTOLCAP+RTOFFCAP,24,24,0.034723557956104247
elliott_2022,10,0.0,PRC,-24,-24,0.2688228769290123
elliott_2022,10,0.0,PRC,-24,0,0.2698164940972222
elliott_2022,10,0.0,PRC,-24,24,0.27738055176767673
elliott_2022,10,0.0,PRC,0,-24,0.25453311241319443
elliott_2022,10,0.0,PRC,0,0,0.2572248831018519
elliott_2022,10,0.0,PRC,0,24,0.26680450763888885
elliott_2022,10,0.0,PRC,24,-24,0.23705356001984124
elliott_2022,10,0.0,PRC,24,0,0.24226674609374999
elliott_2022,10,0.0,PRC,24,24,0.2545727885802469
elliott_2022,10,3.0,PRC,-24,-24,0.549370774691358
elliott_2022,10,3.0,PRC,-24,0,0.5523096020833334
elliott_2022,10,3.0,PRC,-24,24,0.5614651953914142
elliott_2022,10,3.0,PRC,0,-24,0.5326494973958333
elliott_2022,10,3.0,PRC,0,0,0.5377727808641974
elliott_2022,10,3.0,PRC,0,24,0.5492976156249999
elliott_2022,10,3.0,PRC,24,-24,0.5120437142857143
elliott_2022,10,3.0,PRC,24,0,0.5203831310763889
elliott_2022,10,3.0,PRC,24,24,0.5351206863425927
elliott_2022,10,0.0,RTOLCAP,-24,-24,0.05155927353395062
elliott_2022,10,0.0,RTOLCAP,-24,0,0.046403346180555555
elliott_2022,10,0.0,RTOLCAP,-24,24,0.0435475643939394
elliott_2022,10,0.0,RTOLCAP,0,-24,0.049377893663194436
elliott_2022,10,0.0,RTOLCAP,0,0,0.04389146103395061
elliott_2022,10,0.0,RTOLCAP,0,24,0.041001289583333336
elliott_2022,10,0.0,RTOLCAP,24,-24,0.04642490773809523
elliott_2022,10,0.0,RTOLCAP,24,0,0.04062179427083333
elliott_2022,10,0.0,RTOLCAP,24,24,0.03777378896604938
elliott_2022,10,3.0,RTOLCAP,-24,-24,0.16720344444444443
elliott_2022,10,3.0,RTOLCAP,-24,0,0.15176390069444443
elliott_2022,10,3.0,RTOLCAP,-24,24,0.14986898926767675
elliott_2022,10,3.0,RTOLCAP,0,-24,0.1549417638888889
elliott_2022,10,3.0,RTOLCAP,0,0,0.13914912422839507
elliott_2022,10,3.0,RTOLCAP,0,24,0.13832619930555554
elliott_2022,10,3.0,RTOLCAP,24,-24,0.14423447569444442
elliott_2022,10,3.0,RTOLCAP,24,0,0.12780616710069445
elliott_2022,10,3.0,RTOLCAP,24,24,0.1281521346450617
elliott_2022,10,0.0,RTOLCAP+RTOFFCAP,-24,-24,0.01439771026234568
elliott_2022,10,0.0,RTOLCAP+RTOFFCAP,-24,0,0.012957939236111111
elliott_2022,10,0.0,RTOLCAP+RTOFFCAP,-24,24,0.01177994476010101
elliott_2022,10,0.0,RTOLCAP+RTOFFCAP,0,-24,0.01619742404513889
elliott_2022,10,0.0,RTOLCAP+RTOFFCAP,0,0,0.014397710262345676
elliott_2022,10,0.0,RTOLCAP+RTOFFCAP,0,24,0.012957939236111111
elliott_2022,10,0.0,RTOLCAP+RTOFFCAP,24,-24,0.01851134176587302
elliott_2022,10,0.0,RTOLCAP+RTOFFCAP,24,0,0.01619742404513889
elliott_2022,10,0.0,RTOLCAP+RTOFFCAP,24,24,0.01439771026234568
elliott_2022,10,3.0,RTOLCAP+RTOFFCAP,-24,-24,0.04448001929012346
elliott_2022,10,3.0,RTOLCAP+RTOFFCAP,-24,0,0.040032017361111116
elliott_2022,10,3.0,RTOLCAP+RTOFFCAP,-24,24,0.036654339330808076
elliott_2022,10,3.0,RTOLCAP+RTOFFCAP,0,-24,0.04898045920138888
elliott_2022,10,3.0,RTOLCAP+RTOFFCAP,0,0,0.04353818595679012
elliott_2022,10,3.0,RTOLCAP+RTOFFCAP,0,24,0.03947212326388889
elliott_2022,10,3.0,RTOLCAP+RTOFFCAP,24,-24,0.055465469246031754
elliott_2022,10,3.0,RTOLCAP+RTOFFCAP,24,0,0.048532285590277766
elliott_2022,10,3.0,RTOLCAP+RTOFFCAP,24,24,0.04345953819444444
elliott_2022,11,0.0,PRC,-24,-24,0.3255307719556677
elliott_2022,11,0.0,PRC,-24,0,0.32741033554292925
elliott_2022,11,0.0,PRC,-24,24,0.33508552226813587
elliott_2022,11,0.0,PRC,0,-24,0.3113197328756313
elliott_2022,11,0.0,PRC,0,0,0.3149871412037037
elliott_2022,11,0.0,PRC,0,24,0.3246721660353535
elliott_2022,11,0.0,PRC,24,-24,0.29386021690115444
elliott_2022,11,0.0,PRC,24,0,0.3001684907670455
elliott_2022,11,0.0,PRC,24,24,0.3125761461840629
elliott_2022,11,3.0,PRC,-24,-24,0.5900409964225589
elliott_2022,11,3.0,PRC,-24,0,0.5927422648358586
elliott_2022,11,3.0,PRC,-24,24,0.6010897555096418
elliott_2022,11,3.0,PRC,0,-24,0.5748028263099747
elliott_2022,11,3.0,PRC,0,0,0.5794973656705948
elliott_2022,11,3.0,PRC,0,24,0.5900040953282829
elliott_2022,11,3.0,PRC,24,-24,0.5560227132936507
elliott_2022,11,3.0,PRC,24,0,0.5636515842013888
elliott_2022,11,3.0,PRC,24,24,0.5770863706509539
elliott_2022,11,0.0,RTOLCAP,-24,-24,0.07413795103815936
elliott_2022,11,0.0,RTOLCAP,-24,0,0.06679672948232324
elliott_2022,11,0.0,RTOLCAP,-24,24,0.06418242022497704
elliott_2022,11,0.0,RTOLCAP,0,-24,0.06928225970643939
elliott_2022,11,0.0,RTOLCAP,0,0,0.061664868125701454
elliott_2022,11,0.0,RTOLCAP,0,24,0.059302314078282826
elliott_2022,11,0.0,RTOLCAP,24,-24,0.06537265376984125
elliott_2022,11,0.0,RTOLCAP,24,0,0.057291788983585855
elliott_2022,11,0.0,RTOLCAP,24,24,0.05515262661335578
elliott_2022,11,3.0,RTOLCAP,-24,-24,0.19916110760381592
elliott_2022,11,3.0,RTOLCAP,-24,0,0.18172764551767678
elliott_2022,11,3.0,RTOLCAP,-24,24,0.18113354711891644
elliott_2022,11,3.0,RTOLCAP,0,-24,0.1851966962594697
elliott_2022,11,3.0,RTOLCAP,0,0,0.1673777840909091
elliott_2022,11,3.0,RTOLCAP,0,24,0.1681592619949495
elliott_2022,11,3.0,RTOLCAP,24,-24,0.17128584776334776
elliott_2022,11,3.0,RTOLCAP,24,0,0.1529784276357323
elliott_2022,11,3.0,RTOLCAP,24,24,0.1554466649130191
elliott_2022,11,0.0,RTOLCAP+RTOFFCAP,-24,-24,0.01961349957912458
elliott_2022,11,0.0,RTOLCAP+RTOFFCAP,-24,0,0.01765214962121212
elliott_2022,11,0.0,RTOLCAP+RTOFFCAP,-24,24,0.016047408746556475
elliott_2022,11,0.0,RTOLCAP+RTOFFCAP,0,-24,0.022065187026515148
elliott_2022,11,0.0,RTOLCAP+RTOFFCAP,0,0,0.019613499579124578
elliott_2022,11,0.0,RTOLCAP+RTOFFCAP,0,24,0.01765214962121212
elliott_2022,11,0.0,RTOLCAP+RTOFFCAP,24,-24,0.025217356601731602
elliott_2022,11,0.0,RTOLCAP+RTOFFCAP,24,0,0.02206518702651515
elliott_2022,11,0.0,RTOLCAP+RTOFFCAP,24,24,0.019613499579124578
elliott_2022,11,3.0,RTOLCAP+RTOFFCAP,-24,-24,0.05629290404040404
elliott_2022,11,3.0,RTOLCAP+RTOFFCAP,-24,0,0.050663613636363625
elliott_2022,11,3.0,RTOLCAP+RTOFFCAP,-24,24,0.04712507260101011
elliott_2022,11,3.0,RTOLCAP+RTOFFCAP,0,-24,0.06127428701073232
elliott_2022,11,3.0,RTOLCAP+RTOFFCAP,0,0,0.05446603289842873
elliott_2022,11,3.0,RTOLCAP+RTOFFCAP,0,24,0.050193395833333335
elliott_2022,11,3.0,RTOLCAP+RTOFFCAP,24,-24,0.06726925595238095
elliott_2022,11,3.0,RTOLCAP+RTOFFCAP,24,0,0.05886059895833333
elliott_2022,11,3.0,RTOLCAP+RTOFFCAP,24,24,0.053624939323793495
elliott_2022,12,0.0,PRC,-24,-24,0.37721231835133745
elliott_2022,12,0.0,PRC,-24,0,0.3793876739004629
elliott_2022,12,0.0,PRC,-24,24,0.38679342539983164
elliott_2022,12,0.0,PRC,0,-24,0.36362000470196754
elliott_2022,12,0.0,PRC,0,0,0.36754732349537034
elliott_2022,12,0.0,PRC,0,24,0.3768776851851852
elliott_2022,12,0.0,PRC,24,-24,0.34688834118716927
elliott_2022,12,0.0,PRC,24,0,0.35339803276909715
elliott_2022,12,0.0,PRC,24,24,0.36533724472736623
elliott_2022,12,3.0,PRC,-24,-24,0.624204246720679
elliott_2022,12,3.0,PRC,-24,0,0.6266804094328704
elliott_2022,12,3.0,PRC,-24,24,0.6343322758838383
elliott_2022,12,3.0,PRC,0,-24,0.6102359241174767
elliott_2022,12,3.0,PRC,0,0,0.6145392518647119
elliott_2022,12,3.0,PRC,0,24,0.6241704207175927
elliott_2022,12,3.0,PRC,24,-24,0.5930208205191799
elliott_2022,12,3.0,PRC,24,0,0.6000139521846064
elliott_2022,12,3.0,PRC,24,24,0.6123291730967079
elliott_2022,12,0.0,RTOLCAP,-24,-24,0.10070893036265431
elliott_2022,12,0.0,RTOLCAP,-24,0,0.09105274247685184
elliott_2022,12,0.0,RTOLCAP,-24,24,0.0890712894570707
elliott_2022,12,0.0,RTOLCAP,0,-24,0.09326768265335646
elliott_2022,12,0.0,RTOLCAP,0,0,0.08336539030349795
elliott_2022,12,0.0,RTOLCAP,0,24,0.08195452719907408
elliott_2022,12,0.0,RTOLCAP,24,-24,0.08755421337632273
elliott_2022,12,0.0,RTOLCAP,24,0,0.0771283181423611
elliott_2022,12,0.0,RTOLCAP,24,24,0.07625370048868313
elliott_2022,12,3.0,RTOLCAP,-24,-24,0.2290123199588477
elliott_2022,12,3.0,RTOLCAP,-24,0,0.21022924334490736
elliott_2022,12,3.0,RTOLCAP,-24,24,0.21102740346170032
elliott_2022,12,3.0,RTOLCAP,0,-24,0.2136994075520833
elliott_2022,12,3.0,RTOLCAP,0,0,0.19453075713734566
elliott_2022,12,3.0,RTOLCAP,0,24,0.19697858188657402
elliott_2022,12,3.0,RTOLCAP,24,-24,0.1968526169808201
elliott_2022,12,3.0,RTOLCAP,24,0,0.17739373408564815
elliott_2022,12,3.0,RTOLCAP,24,24,0.1820176530349794
elliott_2022,12,0.0,RTOLCAP+RTOFFCAP,-24,-24,0.026290069122942385
elliott_2022,12,0.0,RTOLCAP+RTOFFCAP,-24,0,0.023661062210648145
elliott_2022,12,0.0,RTOLCAP+RTOFFCAP,-24,24,0.021510056555134677
elliott_2022,12,0.0,RTOLCAP+RTOFFCAP,0,-24,0.02929800202546296
elliott_2022,12,0.0,RTOLCAP+RTOFFCAP,0,0,0.026042668467078183
elliott_2022,12,0.0,RTOLCAP+RTOFFCAP,0,24,0.023438401620370364
elliott_2022,12,0.0,RTOLCAP+RTOFFCAP,24,-24,0.03348343088624338
elliott_2022,12,0.0,RTOLCAP+RTOFFCAP,24,0,0.02929800202546296
elliott_2022,12,0.0,RTOLCAP+RTOFFCAP,24,24,0.026042668467078183
elliott_2022,12,3.0,RTOLCAP+RTOFFCAP,-24,-24,0.06904231192129628
elliott_2022,12,3.0,RTOLCAP+RTOFFCAP,-24,0,0.06213808072916667
elliott_2022,12,3.0,RTOLCAP+RTOFFCAP,-24,24,0.05849669165614478
elliott_2022,12,3.0,RTOLCAP+RTOFFCAP,0,-24,0.07431419307002314
elliott_2022,12,3.0,RTOLCAP+RTOFFCAP,0,0,0.06605706050668723
elliott_2022,12,3.0,RTOLCAP+RTOFFCAP,0,24,0.0616596345486111
elliott_2022,12,3.0,RTOLCAP+RTOFFCAP,24,-24,0.07938018229166666
elliott_2022,12,3.0,RTOLCAP+RTOFFCAP,24,0,0.06945765950520832
elliott_2022,12,3.0,RTOLCAP+RTOFFCAP,24,24,0.06419378632973251
elliott_2022,13,0.0,PRC,-24,-24,0.4225929036087369
elliott_2022,13,0.0,PRC,-24,0,0.42485354006410253
elliott_2022,13,0.0,PRC,-24,24,0.4318963041472416
elliott_2022,13,0.0,PRC,0,-24,0.4097303826121795
elliott_2022,13,0.0,PRC,0,0,0.41367136989553654
elliott_2022,13,0.0,PRC,0,24,0.4225366274038461
elliott_2022,13,0.0,PRC,24,-24,0.39387978021978026
elliott_2022,13,0.0,PRC,24,0,0.4002947162126068
elliott_2022,13,0.0,PRC,24,24,0.41163129718660973
elliott_2022,13,3.0,PRC,-24,-24,0.6531116123575499
elliott_2022,13,3.0,PRC,-24,0,0.6553973010149572
elliott_2022,13,3.0,PRC,-24,24,0.6624605623543123
elliott_2022,13,3.0,PRC,0,-24,0.64021777610844
elliott_2022,13,3.0,PRC,0,0,0.6441900786443494
elliott_2022,13,3.0,PRC,0,24,0.6530803883547008
elliott_2022,13,3.0,PRC,24,-24,0.6243269112484737
elliott_2022,13,3.0,PRC,24,0,0.6307821097088675
elliott_2022,13,3.0,PRC,24,24,0.6421500059354226
elliott_2022,13,0.0,RTOLCAP,-24,-24,0.12861803418803416
elliott_2022,13,0.0,RTOLCAP,-24,0,0.11674146207264956
elliott_2022,13,0.0,RTOLCAP,-24,24,0.1152838378982129
elliott_2022,13,0.0,RTOLCAP,0,-24,0.11918597222222221
elliott_2022,13,0.0,RTOLCAP,0,0,0.1070377878679962
elliott_2022,13,0.0,RTOLCAP,0,24,0.10640476869658118
elliott_2022,13,0.0,RTOLCAP,24,-24,0.11094959668803417
elliott_2022,13,0.0,RTOLCAP,24,0,0.09831243623130341
elliott_2022,13,0.0,RTOLCAP,24,24,0.09857856511158593
elliott_2022,13,3.0,RTOLCAP,-24,-24,0.2566312274453941
elliott_2022,13,3.0,RTOLCAP,-24,0,0.237154719551282
elliott_2022,13,3.0,RTOLCAP,-24,24,0.2392355303030303
elliott_2022,13,3.0,RTOLCAP,0,-24,0.2398653695913461
elliott_2022,13,3.0,RTOLCAP,0,0,0.22008767835944917
elliott_2022,13,3.0,RTOLCAP,0,24,0.22408327430555558
elliott_2022,13,3.0,RTOLCAP,24,-24,0.22025185477716724
elliott_2022,13,3.0,RTOLCAP,24,0,0.20045364149305553
elliott_2022,13,3.0,RTOLCAP,24,24,0.20707475219610633
elliott_2022,13,0.0,RTOLCAP+RTOFFCAP,-24,-24,0.03421539945394112
elliott_2022,13,0.0,RTOLCAP+RTOFFCAP,-24,0,0.03079385950854701
elliott_2022,13,0.0,RTOLCAP+RTOFFCAP,-24,24,0.028195645639083135
elliott_2022,13,0.0,RTOLCAP+RTOFFCAP,0,-24,0.03767727630876068
elliott_2022,13,0.0,RTOLCAP+RTOFFCAP,0,0,0.033490912274453936
elliott_2022,13,0.0,RTOLCAP+RTOFFCAP,0,24,0.03036317174145299
elliott_2022,13,0.0,RTOLCAP+RTOFFCAP,24,-24,0.04266574557387058
elliott_2022,13,0.0,RTOLCAP+RTOFFCAP,24,0,0.03733252737713674
elliott_2022,13,0.0,RTOLCAP+RTOFFCAP,24,24,0.03343041399572649
elliott_2022,13,3.0,RTOLCAP+RTOFFCAP,-24,-24,0.08393273296533713
elliott_2022,13,3.0,RTOLCAP+RTOFFCAP,-24,0,0.07553945966880342
elliott_2022,13,3.0,RTOLCAP+RTOFFCAP,-24,24,0.0716347987082362
elliott_2022,13,3.0,RTOLCAP+RTOFFCAP,0,-24,0.0883576358840812
elliott_2022,13,3.0,RTOLCAP+RTOFFCAP,0,0,0.07854012078584993
elliott_2022,13,3.0,RTOLCAP+RTOFFCAP,0,24,0.07394492761752137
elliott_2022,13,3.0,RTOLCAP+RTOFFCAP,24,-24,0.09258140262515263
elliott_2022,13,3.0,RTOLCAP+RTOFFCAP,24,0,0.08100872729700855
elliott_2022,13,3.0,RTOLCAP+RTOFFCAP,24,24,0.07562866749762584
elliott_2022,14,0.0,PRC,-24,-24,0.4636036400462963
elliott_2022,14,0.0,PRC,-24,0,0.46572606522817456
elliott_2022,14,0.0,PRC,-24,24,0.47228480790043287
elliott_2022,14,0.0,PRC,0,-24,0.4516307921006944
elliott_2022,14,0.0,PRC,0,0,0.4553193587411816
elliott_2022,14,0.0,PRC,0,24,0.4635746463293651
elliott_2022,14,0.0,PRC,24,-24,0.4368749890164399
elliott_2022,14,0.0,PRC,24,0,0.4428691018725198
elliott_2022,14,0.0,PRC,24,24,0.4534250055114638
elliott_2022,14,3.0,PRC,-24,-24,0.6778893543320106
elliott_2022,14,3.0,PRC,-24,0,0.6800117795138889
elliott_2022,14,3.0,PRC,-24,24,0.6865705221861471
elliott_2022,14,3.0,PRC,0,-24,0.6659165063864086
elliott_2022,14,3.0,PRC,0,0,0.6696050730268959
elliott_2022,14,3.0,PRC,0,24,0.6778603606150794
elliott_2022,14,3.0,PRC,24,-24,0.6511607033021541
elliott_2022,14,3.0,PRC,24,0,0.6571548161582341
elliott_2022,14,3.0,PRC,24,24,0.6677107197971782
elliott_2022,14,0.0,RTOLCAP,-24,-24,0.15648372740299824
elliott_2022,14,0.0,RTOLCAP,-24,0,0.14278600719246032
elliott_2022,14,0.0,RTOLCAP,-24,24,0.14231921559343433
elliott_2022,14,0.0,RTOLCAP,0,-24,0.14551168991815475
elliott_2022,14,0.0,RTOLCAP,0,0,0.13151111607142857
elliott_2022,14,0.0,RTOLCAP,0,24,0.13212513442460316
elliott_2022,14,0.0,RTOLCAP,24,-24,0.13458173752834465
elliott_2022,14,0.0,RTOLCAP,24,0,0.12019733599950394
elliott_2022,14,0.0,RTOLCAP,24,24,0.12213666528880072
elliott_2022,14,3.0,RTOLCAP,-24,-24,0.2828148476080247
elliott_2022,14,3.0,RTOLCAP,-24,0,0.2634001212797619
elliott_2022,14,3.0,RTOLCAP,-24,24,0.26664758364898994
elliott_2022,14,3.0,RTOLCAP,0,-24,0.2644344447544643
elliott_2022,14,3.0,RTOLCAP,0,0,0.24490479359567896
elliott_2022,14,3.0,RTOLCAP,0,24,0.2503265349702381
elliott_2022,14,3.0,RTOLCAP,24,-24,0.24224317247732421
elliott_2022,14,3.0,RTOLCAP,24,0,0.22304622395833335
elliott_2022,14,3.0,RTOLCAP,24,24,0.23149911100088183
elliott_2022,14,0.0,RTOLCAP+RTOFFCAP,-24,-24,0.04423013888888889
elliott_2022,14,0.0,RTOLCAP+RTOFFCAP,-24,0,0.03980712499999999
elliott_2022,14,0.0,RTOLCAP+RTOFFCAP,-24,24,0.03702684275793651
elliott_2022,14,0.0,RTOLCAP+RTOFFCAP,0,-24,0.04814408265128968
elliott_2022,14,0.0,RTOLCAP+RTOFFCAP,0,0,0.04279474013447972
elliott_2022,14,0.0,RTOLCAP+RTOFFCAP,0,24,0.03943766815476191
elliott_2022,14,0.0,RTOLCAP+RTOFFCAP,24,-24,0.052854415391156456
elliott_2022,14,0.0,RTOLCAP+RTOFFCAP,24,0,0.0462476134672619
elliott_2022,14,0.0,RTOLCAP+RTOFFCAP,24,24,0.04213388089726632
elliott_2022,14,3.0,RTOLCAP+RTOFFCAP,-24,-24,0.10149500936948853
elliott_2022,14,3.0,RTOLCAP+RTOFFCAP,-24,0,0.09134550843253968
elliott_2022,14,3.0,RTOLCAP+RTOFFCAP,-24,24,0.08742516504329004
elliott_2022,14,3.0,RTOLCAP+RTOFFCAP,0,-24,0.1044182331969246
elliott_2022,14,3.0,RTOLCAP+RTOFFCAP,0,0,0.0928162072861552
elliott_2022,14,3.0,RTOLCAP+RTOFFCAP,0,24,0.08835675967261904
elliott_2022,14,3.0,RTOLCAP+RTOFFCAP,24,-24,0.10827175949546483
elliott_2022,14,3.0,RTOLCAP+RTOFFCAP,24,0,0.09473778955853177
elliott_2022,14,3.0,RTOLCAP+RTOFFCAP,24,24,0.08956933862433863
elliott_2022,15,0.0,PRC,-24,-24,0.4993633973765432
elliott_2022,15,0.0,PRC,-24,0,0.5013443275462963
elliott_2022,15,0.0,PRC,-24,24,0.5074658207070707
elliott_2022,15,0.0,PRC,0,-24,0.4881887392939814
elliott_2022,15,0.0,PRC,0,0,0.49163140149176954
elliott_2022,15,0.0,PRC,0,24,0.4993363365740741
elliott_2022,15,0.0,PRC,24,-24,0.4744166564153439
elliott_2022,15,0.0,PRC,24,0,0.48001116174768516
elliott_2022,15,0.0,PRC,24,24,0.4898633384773663
elliott_2022,15,3.0,PRC,-24,-24,0.6993633973765432
elliott_2022,15,3.0,PRC,-24,0,0.7013443275462963
elliott_2022,15,3.0,PRC,-24,24,0.7074658207070705
elliott_2022,15,3.0,PRC,0,-24,0.6881887392939814
elliott_2022,15,3.0,PRC,0,0,0.6916314014917695
elliott_2022,15,3.0,PRC,0,24,0.699336336574074
elliott_2022,15,3.0,PRC,24,-24,0.6744166564153439
elliott_2022,15,3.0,PRC,24,0,0.6800111617476852
elliott_2022,15,3.0,PRC,24,24,0.6898633384773663
elliott_2022,15,0.0,RTOLCAP,-24,-24,0.18320985596707814
elliott_2022,15,0.0,RTOLCAP,-24,0,0.16818339467592588
elliott_2022,15,0.0,RTOLCAP,-24,24,0.16882192276936026
elliott_2022,15,0.0,RTOLCAP,0,-24,0.17095952604166664
elliott_2022,15,0.0,RTOLCAP,0,0,0.15562460570987655
elliott_2022,15,0.0,RTOLCAP,0,24,0.1575828655092592
elliott_2022,15,0.0,RTOLCAP,24,-24,0.15748209358465606
elliott_2022,15,0.0,RTOLCAP,24,0,0.1419149872685185
elliott_2022,15,0.0,RTOLCAP,24,24,0.14561412242798352
elliott_2022,15,3.0,RTOLCAP,-24,-24,0.3083192836934156
elliott_2022,15,3.0,RTOLCAP,-24,0,0.2899215648148148
elliott_2022,15,3.0,RTOLCAP,-24,24,0.29400298085016835
elliott_2022,15,3.0,RTOLCAP,0,-24,0.28838655902777777
elliott_2022,15,3.0,RTOLCAP,0,0,0.27015939634773656
elliott_2022,15,3.0,RTOLCAP,0,24,0.2766251708333333
elliott_2022,15,3.0,RTOLCAP,24,-24,0.26409190443121694
elliott_2022,15,3.0,RTOLCAP,24,0,0.24662317824074068
elliott_2022,15,3.0,RTOLCAP,24,24,0.2564225074588477
elliott_2022,15,0.0,RTOLCAP+RTOFFCAP,-24,-24,0.055233849537037034
elliott_2022,15,0.0,RTOLCAP+RTOFFCAP,-24,0,0.049710464583333336
elliott_2022,15,0.0,RTOLCAP+RTOFFCAP,-24,24,0.04679735332491582
elliott_2022,15,0.0,RTOLCAP+RTOFFCAP,0,-24,0.05945135445601851
elliott_2022,15,0.0,RTOLCAP+RTOFFCAP,0,0,0.05284564840534979
elliott_2022,15,0.0,RTOLCAP+RTOFFCAP,0,24,0.04932770763888888
elliott_2022,15,0.0,RTOLCAP+RTOFFCAP,24,-24,0.06350414583333333
elliott_2022,15,0.0,RTOLCAP+RTOFFCAP,24,0,0.05556612760416666
elliott_2022,15,0.0,RTOLCAP+RTOFFCAP,24,24,0.05135502906378601
elliott_2022,15,3.0,RTOLCAP+RTOFFCAP,-24,-24,0.12157547865226336
elliott_2022,15,3.0,RTOLCAP+RTOFFCAP,-24,0,0.10953491898148147
elliott_2022,15,3.0,RTOLCAP+RTOFFCAP,-24,24,0.10611002293771044
elliott_2022,15,3.0,RTOLCAP+RTOFFCAP,0,-24,0.12283460937499997
elliott_2022,15,3.0,RTOLCAP+RTOFFCAP,0,0,0.1093163063271605
elliott_2022,15,3.0,RTOLCAP+RTOFFCAP,0,24,0.10557078194444444
elliott_2022,15,3.0,RTOLCAP+RTOFFCAP,24,-24,0.12597085813492062
elliott_2022,15,3.0,RTOLCAP+RTOFFCAP,24,0,0.1103707361111111
elliott_2022,15,3.0,RTOLCAP+RTOFFCAP,24,24,0.10609188348765433
elliott_2022,16,0.0,PRC,-24,-24,0.5306531850405093
elliott_2022,16,0.0,PRC,-24,0,0.5325103070746527
elliott_2022,16,0.0,PRC,-24,24,0.5382492069128788
elliott_2022,16,0.0,PRC,0,-24,0.5201769430881076
elliott_2022,16,0.0,PRC,0,0,0.5234044388985339
elliott_2022,16,0.0,PRC,0,24,0.5306278155381945
elliott_2022,16,0.0,PRC,24,-24,0.5072656153893849
elliott_2022,16,0.0,PRC,24,0,0.5125104641384548
elliott_2022,16,0.0,PRC,24,24,0.5217468798225309
elliott_2022,16,3.0,PRC,-24,-24,0.7181531850405092
elliott_2022,16,3.0,PRC,-24,0,0.7200103070746527
elliott_2022,16,3.0,PRC,-24,24,0.7257492069128787
elliott_2022,16,3.0,PRC,0,-24,0.7076769430881076
elliott_2022,16,3.0,PRC,0,0,0.7109044388985339
elliott_2022,16,3.0,PRC,0,24,0.7181278155381944
elliott_2022,16,3.0,PRC,24,-24,0.6947656153893849
elliott_2022,16,3.0,PRC,24,0,0.7000104641384548
elliott_2022,16,3.0,PRC,24,24,0.7092468798225308
elliott_2022,16,0.0,RTOLCAP,-24,-24,0.2085128722993827
elliott_2022,16,0.0,RTOLCAP,-24,0,0.19268820963541664
elliott_2022,16,0.0,RTOLCAP,-24,24,0.19437886837121213
elliott_2022,16,0.0,RTOLCAP,0,-24,0.1948906127929687
elliott_2022,16,0.0,RTOLCAP,0,0,0.17882123866705246
elliott_2022,16,0.0,RTOLCAP,0,24,0.1820676603732639
elliott_2022,16,0.0,RTOLCAP,24,-24,0.1789546320064484
elliott_2022,16,0.0,RTOLCAP,24,0,0.1628685837131076
elliott_2022,16,0.0,RTOLCAP,24,24,0.1682482361593364
elliott_2022,16,3.0,RTOLCAP,-24,-24,0.33315339988425924
elliott_2022,16,3.0,RTOLCAP,-24,0,0.316165765625
elliott_2022,16,3.0,RTOLCAP,-24,24,0.32111894511521466
elliott_2022,16,3.0,RTOLCAP,0,-24,0.31216697943793403
elliott_2022,16,3.0,RTOLCAP,0,0,0.29562365475501545
elliott_2022,16,3.0,RTOLCAP,0,24,0.30312636328125
elliott_2022,16,3.0,RTOLCAP,24,-24,0.28643425223214286
elliott_2022,16,3.0,RTOLCAP,24,0,0.2710396028645833
elliott_2022,16,3.0,RTOLCAP,24,24,0.28210750699266973
elliott_2022,16,0.0,RTOLCAP+RTOFFCAP,-24,-24,0.06819534553433641
elliott_2022,16,0.0,RTOLCAP+RTOFFCAP,-24,0,0.06137581098090278
elliott_2022,16,0.0,RTOLCAP+RTOFFCAP,-24,24,0.05820327395044191
elliott_2022,16,0.0,RTOLCAP+RTOFFCAP,0,-24,0.07179057915581598
elliott_2022,16,0.0,RTOLCAP+RTOFFCAP,0,0,0.06381384813850308
elliott_2022,16,0.0,RTOLCAP+RTOFFCAP,0,24,0.06008025368923612
elliott_2022,16,0.0,RTOLCAP+RTOFFCAP,24,-24,0.07522238963293651
elliott_2022,16,0.0,RTOLCAP+RTOFFCAP,24,0,0.06581959092881944
elliott_2022,16,0.0,RTOLCAP+RTOFFCAP,24,24,0.061448292341821
elliott_2022,16,3.0,RTOLCAP+RTOFFCAP,-24,-24,0.1429286615065586
elliott_2022,16,3.0,RTOLCAP+RTOFFCAP,-24,0,0.1290883980034722
elliott_2022,16,3.0,RTOLCAP+RTOFFCAP,-24,24,0.12611646760574494
elliott_2022,16,3.0,RTOLCAP+RTOFFCAP,0,-24,0.1423940554470486
elliott_2022,16,3.0,RTOLCAP+RTOFFCAP,0,0,0.1270753855613426
elliott_2022,16,3.0,RTOLCAP+RTOFFCAP,0,24,0.12400756336805556
elliott_2022,16,3.0,RTOLCAP+RTOFFCAP,24,-24,0.14392966920882933
elliott_2022,16,3.0,RTOLCAP+RTOFFCAP,24,0,0.1265042138671875
elliott_2022,16,3.0,RTOLCAP+RTOFFCAP,24,24,0.12315898606288576
elliott_2022,17,0.0,PRC,-24,-24,0.5582618212145969
elliott_2022,17,0.0,PRC,-24,0,0.5600097007761438
elliott_2022,17,0.0,PRC,-24,24,0.5654110182709448
elliott_2022,17,0.0,PRC,0,-24,0.548401828788807
elliott_2022,17,0.0,PRC,0,0,0.5514394719045025
elliott_2022,17,0.0,PRC,0,24,0.5582379440359477
elliott_2022,17,0.0,PRC,24,-24,0.5362499909547151
elliott_2022,17,0.0,PRC,24,0,0.541186319189134
elliott_2022,17,0.0,PRC,24,24,0.5498794163035585
elliott_2022,17,3.0,PRC,-24,-24,0.734732409449891
elliott_2022,17,3.0,PRC,-24,0,0.7364802890114378
elliott_2022,17,3.0,PRC,-24,24,0.7418816065062387
elliott_2022,17,3.0,PRC,0,-24,0.7248724170241012
elliott_2022,17,3.0,PRC,0,0,0.7279100601397966
elliott_2022,17,3.0,PRC,0,24,0.7347085322712417
elliott_2022,17,3.0,PRC,24,-24,0.7127205791900093
elliott_2022,17,3.0,PRC,24,0,0.717656907424428
elliott_2022,17,3.0,PRC,24,24,0.7263500045388525
elliott_2022,17,0.0,RTOLCAP,-24,-24,0.23290634508896152
elliott_2022,17,0.0,RTOLCAP,-24,0,0.2169177469362745
elliott_2022,17,0.0,RTOLCAP,-24,24,0.21959212771093287
elliott_2022,17,0.0,RTOLCAP,0,-24,0.21776954273897062
elliott_2022,17,0.0,RTOLCAP,0,0,0.20168630060820622
elliott_2022,17,0.0,RTOLCAP,0,24,0.20615126409313725
elliott_2022,17,0.0,RTOLCAP,24,-24,0.199494377334267
elliott_2022,17,0.0,RTOLCAP,24,0,0.1836851256127451
elliott_2022,17,0.0,RTOLCAP,24,24,0.19064632670660855
elliott_2022,17,3.0,RTOLCAP,-24,-24,0.3571318976942629
elliott_2022,17,3.0,RTOLCAP,-24,0,0.3423966742238562
elliott_2022,17,3.0,RTOLCAP,-24,24,0.3482537470291146
elliott_2022,17,3.0,RTOLCAP,0,-24,0.33547400097017965
elliott_2022,17,3.0,RTOLCAP,0,0,0.32150796341684823
elliott_2022,17,3.0,RTOLCAP,0,24,0.3300396145833333
elliott_2022,17,3.0,RTOLCAP,24,-24,0.30880442868814195
elliott_2022,17,3.0,RTOLCAP,24,0,0.29642633297589865
elliott_2022,17,3.0,RTOLCAP,24,24,0.3086927932098765
elliott_2022,17,0.0,RTOLCAP+RTOFFCAP,-24,-24,0.0835841253631082
elliott_2022,17,0.0,RTOLCAP+RTOFFCAP,-24,0,0.07522571282679738
elliott_2022,17,0.0,RTOLCAP+RTOFFCAP,-24,24,0.07199719474153297
elliott_2022,17,0.0,RTOLCAP+RTOFFCAP,0,-24,0.0859914861621732
elliott_2022,17,0.0,RTOLCAP+RTOFFCAP,0,0,0.0764368765885984
elliott_2022,17,0.0,RTOLCAP+RTOFFCAP,0,24,0.07276439031862744
elliott_2022,17,0.0,RTOLCAP+RTOFFCAP,24,-24,0.08916497840802987
elliott_2022,17,0.0,RTOLCAP+RTOFFCAP,24,0,0.07801935610702615
elliott_2022,17,0.0,RTOLCAP+RTOFFCAP,24,24,0.07376298474945535
elliott_2022,17,3.0,RTOLCAP+RTOFFCAP,-24,-24,0.16438636301742918
elliott_2022,17,3.0,RTOLCAP+RTOFFCAP,-24,0,0.1488780198120915
elliott_2022,17,3.0,RTOLCAP+RTOFFCAP,-24,24,0.14659201481729053
elliott_2022,17,3.0,RTOLCAP+RTOFFCAP,0,-24,0.16220078456903594
elliott_2022,17,3.0,RTOLCAP+RTOFFCAP,0,0,0.14521213416848222
elliott_2022,17,3.0,RTOLCAP+RTOFFCAP,0,24,0.14306411723856208
elliott_2022,17,3.0,RTOLCAP+RTOFFCAP,24,-24,0.1616187205298786
elliott_2022,17,3.0,RTOLCAP+RTOFFCAP,24,0,0.14257924683415035
elliott_2022,17,3.0,RTOLCAP+RTOFFCAP,24,24,0.14048510439360928
elliott_2022,18,0.0,PRC,-24,-24,0.5828028311471193
elliott_2022,18,0.0,PRC,-24,0,0.5844536062885802
elliott_2022,18,0.0,PRC,-24,24,0.5895548505892255
elliott_2022,18,0.0,PRC,0,-24,0.5734906160783179
elliott_2022,18,0.0,PRC,0,0,0.5763595012431413
elliott_2022,18,0.0,PRC,0,24,0.582780280478395
elliott_2022,18,0.0,PRC,24,-24,0.5620138803461199
elliott_2022,18,0.0,PRC,24,0,0.566675968123071
elliott_2022,18,0.0,PRC,24,24,0.5748861153978052
elliott_2022,18,3.0,PRC,-24,-24,0.7494694978137859
elliott_2022,18,3.0,PRC,-24,0,0.7511202729552467
elliott_2022,18,3.0,PRC,-24,24,0.7562215172558922
elliott_2022,18,3.0,PRC,0,-24,0.7401572827449845
elliott_2022,18,3.0,PRC,0,0,0.7430261679098079
elliott_2022,18,3.0,PRC,0,24,0.7494469471450615
elliott_2022,18,3.0,PRC,24,-24,0.7286805470127866
elliott_2022,18,3.0,PRC,24,0,0.7333426347897376
elliott_2022,18,3.0,PRC,24,24,0.741552782064472
elliott_2022,18,0.0,RTOLCAP,-24,-24,0.2569327364111797
elliott_2022,18,0.0,RTOLCAP,-24,0,0.24160130401234567
elliott_2022,18,0.0,RTOLCAP,-24,24,0.24500248404180697
elliott_2022,18,0.0,RTOLCAP,0,-24,0.24032213252314816
elliott_2022,18,0.0,RTOLCAP,0,0,0.22513283028978048
elliott_2022,18,0.0,RTOLCAP,0,24,0.2305209756944444
elliott_2022,18,0.0,RTOLCAP,24,-24,0.2200765870260141
elliott_2022,18,0.0,RTOLCAP,24,0,0.20551931520061725
elliott_2022,18,0.0,RTOLCAP,24,24,0.21368542288237308
elliott_2022,18,3.0,RTOLCAP,-24,-24,0.38035855859910833
elliott_2022,18,3.0,RTOLCAP,-24,0,0.3676861043595679
elliott_2022,18,3.0,RTOLCAP,-24,24,0.3742399740460157
elliott_2022,18,3.0,RTOLCAP,0,-24,0.3583428491512346
elliott_2022,18,3.0,RTOLCAP,0,0,0.34670853437928667
elliott_2022,18,3.0,RTOLCAP,0,24,0.3560155480324074
elliott_2022,18,3.0,RTOLCAP,24,-24,0.3311478822200177
elliott_2022,18,3.0,RTOLCAP,24,0,0.3214586489679784
elliott_2022,18,3.0,RTOLCAP,24,24,0.33460531807270233
elliott_2022,18,0.0,RTOLCAP+RTOFFCAP,-24,-24,0.10131289887688613
elliott_2022,18,0.0,RTOLCAP+RTOFFCAP,-24,0,0.09127909915123457
elliott_2022,18,0.0,RTOLCAP+RTOFFCAP,-24,24,0.0884250191147587
elliott_2022,18,0.0,RTOLCAP+RTOFFCAP,0,-24,0.10236217447916665
elliott_2022,18,0.0,RTOLCAP+RTOFFCAP,0,0,0.09109692193930041
elliott_2022,18,0.0,RTOLCAP+RTOFFCAP,0,24,0.08797565162037037
elliott_2022,18,0.0,RTOLCAP+RTOFFCAP,24,-24,0.10497571511243384
elliott_2022,18,0.0,RTOLCAP+RTOFFCAP,24,0,0.09197561342592592
elliott_2022,18,0.0,RTOLCAP+RTOFFCAP,24,24,0.08840990290637861
elliott_2022,18,3.0,RTOLCAP+RTOFFCAP,-24,-24,0.18565049618484225
elliott_2022,18,3.0,RTOLCAP+RTOFFCAP,-24,0,0.16880343479938267
elliott_2022,18,3.0,RTOLCAP+RTOFFCAP,-24,24,0.167368956404321
elliott_2022,18,3.0,RTOLCAP+RTOFFCAP,0,-24,0.1820167170621142
elliott_2022,18,3.0,RTOLCAP+RTOFFCAP,0,0,0.16370151320301785
elliott_2022,18,3.0,RTOLCAP+RTOFFCAP,0,24,0.1626337791280864
elliott_2022,18,3.0,RTOLCAP+RTOFFCAP,24,-24,0.1791062563381834
elliott_2022,18,3.0,RTOLCAP+RTOFFCAP,24,0,0.15886545958719137
elliott_2022,18,3.0,RTOLCAP+RTOFFCAP,24,24,0.1582164276834705
elliott_2022,19,0.0,PRC,-24,-24,0.6047605768762183
elliott_2022,19,0.0,PRC,-24,0,0.6063244691154971
elliott_2022,19,0.0,PRC,-24,24,0.6111572268740031
elliott_2022,19,0.0,PRC,0,-24,0.5959384783899853
elliott_2022,19,0.0,PRC,0,0,0.5986563695987654
elliott_2022,19,0.0,PRC,0,24,0.6047392130847953
elliott_2022,19,0.0,PRC,24,-24,0.5850657813805347
elliott_2022,19,0.0,PRC,24,0,0.5894824961165935
elliott_2022,19,0.0,PRC,24,24,0.597260530376868
elliott_2022,19,3.0,PRC,-24,-24,0.7626553137183235
elliott_2022,19,3.0,PRC,-24,0,0.7642192059576022
elliott_2022,19,3.0,PRC,-24,24,0.7690519637161083
elliott_2022,19,3.0,PRC,0,-24,0.7538332152320907
elliott_2022,19,3.0,PRC,0,0,0.7565511064408706
elliott_2022,19,3.0,PRC,0,24,0.7626339499269005
elliott_2022,19,3.0,PRC,24,-24,0.7429605182226399
elliott_2022,19,3.0,PRC,24,0,0.7473772329586987
elliott_2022,19,3.0,PRC,24,24,0.7551552672189734
elliott_2022,19,0.0,RTOLCAP,-24,-24,0.28055023148148145
elliott_2022,19,0.0,RTOLCAP,-24,0,0.2662448552631579
elliott_2022,19,0.0,RTOLCAP,-24,24,0.2704159537812334
elliott_2022,19,0.0,RTOLCAP,0,-24,0.26287745636878657
elliott_2022,19,0.0,RTOLCAP,0,0,0.2489462355831709
elliott_2022,19,0.0,RTOLCAP,0,24,0.2552643059210526
elliott_2022,19,0.0,RTOLCAP,24,-24,0.24120779135338347
elliott_2022,19,0.0,RTOLCAP,24,0,0.22824387609649122
elliott_2022,19,0.0,RTOLCAP,24,24,0.23756421641487976
elliott_2022,19,3.0,RTOLCAP,-24,-24,0.4029619649528915
elliott_2022,19,3.0,RTOLCAP,-24,0,0.3919574120979532
elliott_2022,19,3.0,RTOLCAP,-24,24,0.39898528409090905
elliott_2022,19,3.0,RTOLCAP,0,-24,0.3808538144188596
elliott_2022,19,3.0,RTOLCAP,0,0,0.37108299463937616
elliott_2022,19,3.0,RTOLCAP,0,24,0.38090109557748536
elliott_2022,19,3.0,RTOLCAP,24,-24,0.3534815238617376
elliott_2022,19,3.0,RTOLCAP,24,0,0.345910887929459
elliott_2022,19,3.0,RTOLCAP,24,24,0.3596167897173489
elliott_2022,19,0.0,RTOLCAP+RTOFFCAP,-24,-24,0.12036097811078621
elliott_2022,19,0.0,RTOLCAP+RTOFFCAP,-24,0,0.10870601937134501
elliott_2022,19,0.0,RTOLCAP+RTOFFCAP,-24,24,0.10620334114167995
elliott_2022,19,0.0,RTOLCAP+RTOFFCAP,0,-24,0.11991078353435672
elliott_2022,19,0.0,RTOLCAP+RTOFFCAP,0,0,0.10701085099902534
elliott_2022,19,0.0,RTOLCAP+RTOFFCAP,0,24,0.10442742178362573
elliott_2022,19,0.0,RTOLCAP+RTOFFCAP,24,-24,0.12120393196532997
elliott_2022,19,0.0,RTOLCAP+RTOFFCAP,24,0,0.1065298643092105
elliott_2022,19,0.0,RTOLCAP+RTOFFCAP,24,24,0.1037128303687459
elliott_2022,19,3.0,RTOLCAP+RTOFFCAP,-24,-24,0.2064537083739441
elliott_2022,19,3.0,RTOLCAP+RTOFFCAP,-24,0,0.18862797386695904
elliott_2022,19,3.0,RTOLCAP+RTOFFCAP,-24,24,0.18808835509702287
elliott_2022,19,3.0,RTOLCAP+RTOFFCAP,0,-24,0.201557970120614
elliott_2022,19,3.0,RTOLCAP+RTOFFCAP,0,0,0.1822955693632229
elliott_2022,19,3.0,RTOLCAP+RTOFFCAP,0,24,0.18233522916666667
elliott_2022,19,3.0,RTOLCAP+RTOFFCAP,24,-24,0.19641504177109437
elliott_2022,19,3.0,RTOLCAP+RTOFFCAP,24,0,0.1753877069627193
elliott_2022,19,3.0,RTOLCAP+RTOFFCAP,24,24,0.17619931367771283
elliott_2022,20,0.0,PRC,-24,-24,0.6245225480324074
elliott_2022,20,0.0,PRC,-24,0,0.6260082456597221
elliott_2022,20,0.0,PRC,-24,24,0.6305993655303029
elliott_2022,20,0.0,PRC,0,-24,0.616141554470486
elliott_2022,20,0.0,PRC,0,0,0.6187235511188272
elliott_2022,20,0.0,PRC,0,24,0.6245022524305555
elliott_2022,20,0.0,PRC,24,-24,0.6058124923115079
elliott_2022,20,0.0,PRC,24,0,0.6100083713107638
elliott_2022,20,0.0,PRC,24,24,0.6173975038580246
elliott_2022,20,3.0,PRC,-24,-24,0.7745225480324074
elliott_2022,20,3.0,PRC,-24,0,0.7760082456597222
elliott_2022,20,3.0,PRC,-24,24,0.780599365530303
elliott_2022,20,3.0,PRC,0,-24,0.766141554470486
elliott_2022,20,3.0,PRC,0,0,0.7687235511188272
elliott_2022,20,3.0,PRC,0,24,0.7745022524305555
elliott_2022,20,3.0,PRC,24,-24,0.7558124923115078
elliott_2022,20,3.0,PRC,24,0,0.7600083713107638
elliott_2022,20,3.0,PRC,24,24,0.7673975038580247
elliott_2022,20,0.0,RTOLCAP,-24,-24,0.3035621130401235
elliott_2022,20,0.0,RTOLCAP,-24,0,0.29103717309027777
elliott_2022,20,0.0,RTOLCAP,-24,24,0.29601568497474745
elliott_2022,20,0.0,RTOLCAP,0,-24,0.2851529008246527
elliott_2022,20,0.0,RTOLCAP,0,0,0.273281768904321
elliott_2022,20,0.0,RTOLCAP,0,24,0.2805336723958333
elliott_2022,20,0.0,RTOLCAP,24,-24,0.26248376438492066
elliott_2022,20,0.0,RTOLCAP,24,0,0.2519623830295139
elliott_2022,20,0.0,RTOLCAP,24,24,0.262388874228395
elliott_2022,20,3.0,RTOLCAP,-24,-24,0.4250660972222222
elliott_2022,20,3.0,RTOLCAP,-24,0,0.4153865489583333
elliott_2022,20,3.0,RTOLCAP,-24,24,0.4226969357638889
elliott_2022,20,3.0,RTOLCAP,0,-24,0.4030948830295139
elliott_2022,20,3.0,RTOLCAP,0,0,0.3947810754243828
elliott_2022,20,3.0,RTOLCAP,0,24,0.40488304826388893
elliott_2022,20,3.0,RTOLCAP,24,-24,0.37584602976190473
elliott_2022,20,3.0,RTOLCAP,24,0,0.36989910286458333
elliott_2022,20,3.0,RTOLCAP,24,24,0.38388818074845676
elliott_2022,20,0.0,RTOLCAP+RTOFFCAP,-24,-24,0.1397284085648148
elliott_2022,20,0.0,RTOLCAP+RTOFFCAP,-24,0,0.12654631684027778
elliott_2022,20,0.0,RTOLCAP+RTOFFCAP,-24,24,0.12460321259469695
elliott_2022,20,0.0,RTOLCAP+RTOFFCAP,0,-24,0.13787066688368055
elliott_2022,20,0.0,RTOLCAP+RTOFFCAP,0,0,0.12343031404320988
elliott_2022,20,0.0,RTOLCAP+RTOFFCAP,0,24,0.12160449965277777
elliott_2022,20,0.0,RTOLCAP+RTOFFCAP,24,-24,0.13737591245039682
elliott_2022,20,0.0,RTOLCAP+RTOFFCAP,24,0,0.1211923598090278
elliott_2022,20,0.0,RTOLCAP+RTOFFCAP,24,24,0.11941233873456789
elliott_2022,20,3.0,RTOLCAP+RTOFFCAP,-24,-24,0.22684101138117285
elliott_2022,20,3.0,RTOLCAP+RTOFFCAP,-24,0,0.20840557968749998
elliott_2022,20,3.0,RTOLCAP+RTOFFCAP,-24,24,0.2086811351010101
elliott_2022,20,3.0,RTOLCAP+RTOFFCAP,0,-24,0.22065675368923612
elliott_2022,20,3.0,RTOLCAP+RTOFFCAP,0,0,0.20086008043981482
elliott_2022,20,3.0,RTOLCAP+RTOFFCAP,0,24,0.20191774131944445
elliott_2022,20,3.0,RTOLCAP+RTOFFCAP,24,-24,0.2133757901785714
elliott_2022,20,3.0,RTOLCAP+RTOFFCAP,24,0,0.19201465321180552
elliott_2022,20,3.0,RTOLCAP+RTOFFCAP,24,24,0.19417265721450616
elliott_2022,21,0.0,PRC,-24,-24,0.6424024266975308
elliott_2022,21,0.0,PRC,-24,0,0.6438173768187829
elliott_2022,21,0.0,PRC,-24,24,0.6481898719336219
elliott_2022,21,0.0,PRC,0,-24,0.6344205280671296
elliott_2022,21,0.0,PRC,0,0,0.6368795724941211
elliott_2022,21,0.0,PRC,0,24,0.6423830975529099
elliott_2022,21,0.0,PRC,24,-24,0.6245833260109599
elliott_2022,21,0.0,PRC,24,0,0.6285794012483464
elliott_2022,21,0.0,PRC,24,24,0.6356166703409759
elliott_2022,21,3.0,PRC,-24,-24,0.7852595695546737
elliott_2022,21,3.0,PRC,-24,0,0.7866745196759258
elliott_2022,21,3.0,PRC,-24,24,0.7910470147907647
elliott_2022,21,3.0,PRC,0,-24,0.7772776709242724
elliott_2022,21,3.0,PRC,0,0,0.779736715351264
elliott_2022,21,3.0,PRC,0,24,0.7852402404100528
elliott_2022,21,3.0,PRC,24,-24,0.7674404688681028
elliott_2022,21,3.0,PRC,24,0,0.7714365441054893
elliott_2022,21,3.0,PRC,24,24,0.7784738131981188
elliott_2022,21,0.0,RTOLCAP,-24,-24,0.32602162165637855
elliott_2022,21,0.0,RTOLCAP,-24,0,0.31515951802248676
elliott_2022,21,0.0,RTOLCAP,-24,24,0.3207771206108706
elliott_2022,21,0.0,RTOLCAP,0,-24,0.30715101355820107
elliott_2022,21,0.0,RTOLCAP,0,0,0.29717874375367426
elliott_2022,21,0.0,RTOLCAP,0,24,0.3051561840277778
elliott_2022,21,0.0,RTOLCAP,24,-24,0.2838410419028723
elliott_2022,21,0.0,RTOLCAP,24,0,0.27553598482969577
elliott_2022,21,0.0,RTOLCAP,24,24,0.28680455834803054
elliott_2022,21,3.0,RTOLCAP,-24,-24,0.44654518169459134
elliott_2022,21,3.0,RTOLCAP,-24,0,0.43791643634259253
elliott_2022,21,3.0,RTOLCAP,-24,24,0.445361332070707
elliott_2022,21,3.0,RTOLCAP,0,-24,0.42488287574404765
elliott_2022,21,3.0,RTOLCAP,0,0,0.4177023037918871
elliott_2022,21,3.0,RTOLCAP,0,24,0.42791310234788354
elliott_2022,21,3.0,RTOLCAP,24,-24,0.3979835782785336
elliott_2022,21,3.0,RTOLCAP,24,0,0.3932678470155423
elliott_2022,21,3.0,RTOLCAP,24,24,0.4073281183862434
elliott_2022,21,0.0,RTOLCAP+RTOFFCAP,-24,-24,0.15912899672986477
elliott_2022,21,0.0,RTOLCAP+RTOFFCAP,-24,0,0.14468865839947087
elliott_2022,21,0.0,RTOLCAP+RTOFFCAP,-24,24,0.143459105489418
elliott_2022,21,0.0,RTOLCAP+RTOFFCAP,0,-24,0.1560143289103836
elliott_2022,21,0.0,RTOLCAP+RTOFFCAP,0,0,0.14031558274544387
elliott_2022,21,0.0,RTOLCAP+RTOFFCAP,0,24,0.13940038210978836
elliott_2022,21,0.0,RTOLCAP+RTOFFCAP,24,-24,0.1535196482898715
elliott_2022,21,0.0,RTOLCAP+RTOFFCAP,24,0,0.1361703939318783
elliott_2022,21,0.0,RTOLCAP+RTOFFCAP,24,24,0.13561408087154614
elliott_2022,21,3.0,RTOLCAP+RTOFFCAP,-24,-24,0.24662345274838332
elliott_2022,21,3.0,RTOLCAP+RTOFFCAP,-24,0,0.2281271091269841
elliott_2022,21,3.0,RTOLCAP+RTOFFCAP,-24,24,0.22919163870851367
elliott_2022,21,3.0,RTOLCAP+RTOFFCAP,0,-24,0.2390232764963624
elliott_2022,21,3.0,RTOLCAP+RTOFFCAP,0,0,0.21931624761169896
elliott_2022,21,3.0,RTOLCAP+RTOFFCAP,0,24,0.22136831630291
elliott_2022,21,3.0,RTOLCAP+RTOFFCAP,24,-24,0.22961465537603926
elliott_2022,21,3.0,RTOLCAP+RTOFFCAP,24,0,0.2086203255208333
elliott_2022,21,3.0,RTOLCAP+RTOFFCAP,24,24,0.21208883763227512
elliott_2022,22,0.0,PRC,-24,-24,0.658656861847643
elliott_2022,22,0.0,PRC,-24,0,0.6600074960542929
elliott_2022,22,0.0,PRC,-24,24,0.6641812413911845
elliott_2022,22,0.0,PRC,0,-24,0.651037776791351
elliott_2022,22,0.0,PRC,0,0,0.6533850464716611
elliott_2022,22,0.0,PRC,0,24,0.6586384113005049
elliott_2022,22,0.0,PRC,24,-24,0.6416477202831891
elliott_2022,22,0.0,PRC,24,0,0.645462155737058
elliott_2022,22,0.0,PRC,24,24,0.6521795489618406
elliott_2022,22,3.0,PRC,-24,-24,0.7950204982112794
elliott_2022,22,3.0,PRC,-24,0,0.7963711324179291
elliott_2022,22,3.0,PRC,-24,24,0.8005448777548209
elliott_2022,22,3.0,PRC,0,-24,0.7874014131549874
elliott_2022,22,3.0,PRC,0,0,0.7897486828352974
elliott_2022,22,3.0,PRC,0,24,0.7950020476641412
elliott_2022,22,3.0,PRC,24,-24,0.7780113566468253
elliott_2022,22,3.0,PRC,24,0,0.7818257921006944
elliott_2022,22,3.0,PRC,24,24,0.7885431853254771
elliott_2022,22,0.0,RTOLCAP,-24,-24,0.348012606095679
elliott_2022,22,0.0,RTOLCAP,-24,0,0.33850867408459595
elliott_2022,22,0.0,RTOLCAP,-24,24,0.3445781998966942
elliott_2022,22,0.0,RTOLCAP,0,-24,0.3289192033617424
elliott_2022,22,0.0,RTOLCAP,0,0,0.3204807680976431
elliott_2022,22,0.0,RTOLCAP,0,24,0.32896003708964644
elliott_2022,22,0.0,RTOLCAP,24,-24,0.30527949788059155
elliott_2022,22,0.0,RTOLCAP,24,0,0.2987412213936237
elliott_2022,22,0.0,RTOLCAP,24,24,0.31057813657407407
elliott_2022,22,3.0,RTOLCAP,-24,-24,0.46706933834876546
elliott_2022,22,3.0,RTOLCAP,-24,0,0.45929609674873734
elliott_2022,22,3.0,RTOLCAP,-24,24,0.4667816419880624
elliott_2022,22,3.0,RTOLCAP,0,-24,0.4458125726010101
elliott_2022,22,3.0,RTOLCAP,0,0,0.4395375003507295
elliott_2022,22,3.0,RTOLCAP,0,24,0.4497474597537879
elliott_2022,22,3.0,RTOLCAP,24,-24,0.4193914003878066
elliott_2022,22,3.0,RTOLCAP,24,0,0.41563459063289143
elliott_2022,22,3.0,RTOLCAP,24,24,0.42963486882716057
elliott_2022,22,0.0,RTOLCAP+RTOFFCAP,-24,-24,0.17830092995931537
elliott_2022,22,0.0,RTOLCAP+RTOFFCAP,-24,0,0.16290597743055552
elliott_2022,22,0.0,RTOLCAP+RTOFFCAP,-24,24,0.16243994303833792
elliott_2022,22,0.0,RTOLCAP+RTOFFCAP,0,-24,0.1740727923768939
elliott_2022,22,0.0,RTOLCAP+RTOFFCAP,0,0,0.1574370826318743
elliott_2022,22,0.0,RTOLCAP+RTOFFCAP,0,24,0.15747133428030302
elliott_2022,22,0.0,RTOLCAP+RTOFFCAP,24,-24,0.1696311724386724
elliott_2022,22,0.0,RTOLCAP+RTOFFCAP,24,0,0.15147120146780302
elliott_2022,22,0.0,RTOLCAP+RTOFFCAP,24,24,0.15217213453984288
elliott_2022,22,3.0,RTOLCAP+RTOFFCAP,-24,-24,0.26618913475028055
elliott_2022,22,3.0,RTOLCAP+RTOFFCAP,-24,0,0.24827151909722217
elliott_2022,22,3.0,RTOLCAP+RTOFFCAP,-24,24,0.24996536314853074
elliott_2022,22,3.0,RTOLCAP+RTOFFCAP,0,-24,0.2571165455334596
elliott_2022,22,3.0,RTOLCAP+RTOFFCAP,0,0,0.2382161491652637
elliott_2022,22,3.0,RTOLCAP+RTOFFCAP,0,24,0.24108491461489898
elliott_2022,22,3.0,RTOLCAP+RTOFFCAP,24,-24,0.24578156633297255
elliott_2022,22,3.0,RTOLCAP+RTOFFCAP,24,0,0.22593549281881314
elliott_2022,22,3.0,RTOLCAP+RTOFFCAP,24,24,0.23048752735690237
elliott_2022,23,0.0,PRC,-24,-24,0.6734978678542672
elliott_2022,23,0.0,PRC,-24,0,0.6747897788345409
elliott_2022,23,0.0,PRC,-24,24,0.6787820569828721
elliott_2022,23,0.0,PRC,0,-24,0.66621004736564
elliott_2022,23,0.0,PRC,0,0,0.6684552618424584
elliott_2022,23,0.0,PRC,0,24,0.6734802195048308
elliott_2022,23,0.0,PRC,24,-24,0.6572282541839198
elliott_2022,23,0.0,PRC,24,0,0.6608768446180555
elliott_2022,23,0.0,PRC,24,24,0.6673021772678476
elliott_2022,23,3.0,PRC,-24,-24,0.8039326504629629
elliott_2022,23,3.0,PRC,-24,0,0.8052245614432365
elliott_2022,23,3.0,PRC,-24,24,0.8092168395915678
elliott_2022,23,3.0,PRC,0,-24,0.7966448299743357
elliott_2022,23,3.0,PRC,0,0,0.7988900444511541
elliott_2022,23,3.0,PRC,0,24,0.8039150021135264
elliott_2022,23,3.0,PRC,24,-24,0.7876630367926155
elliott_2022,23,3.0,PRC,24,0,0.7913116272267512
elliott_2022,23,3.0,PRC,24,24,0.7977369598765433
elliott_2022,23,0.0,RTOLCAP,-24,-24,0.369622693236715
elliott_2022,23,0.0,RTOLCAP,-24,0,0.36120569474637676
elliott_2022,23,0.0,RTOLCAP,-24,24,0.36756255283816425
elliott_2022,23,0.0,RTOLCAP,0,-24,0.35051728959088163
elliott_2022,23,0.0,RTOLCAP,0,0,0.3432878916733763
elliott_2022,23,0.0,RTOLCAP,0,24,0.35207221588164256
elliott_2022,23,0.0,RTOLCAP,24,-24,0.3268226345755693
elliott_2022,23,0.0,RTOLCAP,24,0,0.32165139379528984
elliott_2022,23,0.0,RTOLCAP,24,24,0.33381580934648414
elliott_2022,23,3.0,RTOLCAP,-24,-24,0.48626249731615667
elliott_2022,23,3.0,RTOLCAP,-24,0,0.4792249966787439
elliott_2022,23,3.0,RTOLCAP,-24,24,0.48671053483201576
elliott_2022,23,3.0,RTOLCAP,0,-24,0.4654327213541667
elliott_2022,23,3.0,RTOLCAP,0,0,0.45992769575281794
elliott_2022,23,3.0,RTOLCAP,0,24,0.47009151781400965
elliott_2022,23,3.0,RTOLCAP,24,-24,0.43952101621808143
elliott_2022,23,3.0,RTOLCAP,24,0,0.4365668255585749
elliott_2022,23,3.0,RTOLCAP,24,24,0.4504556134259259
elliott_2022,23,0.0,RTOLCAP+RTOFFCAP,-24,-24,0.1972530533749329
elliott_2022,23,0.0,RTOLCAP+RTOFFCAP,-24,0,0.18122224320652172
elliott_2022,23,0.0,RTOLCAP+RTOFFCAP,-24,24,0.181461856609574
elliott_2022,23,0.0,RTOLCAP+RTOFFCAP,0,-24,0.1918754379906401
elliott_2022,23,0.0,RTOLCAP+RTOFFCAP,0,0,0.17466093951288245
elliott_2022,23,0.0,RTOLCAP+RTOFFCAP,0,24,0.17558064462560385
elliott_2022,23,0.0,RTOLCAP+RTOFFCAP,24,-24,0.1855441653726708
elliott_2022,23,0.0,RTOLCAP+RTOFFCAP,24,0,0.16696926366243958
elliott_2022,23,0.0,RTOLCAP+RTOFFCAP,24,24,0.16884578888217927
elliott_2022,23,3.0,RTOLCAP+RTOFFCAP,-24,-24,0.28544053391706925
elliott_2022,23,3.0,RTOLCAP+RTOFFCAP,-24,0,0.26841540670289854
elliott_2022,23,3.0,RTOLCAP+RTOFFCAP,-24,24,0.2708152280961792
elliott_2022,23,3.0,RTOLCAP+RTOFFCAP,0,-24,0.2751807274682971
elliott_2022,23,3.0,RTOLCAP+RTOFFCAP,0,0,0.2574038979468599
elliott_2022,23,3.0,RTOLCAP+RTOFFCAP,0,24,0.26114485235507245
elliott_2022,23,3.0,RTOLCAP+RTOFFCAP,24,-24,0.2623049879227053
elliott_2022,23,3.0,RTOLCAP+RTOFFCAP,24,0,0.24391552215428744
elliott_2022,23,3.0,RTOLCAP+RTOFFCAP,24,24,0.24957084658480944
elliott_2022,24,0.0,PRC,-24,-24,0.6871021233603395
elliott_2022,24,0.0,PRC,-24,0,0.6883402047164351
elliott_2022,24,0.0,PRC,-24,24,0.6921661379419191
elliott_2022,24,0.0,PRC,0,-24,0.6801179620587383
elliott_2022,24,0.0,PRC,0,0,0.682269625932356
elliott_2022,24,0.0,PRC,0,24,0.6870852103587962
elliott_2022,24,0.0,PRC,24,-24,0.6715104102595899
elliott_2022,24,0.0,PRC,24,0,0.6750069760923032
elliott_2022,24,0.0,PRC,24,24,0.6811645865483539
elliott_2022,24,3.0,PRC,-24,-24,0.8121021233603395
elliott_2022,24,3.0,PRC,-24,0,0.813340204716435
elliott_2022,24,3.0,PRC,-24,24,0.8171661379419191
elliott_2022,24,3.0,PRC,0,-24,0.8051179620587383
elliott_2022,24,3.0,PRC,0,0,0.807269625932356
elliott_2022,24,3.0,PRC,0,24,0.8120852103587961
elliott_2022,24,3.0,PRC,24,-24,0.7965104102595898
elliott_2022,24,3.0,PRC,24,0,0.8000069760923032
elliott_2022,24,3.0,PRC,24,24,0.8061645865483539
elliott_2022,24,0.0,RTOLCAP,-24,-24,0.3907270339827674
elliott_2022,24,0.0,RTOLCAP,-24,0,0.38317688179976844
elliott_2022,24,0.0,RTOLCAP,-24,24,0.3896911655618686
elliott_2022,24,0.0,RTOLCAP,0,-24,0.3717725162760417
elliott_2022,24,0.0,RTOLCAP,0,0,0.36548951581790123
elliott_2022,24,0.0,RTOLCAP,0,24,0.37442396455439814
elliott_2022,24,0.0,RTOLCAP,24,-24,0.3482356309937169
elliott_2022,24,0.0,RTOLCAP,24,0,0.3441093661385995
elliott_2022,24,0.0,RTOLCAP,24,24,0.35641210358796294
elliott_2022,24,3.0,RTOLCAP,-24,-24,0.5043253343621399
elliott_2022,24,3.0,RTOLCAP,-24,0,0.4979153521412037
elliott_2022,24,3.0,RTOLCAP,-24,24,0.5053625022359006
elliott_2022,24,3.0,RTOLCAP,0,-24,0.48394560420283567
elliott_2022,24,3.0,RTOLCAP,0,0,0.4790878161972737
elliott_2022,24,3.0,RTOLCAP,0,24,0.48916243489583333
elliott_2022,24,3.0,RTOLCAP,24,-24,0.4585763029100529
elliott_2022,24,3.0,RTOLCAP,24,0,0.4562824540653934
elliott_2022,24,3.0,RTOLCAP,24,24,0.4700104039673354
elliott_2022,24,0.0,RTOLCAP+RTOFFCAP,-24,-24,0.21579552115483538
elliott_2022,24,0.0,RTOLCAP+RTOFFCAP,-24,0,0.1996112204861111
elliott_2022,24,0.0,RTOLCAP+RTOFFCAP,-24,24,0.20054268386994947
elliott_2022,24,0.0,RTOLCAP+RTOFFCAP,0,-24,0.2091453669343171
elliott_2022,24,0.0,RTOLCAP+RTOFFCAP,0,0,0.1919017166602366
elliott_2022,24,0.0,RTOLCAP+RTOFFCAP,0,24,0.19369727676504625
elliott_2022,24,0.0,RTOLCAP+RTOFFCAP,24,-24,0.20091282345403436
elliott_2022,24,0.0,RTOLCAP+RTOFFCAP,24,0,0.18254278483072914
elliott_2022,24,0.0,RTOLCAP+RTOFFCAP,24,24,0.18557773292824073
elliott_2022,24,3.0,RTOLCAP+RTOFFCAP,-24,-24,0.30475057918595677
elliott_2022,24,3.0,RTOLCAP+RTOFFCAP,-24,0,0.2891945247395833
elliott_2022,24,3.0,RTOLCAP+RTOFFCAP,-24,24,0.29232281434132995
elliott_2022,24,3.0,RTOLCAP+RTOFFCAP,0,-24,0.29361035644531247
elliott_2022,24,3.0,RTOLCAP+RTOFFCAP,0,0,0.2775636540316358
elliott_2022,24,3.0,RTOLCAP+RTOFFCAP,0,24,0.2821678596643518
elliott_2022,24,3.0,RTOLCAP+RTOFFCAP,24,-24,0.279589509755291
elliott_2022,24,3.0,RTOLCAP+RTOFFCAP,24,0,0.2632895753761574
elliott_2022,24,3.0,RTOLCAP+RTOFFCAP,24,24,0.26999136815200614
elliott_2022,25,0.0,PRC,-24,-24,0.6996180384259258
elliott_2022,25,0.0,PRC,-24,0,0.7008065965277777
elliott_2022,25,0.0,PRC,-24,24,0.7044794924242423
elliott_2022,25,0.0,PRC,0,-24,0.6929132435763888
elliott_2022,25,0.0,PRC,0,0,0.6949788408950617
elliott_2022,25,0.0,PRC,0,24,0.6996018019444442
elliott_2022,25,0.0,PRC,24,-24,0.6846499938492062
elliott_2022,25,0.0,PRC,24,0,0.6880066970486111
elliott_2022,25,0.0,PRC,24,24,0.6939180030864198
elliott_2022,25,3.0,PRC,-24,-24,0.8196180384259258
elliott_2022,25,3.0,PRC,-24,0,0.8208065965277778
elliott_2022,25,3.0,PRC,-24,24,0.8244794924242423
elliott_2022,25,3.0,PRC,0,-24,0.8129132435763888
elliott_2022,25,3.0,PRC,0,0,0.8149788408950617
elliott_2022,25,3.0,PRC,0,24,0.8196018019444443
elliott_2022,25,3.0,PRC,24,-24,0.8046499938492062
elliott_2022,25,3.0,PRC,24,0,0.8080066970486111
elliott_2022,25,3.0,PRC,24,24,0.8139180030864198
elliott_2022,25,0.0,RTOLCAP,-24,-24,0.41102101774691363
elliott_2022,25,0.0,RTOLCAP,-24,0,0.40418056513888884
elliott_2022,25,0.0,RTOLCAP,-24,24,0.4107678449494949
elliott_2022,25,0.0,RTOLCAP,0,-24,0.39231506388888887
elliott_2022,25,0.0,RTOLCAP,0,0,0.386793000308642
elliott_2022,25,0.0,RTOLCAP,0,24,0.3957777645833333
elliott_2022,25,0.0,RTOLCAP,24,-24,0.36906443234126984
elliott_2022,25,0.0,RTOLCAP,24,0,0.3657584397569445
elliott_2022,25,0.0,RTOLCAP,24,24,0.3780786845679013
elliott_2022,25,3.0,RTOLCAP,-24,-24,0.5214934550925926
elliott_2022,25,3.0,RTOLCAP,-24,0,0.5156057587499999
elliott_2022,25,3.0,RTOLCAP,-24,24,0.5229725664141415
elliott_2022,25,3.0,RTOLCAP,0,-24,0.5015965559027777
elliott_2022,25,3.0,RTOLCAP,0,0,0.49726543765432096
elliott_2022,25,3.0,RTOLCAP,0,24,0.5072029581944444
elliott_2022,25,3.0,RTOLCAP,24,-24,0.4768147089285714
elliott_2022,25,3.0,RTOLCAP,24,0,0.4750399317708333
elliott_2022,25,3.0,RTOLCAP,24,24,0.48855112191358013
elliott_2022,25,0.0,RTOLCAP+RTOFFCAP,-24,-24,0.2342464385802469
elliott_2022,25,0.0,RTOLCAP+RTOFFCAP,-24,0,0.21847893680555552
elliott_2022,25,0.0,RTOLCAP+RTOFFCAP,-24,24,0.21996951957070707
elliott_2022,25,0.0,RTOLCAP+RTOFFCAP,0,-24,0.22626256006944445
elliott_2022,25,0.0,RTOLCAP+RTOFFCAP,0,0,0.20963021126543205
elliott_2022,25,0.0,RTOLCAP+RTOFFCAP,0,24,0.21215472486111112
elliott_2022,25,0.0,RTOLCAP+RTOFFCAP,24,-24,0.21628777837301585
elliott_2022,25,0.0,RTOLCAP+RTOFFCAP,24,0,0.19882323368055557
elliott_2022,25,0.0,RTOLCAP+RTOFFCAP,24,24,0.20282902407407408
elliott_2022,25,3.0,RTOLCAP+RTOFFCAP,-24,-24,0.3239366983024691
elliott_2022,25,3.0,RTOLCAP+RTOFFCAP,-24,0,0.3098640144444444
elliott_2022,25,3.0,RTOLCAP+RTOFFCAP,-24,24,0.31357287512626264
elliott_2022,25,3.0,RTOLCAP+RTOFFCAP,0,-24,0.3121641022569444
elliott_2022,25,3.0,RTOLCAP+RTOFFCAP,0,0,0.29783585308641974
elliott_2022,25,3.0,RTOLCAP+RTOFFCAP,0,24,0.3031184159722223
elliott_2022,25,3.0,RTOLCAP+RTOFFCAP,24,-24,0.2973181123015873
elliott_2022,25,3.0,RTOLCAP+RTOFFCAP,24,0,0.2830545807291666
elliott_2022,25,3.0,RTOLCAP+RTOFFCAP,24,24,0.2905664586419753
uri_2021,1,0.0,PRC,-24,-24,0.0004058998842592592
uri_2021,1,0.0,PRC,-24,0,0.0003746768162393162
uri_2021,1,0.0,PRC,-24,24,0.0003479141865079365
uri_2021,1,0.0,PRC,0,-24,0.0004427998737373737
uri_2021,1,0.0,PRC,0,0,0.0004058998842592592
uri_2021,1,0.0,PRC,0,24,0.0003746768162393162
uri_2021,1,0.0,PRC,24,-24,0.0004870798611111111
uri_2021,1,0.0,PRC,24,0,0.0004427998737373737
uri_2021,1,0.0,PRC,24,24,0.0004058998842592592
uri_2021,1,3.0,PRC,-24,-24,0.31277267939814807
uri_2021,1,3.0,PRC,-24,0,0.2887132425213675
uri_2021,1,3.0,PRC,-24,24,0.2686061805555556
uri_2021,1,3.0,PRC,0,-24,0.3302434217171717
uri_2021,1,3.0,PRC,0,0,0.30272313657407407
uri_2021,1,3.0,PRC,0,24,0.27999169337606833
uri_2021,1,3.0,PRC,24,-24,0.352584
uri_2021,1,3.0,PRC,24,0,0.32053090909090903
uri_2021,1,3.0,PRC,24,24,0.29442119791666665
uri_2021,1,0.0,RTOLCAP,-24,-24,0.0005065393518518519
uri_2021,1,0.0,RTOLCAP,-24,0,0.0004675747863247863
uri_2021,1,0.0,RTOLCAP,-24,24,0.0004341765873015873
uri_2021,1,0.0,RTOLCAP,0,-24,0.0005525883838383838
uri_2021,1,0.0,RTOLCAP,0,0,0.0005065393518518519
uri_2021,1,0.0,RTOLCAP,0,24,0.0004675747863247863
uri_2021,1,0.0,RTOLCAP,24,-24,0.0006078472222222222
uri_2021,1,0.0,RTOLCAP,24,0,0.0005525883838383838
uri_2021,1,0.0,RTOLCAP,24,24,0.0005065393518518519
uri_2021,1,3.0,RTOLCAP,-24,-24,0.11996278645833333
uri_2021,1,3.0,RTOLCAP,-24,0,0.11073487980769231
uri_2021,1,3.0,RTOLCAP,-24,24,0.10282524553571429
uri_2021,1,3.0,RTOLCAP,0,-24,0.13086849431818182
uri_2021,1,3.0,RTOLCAP,0,0,0.11996278645833333
uri_2021,1,3.0,RTOLCAP,0,24,0.11073487980769231
uri_2021,1,3.0,RTOLCAP,24,-24,0.14395534375
uri_2021,1,3.0,RTOLCAP,24,0,0.1308684943181818
uri_2021,1,3.0,RTOLCAP,24,24,0.11996278645833332
uri_2021,1,0.0,RTOLCAP+RTOFFCAP,-24,-24,0.0005065393518518519
uri_2021,1,0.0,RTOLCAP+RTOFFCAP,-24,0,0.0004675747863247863
uri_2021,1,0.0,RTOLCAP+RTOFFCAP,-24,24,0.0004341765873015873
uri_2021,1,0.0,RTOLCAP+RTOFFCAP,0,-24,0.0005525883838383838
uri_2021,1,0.0,RTOLCAP+RTOFFCAP,0,0,0.0005065393518518519
uri_2021,1,0.0,RTOLCAP+RTOFFCAP,0,24,0.0004675747863247863
uri_2021,1,0.0,RTOLCAP+RTOFFCAP,24,-24,0.0006078472222222222
uri_2021,1,0.0,RTOLCAP+RTOFFCAP,24,0,0.0005525883838383838
uri_2021,1,0.0,RTOLCAP+RTOFFCAP,24,24,0.0005065393518518519
uri_2021,1,3.0,RTOLCAP+RTOFFCAP,-24,-24,0.11770405671296294
uri_2021,1,3.0,RTOLCAP+RTOFFCAP,-24,0,0.1086498985042735
uri_2021,1,3.0,RTOLCAP+RTOFFCAP,-24,24,0.10088919146825395
uri_2021,1,3.0,RTOLCAP+RTOFFCAP,0,-24,0.1284044255050505
uri_2021,1,3.0,RTOLCAP+RTOFFCAP,0,0,0.11770405671296294
uri_2021,1,3.0,RTOLCAP+RTOFFCAP,0,24,0.1086498985042735
uri_2021,1,3.0,RTOLCAP+RTOFFCAP,24,-24,0.14124486805555553
uri_2021,1,3.0,RTOLCAP+RTOFFCAP,24,0,0.12840442550505052
uri_2021,1,3.0,RTOLCAP+RTOFFCAP,24,24,0.11770405671296297
uri_2021,2,0.0,PRC,-24,-24,0.017116488715277777
uri_2021,2,0.0,PRC,-24,0,0.015799835737179486
uri_2021,2,0.0,PRC,-24,24,0.014671276041666667
uri_2021,2,0.0,PRC,0,-24,0.018672533143939393
uri_2021,2,0.0,PRC,0,0,0.017116488715277777
uri_2021,2,0.0,PRC,0,24,0.015799835737179486
uri_2021,2,0.0,PRC,24,-24,0.020539786458333334
uri_2021,2,0.0,PRC,24,0,0.01867253314393939
uri_2021,2,0.0,PRC,24,24,0.017116488715277777
uri_2021,2,3.0,PRC,-24,-24,0.5043220008680556
uri_2021,2,3.0,PRC,-24,0,0.46652305555555557
uri_2021,2,3.0,PRC,-24,24,0.4375036904761904
uri_2021,2,3.0,PRC,0,-24,0.5076228519570707
uri_2021,2,3.0,PRC,0,0,0.46639892361111107
uri_2021,2,3.0,PRC,0,24,0.43515684829059825
uri_2021,2,3.0,PRC,24,-24,0.5096100989583333
uri_2021,2,3.0,PRC,24,0,0.46445788194444443
uri_2021,2,3.0,PRC,24,24,0.4307740538194444
uri_2021,2,0.0,RTOLCAP,-24,-24,0.008293087384259257
uri_2021,2,0.0,RTOLCAP,-24,0,0.007655157585470085
uri_2021,2,0.0,RTOLCAP,-24,24,0.007108360615079364
uri_2021,2,0.0,RTOLCAP,0,-24,0.00904700441919192
uri_2021,2,0.0,RTOLCAP,0,0,0.00829308738425926
uri_2021,2,0.0,RTOLCAP,0,24,0.007655157585470085
uri_2021,2,0.0,RTOLCAP,24,-24,0.009951704861111112
uri_2021,2,0.0,RTOLCAP,24,0,0.009047004419191918
uri_2021,2,0.0,RTOLCAP,24,24,0.008293087384259257
uri_2021,2,3.0,RTOLCAP,-24,-24,0.15150647135416664
uri_2021,2,3.0,RTOLCAP,-24,0,0.13985212740384614
uri_2021,2,3.0,RTOLCAP,-24,24,0.12986268973214285
uri_2021,2,3.0,RTOLCAP,0,-24,0.16489523989898988
uri_2021,2,3.0,RTOLCAP,0,0,0.15115396990740737
uri_2021,2,3.0,RTOLCAP,0,24,0.13952674145299143
uri_2021,2,3.0,RTOLCAP,24,-24,0.18137034374999997
uri_2021,2,3.0,RTOLCAP,24,0,0.16488213068181815
uri_2021,2,3.0,RTOLCAP,24,24,0.15114195312499998
uri_2021,2,0.0,RTOLCAP+RTOFFCAP,-24,-24,0.008293087384259257
uri_2021,2,0.0,RTOLCAP+RTOFFCAP,-24,0,0.007655157585470085
uri_2021,2,0.0,RTOLCAP+RTOFFCAP,-24,24,0.007108360615079364
uri_2021,2,0.0,RTOLCAP+RTOFFCAP,0,-24,0.00904700441919192
uri_2021,2,0.0,RTOLCAP+RTOFFCAP,0,0,0.00829308738425926
uri_2021,2,0.0,RTOLCAP+RTOFFCAP,0,24,0.007655157585470085
uri_2021,2,0.0,RTOLCAP+RTOFFCAP,24,-24,0.009951704861111112
uri_2021,2,0.0,RTOLCAP+RTOFFCAP,24,0,0.009047004419191918
uri_2021,2,0.0,RTOLCAP+RTOFFCAP,24,24,0.008293087384259257
uri_2021,2,3.0,RTOLCAP+RTOFFCAP,-24,-24,0.14368823640046294
uri_2021,2,3.0,RTOLCAP+RTOFFCAP,-24,0,0.1326352951388889
uri_2021,2,3.0,RTOLCAP+RTOFFCAP,-24,24,0.1231613454861111
uri_2021,2,3.0,RTOLCAP+RTOFFCAP,0,-24,0.1567508033459596
uri_2021,2,3.0,RTOLCAP+RTOFFCAP,0,0,0.14368823640046294
uri_2021,2,3.0,RTOLCAP+RTOFFCAP,0,24,0.1326352951388889
uri_2021,2,3.0,RTOLCAP+RTOFFCAP,24,-24,0.17242588368055553
uri_2021,2,3.0,RTOLCAP+RTOFFCAP,24,0,0.15675080334595956
uri_2021,2,3.0,RTOLCAP+RTOFFCAP,24,24,0.14368823640046297
uri_2021,3,0.0,PRC,-24,-24,0.06162539544753086
uri_2021,3,0.0,PRC,-24,0,0.056884980413105406
uri_2021,3,0.0,PRC,-24,24,0.05282176752645503
uri_2021,3,0.0,PRC,0,-24,0.06722770412457911
uri_2021,3,0.0,PRC,0,0,0.06162539544753086
uri_2021,3,0.0,PRC,0,24,0.056884980413105406
uri_2021,3,0.0,PRC,24,-24,0.07395047453703703
uri_2021,3,0.0,PRC,24,0,0.06722770412457911
uri_2021,3,0.0,PRC,24,24,0.06162539544753086
uri_2021,3,3.0,PRC,-24,-24,0.6222996527777777
uri_2021,3,3.0,PRC,-24,0,0.5805837962962963
uri_2021,3,3.0,PRC,-24,24,0.5517368799603175
uri_2021,3,3.0,PRC,0,-24,0.620246682449495
uri_2021,3,3.0,PRC,0,0,0.5752255854552468
uri_2021,3,3.0,PRC,0,24,0.5445718456196582
uri_2021,3,3.0,PRC,24,-24,0.6164485925925925
uri_2021,3,3.0,PRC,24,0,0.5676799494949495
uri_2021,3,3.0,PRC,24,24,0.5351005343364198
uri_2021,3,0.0,RTOLCAP,-24,-24,0.025884818672839503
uri_2021,3,0.0,RTOLCAP,-24,0,0.023893678774928772
uri_2021,3,0.0,RTOLCAP,-24,24,0.022186987433862437
uri_2021,3,0.0,RTOLCAP,0,-24,0.028237984006734003
uri_2021,3,0.0,RTOLCAP,0,0,0.025884818672839503
uri_2021,3,0.0,RTOLCAP,0,24,0.023893678774928772
uri_2021,3,0.0,RTOLCAP,24,-24,0.031061782407407403
uri_2021,3,0.0,RTOLCAP,24,0,0.028237984006734003
uri_2021,3,0.0,RTOLCAP,24,24,0.025884818672839503
uri_2021,3,3.0,RTOLCAP,-24,-24,0.20546737943672838
uri_2021,3,3.0,RTOLCAP,-24,0,0.1896621964031339
uri_2021,3,3.0,RTOLCAP,-24,24,0.1761148966600529
uri_2021,3,3.0,RTOLCAP,0,-24,0.21784705071548818
uri_2021,3,3.0,RTOLCAP,0,0,0.19969312982253087
uri_2021,3,3.0,RTOLCAP,0,24,0.18433211983618233
uri_2021,3,3.0,RTOLCAP,24,-24,0.23527640393518515
uri_2021,3,3.0,RTOLCAP,24,0,0.21388763994107743
uri_2021,3,3.0,RTOLCAP,24,24,0.19606366994598762
uri_2021,3,0.0,RTOLCAP+RTOFFCAP,-24,-24,0.025880055941358022
uri_2021,3,0.0,RTOLCAP+RTOFFCAP,-24,0,0.023889282407407408
uri_2021,3,0.0,RTOLCAP+RTOFFCAP,-24,24,0.022182905092592596
uri_2021,3,0.0,RTOLCAP+RTOFFCAP,0,-24,0.0282327882996633
uri_2021,3,0.0,RTOLCAP+RTOFFCAP,0,0,0.025880055941358022
uri_2021,3,0.0,RTOLCAP+RTOFFCAP,0,24,0.023889282407407408
uri_2021,3,0.0,RTOLCAP+RTOFFCAP,24,-24,0.031056067129629626
uri_2021,3,0.0,RTOLCAP+RTOFFCAP,24,0,0.0282327882996633
uri_2021,3,0.0,RTOLCAP+RTOFFCAP,24,24,0.025880055941358022
uri_2021,3,3.0,RTOLCAP+RTOFFCAP,-24,-24,0.17982292534722222
uri_2021,3,3.0,RTOLCAP+RTOFFCAP,-24,0,0.16599039262820514
uri_2021,3,3.0,RTOLCAP+RTOFFCAP,-24,24,0.15413393601190478
uri_2021,3,3.0,RTOLCAP+RTOFFCAP,0,-24,0.19617046401515148
uri_2021,3,3.0,RTOLCAP+RTOFFCAP,0,0,0.1798229253472222
uri_2021,3,3.0,RTOLCAP+RTOFFCAP,0,24,0.16599039262820514
uri_2021,3,3.0,RTOLCAP+RTOFFCAP,24,-24,0.21578751041666663
uri_2021,3,3.0,RTOLCAP+RTOFFCAP,24,0,0.19617046401515154
uri_2021,3,3.0,RTOLCAP+RTOFFCAP,24,24,0.17982292534722222
uri_2021,4,0.0,PRC,-24,-24,0.12441221643518517
uri_2021,4,0.0,PRC,-24,0,0.11484204594017093
uri_2021,4,0.0,PRC,-24,24,0.10676787078373014
uri_2021,4,0.0,PRC,0,-24,0.13298163352272727
uri_2021,4,0.0,PRC,0,0,0.12189983072916664
uri_2021,4,0.0,PRC,0,24,0.11266165865384616
uri_2021,4,0.0,PRC,24,-24,0.14360885590277775
uri_2021,4,0.0,PRC,24,0,0.1305535053661616
uri_2021,4,0.0,PRC,24,24,0.11982434606481479
uri_2021,4,3.0,PRC,-24,-24,0.697133050491898
uri_2021,4,3.0,PRC,-24,0,0.6532691366185897
uri_2021,4,3.0,PRC,-24,24,0.626481552579365
uri_2021,4,3.0,PRC,0,-24,0.6938122601010102
uri_2021,4,3.0,PRC,0,0,0.6465697526041666
uri_2021,4,3.0,PRC,0,24,0.618236922409188
uri_2021,4,3.0,PRC,24,-24,0.6888264175347222
uri_2021,4,3.0,PRC,24,0,0.637742395044192
uri_2021,4,3.0,PRC,24,24,0.6077841087962962
uri_2021,4,0.0,RTOLCAP,-24,-24,0.04940431061921295
uri_2021,4,0.0,RTOLCAP,-24,0,0.04560397903311966
uri_2021,4,0.0,RTOLCAP,-24,24,0.0423465519593254
uri_2021,4,0.0,RTOLCAP,0,-24,0.05389561158459595
uri_2021,4,0.0,RTOLCAP,0,0,0.049404310619212966
uri_2021,4,0.0,RTOLCAP,0,24,0.04560397903311965
uri_2021,4,0.0,RTOLCAP,24,-24,0.059285172743055545
uri_2021,4,0.0,RTOLCAP,24,0,0.05389561158459595
uri_2021,4,0.0,RTOLCAP,24,24,0.049404310619212966
uri_2021,4,3.0,RTOLCAP,-24,-24,0.2681920970775463
uri_2021,4,3.0,RTOLCAP,-24,0,0.24756193576388885
uri_2021,4,3.0,RTOLCAP,-24,24,0.22987894035218254
uri_2021,4,3.0,RTOLCAP,0,-24,0.27836551057449493
uri_2021,4,3.0,RTOLCAP,0,0,0.255168384693287
uri_2021,4,3.0,RTOLCAP,0,24,0.235540047409188
uri_2021,4,3.0,RTOLCAP,24,-24,0.2910309288194444
uri_2021,4,3.0,RTOLCAP,24,0,0.2645735716540404
uri_2021,4,3.0,RTOLCAP,24,24,0.24252577401620368
uri_2021,4,0.0,RTOLCAP+RTOFFCAP,-24,-24,0.04883605613425926
uri_2021,4,0.0,RTOLCAP+RTOFFCAP,-24,0,0.04507943643162393
uri_2021,4,0.0,RTOLCAP+RTOFFCAP,-24,24,0.04185947668650794
uri_2021,4,0.0,RTOLCAP+RTOFFCAP,0,-24,0.05327569760101009
uri_2021,4,0.0,RTOLCAP+RTOFFCAP,0,0,0.048836056134259266
uri_2021,4,0.0,RTOLCAP+RTOFFCAP,0,24,0.04507943643162393
uri_2021,4,0.0,RTOLCAP+RTOFFCAP,24,-24,0.05860326736111111
uri_2021,4,0.0,RTOLCAP+RTOFFCAP,24,0,0.0532756976010101
uri_2021,4,0.0,RTOLCAP+RTOFFCAP,24,24,0.04883605613425926
uri_2021,4,3.0,RTOLCAP+RTOFFCAP,-24,-24,0.21359766348379627
uri_2021,4,3.0,RTOLCAP+RTOFFCAP,-24,0,0.19716707398504274
uri_2021,4,3.0,RTOLCAP+RTOFFCAP,-24,24,0.1830837115575397
uri_2021,4,3.0,RTOLCAP+RTOFFCAP,0,-24,0.2322238391729798
uri_2021,4,3.0,RTOLCAP+RTOFFCAP,0,0,0.2128718525752315
uri_2021,4,3.0,RTOLCAP+RTOFFCAP,0,24,0.19649709468482904
uri_2021,4,3.0,RTOLCAP+RTOFFCAP,24,-24,0.2554462230902778
uri_2021,4,3.0,RTOLCAP+RTOFFCAP,24,0,0.2322238391729798
uri_2021,4,3.0,RTOLCAP+RTOFFCAP,24,24,0.2128718525752315
uri_2021,5,0.0,PRC,-24,-24,0.23870403761574077
uri_2021,5,0.0,PRC,-24,0,0.22074021047008546
uri_2021,5,0.0,PRC,-24,24,0.2066945367063492
uri_2021,5,0.0,PRC,0,-24,0.24338576325757577
uri_2021,5,0.0,PRC,0,0,0.22353480671296294
uri_2021,5,0.0,PRC,0,24,0.20819372756410254
uri_2021,5,0.0,PRC,24,-24,0.24821432430555548
uri_2021,5,0.0,PRC,24,0,0.22611977525252525
uri_2021,5,0.0,PRC,24,24,0.2092848587962963
uri_2021,5,3.0,PRC,-24,-24,0.749677560185185
uri_2021,5,3.0,PRC,-24,0,0.7082362163461537
uri_2021,5,3.0,PRC,-24,24,0.6854227638888888
uri_2021,5,3.0,PRC,0,-24,0.7462910296717172
uri_2021,5,3.0,PRC,0,0,0.7016784513888888
uri_2021,5,3.0,PRC,0,24,0.6776145614316239
uri_2021,5,3.0,PRC,24,-24,0.7414264777777778
uri_2021,5,3.0,PRC,24,0,0.6932004425505051
uri_2021,5,3.0,PRC,24,24,0.6678377291666665
uri_2021,5,0.0,RTOLCAP,-24,-24,0.07613347974537037
uri_2021,5,0.0,RTOLCAP,-24,0,0.07027705822649573
uri_2021,5,0.0,RTOLCAP,-24,24,0.06525726835317461
uri_2021,5,0.0,RTOLCAP,0,-24,0.08290088636363636
uri_2021,5,0.0,RTOLCAP,0,0,0.07599247916666664
uri_2021,5,0.0,RTOLCAP,0,24,0.07014690384615385
uri_2021,5,0.0,RTOLCAP,24,-24,0.09118520694444443
uri_2021,5,0.0,RTOLCAP,24,0,0.08289564267676766
uri_2021,5,0.0,RTOLCAP,24,24,0.07598767245370369
uri_2021,5,3.0,RTOLCAP,-24,-24,0.3317409415509259
uri_2021,5,3.0,RTOLCAP,-24,0,0.3062224075854701
uri_2021,5,3.0,RTOLCAP,-24,24,0.2843493784722222
uri_2021,5,3.0,RTOLCAP,0,-24,0.3392181679292929
uri_2021,5,3.0,RTOLCAP,0,0,0.31094998726851847
uri_2021,5,3.0,RTOLCAP,0,24,0.2870307574786325
uri_2021,5,3.0,RTOLCAP,24,-24,0.34496998194444445
uri_2021,5,3.0,RTOLCAP,24,0,0.3136090744949495
uri_2021,5,3.0,RTOLCAP,24,24,0.2874749849537037
uri_2021,5,0.0,RTOLCAP+RTOFFCAP,-24,-24,0.073003328125
uri_2021,5,0.0,RTOLCAP+RTOFFCAP,-24,0,0.0673876875
uri_2021,5,0.0,RTOLCAP+RTOFFCAP,-24,24,0.06257428125
uri_2021,5,0.0,RTOLCAP+RTOFFCAP,0,-24,0.07963999431818182
uri_2021,5,0.0,RTOLCAP+RTOFFCAP,0,0,0.073003328125
uri_2021,5,0.0,RTOLCAP+RTOFFCAP,0,24,0.0673876875
uri_2021,5,0.0,RTOLCAP+RTOFFCAP,24,-24,0.08760399374999998
uri_2021,5,0.0,RTOLCAP+RTOFFCAP,24,0,0.07963999431818182
uri_2021,5,0.0,RTOLCAP+RTOFFCAP,24,24,0.073003328125
uri_2021,5,3.0,RTOLCAP+RTOFFCAP,-24,-24,0.24911424016203706
uri_2021,5,3.0,RTOLCAP+RTOFFCAP,-24,0,0.22995160630341882
uri_2021,5,3.0,RTOLCAP+RTOFFCAP,-24,24,0.21352649156746034
uri_2021,5,3.0,RTOLCAP+RTOFFCAP,0,-24,0.26704394696969697
uri_2021,5,3.0,RTOLCAP+RTOFFCAP,0,0,0.24479028472222222
uri_2021,5,3.0,RTOLCAP+RTOFFCAP,0,24,0.22596026282051276
uri_2021,5,3.0,RTOLCAP+RTOFFCAP,24,-24,0.29281103680555554
uri_2021,5,3.0,RTOLCAP+RTOFFCAP,24,0,0.2661918516414141
uri_2021,5,3.0,RTOLCAP+RTOFFCAP,24,24,0.24400919733796295
uri_2021,6,0.0,PRC,-24,-24,0.3419625241126543
uri_2021,6,0.0,PRC,-24,0,0.3187343883547008
uri_2021,6,0.0,PRC,-24,24,0.3022793237433863
uri_2021,6,0.0,PRC,0,-24,0.343737193287037
uri_2021,6,0.0,PRC,0,0,0.31842549045138885
uri_2021,6,0.0,PRC,0,24,0.30072841301638176
uri_2021,6,0.0,PRC,24,-24,0.34519953356481475
uri_2021,6,0.0,PRC,24,0,0.3174538268097643
uri_2021,6,0.0,PRC,24,24,0.2983629648919753
uri_2021,6,3.0,PRC,-24,-24,0.7890506206597222
uri_2021,6,3.0,PRC,-24,0,0.7546593861289175
uri_2021,6,3.0,PRC,-24,24,0.7358056134259259
uri_2021,6,3.0,PRC,0,-24,0.7860151167929292
uri_2021,6,3.0,PRC,0,0,0.7490109047067901
uri_2021,6,3.0,PRC,0,24,0.7291413403668091
uri_2021,6,3.0,PRC,24,-24,0.7817052494212963
uri_2021,6,3.0,PRC,24,0,0.741728824179293
uri_2021,6,3.0,PRC,24,24,0.7208103028549383
uri_2021,6,0.0,RTOLCAP,-24,-24,0.11567609905478393
uri_2021,6,0.0,RTOLCAP,-24,0,0.10677793758903133
uri_2021,6,0.0,RTOLCAP,-24,24,0.09915094204695765
uri_2021,6,0.0,RTOLCAP,0,-24,0.12304251736111109
uri_2021,6,0.0,RTOLCAP,0,0,0.11278897424768516
uri_2021,6,0.0,RTOLCAP,0,24,0.10411289930555555
uri_2021,6,0.0,RTOLCAP,24,-24,0.1331690931712963
uri_2021,6,0.0,RTOLCAP,24,0,0.12106281197390571
uri_2021,6,0.0,RTOLCAP,24,24,0.11097424430941358
uri_2021,6,3.0,RTOLCAP,-24,-24,0.39127416184413577
uri_2021,6,3.0,RTOLCAP,-24,0,0.36117614939458687
uri_2021,6,3.0,RTOLCAP,-24,24,0.3355649656911376
uri_2021,6,3.0,RTOLCAP,0,-24,0.3965493418560606
uri_2021,6,3.0,RTOLCAP,0,0,0.36350356336805556
uri_2021,6,3.0,RTOLCAP,0,24,0.3357432567663817
uri_2021,6,3.0,RTOLCAP,24,-24,0.39669771064814807
uri_2021,6,3.0,RTOLCAP,24,0,0.36063428240740736
uri_2021,6,3.0,RTOLCAP,24,24,0.33079972366898147
uri_2021,6,0.0,RTOLCAP+RTOFFCAP,-24,-24,0.1028514906442901
uri_2021,6,0.0,RTOLCAP+RTOFFCAP,-24,0,0.09493983751780628
uri_2021,6,0.0,RTOLCAP+RTOFFCAP,-24,24,0.08815842055224869
uri_2021,6,0.0,RTOLCAP+RTOFFCAP,0,-24,0.11220162615740742
uri_2021,6,0.0,RTOLCAP+RTOFFCAP,0,0,0.10285149064429014
uri_2021,6,0.0,RTOLCAP+RTOFFCAP,0,24,0.09493983751780624
uri_2021,6,0.0,RTOLCAP+RTOFFCAP,24,-24,0.12342178877314812
uri_2021,6,0.0,RTOLCAP+RTOFFCAP,24,0,0.11220162615740742
uri_2021,6,0.0,RTOLCAP+RTOFFCAP,24,24,0.10285149064429014
uri_2021,6,3.0,RTOLCAP+RTOFFCAP,-24,-24,0.2906343484760802
uri_2021,6,3.0,RTOLCAP+RTOFFCAP,-24,0,0.26827786013176635
uri_2021,6,3.0,RTOLCAP+RTOFFCAP,-24,24,0.2491151558366402
uri_2021,6,3.0,RTOLCAP+RTOFFCAP,0,-24,0.3084558938341751
uri_2021,6,3.0,RTOLCAP+RTOFFCAP,0,0,0.28275123601466046
uri_2021,6,3.0,RTOLCAP+RTOFFCAP,0,24,0.26100114093660964
uri_2021,6,3.0,RTOLCAP+RTOFFCAP,24,-24,0.333771115162037
uri_2021,6,3.0,RTOLCAP+RTOFFCAP,24,0,0.3034282865109428
uri_2021,6,3.0,RTOLCAP+RTOFFCAP,24,24,0.2781425959683642
uri_2021,7,0.0,PRC,-24,-24,0.424772626901455
uri_2021,7,0.0,PRC,-24,0,0.3976759268162393
uri_2021,7,0.0,PRC,-24,24,0.3806273589852608
uri_2021,7,0.0,PRC,0,-24,0.4252760218253967
uri_2021,7,0.0,PRC,0,0,0.39587931382275127
uri_2021,7,0.0,PRC,0,24,0.37765751869658115
uri_2021,7,0.0,PRC,24,-24,0.42530815624999996
uri_2021,7,0.0,PRC,24,0,0.3932360989357864
uri_2021,7,0.0,PRC,24,24,0.3737160887896825
uri_2021,7,3.0,PRC,-24,-24,0.8188989554398148
uri_2021,7,3.0,PRC,-24,0,0.7894428537087913
uri_2021,7,3.0,PRC,-24,24,0.7733014193594103
uri_2021,7,3.0,PRC,0,-24,0.8162709776334776
uri_2021,7,3.0,PRC,0,0,0.7845791989087302
uri_2021,7,3.0,PRC,0,24,0.7675702430555554
uri_2021,7,3.0,PRC,24,-24,0.812545464781746
uri_2021,7,3.0,PRC,24,0,0.7783112982503608
uri_2021,7,3.0,PRC,24,24,0.7604072544642857
uri_2021,7,0.0,RTOLCAP,-24,-24,0.16434612061838624
uri_2021,7,0.0,RTOLCAP,-24,0,0.15170411134004883
uri_2021,7,0.0,RTOLCAP,-24,24,0.14086810338718822
uri_2021,7,0.0,RTOLCAP,0,-24,0.17116799918831171
uri_2021,7,0.0,RTOLCAP,0,0,0.15690399925595236
uri_2021,7,0.0,RTOLCAP,0,24,0.14483446085164833
uri_2021,7,0.0,RTOLCAP,24,-24,0.1796155803571428
uri_2021,7,0.0,RTOLCAP,24,0,0.16328689123376625
uri_2021,7,0.0,RTOLCAP,24,24,0.149679650297619
uri_2021,7,3.0,RTOLCAP,-24,-24,0.44263079778439146
uri_2021,7,3.0,RTOLCAP,-24,0,0.40858227487789983
uri_2021,7,3.0,RTOLCAP,-24,24,0.3805151856575964
uri_2021,7,3.0,RTOLCAP,0,-24,0.4451564466089466
uri_2021,7,3.0,RTOLCAP,0,0,0.40806007605820105
uri_2021,7,3.0,RTOLCAP,0,24,0.37787414911477407
uri_2021,7,3.0,RTOLCAP,24,-24,0.4415236066468254
uri_2021,7,3.0,RTOLCAP,24,0,0.40138509695165936
uri_2021,7,3.0,RTOLCAP,24,24,0.36923992435515873
uri_2021,7,0.0,RTOLCAP+RTOFFCAP,-24,-24,0.13314726025132276
uri_2021,7,0.0,RTOLCAP+RTOFFCAP,-24,0,0.1229051633089133
uri_2021,7,0.0,RTOLCAP+RTOFFCAP,-24,24,0.11412622307256234
uri_2021,7,0.0,RTOLCAP+RTOFFCAP,0,-24,0.14479910308441557
uri_2021,7,0.0,RTOLCAP+RTOFFCAP,0,0,0.13273251116071427
uri_2021,7,0.0,RTOLCAP+RTOFFCAP,0,24,0.1225223179945055
uri_2021,7,0.0,RTOLCAP+RTOFFCAP,24,-24,0.15927901339285713
uri_2021,7,0.0,RTOLCAP+RTOFFCAP,24,0,0.14479910308441557
uri_2021,7,0.0,RTOLCAP+RTOFFCAP,24,24,0.13273251116071427
uri_2021,7,3.0,RTOLCAP+RTOFFCAP,-24,-24,0.3329106407076719
uri_2021,7,3.0,RTOLCAP+RTOFFCAP,-24,0,0.30730212988400485
uri_2021,7,3.0,RTOLCAP+RTOFFCAP,-24,24,0.2853519777494331
uri_2021,7,3.0,RTOLCAP+RTOFFCAP,0,-24,0.34984087301587297
uri_2021,7,3.0,RTOLCAP+RTOFFCAP,0,0,0.3206874669312169
uri_2021,7,3.0,RTOLCAP+RTOFFCAP,0,24,0.29601920024420025
uri_2021,7,3.0,RTOLCAP+RTOFFCAP,24,-24,0.37341478819444446
uri_2021,7,3.0,RTOLCAP+RTOFFCAP,24,0,0.3394679892676768
uri_2021,7,3.0,RTOLCAP+RTOFFCAP,24,24,0.31117899016203704
uri_2021,8,0.0,PRC,-24,-24,0.49165799840856483
uri_2021,8,0.0,PRC,-24,0,0.46397950287126066
uri_2021,8,0.0,PRC,-24,24,0.44819739025297617
uri_2021,8,0.0,PRC,0,-24,0.4916422825915403
uri_2021,8,0.0,PRC,0,0,0.4616585554108796
uri_2021,8,0.0,PRC,0,24,0.4448409685496794
uri_2021,8,0.0,PRC,24,-24,0.4911229765625
uri_2021,8,0.0,PRC,24,0,0.4584606656407828
uri_2021,8,0.0,PRC,24,24,0.4405081040219907
uri_2021,8,3.0,PRC,-24,-24,0.8415365860098379
uri_2021,8,3.0,PRC,-24,0,0.8157624969951923
uri_2021,8,3.0,PRC,-24,24,0.801638741939484
uri_2021,8,3.0,PRC,0,-24,0.8392371054292929
uri_2021,8,3.0,PRC,0,0,0.8115067990451389
uri_2021,8,3.0,PRC,0,24,0.796623962673611
uri_2021,8,3.0,PRC,24,-24,0.8359772816840277
uri_2021,8,3.0,PRC,24,0,0.8060223859690657
uri_2021,8,3.0,PRC,24,24,0.79035634765625
uri_2021,8,0.0,RTOLCAP,-24,-24,0.2170448954716435
uri_2021,8,0.0,RTOLCAP,-24,0,0.20034913428151707
uri_2021,8,0.0,RTOLCAP,-24,24,0.18603848183283728
uri_2021,8,0.0,RTOLCAP,0,-24,0.2226005989583333
uri_2021,8,0.0,RTOLCAP,0,0,0.20405054904513886
uri_2021,8,0.0,RTOLCAP,0,24,0.18835435296474357
uri_2021,8,0.0,RTOLCAP,24,-24,0.2272544071180555
uri_2021,8,0.0,RTOLCAP,24,0,0.20659491556186868
uri_2021,8,0.0,RTOLCAP,24,24,0.18937867259837962
uri_2021,8,3.0,RTOLCAP,-24,-24,0.48588994357638887
uri_2021,8,3.0,RTOLCAP,-24,0,0.4487351121794872
uri_2021,8,3.0,RTOLCAP,-24,24,0.4190966989087302
uri_2021,8,3.0,RTOLCAP,0,-24,0.4857002505523989
uri_2021,8,3.0,RTOLCAP,0,0,0.4454649909577546
uri_2021,8,3.0,RTOLCAP,0,24,0.4137982475293803
uri_2021,8,3.0,RTOLCAP,24,-24,0.4796403515624999
uri_2021,8,3.0,RTOLCAP,24,0,0.4362982410037879
uri_2021,8,3.0,RTOLCAP,24,24,0.402756498119213
uri_2021,8,0.0,RTOLCAP+RTOFFCAP,-24,-24,0.16540142107928238
uri_2021,8,0.0,RTOLCAP+RTOFFCAP,-24,0,0.15267823484241452
uri_2021,8,0.0,RTOLCAP+RTOFFCAP,-24,24,0.1417726466393849
uri_2021,8,0.0,RTOLCAP+RTOFFCAP,0,-24,0.17748976246843431
uri_2021,8,0.0,RTOLCAP+RTOFFCAP,0,0,0.16269894892939818
uri_2021,8,0.0,RTOLCAP+RTOFFCAP,0,24,0.1501836451655983
uri_2021,8,0.0,RTOLCAP+RTOFFCAP,24,-24,0.1946529231770833
uri_2021,8,0.0,RTOLCAP+RTOFFCAP,24,0,0.17695720288825753
uri_2021,8,0.0,RTOLCAP+RTOFFCAP,24,24,0.1622107693142361
uri_2021,8,3.0,RTOLCAP+RTOFFCAP,-24,-24,0.37349386899594905
uri_2021,8,3.0,RTOLCAP+RTOFFCAP,-24,0,0.34476357138087604
uri_2021,8,3.0,RTOLCAP+RTOFFCAP,-24,24,0.32013760199652774
uri_2021,8,3.0,RTOLCAP+RTOFFCAP,0,-24,0.3888652951388889
uri_2021,8,3.0,RTOLCAP+RTOFFCAP,0,0,0.35645985387731477
uri_2021,8,3.0,RTOLCAP+RTOFFCAP,0,24,0.3290398651175213
uri_2021,8,3.0,RTOLCAP+RTOFFCAP,24,-24,0.4096125555555556
uri_2021,8,3.0,RTOLCAP+RTOFFCAP,24,0,0.37237505050505054
uri_2021,8,3.0,RTOLCAP+RTOFFCAP,24,24,0.34134379629629624
uri_2021,9,0.0,PRC,-24,-24,0.5465755455889917
uri_2021,9,0.0,PRC,-24,0,0.52206791755698
uri_2021,9,0.0,PRC,-24,24,0.5081443314594356
uri_2021,9,0.0,PRC,0,-24,0.5464193125701459
uri_2021,9,0.0,PRC,0,0,0.5198824016203702
uri_2021,9,0.0,PRC,0,24,0.5050558870489079
uri_2021,9,0.0,PRC,24,-24,0.5457869911265433
uri_2021,9,0.0,PRC,24,0,0.5168951174943883
uri_2021,9,0.0,PRC,24,24,0.5010820003858024
uri_2021,9,3.0,PRC,-24,-24,0.8591436320087448
uri_2021,9,3.0,PRC,-24,0,0.8362333306623931
uri_2021,9,3.0,PRC,-24,24,0.8236788817239857
uri_2021,9,3.0,PRC,0,-24,0.8570996492704825
uri_2021,9,3.0,PRC,0,0,0.8324504880401234
uri_2021,9,3.0,PRC,0,24,0.8192213001543209
uri_2021,9,3.0,PRC,24,-24,0.8542020281635803
uri_2021,9,3.0,PRC,24,0,0.8275754541947251
uri_2021,9,3.0,PRC,24,24,0.8136500868055555
uri_2021,9,0.0,RTOLCAP,-24,-24,0.2694777141203703
uri_2021,9,0.0,RTOLCAP,-24,0,0.24874865918803418
uri_2021,9,0.0,RTOLCAP,-24,24,0.23110563960537917
uri_2021,9,0.0,RTOLCAP,0,-24,0.27377888923961835
uri_2021,9,0.0,RTOLCAP,0,0,0.2509639818029835
uri_2021,9,0.0,RTOLCAP,0,24,0.23179339743589744
uri_2021,9,0.0,RTOLCAP,24,-24,0.27481906790123456
uri_2021,9,0.0,RTOLCAP,24,0,0.24983551627384956
uri_2021,9,0.0,RTOLCAP,24,24,0.2291614220036008
uri_2021,9,3.0,RTOLCAP,-24,-24,0.5239217290380658
uri_2021,9,3.0,RTOLCAP,-24,0,0.4848196892806267
uri_2021,9,3.0,RTOLCAP,-24,24,0.45431438574735444
uri_2021,9,3.0,RTOLCAP,0,-24,0.5220175171857463
uri_2021,9,3.0,RTOLCAP,0,0,0.47981565843621404
uri_2021,9,3.0,RTOLCAP,0,24,0.4473487185422601
uri_2021,9,3.0,RTOLCAP,24,-24,0.5145482253086419
uri_2021,9,3.0,RTOLCAP,24,0,0.46918886047979796
uri_2021,9,3.0,RTOLCAP,24,24,0.434901908757716
uri_2021,9,0.0,RTOLCAP+RTOFFCAP,-24,-24,0.20238291763117283
uri_2021,9,0.0,RTOLCAP+RTOFFCAP,-24,0,0.1868150008903134
uri_2021,9,0.0,RTOLCAP+RTOFFCAP,-24,24,0.173471072255291
uri_2021,9,0.0,RTOLCAP+RTOFFCAP,0,-24,0.2150481919893378
uri_2021,9,0.0,RTOLCAP+RTOFFCAP,0,0,0.19712750932355969
uri_2021,9,0.0,RTOLCAP+RTOFFCAP,0,24,0.18196385476020893
uri_2021,9,0.0,RTOLCAP+RTOFFCAP,24,-24,0.2328660991512346
uri_2021,9,0.0,RTOLCAP+RTOFFCAP,24,0,0.21169645377384955
uri_2021,9,0.0,RTOLCAP+RTOFFCAP,24,24,0.1940550826260288
uri_2021,9,3.0,RTOLCAP+RTOFFCAP,-24,-24,0.4114683034336419
uri_2021,9,3.0,RTOLCAP+RTOFFCAP,-24,0,0.3798168954772079
uri_2021,9,3.0,RTOLCAP+RTOFFCAP,-24,24,0.352687117228836
uri_2021,9,3.0,RTOLCAP+RTOFFCAP,0,-24,0.42526722257295174
uri_2021,9,3.0,RTOLCAP+RTOFFCAP,0,0,0.38982828735853914
uri_2021,9,3.0,RTOLCAP+RTOFFCAP,0,24,0.35984149602326687
uri_2021,9,3.0,RTOLCAP+RTOFFCAP,24,-24,0.4425503796296296
uri_2021,9,3.0,RTOLCAP+RTOFFCAP,24,0,0.40231852693602693
uri_2021,9,3.0,RTOLCAP+RTOFFCAP,24,24,0.36879198302469135
uri_2021,10,0.0,PRC,-24,-24,0.5917168874421297
uri_2021,10,0.0,PRC,-24,0,0.5696754917200856
uri_2021,10,0.0,PRC,-24,24,0.5571575238095238
uri_2021,10,0.0,PRC,0,-24,0.5915579955808079
uri_2021,10,0.0,PRC,0,0,0.5676930578703703
uri_2021,10,0.0,PRC,0,24,0.5543646642628205
uri_2021,10,0.0,PRC,24,-24,0.5909669677083333
uri_2021,10,0.0,PRC,24,0,0.5649862200126262
uri_2021,10,0.0,PRC,24,24,0.5507726967592592
uri_2021,10,3.0,PRC,-24,-24,0.8732292688078703
uri_2021,10,3.0,PRC,-24,0,0.8526099975961539
uri_2021,10,3.0,PRC,-24,24,0.8413109935515872
uri_2021,10,3.0,PRC,0,-24,0.8713896843434343
uri_2021,10,3.0,PRC,0,0,0.8492054392361111
uri_2021,10,3.0,PRC,0,24,0.8372991701388887
uri_2021,10,3.0,PRC,24,-24,0.8687818253472223
uri_2021,10,3.0,PRC,24,0,0.8448179087752525
uri_2021,10,3.0,PRC,24,24,0.832285078125
uri_2021,10,0.0,RTOLCAP,-24,-24,0.3176070040509259
uri_2021,10,0.0,RTOLCAP,-24,0,0.29317569604700855
uri_2021,10,0.0,RTOLCAP,-24,24,0.2730167261904762
uri_2021,10,0.0,RTOLCAP,0,-24,0.32008090782828286
uri_2021,10,0.0,RTOLCAP,0,0,0.2934074988425926
uri_2021,10,0.0,RTOLCAP,0,24,0.2716800080128205
uri_2021,10,0.0,RTOLCAP,24,-24,0.31838505937499995
uri_2021,10,0.0,RTOLCAP,24,0,0.28944096306818173
uri_2021,10,0.0,RTOLCAP,24,24,0.266233392650463
uri_2021,10,3.0,RTOLCAP,-24,-24,0.5584445190972221
uri_2021,10,3.0,RTOLCAP,-24,0,0.5181265443376069
uri_2021,10,3.0,RTOLCAP,-24,24,0.48790860739087305
uri_2021,10,3.0,RTOLCAP,0,-24,0.5555411796085858
uri_2021,10,3.0,RTOLCAP,0,0,0.512105318576389
uri_2021,10,3.0,RTOLCAP,0,24,0.4800260961538461
uri_2021,10,3.0,RTOLCAP,24,-24,0.5473913583333333
uri_2021,10,3.0,RTOLCAP,24,0,0.5007476755050504
uri_2021,10,3.0,RTOLCAP,24,24,0.46694165480324074
uri_2021,10,0.0,RTOLCAP+RTOFFCAP,-24,-24,0.24080146527777777
uri_2021,10,0.0,RTOLCAP+RTOFFCAP,-24,0,0.22227827564102562
uri_2021,10,0.0,RTOLCAP+RTOFFCAP,-24,24,0.20640125595238096
uri_2021,10,0.0,RTOLCAP+RTOFFCAP,0,-24,0.25335844760101006
uri_2021,10,0.0,RTOLCAP+RTOFFCAP,0,0,0.23224524363425925
uri_2021,10,0.0,RTOLCAP+RTOFFCAP,0,24,0.21438022489316236
uri_2021,10,0.0,RTOLCAP+RTOFFCAP,24,-24,0.270707171875
uri_2021,10,0.0,RTOLCAP+RTOFFCAP,24,0,0.24609742897727274
uri_2021,10,0.0,RTOLCAP+RTOFFCAP,24,24,0.2255893098958333
uri_2021,10,3.0,RTOLCAP+RTOFFCAP,-24,-24,0.4483086762152777
uri_2021,10,3.0,RTOLCAP+RTOFFCAP,-24,0,0.4138233934294871
uri_2021,10,3.0,RTOLCAP+RTOFFCAP,-24,24,0.3843423090277777
uri_2021,10,3.0,RTOLCAP+RTOFFCAP,0,-24,0.46086258017676757
uri_2021,10,3.0,RTOLCAP+RTOFFCAP,0,0,0.42245736516203697
uri_2021,10,3.0,RTOLCAP+RTOFFCAP,0,24,0.39004435336538457
uri_2021,10,3.0,RTOLCAP+RTOFFCAP,24,-24,0.4746140895833333
uri_2021,10,3.0,RTOLCAP+RTOFFCAP,24,0,0.43146735416666665
uri_2021,10,3.0,RTOLCAP+RTOFFCAP,24,24,0.395602425636574
uri_2021,11,0.0,PRC,-24,-24,0.6288335340382997
uri_2021,11,0.0,PRC,-24,0,0.6087959015637141
uri_2021,11,0.0,PRC,-24,24,0.5974159307359307
uri_2021,11,0.0,PRC,0,-24,0.6286890868916436
uri_2021,11,0.0,PRC,0,0,0.6069936889730638
uri_2021,11,0.0,PRC,0,24,0.594876967511655
uri_2021,11,0.0,PRC,24,-24,0.6281517888257576
uri_2021,11,0.0,PRC,24,0,0.6045329272842056
uri_2021,11,0.0,PRC,24,24,0.5916115425084174
uri_2021,11,3.0,PRC,-24,-24,0.8847538807344275
uri_2021,11,3.0,PRC,-24,0,0.8660090887237762
uri_2021,11,3.0,PRC,-24,24,0.8557372668650792
uri_2021,11,3.0,PRC,0,-24,0.883081531221304
uri_2021,11,3.0,PRC,0,0,0.8629140356691919
uri_2021,11,3.0,PRC,0,24,0.8520901546717172
uri_2021,11,3.0,PRC,24,-24,0.8807107503156566
uri_2021,11,3.0,PRC,24,0,0.858925371613866
uri_2021,11,3.0,PRC,24,24,0.8475318892045453
uri_2021,11,0.0,RTOLCAP,-24,-24,0.3604340004208754
uri_2021,11,0.0,RTOLCAP,-24,0,0.3328692667055167
uri_2021,11,0.0,RTOLCAP,-24,24,0.3108485957792208
uri_2021,11,0.0,RTOLCAP,0,-24,0.360937814221763
uri_2021,11,0.0,RTOLCAP,0,0,0.33103403488005045
uri_2021,11,0.0,RTOLCAP,0,24,0.30746063786907535
uri_2021,11,0.0,RTOLCAP,24,-24,0.35730074179292926
uri_2021,11,0.0,RTOLCAP,24,0,0.32500908000459133
uri_2021,11,0.0,RTOLCAP,24,24,0.2999733128156566
uri_2021,11,3.0,RTOLCAP,-24,-24,0.58870234559133
uri_2021,11,3.0,RTOLCAP,-24,0,0.547498527097902
uri_2021,11,3.0,RTOLCAP,-24,24,0.5175994890873016
uri_2021,11,3.0,RTOLCAP,0,-24,0.585164438705234
uri_2021,11,3.0,RTOLCAP,0,0,0.5408217942445285
uri_2021,11,3.0,RTOLCAP,0,24,0.5091364250679876
uri_2021,11,3.0,RTOLCAP,24,-24,0.57667730145202
uri_2021,11,3.0,RTOLCAP,24,0,0.5290750654269971
uri_2021,11,3.0,RTOLCAP,24,24,0.49572814288720546
uri_2021,11,0.0,RTOLCAP+RTOFFCAP,-24,-24,0.2786901017992424
uri_2021,11,0.0,RTOLCAP+RTOFFCAP,-24,0,0.2572524016608391
uri_2021,11,0.0,RTOLCAP+RTOFFCAP,-24,24,0.23887723011363635
uri_2021,11,0.0,RTOLCAP+RTOFFCAP,0,-24,0.2905109750918274
uri_2021,11,0.0,RTOLCAP+RTOFFCAP,0,0,0.26630172716750844
uri_2021,11,0.0,RTOLCAP+RTOFFCAP,0,24,0.24581697892385393
uri_2021,11,0.0,RTOLCAP+RTOFFCAP,24,-24,0.3063698768939394
uri_2021,11,0.0,RTOLCAP+RTOFFCAP,24,0,0.27851806990358124
uri_2021,11,0.0,RTOLCAP+RTOFFCAP,24,24,0.2553082307449495
uri_2021,11,3.0,RTOLCAP+RTOFFCAP,-24,-24,0.48204140598695283
uri_2021,11,3.0,RTOLCAP+RTOFFCAP,-24,0,0.4449612978341103
uri_2021,11,3.0,RTOLCAP+RTOFFCAP,-24,24,0.41380663329725825
uri_2021,11,3.0,RTOLCAP+RTOFFCAP,0,-24,0.4931995721418733
uri_2021,11,3.0,RTOLCAP+RTOFFCAP,0,0,0.4520996077967172
uri_2021,11,3.0,RTOLCAP+RTOFFCAP,0,24,0.41799932983682975
uri_2021,11,3.0,RTOLCAP+RTOFFCAP,24,-24,0.5040363304924242
uri_2021,11,3.0,RTOLCAP+RTOFFCAP,24,0,0.4582148459022038
uri_2021,11,3.0,RTOLCAP+RTOFFCAP,24,24,0.42076327493686866
uri_2021,12,0.0,PRC,-24,-24,0.6597640728684413
uri_2021,12,0.0,PRC,-24,0,0.6413962431000713
uri_2021,12,0.0,PRC,-24,24,0.630964603174603
uri_2021,12,0.0,PRC,0,-24,0.6596316629840067
uri_2021,12,0.0,PRC,0,0,0.6397442148919752
uri_2021,12,0.0,PRC,0,24,0.6286372202190171
uri_2021,12,0.0,PRC,24,-24,0.6591391397569445
uri_2021,12,0.0,PRC,24,0,0.6374885166771885
uri_2021,12,0.0,PRC,24,24,0.6256439139660492
uri_2021,12,3.0,PRC,-24,-24,0.8943577240065586
uri_2021,12,3.0,PRC,-24,0,0.8771749979967949
uri_2021,12,3.0,PRC,-24,24,0.8677591612929894
uri_2021,12,3.0,PRC,0,-24,0.8928247369528619
uri_2021,12,3.0,PRC,0,0,0.8743378660300926
uri_2021,12,3.0,PRC,0,24,0.8644159751157409
uri_2021,12,3.0,PRC,24,-24,0.8906515211226852
uri_2021,12,3.0,PRC,24,0,0.8706815906460438
uri_2021,12,3.0,PRC,24,24,0.8602375651041665
uri_2021,12,0.0,RTOLCAP,-24,-24,0.39941250144675916
uri_2021,12,0.0,RTOLCAP,-24,0,0.36958818665420223
uri_2021,12,0.0,RTOLCAP,-24,24,0.3462825361689814
uri_2021,12,0.0,RTOLCAP,0,-24,0.39857263389099323
uri_2021,12,0.0,RTOLCAP,0,0,0.36633294849537035
uri_2021,12,0.0,RTOLCAP,0,24,0.3414849586004273
uri_2021,12,0.0,RTOLCAP,24,-24,0.3936766145833333
uri_2021,12,0.0,RTOLCAP,24,0,0.358951141361532
uri_2021,12,0.0,RTOLCAP,24,24,0.3326476362364969
uri_2021,12,3.0,RTOLCAP,-24,-24,0.6151851188753857
uri_2021,12,3.0,RTOLCAP,-24,0,0.5731800836894586
uri_2021,12,3.0,RTOLCAP,-24,24,0.5437349948330026
uri_2021,12,3.0,RTOLCAP,0,-24,0.6112336710858586
uri_2021,12,3.0,RTOLCAP,0,0,0.5660575036168981
uri_2021,12,3.0,RTOLCAP,0,24,0.5348952987001424
uri_2021,12,3.0,RTOLCAP,24,-24,0.6026037554976851
uri_2021,12,3.0,RTOLCAP,24,0,0.5541052014941077
uri_2021,12,3.0,RTOLCAP,24,24,0.5213421713445217
uri_2021,12,0.0,RTOLCAP+RTOFFCAP,-24,-24,0.31507124156057104
uri_2021,12,0.0,RTOLCAP+RTOFFCAP,-24,0,0.29083499220975784
uri_2021,12,0.0,RTOLCAP+RTOFFCAP,-24,24,0.27006106419477516
uri_2021,12,0.0,RTOLCAP+RTOFFCAP,0,-24,0.3260086140046296
uri_2021,12,0.0,RTOLCAP+RTOFFCAP,0,0,0.2988412295042438
uri_2021,12,0.0,RTOLCAP+RTOFFCAP,0,24,0.275853442619302
uri_2021,12,0.0,RTOLCAP+RTOFFCAP,24,-24,0.3396768015046297
uri_2021,12,0.0,RTOLCAP+RTOFFCAP,24,0,0.30879709227693597
uri_2021,12,0.0,RTOLCAP+RTOFFCAP,24,24,0.28306400125385806
uri_2021,12,3.0,RTOLCAP+RTOFFCAP,-24,-24,0.5126164778645833
uri_2021,12,3.0,RTOLCAP+RTOFFCAP,-24,0,0.4733102797809829
uri_2021,12,3.0,RTOLCAP+RTOFFCAP,-24,24,0.4409918359375
uri_2021,12,3.0,RTOLCAP+RTOFFCAP,0,-24,0.5220659885311448
uri_2021,12,3.0,RTOLCAP+RTOFFCAP,0,0,0.47869681471836417
uri_2021,12,3.0,RTOLCAP+RTOFFCAP,0,24,0.4434779878917378
uri_2021,12,3.0,RTOLCAP+RTOFFCAP,24,-24,0.530662988425926
uri_2021,12,3.0,RTOLCAP+RTOFFCAP,24,0,0.4825696170033671
uri_2021,12,3.0,RTOLCAP+RTOFFCAP,24,24,0.4440931544174382
uri_2021,13,0.0,PRC,-24,-24,0.6859360672631766
uri_2021,13,0.0,PRC,-24,0,0.6689811474769888
uri_2021,13,0.0,PRC,-24,24,0.6593519413919413
uri_2021,13,0.0,PRC,0,-24,0.6858138427544678
uri_2021,13,0.0,PRC,0,0,0.6674561983618232
uri_2021,13,0.0,PRC,0,24,0.6572035878944773
uri_2021,13,0.0,PRC,24,-24,0.6853592059294872
uri_2021,13,0.0,PRC,24,0,0.6653740153943278
uri_2021,13,0.0,PRC,24,24,0.6544405359686608
uri_2021,13,3.0,PRC,-24,-24,0.902484052929131
uri_2021,13,3.0,PRC,-24,0,0.8866230750739644
uri_2021,13,3.0,PRC,-24,24,0.8779315335012209
uri_2021,13,3.0,PRC,0,-24,0.9010689879564879
uri_2021,13,3.0,PRC,0,0,0.8840041840277778
uri_2021,13,3.0,PRC,0,24,0.8748455154914531
uri_2021,13,3.0,PRC,24,-24,0.8990629425747864
uri_2021,13,3.0,PRC,24,0,0.8806291605963481
uri_2021,13,3.0,PRC,24,24,0.8709885216346153
uri_2021,13,0.0,RTOLCAP,-24,-24,0.4355461266915954
uri_2021,13,0.0,RTOLCAP,-24,0,0.4040728061308349
uri_2021,13,0.0,RTOLCAP,-24,24,0.38043438740079366
uri_2021,13,0.0,RTOLCAP,0,-24,0.4338558267773892
uri_2021,13,0.0,RTOLCAP,0,0,0.39990058782941595
uri_2021,13,0.0,RTOLCAP,0,24,0.37476476906640355
uri_2021,13,0.0,RTOLCAP,24,-24,0.4282383792735043
uri_2021,13,0.0,RTOLCAP,24,0,0.3917069774669774
uri_2021,13,0.0,RTOLCAP,24,24,0.3651593080039174
uri_2021,13,3.0,RTOLCAP,-24,-24,0.6388863287927351
uri_2021,13,3.0,RTOLCAP,-24,0,0.5961257215647601
uri_2021,13,3.0,RTOLCAP,-24,24,0.5672904426129426
uri_2021,13,3.0,RTOLCAP,0,-24,0.6347024808177932
uri_2021,13,3.0,RTOLCAP,0,0,0.5887271436520655
uri_2021,13,3.0,RTOLCAP,0,24,0.5582428876972386
uri_2021,13,3.0,RTOLCAP,24,-24,0.6260927756410256
uri_2021,13,3.0,RTOLCAP,24,0,0.5767205628399379
uri_2021,13,3.0,RTOLCAP,24,24,0.5446965006232194
uri_2021,13,0.0,RTOLCAP+RTOFFCAP,-24,-24,0.3508251484597578
uri_2021,13,0.0,RTOLCAP+RTOFFCAP,-24,0,0.323838598578238
uri_2021,13,0.0,RTOLCAP+RTOFFCAP,-24,24,0.30076706196581193
uri_2021,13,0.0,RTOLCAP+RTOFFCAP,0,-24,0.36102493589743584
uri_2021,13,0.0,RTOLCAP+RTOFFCAP,0,0,0.3309395245726496
uri_2021,13,0.0,RTOLCAP+RTOFFCAP,0,24,0.305547029298159
uri_2021,13,0.0,RTOLCAP+RTOFFCAP,24,-24,0.37225454594017093
uri_2021,13,0.0,RTOLCAP+RTOFFCAP,24,0,0.33841322358197357
uri_2021,13,0.0,RTOLCAP+RTOFFCAP,24,24,0.31028187878383184
uri_2021,13,3.0,RTOLCAP+RTOFFCAP,-24,-24,0.5409931312321937
uri_2021,13,3.0,RTOLCAP+RTOFFCAP,-24,0,0.5001289012163049
uri_2021,13,3.0,RTOLCAP+RTOFFCAP,-24,24,0.4670447779304029
uri_2021,13,3.0,RTOLCAP+RTOFFCAP,0,-24,0.5488871758449883
uri_2021,13,3.0,RTOLCAP+RTOFFCAP,0,0,0.5039597562767094
uri_2021,13,3.0,RTOLCAP+RTOFFCAP,0,24,0.4680360192718606
uri_2021,13,3.0,RTOLCAP+RTOFFCAP,24,-24,0.5558285713141026
uri_2021,13,3.0,RTOLCAP+RTOFFCAP,24,0,0.5061858049242425
uri_2021,13,3.0,RTOLCAP+RTOFFCAP,24,24,0.4670829191150285
uri_2021,14,0.0,PRC,-24,-24,0.7083692053158067
uri_2021,14,0.0,PRC,-24,0,0.6926253512286323
uri_2021,14,0.0,PRC,-24,24,0.6836839455782312
uri_2021,14,0.0,PRC,0,-24,0.7082557111291486
uri_2021,14,0.0,PRC,0,0,0.6912093270502645
uri_2021,14,0.0,PRC,0,24,0.6816890459020146
uri_2021,14,0.0,PRC,24,-24,0.7078335483630953
uri_2021,14,0.0,PRC,24,0,0.6892758714375903
uri_2021,14,0.0,PRC,24,24,0.6791233548280422
uri_2021,14,3.0,PRC,-24,-24,0.9094494777199074
uri_2021,14,3.0,PRC,-24,0,0.8947214268543956
uri_2021,14,3.0,PRC,-24,24,0.8866507096797052
uri_2021,14,3.0,PRC,0,-24,0.9081354888167388
uri_2021,14,3.0,PRC,0,0,0.892289599454365
uri_2021,14,3.0,PRC,0,24,0.8837851215277779
uri_2021,14,3.0,PRC,24,-24,0.906272732390873
uri_2021,14,3.0,PRC,24,0,0.8891556491251804
uri_2021,14,3.0,PRC,24,24,0.8802036272321427
uri_2021,14,0.0,RTOLCAP,-24,-24,0.468098589823082
uri_2021,14,0.0,RTOLCAP,-24,0,0.4352974881715507
uri_2021,14,0.0,RTOLCAP,-24,24,0.4114396673044217
uri_2021,14,0.0,RTOLCAP,0,-24,0.46582305555555553
uri_2021,14,0.0,RTOLCAP,0,0,0.43047815662202377
uri_2021,14,0.0,RTOLCAP,0,24,0.40515583657661774
uri_2021,14,0.0,RTOLCAP,24,-24,0.45975969022817453
uri_2021,14,0.0,RTOLCAP,24,0,0.4217528336940837
uri_2021,14,0.0,RTOLCAP,24,24,0.3950474305555555
uri_2021,14,3.0,RTOLCAP,-24,-24,0.6599026120205025
uri_2021,14,3.0,RTOLCAP,-24,0,0.6164801182844932
uri_2021,14,3.0,RTOLCAP,-24,24,0.5883180330569727
uri_2021,14,3.0,RTOLCAP,0,-24,0.6555832875631313
uri_2021,14,3.0,RTOLCAP,0,0,0.6089021963872354
uri_2021,14,3.0,RTOLCAP,0,24,0.5791567139804639
uri_2021,14,3.0,RTOLCAP,24,-24,0.6470673740079365
uri_2021,14,3.0,RTOLCAP,24,0,0.5969167212301587
uri_2021,14,3.0,RTOLCAP,24,24,0.5656912382192459
uri_2021,14,0.0,RTOLCAP+RTOFFCAP,-24,-24,0.3842925452628968
uri_2021,14,0.0,RTOLCAP+RTOFFCAP,-24,0,0.3547315802426739
uri_2021,14,0.0,RTOLCAP+RTOFFCAP,-24,24,0.32988726296768706
uri_2021,14,0.0,RTOLCAP+RTOFFCAP,0,-24,0.39356383274711404
uri_2021,14,0.0,RTOLCAP+RTOFFCAP,0,0,0.3607668466848545
uri_2021,14,0.0,RTOLCAP+RTOFFCAP,0,24,0.3335471768162393
uri_2021,14,0.0,RTOLCAP+RTOFFCAP,24,-24,0.4026834169146825
uri_2021,14,0.0,RTOLCAP+RTOFFCAP,24,0,0.3660758335588023
uri_2021,14,0.0,RTOLCAP+RTOFFCAP,24,24,0.33614544229497356
uri_2021,14,3.0,RTOLCAP+RTOFFCAP,-24,-24,0.5667690277777777
uri_2021,14,3.0,RTOLCAP+RTOFFCAP,-24,0,0.5248895669261293
uri_2021,14,3.0,RTOLCAP+RTOFFCAP,-24,24,0.49198923859126975
uri_2021,14,3.0,RTOLCAP+RTOFFCAP,0,-24,0.573461911300505
uri_2021,14,3.0,RTOLCAP+RTOFFCAP,0,0,0.5275347550843253
uri_2021,14,3.0,RTOLCAP+RTOFFCAP,0,24,0.49190015625000005
uri_2021,14,3.0,RTOLCAP+RTOFFCAP,24,-24,0.5791427318948413
uri_2021,14,3.0,RTOLCAP+RTOFFCAP,24,0,0.5285239414231602
uri_2021,14,3.0,RTOLCAP+RTOFFCAP,24,24,0.48983736049107146
uri_2021,15,0.0,PRC,-24,-24,0.7278112582947529
uri_2021,15,0.0,PRC,-24,0,0.7131169944800569
uri_2021,15,0.0,PRC,-24,24,0.7047716825396825
uri_2021,15,0.0,PRC,0,-24,0.7277053303872053
uri_2021,15,0.0,PRC,0,0,0.7117953719135802
uri_2021,15,0.0,PRC,0,24,0.7029097761752137
uri_2021,15,0.0,PRC,24,-24,0.7273113118055556
uri_2021,15,0.0,PRC,24,0,0.7099908133417506
uri_2021,15,0.0,PRC,24,24,0.7005151311728394
uri_2021,15,3.0,PRC,-24,-24,0.9154861792052468
uri_2021,15,3.0,PRC,-24,0,0.9017399983974359
uri_2021,15,3.0,PRC,-24,24,0.8942073290343914
uri_2021,15,3.0,PRC,0,-24,0.9142597895622896
uri_2021,15,3.0,PRC,0,0,0.8994702928240741
uri_2021,15,3.0,PRC,0,24,0.8915327800925926
uri_2021,15,3.0,PRC,24,-24,0.9125212168981481
uri_2021,15,3.0,PRC,24,0,0.896545272516835
uri_2021,15,3.0,PRC,24,24,0.8881900520833332
uri_2021,15,0.0,RTOLCAP,-24,-24,0.4973250588348765
uri_2021,15,0.0,RTOLCAP,-24,0,0.46332280270655274
uri_2021,15,0.0,RTOLCAP,-24,24,0.4394253933531746
uri_2021,15,0.0,RTOLCAP,0,-24,0.4946345336700336
uri_2021,15,0.0,RTOLCAP,0,0,0.4580229666280864
uri_2021,15,0.0,RTOLCAP,0,24,0.4326949747150997
uri_2021,15,0.0,RTOLCAP,24,-24,0.48829536087962955
uri_2021,15,0.0,RTOLCAP,24,0,0.448931757996633
uri_2021,15,0.0,RTOLCAP,24,24,0.4222507008101852
uri_2021,15,3.0,RTOLCAP,-24,-24,0.6783553317901234
uri_2021,15,3.0,RTOLCAP,-24,0,0.6343763130341881
uri_2021,15,3.0,RTOLCAP,-24,24,0.6069482028769841
uri_2021,15,3.0,RTOLCAP,0,-24,0.6739402859848485
uri_2021,15,3.0,RTOLCAP,0,0,0.6266642694830247
uri_2021,15,3.0,RTOLCAP,0,24,0.5977195388176637
uri_2021,15,3.0,RTOLCAP,24,-24,0.6655316884259259
uri_2021,15,3.0,RTOLCAP,24,0,0.6147222702020202
uri_2021,15,3.0,RTOLCAP,24,24,0.5843606452546296
uri_2021,15,0.0,RTOLCAP+RTOFFCAP,-24,-24,0.4152691934799383
uri_2021,15,0.0,RTOLCAP+RTOFFCAP,-24,0,0.38342608030626785
uri_2021,15,0.0,RTOLCAP+RTOFFCAP,-24,24,0.35723004976851847
uri_2021,15,0.0,RTOLCAP+RTOFFCAP,0,-24,0.42329934848484846
uri_2021,15,0.0,RTOLCAP+RTOFFCAP,0,0,0.3881334629629629
uri_2021,15,0.0,RTOLCAP+RTOFFCAP,0,24,0.3595602467948718
uri_2021,15,0.0,RTOLCAP+RTOFFCAP,24,-24,0.4307416041666666
uri_2021,15,0.0,RTOLCAP+RTOFFCAP,24,0,0.39170225126262626
uri_2021,15,0.0,RTOLCAP+RTOFFCAP,24,24,0.36045053472222216
uri_2021,15,3.0,RTOLCAP+RTOFFCAP,-24,-24,0.5896556626157406
uri_2021,15,3.0,RTOLCAP+RTOFFCAP,-24,0,0.547129397079772
uri_2021,15,3.0,RTOLCAP+RTOFFCAP,-24,24,0.5145316625330688
uri_2021,15,3.0,RTOLCAP+RTOFFCAP,0,-24,0.5953573148148148
uri_2021,15,3.0,RTOLCAP+RTOFFCAP,0,0,0.5488120561342593
uri_2021,15,3.0,RTOLCAP+RTOFFCAP,0,24,0.5135773682336182
uri_2021,15,3.0,RTOLCAP+RTOFFCAP,24,-24,0.6000053671296295
uri_2021,15,3.0,RTOLCAP+RTOFFCAP,24,0,0.5488061710858586
uri_2021,15,3.0,RTOLCAP+RTOFFCAP,24,24,0.5106357496141974
uri_2021,16,0.0,PRC,-24,-24,0.7448230546513309
uri_2021,16,0.0,PRC,-24,0,0.7310471823250533
uri_2021,16,0.0,PRC,-24,24,0.7232234523809523
uri_2021,16,0.0,PRC,0,-24,0.7447237472380049
uri_2021,16,0.0,PRC,0,0,0.7298081611689814
uri_2021,16,0.0,PRC,0,24,0.7214779151642629
uri_2021,16,0.0,PRC,24,-24,0.7443543548177082
uri_2021,16,0.0,PRC,24,0,0.7281163875078912
uri_2021,16,0.0,PRC,24,24,0.7192329354745369
uri_2021,16,3.0,PRC,-24,-24,0.9207682930049189
uri_2021,16,3.0,PRC,-24,0,0.9078812484975961
uri_2021,16,3.0,PRC,-24,24,0.900819370969742
uri_2021,16,3.0,PRC,0,-24,0.9196185527146464
uri_2021,16,3.0,PRC,0,0,0.9057533995225695
uri_2021,16,3.0,PRC,0,24,0.8983119813368056
uri_2021,16,3.0,PRC,24,-24,0.9179886408420139
uri_2021,16,3.0,PRC,24,0,0.9030111929845328
uri_2021,16,3.0,PRC,24,24,0.8951781738281249
uri_2021,16,0.0,RTOLCAP,-24,-24,0.5239485456452546
uri_2021,16,0.0,RTOLCAP,-24,0,0.48883221354166667
uri_2021,16,0.0,RTOLCAP,-24,24,0.4650835447668651
uri_2021,16,0.0,RTOLCAP,0,-24,0.5209903876657197
uri_2021,16,0.0,RTOLCAP,0,0,0.48319420771846067
uri_2021,16,0.0,RTOLCAP,0,24,0.45805241102430555
uri_2021,16,0.0,RTOLCAP,24,-24,0.5145244644097222
uri_2021,16,0.0,RTOLCAP,24,0,0.4738800793087121
uri_2021,16,0.0,RTOLCAP,24,24,0.44741931025752313
uri_2021,16,3.0,RTOLCAP,-24,-24,0.694652058557581
uri_2021,16,3.0,RTOLCAP,-24,0,0.65044582164797
uri_2021,16,3.0,RTOLCAP,-24,24,0.6237985757688491
uri_2021,16,3.0,RTOLCAP,0,-24,0.6901669472064393
uri_2021,16,3.0,RTOLCAP,0,0,0.6426506165002892
uri_2021,16,3.0,RTOLCAP,0,24,0.6145532136418268
uri_2021,16,3.0,RTOLCAP,24,-24,0.6818686799045138
uri_2021,16,3.0,RTOLCAP,24,0,0.6307870707070706
uri_2021,16,3.0,RTOLCAP,24,24,0.6013368464265045
uri_2021,16,0.0,RTOLCAP+RTOFFCAP,-24,-24,0.444409429615162
uri_2021,16,0.0,RTOLCAP+RTOFFCAP,-24,0,0.41083397268963673
uri_2021,16,0.0,RTOLCAP+RTOFFCAP,-24,24,0.3836331767733135
uri_2021,16,0.0,RTOLCAP+RTOFFCAP,0,-24,0.45126447818023985
uri_2021,16,0.0,RTOLCAP+RTOFFCAP,0,0,0.41431981246383104
uri_2021,16,0.0,RTOLCAP+RTOFFCAP,0,24,0.38475850610977563
uri_2021,16,0.0,RTOLCAP+RTOFFCAP,24,-24,0.45743372677951394
uri_2021,16,0.0,RTOLCAP+RTOFFCAP,24,0,0.41656961430713385
uri_2021,16,0.0,RTOLCAP+RTOFFCAP,24,24,0.38435738226996524
uri_2021,16,3.0,RTOLCAP+RTOFFCAP,-24,-24,0.6104399620225693
uri_2021,16,3.0,RTOLCAP+RTOFFCAP,-24,0,0.5673175999933228
uri_2021,16,3.0,RTOLCAP+RTOFFCAP,-24,24,0.5351207280815972
uri_2021,16,3.0,RTOLCAP+RTOFFCAP,0,-24,0.6153432408065024
uri_2021,16,3.0,RTOLCAP+RTOFFCAP,0,0,0.5682187420428241
uri_2021,16,3.0,RTOLCAP+RTOFFCAP,0,24,0.533475869057158
uri_2021,16,3.0,RTOLCAP+RTOFFCAP,24,-24,0.6191703656684028
uri_2021,16,3.0,RTOLCAP+RTOFFCAP,24,0,0.5674139011205808
uri_2021,16,3.0,RTOLCAP+RTOFFCAP,24,24,0.5298428587962962
uri_2021,17,0.0,PRC,-24,-24,0.7598334632012526
uri_2021,17,0.0,PRC,-24,0,0.7468679363059325
uri_2021,17,0.0,PRC,-24,24,0.7395044257703081
uri_2021,17,0.0,PRC,0,-24,0.7597399974004753
uri_2021,17,0.0,PRC,0,0,0.7457017987472767
uri_2021,17,0.0,PRC,0,24,0.7378615672134238
uri_2021,17,0.0,PRC,24,-24,0.7593923339460784
uri_2021,17,0.0,PRC,24,0,0.7441095411838976
uri_2021,17,0.0,PRC,24,24,0.7357486451525054
uri_2021,17,3.0,PRC,-24,-24,0.9254289816516884
uri_2021,17,3.0,PRC,-24,0,0.9132999985859729
uri_2021,17,3.0,PRC,-24,24,0.9066535256185806
uri_2021,17,3.0,PRC,0,-24,0.9243468731431966
uri_2021,17,3.0,PRC,0,0,0.9112973171977125
uri_2021,17,3.0,PRC,0,24,0.9042936294934641
uri_2021,17,3.0,PRC,24,-24,0.9228128384395425
uri_2021,17,3.0,PRC,24,0,0.9087164169266192
uri_2021,17,3.0,PRC,24,24,0.9013441636029411
uri_2021,17,0.0,RTOLCAP,-24,-24,0.5480171190767973
uri_2021,17,0.0,RTOLCAP,-24,0,0.5119060407239818
uri_2021,17,0.0,RTOLCAP,-24,24,0.48841255441760034
uri_2021,17,0.0,RTOLCAP,0,-24,0.5448752928178847
uri_2021,17,0.0,RTOLCAP,0,0,0.5060167767905773
uri_2021,17,0.0,RTOLCAP,0,24,0.4811691195324283
uri_2021,17,0.0,RTOLCAP,24,-24,0.5383605049019606
uri_2021,17,0.0,RTOLCAP,24,0,0.4965616499554366
uri_2021,17,0.0,RTOLCAP,24,24,0.4704312818287037
uri_2021,17,3.0,RTOLCAP,-24,-24,0.7092437843818082
uri_2021,17,3.0,RTOLCAP,-24,0,0.6650671142848164
uri_2021,17,3.0,RTOLCAP,-24,24,0.6392701348039216
uri_2021,17,3.0,RTOLCAP,0,-24,0.7047161469474154
uri_2021,17,3.0,RTOLCAP,0,0,0.657235390795207
uri_2021,17,3.0,RTOLCAP,0,24,0.6300564685457516
uri_2021,17,3.0,RTOLCAP,24,-24,0.696538385620915
uri_2021,17,3.0,RTOLCAP,24,0,0.6454846299390969
uri_2021,17,3.0,RTOLCAP,24,24,0.6170200275735294
uri_2021,17,0.0,RTOLCAP+RTOFFCAP,-24,-24,0.47131803274782136
uri_2021,17,0.0,RTOLCAP+RTOFFCAP,-24,0,0.4364777520110608
uri_2021,17,0.0,RTOLCAP+RTOFFCAP,-24,24,0.40908223856209147
uri_2021,17,0.0,RTOLCAP+RTOFFCAP,0,-24,0.4772450072415329
uri_2021,17,0.0,RTOLCAP+RTOFFCAP,0,0,0.4390074552355664
uri_2021,17,0.0,RTOLCAP+RTOFFCAP,0,24,0.4093100020424837
uri_2021,17,0.0,RTOLCAP+RTOFFCAP,24,-24,0.4824215557598039
uri_2021,17,0.0,RTOLCAP+RTOFFCAP,24,0,0.44023726734254304
uri_2021,17,0.0,RTOLCAP+RTOFFCAP,24,24,0.407962542041122
uri_2021,17,3.0,RTOLCAP+RTOFFCAP,-24,-24,0.6294594083605664
uri_2021,17,3.0,RTOLCAP+RTOFFCAP,-24,0,0.5857734767785319
uri_2021,17,3.0,RTOLCAP+RTOFFCAP,-24,24,0.5541376324696544
uri_2021,17,3.0,RTOLCAP+RTOFFCAP,0,-24,0.6337200907976825
uri_2021,17,3.0,RTOLCAP+RTOFFCAP,0,0,0.5860386080473855
uri_2021,17,3.0,RTOLCAP+RTOFFCAP,0,24,0.5519488425402211
uri_2021,17,3.0,RTOLCAP+RTOFFCAP,24,-24,0.6368970888480391
uri_2021,17,3.0,RTOLCAP+RTOFFCAP,24,0,0.5845921078431372
uri_2021,17,3.0,RTOLCAP+RTOFFCAP,24,24,0.5477820702273964
uri_2021,18,0.0,PRC,-24,-24,0.7731760485789608
uri_2021,18,0.0,PRC,-24,0,0.7609308287333807
uri_2021,18,0.0,PRC,-24,24,0.753976402116402
uri_2021,18,0.0,PRC,0,-24,0.773087775322671
uri_2021,18,0.0,PRC,0,0,0.7598294765946502
uri_2021,18,0.0,PRC,0,24,0.7524248134793446
uri_2021,18,0.0,PRC,24,-24,0.7727594265046297
uri_2021,18,0.0,PRC,24,0,0.7583256777847922
uri_2021,18,0.0,PRC,24,24,0.7504292759773662
uri_2021,18,3.0,PRC,-24,-24,0.9295718160043724
uri_2021,18,3.0,PRC,-24,0,0.9181166653311965
uri_2021,18,3.0,PRC,-24,24,0.9118394408619929
uri_2021,18,3.0,PRC,0,-24,0.9285498246352413
uri_2021,18,3.0,PRC,0,0,0.9162252440200618
uri_2021,18,3.0,PRC,0,24,0.9096106500771606
uri_2021,18,3.0,PRC,24,-24,0.9271010140817901
uri_2021,18,3.0,PRC,24,0,0.9137877270973623
uri_2021,18,3.0,PRC,24,24,0.9068250434027777
uri_2021,18,0.0,RTOLCAP,-24,-24,0.569610246270576
uri_2021,18,0.0,RTOLCAP,-24,0,0.5326292073243114
uri_2021,18,0.0,RTOLCAP,-24,24,0.5094880003031305
uri_2021,18,0.0,RTOLCAP,0,-24,0.5663232356551627
uri_2021,18,0.0,RTOLCAP,0,0,0.5265343610146604
uri_2021,18,0.0,RTOLCAP,0,24,0.5020818954772078
uri_2021,18,0.0,RTOLCAP,24,-24,0.5597867040895061
uri_2021,18,0.0,RTOLCAP,24,0,0.5169748891694724
uri_2021,18,0.0,RTOLCAP,24,24,0.4912813408243312
uri_2021,18,3.0,RTOLCAP,-24,-24,0.7224079489776234
uri_2021,18,3.0,RTOLCAP,-24,0,0.6783978625059354
uri_2021,18,3.0,RTOLCAP,-24,24,0.6535860204475308
uri_2021,18,3.0,RTOLCAP,0,-24,0.7178601234567902
uri_2021,18,3.0,RTOLCAP,0,0,0.6705615152391975
uri_2021,18,3.0,RTOLCAP,0,24,0.6444438658891263
uri_2021,18,3.0,RTOLCAP,24,-24,0.7098106140046295
uri_2021,18,3.0,RTOLCAP,24,0,0.6589439058992704
uri_2021,18,3.0,RTOLCAP,24,24,0.6316179198816873
uri_2021,18,0.0,RTOLCAP+RTOFFCAP,-24,-24,0.4956930615033436
uri_2021,18,0.0,RTOLCAP+RTOFFCAP,-24,0,0.45992271130104456
uri_2021,18,0.0,RTOLCAP+RTOFFCAP,-24,24,0.4324735362929894
uri_2021,18,0.0,RTOLCAP+RTOFFCAP,0,-24,0.5008365603956229
uri_2021,18,0.0,RTOLCAP+RTOFFCAP,0,0,0.4616567227687757
uri_2021,18,0.0,RTOLCAP+RTOFFCAP,0,24,0.4319626872625831
uri_2021,18,0.0,RTOLCAP+RTOFFCAP,24,-24,0.5051804837962963
uri_2021,18,0.0,RTOLCAP+RTOFFCAP,24,0,0.4620439406214927
uri_2021,18,0.0,RTOLCAP+RTOFFCAP,24,24,0.4298431340020576
uri_2021,18,3.0,RTOLCAP+RTOFFCAP,-24,-24,0.646508387184928
uri_2021,18,3.0,RTOLCAP+RTOFFCAP,-24,0,0.6023414694622506
uri_2021,18,3.0,RTOLCAP+RTOFFCAP,-24,24,0.5713413686342593
uri_2021,18,3.0,RTOLCAP+RTOFFCAP,0,-24,0.6502108550785634
uri_2021,18,3.0,RTOLCAP+RTOFFCAP,0,0,0.60205482188786
uri_2021,18,3.0,RTOLCAP+RTOFFCAP,0,24,0.5686921477326685
uri_2021,18,3.0,RTOLCAP+RTOFFCAP,24,-24,0.6528255412808642
uri_2021,18,3.0,RTOLCAP+RTOFFCAP,24,0,0.6000539881453423
uri_2021,18,3.0,RTOLCAP+RTOFFCAP,24,24,0.5640778272890945
uri_2021,19,0.0,PRC,-24,-24,0.7851141512853312
uri_2021,19,0.0,PRC,-24,0,0.7735134166947817
uri_2021,19,0.0,PRC,-24,24,0.7669250125313282
uri_2021,19,0.0,PRC,0,-24,0.7850305239898989
uri_2021,19,0.0,PRC,0,0,0.7724700304580895
uri_2021,19,0.0,PRC,0,24,0.765455086454116
uri_2021,19,0.0,PRC,24,-24,0.7847194566885966
uri_2021,19,0.0,PRC,24,0,0.7710453789540137
uri_2021,19,0.0,PRC,24,24,0.7635645772417153
uri_2021,19,3.0,PRC,-24,-24,0.933278562530458
uri_2021,19,3.0,PRC,-24,0,0.9224263145242915
uri_2021,19,3.0,PRC,-24,24,0.916479470290309
uri_2021,19,3.0,PRC,0,-24,0.9323103601807549
uri_2021,19,3.0,PRC,0,0,0.9206344417032164
uri_2021,19,3.0,PRC,0,24,0.9143679842836258
uri_2021,19,3.0,PRC,24,-24,0.9309378028143275
uri_2021,19,3.0,PRC,24,0,0.9183252151448696
uri_2021,19,3.0,PRC,24,24,0.911728988486842
uri_2021,19,0.0,RTOLCAP,-24,-24,0.5890572312073586
uri_2021,19,0.0,RTOLCAP,-24,0,0.551516535931174
uri_2021,19,0.0,RTOLCAP,-24,24,0.5288072723475354
uri_2021,19,0.0,RTOLCAP,0,-24,0.5856518477538543
uri_2021,19,0.0,RTOLCAP,0,0,0.545266543159113
uri_2021,19,0.0,RTOLCAP,0,24,0.5212911818207376
uri_2021,19,0.0,RTOLCAP,24,-24,0.5791096960891812
uri_2021,19,0.0,RTOLCAP,24,0,0.5356477412280701
uri_2021,19,0.0,RTOLCAP,24,24,0.5104759999390838
uri_2021,19,3.0,RTOLCAP,-24,-24,0.7346275965521442
uri_2021,19,3.0,RTOLCAP,-24,0,0.6909506923358074
uri_2021,19,3.0,RTOLCAP,-24,24,0.6672157474415203
uri_2021,19,3.0,RTOLCAP,0,-24,0.7301018156897926
uri_2021,19,3.0,RTOLCAP,0,0,0.6831623178606238
uri_2021,19,3.0,RTOLCAP,0,24,0.6582007137033288
uri_2021,19,3.0,RTOLCAP,24,-24,0.7222151871345028
uri_2021,19,3.0,RTOLCAP,24,0,0.6717254284622541
uri_2021,19,3.0,RTOLCAP,24,24,0.6456367647417153
uri_2021,19,0.0,RTOLCAP+RTOFFCAP,-24,-24,0.5181410294834308
uri_2021,19,0.0,RTOLCAP+RTOFFCAP,-24,0,0.4815131287955465
uri_2021,19,0.0,RTOLCAP+RTOFFCAP,-24,24,0.4541305455043859
uri_2021,19,0.0,RTOLCAP+RTOFFCAP,0,-24,0.5226415904106858
uri_2021,19,0.0,RTOLCAP+RTOFFCAP,0,0,0.48258631792153994
uri_2021,19,0.0,RTOLCAP+RTOFFCAP,0,24,0.4530148290598291
uri_2021,19,0.0,RTOLCAP+RTOFFCAP,24,-24,0.5263102132675438
uri_2021,19,0.0,RTOLCAP+RTOFFCAP,24,0,0.48228004120148854
uri_2021,19,0.0,RTOLCAP+RTOFFCAP,24,24,0.45026978466130607
uri_2021,19,3.0,RTOLCAP+RTOFFCAP,-24,-24,0.6619389088389376
uri_2021,19,3.0,RTOLCAP+RTOFFCAP,-24,0,0.617355546839856
uri_2021,19,3.0,RTOLCAP+RTOFFCAP,-24,24,0.5870528768535923
uri_2021,19,3.0,RTOLCAP+RTOFFCAP,0,-24,0.665157937267411
uri_2021,19,3.0,RTOLCAP+RTOFFCAP,0,0,0.6165910427326998
uri_2021,19,3.0,RTOLCAP+RTOFFCAP,0,24,0.5840162061403509
uri_2021,19,3.0,RTOLCAP+RTOFFCAP,24,-24,0.667288721125731
uri_2021,19,3.0,RTOLCAP+RTOFFCAP,24,0,0.6141129467371079
uri_2021,19,3.0,RTOLCAP+RTOFFCAP,24,24,0.5790300484283625
uri_2021,20,0.0,PRC,-24,-24,0.7958584437210646
uri_2021,20,0.0,PRC,-24,0,0.7848377458600426
uri_2021,20,0.0,PRC,-24,24,0.7785787619047618
uri_2021,20,0.0,PRC,0,-24,0.7957789977904038
uri_2021,20,0.0,PRC,0,0,0.783846528935185
uri_2021,20,0.0,PRC,0,24,0.7771823321314102
uri_2021,20,0.0,PRC,24,-24,0.7954834838541667
uri_2021,20,0.0,PRC,24,0,0.782493110006313
uri_2021,20,0.0,PRC,24,24,0.7753863483796296
uri_2021,20,3.0,PRC,-24,-24,0.9366146344039351
uri_2021,20,3.0,PRC,-24,0,0.9263049987980769
uri_2021,20,3.0,PRC,-24,24,0.9206554967757935
uri_2021,20,3.0,PRC,0,-24,0.9356948421717172
uri_2021,20,3.0,PRC,0,0,0.9246027196180555
uri_2021,20,3.0,PRC,0,24,0.9186495850694445
uri_2021,20,3.0,PRC,24,-24,0.9343909126736111
uri_2021,20,3.0,PRC,24,0,0.9224089543876262
uri_2021,20,3.0,PRC,24,24,0.9161425390624999
uri_2021,20,0.0,RTOLCAP,-24,-24,0.6067399395254629
uri_2021,20,0.0,RTOLCAP,-24,0,0.5688910989583332
uri_2021,20,0.0,RTOLCAP,-24,24,0.5467076626984126
uri_2021,20,0.0,RTOLCAP,0,-24,0.6032444225063132
uri_2021,20,0.0,RTOLCAP,0,0,0.5625328049768519
uri_2021,20,0.0,RTOLCAP,0,24,0.5391320500801282
uri_2021,20,0.0,RTOLCAP,24,-24,0.5967168951388888
uri_2021,20,0.0,RTOLCAP,24,0,0.5528976330492424
uri_2021,20,0.0,RTOLCAP,24,24,0.5283497462384259
uri_2021,20,3.0,RTOLCAP,-24,-24,0.7461053653067128
uri_2021,20,3.0,RTOLCAP,-24,0,0.7029921296741453
uri_2021,20,3.0,RTOLCAP,-24,24,0.6805837101934523
uri_2021,20,3.0,RTOLCAP,0,-24,0.7416430688131314
uri_2021,20,3.0,RTOLCAP,0,0,0.695308921585648
uri_2021,20,3.0,RTOLCAP,0,24,0.6717677935363248
uri_2021,20,3.0,RTOLCAP,24,-24,0.7339554060763889
uri_2021,20,3.0,RTOLCAP,24,0,0.6841079420770202
uri_2021,20,3.0,RTOLCAP,24,24,0.6595384683159722
uri_2021,20,0.0,RTOLCAP+RTOFFCAP,-24,-24,0.5389225054976852
uri_2021,20,0.0,RTOLCAP+RTOFFCAP,-24,0,0.5014908476228632
uri_2021,20,0.0,RTOLCAP+RTOFFCAP,-24,24,0.4743444233630952
uri_2021,20,0.0,RTOLCAP+RTOFFCAP,0,-24,0.5428969954229796
uri_2021,20,0.0,RTOLCAP+RTOFFCAP,0,0,0.5020148252314814
uri_2021,20,0.0,RTOLCAP+RTOFFCAP,0,24,0.4727399085202992
uri_2021,20,0.0,RTOLCAP+RTOFFCAP,24,-24,0.5460209355902778
uri_2021,20,0.0,RTOLCAP+RTOFFCAP,24,0,0.5011382099116162
uri_2021,20,0.0,RTOLCAP+RTOFFCAP,24,24,0.4694967680844907
uri_2021,20,3.0,RTOLCAP+RTOFFCAP,-24,-24,0.6759590228587962
uri_2021,20,3.0,RTOLCAP+RTOFFCAP,-24,0,0.6311568293269231
uri_2021,20,3.0,RTOLCAP+RTOFFCAP,-24,24,0.601597646453373
uri_2021,20,3.0,RTOLCAP+RTOFFCAP,0,-24,0.6787550143623737
uri_2021,20,3.0,RTOLCAP+RTOFFCAP,0,0,0.6299863054108796
uri_2021,20,3.0,RTOLCAP+RTOFFCAP,0,24,0.5982433795405983
uri_2021,20,3.0,RTOLCAP+RTOFFCAP,24,-24,0.680464756423611
uri_2021,20,3.0,RTOLCAP+RTOFFCAP,24,0,0.6271070973800504
uri_2021,20,3.0,RTOLCAP+RTOFFCAP,24,24,0.5929588616898147
uri_2021,21,0.0,PRC,-24,-24,0.8055794702105378
uri_2021,21,0.0,PRC,-24,0,0.7950835674857548
uri_2021,21,0.0,PRC,-24,24,0.7891226303854875
uri_2021,21,0.0,PRC,0,-24,0.8055038074194323
uri_2021,21,0.0,PRC,0,0,0.7941395513668429
uri_2021,21,0.0,PRC,0,24,0.7877926972680097
uri_2021,21,0.0,PRC,24,-24,0.8052223655753968
uri_2021,21,0.0,PRC,24,0,0.7928505809583933
uri_2021,21,0.0,PRC,24,24,0.7860822365520281
uri_2021,21,3.0,PRC,-24,-24,0.9396329851466049
uri_2021,21,3.0,PRC,-24,0,0.929814284569597
uri_2021,21,3.0,PRC,-24,24,0.9244338064531367
uri_2021,21,3.0,PRC,0,-24,0.9387569925444925
uri_2021,21,3.0,PRC,0,0,0.9281930663029101
uri_2021,21,3.0,PRC,0,24,0.9225234143518519
uri_2021,21,3.0,PRC,24,-24,0.9375151549272487
uri_2021,21,3.0,PRC,24,0,0.9261037660834535
uri_2021,21,3.0,PRC,24,24,0.9201357514880951
uri_2021,21,0.0,RTOLCAP,-24,-24,0.6229046446483685
uri_2021,21,0.0,RTOLCAP,-24,0,0.5848972648300773
uri_2021,21,0.0,RTOLCAP,-24,24,0.5633861585884353
uri_2021,21,0.0,RTOLCAP,0,-24,0.6193426749639249
uri_2021,21,0.0,RTOLCAP,0,0,0.5784648443011463
uri_2021,21,0.0,RTOLCAP,0,24,0.5557938391585266
uri_2021,21,0.0,RTOLCAP,24,-24,0.6128464952050264
uri_2021,21,0.0,RTOLCAP,24,0,0.5688430599146225
uri_2021,21,0.0,RTOLCAP,24,24,0.5450846197089947
uri_2021,21,3.0,RTOLCAP,-24,-24,0.7569879821152996
uri_2021,21,3.0,RTOLCAP,-24,0,0.7147652655677655
uri_2021,21,3.0,RTOLCAP,-24,24,0.6935932062547241
uri_2021,21,3.0,RTOLCAP,0,-24,0.7526283937590188
uri_2021,21,3.0,RTOLCAP,0,0,0.7072504165288801
uri_2021,21,3.0,RTOLCAP,0,24,0.685027802579365
uri_2021,21,3.0,RTOLCAP,24,-24,0.7451750715939153
uri_2021,21,3.0,RTOLCAP,24,0,0.6963493984487734
uri_2021,21,3.0,RTOLCAP,24,24,0.6731833181768077
uri_2021,21,0.0,RTOLCAP+RTOFFCAP,-24,-24,0.5578471970072751
uri_2021,21,0.0,RTOLCAP+RTOFFCAP,-24,0,0.5197054427401303
uri_2021,21,0.0,RTOLCAP+RTOFFCAP,-24,24,0.49289015955687826
uri_2021,21,0.0,RTOLCAP+RTOFFCAP,0,-24,0.5613568455387206
uri_2021,21,0.0,RTOLCAP+RTOFFCAP,0,0,0.5197441410383598
uri_2021,21,0.0,RTOLCAP+RTOFFCAP,0,24,0.49086316697191695
uri_2021,21,0.0,RTOLCAP+RTOFFCAP,24,-24,0.5640013306878308
uri_2021,21,0.0,RTOLCAP+RTOFFCAP,24,0,0.5183652453102454
uri_2021,21,0.0,RTOLCAP+RTOFFCAP,24,24,0.4871924313822751
uri_2021,21,3.0,RTOLCAP+RTOFFCAP,-24,-24,0.6887872350363756
uri_2021,21,3.0,RTOLCAP+RTOFFCAP,-24,0,0.64398824506512
uri_2021,21,3.0,RTOLCAP+RTOFFCAP,-24,24,0.6152292683531745
uri_2021,21,3.0,RTOLCAP+RTOFFCAP,0,-24,0.6912135104016354
uri_2021,21,3.0,RTOLCAP+RTOFFCAP,0,0,0.6424790816523368
uri_2021,21,3.0,RTOLCAP+RTOFFCAP,0,24,0.6116239654558404
uri_2021,21,3.0,RTOLCAP+RTOFFCAP,24,-24,0.6925579477513227
uri_2021,21,3.0,RTOLCAP+RTOFFCAP,24,0,0.6392708948112074
uri_2021,21,3.0,RTOLCAP+RTOFFCAP,24,24,0.606111867835097
uri_2021,22,0.0,PRC,-24,-24,0.8144167670191498
uri_2021,22,0.0,PRC,-24,0,0.804397950781857
uri_2021,22,0.0,PRC,-24,24,0.7987079653679653
uri_2021,22,0.0,PRC,0,-24,0.8143445434458217
uri_2021,22,0.0,PRC,0,0,0.8034968444865319
uri_2021,22,0.0,PRC,0,24,0.7974384837558274
uri_2021,22,0.0,PRC,24,-24,0.8140758944128789
uri_2021,22,0.0,PRC,24,0,0.8022664636421027
uri_2021,22,0.0,PRC,24,24,0.7958057712542088
uri_2021,22,3.0,PRC,-24,-24,0.9423769403672138
uri_2021,22,3.0,PRC,-24,0,0.9330045443618881
uri_2021,22,3.0,PRC,-24,24,0.9278686334325396
uri_2021,22,3.0,PRC,0,-24,0.9415407656106519
uri_2021,22,3.0,PRC,0,0,0.931457017834596
uri_2021,22,3.0,PRC,0,24,0.9260450773358586
uri_2021,22,3.0,PRC,24,-24,0.9403553751578281
uri_2021,22,3.0,PRC,24,0,0.9294626858069328
uri_2021,22,3.0,PRC,24,24,0.9237659446022727
uri_2021,22,0.0,RTOLCAP,-24,-24,0.6379808541140572
uri_2021,22,0.0,RTOLCAP,-24,0,0.5999883723047785
uri_2021,22,0.0,RTOLCAP,-24,24,0.5792572801677488
uri_2021,22,0.0,RTOLCAP,0,-24,0.6343931113693754
uri_2021,22,0.0,RTOLCAP,0,0,0.5935335679713805
uri_2021,22,0.0,RTOLCAP,0,24,0.571704299849456
uri_2021,22,0.0,RTOLCAP,24,-24,0.6279669955808082
uri_2021,22,0.0,RTOLCAP,24,0,0.5839771405819559
uri_2021,22,0.0,RTOLCAP,24,24,0.5611251357323233
uri_2021,22,3.0,RTOLCAP,-24,-24,0.7672161313657407
uri_2021,22,3.0,RTOLCAP,-24,0,0.7262570955953769
uri_2021,22,3.0,RTOLCAP,-24,24,0.7061526444128788
uri_2021,22,3.0,RTOLCAP,0,-24,0.7629803559745179
uri_2021,22,3.0,RTOLCAP,0,0,0.7189610485058923
uri_2021,22,3.0,RTOLCAP,0,24,0.6978713354700853
uri_2021,22,3.0,RTOLCAP,24,-24,0.755776601010101
uri_2021,22,3.0,RTOLCAP,24,0,0.7084104251320018
uri_2021,22,3.0,RTOLCAP,24,24,0.6864424546243687
uri_2021,22,0.0,RTOLCAP+RTOFFCAP,-24,-24,0.5752036107165404
uri_2021,22,0.0,RTOLCAP+RTOFFCAP,-24,0,0.536428328962704
uri_2021,22,0.0,RTOLCAP+RTOFFCAP,-24,24,0.5100251534316377
uri_2021,22,0.0,RTOLCAP+RTOFFCAP,0,-24,0.5783045078627181
uri_2021,22,0.0,RTOLCAP+RTOFFCAP,0,0,0.5360395445338804
uri_2021,22,0.0,RTOLCAP+RTOFFCAP,0,24,0.5076352619949495
uri_2021,22,0.0,RTOLCAP+RTOFFCAP,24,-24,0.5805297228535353
uri_2021,22,0.0,RTOLCAP+RTOFFCAP,24,0,0.5342201978592745
uri_2021,22,0.0,RTOLCAP+RTOFFCAP,24,24,0.5036005039983165
uri_2021,22,3.0,RTOLCAP+RTOFFCAP,-24,-24,0.7005847715435605
uri_2021,22,3.0,RTOLCAP+RTOFFCAP,-24,0,0.6559136844405593
uri_2021,22,3.0,RTOLCAP+RTOFFCAP,-24,24,0.6280505859938672
uri_2021,22,3.0,RTOLCAP+RTOFFCAP,0,-24,0.7026872618227733
uri_2021,22,3.0,RTOLCAP+RTOFFCAP,0,0,0.6541183766045875
uri_2021,22,3.0,RTOLCAP+RTOFFCAP,0,24,0.6242500634955322
uri_2021,22,3.0,RTOLCAP+RTOFFCAP,24,-24,0.7037143885732322
uri_2021,22,3.0,RTOLCAP+RTOFFCAP,24,0,0.6506367749942608
uri_2021,22,3.0,RTOLCAP+RTOFFCAP,24,24,0.6185695692603114
uri_2021,23,0.0,PRC,-24,-24,0.8224856032357084
uri_2021,23,0.0,PRC,-24,0,0.8129023877043848
uri_2021,23,0.0,PRC,-24,24,0.8074597929606624
uri_2021,23,0.0,PRC,0,-24,0.8224165198177426
uri_2021,23,0.0,PRC,0,0,0.8120404599436392
uri_2021,23,0.0,PRC,0,24,0.8062455062012263
uri_2021,23,0.0,PRC,24,-24,0.8221595511775363
uri_2021,23,0.0,PRC,24,0,0.810863573918533
uri_2021,23,0.0,PRC,24,24,0.804683781199678
uri_2021,23,3.0,PRC,-24,-24,0.9448822907860306
uri_2021,23,3.0,PRC,-24,0,0.9359173902591973
uri_2021,23,3.0,PRC,-24,24,0.9310047798050379
uri_2021,23,3.0,PRC,0,-24,0.9440824714536671
uri_2021,23,3.0,PRC,0,0,0.9344371474939613
uri_2021,23,3.0,PRC,0,24,0.9292605087560387
uri_2021,23,3.0,PRC,24,-24,0.9429486197161834
uri_2021,23,3.0,PRC,24,0,0.9325295255544575
uri_2021,23,3.0,PRC,24,24,0.9270804687499999
uri_2021,23,0.0,RTOLCAP,-24,-24,0.6521635548762076
uri_2021,23,0.0,RTOLCAP,-24,0,0.6144140708612039
uri_2021,23,0.0,RTOLCAP,-24,24,0.5947058767900276
uri_2021,23,0.0,RTOLCAP,0,-24,0.6485902316644708
uri_2021,23,0.0,RTOLCAP,0,0,0.6079927342491949
uri_2021,23,0.0,RTOLCAP,0,24,0.587262474219621
uri_2021,23,0.0,RTOLCAP,24,-24,0.6422736290760869
uri_2021,23,0.0,RTOLCAP,24,0,0.5985596866765481
uri_2021,23,0.0,RTOLCAP,24,24,0.5768879922755636
uri_2021,23,3.0,RTOLCAP,-24,-24,0.7767222316576087
uri_2021,23,3.0,RTOLCAP,-24,0,0.7372127506038646
uri_2021,23,3.0,RTOLCAP,-24,24,0.7180499924516909
uri_2021,23,3.0,RTOLCAP,0,-24,0.7726147170070267
uri_2021,23,3.0,RTOLCAP,0,0,0.7301550720863527
uri_2021,23,3.0,RTOLCAP,0,24,0.7100611539622815
uri_2021,23,3.0,RTOLCAP,24,-24,0.765657084692029
uri_2021,23,3.0,RTOLCAP,24,0,0.7199699840799297
uri_2021,23,3.0,RTOLCAP,24,24,0.6990503301127214
uri_2021,23,0.0,RTOLCAP+RTOFFCAP,-24,-24,0.5911661141304347
uri_2021,23,0.0,RTOLCAP+RTOFFCAP,-24,0,0.5519480188591601
uri_2021,23,0.0,RTOLCAP+RTOFFCAP,-24,24,0.5260218106237059
uri_2021,23,0.0,RTOLCAP+RTOFFCAP,0,-24,0.5939042892237594
uri_2021,23,0.0,RTOLCAP+RTOFFCAP,0,0,0.551189838088768
uri_2021,23,0.0,RTOLCAP+RTOFFCAP,0,24,0.5233276277406169
uri_2021,23,0.0,RTOLCAP+RTOFFCAP,24,-24,0.5957592752113526
uri_2021,23,0.0,RTOLCAP+RTOFFCAP,24,0,0.5489930570652174
uri_2021,23,0.0,RTOLCAP+RTOFFCAP,24,24,0.5189920609400162
uri_2021,23,3.0,RTOLCAP+RTOFFCAP,-24,-24,0.7116151380082528
uri_2021,23,3.0,RTOLCAP+RTOFFCAP,-24,0,0.6672141555183946
uri_2021,23,3.0,RTOLCAP+RTOFFCAP,-24,24,0.6403600943538647
uri_2021,23,3.0,RTOLCAP+RTOFFCAP,0,-24,0.7134455168533157
uri_2021,23,3.0,RTOLCAP+RTOFFCAP,0,0,0.6651919209188808
uri_2021,23,3.0,RTOLCAP+RTOFFCAP,0,24,0.6364277192493496
uri_2021,23,3.0,RTOLCAP+RTOFFCAP,24,-24,0.7142111473429952
uri_2021,23,3.0,RTOLCAP+RTOFFCAP,24,0,0.6615012580972771
uri_2021,23,3.0,RTOLCAP+RTOFFCAP,24,24,0.6306475948570853
uri_2021,24,0.0,PRC,-24,-24,0.8298820364342205
uri_2021,24,0.0,PRC,-24,0,0.8206981215500355
uri_2021,24,0.0,PRC,-24,24,0.8154823015873015
uri_2021,24,0.0,PRC,0,-24,0.8298158314920032
uri_2021,24,0.0,PRC,0,0,0.8198721074459876
uri_2021,24,0.0,PRC,0,24,0.8143186101095085
uri_2021,24,0.0,PRC,24,-24,0.8295695698784723
uri_2021,24,0.0,PRC,24,0,0.8187442583385943
uri_2021,24,0.0,PRC,24,24,0.8128219569830247
uri_2021,24,3.0,PRC,-24,-24,0.9471788620032793
uri_2021,24,3.0,PRC,-24,0,0.9385874989983974
uri_2021,24,3.0,PRC,-24,24,0.9338795806464947
uri_2021,24,3.0,PRC,0,-24,0.946412368476431
uri_2021,24,3.0,PRC,0,0,0.9371689330150463
uri_2021,24,3.0,PRC,0,24,0.9322079875578704
uri_2021,24,3.0,PRC,24,-24,0.9453257605613425
uri_2021,24,3.0,PRC,24,0,0.9353407953230217
uri_2021,24,3.0,PRC,24,24,0.9301187825520832
uri_2021,24,0.0,RTOLCAP,-24,-24,0.6656000866849923
uri_2021,24,0.0,RTOLCAP,-24,0,0.628406317218661
uri_2021,24,0.0,RTOLCAP,-24,24,0.6096674289021163
uri_2021,24,0.0,RTOLCAP,0,-24,0.662079592539983
uri_2021,24,0.0,RTOLCAP,0,0,0.6220797167968749
uri_2021,24,0.0,RTOLCAP,0,24,0.6023860371038104
uri_2021,24,0.0,RTOLCAP,24,-24,0.6559109104456018
uri_2021,24,0.0,RTOLCAP,24,0,0.6128354716435185
uri_2021,24,0.0,RTOLCAP,24,24,0.5922710057388116
uri_2021,24,3.0,RTOLCAP,-24,-24,0.7855000013261959
uri_2021,24,3.0,RTOLCAP,-24,0,0.7476763155493232
uri_2021,24,3.0,RTOLCAP,-24,24,0.7293467130663027
uri_2021,24,3.0,RTOLCAP,0,-24,0.7815158630576599
uri_2021,24,3.0,RTOLCAP,0,0,0.7408722149884259
uri_2021,24,3.0,RTOLCAP,0,24,0.7216560354344729
uri_2021,24,3.0,RTOLCAP,24,-24,0.7747908080150462
uri_2021,24,3.0,RTOLCAP,24,0,0.7310636514888467
uri_2021,24,3.0,RTOLCAP,24,24,0.7110635039303626
uri_2021,24,0.0,RTOLCAP+RTOFFCAP,-24,-24,0.6059238376494983
uri_2021,24,0.0,RTOLCAP+RTOFFCAP,-24,0,0.566475874732906
uri_2021,24,0.0,RTOLCAP+RTOFFCAP,-24,24,0.5410984729456018
uri_2021,24,0.0,RTOLCAP+RTOFFCAP,0,-24,0.608340920138889
uri_2021,24,0.0,RTOLCAP+RTOFFCAP,0,0,0.5654042034384645
uri_2021,24,0.0,RTOLCAP+RTOFFCAP,0,24,0.5381571300747863
uri_2021,24,0.0,RTOLCAP+RTOFFCAP,24,-24,0.6098702126736111
uri_2021,24,0.0,RTOLCAP+RTOFFCAP,24,0,0.5628911314972643
uri_2021,24,0.0,RTOLCAP+RTOFFCAP,24,24,0.5335828913483797
uri_2021,24,3.0,RTOLCAP+RTOFFCAP,-24,-24,0.7221607290461034
uri_2021,24,3.0,RTOLCAP+RTOFFCAP,-24,0,0.6782028339788104
uri_2021,24,3.0,RTOLCAP+RTOFFCAP,-24,24,0.6525578809110449
uri_2021,24,3.0,RTOLCAP+RTOFFCAP,0,-24,0.7237811652988215
uri_2021,24,3.0,RTOLCAP+RTOFFCAP,0,0,0.6760250759548612
uri_2021,24,3.0,RTOLCAP+RTOFFCAP,0,24,0.6485749540375711
uri_2021,24,3.0,RTOLCAP+RTOFFCAP,24,-24,0.724354482349537
uri_2021,24,3.0,RTOLCAP+RTOFFCAP,24,0,0.6722048106060605
uri_2021,24,3.0,RTOLCAP+RTOFFCAP,24,24,0.6427855339747298
uri_2021,25,0.0,PRC,-24,-24,0.8366867549768517
uri_2021,25,0.0,PRC,-24,0,0.8278701966880341
uri_2021,25,0.0,PRC,-24,24,0.8228630095238094
uri_2021,25,0.0,PRC,0,-24,0.8366231982323231
uri_2021,25,0.0,PRC,0,0,0.827077223148148
uri_2021,25,0.0,PRC,0,24,0.8217458657051281
uri_2021,25,0.0,PRC,24,-24,0.8363867870833334
uri_2021,25,0.0,PRC,24,0,0.8259944880050504
uri_2021,25,0.0,PRC,24,24,0.8203090787037037
uri_2021,25,3.0,PRC,-24,-24,0.9492917075231481
uri_2021,25,3.0,PRC,-24,0,0.9410439990384615
uri_2021,25,3.0,PRC,-24,24,0.9365243974206349
uri_2021,25,3.0,PRC,0,-24,0.9485558737373737
uri_2021,25,3.0,PRC,0,0,0.9396821756944445
uri_2021,25,3.0,PRC,0,24,0.9349196680555556
uri_2021,25,3.0,PRC,24,-24,0.9475127301388887
uri_2021,25,3.0,PRC,24,0,0.9379271635101009
uri_2021,25,3.0,PRC,24,24,0.9329140312499999
uri_2021,25,0.0,RTOLCAP,-24,-24,0.6782563738425924
uri_2021,25,0.0,RTOLCAP,-24,0,0.6419734855769231
uri_2021,25,0.0,RTOLCAP,-24,24,0.6240767655753967
uri_2021,25,0.0,RTOLCAP,0,-24,0.6748112713383838
uri_2021,25,0.0,RTOLCAP,0,0,0.6357919009259257
uri_2021,25,0.0,RTOLCAP,0,24,0.6169940166666666
uri_2021,25,0.0,RTOLCAP,24,-24,0.6688108227777777
uri_2021,25,0.0,RTOLCAP,24,0,0.6267897321969698
uri_2021,25,0.0,RTOLCAP,24,24,0.6071755383101852
uri_2021,25,3.0,RTOLCAP,-24,-24,0.7936643033564815
uri_2021,25,3.0,RTOLCAP,-24,0,0.7573855417735041
uri_2021,25,3.0,RTOLCAP,-24,24,0.7398165320436508
uri_2021,25,3.0,RTOLCAP,0,-24,0.7898017398989897
uri_2021,25,3.0,RTOLCAP,0,0,0.7508216284722222
uri_2021,25,3.0,RTOLCAP,0,24,0.7324060728632478
uri_2021,25,3.0,RTOLCAP,24,-24,0.7833003381944444
uri_2021,25,3.0,RTOLCAP,24,0,0.7413676167929293
uri_2021,25,3.0,RTOLCAP,24,24,0.7222052658564815
uri_2021,25,0.0,RTOLCAP+RTOFFCAP,-24,-24,0.6196202056712963
uri_2021,25,0.0,RTOLCAP+RTOFFCAP,-24,0,0.5800707561965812
uri_2021,25,0.0,RTOLCAP+RTOFFCAP,-24,24,0.5553464642857141
uri_2021,25,0.0,RTOLCAP+RTOFFCAP,0,-24,0.621752725
uri_2021,25,0.0,RTOLCAP+RTOFFCAP,0,0,0.5787297781249999
uri_2021,25,0.0,RTOLCAP+RTOFFCAP,0,24,0.5522067697649573
uri_2021,25,0.0,RTOLCAP+RTOFFCAP,24,-24,0.6229953899999999
uri_2021,25,0.0,RTOLCAP+RTOFFCAP,24,0,0.5759482965909092
uri_2021,25,0.0,RTOLCAP+RTOFFCAP,24,24,0.547446827662037
uri_2021,25,3.0,RTOLCAP+RTOFFCAP,-24,-24,0.7322635324074075
uri_2021,25,3.0,RTOLCAP+RTOFFCAP,-24,0,0.6889926606837606
uri_2021,25,3.0,RTOLCAP+RTOFFCAP,-24,24,0.6645222243055555
uri_2021,25,3.0,RTOLCAP+RTOFFCAP,0,-24,0.7337272632575758
uri_2021,25,3.0,RTOLCAP+RTOFFCAP,0,0,0.6867285079861112
uri_2021,25,3.0,RTOLCAP+RTOFFCAP,0,24,0.6605498959401709
uri_2021,25,3.0,RTOLCAP+RTOFFCAP,24,-24,0.7341673820833334
uri_2021,25,3.0,RTOLCAP+RTOFFCAP,24,0,0.6828560018939394
uri_2021,25,3.0,RTOLCAP+RTOFFCAP,24,24,0.6548185476851851
february_2022,1,0.0,PRC,-24,-24,0.0
february_2022,1,0.0,PRC,-24,0,0.0
february_2022,1,0.0,PRC,-24,24,0.0
february_2022,1,0.0,PRC,0,-24,0.0
february_2022,1,0.0,PRC,0,0,0.0
february_2022,1,0.0,PRC,0,24,0.0
february_2022,1,0.0,PRC,24,-24,0.0
february_2022,1,0.0,PRC,24,0,0.0
february_2022,1,0.0,PRC,24,24,0.0
february_2022,1,3.0,PRC,-24,-24,0.0
february_2022,1,3.0,PRC,-24,0,0.0
february_2022,1,3.0,PRC,-24,24,0.010372336309523809
february_2022,1,3.0,PRC,0,-24,0.0
february_2022,1,3.0,PRC,0,0,0.0
february_2022,1,3.0,PRC,0,24,0.012101059027777776
february_2022,1,3.0,PRC,24,-24,0.0
february_2022,1,3.0,PRC,24,0,0.0
february_2022,1,3.0,PRC,24,24,0.014521270833333332
february_2022,1,0.0,RTOLCAP,-24,-24,0.0
february_2022,1,0.0,RTOLCAP,-24,0,0.0
february_2022,1,0.0,RTOLCAP,-24,24,0.0
february_2022,1,0.0,RTOLCAP,0,-24,0.0
february_2022,1,0.0,RTOLCAP,0,0,0.0
february_2022,1,0.0,RTOLCAP,0,24,0.0
february_2022,1,0.0,RTOLCAP,24,-24,0.0
february_2022,1,0.0,RTOLCAP,24,0,0.0
february_2022,1,0.0,RTOLCAP,24,24,0.0
february_2022,1,3.0,RTOLCAP,-24,-24,0.0
february_2022,1,3.0,RTOLCAP,-24,0,0.0
february_2022,1,3.0,RTOLCAP,-24,24,0.0
february_2022,1,3.0,RTOLCAP,0,-24,0.0
february_2022,1,3.0,RTOLCAP,0,0,0.0
february_2022,1,3.0,RTOLCAP,0,24,0.0
february_2022,1,3.0,RTOLCAP,24,-24,0.0
february_2022,1,3.0,RTOLCAP,24,0,0.0
february_2022,1,3.0,RTOLCAP,24,24,0.0
february_2022,1,0.0,RTOLCAP+RTOFFCAP,-24,-24,0.0
february_2022,1,0.0,RTOLCAP+RTOFFCAP,-24,0,0.0
february_2022,1,0.0,RTOLCAP+RTOFFCAP,-24,24,0.0
february_2022,1,0.0,RTOLCAP+RTOFFCAP,0,-24,0.0
february_2022,1,0.0,RTOLCAP+RTOFFCAP,0,0,0.0
february_2022,1,0.0,RTOLCAP+RTOFFCAP,0,24,0.0
february_2022,1,0.0,RTOLCAP+RTOFFCAP,24,-24,0.0
february_2022,1,0.0,RTOLCAP+RTOFFCAP,24,0,0.0
february_2022,1,0.0,RTOLCAP+RTOFFCAP,24,24,0.0
february_2022,1,3.0,RTOLCAP+RTOFFCAP,-24,-24,0.0
february_2022,1,3.0,RTOLCAP+RTOFFCAP,-24,0,0.0
february_2022,1,3.0,RTOLCAP+RTOFFCAP,-24,24,0.0
february_2022,1,3.0,RTOLCAP+RTOFFCAP,0,-24,0.0
february_2022,1,3.0,RTOLCAP+RTOFFCAP,0,0,0.0
february_2022,1,3.0,RTOLCAP+RTOFFCAP,0,24,0.0
february_2022,1,3.0,RTOLCAP+RTOFFCAP,24,-24,0.0
february_2022,1,3.0,RTOLCAP+RTOFFCAP,24,0,0.0
february_2022,1,3.0,RTOLCAP+RTOFFCAP,24,24,0.0
february_2022,2,0.0,PRC,-24,-24,0.0
february_2022,2,0.0,PRC,-24,0,0.0
february_2022,2,0.0,PRC,-24,24,0.0
february_2022,2,0.0,PRC,0,-24,0.0
february_2022,2,0.0,PRC,0,0,0.0
february_2022,2,0.0,PRC,0,24,0.0
february_2022,2,0.0,PRC,24,-24,0.0
february_2022,2,0.0,PRC,24,0,0.0
february_2022,2,0.0,PRC,24,24,0.0
february_2022,2,3.0,PRC,-24,-24,0.001055253472222222
february_2022,2,3.0,PRC,-24,0,0.0019303819444444438
february_2022,2,3.0,PRC,-24,24,0.028019999999999993
february_2022,2,3.0,PRC,0,-24,9.482638888888869e-05
february_2022,2,3.0,PRC,0,0,0.001337065972222222
february_2022,2,3.0,PRC,0,24,0.03187383969907407
february_2022,2,3.0,PRC,24,-24,0.0001264351851851849
february_2022,2,3.0,PRC,24,0,0.0016713324652777774
february_2022,2,3.0,PRC,24,24,0.03824860763888888
february_2022,2,0.0,RTOLCAP,-24,-24,0.0
february_2022,2,0.0,RTOLCAP,-24,0,0.0
february_2022,2,0.0,RTOLCAP,-24,24,0.0
february_2022,2,0.0,RTOLCAP,0,-24,0.0
february_2022,2,0.0,RTOLCAP,0,0,0.0
february_2022,2,0.0,RTOLCAP,0,24,0.0
february_2022,2,0.0,RTOLCAP,24,-24,0.0
february_2022,2,0.0,RTOLCAP,24,0,0.0
february_2022,2,0.0,RTOLCAP,24,24,0.0
february_2022,2,3.0,RTOLCAP,-24,-24,0.0
february_2022,2,3.0,RTOLCAP,-24,0,0.0
february_2022,2,3.0,RTOLCAP,-24,24,0.0
february_2022,2,3.0,RTOLCAP,0,-24,0.0
february_2022,2,3.0,RTOLCAP,0,0,0.0
february_2022,2,3.0,RTOLCAP,0,24,0.0
february_2022,2,3.0,RTOLCAP,24,-24,0.0
february_2022,2,3.0,RTOLCAP,24,0,0.0
february_2022,2,3.0,RTOLCAP,24,24,0.0
february_2022,2,0.0,RTOLCAP+RTOFFCAP,-24,-24,0.0
february_2022,2,0.0,RTOLCAP+RTOFFCAP,-24,0,0.0
february_2022,2,0.0,RTOLCAP+RTOFFCAP,-24,24,0.0
february_2022,2,0.0,RTOLCAP+RTOFFCAP,0,-24,0.0
february_2022,2,0.0,RTOLCAP+RTOFFCAP,0,0,0.0
february_2022,2,0.0,RTOLCAP+RTOFFCAP,0,24,0.0
february_2022,2,0.0,RTOLCAP+RTOFFCAP,24,-24,0.0
february_2022,2,0.0,RTOLCAP+RTOFFCAP,24,0,0.0
february_2022,2,0.0,RTOLCAP+RTOFFCAP,24,24,0.0
february_2022,2,3.0,RTOLCAP+RTOFFCAP,-24,-24,0.0
february_2022,2,3.0,RTOLCAP+RTOFFCAP,-24,0,0.0
february_2022,2,3.0,RTOLCAP+RTOFFCAP,-24,24,0.0
february_2022,2,3.0,RTOLCAP+RTOFFCAP,0,-24,0.0
february_2022,2,3.0,RTOLCAP+RTOFFCAP,0,0,0.0
february_2022,2,3.0,RTOLCAP+RTOFFCAP,0,24,0.0
february_2022,2,3.0,RTOLCAP+RTOFFCAP,24,-24,0.0
february_2022,2,3.0,RTOLCAP+RTOFFCAP,24,0,0.0
february_2022,2,3.0,RTOLCAP+RTOFFCAP,24,24,0.0
february_2022,3,0.0,PRC,-24,-24,0.0
february_2022,3,0.0,PRC,-24,0,0.0
february_2022,3,0.0,PRC,-24,24,0.0
february_2022,3,0.0,PRC,0,-24,0.0
february_2022,3,0.0,PRC,0,0,0.0
february_2022,3,0.0,PRC,0,24,0.0
february_2022,3,0.0,PRC,24,-24,0.0
february_2022,3,0.0,PRC,24,0,0.0
february_2022,3,0.0,PRC,24,24,0.0
february_2022,3,3.0,PRC,-24,-24,0.020854888888888888
february_2022,3,3.0,PRC,-24,0,0.023220925925925923
february_2022,3,3.0,PRC,-24,24,0.05984366567460318
february_2022,3,3.0,PRC,0,-24,0.020048952546296295
february_2022,3,3.0,PRC,0,0,0.023049384259259256
february_2022,3,3.0,PRC,0,24,0.06580450424382715
february_2022,3,3.0,PRC,24,-24,0.026731936728395057
february_2022,3,3.0,PRC,24,0,0.02881173032407407
february_2022,3,3.0,PRC,24,24,0.07896540509259259
february_2022,3,0.0,RTOLCAP,-24,-24,0.0
february_2022,3,0.0,RTOLCAP,-24,0,0.0
february_2022,3,0.0,RTOLCAP,-24,24,0.0
february_2022,3,0.0,RTOLCAP,0,-24,0.0
february_2022,3,0.0,RTOLCAP,0,0,0.0
february_2022,3,0.0,RTOLCAP,0,24,0.0
february_2022,3,0.0,RTOLCAP,24,-24,0.0
february_2022,3,0.0,RTOLCAP,24,0,0.0
february_2022,3,0.0,RTOLCAP,24,24,0.0
february_2022,3,3.0,RTOLCAP,-24,-24,0.0
february_2022,3,3.0,RTOLCAP,-24,0,0.0
february_2022,3,3.0,RTOLCAP,-24,24,0.0
february_2022,3,3.0,RTOLCAP,0,-24,0.0
february_2022,3,3.0,RTOLCAP,0,0,0.0
february_2022,3,3.0,RTOLCAP,0,24,0.0
february_2022,3,3.0,RTOLCAP,24,-24,0.0
february_2022,3,3.0,RTOLCAP,24,0,0.0
february_2022,3,3.0,RTOLCAP,24,24,0.0
february_2022,3,0.0,RTOLCAP+RTOFFCAP,-24,-24,0.0
february_2022,3,0.0,RTOLCAP+RTOFFCAP,-24,0,0.0
february_2022,3,0.0,RTOLCAP+RTOFFCAP,-24,24,0.0
february_2022,3,0.0,RTOLCAP+RTOFFCAP,0,-24,0.0
february_2022,3,0.0,RTOLCAP+RTOFFCAP,0,0,0.0
february_2022,3,0.0,RTOLCAP+RTOFFCAP,0,24,0.0
february_2022,3,0.0,RTOLCAP+RTOFFCAP,24,-24,0.0
february_2022,3,0.0,RTOLCAP+RTOFFCAP,24,0,0.0
february_2022,3,0.0,RTOLCAP+RTOFFCAP,24,24,0.0
february_2022,3,3.0,RTOLCAP+RTOFFCAP,-24,-24,0.0
february_2022,3,3.0,RTOLCAP+RTOFFCAP,-24,0,0.0
february_2022,3,3.0,RTOLCAP+RTOFFCAP,-24,24,0.0
february_2022,3,3.0,RTOLCAP+RTOFFCAP,0,-24,0.0
february_2022,3,3.0,RTOLCAP+RTOFFCAP,0,0,0.0
february_2022,3,3.0,RTOLCAP+RTOFFCAP,0,24,0.0
february_2022,3,3.0,RTOLCAP+RTOFFCAP,24,-24,0.0
february_2022,3,3.0,RTOLCAP+RTOFFCAP,24,0,0.0
february_2022,3,3.0,RTOLCAP+RTOFFCAP,24,24,0.0
february_2022,4,0.0,PRC,-24,-24,0.0
february_2022,4,0.0,PRC,-24,0,0.0
february_2022,4,0.0,PRC,-24,24,0.002593084077380952
february_2022,4,0.0,PRC,0,-24,0.0
february_2022,4,0.0,PRC,0,0,0.0
february_2022,4,0.0,PRC,0,24,0.003025264756944444
february_2022,4,0.0,PRC,24,-24,0.0
february_2022,4,0.0,PRC,24,0,0.0
february_2022,4,0.0,PRC,24,24,0.003630317708333333
february_2022,4,3.0,PRC,-24,-24,0.07542008854166667
february_2022,4,3.0,PRC,-24,0,0.0765586328125
february_2022,4,3.0,PRC,-24,24,0.11983646453373015
february_2022,4,3.0,PRC,0,-24,0.06022135199652777
february_2022,4,3.0,PRC,0,0,0.06462735243055556
february_2022,4,3.0,PRC,0,24,0.11710670283564814
february_2022,4,3.0,PRC,24,-24,0.08010860532407409
february_2022,4,3.0,PRC,24,0,0.08064429253472222
february_2022,4,3.0,PRC,24,24,0.140416125
february_2022,4,0.0,RTOLCAP,-24,-24,0.0
february_2022,4,0.0,RTOLCAP,-24,0,0.0
february_2022,4,0.0,RTOLCAP,-24,24,0.0
february_2022,4,0.0,RTOLCAP,0,-24,0.0
february_2022,4,0.0,RTOLCAP,0,0,0.0
february_2022,4,0.0,RTOLCAP,0,24,0.0
february_2022,4,0.0,RTOLCAP,24,-24,0.0
february_2022,4,0.0,RTOLCAP,24,0,0.0
february_2022,4,0.0,RTOLCAP,24,24,0.0
february_2022,4,3.0,RTOLCAP,-24,-24,0.0
february_2022,4,3.0,RTOLCAP,-24,0,0.0
february_2022,4,3.0,RTOLCAP,-24,24,0.00025982514880952377
february_2022,4,3.0,RTOLCAP,0,-24,0.0
february_2022,4,3.0,RTOLCAP,0,0,0.0
february_2022,4,3.0,RTOLCAP,0,24,0.0003031293402777777
february_2022,4,3.0,RTOLCAP,24,-24,0.0
february_2022,4,3.0,RTOLCAP,24,0,0.0
february_2022,4,3.0,RTOLCAP,24,24,0.0003637552083333333
february_2022,4,0.0,RTOLCAP+RTOFFCAP,-24,-24,0.0
february_2022,4,0.0,RTOLCAP+RTOFFCAP,-24,0,0.0
february_2022,4,0.0,RTOLCAP+RTOFFCAP,-24,24,0.0
february_2022,4,0.0,RTOLCAP+RTOFFCAP,0,-24,0.0
february_2022,4,0.0,RTOLCAP+RTOFFCAP,0,0,0.0
february_2022,4,0.0,RTOLCAP+RTOFFCAP,0,24,0.0
february_2022,4,0.0,RTOLCAP+RTOFFCAP,24,-24,0.0
february_2022,4,0.0,RTOLCAP+RTOFFCAP,24,0,0.0
february_2022,4,0.0,RTOLCAP+RTOFFCAP,24,24,0.0
february_2022,4,3.0,RTOLCAP+RTOFFCAP,-24,-24,0.0
february_2022,4,3.0,RTOLCAP+RTOFFCAP,-24,0,0.0
february_2022,4,3.0,RTOLCAP+RTOFFCAP,-24,24,0.0
february_2022,4,3.0,RTOLCAP+RTOFFCAP,0,-24,0.0
february_2022,4,3.0,RTOLCAP+RTOFFCAP,0,0,0.0
february_2022,4,3.0,RTOLCAP+RTOFFCAP,0,24,0.0
february_2022,4,3.0,RTOLCAP+RTOFFCAP,24,-24,0.0
february_2022,4,3.0,RTOLCAP+RTOFFCAP,24,0,0.0
february_2022,4,3.0,RTOLCAP+RTOFFCAP,24,24,0.0
february_2022,5,0.0,PRC,-24,-24,0.0004221013888888888
february_2022,5,0.0,PRC,-24,0,0.0007721527777777775
february_2022,5,0.0,PRC,-24,24,0.011207999999999997
february_2022,5,0.0,PRC,0,-24,3.7930555555555475e-05
february_2022,5,0.0,PRC,0,0,0.0005348263888888887
february_2022,5,0.0,PRC,0,24,0.012749535879629629
february_2022,5,0.0,PRC,24,-24,5.057407407407397e-05
february_2022,5,0.0,PRC,24,0,0.000668532986111111
february_2022,5,0.0,PRC,24,24,0.015299443055555554
february_2022,5,3.0,PRC,-24,-24,0.14923770277777776
february_2022,5,3.0,PRC,-24,0,0.15577975
february_2022,5,3.0,PRC,-24,24,0.20105791170634918
february_2022,5,3.0,PRC,0,-24,0.1126862222222222
february_2022,5,3.0,PRC,0,0,0.127846975
february_2022,5,3.0,PRC,0,24,0.18532695949074074
february_2022,5,3.0,PRC,24,-24,0.14279906018518518
february_2022,5,3.0,PRC,24,0,0.15422179166666666
february_2022,5,3.0,PRC,24,24,0.2179228097222222
february_2022,5,0.0,RTOLCAP,-24,-24,0.0
february_2022,5,0.0,RTOLCAP,-24,0,0.0
february_2022,5,0.0,RTOLCAP,-24,24,0.0
february_2022,5,0.0,RTOLCAP,0,-24,0.0
february_2022,5,0.0,RTOLCAP,0,0,0.0
february_2022,5,0.0,RTOLCAP,0,24,0.0
february_2022,5,0.0,RTOLCAP,24,-24,0.0
february_2022,5,0.0,RTOLCAP,24,0,0.0
february_2022,5,0.0,RTOLCAP,24,24,0.0
february_2022,5,3.0,RTOLCAP,-24,-24,0.0
february_2022,5,3.0,RTOLCAP,-24,0,0.0
february_2022,5,3.0,RTOLCAP,-24,24,0.0029863224206349206
february_2022,5,3.0,RTOLCAP,0,-24,0.0
february_2022,5,3.0,RTOLCAP,0,0,0.0
february_2022,5,3.0,RTOLCAP,0,24,0.003484042824074074
february_2022,5,3.0,RTOLCAP,24,-24,0.0
february_2022,5,3.0,RTOLCAP,24,0,0.0
february_2022,5,3.0,RTOLCAP,24,24,0.004180851388888889
february_2022,5,0.0,RTOLCAP+RTOFFCAP,-24,-24,0.0
february_2022,5,0.0,RTOLCAP+RTOFFCAP,-24,0,0.0
february_2022,5,0.0,RTOLCAP+RTOFFCAP,-24,24,0.0
february_2022,5,0.0,RTOLCAP+RTOFFCAP,0,-24,0.0
february_2022,5,0.0,RTOLCAP+RTOFFCAP,0,0,0.0
february_2022,5,0.0,RTOLCAP+RTOFFCAP,0,24,0.0
february_2022,5,0.0,RTOLCAP+RTOFFCAP,24,-24,0.0
february_2022,5,0.0,RTOLCAP+RTOFFCAP,24,0,0.0
february_2022,5,0.0,RTOLCAP+RTOFFCAP,24,24,0.0
february_2022,5,3.0,RTOLCAP+RTOFFCAP,-24,-24,0.0
february_2022,5,3.0,RTOLCAP+RTOFFCAP,-24,0,0.0
february_2022,5,3.0,RTOLCAP+RTOFFCAP,-24,24,0.0
february_2022,5,3.0,RTOLCAP+RTOFFCAP,0,-24,0.0
february_2022,5,3.0,RTOLCAP+RTOFFCAP,0,0,0.0
february_2022,5,3.0,RTOLCAP+RTOFFCAP,0,24,0.0
february_2022,5,3.0,RTOLCAP+RTOFFCAP,24,-24,0.0
february_2022,5,3.0,RTOLCAP+RTOFFCAP,24,0,0.0
february_2022,5,3.0,RTOLCAP+RTOFFCAP,24,24,0.0
february_2022,6,0.0,PRC,-24,-24,0.010427444444444444
february_2022,6,0.0,PRC,-24,0,0.011610462962962961
february_2022,6,0.0,PRC,-24,24,0.02992183283730159
february_2022,6,0.0,PRC,0,-24,0.010024476273148147
february_2022,6,0.0,PRC,0,0,0.011524692129629628
february_2022,6,0.0,PRC,0,24,0.032902252121913576
february_2022,6,0.0,PRC,24,-24,0.013365968364197529
february_2022,6,0.0,PRC,24,0,0.014405865162037035
february_2022,6,0.0,PRC,24,24,0.039482702546296294
february_2022,6,3.0,PRC,-24,-24,0.23033362268518515
february_2022,6,3.0,PRC,-24,0,0.24155671489197525
february_2022,6,3.0,PRC,-24,24,0.28650798611111117
february_2022,6,3.0,PRC,0,-24,0.18469960648148148
february_2022,6,3.0,PRC,0,0,0.20729412037037037
february_2022,6,3.0,PRC,0,24,0.26544770254629624
february_2022,6,3.0,PRC,24,-24,0.2130143634259259
february_2022,6,3.0,PRC,24,0,0.2341788165509259
february_2022,6,3.0,PRC,24,24,0.2985861759259259
february_2022,6,0.0,RTOLCAP,-24,-24,0.0
february_2022,6,0.0,RTOLCAP,-24,0,0.0
february_2022,6,0.0,RTOLCAP,-24,24,0.0
february_2022,6,0.0,RTOLCAP,0,-24,0.0
february_2022,6,0.0,RTOLCAP,0,0,0.0
february_2022,6,0.0,RTOLCAP,0,24,0.0
february_2022,6,0.0,RTOLCAP,24,-24,0.0
february_2022,6,0.0,RTOLCAP,24,0,0.0
february_2022,6,0.0,RTOLCAP,24,24,0.0
february_2022,6,3.0,RTOLCAP,-24,-24,0.0
february_2022,6,3.0,RTOLCAP,-24,0,0.0
february_2022,6,3.0,RTOLCAP,-24,24,0.00696729828042328
february_2022,6,3.0,RTOLCAP,0,-24,0.0
february_2022,6,3.0,RTOLCAP,0,0,0.0
february_2022,6,3.0,RTOLCAP,0,24,0.008128514660493828
february_2022,6,3.0,RTOLCAP,24,-24,0.0
february_2022,6,3.0,RTOLCAP,24,0,0.0
february_2022,6,3.0,RTOLCAP,24,24,0.009754217592592592
february_2022,6,0.0,RTOLCAP+RTOFFCAP,-24,-24,0.0
february_2022,6,0.0,RTOLCAP+RTOFFCAP,-24,0,0.0
february_2022,6,0.0,RTOLCAP+RTOFFCAP,-24,24,0.0
february_2022,6,0.0,RTOLCAP+RTOFFCAP,0,-24,0.0
february_2022,6,0.0,RTOLCAP+RTOFFCAP,0,0,0.0
february_2022,6,0.0,RTOLCAP+RTOFFCAP,0,24,0.0
february_2022,6,0.0,RTOLCAP+RTOFFCAP,24,-24,0.0
february_2022,6,0.0,RTOLCAP+RTOFFCAP,24,0,0.0
february_2022,6,0.0,RTOLCAP+RTOFFCAP,24,24,0.0
february_2022,6,3.0,RTOLCAP+RTOFFCAP,-24,-24,0.0
february_2022,6,3.0,RTOLCAP+RTOFFCAP,-24,0,0.0
february_2022,6,3.0,RTOLCAP+RTOFFCAP,-24,24,0.0
february_2022,6,3.0,RTOLCAP+RTOFFCAP,0,-24,0.0
february_2022,6,3.0,RTOLCAP+RTOFFCAP,0,0,0.0
february_2022,6,3.0,RTOLCAP+RTOFFCAP,0,24,0.0
february_2022,6,3.0,RTOLCAP+RTOFFCAP,24,-24,0.0
february_2022,6,3.0,RTOLCAP+RTOFFCAP,24,0,0.0
february_2022,6,3.0,RTOLCAP+RTOFFCAP,24,24,0.0
february_2022,7,0.0,PRC,-24,-24,0.04309719345238095
february_2022,7,0.0,PRC,-24,0,0.04374779017857143
february_2022,7,0.0,PRC,-24,24,0.06847797973356008
february_2022,7,0.0,PRC,0,-24,0.03441220114087301
february_2022,7,0.0,PRC,0,0,0.03692991567460318
february_2022,7,0.0,PRC,0,24,0.06691811590608465
february_2022,7,0.0,PRC,24,-24,0.045776345899470904
february_2022,7,0.0,PRC,24,0,0.04608245287698413
february_2022,7,0.0,PRC,24,24,0.08023778571428572
february_2022,7,3.0,PRC,-24,-24,0.3159134603174603
february_2022,7,3.0,PRC,-24,0,0.32897901207010577
february_2022,7,3.0,PRC,-24,24,0.37049820790816324
february_2022,7,3.0,PRC,0,-24,0.2707054637896825
february_2022,7,3.0,PRC,0,0,0.29542572519841265
february_2022,7,3.0,PRC,0,24,0.3494570014880953
february_2022,7,3.0,PRC,24,-24,0.2947315211640211
february_2022,7,3.0,PRC,24,0,0.3196253335813492
february_2022,7,3.0,PRC,24,24,0.3796229434523809
february_2022,7,0.0,RTOLCAP,-24,-24,0.0
february_2022,7,0.0,RTOLCAP,-24,0,0.0
february_2022,7,0.0,RTOLCAP,-24,24,0.00014847151360544215
february_2022,7,0.0,RTOLCAP,0,-24,0.0
february_2022,7,0.0,RTOLCAP,0,0,0.0
february_2022,7,0.0,RTOLCAP,0,24,0.00017321676587301585
february_2022,7,0.0,RTOLCAP,24,-24,0.0
february_2022,7,0.0,RTOLCAP,24,0,0.0
february_2022,7,0.0,RTOLCAP,24,24,0.00020786011904761902
february_2022,7,3.0,RTOLCAP,-24,-24,0.0013852261904761902
february_2022,7,3.0,RTOLCAP,-24,0,0.0011543551587301585
february_2022,7,3.0,RTOLCAP,-24,24,0.012078207199546486
february_2022,7,3.0,RTOLCAP,0,-24,0.0009223660714285709
february_2022,7,3.0,RTOLCAP,0,0,0.0007378928571428568
february_2022,7,3.0,RTOLCAP,0,24,0.013551797288359788
february_2022,7,3.0,RTOLCAP,24,-24,0.001229821428571428
february_2022,7,3.0,RTOLCAP,24,0,0.0009223660714285709
february_2022,7,3.0,RTOLCAP,24,24,0.016262156746031747
february_2022,7,0.0,RTOLCAP+RTOFFCAP,-24,-24,0.0
february_2022,7,0.0,RTOLCAP+RTOFFCAP,-24,0,0.0
february_2022,7,0.0,RTOLCAP+RTOFFCAP,-24,24,0.0
february_2022,7,0.0,RTOLCAP+RTOFFCAP,0,-24,0.0
february_2022,7,0.0,RTOLCAP+RTOFFCAP,0,0,0.0
february_2022,7,0.0,RTOLCAP+RTOFFCAP,0,24,0.0
february_2022,7,0.0,RTOLCAP+RTOFFCAP,24,-24,0.0
february_2022,7,0.0,RTOLCAP+RTOFFCAP,24,0,0.0
february_2022,7,0.0,RTOLCAP+RTOFFCAP,24,24,0.0
february_2022,7,3.0,RTOLCAP+RTOFFCAP,-24,-24,0.0
february_2022,7,3.0,RTOLCAP+RTOFFCAP,-24,0,0.0
february_2022,7,3.0,RTOLCAP+RTOFFCAP,-24,24,0.0
february_2022,7,3.0,RTOLCAP+RTOFFCAP,0,-24,0.0
february_2022,7,3.0,RTOLCAP+RTOFFCAP,0,0,0.0
february_2022,7,3.0,RTOLCAP+RTOFFCAP,0,24,0.0
february_2022,7,3.0,RTOLCAP+RTOFFCAP,24,-24,0.0
february_2022,7,3.0,RTOLCAP+RTOFFCAP,24,0,0.0
february_2022,7,3.0,RTOLCAP+RTOFFCAP,24,24,0.0
february_2022,8,0.0,PRC,-24,-24,0.0932735642361111
february_2022,8,0.0,PRC,-24,0,0.09736234375
february_2022,8,0.0,PRC,-24,24,0.12566119481646823
february_2022,8,0.0,PRC,0,-24,0.07042888888888887
february_2022,8,0.0,PRC,0,0,0.079904359375
february_2022,8,0.0,PRC,0,24,0.11582934968171296
february_2022,8,0.0,PRC,24,-24,0.08924941261574072
february_2022,8,0.0,PRC,24,0,0.09638861979166666
february_2022,8,0.0,PRC,24,24,0.13620175607638887
february_2022,8,3.0,PRC,-24,-24,0.39187716493055547
february_2022,8,3.0,PRC,-24,0,0.40488919415509256
february_2022,8,3.0,PRC,-24,24,0.44235669642857134
february_2022,8,3.0,PRC,0,-24,0.34993338975694444
february_2022,8,3.0,PRC,0,0,0.3739365798611111
february_2022,8,3.0,PRC,0,24,0.4228074348958334
february_2022,8,3.0,PRC,24,-24,0.3696263136574074
february_2022,8,3.0,PRC,24,0,0.3947070703125
february_2022,8,3.0,PRC,24,24,0.4491979982638888
february_2022,8,0.0,RTOLCAP,-24,-24,0.0
february_2022,8,0.0,RTOLCAP,-24,0,0.0
february_2022,8,0.0,RTOLCAP,-24,24,0.0018664515128968254
february_2022,8,0.0,RTOLCAP,0,-24,0.0
february_2022,8,0.0,RTOLCAP,0,0,0.0
february_2022,8,0.0,RTOLCAP,0,24,0.0021775267650462962
february_2022,8,0.0,RTOLCAP,24,-24,0.0
february_2022,8,0.0,RTOLCAP,24,0,0.0
february_2022,8,0.0,RTOLCAP,24,24,0.0026130321180555553
february_2022,8,3.0,RTOLCAP,-24,-24,0.006132051215277778
february_2022,8,3.0,RTOLCAP,-24,0,0.00512740379050926
february_2022,8,3.0,RTOLCAP,-24,24,0.020169759424603174
february_2022,8,3.0,RTOLCAP,0,-24,0.005408191189236111
february_2022,8,3.0,RTOLCAP,0,0,0.004347386284722222
february_2022,8,3.0,RTOLCAP,0,24,0.022026804108796295
february_2022,8,3.0,RTOLCAP,24,-24,0.007210921585648148
february_2022,8,3.0,RTOLCAP,24,0,0.005434232855902778
february_2022,8,3.0,RTOLCAP,24,24,0.026432164930555554
february_2022,8,0.0,RTOLCAP+RTOFFCAP,-24,-24,0.0
february_2022,8,0.0,RTOLCAP+RTOFFCAP,-24,0,0.0
february_2022,8,0.0,RTOLCAP+RTOFFCAP,-24,24,0.0
february_2022,8,0.0,RTOLCAP+RTOFFCAP,0,-24,0.0
february_2022,8,0.0,RTOLCAP+RTOFFCAP,0,0,0.0
february_2022,8,0.0,RTOLCAP+RTOFFCAP,0,24,0.0
february_2022,8,0.0,RTOLCAP+RTOFFCAP,24,-24,0.0
february_2022,8,0.0,RTOLCAP+RTOFFCAP,24,0,0.0
february_2022,8,0.0,RTOLCAP+RTOFFCAP,24,24,0.0
february_2022,8,3.0,RTOLCAP+RTOFFCAP,-24,-24,0.0
february_2022,8,3.0,RTOLCAP+RTOFFCAP,-24,0,0.0
february_2022,8,3.0,RTOLCAP+RTOFFCAP,-24,24,0.0
february_2022,8,3.0,RTOLCAP+RTOFFCAP,0,-24,0.0
february_2022,8,3.0,RTOLCAP+RTOFFCAP,0,0,0.0
february_2022,8,3.0,RTOLCAP+RTOFFCAP,0,24,0.0
february_2022,8,3.0,RTOLCAP+RTOFFCAP,24,-24,0.0
february_2022,8,3.0,RTOLCAP+RTOFFCAP,24,0,0.0
february_2022,8,3.0,RTOLCAP+RTOFFCAP,24,24,0.0
february_2022,9,0.0,PRC,-24,-24,0.1535557484567901
february_2022,9,0.0,PRC,-24,0,0.1610378099279835
february_2022,9,0.0,PRC,-24,24,0.1910053240740741
february_2022,9,0.0,PRC,0,-24,0.12313307098765432
february_2022,9,0.0,PRC,0,0,0.13819608024691357
february_2022,9,0.0,PRC,0,24,0.17696513503086417
february_2022,9,0.0,PRC,24,-24,0.14200957561728392
february_2022,9,0.0,PRC,24,0,0.1561192110339506
february_2022,9,0.0,PRC,24,24,0.19905745061728392
february_2022,9,3.0,PRC,-24,-24,0.457360575617284
february_2022,9,3.0,PRC,-24,0,0.46927445601851847
february_2022,9,3.0,PRC,-24,24,0.5028272111992945
february_2022,9,3.0,PRC,0,-24,0.41955577160493823
february_2022,9,3.0,PRC,0,0,0.44141338888888887
february_2022,9,3.0,PRC,0,24,0.48520178112139917
february_2022,9,3.0,PRC,24,-24,0.43638779578189296
february_2022,9,3.0,PRC,24,0,0.45950181134259255
february_2022,9,3.0,PRC,24,24,0.5084301975308642
february_2022,9,0.0,RTOLCAP,-24,-24,0.0
february_2022,9,0.0,RTOLCAP,-24,0,0.0
february_2022,9,0.0,RTOLCAP,-24,24,0.004644865520282187
february_2022,9,0.0,RTOLCAP,0,-24,0.0
february_2022,9,0.0,RTOLCAP,0,0,0.0
february_2022,9,0.0,RTOLCAP,0,24,0.005419009773662551
february_2022,9,0.0,RTOLCAP,24,-24,0.0
february_2022,9,0.0,RTOLCAP,24,0,0.0
february_2022,9,0.0,RTOLCAP,24,24,0.006502811728395062
february_2022,9,3.0,RTOLCAP,-24,-24,0.011983689043209875
february_2022,9,3.0,RTOLCAP,-24,0,0.010731579218106994
february_2022,9,3.0,RTOLCAP,-24,24,0.029705192350088182
february_2022,9,3.0,RTOLCAP,0,-24,0.010901826774691358
february_2022,9,3.0,RTOLCAP,0,0,0.009615667438271603
february_2022,9,3.0,RTOLCAP,0,24,0.03193753472222222
february_2022,9,3.0,RTOLCAP,24,-24,0.014535769032921808
february_2022,9,3.0,RTOLCAP,24,0,0.012019584297839505
february_2022,9,3.0,RTOLCAP,24,24,0.038325041666666664
february_2022,9,0.0,RTOLCAP+RTOFFCAP,-24,-24,0.0
february_2022,9,0.0,RTOLCAP+RTOFFCAP,-24,0,0.0
february_2022,9,0.0,RTOLCAP+RTOFFCAP,-24,24,0.0
february_2022,9,0.0,RTOLCAP+RTOFFCAP,0,-24,0.0
february_2022,9,0.0,RTOLCAP+RTOFFCAP,0,0,0.0
february_2022,9,0.0,RTOLCAP+RTOFFCAP,0,24,0.0
february_2022,9,0.0,RTOLCAP+RTOFFCAP,24,-24,0.0
february_2022,9,0.0,RTOLCAP+RTOFFCAP,24,0,0.0
february_2022,9,0.0,RTOLCAP+RTOFFCAP,24,24,0.0
february_2022,9,3.0,RTOLCAP+RTOFFCAP,-24,-24,0.0
february_2022,9,3.0,RTOLCAP+RTOFFCAP,-24,0,0.0
february_2022,9,3.0,RTOLCAP+RTOFFCAP,-24,24,0.0
february_2022,9,3.0,RTOLCAP+RTOFFCAP,0,-24,0.0
february_2022,9,3.0,RTOLCAP+RTOFFCAP,0,0,0.0
february_2022,9,3.0,RTOLCAP+RTOFFCAP,0,24,0.0
february_2022,9,3.0,RTOLCAP+RTOFFCAP,24,-24,0.0
february_2022,9,3.0,RTOLCAP+RTOFFCAP,24,0,0.0
february_2022,9,3.0,RTOLCAP+RTOFFCAP,24,24,0.0
february_2022,10,0.0,PRC,-24,-24,0.22113942222222222
february_2022,10,0.0,PRC,-24,0,0.23028530844907405
february_2022,10,0.0,PRC,-24,24,0.25934874553571424
february_2022,10,0.0,PRC,0,-24,0.18949382465277775
february_2022,10,0.0,PRC,0,0,0.20679800763888886
february_2022,10,0.0,PRC,0,24,0.2446199010416667
february_2022,10,0.0,PRC,24,-24,0.2063120648148148
february_2022,10,0.0,PRC,24,0,0.22373773350694443
february_2022,10,0.0,PRC,24,24,0.26573606041666664
february_2022,10,3.0,PRC,-24,-24,0.5116245180555555
february_2022,10,3.0,PRC,-24,0,0.5223470104166666
february_2022,10,3.0,PRC,-24,24,0.552544490079365
february_2022,10,3.0,PRC,0,-24,0.4776001944444444
february_2022,10,3.0,PRC,0,0,0.49727204999999997
february_2022,10,3.0,PRC,0,24,0.5366816030092593
february_2022,10,3.0,PRC,24,-24,0.49274901620370365
february_2022,10,3.0,PRC,24,0,0.5135516302083333
february_2022,10,3.0,PRC,24,24,0.5575871777777778
february_2022,10,0.0,RTOLCAP,-24,-24,0.000969658333333333
february_2022,10,0.0,RTOLCAP,-24,0,0.000808048611111111
february_2022,10,0.0,RTOLCAP,-24,24,0.00845474503968254
february_2022,10,0.0,RTOLCAP,0,-24,0.0006456562499999996
february_2022,10,0.0,RTOLCAP,0,0,0.0005165249999999998
february_2022,10,0.0,RTOLCAP,0,24,0.00948625810185185
february_2022,10,0.0,RTOLCAP,24,-24,0.0008608749999999996
february_2022,10,0.0,RTOLCAP,24,0,0.0006456562499999996
february_2022,10,0.0,RTOLCAP,24,24,0.011383509722222221
february_2022,10,3.0,RTOLCAP,-24,-24,0.019653770138888884
february_2022,10,3.0,RTOLCAP,-24,0,0.018440904513888887
february_2022,10,3.0,RTOLCAP,-24,24,0.041029549107142856
february_2022,10,3.0,RTOLCAP,0,-24,0.018296453993055555
february_2022,10,3.0,RTOLCAP,0,0,0.017112478472222224
february_2022,10,3.0,RTOLCAP,0,24,0.043687301504629635
february_2022,10,3.0,RTOLCAP,24,-24,0.02439527199074074
february_2022,10,3.0,RTOLCAP,24,0,0.02139059809027778
february_2022,10,3.0,RTOLCAP,24,24,0.05242476180555556
february_2022,10,0.0,RTOLCAP+RTOFFCAP,-24,-24,0.0
february_2022,10,0.0,RTOLCAP+RTOFFCAP,-24,0,0.0
february_2022,10,0.0,RTOLCAP+RTOFFCAP,-24,24,0.0
february_2022,10,0.0,RTOLCAP+RTOFFCAP,0,-24,0.0
february_2022,10,0.0,RTOLCAP+RTOFFCAP,0,0,0.0
february_2022,10,0.0,RTOLCAP+RTOFFCAP,0,24,0.0
february_2022,10,0.0,RTOLCAP+RTOFFCAP,24,-24,0.0
february_2022,10,0.0,RTOLCAP+RTOFFCAP,24,0,0.0
february_2022,10,0.0,RTOLCAP+RTOFFCAP,24,24,0.0
february_2022,10,3.0,RTOLCAP+RTOFFCAP,-24,-24,4.715972222222212e-06
february_2022,10,3.0,RTOLCAP+RTOFFCAP,-24,0,3.929976851851843e-06
february_2022,10,3.0,RTOLCAP+RTOFFCAP,-24,24,0.00035503769841269855
february_2022,10,3.0,RTOLCAP+RTOFFCAP,0,-24,5.894965277777765e-06
february_2022,10,3.0,RTOLCAP+RTOFFCAP,0,0,4.715972222222212e-06
february_2022,10,3.0,RTOLCAP+RTOFFCAP,0,24,0.0004142106481481483
february_2022,10,3.0,RTOLCAP+RTOFFCAP,24,-24,7.859953703703686e-06
february_2022,10,3.0,RTOLCAP+RTOFFCAP,24,0,5.894965277777765e-06
february_2022,10,3.0,RTOLCAP+RTOFFCAP,24,24,0.0004970527777777779
february_2022,11,0.0,PRC,-24,-24,0.28500157449494945
february_2022,11,0.0,PRC,-24,0,0.29446486847643094
february_2022,11,0.0,PRC,-24,24,0.321713961038961
february_2022,11,0.0,PRC,0,-24,0.2544970107323232
february_2022,11,0.0,PRC,0,0,0.2719538762626263
february_2022,11,0.0,PRC,0,24,0.3074963162878788
february_2022,11,0.0,PRC,24,-24,0.2688191372053872
february_2022,11,0.0,PRC,24,0,0.28705968750000005
february_2022,11,0.0,PRC,24,24,0.3266894532828282
february_2022,11,3.0,PRC,-24,-24,0.5560222891414143
february_2022,11,3.0,PRC,-24,0,0.5657700094696969
february_2022,11,3.0,PRC,-24,24,0.5932222637085136
february_2022,11,3.0,PRC,0,-24,0.5250910858585859
february_2022,11,3.0,PRC,0,0,0.5429745909090908
february_2022,11,3.0,PRC,0,24,0.5788014572811448
february_2022,11,3.0,PRC,24,-24,0.5388627420033669
february_2022,11,3.0,PRC,24,0,0.557774209280303
february_2022,11,3.0,PRC,24,24,0.5978065252525252
february_2022,11,0.0,RTOLCAP,-24,-24,0.004459673611111111
february_2022,11,0.0,RTOLCAP,-24,0,0.0037290209385521886
february_2022,11,0.0,RTOLCAP,-24,24,0.014668915945165945
february_2022,11,0.0,RTOLCAP,0,-24,0.003933229955808081
february_2022,11,0.0,RTOLCAP,0,0,0.0031617354797979797
february_2022,11,0.0,RTOLCAP,0,24,0.016019493897306395
february_2022,11,0.0,RTOLCAP,24,-24,0.0052443066077441074
february_2022,11,0.0,RTOLCAP,24,0,0.003952169349747475
february_2022,11,0.0,RTOLCAP,24,24,0.019223392676767675
february_2022,11,3.0,RTOLCAP,-24,-24,0.02992721654040404
february_2022,11,3.0,RTOLCAP,-24,0,0.028750347748316505
february_2022,11,3.0,RTOLCAP,-24,24,0.05477636769480519
february_2022,11,3.0,RTOLCAP,0,-24,0.02681455413510101
february_2022,11,3.0,RTOLCAP,0,0,0.026024844065656565
february_2022,11,3.0,RTOLCAP,0,24,0.056842784617003365
february_2022,11,3.0,RTOLCAP,24,-24,0.035752738846801344
february_2022,11,3.0,RTOLCAP,24,0,0.03253105508207071
february_2022,11,3.0,RTOLCAP,24,24,0.06821134154040404
february_2022,11,0.0,RTOLCAP+RTOFFCAP,-24,-24,0.0
february_2022,11,0.0,RTOLCAP+RTOFFCAP,-24,0,0.0
february_2022,11,0.0,RTOLCAP+RTOFFCAP,-24,24,0.0
february_2022,11,0.0,RTOLCAP+RTOFFCAP,0,-24,0.0
february_2022,11,0.0,RTOLCAP+RTOFFCAP,0,0,0.0
february_2022,11,0.0,RTOLCAP+RTOFFCAP,0,24,0.0
february_2022,11,0.0,RTOLCAP+RTOFFCAP,24,-24,0.0
february_2022,11,0.0,RTOLCAP+RTOFFCAP,24,0,0.0
february_2022,11,0.0,RTOLCAP+RTOFFCAP,24,24,0.0
february_2022,11,3.0,RTOLCAP+RTOFFCAP,-24,-24,0.0016551395202020196
february_2022,11,3.0,RTOLCAP+RTOFFCAP,-24,0,0.001379282933501683
february_2022,11,3.0,RTOLCAP+RTOFFCAP,-24,24,0.0031645319264069255
february_2022,11,3.0,RTOLCAP+RTOFFCAP,0,-24,0.0020689244002525245
february_2022,11,3.0,RTOLCAP+RTOFFCAP,0,0,0.0016551395202020196
february_2022,11,3.0,RTOLCAP+RTOFFCAP,0,24,0.0036919539141414145
february_2022,11,3.0,RTOLCAP+RTOFFCAP,24,-24,0.002758565867003366
february_2022,11,3.0,RTOLCAP+RTOFFCAP,24,0,0.0020689244002525245
february_2022,11,3.0,RTOLCAP+RTOFFCAP,24,24,0.004430344696969697
february_2022,12,0.0,PRC,-24,-24,0.343020431712963
february_2022,12,0.0,PRC,-24,0,0.35195584201388885
february_2022,12,0.0,PRC,-24,24,0.37712040839947086
february_2022,12,0.0,PRC,0,-24,0.31466682870370366
february_2022,12,0.0,PRC,0,0,0.33106004166666664
february_2022,12,0.0,PRC,0,24,0.3639013358410494
february_2022,12,0.0,PRC,24,-24,0.32729084683641974
february_2022,12,0.0,PRC,24,0,0.3446263585069444
february_2022,12,0.0,PRC,24,24,0.3813226481481481
february_2022,12,3.0,PRC,-24,-24,0.5930204317129629
february_2022,12,3.0,PRC,-24,0,0.6019558420138889
february_2022,12,3.0,PRC,-24,24,0.6271204083994708
february_2022,12,3.0,PRC,0,-24,0.5646668287037035
february_2022,12,3.0,PRC,0,0,0.5810600416666667
february_2022,12,3.0,PRC,0,24,0.6139013358410493
february_2022,12,3.0,PRC,24,-24,0.5772908468364197
february_2022,12,3.0,PRC,24,0,0.5946263585069443
february_2022,12,3.0,PRC,24,24,0.6313226481481481
february_2022,12,0.0,RTOLCAP,-24,-24,0.008987766782407406
february_2022,12,0.0,RTOLCAP,-24,0,0.008048684413580247
february_2022,12,0.0,RTOLCAP,-24,24,0.022278894262566136
february_2022,12,0.0,RTOLCAP,0,-24,0.008176370081018519
february_2022,12,0.0,RTOLCAP,0,0,0.007211750578703702
february_2022,12,0.0,RTOLCAP,0,24,0.023953151041666666
february_2022,12,0.0,RTOLCAP,24,-24,0.010901826774691356
february_2022,12,0.0,RTOLCAP,24,0,0.009014688223379629
february_2022,12,0.0,RTOLCAP,24,24,0.02874378125
february_2022,12,3.0,RTOLCAP,-24,-24,0.043658194444444444
february_2022,12,3.0,RTOLCAP,-24,0,0.04231445698302468
february_2022,12,3.0,RTOLCAP,-24,24,0.07122404265873016
february_2022,12,3.0,RTOLCAP,0,-24,0.037098802083333327
february_2022,12,3.0,RTOLCAP,0,0,0.036798195601851845
february_2022,12,3.0,RTOLCAP,0,24,0.07144542245370371
february_2022,12,3.0,RTOLCAP,24,-24,0.04946506944444443
february_2022,12,3.0,RTOLCAP,24,0,0.04599774450231481
february_2022,12,3.0,RTOLCAP,24,24,0.08573450694444444
february_2022,12,0.0,RTOLCAP+RTOFFCAP,-24,-24,0.0
february_2022,12,0.0,RTOLCAP+RTOFFCAP,-24,0,0.0
february_2022,12,0.0,RTOLCAP+RTOFFCAP,-24,24,0.0
february_2022,12,0.0,RTOLCAP+RTOFFCAP,0,-24,0.0
february_2022,12,0.0,RTOLCAP+RTOFFCAP,0,0,0.0
february_2022,12,0.0,RTOLCAP+RTOFFCAP,0,24,0.0
february_2022,12,0.0,RTOLCAP+RTOFFCAP,24,-24,0.0
february_2022,12,0.0,RTOLCAP+RTOFFCAP,24,0,0.0
february_2022,12,0.0,RTOLCAP+RTOFFCAP,24,24,0.0
february_2022,12,3.0,RTOLCAP+RTOFFCAP,-24,-24,0.004634758680555555
february_2022,12,3.0,RTOLCAP+RTOFFCAP,-24,0,0.003862298900462962
february_2022,12,3.0,RTOLCAP+RTOFFCAP,-24,24,0.007325844907407407
february_2022,12,3.0,RTOLCAP+RTOFFCAP,0,-24,0.005782673611111111
february_2022,12,3.0,RTOLCAP+RTOFFCAP,0,0,0.004626138888888889
february_2022,12,3.0,RTOLCAP+RTOFFCAP,0,24,0.008539635898919751
february_2022,12,3.0,RTOLCAP+RTOFFCAP,24,-24,0.007710231481481481
february_2022,12,3.0,RTOLCAP+RTOFFCAP,24,0,0.005782673611111111
february_2022,12,3.0,RTOLCAP+RTOFFCAP,24,24,0.010247563078703703
february_2022,13,0.0,PRC,-24,-24,0.39355732158119655
february_2022,13,0.0,PRC,-24,0,0.4018053926282051
february_2022,13,0.0,PRC,-24,24,0.4250342231379731
february_2022,13,0.0,PRC,0,-24,0.36738476495726496
february_2022,13,0.0,PRC,0,0,0.38251696153846154
february_2022,13,0.0,PRC,0,24,0.41283200231481487
february_2022,13,0.0,PRC,24,-24,0.3790377047720797
february_2022,13,0.0,PRC,24,0,0.3950397155448718
february_2022,13,0.0,PRC,24,24,0.4289132136752136
february_2022,13,3.0,PRC,-24,-24,0.6243265523504272
february_2022,13,3.0,PRC,-24,0,0.6325746233974358
february_2022,13,3.0,PRC,-24,24,0.6558034539072038
february_2022,13,3.0,PRC,0,-24,0.5981539957264957
february_2022,13,3.0,PRC,0,0,0.6132861923076923
february_2022,13,3.0,PRC,0,24,0.6436012330840456
february_2022,13,3.0,PRC,24,-24,0.6098069355413105
february_2022,13,3.0,PRC,24,0,0.6258089463141027
february_2022,13,3.0,PRC,24,24,0.6596824444444445
february_2022,13,0.0,RTOLCAP,-24,-24,0.015118284722222219
february_2022,13,0.0,RTOLCAP,-24,0,0.014185311164529915
february_2022,13,0.0,RTOLCAP,-24,24,0.03156119162087912
february_2022,13,0.0,RTOLCAP,0,-24,0.014074195379273504
february_2022,13,0.0,RTOLCAP,0,0,0.013163444978632479
february_2022,13,0.0,RTOLCAP,0,24,0.03360561654202279
february_2022,13,0.0,RTOLCAP,24,-24,0.018765593839031338
february_2022,13,0.0,RTOLCAP,24,0,0.0164543062232906
february_2022,13,0.0,RTOLCAP,24,24,0.040326739850427354
february_2022,13,3.0,RTOLCAP,-24,-24,0.06004798290598291
february_2022,13,3.0,RTOLCAP,-24,0,0.0584452297008547
february_2022,13,3.0,RTOLCAP,-24,24,0.0898662335927961
february_2022,13,3.0,RTOLCAP,0,-24,0.04802415264423076
february_2022,13,3.0,RTOLCAP,0,0,0.04850561485042734
february_2022,13,3.0,RTOLCAP,0,24,0.08682005519943019
february_2022,13,3.0,RTOLCAP,24,-24,0.06403220352564103
february_2022,13,3.0,RTOLCAP,24,0,0.06063201856303418
february_2022,13,3.0,RTOLCAP,24,24,0.10418406623931623
february_2022,13,0.0,RTOLCAP+RTOFFCAP,-24,-24,3.627670940170932e-06
february_2022,13,0.0,RTOLCAP+RTOFFCAP,-24,0,3.0230591168091103e-06
february_2022,13,0.0,RTOLCAP+RTOFFCAP,-24,24,0.000273105921855922
february_2022,13,0.0,RTOLCAP+RTOFFCAP,0,-24,4.534588675213665e-06
february_2022,13,0.0,RTOLCAP+RTOFFCAP,0,0,3.627670940170932e-06
february_2022,13,0.0,RTOLCAP+RTOFFCAP,0,24,0.00031862357549857564
february_2022,13,0.0,RTOLCAP+RTOFFCAP,24,-24,6.0461182336182205e-06
february_2022,13,0.0,RTOLCAP+RTOFFCAP,24,0,4.534588675213665e-06
february_2022,13,0.0,RTOLCAP+RTOFFCAP,24,24,0.0003823482905982908
february_2022,13,3.0,RTOLCAP+RTOFFCAP,-24,-24,0.00842805235042735
february_2022,13,3.0,RTOLCAP+RTOFFCAP,-24,0,0.007023376958689458
february_2022,13,3.0,RTOLCAP+RTOFFCAP,-24,24,0.012302188263125763
february_2022,13,3.0,RTOLCAP+RTOFFCAP,0,-24,0.009934394364316238
february_2022,13,3.0,RTOLCAP+RTOFFCAP,0,0,0.00794751549145299
february_2022,13,3.0,RTOLCAP+RTOFFCAP,0,24,0.01395210559116809
february_2022,13,3.0,RTOLCAP+RTOFFCAP,24,-24,0.01324585915242165
february_2022,13,3.0,RTOLCAP+RTOFFCAP,24,0,0.009934394364316238
february_2022,13,3.0,RTOLCAP+RTOFFCAP,24,24,0.016742526709401708
february_2022,14,0.0,PRC,-24,-24,0.4368746557539684
february_2022,14,0.0,PRC,-24,0,0.4445335788690476
february_2022,14,0.0,PRC,-24,24,0.4661032071995464
february_2022,14,0.0,PRC,0,-24,0.4125715674603174
february_2022,14,0.0,PRC,0,0,0.42662289285714283
february_2022,14,0.0,PRC,0,24,0.45477257357804235
february_2022,14,0.0,PRC,24,-24,0.4233921544312169
february_2022,14,0.0,PRC,24,0,0.4382511644345238
february_2022,14,0.0,PRC,24,24,0.469705126984127
february_2022,14,3.0,PRC,-24,-24,0.6511603700396824
february_2022,14,3.0,PRC,-24,0,0.6588192931547618
february_2022,14,3.0,PRC,-24,24,0.6803889214852608
february_2022,14,3.0,PRC,0,-24,0.6268572817460317
february_2022,14,3.0,PRC,0,0,0.6409086071428571
february_2022,14,3.0,PRC,0,24,0.6690582878637567
february_2022,14,3.0,PRC,24,-24,0.6376778687169311
february_2022,14,3.0,PRC,24,0,0.6525368787202381
february_2022,14,3.0,PRC,24,24,0.6839908412698412
february_2022,14,0.0,RTOLCAP,-24,-24,0.023514241567460317
february_2022,14,0.0,RTOLCAP,-24,0,0.022589558945105823
february_2022,14,0.0,RTOLCAP,-24,24,0.043038574617346934
february_2022,14,0.0,RTOLCAP,0,-24,0.021068578249007937
february_2022,14,0.0,RTOLCAP,0,0,0.020448091765873016
february_2022,14,0.0,RTOLCAP,0,24,0.04466218791335978
february_2022,14,0.0,RTOLCAP,24,-24,0.028091437665343916
february_2022,14,0.0,RTOLCAP,24,0,0.02556011470734127
february_2022,14,0.0,RTOLCAP,24,24,0.05359462549603174
february_2022,14,3.0,RTOLCAP,-24,-24,0.07911961011904763
february_2022,14,3.0,RTOLCAP,-24,0,0.07829660796957671
february_2022,14,3.0,RTOLCAP,-24,24,0.11220271187641723
february_2022,14,3.0,RTOLCAP,0,-24,0.0612995913938492
february_2022,14,3.0,RTOLCAP,0,0,0.06387599255952381
february_2022,14,3.0,RTOLCAP,0,24,0.10583654968584656
february_2022,14,3.0,RTOLCAP,24,-24,0.08150025710978835
february_2022,14,3.0,RTOLCAP,24,0,0.07967059213789683
february_2022,14,3.0,RTOLCAP,24,24,0.12686434077380954
february_2022,14,0.0,RTOLCAP+RTOFFCAP,-24,-24,0.0013004667658730155
february_2022,14,0.0,RTOLCAP+RTOFFCAP,-24,0,0.0010837223048941794
february_2022,14,0.0,RTOLCAP+RTOFFCAP,-24,24,0.0024864179421768703
february_2022,14,0.0,RTOLCAP+RTOFFCAP,0,-24,0.0016255834573412693
february_2022,14,0.0,RTOLCAP+RTOFFCAP,0,0,0.0013004667658730155
february_2022,14,0.0,RTOLCAP+RTOFFCAP,0,24,0.0029008209325396828
february_2022,14,0.0,RTOLCAP+RTOFFCAP,24,-24,0.002167444609788359
february_2022,14,0.0,RTOLCAP+RTOFFCAP,24,0,0.0016255834573412693
february_2022,14,0.0,RTOLCAP+RTOFFCAP,24,24,0.0034809851190476192
february_2022,14,3.0,RTOLCAP+RTOFFCAP,-24,-24,0.01272687996031746
february_2022,14,3.0,RTOLCAP+RTOFFCAP,-24,0,0.01060573330026455
february_2022,14,3.0,RTOLCAP+RTOFFCAP,-24,24,0.017917765731292515
february_2022,14,3.0,RTOLCAP+RTOFFCAP,0,-24,0.014379338417658727
february_2022,14,3.0,RTOLCAP+RTOFFCAP,0,0,0.011503470734126985
february_2022,14,3.0,RTOLCAP+RTOFFCAP,0,24,0.019884552331349205
february_2022,14,3.0,RTOLCAP+RTOFFCAP,24,-24,0.01917245122354497
february_2022,14,3.0,RTOLCAP+RTOFFCAP,24,0,0.014379338417658727
february_2022,14,3.0,RTOLCAP+RTOFFCAP,24,24,0.023861462797619044
february_2022,15,0.0,PRC,-24,-24,0.47441634537037036
february_2022,15,0.0,PRC,-24,0,0.4815646736111111
february_2022,15,0.0,PRC,-24,24,0.5016963267195766
february_2022,15,0.0,PRC,0,-24,0.45173346296296285
february_2022,15,0.0,PRC,0,0,0.4648480333333333
february_2022,15,0.0,PRC,0,24,0.4911210686728395
february_2022,15,0.0,PRC,24,-24,0.46183267746913576
february_2022,15,0.0,PRC,24,0,0.4757010868055555
february_2022,15,0.0,PRC,24,24,0.5050581185185185
february_2022,15,3.0,PRC,-24,-24,0.6744163453703702
february_2022,15,3.0,PRC,-24,0,0.6815646736111111
february_2022,15,3.0,PRC,-24,24,0.7016963267195766
february_2022,15,3.0,PRC,0,-24,0.651733462962963
february_2022,15,3.0,PRC,0,0,0.6648480333333333
february_2022,15,3.0,PRC,0,24,0.6911210686728394
february_2022,15,3.0,PRC,24,-24,0.6618326774691358
february_2022,15,3.0,PRC,24,0,0.6757010868055556
february_2022,15,3.0,PRC,24,24,0.7050581185185185
february_2022,15,0.0,RTOLCAP,-24,-24,0.03492655555555556
february_2022,15,0.0,RTOLCAP,-24,0,0.033851565586419746
february_2022,15,0.0,RTOLCAP,-24,24,0.05697923412698412
february_2022,15,0.0,RTOLCAP,0,-24,0.029679041666666663
february_2022,15,0.0,RTOLCAP,0,0,0.029438556481481477
february_2022,15,0.0,RTOLCAP,0,24,0.05715633796296296
february_2022,15,0.0,RTOLCAP,24,-24,0.03957205555555555
february_2022,15,0.0,RTOLCAP,24,0,0.036798195601851845
february_2022,15,0.0,RTOLCAP,24,24,0.06858760555555556
february_2022,15,3.0,RTOLCAP,-24,-24,0.09962016620370369
february_2022,15,3.0,RTOLCAP,-24,0,0.10085651041666667
february_2022,15,3.0,RTOLCAP,-24,24,0.13661969047619046
february_2022,15,3.0,RTOLCAP,0,-24,0.07673090914351852
february_2022,15,3.0,RTOLCAP,0,0,0.0827923736111111
february_2022,15,3.0,RTOLCAP,0,24,0.12752677314814814
february_2022,15,3.0,RTOLCAP,24,-24,0.10152590046296295
february_2022,15,3.0,RTOLCAP,24,0,0.1029039832175926
february_2022,15,3.0,RTOLCAP,24,24,0.15256294074074075
february_2022,15,0.0,RTOLCAP+RTOFFCAP,-24,-24,0.0037078069444444438
february_2022,15,0.0,RTOLCAP+RTOFFCAP,-24,0,0.00308983912037037
february_2022,15,0.0,RTOLCAP+RTOFFCAP,-24,24,0.005860675925925925
february_2022,15,0.0,RTOLCAP+RTOFFCAP,0,-24,0.004626138888888889
february_2022,15,0.0,RTOLCAP+RTOFFCAP,0,0,0.0037009111111111106
february_2022,15,0.0,RTOLCAP+RTOFFCAP,0,24,0.006831708719135802
february_2022,15,0.0,RTOLCAP+RTOFFCAP,24,-24,0.0061681851851851845
february_2022,15,0.0,RTOLCAP+RTOFFCAP,24,0,0.004626138888888889
february_2022,15,0.0,RTOLCAP+RTOFFCAP,24,24,0.008198050462962961
february_2022,15,3.0,RTOLCAP+RTOFFCAP,-24,-24,0.017921837037037036
february_2022,15,3.0,RTOLCAP+RTOFFCAP,-24,0,0.01522111419753086
february_2022,15,3.0,RTOLCAP+RTOFFCAP,-24,24,0.02463103802910053
february_2022,15,3.0,RTOLCAP+RTOFFCAP,0,-24,0.019689741898148146
february_2022,15,3.0,RTOLCAP+RTOFFCAP,0,0,0.01609529351851852
february_2022,15,3.0,RTOLCAP+RTOFFCAP,0,24,0.026927841435185184
february_2022,15,3.0,RTOLCAP+RTOFFCAP,24,-24,0.026252989197530864
february_2022,15,3.0,RTOLCAP+RTOFFCAP,24,0,0.020119116898148146
february_2022,15,3.0,RTOLCAP+RTOFFCAP,24,24,0.032313409722222214
february_2022,16,0.0,PRC,-24,-24,0.5072653237847221
february_2022,16,0.0,PRC,-24,0,0.5139668815104166
february_2022,16,0.0,PRC,-24,24,0.5328403062996031
february_2022,16,0.0,PRC,0,-24,0.4860001215277778
february_2022,16,0.0,PRC,0,0,0.49829503124999996
february_2022,16,0.0,PRC,0,24,0.522926001880787
february_2022,16,0.0,PRC,24,-24,0.4954681351273148
february_2022,16,0.0,PRC,24,0,0.5084697688802083
february_2022,16,0.0,PRC,24,24,0.5359919861111111
february_2022,16,3.0,PRC,-24,-24,0.6947653237847222
february_2022,16,3.0,PRC,-24,0,0.7014668815104166
february_2022,16,3.0,PRC,-24,24,0.7203403062996031
february_2022,16,3.0,PRC,0,-24,0.6735001215277777
february_2022,16,3.0,PRC,0,0,0.68579503125
february_2022,16,3.0,PRC,0,24,0.710426001880787
february_2022,16,3.0,PRC,24,-24,0.6829681351273148
february_2022,16,3.0,PRC,24,0,0.6959697688802083
february_2022,16,3.0,PRC,24,24,0.7234919861111111
february_2022,16,0.0,RTOLCAP,-24,-24,0.04878898611111112
february_2022,16,0.0,RTOLCAP,-24,0,0.04748674913194444
february_2022,16,0.0,RTOLCAP,-24,24,0.07301631479414682
february_2022,16,0.0,RTOLCAP,0,-24,0.03901962402343749
february_2022,16,0.0,RTOLCAP,0,0,0.03941081206597222
february_2022,16,0.0,RTOLCAP,0,24,0.07054129484953703
february_2022,16,0.0,RTOLCAP,24,-24,0.052026165364583335
february_2022,16,0.0,RTOLCAP,24,0,0.04926351508246527
february_2022,16,0.0,RTOLCAP,24,24,0.08464955381944443
february_2022,16,3.0,RTOLCAP,-24,-24,0.11988778732638888
february_2022,16,3.0,RTOLCAP,-24,0,0.12396496672453701
february_2022,16,3.0,RTOLCAP,-24,24,0.16110611359126983
february_2022,16,3.0,RTOLCAP,0,-24,0.09254336968315971
february_2022,16,3.0,RTOLCAP,0,0,0.10290486848958336
february_2022,16,3.0,RTOLCAP,0,24,0.1497462228732639
february_2022,16,3.0,RTOLCAP,24,-24,0.12157783130787035
february_2022,16,3.0,RTOLCAP,24,0,0.1272710894097222
february_2022,16,3.0,RTOLCAP,24,24,0.17860747048611111
february_2022,16,0.0,RTOLCAP+RTOFFCAP,-24,-24,0.0068477925347222215
february_2022,16,0.0,RTOLCAP+RTOFFCAP,-24,0,0.0057064937789351846
february_2022,16,0.0,RTOLCAP+RTOFFCAP,-24,24,0.009995527963789682
february_2022,16,0.0,RTOLCAP+RTOFFCAP,0,-24,0.008071695421006943
february_2022,16,0.0,RTOLCAP+RTOFFCAP,0,0,0.006457356336805555
february_2022,16,0.0,RTOLCAP+RTOFFCAP,0,24,0.011336085792824073
february_2022,16,0.0,RTOLCAP+RTOFFCAP,24,-24,0.010762260561342591
february_2022,16,0.0,RTOLCAP+RTOFFCAP,24,0,0.008071695421006943
february_2022,16,0.0,RTOLCAP+RTOFFCAP,24,24,0.013603302951388887
february_2022,16,3.0,RTOLCAP+RTOFFCAP,-24,-24,0.02552648263888889
february_2022,16,3.0,RTOLCAP+RTOFFCAP,-24,0,0.02229766746238426
february_2022,16,3.0,RTOLCAP+RTOFFCAP,-24,24,0.033835145089285715
february_2022,16,3.0,RTOLCAP+RTOFFCAP,0,-24,0.027800450303819446
february_2022,16,3.0,RTOLCAP+RTOFFCAP,0,0,0.02347107855902778
february_2022,16,3.0,RTOLCAP+RTOFFCAP,0,24,0.036735900607638886
february_2022,16,3.0,RTOLCAP+RTOFFCAP,24,-24,0.03706726707175926
february_2022,16,3.0,RTOLCAP+RTOFFCAP,24,0,0.029338848198784722
february_2022,16,3.0,RTOLCAP+RTOFFCAP,24,24,0.04408308072916666
february_2022,17,0.0,PRC,-24,-24,0.5362497165032678
february_2022,17,0.0,PRC,-24,0,0.5425570649509803
february_2022,17,0.0,PRC,-24,24,0.5603202882819794
february_2022,17,0.0,PRC,0,-24,0.516235408496732
february_2022,17,0.0,PRC,0,0,0.5278070882352941
february_2022,17,0.0,PRC,0,24,0.5509891782407407
february_2022,17,0.0,PRC,24,-24,0.5251464801198256
february_2022,17,0.0,PRC,24,0,0.537383311887255
february_2022,17,0.0,PRC,24,24,0.5632865751633986
february_2022,17,3.0,PRC,-24,-24,0.7127203047385622
february_2022,17,3.0,PRC,-24,0,0.7190276531862746
february_2022,17,3.0,PRC,-24,24,0.7367908765172735
february_2022,17,3.0,PRC,0,-24,0.692705996732026
february_2022,17,3.0,PRC,0,0,0.7042776764705883
february_2022,17,3.0,PRC,0,24,0.7274597664760348
february_2022,17,3.0,PRC,24,-24,0.7016170683551198
february_2022,17,3.0,PRC,24,0,0.713853900122549
february_2022,17,3.0,PRC,24,24,0.7397571633986928
february_2022,17,0.0,RTOLCAP,-24,-24,0.06515732598039216
february_2022,17,0.0,RTOLCAP,-24,0,0.0644795595043573
february_2022,17,0.0,RTOLCAP,-24,24,0.09240223330999066
february_2022,17,0.0,RTOLCAP,0,-24,0.05048201644199345
february_2022,17,0.0,RTOLCAP,0,0,0.05260375857843137
february_2022,17,0.0,RTOLCAP,0,24,0.08715951150599129
february_2022,17,0.0,RTOLCAP,24,-24,0.06711785879629628
february_2022,17,0.0,RTOLCAP,24,0,0.06561107587826798
february_2022,17,0.0,RTOLCAP,24,24,0.10447651593137257
february_2022,17,3.0,RTOLCAP,-24,-24,0.14127036805555554
february_2022,17,3.0,RTOLCAP,-24,0,0.14815798543028325
february_2022,17,3.0,RTOLCAP,-24,24,0.18646937704248365
february_2022,17,3.0,RTOLCAP,0,-24,0.10952947763480392
february_2022,17,3.0,RTOLCAP,0,0,0.12414279656862744
february_2022,17,3.0,RTOLCAP,0,24,0.17284195159313726
february_2022,17,3.0,RTOLCAP,24,-24,0.14249299087690628
february_2022,17,3.0,RTOLCAP,24,0,0.15251876123366012
february_2022,17,3.0,RTOLCAP,24,24,0.20528255433006534
february_2022,17,0.0,RTOLCAP+RTOFFCAP,-24,-24,0.010480959967320262
february_2022,17,0.0,RTOLCAP+RTOFFCAP,-24,0,0.008734133306100218
february_2022,17,0.0,RTOLCAP+RTOFFCAP,-24,24,0.01475580707282913
february_2022,17,0.0,RTOLCAP+RTOFFCAP,0,-24,0.011841808108660128
february_2022,17,0.0,RTOLCAP+RTOFFCAP,0,0,0.009473446486928105
february_2022,17,0.0,RTOLCAP+RTOFFCAP,0,24,0.016375513684640523
february_2022,17,0.0,RTOLCAP+RTOFFCAP,24,-24,0.015789077478213506
february_2022,17,0.0,RTOLCAP+RTOFFCAP,24,0,0.011841808108660128
february_2022,17,0.0,RTOLCAP+RTOFFCAP,24,24,0.019650616421568623
february_2022,17,3.0,RTOLCAP+RTOFFCAP,-24,-24,0.036233918300653596
february_2022,17,3.0,RTOLCAP+RTOFFCAP,-24,0,0.032286527096949895
february_2022,17,3.0,RTOLCAP+RTOFFCAP,-24,24,0.0456990435340803
february_2022,17,3.0,RTOLCAP+RTOFFCAP,0,-24,0.03847445720996732
february_2022,17,3.0,RTOLCAP+RTOFFCAP,0,0,0.03328947998366012
february_2022,17,3.0,RTOLCAP+RTOFFCAP,0,24,0.04877025701252723
february_2022,17,3.0,RTOLCAP+RTOFFCAP,24,-24,0.051299276279956424
february_2022,17,3.0,RTOLCAP+RTOFFCAP,24,0,0.041611849979575156
february_2022,17,3.0,RTOLCAP+RTOFFCAP,24,24,0.058524308415032665
february_2022,18,0.0,PRC,-24,-24,0.5620136211419752
february_2022,18,0.0,PRC,-24,0,0.5679705613425925
february_2022,18,0.0,PRC,-24,24,0.5847469389329806
february_2022,18,0.0,PRC,0,-24,0.5431112191358024
february_2022,18,0.0,PRC,0,0,0.5540400277777777
february_2022,18,0.0,PRC,0,24,0.5759342238940328
february_2022,18,0.0,PRC,24,-24,0.5515272312242798
february_2022,18,0.0,PRC,24,0,0.5630842390046297
february_2022,18,0.0,PRC,24,24,0.5875484320987654
february_2022,18,3.0,PRC,-24,-24,0.728680287808642
february_2022,18,3.0,PRC,-24,0,0.7346372280092593
february_2022,18,3.0,PRC,-24,24,0.7514136055996472
february_2022,18,3.0,PRC,0,-24,0.709777885802469
february_2022,18,3.0,PRC,0,0,0.7207066944444446
february_2022,18,3.0,PRC,0,24,0.7426008905606994
february_2022,18,3.0,PRC,24,-24,0.7181938978909465
february_2022,18,3.0,PRC,24,0,0.7297509056712963
february_2022,18,3.0,PRC,24,24,0.754215098765432
february_2022,18,0.0,RTOLCAP,-24,-24,0.08301680516975307
february_2022,18,0.0,RTOLCAP,-24,0,0.0840470920138889
february_2022,18,0.0,RTOLCAP,-24,24,0.11384974206349206
february_2022,18,0.0,RTOLCAP,0,-24,0.06394242428626543
february_2022,18,0.0,RTOLCAP,0,0,0.0689936446759259
february_2022,18,0.0,RTOLCAP,0,24,0.10627231095679011
february_2022,18,0.0,RTOLCAP,24,-24,0.08460491705246913
february_2022,18,0.0,RTOLCAP,24,0,0.08575331934799384
february_2022,18,0.0,RTOLCAP,24,24,0.12713578395061728
february_2022,18,3.0,RTOLCAP,-24,-24,0.16701007291666664
february_2022,18,3.0,RTOLCAP,-24,0,0.17553054783950617
february_2022,18,3.0,RTOLCAP,-24,24,0.21456097580467373
february_2022,18,3.0,RTOLCAP,0,-24,0.13168512731481483
february_2022,18,3.0,RTOLCAP,0,0,0.1489746863425926
february_2022,18,3.0,RTOLCAP,0,24,0.19893616255144034
february_2022,18,3.0,RTOLCAP,24,-24,0.16709044688786007
february_2022,18,3.0,RTOLCAP,24,0,0.17985106577932097
february_2022,18,3.0,RTOLCAP,24,24,0.23362956134259255
february_2022,18,0.0,RTOLCAP+RTOFFCAP,-24,-24,0.014934864197530862
february_2022,18,0.0,RTOLCAP+RTOFFCAP,-24,0,0.012684261831275717
february_2022,18,0.0,RTOLCAP+RTOFFCAP,-24,24,0.02052586502425044
february_2022,18,0.0,RTOLCAP+RTOFFCAP,0,-24,0.01640811824845679
february_2022,18,0.0,RTOLCAP+RTOFFCAP,0,0,0.013412744598765434
february_2022,18,0.0,RTOLCAP+RTOFFCAP,0,24,0.022439867862654318
february_2022,18,0.0,RTOLCAP+RTOFFCAP,24,-24,0.021877490997942388
february_2022,18,0.0,RTOLCAP+RTOFFCAP,24,0,0.016765930748456788
february_2022,18,0.0,RTOLCAP+RTOFFCAP,24,24,0.02692784143518518
february_2022,18,3.0,RTOLCAP+RTOFFCAP,-24,-24,0.04917648263888888
february_2022,18,3.0,RTOLCAP+RTOFFCAP,-24,0,0.044471668917181066
february_2022,18,3.0,RTOLCAP+RTOFFCAP,-24,24,0.059688449349647274
february_2022,18,3.0,RTOLCAP+RTOFFCAP,0,-24,0.050297230902777774
february_2022,18,3.0,RTOLCAP+RTOFFCAP,0,0,0.044427304783950614
february_2022,18,3.0,RTOLCAP+RTOFFCAP,0,24,0.06218760931069959
february_2022,18,3.0,RTOLCAP+RTOFFCAP,24,-24,0.06706297453703702
february_2022,18,3.0,RTOLCAP+RTOFFCAP,24,0,0.05553413097993827
february_2022,18,3.0,RTOLCAP+RTOFFCAP,24,24,0.0746251311728395
february_2022,19,0.0,PRC,-24,-24,0.5850655358187135
february_2022,19,0.0,PRC,-24,0,0.5907089528508771
february_2022,19,0.0,PRC,-24,24,0.6066023631996658
february_2022,19,0.0,PRC,0,-24,0.5671579970760233
february_2022,19,0.0,PRC,0,0,0.5775116052631579
february_2022,19,0.0,PRC,0,24,0.5982534752680312
february_2022,19,0.0,PRC,24,-24,0.575131061159844
february_2022,19,0.0,PRC,24,0,0.586079805372807
february_2022,19,0.0,PRC,24,24,0.6092564093567251
february_2022,19,3.0,PRC,-24,-24,0.7429602726608188
february_2022,19,3.0,PRC,-24,0,0.7486036896929824
february_2022,19,3.0,PRC,-24,24,0.7644971000417711
february_2022,19,3.0,PRC,0,-24,0.7250527339181286
february_2022,19,3.0,PRC,0,0,0.7354063421052632
february_2022,19,3.0,PRC,0,24,0.7561482121101364
february_2022,19,3.0,PRC,24,-24,0.7330257980019493
february_2022,19,3.0,PRC,24,0,0.7439745422149122
february_2022,19,3.0,PRC,24,24,0.7671511461988304
february_2022,19,0.0,RTOLCAP,-24,-24,0.10095813669590643
february_2022,19,0.0,RTOLCAP,-24,0,0.1043915509259259
february_2022,19,0.0,RTOLCAP,-24,24,0.13566830618212194
february_2022,19,0.0,RTOLCAP,0,-24,0.07793125868055555
february_2022,19,0.0,RTOLCAP,0,0,0.08665673135964913
february_2022,19,0.0,RTOLCAP,0,24,0.12610208241959064
february_2022,19,0.0,RTOLCAP,24,-24,0.1023813316276803
february_2022,19,0.0,RTOLCAP,24,0,0.10717565423976606
february_2022,19,0.0,RTOLCAP,24,24,0.1504062909356725
february_2022,19,3.0,RTOLCAP,-24,-24,0.19695802339181284
february_2022,19,3.0,RTOLCAP,-24,0,0.206215058784113
february_2022,19,3.0,RTOLCAP,-24,24,0.24500677057226397
february_2022,19,3.0,RTOLCAP,0,-24,0.16001887929459063
february_2022,19,3.0,RTOLCAP,0,0,0.1785151505847953
february_2022,19,3.0,RTOLCAP,0,24,0.22838879903752432
february_2022,19,3.0,RTOLCAP,24,-24,0.19560339364035087
february_2022,19,3.0,RTOLCAP,24,0,0.20982760416666668
february_2022,19,3.0,RTOLCAP,24,24,0.2634134915935672
february_2022,19,0.0,RTOLCAP+RTOFFCAP,-24,-24,0.021495985380116957
february_2022,19,0.0,RTOLCAP+RTOFFCAP,-24,0,0.018776983126218325
february_2022,19,0.0,RTOLCAP+RTOFFCAP,-24,24,0.028492753759398495
february_2022,19,0.0,RTOLCAP+RTOFFCAP,0,-24,0.023410905519005848
february_2022,19,0.0,RTOLCAP+RTOFFCAP,0,0,0.01976511878654971
february_2022,19,0.0,RTOLCAP+RTOFFCAP,0,24,0.030935495248538007
february_2022,19,0.0,RTOLCAP+RTOFFCAP,24,-24,0.031214540692007797
february_2022,19,0.0,RTOLCAP+RTOFFCAP,24,0,0.024706398483187134
february_2022,19,0.0,RTOLCAP+RTOFFCAP,24,24,0.03712259429824561
february_2022,19,3.0,RTOLCAP+RTOFFCAP,-24,-24,0.0637536875
february_2022,19,3.0,RTOLCAP+RTOFFCAP,-24,0,0.05822082754629629
february_2022,19,3.0,RTOLCAP+RTOFFCAP,-24,24,0.075067708072264
february_2022,19,3.0,RTOLCAP+RTOFFCAP,0,-24,0.06223557017543858
february_2022,19,3.0,RTOLCAP+RTOFFCAP,0,0,0.055899761695906436
february_2022,19,3.0,RTOLCAP+RTOFFCAP,0,24,0.07594129995126706
february_2022,19,3.0,RTOLCAP+RTOFFCAP,24,-24,0.08298076023391812
february_2022,19,3.0,RTOLCAP+RTOFFCAP,24,0,0.06987470211988304
february_2022,19,3.0,RTOLCAP+RTOFFCAP,24,24,0.09112955994152046
february_2022,20,0.0,PRC,-24,-24,0.6058122590277779
february_2022,20,0.0,PRC,-24,0,0.6111735052083335
february_2022,20,0.0,PRC,-24,24,0.6262722450396825
february_2022,20,0.0,PRC,0,-24,0.5888000972222222
february_2022,20,0.0,PRC,0,0,0.598636025
february_2022,20,0.0,PRC,0,24,0.6183408015046297
february_2022,20,0.0,PRC,24,-24,0.5963745081018518
february_2022,20,0.0,PRC,24,0,0.6067758151041667
february_2022,20,0.0,PRC,24,24,0.6287935888888889
february_2022,20,3.0,PRC,-24,-24,0.7558122590277778
february_2022,20,3.0,PRC,-24,0,0.7611735052083335
february_2022,20,3.0,PRC,-24,24,0.7762722450396825
february_2022,20,3.0,PRC,0,-24,0.7388000972222222
february_2022,20,3.0,PRC,0,0,0.748636025
february_2022,20,3.0,PRC,0,24,0.7683408015046295
february_2022,20,3.0,PRC,24,-24,0.7463745081018518
february_2022,20,3.0,PRC,24,0,0.7567758151041666
february_2022,20,3.0,PRC,24,24,0.7787935888888888
february_2022,20,0.0,RTOLCAP,-24,-24,0.1200798128472222
february_2022,20,0.0,RTOLCAP,-24,0,0.12593428761574074
february_2022,20,0.0,RTOLCAP,-24,24,0.15849897048611108
february_2022,20,0.0,RTOLCAP,0,-24,0.09310005598958332
february_2022,20,0.0,RTOLCAP,0,0,0.10552137708333331
february_2022,20,0.0,RTOLCAP,0,24,0.14691565885416666
february_2022,20,0.0,RTOLCAP,24,-24,0.12111904224537036
february_2022,20,0.0,RTOLCAP,24,0,0.1296409470486111
february_2022,20,0.0,RTOLCAP,24,24,0.17449017118055554
february_2022,20,3.0,RTOLCAP,-24,-24,0.2274808190972222
february_2022,20,3.0,RTOLCAP,-24,0,0.2370203125
february_2022,20,3.0,RTOLCAP,-24,24,0.27514158060515875
february_2022,20,3.0,RTOLCAP,0,-24,0.18998130642361108
february_2022,20,3.0,RTOLCAP,0,0,0.20892860104166666
february_2022,20,3.0,RTOLCAP,0,24,0.2580853657407407
february_2022,20,3.0,RTOLCAP,24,-24,0.22370704629629629
february_2022,20,3.0,RTOLCAP,24,0,0.23895972960069442
february_2022,20,3.0,RTOLCAP,24,24,0.29194162152777775
february_2022,20,0.0,RTOLCAP+RTOFFCAP,-24,-24,0.030798830555555552
february_2022,20,0.0,RTOLCAP+RTOFFCAP,-24,0,0.027443548032407408
february_2022,20,0.0,RTOLCAP+RTOFFCAP,-24,24,0.03884418700396826
february_2022,20,0.0,RTOLCAP+RTOFFCAP,0,-24,0.03270328862847222
february_2022,20,0.0,RTOLCAP+RTOFFCAP,0,0,0.028296057986111105
february_2022,20,0.0,RTOLCAP+RTOFFCAP,0,24,0.04145471846064814
february_2022,20,0.0,RTOLCAP+RTOFFCAP,24,-24,0.04360438483796296
february_2022,20,0.0,RTOLCAP+RTOFFCAP,24,0,0.03537007248263888
february_2022,20,0.0,RTOLCAP+RTOFFCAP,24,24,0.049745662152777766
february_2022,20,3.0,RTOLCAP+RTOFFCAP,-24,-24,0.0795144517361111
february_2022,20,3.0,RTOLCAP+RTOFFCAP,-24,0,0.07373433767361111
february_2022,20,3.0,RTOLCAP+RTOFFCAP,-24,24,0.09226122966269842
february_2022,20,3.0,RTOLCAP+RTOFFCAP,0,-24,0.07438083072916667
february_2022,20,3.0,RTOLCAP+RTOFFCAP,0,0,0.06847141805555555
february_2022,20,3.0,RTOLCAP+RTOFFCAP,0,24,0.09096327864583333
february_2022,20,3.0,RTOLCAP+RTOFFCAP,24,-24,0.09905510069444443
february_2022,20,3.0,RTOLCAP+RTOFFCAP,24,0,0.0854997673611111
february_2022,20,3.0,RTOLCAP+RTOFFCAP,24,24,0.10908433020833333
february_2022,21,0.0,PRC,-24,-24,0.6245831038359789
february_2022,21,0.0,PRC,-24,0,0.6296890525793651
february_2022,21,0.0,PRC,-24,24,0.6440688047996976
february_2022,21,0.0,PRC,0,-24,0.608381044973545
february_2022,21,0.0,PRC,0,0,0.6177485952380953
february_2022,21,0.0,PRC,0,24,0.6365150490520282
february_2022,21,0.0,PRC,24,-24,0.6155947696208113
february_2022,21,0.0,PRC,24,0,0.6255007762896825
february_2022,21,0.0,PRC,24,24,0.6464700846560847
february_2022,21,3.0,PRC,-24,-24,0.7674402466931217
february_2022,21,3.0,PRC,-24,0,0.772546195436508
february_2022,21,3.0,PRC,-24,24,0.7869259476568404
february_2022,21,3.0,PRC,0,-24,0.7512381878306879
february_2022,21,3.0,PRC,0,0,0.7606057380952381
february_2022,21,3.0,PRC,0,24,0.779372191909171
february_2022,21,3.0,PRC,24,-24,0.7584519124779541
february_2022,21,3.0,PRC,24,0,0.7683579191468254
february_2022,21,3.0,PRC,24,24,0.7893272275132275
february_2022,21,0.0,RTOLCAP,-24,-24,0.14315149107142855
february_2022,21,0.0,RTOLCAP,-24,0,0.1504547552910053
february_2022,21,0.0,RTOLCAP,-24,24,0.18390940783257748
february_2022,21,0.0,RTOLCAP,0,-24,0.11287296626984128
february_2022,21,0.0,RTOLCAP,0,0,0.1276925882936508
february_2022,21,0.0,RTOLCAP,0,24,0.17051671075837743
february_2022,21,0.0,RTOLCAP,24,-24,0.1432203830467372
february_2022,21,0.0,RTOLCAP,24,0,0.15415805638227514
february_2022,21,0.0,RTOLCAP,24,24,0.20025390972222218
february_2022,21,3.0,RTOLCAP,-24,-24,0.2575679325396825
february_2022,21,3.0,RTOLCAP,-24,0,0.26708328345458554
february_2022,21,3.0,RTOLCAP,-24,24,0.3042848809523809
february_2022,21,3.0,RTOLCAP,0,-24,0.22017923239087303
february_2022,21,3.0,RTOLCAP,0,0,0.23907539351851853
february_2022,21,3.0,RTOLCAP,0,24,0.28714523892195765
february_2022,21,3.0,RTOLCAP,24,-24,0.25152913966049384
february_2022,21,3.0,RTOLCAP,24,0,0.26731186425264547
february_2022,21,3.0,RTOLCAP,24,24,0.319348384589947
february_2022,21,0.0,RTOLCAP+RTOFFCAP,-24,-24,0.04215127083333333
february_2022,21,0.0,RTOLCAP+RTOFFCAP,-24,0,0.03811857335758377
february_2022,21,0.0,RTOLCAP+RTOFFCAP,-24,24,0.051161528013983375
february_2022,21,0.0,RTOLCAP+RTOFFCAP,0,-24,0.04311191220238095
february_2022,21,0.0,RTOLCAP+RTOFFCAP,0,0,0.038080546957671955
february_2022,21,0.0,RTOLCAP+RTOFFCAP,0,24,0.05330366512345679
february_2022,21,0.0,RTOLCAP+RTOFFCAP,24,-24,0.057482549603174594
february_2022,21,0.0,RTOLCAP+RTOFFCAP,24,0,0.047600683697089946
february_2022,21,0.0,RTOLCAP+RTOFFCAP,24,24,0.06396439814814814
february_2022,21,3.0,RTOLCAP+RTOFFCAP,-24,-24,0.09558829530423281
february_2022,21,3.0,RTOLCAP+RTOFFCAP,-24,0,0.09080808008156967
february_2022,21,3.0,RTOLCAP+RTOFFCAP,-24,24,0.11101865551776266
february_2022,21,3.0,RTOLCAP+RTOFFCAP,0,-24,0.08671675677910051
february_2022,21,3.0,RTOLCAP+RTOFFCAP,0,0,0.08275480621693121
february_2022,21,3.0,RTOLCAP+RTOFFCAP,0,24,0.10767602320326279
february_2022,21,3.0,RTOLCAP+RTOFFCAP,24,-24,0.11514550925925923
february_2022,21,3.0,RTOLCAP+RTOFFCAP,24,0,0.10308588293650792
february_2022,21,3.0,RTOLCAP+RTOFFCAP,24,24,0.1289251279761905
february_2022,22,0.0,PRC,-24,-24,0.6416475082070707
february_2022,22,0.0,PRC,-24,0,0.6465213683712121
february_2022,22,0.0,PRC,-24,24,0.6602474954906205
february_2022,22,0.0,PRC,0,-24,0.6261819065656565
february_2022,22,0.0,PRC,0,0,0.6351236590909092
february_2022,22,0.0,PRC,0,24,0.653037092276936
february_2022,22,0.0,PRC,24,-24,0.6330677346380471
february_2022,22,0.0,PRC,24,0,0.6425234682765151
february_2022,22,0.0,PRC,24,24,0.6625396262626262
february_2022,22,3.0,PRC,-24,-24,0.7780111445707072
february_2022,22,3.0,PRC,-24,0,0.7828850047348486
february_2022,22,3.0,PRC,-24,24,0.7966111318542568
february_2022,22,3.0,PRC,0,-24,0.762545542929293
february_2022,22,3.0,PRC,0,0,0.7714872954545455
february_2022,22,3.0,PRC,0,24,0.7894007286405722
february_2022,22,3.0,PRC,24,-24,0.7694313710016834
february_2022,22,3.0,PRC,24,0,0.7788871046401515
february_2022,22,3.0,PRC,24,24,0.7989032626262627
february_2022,22,0.0,RTOLCAP,-24,-24,0.1701001111111111
february_2022,22,0.0,RTOLCAP,-24,0,0.1780948234953703
february_2022,22,0.0,RTOLCAP,-24,24,0.21159675640331888
february_2022,22,0.0,RTOLCAP,0,-24,0.13819812302714646
february_2022,22,0.0,RTOLCAP,0,0,0.1541721755050505
february_2022,22,0.0,RTOLCAP,0,24,0.19724487189604373
february_2022,22,0.0,RTOLCAP,24,-24,0.16893020359848485
february_2022,22,0.0,RTOLCAP,24,0,0.18121474905303034
february_2022,22,0.0,RTOLCAP,24,24,0.22749347001262624
february_2022,22,3.0,RTOLCAP,-24,-24,0.2865036808712121
february_2022,22,3.0,RTOLCAP,-24,0,0.2958798687394781
february_2022,22,3.0,RTOLCAP,-24,24,0.3320358860930736
february_2022,22,3.0,RTOLCAP,0,-24,0.24961167613636362
february_2022,22,3.0,RTOLCAP,0,0,0.26824150252525253
february_2022,22,3.0,RTOLCAP,0,24,0.3150299171401515
february_2022,22,3.0,RTOLCAP,24,-24,0.27877221748737374
february_2022,22,3.0,RTOLCAP,24,0,0.2947693651357323
february_2022,22,3.0,RTOLCAP,24,24,0.34560989015151516
february_2022,22,0.0,RTOLCAP+RTOFFCAP,-24,-24,0.05506000284090909
february_2022,22,0.0,RTOLCAP+RTOFFCAP,-24,0,0.05028162378998316
february_2022,22,0.0,RTOLCAP+RTOFFCAP,-24,24,0.06483120242604618
february_2022,22,0.0,RTOLCAP+RTOFFCAP,0,-24,0.0537489015151515
february_2022,22,0.0,RTOLCAP+RTOFFCAP,0,0,0.048277066919191924
february_2022,22,0.0,RTOLCAP+RTOFFCAP,0,24,0.06558566813973064
february_2022,22,0.0,RTOLCAP+RTOFFCAP,24,-24,0.07166520202020202
february_2022,22,0.0,RTOLCAP+RTOFFCAP,24,0,0.0603463336489899
february_2022,22,0.0,RTOLCAP+RTOFFCAP,24,24,0.07870280176767676
february_2022,22,3.0,RTOLCAP+RTOFFCAP,-24,-24,0.11197704955808081
february_2022,22,3.0,RTOLCAP+RTOFFCAP,-24,0,0.10869106639309764
february_2022,22,3.0,RTOLCAP+RTOFFCAP,-24,24,0.13035917703823954
february_2022,22,3.0,RTOLCAP+RTOFFCAP,0,-24,0.09972886008522724
february_2022,22,3.0,RTOLCAP+RTOFFCAP,0,0,0.09823531818181817
february_2022,22,3.0,RTOLCAP+RTOFFCAP,0,24,0.12525740530303028
february_2022,22,3.0,RTOLCAP+RTOFFCAP,24,-24,0.13179801978114475
february_2022,22,3.0,RTOLCAP+RTOFFCAP,24,0,0.12191380247790404
february_2022,22,3.0,RTOLCAP+RTOFFCAP,24,24,0.14960461016414145
february_2022,23,0.0,PRC,-24,-24,0.6572280513285025
february_2022,23,0.0,PRC,-24,0,0.6618900045289856
february_2022,23,0.0,PRC,-24,24,0.6750193435127674
february_2022,23,0.0,PRC,0,-24,0.6424348671497584
february_2022,23,0.0,PRC,0,0,0.650987847826087
february_2022,23,0.0,PRC,0,24,0.6681224360909821
february_2022,23,0.0,PRC,24,-24,0.6490213113929145
february_2022,23,0.0,PRC,24,0,0.6580659261775362
february_2022,23,0.0,PRC,24,24,0.6772118164251207
february_2022,23,3.0,PRC,-24,-24,0.7876628339371982
february_2022,23,3.0,PRC,-24,0,0.7923247871376813
february_2022,23,3.0,PRC,-24,24,0.805454126121463
february_2022,23,3.0,PRC,0,-24,0.7728696497584542
february_2022,23,3.0,PRC,0,0,0.7814226304347826
february_2022,23,3.0,PRC,0,24,0.7985572186996779
february_2022,23,3.0,PRC,24,-24,0.7794560940016102
february_2022,23,3.0,PRC,24,0,0.7885007087862319
february_2022,23,3.0,PRC,24,24,0.8076465990338164
february_2022,23,0.0,RTOLCAP,-24,-24,0.197809407910628
february_2022,23,0.0,RTOLCAP,-24,0,0.2061046195652174
february_2022,23,0.0,RTOLCAP,-24,24,0.23925354835231197
february_2022,23,0.0,RTOLCAP,0,-24,0.16520113602053138
february_2022,23,0.0,RTOLCAP,0,0,0.18167704438405796
february_2022,23,0.0,RTOLCAP,0,24,0.2244220571658615
february_2022,23,0.0,RTOLCAP,24,-24,0.19452786634460548
february_2022,23,0.0,RTOLCAP,24,0,0.20779106921799514
february_2022,23,0.0,RTOLCAP,24,24,0.25386227958937196
february_2022,23,3.0,RTOLCAP,-24,-24,0.3136086881038647
february_2022,23,3.0,RTOLCAP,-24,0,0.3230545506239936
february_2022,23,3.0,RTOLCAP,-24,24,0.3581298867753623
february_2022,23,3.0,RTOLCAP,0,-24,0.27734154060990335
february_2022,23,3.0,RTOLCAP,0,0,0.2959300051328502
february_2022,23,3.0,RTOLCAP,0,24,0.34137198822463766
february_2022,23,3.0,RTOLCAP,24,-24,0.3042975125805153
february_2022,23,3.0,RTOLCAP,24,0,0.32079410024154587
february_2022,23,3.0,RTOLCAP,24,24,0.3703516609299517
february_2022,23,0.0,RTOLCAP+RTOFFCAP,-24,-24,0.06914300150966182
february_2022,23,0.0,RTOLCAP+RTOFFCAP,-24,0,0.06411681536835749
february_2022,23,0.0,RTOLCAP+RTOFFCAP,-24,24,0.0802271562284334
february_2022,23,0.0,RTOLCAP+RTOFFCAP,0,-24,0.06467898324275363
february_2022,23,0.0,RTOLCAP+RTOFFCAP,0,0,0.05954036352657004
february_2022,23,0.0,RTOLCAP+RTOFFCAP,0,24,0.07909850317028984
february_2022,23,0.0,RTOLCAP+RTOFFCAP,24,-24,0.08613487016908211
february_2022,23,0.0,RTOLCAP+RTOFFCAP,24,0,0.07434762379227053
february_2022,23,0.0,RTOLCAP+RTOFFCAP,24,24,0.0948559393115942
february_2022,23,3.0,RTOLCAP+RTOFFCAP,-24,-24,0.12952346195652173
february_2022,23,3.0,RTOLCAP+RTOFFCAP,-24,0,0.1281071671195652
february_2022,23,3.0,RTOLCAP+RTOFFCAP,-24,24,0.1508367779503105
february_2022,23,3.0,RTOLCAP+RTOFFCAP,0,-24,0.11419216749698068
february_2022,23,3.0,RTOLCAP+RTOFFCAP,0,0,0.11555887258454105
february_2022,23,3.0,RTOLCAP+RTOFFCAP,0,24,0.14416813430958134
february_2022,23,3.0,RTOLCAP+RTOFFCAP,24,-24,0.1501254277375201
february_2022,23,3.0,RTOLCAP+RTOFFCAP,24,0,0.14285049403683575
february_2022,23,3.0,RTOLCAP+RTOFFCAP,24,24,0.1717232838164251
february_2022,24,0.0,PRC,-24,-24,0.6715102158564815
february_2022,24,0.0,PRC,-24,0,0.6759779210069445
february_2022,24,0.0,PRC,-24,24,0.6885602041997354
february_2022,24,0.0,PRC,0,-24,0.6573334143518519
february_2022,24,0.0,PRC,0,0,0.6655300208333333
february_2022,24,0.0,PRC,0,24,0.6819506679205245
february_2022,24,0.0,PRC,24,-24,0.6636454234182098
february_2022,24,0.0,PRC,24,0,0.6723131792534722
february_2022,24,0.0,PRC,24,24,0.6906613240740741
february_2022,24,3.0,PRC,-24,-24,0.7965102158564815
february_2022,24,3.0,PRC,-24,0,0.8009779210069444
february_2022,24,3.0,PRC,-24,24,0.8135602041997354
february_2022,24,3.0,PRC,0,-24,0.7823334143518519
february_2022,24,3.0,PRC,0,0,0.7905300208333333
february_2022,24,3.0,PRC,0,24,0.8069506679205245
february_2022,24,3.0,PRC,24,-24,0.7886454234182098
february_2022,24,3.0,PRC,24,0,0.7973131792534722
february_2022,24,3.0,PRC,24,24,0.8156613240740741
february_2022,24,0.0,RTOLCAP,-24,-24,0.2253719409722222
february_2022,24,0.0,RTOLCAP,-24,0,0.23369787302276238
february_2022,24,0.0,RTOLCAP,-24,24,0.2662492708333333
february_2022,24,0.0,RTOLCAP,0,-24,0.1926568283420139
february_2022,24,0.0,RTOLCAP,0,0,0.2091909693287037
february_2022,24,0.0,RTOLCAP,0,24,0.25125208405671295
february_2022,24,0.0,RTOLCAP,24,-24,0.22008799720293212
february_2022,24,0.0,RTOLCAP,24,0,0.23389788122106478
february_2022,24,0.0,RTOLCAP,24,24,0.2794298365162036
february_2022,24,3.0,RTOLCAP,-24,-24,0.33896211429398154
february_2022,24,3.0,RTOLCAP,-24,0,0.34851332947530855
february_2022,24,3.0,RTOLCAP,-24,24,0.38251966207837296
february_2022,24,3.0,RTOLCAP,0,-24,0.3033945449942129
february_2022,24,3.0,RTOLCAP,0,0,0.32196951707175925
february_2022,24,3.0,RTOLCAP,0,24,0.3660675405092592
february_2022,24,3.0,RTOLCAP,24,-24,0.3283531042631173
february_2022,24,3.0,RTOLCAP,24,0,0.345332179542824
february_2022,24,3.0,RTOLCAP,24,24,0.39357727517361113
february_2022,24,0.0,RTOLCAP+RTOFFCAP,-24,-24,0.0836397583912037
february_2022,24,0.0,RTOLCAP+RTOFFCAP,-24,0,0.07945707007137345
february_2022,24,0.0,RTOLCAP+RTOFFCAP,-24,24,0.09714132357804232
february_2022,24,0.0,RTOLCAP+RTOFFCAP,0,-24,0.07587716218171295
february_2022,24,0.0,RTOLCAP+RTOFFCAP,0,0,0.07241045543981481
february_2022,24,0.0,RTOLCAP+RTOFFCAP,0,24,0.09421652030285495
february_2022,24,0.0,RTOLCAP+RTOFFCAP,24,-24,0.10075232060185182
february_2022,24,0.0,RTOLCAP+RTOFFCAP,24,0,0.09020014756944443
february_2022,24,0.0,RTOLCAP+RTOFFCAP,24,24,0.11280948697916666
february_2022,24,3.0,RTOLCAP+RTOFFCAP,-24,-24,0.15114591753472223
february_2022,24,3.0,RTOLCAP+RTOFFCAP,-24,0,0.15088641300154318
february_2022,24,3.0,RTOLCAP+RTOFFCAP,-24,24,0.17426031932043648
february_2022,24,3.0,RTOLCAP+RTOFFCAP,0,-24,0.13313857241030091
february_2022,24,3.0,RTOLCAP+RTOFFCAP,0,0,0.13642863599537036
february_2022,24,3.0,RTOLCAP+RTOFFCAP,0,24,0.16610782286844133
february_2022,24,3.0,RTOLCAP+RTOFFCAP,24,-24,0.1726452367862654
february_2022,24,3.0,RTOLCAP+RTOFFCAP,24,0,0.1668811501736111
february_2022,24,3.0,RTOLCAP+RTOFFCAP,24,24,0.19640567158564812
february_2022,25,0.0,PRC,-24,-24,0.6846498072222222
february_2022,25,0.0,PRC,-24,0,0.6889388041666668
february_2022,25,0.0,PRC,-24,24,0.701017796031746
february_2022,25,0.0,PRC,0,-24,0.6710400777777779
february_2022,25,0.0,PRC,0,0,0.6789088200000001
february_2022,25,0.0,PRC,0,24,0.6946726412037035
february_2022,25,0.0,PRC,24,-24,0.6770996064814814
february_2022,25,0.0,PRC,24,0,0.6854206520833334
february_2022,25,0.0,PRC,24,24,0.7030348711111111
february_2022,25,3.0,PRC,-24,-24,0.8046498072222222
february_2022,25,3.0,PRC,-24,0,0.8089388041666667
february_2022,25,3.0,PRC,-24,24,0.821017796031746
february_2022,25,3.0,PRC,0,-24,0.7910400777777779
february_2022,25,3.0,PRC,0,0,0.79890882
february_2022,25,3.0,PRC,0,24,0.8146726412037036
february_2022,25,3.0,PRC,24,-24,0.7970996064814814
february_2022,25,3.0,PRC,24,0,0.8054206520833334
february_2022,25,3.0,PRC,24,24,0.8230348711111111
february_2022,25,0.0,RTOLCAP,-24,-24,0.2521232391666666
february_2022,25,0.0,RTOLCAP,-24,0,0.26037428449074074
february_2022,25,0.0,RTOLCAP,-24,24,0.29219157976190474
february_2022,25,0.0,RTOLCAP,0,-24,0.219658275
february_2022,25,0.0,RTOLCAP,0,0,0.23605252222222223
february_2022,25,0.0,RTOLCAP,0,24,0.2772263270833333
february_2022,25,0.0,RTOLCAP,24,-24,0.2453195513888889
february_2022,25,0.0,RTOLCAP,24,0,0.25939704131944447
february_2022,25,0.0,RTOLCAP,24,24,0.3041367033333333
february_2022,25,3.0,RTOLCAP,-24,-24,0.3631687627777777
february_2022,25,3.0,RTOLCAP,-24,0,0.3727104071759259
february_2022,25,3.0,RTOLCAP,-24,24,0.4056225420634921
february_2022,25,3.0,RTOLCAP,0,-24,0.3284651795138888
february_2022,25,3.0,RTOLCAP,0,0,0.34685586944444446
february_2022,25,3.0,RTOLCAP,0,24,0.38956244976851845
february_2022,25,3.0,RTOLCAP,24,-24,0.3515624050925926
february_2022,25,3.0,RTOLCAP,24,0,0.36877646111111106
february_2022,25,3.0,RTOLCAP,24,24,0.4156402391666666
february_2022,25,0.0,RTOLCAP+RTOFFCAP,-24,-24,0.09853980361111112
february_2022,25,0.0,RTOLCAP+RTOFFCAP,-24,0,0.09564813842592593
february_2022,25,0.0,RTOLCAP+RTOFFCAP,-24,24,0.11471607579365078
february_2022,25,0.0,RTOLCAP+RTOFFCAP,0,-24,0.08776139687499998
february_2022,25,0.0,RTOLCAP+RTOFFCAP,0,0,0.08644708
february_2022,25,0.0,RTOLCAP+RTOFFCAP,0,24,0.11022651666666666
february_2022,25,0.0,RTOLCAP+RTOFFCAP,24,-24,0.11598225740740739
february_2022,25,0.0,RTOLCAP+RTOFFCAP,24,0,0.10728414618055555
february_2022,25,0.0,RTOLCAP+RTOFFCAP,24,24,0.13165205694444446
february_2022,25,3.0,RTOLCAP+RTOFFCAP,-24,-24,0.17513711111111108
february_2022,25,3.0,RTOLCAP+RTOFFCAP,-24,0,0.17545159120370368
february_2022,25,3.0,RTOLCAP+RTOFFCAP,-24,24,0.19923259166666665
february_2022,25,3.0,RTOLCAP+RTOFFCAP,0,-24,0.1553593173611111
february_2022,25,3.0,RTOLCAP+RTOFFCAP,0,0,0.1596922522222222
february_2022,25,3.0,RTOLCAP+RTOFFCAP,0,24,0.19006330925925927
february_2022,25,3.0,RTOLCAP+RTOFFCAP,24,-24,0.19654271805555554
february_2022,25,3.0,RTOLCAP+RTOFFCAP,24,0,0.1916630364583333
february_2022,25,3.0,RTOLCAP+RTOFFCAP,24,24,0.22171414805555553
july_2022,1,0.0,PRC,-24,-24,0.0
july_2022,1,0.0,PRC,-24,0,0.0
july_2022,1,0.0,PRC,-24,24,0.0
july_2022,1,0.0,PRC,0,-24,0.0
july_2022,1,0.0,PRC,0,0,0.0
july_2022,1,0.0,PRC,0,24,0.0
july_2022,1,0.0,PRC,24,-24,0.0
july_2022,1,0.0,PRC,24,0,0.0
july_2022,1,0.0,PRC,24,24,0.0
july_2022,1,3.0,PRC,-24,-24,0.23404460416666667
july_2022,1,3.0,PRC,-24,0,0.1950949537037037
july_2022,1,3.0,PRC,-24,24,0.18432570436507933
july_2022,1,3.0,PRC,0,-24,0.21812203993055554
july_2022,1,3.0,PRC,0,0,0.17456697222222223
july_2022,1,3.0,PRC,0,24,0.16542417824074074
july_2022,1,3.0,PRC,24,-24,0.2053737037037037
july_2022,1,3.0,PRC,24,0,0.15411695312499998
july_2022,1,3.0,PRC,24,24,0.14723560416666667
july_2022,1,0.0,RTOLCAP,-24,-24,0.0
july_2022,1,0.0,RTOLCAP,-24,0,0.0
july_2022,1,0.0,RTOLCAP,-24,24,0.0
july_2022,1,0.0,RTOLCAP,0,-24,0.0
july_2022,1,0.0,RTOLCAP,0,0,0.0
july_2022,1,0.0,RTOLCAP,0,24,0.0
july_2022,1,0.0,RTOLCAP,24,-24,0.0
july_2022,1,0.0,RTOLCAP,24,0,0.0
july_2022,1,0.0,RTOLCAP,24,24,0.0
july_2022,1,3.0,RTOLCAP,-24,-24,0.013894208333333331
july_2022,1,3.0,RTOLCAP,-24,0,0.011578506944444443
july_2022,1,3.0,RTOLCAP,-24,24,0.009924434523809523
july_2022,1,3.0,RTOLCAP,0,-24,0.014227769097222221
july_2022,1,3.0,RTOLCAP,0,0,0.011382215277777778
july_2022,1,3.0,RTOLCAP,0,24,0.009485179398148148
july_2022,1,3.0,RTOLCAP,24,-24,0.018970358796296296
july_2022,1,3.0,RTOLCAP,24,0,0.014227769097222221
july_2022,1,3.0,RTOLCAP,24,24,0.011382215277777778
july_2022,1,0.0,RTOLCAP+RTOFFCAP,-24,-24,0.0
july_2022,1,0.0,RTOLCAP+RTOFFCAP,-24,0,0.0
july_2022,1,0.0,RTOLCAP+RTOFFCAP,-24,24,0.0
july_2022,1,0.0,RTOLCAP+RTOFFCAP,0,-24,0.0
july_2022,1,0.0,RTOLCAP+RTOFFCAP,0,0,0.0
july_2022,1,0.0,RTOLCAP+RTOFFCAP,0,24,0.0
july_2022,1,0.0,RTOLCAP+RTOFFCAP,24,-24,0.0
july_2022,1,0.0,RTOLCAP+RTOFFCAP,24,0,0.0
july_2022,1,0.0,RTOLCAP+RTOFFCAP,24,24,0.0
july_2022,1,3.0,RTOLCAP+RTOFFCAP,-24,-24,0.01285342361111111
july_2022,1,3.0,RTOLCAP+RTOFFCAP,-24,0,0.010711186342592592
july_2022,1,3.0,RTOLCAP+RTOFFCAP,-24,24,0.009181016865079366
july_2022,1,3.0,RTOLCAP+RTOFFCAP,0,-24,0.013981475694444443
july_2022,1,3.0,RTOLCAP+RTOFFCAP,0,0,0.011185180555555554
july_2022,1,3.0,RTOLCAP+RTOFFCAP,0,24,0.009320983796296296
july_2022,1,3.0,RTOLCAP+RTOFFCAP,24,-24,0.018641967592592592
july_2022,1,3.0,RTOLCAP+RTOFFCAP,24,0,0.013981475694444443
july_2022,1,3.0,RTOLCAP+RTOFFCAP,24,24,0.011185180555555554
july_2022,2,0.0,PRC,-24,-24,0.0
july_2022,2,0.0,PRC,-24,0,0.0
july_2022,2,0.0,PRC,-24,24,0.0
july_2022,2,0.0,PRC,0,-24,0.0
july_2022,2,0.0,PRC,0,0,0.0
july_2022,2,0.0,PRC,0,24,0.0
july_2022,2,0.0,PRC,24,-24,0.0
july_2022,2,0.0,PRC,24,0,0.0
july_2022,2,0.0,PRC,24,24,0.0
july_2022,2,3.0,PRC,-24,-24,0.40467906770833334
july_2022,2,3.0,PRC,-24,0,0.35027777633101853
july_2022,2,3.0,PRC,-24,24,0.3431477790178572
july_2022,2,3.0,PRC,0,-24,0.39598495876736106
july_2022,2,3.0,PRC,0,0,0.33244223090277775
july_2022,2,3.0,PRC,0,24,0.3270964916087963
july_2022,2,3.0,PRC,24,-24,0.39086881655092587
july_2022,2,3.0,PRC,24,0,0.31271944227430554
july_2022,2,3.0,PRC,24,24,0.31024911284722223
july_2022,2,0.0,RTOLCAP,-24,-24,0.0
july_2022,2,0.0,RTOLCAP,-24,0,0.0
july_2022,2,0.0,RTOLCAP,-24,24,0.0
july_2022,2,0.0,RTOLCAP,0,-24,0.0
july_2022,2,0.0,RTOLCAP,0,0,0.0
july_2022,2,0.0,RTOLCAP,0,24,0.0
july_2022,2,0.0,RTOLCAP,24,-24,0.0
july_2022,2,0.0,RTOLCAP,24,0,0.0
july_2022,2,0.0,RTOLCAP,24,24,0.0
july_2022,2,3.0,RTOLCAP,-24,-24,0.038973791666666674
july_2022,2,3.0,RTOLCAP,-24,0,0.03247815972222222
july_2022,2,3.0,RTOLCAP,-24,24,0.027838422619047617
july_2022,2,3.0,RTOLCAP,0,-24,0.03734059461805555
july_2022,2,3.0,RTOLCAP,0,0,0.02987247569444444
july_2022,2,3.0,RTOLCAP,0,24,0.024893729745370366
july_2022,2,3.0,RTOLCAP,24,-24,0.04809952546296296
july_2022,2,3.0,RTOLCAP,24,0,0.03607464409722221
july_2022,2,3.0,RTOLCAP,24,24,0.028859715277777774
july_2022,2,0.0,RTOLCAP+RTOFFCAP,-24,-24,0.0
july_2022,2,0.0,RTOLCAP+RTOFFCAP,-24,0,0.0
july_2022,2,0.0,RTOLCAP+RTOFFCAP,-24,24,0.0
july_2022,2,0.0,RTOLCAP+RTOFFCAP,0,-24,0.0
july_2022,2,0.0,RTOLCAP+RTOFFCAP,0,0,0.0
july_2022,2,0.0,RTOLCAP+RTOFFCAP,0,24,0.0
july_2022,2,0.0,RTOLCAP+RTOFFCAP,24,-24,0.0
july_2022,2,0.0,RTOLCAP+RTOFFCAP,24,0,0.0
july_2022,2,0.0,RTOLCAP+RTOFFCAP,24,24,0.0
july_2022,2,3.0,RTOLCAP+RTOFFCAP,-24,-24,0.029671711805555553
july_2022,2,3.0,RTOLCAP+RTOFFCAP,-24,0,0.024726426504629626
july_2022,2,3.0,RTOLCAP+RTOFFCAP,-24,24,0.02119407986111111
july_2022,2,3.0,RTOLCAP+RTOFFCAP,0,-24,0.028929327256944443
july_2022,2,3.0,RTOLCAP+RTOFFCAP,0,0,0.023143461805555553
july_2022,2,3.0,RTOLCAP+RTOFFCAP,0,24,0.019286218171296294
july_2022,2,3.0,RTOLCAP+RTOFFCAP,24,-24,0.03717993634259259
july_2022,2,3.0,RTOLCAP+RTOFFCAP,24,0,0.02788495225694444
july_2022,2,3.0,RTOLCAP+RTOFFCAP,24,24,0.02230796180555555
july_2022,3,0.0,PRC,-24,-24,0.0030097013888888886
july_2022,3,0.0,PRC,-24,0,0.0025080844907407404
july_2022,3,0.0,PRC,-24,24,0.002149786706349206
july_2022,3,0.0,PRC,0,-24,0.0035560792824074067
july_2022,3,0.0,PRC,0,0,0.0028448634259259256
july_2022,3,0.0,PRC,0,24,0.002370719521604938
july_2022,3,0.0,PRC,24,-24,0.004462453703703703
july_2022,3,0.0,PRC,24,0,0.0033468402777777776
july_2022,3,0.0,PRC,24,24,0.002677472222222222
july_2022,3,3.0,PRC,-24,-24,0.5222638020833333
july_2022,3,3.0,PRC,-24,0,0.4692441888503086
july_2022,3,3.0,PRC,-24,24,0.4668887954695768
july_2022,3,3.0,PRC,0,-24,0.5277704730902777
july_2022,3,3.0,PRC,0,0,0.4630456030092593
july_2022,3,3.0,PRC,0,24,0.46133074170524696
july_2022,3,3.0,PRC,24,-24,0.5177729494598764
july_2022,3,3.0,PRC,24,0,0.4393662427662037
july_2022,3,3.0,PRC,24,24,0.44204428124999995
july_2022,3,0.0,RTOLCAP,-24,-24,8.896527777777765e-05
july_2022,3,0.0,RTOLCAP,-24,0,7.413773148148137e-05
july_2022,3,0.0,RTOLCAP,-24,24,6.35466269841269e-05
july_2022,3,0.0,RTOLCAP,0,-24,0.00011120659722222207
july_2022,3,0.0,RTOLCAP,0,0,8.896527777777765e-05
july_2022,3,0.0,RTOLCAP,0,24,7.413773148148137e-05
july_2022,3,0.0,RTOLCAP,24,-24,0.00014827546296296274
july_2022,3,0.0,RTOLCAP,24,0,0.00011120659722222207
july_2022,3,0.0,RTOLCAP,24,24,8.896527777777765e-05
july_2022,3,3.0,RTOLCAP,-24,-24,0.09002075925925926
july_2022,3,3.0,RTOLCAP,-24,0,0.07501729938271605
july_2022,3,3.0,RTOLCAP,-24,24,0.06430054232804233
july_2022,3,3.0,RTOLCAP,0,-24,0.08280015914351851
july_2022,3,3.0,RTOLCAP,0,0,0.06624012731481481
july_2022,3,3.0,RTOLCAP,0,24,0.055200106095679005
july_2022,3,3.0,RTOLCAP,24,-24,0.08947627314814814
july_2022,3,3.0,RTOLCAP,24,0,0.06710720486111112
july_2022,3,3.0,RTOLCAP,24,24,0.05368576388888888
july_2022,3,0.0,RTOLCAP+RTOFFCAP,-24,-24,8.896527777777765e-05
july_2022,3,0.0,RTOLCAP+RTOFFCAP,-24,0,7.413773148148137e-05
july_2022,3,0.0,RTOLCAP+RTOFFCAP,-24,24,6.35466269841269e-05
july_2022,3,0.0,RTOLCAP+RTOFFCAP,0,-24,0.00011120659722222207
july_2022,3,0.0,RTOLCAP+RTOFFCAP,0,0,8.896527777777765e-05
july_2022,3,0.0,RTOLCAP+RTOFFCAP,0,24,7.413773148148137e-05
july_2022,3,0.0,RTOLCAP+RTOFFCAP,24,-24,0.00014827546296296274
july_2022,3,0.0,RTOLCAP+RTOFFCAP,24,0,0.00011120659722222207
july_2022,3,0.0,RTOLCAP+RTOFFCAP,24,24,8.896527777777765e-05
july_2022,3,3.0,RTOLCAP+RTOFFCAP,-24,-24,0.06539684259259258
july_2022,3,3.0,RTOLCAP+RTOFFCAP,-24,0,0.05449736882716049
july_2022,3,3.0,RTOLCAP+RTOFFCAP,-24,24,0.04671203042328042
july_2022,3,3.0,RTOLCAP+RTOFFCAP,0,-24,0.06030610243055556
july_2022,3,3.0,RTOLCAP+RTOFFCAP,0,0,0.04824488194444445
july_2022,3,3.0,RTOLCAP+RTOFFCAP,0,24,0.04020406828703704
july_2022,3,3.0,RTOLCAP+RTOFFCAP,24,-24,0.061148699845679014
july_2022,3,3.0,RTOLCAP+RTOFFCAP,24,0,0.045861524884259264
july_2022,3,3.0,RTOLCAP+RTOFFCAP,24,24,0.0366892199074074
july_2022,4,0.0,PRC,-24,-24,0.06076842708333333
july_2022,4,0.0,PRC,-24,0,0.05065480179398148
july_2022,4,0.0,PRC,-24,24,0.047693766121031746
july_2022,4,0.0,PRC,0,-24,0.05719756944444445
july_2022,4,0.0,PRC,0,0,0.045775390625
july_2022,4,0.0,PRC,0,24,0.043134084201388895
july_2022,4,0.0,PRC,24,-24,0.0546902662037037
july_2022,4,0.0,PRC,24,0,0.04103936848958333
july_2022,4,0.0,PRC,24,24,0.03881700520833333
july_2022,4,3.0,PRC,-24,-24,0.6134343463541666
july_2022,4,3.0,PRC,-24,0,0.5741113476562499
july_2022,4,3.0,PRC,-24,24,0.5727821781994048
july_2022,4,3.0,PRC,0,-24,0.6211073535156248
july_2022,4,3.0,PRC,0,0,0.5723851536458333
july_2022,4,3.0,PRC,0,24,0.5711221549479166
july_2022,4,3.0,PRC,24,-24,0.6053690436921296
july_2022,4,3.0,PRC,24,0,0.5484008713107639
july_2022,4,3.0,PRC,24,24,0.5516821293402777
july_2022,4,0.0,RTOLCAP,-24,-24,0.003540276041666666
july_2022,4,0.0,RTOLCAP,-24,0,0.0029502300347222224
july_2022,4,0.0,RTOLCAP,-24,24,0.002528768601190476
july_2022,4,0.0,RTOLCAP,0,-24,0.0036403472222222223
july_2022,4,0.0,RTOLCAP,0,0,0.002912277777777778
july_2022,4,0.0,RTOLCAP,0,24,0.0024268981481481485
july_2022,4,0.0,RTOLCAP,24,-24,0.004853796296296297
july_2022,4,0.0,RTOLCAP,24,0,0.0036403472222222223
july_2022,4,0.0,RTOLCAP,24,24,0.002912277777777778
july_2022,4,3.0,RTOLCAP,-24,-24,0.14543167187499997
july_2022,4,3.0,RTOLCAP,-24,0,0.12119305989583333
july_2022,4,3.0,RTOLCAP,-24,24,0.10444134052579364
july_2022,4,3.0,RTOLCAP,0,-24,0.13316821397569442
july_2022,4,3.0,RTOLCAP,0,0,0.10653457118055555
july_2022,4,3.0,RTOLCAP,0,24,0.08943398003472221
july_2022,4,3.0,RTOLCAP,24,-24,0.13538174768518518
july_2022,4,3.0,RTOLCAP,24,0,0.1015363107638889
july_2022,4,3.0,RTOLCAP,24,24,0.08201525347222222
july_2022,4,0.0,RTOLCAP+RTOFFCAP,-24,-24,0.0032800798611111103
july_2022,4,0.0,RTOLCAP+RTOFFCAP,-24,0,0.0027333998842592596
july_2022,4,0.0,RTOLCAP+RTOFFCAP,-24,24,0.002342914186507937
july_2022,4,0.0,RTOLCAP+RTOFFCAP,0,-24,0.003578773871527778
july_2022,4,0.0,RTOLCAP+RTOFFCAP,0,0,0.0028630190972222225
july_2022,4,0.0,RTOLCAP+RTOFFCAP,0,24,0.002385849247685185
july_2022,4,0.0,RTOLCAP+RTOFFCAP,24,-24,0.00477169849537037
july_2022,4,0.0,RTOLCAP+RTOFFCAP,24,0,0.003578773871527778
july_2022,4,0.0,RTOLCAP+RTOFFCAP,24,24,0.0028630190972222225
july_2022,4,3.0,RTOLCAP+RTOFFCAP,-24,-24,0.10809469791666665
july_2022,4,3.0,RTOLCAP+RTOFFCAP,-24,0,0.09007891493055555
july_2022,4,3.0,RTOLCAP+RTOFFCAP,-24,24,0.07721049851190477
july_2022,4,3.0,RTOLCAP+RTOFFCAP,0,-24,0.10052539496527776
july_2022,4,3.0,RTOLCAP+RTOFFCAP,0,0,0.08042031597222221
july_2022,4,3.0,RTOLCAP+RTOFFCAP,0,24,0.06701692997685185
july_2022,4,3.0,RTOLCAP+RTOFFCAP,24,-24,0.09526210937500001
july_2022,4,3.0,RTOLCAP+RTOFFCAP,24,0,0.07144658203125001
july_2022,4,3.0,RTOLCAP+RTOFFCAP,24,24,0.05715726562500001
july_2022,5,0.0,PRC,-24,-24,0.16367744791666666
july_2022,5,0.0,PRC,-24,0,0.14161596122685186
july_2022,5,0.0,PRC,-24,24,0.13854898363095236
july_2022,5,0.0,PRC,0,-24,0.16052763107638887
july_2022,5,0.0,PRC,0,0,0.1346838104166667
july_2022,5,0.0,PRC,0,24,0.13226102835648149
july_2022,5,0.0,PRC,24,-24,0.15902499884259258
july_2022,5,0.0,PRC,24,0,0.12709588107638892
july_2022,5,0.0,PRC,24,24,0.1257061284722222
july_2022,5,3.0,PRC,-24,-24,0.6889857479166667
july_2022,5,3.0,PRC,-24,0,0.6577355491898149
july_2022,5,3.0,PRC,-24,24,0.656894146329365
july_2022,5,3.0,PRC,0,-24,0.6946837213541665
july_2022,5,3.0,PRC,0,0,0.6560438881944443
july_2022,5,3.0,PRC,0,24,0.6553441950231482
july_2022,5,3.0,PRC,24,-24,0.6813590196759259
july_2022,5,3.0,PRC,24,0,0.6363904036458332
july_2022,5,3.0,PRC,24,24,0.6394814687499999
july_2022,5,0.0,RTOLCAP,-24,-24,0.015642895833333333
july_2022,5,0.0,RTOLCAP,-24,0,0.013035746527777777
july_2022,5,0.0,RTOLCAP,-24,24,0.011173497023809523
july_2022,5,0.0,RTOLCAP,0,-24,0.015002961805555555
july_2022,5,0.0,RTOLCAP,0,0,0.012002369444444444
july_2022,5,0.0,RTOLCAP,0,24,0.010001974537037037
july_2022,5,0.0,RTOLCAP,24,-24,0.019328775462962963
july_2022,5,0.0,RTOLCAP,24,0,0.014496581597222221
july_2022,5,0.0,RTOLCAP,24,24,0.011597265277777777
july_2022,5,3.0,RTOLCAP,-24,-24,0.19175587777777778
july_2022,5,3.0,RTOLCAP,-24,0,0.15979656481481477
july_2022,5,3.0,RTOLCAP,-24,24,0.1422436111111111
july_2022,5,3.0,RTOLCAP,0,-24,0.1763636284722222
july_2022,5,3.0,RTOLCAP,0,0,0.14109090277777775
july_2022,5,3.0,RTOLCAP,0,24,0.12373006712962963
july_2022,5,3.0,RTOLCAP,24,-24,0.1774637337962963
july_2022,5,3.0,RTOLCAP,24,0,0.1330978003472222
july_2022,5,3.0,RTOLCAP,24,24,0.11386341805555554
july_2022,5,0.0,RTOLCAP+RTOFFCAP,-24,-24,0.011922063888888888
july_2022,5,0.0,RTOLCAP+RTOFFCAP,-24,0,0.009935053240740739
july_2022,5,0.0,RTOLCAP+RTOFFCAP,-24,24,0.008515759920634918
july_2022,5,0.0,RTOLCAP+RTOFFCAP,0,-24,0.011638454861111109
july_2022,5,0.0,RTOLCAP+RTOFFCAP,0,0,0.009310763888888888
july_2022,5,0.0,RTOLCAP+RTOFFCAP,0,24,0.007758969907407405
july_2022,5,0.0,RTOLCAP+RTOFFCAP,24,-24,0.014960939814814816
july_2022,5,0.0,RTOLCAP+RTOFFCAP,24,0,0.011220704861111108
july_2022,5,0.0,RTOLCAP+RTOFFCAP,24,24,0.008976563888888888
july_2022,5,3.0,RTOLCAP+RTOFFCAP,-24,-24,0.1469580027777778
july_2022,5,3.0,RTOLCAP+RTOFFCAP,-24,0,0.12246500231481482
july_2022,5,3.0,RTOLCAP+RTOFFCAP,-24,24,0.10497000198412697
july_2022,5,3.0,RTOLCAP+RTOFFCAP,0,-24,0.1375183333333333
july_2022,5,3.0,RTOLCAP+RTOFFCAP,0,0,0.11001466666666668
july_2022,5,3.0,RTOLCAP+RTOFFCAP,0,24,0.09167888888888888
july_2022,5,3.0,RTOLCAP+RTOFFCAP,24,-24,0.13058434490740742
july_2022,5,3.0,RTOLCAP+RTOFFCAP,24,0,0.09793825868055553
july_2022,5,3.0,RTOLCAP+RTOFFCAP,24,24,0.07835060694444444
july_2022,6,0.0,PRC,-24,-24,0.2626367517361111
july_2022,6,0.0,PRC,-24,0,0.2358761366705247
july_2022,6,0.0,PRC,-24,24,0.234519291087963
july_2022,6,0.0,PRC,0,-24,0.26566327618634256
july_2022,6,0.0,PRC,0,0,0.23294523321759258
july_2022,6,0.0,PRC,0,24,0.23185073061342593
july_2022,6,0.0,PRC,24,-24,0.2611177015817901
july_2022,6,0.0,PRC,24,0,0.22135654152199075
july_2022,6,0.0,PRC,24,24,0.2223608767361111
july_2022,6,3.0,PRC,-24,-24,0.7408214565972222
july_2022,6,3.0,PRC,-24,0,0.7147796243248458
july_2022,6,3.0,PRC,-24,24,0.714078455274471
july_2022,6,3.0,PRC,0,-24,0.7455697677951387
july_2022,6,3.0,PRC,0,0,0.7133699068287036
july_2022,6,3.0,PRC,0,24,0.7127868291859568
july_2022,6,3.0,PRC,24,-24,0.7344658497299382
july_2022,6,3.0,PRC,24,0,0.6969920030381943
july_2022,6,3.0,PRC,24,24,0.6995678906250001
july_2022,6,0.0,RTOLCAP,-24,-24,0.045054862268518514
july_2022,6,0.0,RTOLCAP,-24,0,0.03754571855709876
july_2022,6,0.0,RTOLCAP,-24,24,0.03218204447751322
july_2022,6,0.0,RTOLCAP,0,-24,0.041455682870370374
july_2022,6,0.0,RTOLCAP,0,0,0.033164546296296296
july_2022,6,0.0,RTOLCAP,0,24,0.02763712191358025
july_2022,6,0.0,RTOLCAP,24,-24,0.04481227430555556
july_2022,6,0.0,RTOLCAP,24,0,0.03360920572916667
july_2022,6,0.0,RTOLCAP,24,24,0.02688736458333333
july_2022,6,3.0,RTOLCAP,-24,-24,0.23387190856481482
july_2022,6,3.0,RTOLCAP,-24,0,0.19489325713734565
july_2022,6,3.0,RTOLCAP,-24,24,0.1783842749669312
july_2022,6,3.0,RTOLCAP,0,-24,0.21760754774305557
july_2022,6,3.0,RTOLCAP,0,0,0.17408603819444446
july_2022,6,3.0,RTOLCAP,0,24,0.15829342881944444
july_2022,6,3.0,RTOLCAP,24,-24,0.21881923225308642
july_2022,6,3.0,RTOLCAP,24,0,0.1641144241898148
july_2022,6,3.0,RTOLCAP,24,24,0.14715761574074074
july_2022,6,0.0,RTOLCAP+RTOFFCAP,-24,-24,0.03274290393518518
july_2022,6,0.0,RTOLCAP+RTOFFCAP,-24,0,0.027285753279320986
july_2022,6,0.0,RTOLCAP+RTOFFCAP,-24,24,0.02338778852513227
july_2022,6,0.0,RTOLCAP+RTOFFCAP,0,-24,0.03020865451388889
july_2022,6,0.0,RTOLCAP+RTOFFCAP,0,0,0.024166923611111113
july_2022,6,0.0,RTOLCAP+RTOFFCAP,0,24,0.020139103009259262
july_2022,6,0.0,RTOLCAP+RTOFFCAP,24,-24,0.03064848765432099
july_2022,6,0.0,RTOLCAP+RTOFFCAP,24,0,0.022986365740740745
july_2022,6,0.0,RTOLCAP+RTOFFCAP,24,24,0.018389092592592592
july_2022,6,3.0,RTOLCAP+RTOFFCAP,-24,-24,0.1822852037037037
july_2022,6,3.0,RTOLCAP+RTOFFCAP,-24,0,0.1519043364197531
july_2022,6,3.0,RTOLCAP+RTOFFCAP,-24,24,0.13021780092592591
july_2022,6,3.0,RTOLCAP+RTOFFCAP,0,-24,0.17105273148148145
july_2022,6,3.0,RTOLCAP+RTOFFCAP,0,0,0.13684218518518518
july_2022,6,3.0,RTOLCAP+RTOFFCAP,0,24,0.11405158564814813
july_2022,6,3.0,RTOLCAP+RTOFFCAP,24,-24,0.16437673418209878
july_2022,6,3.0,RTOLCAP+RTOFFCAP,24,0,0.12328255063657406
july_2022,6,3.0,RTOLCAP+RTOFFCAP,24,24,0.09864575810185183
july_2022,7,0.0,PRC,-24,-24,0.3518237842261905
july_2022,7,0.0,PRC,-24,0,0.32913852058531745
july_2022,7,0.0,PRC,-24,24,0.32822543898809525
july_2022,7,0.0,PRC,0,-24,0.35644252170138885
july_2022,7,0.0,PRC,0,0,0.3282964578373016
july_2022,7,0.0,PRC,0,24,0.32737153976521166
july_2022,7,0.0,PRC,24,-24,0.3478376479828042
july_2022,7,0.0,PRC,24,0,0.3148062865823413
july_2022,7,0.0,PRC,24,24,0.31639441914682537
july_2022,7,3.0,PRC,-24,-24,0.777846962797619
july_2022,7,3.0,PRC,-24,0,0.7555253922784391
july_2022,7,3.0,PRC,-24,24,0.7549243902352608
july_2022,7,3.0,PRC,0,-24,0.7819169438244046
july_2022,7,3.0,PRC,0,0,0.7543170629960315
july_2022,7,3.0,PRC,0,24,0.7538172821593915
july_2022,7,3.0,PRC,24,-24,0.7723992997685185
july_2022,7,3.0,PRC,24,0,0.7402788597470237
july_2022,7,3.0,PRC,24,24,0.7424867633928571
july_2022,7,0.0,RTOLCAP,-24,-24,0.08314194047619047
july_2022,7,0.0,RTOLCAP,-24,0,0.06928495039682539
july_2022,7,0.0,RTOLCAP,-24,24,0.059708000283446715
july_2022,7,0.0,RTOLCAP,0,-24,0.07614378224206347
july_2022,7,0.0,RTOLCAP,0,0,0.06091502579365078
july_2022,7,0.0,RTOLCAP,0,24,0.051136904761904765
july_2022,7,0.0,RTOLCAP,24,-24,0.07742454530423279
july_2022,7,0.0,RTOLCAP,24,0,0.058068408978174606
july_2022,7,0.0,RTOLCAP,24,24,0.046903987103174595
july_2022,7,3.0,RTOLCAP,-24,-24,0.2720713888888889
july_2022,7,3.0,RTOLCAP,-24,0,0.2268093783068783
july_2022,7,3.0,RTOLCAP,-24,24,0.21192127763605437
july_2022,7,3.0,RTOLCAP,0,-24,0.2561618687996032
july_2022,7,3.0,RTOLCAP,0,0,0.2050293601190476
july_2022,7,3.0,RTOLCAP,0,24,0.19128991236772483
july_2022,7,3.0,RTOLCAP,24,-24,0.25661820767195764
july_2022,7,3.0,RTOLCAP,24,0,0.1925884871031746
july_2022,7,3.0,RTOLCAP,24,24,0.17858932440476188
july_2022,7,0.0,RTOLCAP+RTOFFCAP,-24,-24,0.061806526785714286
july_2022,7,0.0,RTOLCAP+RTOFFCAP,-24,0,0.05150543898809524
july_2022,7,0.0,RTOLCAP+RTOFFCAP,-24,24,0.04414751913265306
july_2022,7,0.0,RTOLCAP+RTOFFCAP,0,-24,0.05749074280753967
july_2022,7,0.0,RTOLCAP+RTOFFCAP,0,0,0.04599259424603175
july_2022,7,0.0,RTOLCAP+RTOFFCAP,0,24,0.03832716187169312
july_2022,7,0.0,RTOLCAP+RTOFFCAP,24,-24,0.054499037698412696
july_2022,7,0.0,RTOLCAP+RTOFFCAP,24,0,0.040874278273809524
july_2022,7,0.0,RTOLCAP+RTOFFCAP,24,24,0.032699422619047624
july_2022,7,3.0,RTOLCAP+RTOFFCAP,-24,-24,0.21425980853174603
july_2022,7,3.0,RTOLCAP+RTOFFCAP,-24,0,0.1785498404431217
july_2022,7,3.0,RTOLCAP+RTOFFCAP,-24,24,0.15489551091269838
july_2022,7,3.0,RTOLCAP+RTOFFCAP,0,-24,0.2022165935019841
july_2022,7,3.0,RTOLCAP+RTOFFCAP,0,0,0.16177327480158732
july_2022,7,3.0,RTOLCAP+RTOFFCAP,0,24,0.13697265128968253
july_2022,7,3.0,RTOLCAP+RTOFFCAP,24,-24,0.1972205720899471
july_2022,7,3.0,RTOLCAP+RTOFFCAP,24,0,0.14791542906746033
july_2022,7,3.0,RTOLCAP+RTOFFCAP,24,24,0.12092624999999999
july_2022,8,0.0,PRC,-24,-24,0.43174473046874995
july_2022,8,0.0,PRC,-24,0,0.41202524992766204
july_2022,8,0.0,PRC,-24,24,0.4113650114707341
july_2022,8,0.0,PRC,0,-24,0.4355108555772569
july_2022,8,0.0,PRC,0,0,0.41109425390624993
july_2022,8,0.0,PRC,0,24,0.41047914171006944
july_2022,8,0.0,PRC,24,-24,0.4275228074363426
july_2022,8,0.0,PRC,24,0,0.3989990673828125
july_2022,8,0.0,PRC,24,24,0.40067997005208333
july_2022,8,3.0,PRC,-24,-24,0.8056160924479168
july_2022,8,3.0,PRC,-24,0,0.7860847182436342
july_2022,8,3.0,PRC,-24,24,0.7855588414558532
july_2022,8,3.0,PRC,0,-24,0.809177325846354
july_2022,8,3.0,PRC,0,0,0.7850274301215276
july_2022,8,3.0,PRC,0,24,0.7845901218894675
july_2022,8,3.0,PRC,24,-24,0.8008493872974537
july_2022,8,3.0,PRC,24,0,0.7727440022786457
july_2022,8,3.0,PRC,24,24,0.7746759179687499
july_2022,8,0.0,RTOLCAP,-24,-24,0.11988078559027776
july_2022,8,0.0,RTOLCAP,-24,0,0.0999006546585648
july_2022,8,0.0,RTOLCAP,-24,24,0.0889260869295635
july_2022,8,0.0,RTOLCAP,0,-24,0.11026897026909722
july_2022,8,0.0,RTOLCAP,0,0,0.08821517621527777
july_2022,8,0.0,RTOLCAP,0,24,0.07735909360532406
july_2022,8,0.0,RTOLCAP,24,-24,0.1109704369212963
july_2022,8,0.0,RTOLCAP,24,0,0.08322782769097221
july_2022,8,0.0,RTOLCAP,24,24,0.0711979982638889
july_2022,8,3.0,RTOLCAP,-24,-24,0.30698933246527776
july_2022,8,3.0,RTOLCAP,-24,0,0.2572053313078703
july_2022,8,3.0,RTOLCAP,-24,24,0.24406597036210317
july_2022,8,3.0,RTOLCAP,0,-24,0.29249635416666664
july_2022,8,3.0,RTOLCAP,0,0,0.2356541484375
july_2022,8,3.0,RTOLCAP,0,24,0.22391675781249998
july_2022,8,3.0,RTOLCAP,24,-24,0.29233617621527774
july_2022,8,3.0,RTOLCAP,24,0,0.22132346354166665
july_2022,8,3.0,RTOLCAP,24,24,0.21010473177083333
july_2022,8,0.0,RTOLCAP+RTOFFCAP,-24,-24,0.09188211371527778
july_2022,8,0.0,RTOLCAP+RTOFFCAP,-24,0,0.07656842809606482
july_2022,8,0.0,RTOLCAP+RTOFFCAP,-24,24,0.06563008122519841
july_2022,8,0.0,RTOLCAP+RTOFFCAP,0,-24,0.08599066080729165
july_2022,8,0.0,RTOLCAP+RTOFFCAP,0,0,0.06879252864583334
july_2022,8,0.0,RTOLCAP+RTOFFCAP,0,24,0.057327107204861096
july_2022,8,0.0,RTOLCAP+RTOFFCAP,24,-24,0.08167081886574074
july_2022,8,0.0,RTOLCAP+RTOFFCAP,24,0,0.06125311414930555
july_2022,8,0.0,RTOLCAP+RTOFFCAP,24,24,0.04900249131944444
july_2022,8,3.0,RTOLCAP+RTOFFCAP,-24,-24,0.241646703125
july_2022,8,3.0,RTOLCAP+RTOFFCAP,-24,0,0.20137225260416666
july_2022,8,3.0,RTOLCAP+RTOFFCAP,-24,24,0.1777204743303571
july_2022,8,3.0,RTOLCAP+RTOFFCAP,0,-24,0.22900499023437496
july_2022,8,3.0,RTOLCAP+RTOFFCAP,0,0,0.18320399218750003
july_2022,8,3.0,RTOLCAP+RTOFFCAP,0,24,0.1586382942708333
july_2022,8,3.0,RTOLCAP+RTOFFCAP,24,-24,0.22527037760416668
july_2022,8,3.0,RTOLCAP+RTOFFCAP,24,0,0.16895278320312498
july_2022,8,3.0,RTOLCAP+RTOFFCAP,24,24,0.1423241875
july_2022,9,0.0,PRC,-24,-24,0.494884204861111
july_2022,9,0.0,PRC,-24,0,0.47735577771347737
july_2022,9,0.0,PRC,-24,24,0.476768899085097
july_2022,9,0.0,PRC,0,-24,0.49823187162422833
july_2022,9,0.0,PRC,0,0,0.4765282256944444
july_2022,9,0.0,PRC,0,24,0.47598145929783947
july_2022,9,0.0,PRC,24,-24,0.4911313843878601
july_2022,9,0.0,PRC,24,0,0.4657769487847222
july_2022,9,0.0,PRC,24,24,0.4672710844907408
july_2022,9,3.0,PRC,-24,-24,0.8272143043981482
july_2022,9,3.0,PRC,-24,0,0.8098530828832303
july_2022,9,3.0,PRC,-24,24,0.8093856368496474
july_2022,9,3.0,PRC,0,-24,0.8303798451967591
july_2022,9,3.0,PRC,0,0,0.8089132712191357
july_2022,9,3.0,PRC,0,24,0.8085245527906377
july_2022,9,3.0,PRC,24,-24,0.8229772331532922
july_2022,9,3.0,PRC,24,0,0.7979946686921295
july_2022,9,3.0,PRC,24,24,0.7997119270833332
july_2022,9,0.0,RTOLCAP,-24,-24,0.15594426080246915
july_2022,9,0.0,RTOLCAP,-24,0,0.12995355066872424
july_2022,9,0.0,RTOLCAP,-24,24,0.11894403218694884
july_2022,9,0.0,RTOLCAP,0,-24,0.1451087673611111
july_2022,9,0.0,RTOLCAP,0,0,0.11608701388888888
july_2022,9,0.0,RTOLCAP,0,24,0.10555366512345678
july_2022,9,0.0,RTOLCAP,24,-24,0.14592891332304525
july_2022,9,0.0,RTOLCAP,24,0,0.10944668499228394
july_2022,9,0.0,RTOLCAP,24,24,0.0981347322530864
july_2022,9,3.0,RTOLCAP,-24,-24,0.34092527006172835
july_2022,9,3.0,RTOLCAP,-24,0,0.28873551954732507
july_2022,9,3.0,RTOLCAP,-24,24,0.27612902943121687
july_2022,9,3.0,RTOLCAP,0,-24,0.3289128356481481
july_2022,9,3.0,RTOLCAP,0,0,0.26868762191358025
july_2022,9,3.0,RTOLCAP,0,24,0.25732136638374487
july_2022,9,3.0,RTOLCAP,24,-24,0.32922762988683124
july_2022,9,3.0,RTOLCAP,24,0,0.2538674141589506
july_2022,9,3.0,RTOLCAP,24,24,0.24319194907407407
july_2022,9,0.0,RTOLCAP+RTOFFCAP,-24,-24,0.12155312422839507
july_2022,9,0.0,RTOLCAP+RTOFFCAP,-24,0,0.10129427019032923
july_2022,9,0.0,RTOLCAP+RTOFFCAP,-24,24,0.0868330494929453
july_2022,9,0.0,RTOLCAP+RTOFFCAP,0,-24,0.1140722231867284
july_2022,9,0.0,RTOLCAP+RTOFFCAP,0,0,0.09125777854938272
july_2022,9,0.0,RTOLCAP+RTOFFCAP,0,24,0.07605910300925925
july_2022,9,0.0,RTOLCAP+RTOFFCAP,24,-24,0.10963391460905349
july_2022,9,0.0,RTOLCAP+RTOFFCAP,24,0,0.08222543595679013
july_2022,9,0.0,RTOLCAP+RTOFFCAP,24,24,0.06579349382716049
july_2022,9,3.0,RTOLCAP+RTOFFCAP,-24,-24,0.26545339197530865
july_2022,9,3.0,RTOLCAP+RTOFFCAP,-24,0,0.22121115997942387
july_2022,9,3.0,RTOLCAP+RTOFFCAP,-24,24,0.19838391589506174
july_2022,9,3.0,RTOLCAP+RTOFFCAP,0,-24,0.25222387152777775
july_2022,9,3.0,RTOLCAP+RTOFFCAP,0,0,0.20177909722222226
july_2022,9,3.0,RTOLCAP+RTOFFCAP,0,24,0.17838598958333332
july_2022,9,3.0,RTOLCAP+RTOFFCAP,24,-24,0.24914487011316866
july_2022,9,3.0,RTOLCAP+RTOFFCAP,24,0,0.18685865258487658
july_2022,9,3.0,RTOLCAP+RTOFFCAP,24,24,0.161771012345679
july_2022,10,0.0,PRC,-24,-24,0.5453957843749999
july_2022,10,0.0,PRC,-24,0,0.5296201999421296
july_2022,10,0.0,PRC,-24,24,0.5290920091765873
july_2022,10,0.0,PRC,0,-24,0.5484086844618055
july_2022,10,0.0,PRC,0,0,0.528875403125
july_2022,10,0.0,PRC,0,24,0.5283833133680556
july_2022,10,0.0,PRC,24,-24,0.542018245949074
july_2022,10,0.0,PRC,24,0,0.51919925390625
july_2022,10,0.0,PRC,24,24,0.5205439760416667
july_2022,10,3.0,PRC,-24,-24,0.8444928739583334
july_2022,10,3.0,PRC,-24,0,0.8288677745949072
july_2022,10,3.0,PRC,-24,24,0.8284470731646825
july_2022,10,3.0,PRC,0,-24,0.8473418606770833
july_2022,10,3.0,PRC,0,0,0.8280219440972223
july_2022,10,3.0,PRC,0,24,0.827672097511574
july_2022,10,3.0,PRC,24,-24,0.8406795098379629
july_2022,10,3.0,PRC,24,0,0.8181952018229167
july_2022,10,3.0,PRC,24,24,0.8197407343749998
july_2022,10,0.0,RTOLCAP,-24,-24,0.19047666180555556
july_2022,10,0.0,RTOLCAP,-24,0,0.15878880613425927
july_2022,10,0.0,RTOLCAP,-24,24,0.1483639583333333
july_2022,10,0.0,RTOLCAP,0,-24,0.17934667013888891
july_2022,10,0.0,RTOLCAP,0,0,0.14354724166666666
july_2022,10,0.0,RTOLCAP,0,24,0.13392517997685185
july_2022,10,0.0,RTOLCAP,24,-24,0.17967722800925925
july_2022,10,0.0,RTOLCAP,24,0,0.1348453029513889
july_2022,10,0.0,RTOLCAP,24,24,0.12503921666666667
july_2022,10,3.0,RTOLCAP,-24,-24,0.37194388194444444
july_2022,10,3.0,RTOLCAP,-24,0,0.31924459837962965
july_2022,10,3.0,RTOLCAP,-24,24,0.30687286855158724
july_2022,10,3.0,RTOLCAP,0,-24,0.3626574895833333
july_2022,10,3.0,RTOLCAP,0,0,0.3012756277777777
july_2022,10,3.0,RTOLCAP,0,24,0.289836771412037
july_2022,10,3.0,RTOLCAP,24,-24,0.3629090532407407
july_2022,10,3.0,RTOLCAP,24,0,0.28611883506944447
july_2022,10,3.0,RTOLCAP,24,24,0.27542356597222223
july_2022,10,0.0,RTOLCAP+RTOFFCAP,-24,-24,0.15000855555555556
july_2022,10,0.0,RTOLCAP+RTOFFCAP,-24,0,0.12500712962962962
july_2022,10,0.0,RTOLCAP+RTOFFCAP,-24,24,0.10844592162698412
july_2022,10,0.0,RTOLCAP+RTOFFCAP,0,-24,0.14158497743055554
july_2022,10,0.0,RTOLCAP+RTOFFCAP,0,0,0.11326798194444444
july_2022,10,0.0,RTOLCAP+RTOFFCAP,0,24,0.09590309722222222
july_2022,10,0.0,RTOLCAP+RTOFFCAP,24,-24,0.13809888310185184
july_2022,10,0.0,RTOLCAP+RTOFFCAP,24,0,0.10357416232638889
july_2022,10,0.0,RTOLCAP+RTOFFCAP,24,24,0.08467506458333332
july_2022,10,3.0,RTOLCAP+RTOFFCAP,-24,-24,0.2864355236111111
july_2022,10,3.0,RTOLCAP+RTOFFCAP,-24,0,0.23874035937499996
july_2022,10,3.0,RTOLCAP+RTOFFCAP,-24,24,0.2177594955357143
july_2022,10,3.0,RTOLCAP+RTOFFCAP,0,-24,0.27306804947916663
july_2022,10,3.0,RTOLCAP+RTOFFCAP,0,0,0.2185073472222222
july_2022,10,3.0,RTOLCAP+RTOFFCAP,0,24,0.1974018414351852
july_2022,10,3.0,RTOLCAP+RTOFFCAP,24,-24,0.27027926736111113
july_2022,10,3.0,RTOLCAP+RTOFFCAP,24,0,0.20277558506944443
july_2022,10,3.0,RTOLCAP+RTOFFCAP,24,24,0.18059533055555554
july_2022,11,0.0,PRC,-24,-24,0.5867234403409091
july_2022,11,0.0,PRC,-24,0,0.5723819999473906
july_2022,11,0.0,PRC,-24,24,0.5719018265241703
july_2022,11,0.0,PRC,0,-24,0.5894624404198232
july_2022,11,0.0,PRC,0,0,0.571704911931818
july_2022,11,0.0,PRC,0,24,0.5712575576073232
july_2022,11,0.0,PRC,24,-24,0.5836529508627946
july_2022,11,0.0,PRC,24,0,0.5629084126420454
july_2022,11,0.0,PRC,24,24,0.564130887310606
july_2022,11,3.0,PRC,-24,-24,0.8586298854166666
july_2022,11,3.0,PRC,-24,0,0.8444252496317339
july_2022,11,3.0,PRC,-24,24,0.8440427937860748
july_2022,11,3.0,PRC,0,-24,0.8612198733428029
july_2022,11,3.0,PRC,0,0,0.8436563128156567
july_2022,11,3.0,PRC,0,24,0.8433382704650673
july_2022,11,3.0,PRC,24,-24,0.8551631907617845
july_2022,11,3.0,PRC,24,0,0.834722910748106
july_2022,11,3.0,PRC,24,24,0.836127940340909
july_2022,11,0.0,RTOLCAP,-24,-24,0.22328923232323233
july_2022,11,0.0,RTOLCAP,-24,0,0.18707864215067338
july_2022,11,0.0,RTOLCAP,-24,24,0.1775198547979798
july_2022,11,0.0,RTOLCAP,0,-24,0.2127549502840909
july_2022,11,0.0,RTOLCAP,0,0,0.1714090984848485
july_2022,11,0.0,RTOLCAP,0,24,0.16286877051767676
july_2022,11,0.0,RTOLCAP,24,-24,0.2126485669191919
july_2022,11,0.0,RTOLCAP,24,0,0.16099284801136365
july_2022,11,0.0,RTOLCAP,24,24,0.15282770454545455
july_2022,11,3.0,RTOLCAP,-24,-24,0.4006358465909091
july_2022,11,3.0,RTOLCAP,-24,0,0.347856743476431
july_2022,11,3.0,RTOLCAP,-24,24,0.3365901240079365
july_2022,11,3.0,RTOLCAP,0,-24,0.39426497080176764
july_2022,11,3.0,RTOLCAP,0,0,0.3322042222222222
july_2022,11,3.0,RTOLCAP,0,24,0.32166858638468016
july_2022,11,3.0,RTOLCAP,24,-24,0.3937539330808081
july_2022,11,3.0,RTOLCAP,24,0,0.31630575678661615
july_2022,11,3.0,RTOLCAP,24,24,0.3068426868686869
july_2022,11,0.0,RTOLCAP+RTOFFCAP,-24,-24,0.17576732007575757
july_2022,11,0.0,RTOLCAP+RTOFFCAP,-24,0,0.14647276672979798
july_2022,11,0.0,RTOLCAP+RTOFFCAP,-24,24,0.12926858495670995
july_2022,11,0.0,RTOLCAP+RTOFFCAP,0,-24,0.16657941287878786
july_2022,11,0.0,RTOLCAP+RTOFFCAP,0,0,0.13326353030303031
july_2022,11,0.0,RTOLCAP+RTOFFCAP,0,24,0.11539352430555554
july_2022,11,0.0,RTOLCAP+RTOFFCAP,24,-24,0.16387344065656567
july_2022,11,0.0,RTOLCAP+RTOFFCAP,24,0,0.12290508049242423
july_2022,11,0.0,RTOLCAP+RTOFFCAP,24,24,0.10353276325757575
july_2022,11,3.0,RTOLCAP+RTOFFCAP,-24,-24,0.30595432323232324
july_2022,11,3.0,RTOLCAP+RTOFFCAP,-24,0,0.2562976336279461
july_2022,11,3.0,RTOLCAP+RTOFFCAP,-24,24,0.2369029982864358
july_2022,11,3.0,RTOLCAP+RTOFFCAP,0,-24,0.2927531920770202
july_2022,11,3.0,RTOLCAP+RTOFFCAP,0,0,0.23580539078282828
july_2022,11,3.0,RTOLCAP+RTOFFCAP,0,24,0.2165936900252525
july_2022,11,3.0,RTOLCAP+RTOFFCAP,24,-24,0.2903307533670034
july_2022,11,3.0,RTOLCAP+RTOFFCAP,24,0,0.21975161142676766
july_2022,11,3.0,RTOLCAP+RTOFFCAP,24,24,0.19990832638888886
july_2022,12,0.0,PRC,-24,-24,0.6211631536458333
july_2022,12,0.0,PRC,-24,0,0.608016833285108
july_2022,12,0.0,PRC,-24,24,0.6075766743138228
july_2022,12,0.0,PRC,0,-24,0.6236739037181712
july_2022,12,0.0,PRC,0,0,0.6073961692708333
july_2022,12,0.0,PRC,0,24,0.6069860944733796
july_2022,12,0.0,PRC,24,-24,0.618348538290895
july_2022,12,0.0,PRC,24,0,0.5993327115885416
july_2022,12,0.0,PRC,24,24,0.6004533133680555
july_2022,12,3.0,PRC,-24,-24,0.8704107282986111
july_2022,12,3.0,PRC,-24,0,0.857389812162423
july_2022,12,3.0,PRC,-24,24,0.8570392276372353
july_2022,12,3.0,PRC,0,-24,0.8727848838975694
july_2022,12,3.0,PRC,0,0,0.8566849534143519
july_2022,12,3.0,PRC,0,24,0.8563934145929784
july_2022,12,3.0,PRC,24,-24,0.8672329248649692
july_2022,12,3.0,PRC,24,0,0.8484960015190972
july_2022,12,3.0,PRC,24,24,0.8497839453124999
july_2022,12,0.0,RTOLCAP,-24,-24,0.25571619386574074
july_2022,12,0.0,RTOLCAP,-24,0,0.21657017409336418
july_2022,12,0.0,RTOLCAP,-24,24,0.2071126587301587
july_2022,12,0.0,RTOLCAP,0,-24,0.24671242838541663
july_2022,12,0.0,RTOLCAP,0,0,0.20153795775462963
july_2022,12,0.0,RTOLCAP,0,24,0.19300955922067903
july_2022,12,0.0,RTOLCAP,24,-24,0.24695779128086418
july_2022,12,0.0,RTOLCAP,24,0,0.19042836226851848
july_2022,12,0.0,RTOLCAP,24,24,0.182416203125
july_2022,12,3.0,RTOLCAP,-24,-24,0.4293644334490741
july_2022,12,3.0,RTOLCAP,-24,0,0.3765731168016975
july_2022,12,3.0,RTOLCAP,-24,24,0.3673725144675925
july_2022,12,3.0,RTOLCAP,0,-24,0.4264952785011574
july_2022,12,3.0,RTOLCAP,0,0,0.3637195295138888
july_2022,12,3.0,RTOLCAP,0,24,0.3551277580054012
july_2022,12,3.0,RTOLCAP,24,-24,0.4243742226080246
july_2022,12,3.0,RTOLCAP,24,0,0.3464348003472222
july_2022,12,3.0,RTOLCAP,24,24,0.3395816203703703
july_2022,12,0.0,RTOLCAP+RTOFFCAP,-24,-24,0.1991122853009259
july_2022,12,0.0,RTOLCAP+RTOFFCAP,-24,0,0.16592690441743826
july_2022,12,0.0,RTOLCAP+RTOFFCAP,-24,24,0.1488038235780423
july_2022,12,0.0,RTOLCAP+RTOFFCAP,0,-24,0.1891957052951389
july_2022,12,0.0,RTOLCAP+RTOFFCAP,0,0,0.15135656423611113
july_2022,12,0.0,RTOLCAP+RTOFFCAP,0,24,0.1338080266203704
july_2022,12,0.0,RTOLCAP+RTOFFCAP,24,-24,0.18689572145061728
july_2022,12,0.0,RTOLCAP+RTOFFCAP,24,0,0.140171791087963
july_2022,12,0.0,RTOLCAP+RTOFFCAP,24,24,0.1213505005787037
july_2022,12,3.0,RTOLCAP+RTOFFCAP,-24,-24,0.3243727326388889
july_2022,12,3.0,RTOLCAP+RTOFFCAP,-24,0,0.27364138695987655
july_2022,12,3.0,RTOLCAP+RTOFFCAP,-24,24,0.25544483465608464
july_2022,12,3.0,RTOLCAP+RTOFFCAP,0,-24,0.3116726851851852
july_2022,12,3.0,RTOLCAP+RTOFFCAP,0,0,0.2533350798611111
july_2022,12,3.0,RTOLCAP+RTOFFCAP,0,24,0.23549015335648146
july_2022,12,3.0,RTOLCAP+RTOFFCAP,24,-24,0.30942501929012345
july_2022,12,3.0,RTOLCAP+RTOFFCAP,24,0,0.2370649291087963
july_2022,12,3.0,RTOLCAP+RTOFFCAP,24,24,0.21890504745370368
july_2022,13,0.0,PRC,-24,-24,0.6503044495192307
july_2022,13,0.0,PRC,-24,0,0.6381693845708689
july_2022,13,0.0,PRC,-24,24,0.6377630839819902
july_2022,13,0.0,PRC,0,-24,0.6526220649706196
july_2022,13,0.0,PRC,0,0,0.6375964639423077
july_2022,13,0.0,PRC,0,24,0.6372179333600427
july_2022,13,0.0,PRC,24,-24,0.6477063430377492
july_2022,13,0.0,PRC,24,0,0.6301532722355769
july_2022,13,0.0,PRC,24,24,0.6311876738782051
july_2022,13,3.0,PRC,-24,-24,0.8803791338141026
july_2022,13,3.0,PRC,-24,0,0.8683598266114674
july_2022,13,3.0,PRC,-24,24,0.8680362101266788
july_2022,13,3.0,PRC,0,-24,0.8825706620592947
july_2022,13,3.0,PRC,0,0,0.867709187767094
july_2022,13,3.0,PRC,0,24,0.8674400750089031
july_2022,13,3.0,PRC,24,-24,0.877445776798433
july_2022,13,3.0,PRC,24,0,0.8601501552483973
july_2022,13,3.0,PRC,24,24,0.8613390264423076
july_2022,13,0.0,RTOLCAP,-24,-24,0.28613120886752136
july_2022,13,0.0,RTOLCAP,-24,0,0.24558987669159543
july_2022,13,0.0,RTOLCAP,-24,24,0.2360707173382173
july_2022,13,0.0,RTOLCAP,0,-24,0.27899296274038465
july_2022,13,0.0,RTOLCAP,0,0,0.23177101335470085
july_2022,13,0.0,RTOLCAP,0,24,0.22296847133190884
july_2022,13,0.0,RTOLCAP,24,-24,0.2791950275997151
july_2022,13,0.0,RTOLCAP,24,0,0.2201170746527778
july_2022,13,0.0,RTOLCAP,24,24,0.21188481196581194
july_2022,13,3.0,RTOLCAP,-24,-24,0.45799340705128205
july_2022,13,3.0,RTOLCAP,-24,0,0.408048136574074
july_2022,13,3.0,RTOLCAP,-24,24,0.40001287126068363
july_2022,13,3.0,RTOLCAP,0,-24,0.45848654647435894
july_2022,13,3.0,RTOLCAP,0,0,0.39845359401709396
july_2022,13,3.0,RTOLCAP,0,24,0.39067820824430194
july_2022,13,3.0,RTOLCAP,24,-24,0.45271640847578337
july_2022,13,3.0,RTOLCAP,24,0,0.3791177524038462
july_2022,13,3.0,RTOLCAP,24,24,0.37365445779914536
july_2022,13,0.0,RTOLCAP+RTOFFCAP,-24,-24,0.22035554861111112
july_2022,13,0.0,RTOLCAP+RTOFFCAP,-24,0,0.18366353899572646
july_2022,13,0.0,RTOLCAP+RTOFFCAP,-24,24,0.16752196886446885
july_2022,13,0.0,RTOLCAP+RTOFFCAP,0,-24,0.21007800881410255
july_2022,13,0.0,RTOLCAP+RTOFFCAP,0,0,0.1681031052350427
july_2022,13,0.0,RTOLCAP+RTOFFCAP,0,24,0.1518646790420228
july_2022,13,0.0,RTOLCAP+RTOFFCAP,24,-24,0.20794134615384616
july_2022,13,0.0,RTOLCAP+RTOFFCAP,24,0,0.15600688234508545
july_2022,13,0.0,RTOLCAP+RTOFFCAP,24,24,0.13894001549145296
july_2022,13,3.0,RTOLCAP+RTOFFCAP,-24,-24,0.34214960683760687
july_2022,13,3.0,RTOLCAP+RTOFFCAP,-24,0,0.29068748085826207
july_2022,13,3.0,RTOLCAP+RTOFFCAP,-24,24,0.2733810882173382
july_2022,13,3.0,RTOLCAP+RTOFFCAP,0,-24,0.33024496060363245
july_2022,13,3.0,RTOLCAP+RTOFFCAP,0,0,0.2708713386752136
july_2022,13,3.0,RTOLCAP+RTOFFCAP,0,24,0.2539832376246438
july_2022,13,3.0,RTOLCAP+RTOFFCAP,24,-24,0.32771617343304843
july_2022,13,3.0,RTOLCAP+RTOFFCAP,24,0,0.2541313428151709
july_2022,13,3.0,RTOLCAP+RTOFFCAP,24,24,0.23721362072649574
july_2022,14,0.0,PRC,-24,-24,0.6752827031249999
july_2022,14,0.0,PRC,-24,0,0.6640144285300926
july_2022,14,0.0,PRC,-24,24,0.663637149411848
july_2022,14,0.0,PRC,0,-24,0.6774347746155753
july_2022,14,0.0,PRC,0,0,0.6634824308035715
july_2022,14,0.0,PRC,0,24,0.6631309381200396
july_2022,14,0.0,PRC,24,-24,0.67287017567791
july_2022,14,0.0,PRC,24,0,0.6565708956473214
july_2022,14,0.0,PRC,24,24,0.6575314114583332
july_2022,14,3.0,PRC,-24,-24,0.8889234813988095
july_2022,14,3.0,PRC,-24,0,0.8777626961392195
july_2022,14,3.0,PRC,-24,24,0.8774621951176302
july_2022,14,3.0,PRC,0,-24,0.8909584719122025
july_2022,14,3.0,PRC,0,0,0.8771585314980159
july_2022,14,3.0,PRC,0,24,0.8769086410796957
july_2022,14,3.0,PRC,24,-24,0.8861996498842593
july_2022,14,3.0,PRC,24,0,0.8701394298735119
july_2022,14,3.0,PRC,24,24,0.8712433816964287
july_2022,14,0.0,RTOLCAP,-24,-24,0.3148043720238095
july_2022,14,0.0,RTOLCAP,-24,0,0.2733318993882275
july_2022,14,0.0,RTOLCAP,-24,24,0.2644772859977324
july_2022,14,0.0,RTOLCAP,0,-24,0.30980344990079367
july_2022,14,0.0,RTOLCAP,0,0,0.2610366671626984
july_2022,14,0.0,RTOLCAP,0,24,0.252755490244709
july_2022,14,0.0,RTOLCAP,24,-24,0.3094098635912698
july_2022,14,0.0,RTOLCAP,24,0,0.2485497817460317
july_2022,14,0.0,RTOLCAP,24,24,0.24110974652777778
july_2022,14,3.0,RTOLCAP,-24,-24,0.4869489846230159
july_2022,14,3.0,RTOLCAP,-24,0,0.44129499214616397
july_2022,14,3.0,RTOLCAP,-24,24,0.4343669430272109
july_2022,14,3.0,RTOLCAP,0,-24,0.48908751922123006
july_2022,14,3.0,RTOLCAP,0,0,0.43387502132936506
july_2022,14,3.0,RTOLCAP,0,24,0.427028959160053
july_2022,14,3.0,RTOLCAP,24,-24,0.48103668072089945
july_2022,14,3.0,RTOLCAP,24,0,0.4140337679811507
july_2022,14,3.0,RTOLCAP,24,24,0.40978674404761906
july_2022,14,0.0,RTOLCAP+RTOFFCAP,-24,-24,0.2404117465277778
july_2022,14,0.0,RTOLCAP+RTOFFCAP,-24,0,0.2013925987929894
july_2022,14,0.0,RTOLCAP+RTOFFCAP,-24,24,0.1861516872165533
july_2022,14,0.0,RTOLCAP+RTOFFCAP,0,-24,0.23004419518849206
july_2022,14,0.0,RTOLCAP+RTOFFCAP,0,0,0.18529472817460316
july_2022,14,0.0,RTOLCAP+RTOFFCAP,0,24,0.17019664310515872
july_2022,14,0.0,RTOLCAP+RTOFFCAP,24,-24,0.2281487938161376
july_2022,14,0.0,RTOLCAP+RTOFFCAP,24,0,0.17268581039186506
july_2022,14,0.0,RTOLCAP+RTOFFCAP,24,24,0.15708989186507935
july_2022,14,3.0,RTOLCAP+RTOFFCAP,-24,-24,0.36036856646825394
july_2022,14,3.0,RTOLCAP+RTOFFCAP,-24,0,0.3081924537037037
july_2022,14,3.0,RTOLCAP+RTOFFCAP,-24,24,0.291493039611678
july_2022,14,3.0,RTOLCAP+RTOFFCAP,0,-24,0.349714337797619
july_2022,14,3.0,RTOLCAP+RTOFFCAP,0,0,0.28923384821428566
july_2022,14,3.0,RTOLCAP+RTOFFCAP,0,24,0.27291096602182535
july_2022,14,3.0,RTOLCAP+RTOFFCAP,24,-24,0.3473808540013228
july_2022,14,3.0,RTOLCAP+RTOFFCAP,24,0,0.27236361297123013
july_2022,14,3.0,RTOLCAP+RTOFFCAP,24,24,0.2561502013888889
july_2022,15,0.0,PRC,-24,-24,0.6969305229166666
july_2022,15,0.0,PRC,-24,0,0.6864134666280864
july_2022,15,0.0,PRC,-24,24,0.6860613394510582
july_2022,15,0.0,PRC,0,-24,0.698939122974537
july_2022,15,0.0,PRC,0,0,0.6859169354166667
july_2022,15,0.0,PRC,0,24,0.6855888755787036
july_2022,15,0.0,PRC,24,-24,0.694678830632716
july_2022,15,0.0,PRC,24,0,0.6794661692708333
july_2022,15,0.0,PRC,24,24,0.6803626506944443
july_2022,15,3.0,PRC,-24,-24,0.8963285826388889
july_2022,15,3.0,PRC,-24,0,0.8859118497299382
july_2022,15,3.0,PRC,-24,24,0.8856313821097882
july_2022,15,3.0,PRC,0,-24,0.8982279071180554
july_2022,15,3.0,PRC,0,0,0.8853479627314815
july_2022,15,3.0,PRC,0,24,0.8851147316743827
july_2022,15,3.0,PRC,24,-24,0.8937863398919753
july_2022,15,3.0,PRC,24,0,0.8787968012152778
july_2022,15,3.0,PRC,24,24,0.8798271562500001
july_2022,15,0.0,RTOLCAP,-24,-24,0.3435093398148148
july_2022,15,0.0,RTOLCAP,-24,0,0.3012733209876543
july_2022,15,0.0,RTOLCAP,-24,24,0.2939107208994709
july_2022,15,0.0,RTOLCAP,0,-24,0.3412184641203703
july_2022,15,0.0,RTOLCAP,0,0,0.2909934166666666
july_2022,15,0.0,RTOLCAP,0,24,0.2841170339506172
july_2022,15,0.0,RTOLCAP,24,-24,0.3395290331790123
july_2022,15,0.0,RTOLCAP,24,0,0.27717008159722223
july_2022,15,0.0,RTOLCAP,24,24,0.2716830893518518
july_2022,15,3.0,RTOLCAP,-24,-24,0.5163177546296296
july_2022,15,3.0,RTOLCAP,-24,0,0.4744251547067901
july_2022,15,3.0,RTOLCAP,-24,24,0.46854709523809523
july_2022,15,3.0,RTOLCAP,0,-24,0.518215806712963
july_2022,15,3.0,RTOLCAP,0,0,0.4675650763888889
july_2022,15,3.0,RTOLCAP,0,24,0.4618506867283951
july_2022,15,3.0,RTOLCAP,24,-24,0.5090575092592593
july_2022,15,3.0,RTOLCAP,24,0,0.4480336707175926
july_2022,15,3.0,RTOLCAP,24,24,0.44508268425925923
july_2022,15,0.0,RTOLCAP+RTOFFCAP,-24,-24,0.2595159791666667
july_2022,15,0.0,RTOLCAP+RTOFFCAP,-24,0,0.21892793711419756
july_2022,15,0.0,RTOLCAP+RTOFFCAP,-24,24,0.20436857705026457
july_2022,15,0.0,RTOLCAP+RTOFFCAP,0,-24,0.2493603894675926
july_2022,15,0.0,RTOLCAP+RTOFFCAP,0,0,0.20268585694444444
july_2022,15,0.0,RTOLCAP+RTOFFCAP,0,24,0.1884069502314815
july_2022,15,0.0,RTOLCAP+RTOFFCAP,24,-24,0.24756967052469134
july_2022,15,0.0,RTOLCAP+RTOFFCAP,24,0,0.18967418460648147
july_2022,15,0.0,RTOLCAP+RTOFFCAP,24,24,0.1751418310185185
july_2022,15,3.0,RTOLCAP+RTOFFCAP,-24,-24,0.37866630277777785
july_2022,15,3.0,RTOLCAP+RTOFFCAP,-24,0,0.32609562770061723
july_2022,15,3.0,RTOLCAP+RTOFFCAP,-24,24,0.3097193822751323
july_2022,15,3.0,RTOLCAP+RTOFFCAP,0,-24,0.3695751736111111
july_2022,15,3.0,RTOLCAP+RTOFFCAP,0,0,0.3083085893518518
july_2022,15,3.0,RTOLCAP+RTOFFCAP,0,24,0.2921674760802469
july_2022,15,3.0,RTOLCAP+RTOFFCAP,24,-24,0.36752505324074075
july_2022,15,3.0,RTOLCAP+RTOFFCAP,24,0,0.29145435300925926
july_2022,15,3.0,RTOLCAP+RTOFFCAP,24,24,0.2754558643518518
july_2022,16,0.0,PRC,-24,-24,0.7158723652343749
july_2022,16,0.0,PRC,-24,0,0.706012624963831
july_2022,16,0.0,PRC,-24,24,0.7056825057353671
july_2022,16,0.0,PRC,0,-24,0.7177554277886283
july_2022,16,0.0,PRC,0,0,0.7055471269531249
july_2022,16,0.0,PRC,0,24,0.7052395708550347
july_2022,16,0.0,PRC,24,-24,0.7137614037181712
july_2022,16,0.0,PRC,24,0,0.6994995336914062
july_2022,16,0.0,PRC,24,24,0.7003399850260416
july_2022,16,3.0,PRC,-24,-24,0.9028080462239583
july_2022,16,3.0,PRC,-24,0,0.8930423591218171
july_2022,16,3.0,PRC,-24,24,0.8927794207279265
july_2022,16,3.0,PRC,0,-24,0.904588662923177
july_2022,16,3.0,PRC,0,0,0.8925137150607639
july_2022,16,3.0,PRC,0,24,0.8922950609447338
july_2022,16,3.0,PRC,24,-24,0.9004246936487268
july_2022,16,3.0,PRC,24,0,0.8863720011393228
july_2022,16,3.0,PRC,24,24,0.8873379589843751
july_2022,16,0.0,RTOLCAP,-24,-24,0.37213632421875
july_2022,16,0.0,RTOLCAP,-24,0,0.33155301179108804
july_2022,16,0.0,RTOLCAP,-24,24,0.3250223728918651
july_2022,16,0.0,RTOLCAP,0,-24,0.3725411702473958
july_2022,16,0.0,RTOLCAP,0,0,0.32376022612847216
july_2022,16,0.0,RTOLCAP,0,24,0.31743994502314815
july_2022,16,0.0,RTOLCAP,24,-24,0.36785988353587956
july_2022,16,0.0,RTOLCAP,24,0,0.3080540250651042
july_2022,16,0.0,RTOLCAP,24,24,0.3036109279513889
july_2022,16,3.0,RTOLCAP,-24,-24,0.5450161927083333
july_2022,16,3.0,RTOLCAP,-24,0,0.505997163990162
july_2022,16,3.0,RTOLCAP,-24,24,0.5006688287450396
july_2022,16,3.0,RTOLCAP,0,-24,0.5464159071180555
july_2022,16,3.0,RTOLCAP,0,0,0.4993131297743055
july_2022,16,3.0,RTOLCAP,0,24,0.49421074435763884
july_2022,16,3.0,RTOLCAP,24,-24,0.5371928660300925
july_2022,16,3.0,RTOLCAP,24,0,0.4806201546223959
july_2022,16,3.0,RTOLCAP,24,24,0.47823588715277776
july_2022,16,0.0,RTOLCAP+RTOFFCAP,-24,-24,0.2780132365451389
july_2022,16,0.0,RTOLCAP+RTOFFCAP,-24,0,0.2361974790219907
july_2022,16,0.0,RTOLCAP+RTOFFCAP,-24,24,0.22213404916914684
july_2022,16,0.0,RTOLCAP+RTOFFCAP,0,-24,0.26834488172743054
july_2022,16,0.0,RTOLCAP+RTOFFCAP,0,0,0.2200996436631944
july_2022,16,0.0,RTOLCAP+RTOFFCAP,0,24,0.2063752813946759
july_2022,16,0.0,RTOLCAP+RTOFFCAP,24,-24,0.2662971925636574
july_2022,16,0.0,RTOLCAP+RTOFFCAP,24,0,0.20650256727430558
july_2022,16,0.0,RTOLCAP+RTOFFCAP,24,24,0.19275274782986113
july_2022,16,3.0,RTOLCAP+RTOFFCAP,-24,-24,0.39670073524305555
july_2022,16,3.0,RTOLCAP+RTOFFCAP,-24,0,0.3444776367187499
july_2022,16,3.0,RTOLCAP+RTOFFCAP,-24,24,0.32818189391121033
july_2022,16,3.0,RTOLCAP+RTOFFCAP,0,-24,0.3893781532118055
july_2022,16,3.0,RTOLCAP+RTOFFCAP,0,0,0.32817495138888886
july_2022,16,3.0,RTOLCAP+RTOFFCAP,0,24,0.31188036566840277
july_2022,16,3.0,RTOLCAP+RTOFFCAP,24,-24,0.38740561125578704
july_2022,16,3.0,RTOLCAP+RTOFFCAP,24,0,0.3113947444661458
july_2022,16,3.0,RTOLCAP+RTOFFCAP,24,24,0.2951972829861111
july_2022,17,0.0,PRC,-24,-24,0.732585755514706
july_2022,17,0.0,PRC,-24,0,0.7233059999659586
july_2022,17,0.0,PRC,-24,24,0.7229952995156396
july_2022,17,0.0,PRC,0,-24,0.7343580496834149
july_2022,17,0.0,PRC,0,0,0.7228678841911764
july_2022,17,0.0,PRC,0,24,0.722578419628268
july_2022,17,0.0,PRC,24,-24,0.7305989682053377
july_2022,17,0.0,PRC,24,0,0.7171760317095588
july_2022,17,0.0,PRC,24,24,0.7179670447303923
july_2022,17,3.0,PRC,-24,-24,0.9085252199754902
july_2022,17,3.0,PRC,-24,0,0.8993339850558278
july_2022,17,3.0,PRC,-24,24,0.8990865136262837
july_2022,17,3.0,PRC,0,-24,0.9102010945159312
july_2022,17,3.0,PRC,0,0,0.8988364377042484
july_2022,17,3.0,PRC,0,24,0.8986306455950436
july_2022,17,3.0,PRC,24,-24,0.9062820646105665
july_2022,17,3.0,PRC,24,0,0.893056001072304
july_2022,17,3.0,PRC,24,24,0.8939651378676471
july_2022,17,0.0,RTOLCAP,-24,-24,0.401032510620915
july_2022,17,0.0,RTOLCAP,-24,0,0.3634324884259259
july_2022,17,0.0,RTOLCAP,-24,24,0.3577251671918767
july_2022,17,0.0,RTOLCAP,0,-24,0.4027975816993464
july_2022,17,0.0,RTOLCAP,0,0,0.35732454084967313
july_2022,17,0.0,RTOLCAP,0,24,0.35168399067265793
july_2022,17,0.0,RTOLCAP,24,-24,0.39617402096949883
july_2022,17,0.0,RTOLCAP,24,0,0.34098861008986925
july_2022,17,0.0,RTOLCAP,24,24,0.3374871360294117
july_2022,17,3.0,RTOLCAP,-24,-24,0.5717601523692811
july_2022,17,3.0,RTOLCAP,-24,0,0.5350396595860567
july_2022,17,3.0,RTOLCAP,-24,24,0.530027112219888
july_2022,17,3.0,RTOLCAP,0,-24,0.5730725822099673
july_2022,17,3.0,RTOLCAP,0,0,0.5287455049019608
july_2022,17,3.0,RTOLCAP,0,24,0.5239465587554466
july_2022,17,3.0,RTOLCAP,24,-24,0.5643838255718954
july_2022,17,3.0,RTOLCAP,24,0,0.5111471680964053
july_2022,17,3.0,RTOLCAP,24,24,0.5089081000816993
july_2022,17,0.0,RTOLCAP+RTOFFCAP,-24,-24,0.29678981331699344
july_2022,17,0.0,RTOLCAP+RTOFFCAP,-24,0,0.2538186332380174
july_2022,17,0.0,RTOLCAP+RTOFFCAP,-24,24,0.24006430555555558
july_2022,17,0.0,RTOLCAP+RTOFFCAP,0,-24,0.2880196675857843
july_2022,17,0.0,RTOLCAP+RTOFFCAP,0,0,0.23820828063725485
july_2022,17,0.0,RTOLCAP+RTOFFCAP,0,24,0.22476329044117643
july_2022,17,0.0,RTOLCAP+RTOFFCAP,24,-24,0.28610451661220043
july_2022,17,0.0,RTOLCAP+RTOFFCAP,24,0,0.2243190706699346
july_2022,17,0.0,RTOLCAP+RTOFFCAP,24,24,0.21096292442810458
july_2022,17,3.0,RTOLCAP+RTOFFCAP,-24,-24,0.41457800694444435
july_2022,17,3.0,RTOLCAP+RTOFFCAP,-24,0,0.36274116591775596
july_2022,17,3.0,RTOLCAP+RTOFFCAP,-24,24,0.34649889997665734
july_2022,17,3.0,RTOLCAP+RTOFFCAP,0,-24,0.40921611264297386
july_2022,17,3.0,RTOLCAP+RTOFFCAP,0,0,0.34808428227124183
july_2022,17,3.0,RTOLCAP+RTOFFCAP,0,24,0.33157778594771237
july_2022,17,3.0,RTOLCAP+RTOFFCAP,24,-24,0.4072702287581699
july_2022,17,3.0,RTOLCAP+RTOFFCAP,24,0,0.3313419117647059
july_2022,17,3.0,RTOLCAP+RTOFFCAP,24,24,0.31488259027777776
july_2022,18,0.0,PRC,-24,-24,0.7474421024305556
july_2022,18,0.0,PRC,-24,0,0.7386778888567387
july_2022,18,0.0,PRC,-24,24,0.7383844495425484
july_2022,18,0.0,PRC,0,-24,0.7491159358121141
july_2022,18,0.0,PRC,0,0,0.7382641128472222
july_2022,18,0.0,PRC,0,24,0.7379907296489198
july_2022,18,0.0,PRC,24,-24,0.74556569219393
july_2022,18,0.0,PRC,24,0,0.732888474392361
july_2022,18,0.0,PRC,24,24,0.7336355422453704
july_2022,18,3.0,PRC,-24,-24,0.9136071521990741
july_2022,18,3.0,PRC,-24,0,0.9049265414416151
july_2022,18,3.0,PRC,-24,24,0.9046928184248235
july_2022,18,3.0,PRC,0,-24,0.9151899225983795
july_2022,18,3.0,PRC,0,0,0.904456635609568
july_2022,18,3.0,PRC,0,24,0.9042622763953189
july_2022,18,3.0,PRC,24,-24,0.911488616576646
july_2022,18,3.0,PRC,24,0,0.8989973343460649
july_2022,18,3.0,PRC,24,24,0.8998559635416667
july_2022,18,0.0,RTOLCAP,-24,-24,0.43027962307098766
july_2022,18,0.0,RTOLCAP,-24,0,0.395366651877572
july_2022,18,0.0,RTOLCAP,-24,24,0.39046650380291004
july_2022,18,0.0,RTOLCAP,0,-24,0.4318650400270062
july_2022,18,0.0,RTOLCAP,0,0,0.3896523912037037
july_2022,18,0.0,RTOLCAP,0,24,0.38488792856224274
july_2022,18,0.0,RTOLCAP,24,-24,0.42423930362654316
july_2022,18,0.0,RTOLCAP,24,0,0.37337992669753084
july_2022,18,0.0,RTOLCAP,24,24,0.3709170644290123
july_2022,18,3.0,RTOLCAP,-24,-24,0.595551255015432
july_2022,18,3.0,RTOLCAP,-24,0,0.5608707896090535
july_2022,18,3.0,RTOLCAP,-24,24,0.5561367170965609
july_2022,18,3.0,RTOLCAP,0,-24,0.5967907720871913
july_2022,18,3.0,RTOLCAP,0,0,0.5549263101851852
july_2022,18,3.0,RTOLCAP,0,24,0.5503939721579217
july_2022,18,3.0,RTOLCAP,24,-24,0.5885847241512345
july_2022,18,3.0,RTOLCAP,24,0,0.5383056587577161
july_2022,18,3.0,RTOLCAP,24,24,0.5361909834104938
july_2022,18,0.0,RTOLCAP+RTOFFCAP,-24,-24,0.3155700798611111
july_2022,18,0.0,RTOLCAP+RTOFFCAP,-24,0,0.2717587127057613
july_2022,18,0.0,RTOLCAP+RTOFFCAP,-24,24,0.2581100763337742
july_2022,18,0.0,RTOLCAP+RTOFFCAP,0,-24,0.30799784577546296
july_2022,18,0.0,RTOLCAP+RTOFFCAP,0,0,0.25693865200617283
july_2022,18,0.0,RTOLCAP+RTOFFCAP,0,24,0.24348525302211935
july_2022,18,0.0,RTOLCAP+RTOFFCAP,24,-24,0.3062955902777778
july_2022,18,0.0,RTOLCAP+RTOFFCAP,24,0,0.2428971619405864
july_2022,18,0.0,RTOLCAP+RTOFFCAP,24,24,0.2295613811728395
july_2022,18,3.0,RTOLCAP+RTOFFCAP,-24,-24,0.43251773495370377
july_2022,18,3.0,RTOLCAP+RTOFFCAP,-24,0,0.38129096064814816
july_2022,18,3.0,RTOLCAP+RTOFFCAP,-24,24,0.36560037147266317
july_2022,18,3.0,RTOLCAP+RTOFFCAP,0,-24,0.4292790253665123
july_2022,18,3.0,RTOLCAP+RTOFFCAP,0,0,0.36845463811728396
july_2022,18,3.0,RTOLCAP+RTOFFCAP,0,24,0.35228833783436214
july_2022,18,3.0,RTOLCAP+RTOFFCAP,24,-24,0.42680434927983535
july_2022,18,3.0,RTOLCAP+RTOFFCAP,24,0,0.3513925342399691
july_2022,18,3.0,RTOLCAP+RTOFFCAP,24,24,0.3354053946759259
july_2022,19,0.0,PRC,-24,-24,0.7607346233552632
july_2022,19,0.0,PRC,-24,0,0.7524316841800682
july_2022,19,0.0,PRC,-24,24,0.752153689040309
july_2022,19,0.0,PRC,0,-24,0.7623203602430555
july_2022,19,0.0,PRC,0,0,0.7520396858552632
july_2022,19,0.0,PRC,0,24,0.7517806912463451
july_2022,19,0.0,PRC,24,-24,0.7589569715521441
july_2022,19,0.0,PRC,24,0,0.7469469757401316
july_2022,19,0.0,PRC,24,24,0.7476547242324563
july_2022,19,3.0,PRC,-24,-24,0.9181541441885965
july_2022,19,3.0,PRC,-24,0,0.9099304076815301
july_2022,19,3.0,PRC,-24,24,0.9097089858761487
july_2022,19,3.0,PRC,0,-24,0.9196536108826753
july_2022,19,3.0,PRC,0,0,0.9094852337353803
july_2022,19,3.0,PRC,0,24,0.90930110395346
july_2022,19,3.0,PRC,24,-24,0.9161471104410331
july_2022,19,3.0,PRC,24,0,0.9043132641173246
july_2022,19,3.0,PRC,24,24,0.9051267023026316
july_2022,19,0.0,RTOLCAP,-24,-24,0.45897505153508766
july_2022,19,0.0,RTOLCAP,-24,0,0.4261145808966861
july_2022,19,0.0,RTOLCAP,-24,24,0.42162588946324137
july_2022,19,0.0,RTOLCAP,0,-24,0.46015727019371344
july_2022,19,0.0,RTOLCAP,0,0,0.4204882616959064
july_2022,19,0.0,RTOLCAP,0,24,0.4161891748903509
july_2022,19,0.0,RTOLCAP,24,-24,0.45239635173001946
july_2022,19,0.0,RTOLCAP,24,0,0.40475032072368416
july_2022,19,0.0,RTOLCAP,24,24,0.40273900475146196
july_2022,19,3.0,RTOLCAP,-24,-24,0.6168380310672515
july_2022,19,3.0,RTOLCAP,-24,0,0.58398285331384
july_2022,19,3.0,RTOLCAP,-24,24,0.5794979425125314
july_2022,19,3.0,RTOLCAP,0,-24,0.6180123103983918
july_2022,19,3.0,RTOLCAP,0,0,0.5783512412280702
july_2022,19,3.0,RTOLCAP,0,24,0.5740574473075049
july_2022,19,3.0,RTOLCAP,24,-24,0.6102381597222222
july_2022,19,3.0,RTOLCAP,24,0,0.5626053609283626
july_2022,19,3.0,RTOLCAP,24,24,0.5606019842836256
july_2022,19,0.0,RTOLCAP+RTOFFCAP,-24,-24,0.3340778241959064
july_2022,19,0.0,RTOLCAP+RTOFFCAP,-24,0,0.29009813687865493
july_2022,19,0.0,RTOLCAP+RTOFFCAP,-24,24,0.2763737338137009
july_2022,19,0.0,RTOLCAP+RTOFFCAP,0,-24,0.3279149511147661
july_2022,19,0.0,RTOLCAP+RTOFFCAP,0,0,0.27637190095029235
july_2022,19,0.0,RTOLCAP+RTOFFCAP,0,24,0.26264780336257315
july_2022,19,0.0,RTOLCAP+RTOFFCAP,24,-24,0.3262597161306043
july_2022,19,0.0,RTOLCAP+RTOFFCAP,24,0,0.2622447121710526
july_2022,19,0.0,RTOLCAP+RTOFFCAP,24,24,0.2486012328216374
july_2022,19,3.0,RTOLCAP+RTOFFCAP,-24,-24,0.45184854312865497
july_2022,19,3.0,RTOLCAP+RTOFFCAP,-24,0,0.402293832541423
july_2022,19,3.0,RTOLCAP+RTOFFCAP,-24,24,0.38753721778404343
july_2022,19,3.0,RTOLCAP+RTOFFCAP,0,-24,0.45090108872441526
july_2022,19,3.0,RTOLCAP+RTOFFCAP,0,0,0.39162492690058476
july_2022,19,3.0,RTOLCAP+RTOFFCAP,0,24,0.37618702729044834
july_2022,19,3.0,RTOLCAP+RTOFFCAP,24,-24,0.4462304270224171
july_2022,19,3.0,RTOLCAP+RTOFFCAP,24,0,0.3733028901681287
july_2022,19,3.0,RTOLCAP+RTOFFCAP,24,24,0.3584418179824561
july_2022,20,0.0,PRC,-24,-24,0.7726978921875001
july_2022,20,0.0,PRC,-24,0,0.7648100999710649
july_2022,20,0.0,PRC,-24,24,0.7645460045882936
july_2022,20,0.0,PRC,0,-24,0.7742043422309028
july_2022,20,0.0,PRC,0,0,0.7644377015624999
july_2022,20,0.0,PRC,0,24,0.7641916566840278
july_2022,20,0.0,PRC,24,-24,0.7710091229745369
july_2022,20,0.0,PRC,24,0,0.759599626953125
july_2022,20,0.0,PRC,24,24,0.7602719880208334
july_2022,20,3.0,PRC,-24,-24,0.9222464369791666
july_2022,20,3.0,PRC,-24,0,0.9144338872974537
july_2022,20,3.0,PRC,-24,24,0.9142235365823413
july_2022,20,3.0,PRC,0,-24,0.9236709303385415
july_2022,20,3.0,PRC,0,0,0.9140109720486111
july_2022,20,3.0,PRC,0,24,0.9138360487557871
july_2022,20,3.0,PRC,24,-24,0.9203397549189815
july_2022,20,3.0,PRC,24,0,0.9090976009114583
july_2022,20,3.0,PRC,24,24,0.9098703671875
july_2022,20,0.0,RTOLCAP,-24,-24,0.4860094743055555
july_2022,20,0.0,RTOLCAP,-24,0,0.4547948313078704
july_2022,20,0.0,RTOLCAP,-24,24,0.45053257738095237
july_2022,20,0.0,RTOLCAP,0,-24,0.4871283758680555
july_2022,20,0.0,RTOLCAP,0,0,0.4494470239583333
july_2022,20,0.0,RTOLCAP,0,24,0.44536569560185185
july_2022,20,0.0,RTOLCAP,24,-24,0.4797484930555555
july_2022,20,0.0,RTOLCAP,24,0,0.43449177387152776
july_2022,20,0.0,RTOLCAP,24,24,0.43258522986111103
july_2022,20,3.0,RTOLCAP,-24,-24,0.635996129513889
july_2022,20,3.0,RTOLCAP,-24,0,0.6047837106481481
july_2022,20,3.0,RTOLCAP,-24,24,0.6005230453869048
july_2022,20,3.0,RTOLCAP,0,-24,0.6371116948784722
july_2022,20,3.0,RTOLCAP,0,0,0.5994336791666667
july_2022,20,3.0,RTOLCAP,0,24,0.5953545749421296
july_2022,20,3.0,RTOLCAP,24,-24,0.6297262517361111
july_2022,20,3.0,RTOLCAP,24,0,0.5844750928819444
july_2022,20,3.0,RTOLCAP,24,24,0.5825718850694444
july_2022,20,0.0,RTOLCAP+RTOFFCAP,-24,-24,0.35240465069444443
july_2022,20,0.0,RTOLCAP+RTOFFCAP,-24,0,0.3083411116898148
july_2022,20,0.0,RTOLCAP+RTOFFCAP,-24,24,0.29453359697420634
july_2022,20,0.0,RTOLCAP+RTOFFCAP,0,-24,0.3478503767361111
july_2022,20,0.0,RTOLCAP+RTOFFCAP,0,0,0.29588498472222213
july_2022,20,0.0,RTOLCAP+RTOFFCAP,0,24,0.28185223871527776
july_2022,20,0.0,RTOLCAP+RTOFFCAP,24,-24,0.34620193576388886
july_2022,20,0.0,RTOLCAP+RTOFFCAP,24,0,0.28165730598958333
july_2022,20,0.0,RTOLCAP+RTOFFCAP,24,24,0.2676635465277778
july_2022,20,3.0,RTOLCAP+RTOFFCAP,-24,-24,0.47233115694444444
july_2022,20,3.0,RTOLCAP+RTOFFCAP,-24,0,0.42562261429398146
july_2022,20,3.0,RTOLCAP+RTOFFCAP,-24,24,0.4114390592757936
july_2022,20,3.0,RTOLCAP+RTOFFCAP,0,-24,0.47282827300347224
july_2022,20,3.0,RTOLCAP+RTOFFCAP,0,0,0.4166785986111111
july_2022,20,3.0,RTOLCAP+RTOFFCAP,0,24,0.401621787037037
july_2022,20,3.0,RTOLCAP+RTOFFCAP,24,-24,0.46654855729166667
july_2022,20,3.0,RTOLCAP+RTOFFCAP,24,0,0.39793139322916665
july_2022,20,3.0,RTOLCAP+RTOFFCAP,24,24,0.3836126604166667
july_2022,21,0.0,PRC,-24,-24,0.7835218020833334
july_2022,21,0.0,PRC,-24,0,0.7760096190200617
july_2022,21,0.0,PRC,-24,24,0.7757580996078987
july_2022,21,0.0,PRC,0,-24,0.7849565164103837
july_2022,21,0.0,PRC,0,0,0.7756549538690476
july_2022,21,0.0,PRC,0,24,0.7754206254133598
july_2022,21,0.0,PRC,24,-24,0.7819134504519399
july_2022,21,0.0,PRC,24,0,0.771047263764881
july_2022,21,0.0,PRC,24,24,0.771687607638889
july_2022,21,3.0,PRC,-24,-24,0.9259489875992063
july_2022,21,3.0,PRC,-24,0,0.918508464092813
july_2022,21,3.0,PRC,-24,24,0.9183081300784203
july_2022,21,3.0,PRC,0,-24,0.9273056479414682
july_2022,21,3.0,PRC,0,0,0.918105687665344
july_2022,21,3.0,PRC,0,24,0.9179390940531305
july_2022,21,3.0,PRC,24,-24,0.9241330999228395
july_2022,21,3.0,PRC,24,0,0.9134262865823413
july_2022,21,3.0,PRC,24,24,0.9141622544642858
july_2022,21,0.0,RTOLCAP,-24,-24,0.5104852136243386
july_2022,21,0.0,RTOLCAP,-24,0,0.48075698219797164
july_2022,21,0.0,RTOLCAP,-24,24,0.47669769274376417
july_2022,21,0.0,RTOLCAP,0,-24,0.5115508341600529
july_2022,21,0.0,RTOLCAP,0,0,0.4756638323412698
july_2022,21,0.0,RTOLCAP,0,24,0.4717768529541446
july_2022,21,0.0,RTOLCAP,24,-24,0.5045223743386243
july_2022,21,0.0,RTOLCAP,24,0,0.4614207370205026
july_2022,21,0.0,RTOLCAP,24,24,0.45960498082010576
july_2022,21,3.0,RTOLCAP,-24,-24,0.6533296471560847
july_2022,21,3.0,RTOLCAP,-24,0,0.6236035339506172
july_2022,21,3.0,RTOLCAP,-24,24,0.6195457575113379
july_2022,21,3.0,RTOLCAP,0,-24,0.6543920903604497
july_2022,21,3.0,RTOLCAP,0,0,0.6185082658730158
july_2022,21,3.0,RTOLCAP,0,24,0.6146234047067901
july_2022,21,3.0,RTOLCAP,24,-24,0.6473583349867725
july_2022,21,3.0,RTOLCAP,24,0,0.6042619932208995
july_2022,21,3.0,RTOLCAP,24,24,0.6024494143518517
july_2022,21,0.0,RTOLCAP+RTOFFCAP,-24,-24,0.3707421964285714
july_2022,21,0.0,RTOLCAP+RTOFFCAP,-24,0,0.3268314145171958
july_2022,21,0.0,RTOLCAP+RTOFFCAP,-24,24,0.31338082506613757
july_2022,21,0.0,RTOLCAP+RTOFFCAP,0,-24,0.3679693369708994
july_2022,21,0.0,RTOLCAP+RTOFFCAP,0,0,0.3158309705687831
july_2022,21,0.0,RTOLCAP+RTOFFCAP,0,24,0.30197202353395064
july_2022,21,0.0,RTOLCAP+RTOFFCAP,24,-24,0.3658534815917107
july_2022,21,0.0,RTOLCAP+RTOFFCAP,24,0,0.3012094874338624
july_2022,21,0.0,RTOLCAP+RTOFFCAP,24,24,0.2875030476190476
july_2022,21,3.0,RTOLCAP+RTOFFCAP,-24,-24,0.4938066726190476
july_2022,21,3.0,RTOLCAP+RTOFFCAP,-24,0,0.44975448743386237
july_2022,21,3.0,RTOLCAP+RTOFFCAP,-24,24,0.4362629152494331
july_2022,21,3.0,RTOLCAP+RTOFFCAP,0,-24,0.4944222123015873
july_2022,21,3.0,RTOLCAP+RTOFFCAP,0,0,0.4414364821428572
july_2022,21,3.0,RTOLCAP+RTOFFCAP,0,24,0.4270826488095238
july_2022,21,3.0,RTOLCAP+RTOFFCAP,24,-24,0.4872717052469136
july_2022,21,3.0,RTOLCAP+RTOFFCAP,24,0,0.4228271693121693
july_2022,21,3.0,RTOLCAP+RTOFFCAP,24,24,0.4093244318783069
july_2022,22,0.0,PRC,-24,-24,0.7933617201704546
july_2022,22,0.0,PRC,-24,0,0.7861909999736952
july_2022,22,0.0,PRC,-24,24,0.7859509132620851
july_2022,22,0.0,PRC,0,-24,0.7947312202099116
july_2022,22,0.0,PRC,0,0,0.785852455965909
july_2022,22,0.0,PRC,0,24,0.7856287788036616
july_2022,22,0.0,PRC,24,-24,0.7918264754313973
july_2022,22,0.0,PRC,24,0,0.7814542063210227
july_2022,22,0.0,PRC,24,24,0.7820654436553031
july_2022,22,3.0,PRC,-24,-24,0.9293149427083334
july_2022,22,3.0,PRC,-24,0,0.9222126248158667
july_2022,22,3.0,PRC,-24,24,0.9220213968930375
july_2022,22,3.0,PRC,0,-24,0.9306099366714015
july_2022,22,3.0,PRC,0,0,0.9218281564078283
july_2022,22,3.0,PRC,0,24,0.9216691352325337
july_2022,22,3.0,PRC,24,-24,0.9275815953808922
july_2022,22,3.0,PRC,24,0,0.917361455374053
july_2022,22,3.0,PRC,24,24,0.9180639701704546
july_2022,22,0.0,RTOLCAP,-24,-24,0.5327358857323232
july_2022,22,0.0,RTOLCAP,-24,0,0.5043589375526093
july_2022,22,0.0,RTOLCAP,-24,24,0.5004841612554113
july_2022,22,0.0,RTOLCAP,0,-24,0.5337530689709596
july_2022,22,0.0,RTOLCAP,0,0,0.49949729450757574
july_2022,22,0.0,RTOLCAP,0,24,0.4957869960016835
july_2022,22,0.0,RTOLCAP,24,-24,0.5270440845959596
july_2022,22,0.0,RTOLCAP,24,0,0.48590161261047976
july_2022,22,0.0,RTOLCAP,24,24,0.48416839078282825
july_2022,22,3.0,RTOLCAP,-24,-24,0.6690873904671718
july_2022,22,3.0,RTOLCAP,-24,0,0.6407124642255891
july_2022,22,3.0,RTOLCAP,-24,24,0.6368391321699135
july_2022,22,3.0,RTOLCAP,0,-24,0.6701015407986112
july_2022,22,3.0,RTOLCAP,0,0,0.6358487992424243
july_2022,22,3.0,RTOLCAP,0,24,0.6321405226746633
july_2022,22,3.0,RTOLCAP,24,-24,0.6633875015782829
july_2022,22,3.0,RTOLCAP,24,0,0.6222500844381312
july_2022,22,3.0,RTOLCAP,24,24,0.6205198955176767
july_2022,22,0.0,RTOLCAP+RTOFFCAP,-24,-24,0.390244964330808
july_2022,22,0.0,RTOLCAP+RTOFFCAP,-24,0,0.3474456923400673
july_2022,22,0.0,RTOLCAP+RTOFFCAP,-24,24,0.334699898989899
july_2022,22,0.0,RTOLCAP+RTOFFCAP,0,-24,0.38942974116161616
july_2022,22,0.0,RTOLCAP+RTOFFCAP,0,0,0.33823365940656563
july_2022,22,0.0,RTOLCAP+RTOFFCAP,0,24,0.32489890598695287
july_2022,22,0.0,RTOLCAP+RTOFFCAP,24,-24,0.3854010427188552
july_2022,22,0.0,RTOLCAP+RTOFFCAP,24,0,0.3224131151357323
july_2022,22,0.0,RTOLCAP+RTOFFCAP,24,24,0.30957551988636367
july_2022,22,3.0,RTOLCAP+RTOFFCAP,-24,-24,0.5155366941287878
july_2022,22,3.0,RTOLCAP+RTOFFCAP,-24,0,0.47370000868055556
july_2022,22,3.0,RTOLCAP+RTOFFCAP,-24,24,0.46097392383658004
july_2022,22,3.0,RTOLCAP+RTOFFCAP,0,-24,0.515807897332702
july_2022,22,3.0,RTOLCAP+RTOFFCAP,0,0,0.4655496341540404
july_2022,22,3.0,RTOLCAP+RTOFFCAP,0,24,0.4520609309238216
july_2022,22,3.0,RTOLCAP+RTOFFCAP,24,-24,0.5084507054924242
july_2022,22,3.0,RTOLCAP+RTOFFCAP,24,0,0.4474671744791667
july_2022,22,3.0,RTOLCAP+RTOFFCAP,24,24,0.43489722253787877
july_2022,23,0.0,PRC,-24,-24,0.8023459932065218
july_2022,23,0.0,PRC,-24,0,0.7954870434530998
july_2022,23,0.0,PRC,-24,24,0.7952573952941684
july_2022,23,0.0,PRC,0,-24,0.8036559497660024
july_2022,23,0.0,PRC,0,0,0.7951632187499998
july_2022,23,0.0,PRC,0,24,0.7949492666817632
july_2022,23,0.0,PRC,24,-24,0.8008774982387278
july_2022,23,0.0,PRC,24,0,0.7909561973505435
july_2022,23,0.0,PRC,24,24,0.7915408591485508
july_2022,23,3.0,PRC,-24,-24,0.9323882060688405
july_2022,23,3.0,PRC,-24,0,0.9255946846064813
july_2022,23,3.0,PRC,-24,24,0.9254117709411663
july_2022,23,3.0,PRC,0,-24,0.9336268959465579
july_2022,23,3.0,PRC,0,0,0.9252269322161836
july_2022,23,3.0,PRC,0,24,0.9250748250050321
july_2022,23,3.0,PRC,24,-24,0.9307302216686796
july_2022,23,3.0,PRC,24,0,0.9209544355751812
july_2022,23,3.0,PRC,24,24,0.92162640625
july_2022,23,0.0,RTOLCAP,-24,-24,0.5530517167874396
july_2022,23,0.0,RTOLCAP,-24,0,0.5259085489633655
july_2022,23,0.0,RTOLCAP,-24,24,0.5222022412008281
july_2022,23,0.0,RTOLCAP,0,-24,0.5540246746678744
july_2022,23,0.0,RTOLCAP,0,0,0.5212582817028986
july_2022,23,0.0,RTOLCAP,0,24,0.5177093005233494
july_2022,23,0.0,RTOLCAP,24,-24,0.5476073852657005
july_2022,23,0.0,RTOLCAP,24,0,0.5082537164100241
july_2022,23,0.0,RTOLCAP,24,24,0.50659585205314
july_2022,23,3.0,RTOLCAP,-24,-24,0.6834748952294686
july_2022,23,3.0,RTOLCAP,-24,0,0.6563336614331723
july_2022,23,3.0,RTOLCAP,-24,24,0.6526287351190476
july_2022,23,3.0,RTOLCAP,0,-24,0.6844449520682367
july_2022,23,3.0,RTOLCAP,0,0,0.6516814601449276
july_2022,23,3.0,RTOLCAP,0,24,0.6481344129931562
july_2022,23,3.0,RTOLCAP,24,-24,0.6780228275966182
july_2022,23,3.0,RTOLCAP,24,0,0.6386739938103865
july_2022,23,3.0,RTOLCAP,24,24,0.637019030495169
july_2022,23,0.0,RTOLCAP+RTOFFCAP,-24,-24,0.4107343493357487
july_2022,23,0.0,RTOLCAP+RTOFFCAP,-24,0,0.3701162912640902
july_2022,23,0.0,RTOLCAP+RTOFFCAP,-24,24,0.3577813837129054
july_2022,23,0.0,RTOLCAP+RTOFFCAP,0,-24,0.4111695252113527
july_2022,23,0.0,RTOLCAP+RTOFFCAP,0,0,0.3623408203502415
july_2022,23,0.0,RTOLCAP+RTOFFCAP,0,24,0.34924600669283407
july_2022,23,0.0,RTOLCAP+RTOFFCAP,24,-24,0.40571373792270526
july_2022,23,0.0,RTOLCAP+RTOFFCAP,24,0,0.34604180366847825
july_2022,23,0.0,RTOLCAP+RTOFFCAP,24,24,0.333587830615942
july_2022,23,3.0,RTOLCAP+RTOFFCAP,-24,-24,0.5365376959541062
july_2022,23,3.0,RTOLCAP+RTOFFCAP,-24,0,0.49653043352455717
july_2022,23,3.0,RTOLCAP+RTOFFCAP,-24,24,0.48436511149930994
july_2022,23,3.0,RTOLCAP+RTOFFCAP,0,-24,0.5367814526721014
july_2022,23,3.0,RTOLCAP+RTOFFCAP,0,0,0.48872398641304354
july_2022,23,3.0,RTOLCAP+RTOFFCAP,0,24,0.47583218523550724
july_2022,23,3.0,RTOLCAP+RTOFFCAP,24,-24,0.5297180470008052
july_2022,23,3.0,RTOLCAP+RTOFFCAP,24,0,0.47141206559480675
july_2022,23,3.0,RTOLCAP+RTOFFCAP,24,24,0.45940428834541064
july_2022,24,0.0,PRC,-24,-24,0.8105815768229168
july_2022,24,0.0,PRC,-24,0,0.804008416642554
july_2022,24,0.0,PRC,-24,24,0.8037883371569113
july_2022,24,0.0,PRC,0,-24,0.8118369518590857
july_2022,24,0.0,PRC,0,0,0.8036980846354166
july_2022,24,0.0,PRC,0,24,0.8034930472366898
july_2022,24,0.0,PRC,24,-24,0.8091742691454475
july_2022,24,0.0,PRC,24,0,0.7996663557942708
july_2022,24,0.0,PRC,24,24,0.8002266566840278
july_2022,24,3.0,PRC,-24,-24,0.9352053641493054
july_2022,24,3.0,PRC,-24,0,0.9286949060812112
july_2022,24,3.0,PRC,-24,24,0.9285196138186177
july_2022,24,3.0,PRC,0,-24,0.9363924419487847
july_2022,24,3.0,PRC,0,0,0.928342476707176
july_2022,24,3.0,PRC,0,24,0.9281967072964892
july_2022,24,3.0,PRC,24,-24,0.9336164624324845
july_2022,24,3.0,PRC,24,0,0.9242480007595485
july_2022,24,3.0,PRC,24,24,0.92489197265625
july_2022,24,0.0,RTOLCAP,-24,-24,0.5716745619212963
july_2022,24,0.0,RTOLCAP,-24,0,0.5456623594232252
july_2022,24,0.0,RTOLCAP,-24,24,0.5421104811507936
july_2022,24,0.0,RTOLCAP,0,-24,0.5726069798900463
july_2022,24,0.0,RTOLCAP,0,0,0.541205853298611
july_2022,24,0.0,RTOLCAP,0,24,0.5378047463348765
july_2022,24,0.0,RTOLCAP,24,-24,0.5664570775462964
july_2022,24,0.0,RTOLCAP,24,0,0.5287431448929398
july_2022,24,0.0,RTOLCAP,24,24,0.5271543582175925
july_2022,24,3.0,RTOLCAP,-24,-24,0.6966634412615741
july_2022,24,3.0,RTOLCAP,-24,0,0.67065309220679
july_2022,24,3.0,RTOLCAP,-24,24,0.6671025378224207
july_2022,24,3.0,RTOLCAP,0,-24,0.6975930790653936
july_2022,24,3.0,RTOLCAP,0,0,0.666194732638889
july_2022,24,3.0,RTOLCAP,0,24,0.6627954791184414
july_2022,24,3.0,RTOLCAP,24,-24,0.6914385431134259
july_2022,24,3.0,RTOLCAP,24,0,0.653729244068287
july_2022,24,3.0,RTOLCAP,24,24,0.6521432375578703
july_2022,24,0.0,RTOLCAP+RTOFFCAP,-24,-24,0.4320919592013889
july_2022,24,0.0,RTOLCAP+RTOFFCAP,-24,0,0.3935444437210648
july_2022,24,0.0,RTOLCAP+RTOFFCAP,-24,24,0.38173799417162696
july_2022,24,0.0,RTOLCAP+RTOFFCAP,0,-24,0.4326333365885417
july_2022,24,0.0,RTOLCAP+RTOFFCAP,0,0,0.3862680425347222
july_2022,24,0.0,RTOLCAP+RTOFFCAP,0,24,0.37370658492476855
july_2022,24,0.0,RTOLCAP+RTOFFCAP,24,-24,0.42638127652391966
july_2022,24,0.0,RTOLCAP+RTOFFCAP,24,0,0.3699876739728009
july_2022,24,0.0,RTOLCAP+RTOFFCAP,24,24,0.3581699985532407
july_2022,24,3.0,RTOLCAP+RTOFFCAP,-24,-24,0.5558486252893517
july_2022,24,3.0,RTOLCAP+RTOFFCAP,-24,0,0.5175083321277006
july_2022,24,3.0,RTOLCAP+RTOFFCAP,-24,24,0.505849898520172
july_2022,24,3.0,RTOLCAP+RTOFFCAP,0,-24,0.5560822254774306
july_2022,24,3.0,RTOLCAP+RTOFFCAP,0,0,0.5100271536458333
july_2022,24,3.0,RTOLCAP+RTOFFCAP,0,24,0.49767251085069447
july_2022,24,3.0,RTOLCAP+RTOFFCAP,24,-24,0.5493131283757715
july_2022,24,3.0,RTOLCAP+RTOFFCAP,24,0,0.4934365628616898
july_2022,24,3.0,RTOLCAP+RTOFFCAP,24,24,0.4819291096643519
july_2022,25,0.0,PRC,-24,-24,0.81815831375
july_2022,25,0.0,PRC,-24,0,0.8118480799768518
july_2022,25,0.0,PRC,-24,24,0.8116368036706348
july_2022,25,0.0,PRC,0,-24,0.8193634737847223
july_2022,25,0.0,PRC,0,0,0.8115501612499999
july_2022,25,0.0,PRC,0,24,0.8113533253472222
july_2022,25,0.0,PRC,24,-24,0.8168072983796297
july_2022,25,0.0,PRC,24,0,0.8076797015625
july_2022,25,0.0,PRC,24,24,0.8082175904166667
july_2022,25,3.0,PRC,-24,-24,0.9377971495833335
july_2022,25,3.0,PRC,-24,0,0.9315471098379631
july_2022,25,3.0,PRC,-24,24,0.931378829265873
july_2022,25,3.0,PRC,0,-24,0.9389367442708333
july_2022,25,3.0,PRC,0,0,0.9312087776388888
july_2022,25,3.0,PRC,0,24,0.9310688390046296
july_2022,25,3.0,PRC,24,-24,0.9362718039351852
july_2022,25,3.0,PRC,24,0,0.9272780807291666
july_2022,25,3.0,PRC,24,24,0.9278962937499998
july_2022,25,0.0,RTOLCAP,-24,-24,0.5888075794444444
july_2022,25,0.0,RTOLCAP,-24,0,0.5638358650462962
july_2022,25,0.0,RTOLCAP,-24,24,0.5604260619047619
july_2022,25,0.0,RTOLCAP,0,-24,0.5897027006944444
july_2022,25,0.0,RTOLCAP,0,0,0.5595576191666667
july_2022,25,0.0,RTOLCAP,0,24,0.5562925564814815
july_2022,25,0.0,RTOLCAP,24,-24,0.5837987944444445
july_2022,25,0.0,RTOLCAP,24,0,0.5475934190972223
july_2022,25,0.0,RTOLCAP,24,24,0.5460681838888889
july_2022,25,3.0,RTOLCAP,-24,-24,0.7087969036111111
july_2022,25,3.0,RTOLCAP,-24,0,0.6838269685185184
july_2022,25,3.0,RTOLCAP,-24,24,0.6804184363095237
july_2022,25,3.0,RTOLCAP,0,-24,0.7096893559027778
july_2022,25,3.0,RTOLCAP,0,0,0.6795469433333333
july_2022,25,3.0,RTOLCAP,0,24,0.6762836599537037
july_2022,25,3.0,RTOLCAP,24,-24,0.7037810013888889
july_2022,25,3.0,RTOLCAP,24,0,0.6675800743055555
july_2022,25,3.0,RTOLCAP,24,24,0.6660575080555555
july_2022,25,0.0,RTOLCAP+RTOFFCAP,-24,-24,0.45368296666666663
july_2022,25,0.0,RTOLCAP+RTOFFCAP,-24,0,0.4168649041666667
july_2022,25,0.0,RTOLCAP+RTOFFCAP,-24,24,0.40566467857142857
july_2022,25,0.0,RTOLCAP+RTOFFCAP,0,-24,0.45392429444444443
july_2022,25,0.0,RTOLCAP+RTOFFCAP,0,0,0.40969435388888886
july_2022,25,0.0,RTOLCAP+RTOFFCAP,0,24,0.39782251574074073
july_2022,25,0.0,RTOLCAP+RTOFFCAP,24,-24,0.44745441388888885
july_2022,25,0.0,RTOLCAP+RTOFFCAP,24,0,0.3937844583333333
july_2022,25,0.0,RTOLCAP+RTOFFCAP,24,24,0.38272023166666663
july_2022,25,3.0,RTOLCAP+RTOFFCAP,-24,-24,0.5736146802777777
july_2022,25,3.0,RTOLCAP+RTOFFCAP,-24,0,0.5368079988425926
july_2022,25,3.0,RTOLCAP+RTOFFCAP,-24,24,0.5256159025793651
july_2022,25,3.0,RTOLCAP+RTOFFCAP,0,-24,0.5738389364583333
july_2022,25,3.0,RTOLCAP+RTOFFCAP,0,0,0.5296260675
july_2022,25,3.0,RTOLCAP+RTOFFCAP,0,24,0.5177656104166667
july_2022,25,3.0,RTOLCAP+RTOFFCAP,24,-24,0.5673406032407408
july_2022,25,3.0,RTOLCAP+RTOFFCAP,24,0,0.5136991003472222
july_2022,25,3.0,RTOLCAP+RTOFFCAP,24,24,0.5026519452777778
