class,ree_gwh
none,0.0
january_2025,93.69355249801967
none,0.0
none,0.0
none,0.0
january_2025,1703.7852266199359
elliott_2022,1684.9167408906444
none,0.0
january_2025,105.16819408892194
none,0.0
uri_2021,1873.6352028552715
elliott_2022,2382.5459196421225
january_2025,75.849436265957
january_2025,969.5073255254151
none,0.0
elliott_2022,616.960411356651
none,0.0
none,0.0
none,0.0
none,0.0
none,0.0
none,0.0
january_2025,383.25792394687187
none,0.0
none,0.0
none,0.0
none,0.0
january_2025,413.5260746344191
none,0.0
none,0.0
none,0.0
elliott_2022,3292.025840654281
january_2025,275.9485813239218
january_2025,832.9498493196323
none,0.0
uri_2021,5219.051869526551
january_2025,498.0437300716882
none,0.0
elliott_2022,571.9120869652426
none,0.0
january_2025,493.12444093736957
none,0.0
none,0.0
january_2025,614.7584879965812
none,0.0
none,0.0
january_2025,708.8128695983386
none,0.0
january_2025,703.3762604325727
january_2025,52.54037365665327
january_2025,1261.0974434521695
none,0.0
none,0.0
none,0.0
none,0.0
january_2025,36.05404573482312
january_2025,0.0
none,0.0
none,0.0
january_2025,649.8077886750658
none,0.0
none,0.0
none,0.0
none,0.0
elliott_2022,2429.2419420104934
uri_2021,952.7683265023198
none,0.0
none,0.0
january_2025,240.18818658628072
none,0.0
january_2025,386.0243922109301
none,0.0
january_2025,1306.3263615678773
uri_2021,4700.179516615564
elliott_2022,2581.854442933882
january_2025,1134.24620349017
none,0.0
uri_2021,3689.654050895293
none,0.0
none,0.0
none,0.0
january_2025,1150.0377809660645
none,0.0
none,0.0
none,0.0
january_2025,320.1960291154111
none,0.0
january_2025,700.4750965265979
january_2025,306.7031197312728
elliott_2022,3021.3646699335063
elliott_2022,1116.6224612822812
none,0.0
uri_2021,3801.236445079526
january_2025,334.21820982670187
january_2025,237.0868228796401
january_2025,153.85121958784217
january_2025,881.4255351709785
elliott_2022,1582.2699447831064
none,0.0
january_2025,116.33992711930838
elliott_2022,2244.958548592656
none,0.0
january_2025,1027.4744190227884
none,0.0
january_2025,600.4547688463944
none,0.0
january_2025,362.4186748089421
elliott_2022,2438.769611921031
january_2025,1546.4945540332042
none,0.0
january_2025,933.1633984860733
none,0.0
january_2025,145.35680551648963
none,0.0
none,0.0
none,0.0
none,0.0
january_2025,441.12019142920946
none,0.0
none,0.0
january_2025,1443.022932309205
elliott_2022,1943.1596227733708
none,0.0
none,0.0
none,0.0
none,0.0
january_2025,767.4967639278292
elliott_2022,268.94513621100225
none,0.0
january_2025,223.6240098437511
uri_2021,3196.011819271666
january_2025,516.9777690152908
january_2025,623.4116065690818
elliott_2022,1234.8777475319164
none,0.0
january_2025,157.50808206741377
january_2025,794.6584705960692
elliott_2022,266.26917170218076
none,0.0
january_2025,1063.3316840902344
january_2025,1051.4894585830693
none,0.0
none,0.0
none,0.0
uri_2021,2467.203138002845
none,0.0
none,0.0
none,0.0
none,0.0
none,0.0
elliott_2022,1615.4313670802005
none,0.0
january_2025,0.18694111817131465
none,0.0
january_2025,0.0
none,0.0
january_2025,333.315433286544
none,0.0
none,0.0
january_2025,287.049051806841
january_2025,1035.131628125095
none,0.0
none,0.0
january_2025,1175.6270942852973
none,0.0
none,0.0
uri_2021,3536.2590262084987
none,0.0
none,0.0
none,0.0
none,0.0
none,0.0
january_2025,361.9477201379999
uri_2021,3484.9407322043253
uri_2021,3183.7314006168926
none,0.0
elliott_2022,1367.2459722685905
none,0.0
elliott_2022,1762.3331664475222
none,0.0
january_2025,767.3701954021082
january_2025,1096.4995876692988
elliott_2022,1897.216184323815
uri_2021,2806.1882759033165
none,0.0
january_2025,506.18062045870676
january_2025,947.5072816218554
none,0.0
january_2025,113.2956835489131
none,0.0
none,0.0
january_2025,583.245509940208
none,0.0
january_2025,659.5251961767574
january_2025,770.1022503312729
none,0.0
elliott_2022,1744.0414644275406
none,0.0
none,0.0
none,0.0
january_2025,694.3919617212509
january_2025,158.86529697434312
none,0.0
january_2025,945.1528081380169
january_2025,537.3524638101562
january_2025,665.110606650131
none,0.0
none,0.0
elliott_2022,92.30770723274865
elliott_2022,1211.3244874549177
none,0.0
january_2025,870.1691464597036
none,0.0
none,0.0
none,0.0
none,0.0
none,0.0
elliott_2022,2936.78517963088
january_2025,290.1134490286114
none,0.0
none,0.0
none,0.0
january_2025,945.7420917563308
none,0.0
none,0.0
none,0.0
january_2025,580.9814834018218
uri_2021,2051.769248550252
january_2025,0.09860017677111356
elliott_2022,2865.732359896478
none,0.0
none,0.0
elliott_2022,1492.2135323313814
january_2025,1149.3240843881547
none,0.0
none,0.0
none,0.0
january_2025,352.45382937779453
none,0.0
none,0.0
january_2025,387.68734759379396
uri_2021,3522.5359404808173
uri_2021,514.5218224911723
none,0.0
none,0.0
none,0.0
none,0.0
none,0.0
none,0.0
none,0.0
uri_2021,2070.477643040463
none,0.0
none,0.0
elliott_2022,2634.572948575898
january_2025,253.40645730491354
january_2025,674.7314659135402
none,0.0
uri_2021,2452.917550378997
uri_2021,283.1061583333333
january_2025,1090.419671824925
uri_2021,1003.2422041245519
none,0.0
none,0.0
january_2025,968.8227540241369
january_2025,148.12717457994034
none,0.0
none,0.0
none,0.0
elliott_2022,3784.228607446535
january_2025,1324.1689279572615
none,0.0
uri_2021,4238.842383630551
uri_2021,2021.4065422650092
january_2025,346.5840146793318
none,0.0
january_2025,669.8005485197019
none,0.0
none,0.0
none,0.0
none,0.0
january_2025,791.8547749818258
none,0.0
none,0.0
january_2025,578.8491902986076
elliott_2022,1213.6959769564728
elliott_2022,2021.430488357463
january_2025,1038.9511992691953
uri_2021,3281.1874991693057
none,0.0
january_2025,221.40103467293463
none,0.0
none,0.0
elliott_2022,1906.4134991068593
none,0.0
january_2025,645.8370463052979
none,0.0
none,0.0
none,0.0
none,0.0
january_2025,1690.1443496397478
january_2025,1436.6382449592165
none,0.0
none,0.0
january_2025,1139.1115903609636
none,0.0
none,0.0
january_2025,377.79914259236676
none,0.0
none,0.0
none,0.0
none,0.0
elliott_2022,1297.8746522413921
none,0.0
elliott_2022,463.8545473767534
elliott_2022,50.089515902060796
none,0.0
none,0.0
none,0.0
none,0.0
none,0.0
elliott_2022,1340.6702111405834
elliott_2022,1666.9604904312025
none,0.0
january_2025,587.7654244792402
none,0.0
january_2025,1553.9880330418696
none,0.0
none,0.0
elliott_2022,910.1866724044736
elliott_2022,864.1785172522235
none,0.0
elliott_2022,1405.2173388689644
none,0.0
january_2025,586.8218834019096
january_2025,1619.5541881670026
none,0.0
elliott_2022,1913.1135317800558
none,0.0
uri_2021,3168.6690427761137
uri_2021,2430.377826298028
elliott_2022,1408.5693917737533
elliott_2022,1292.84242806075
none,0.0
january_2025,361.059047473683
january_2025,570.8877832327012
none,0.0
none,0.0
none,0.0
none,0.0
january_2025,856.6253495995444
none,0.0
january_2025,328.0890249829016
none,0.0
none,0.0
none,0.0
january_2025,194.90880932443488
none,0.0
none,0.0
none,0.0
none,0.0
january_2025,538.769639571403
none,0.0
january_2025,462.5449773700329
january_2025,71.06739749970092
uri_2021,1457.6639711249038
none,0.0
elliott_2022,1757.6704735646017
none,0.0
uri_2021,3072.4840030577852
none,0.0
none,0.0
none,0.0
elliott_2022,2370.1462440737023
none,0.0
uri_2021,2357.866680276734
none,0.0
elliott_2022,540.0443124799841
none,0.0
none,0.0
january_2025,572.5495863029925
none,0.0
none,0.0
none,0.0
none,0.0
none,0.0
none,0.0
none,0.0
elliott_2022,1602.9049503812814
january_2025,25.111106224135437
none,0.0
january_2025,261.10396920305004
none,0.0
january_2025,313.9077895519529
none,0.0
january_2025,394.293618602624
january_2025,1033.168782539708
none,0.0
elliott_2022,1552.5281433141522
january_2025,782.7916915365203
january_2025,763.0348621102568
none,0.0
none,0.0
none,0.0
none,0.0
none,0.0
january_2025,390.2955658511035
none,0.0
january_2025,59.282072024453726
none,0.0
january_2025,886.9374588823489
none,0.0
elliott_2022,1080.8239452766788
elliott_2022,370.4078541544397
january_2025,106.49120104937977
none,0.0
none,0.0
january_2025,438.8715111959761
january_2025,450.50695484603676
none,0.0
january_2025,610.9153991626572
none,0.0
none,0.0
january_2025,285.01353192958226
elliott_2022,187.2860717963012
none,0.0
none,0.0
none,0.0
none,0.0
elliott_2022,1367.7693491934644
elliott_2022,2002.2489633655343
january_2025,75.63802749727544
none,0.0
none,0.0
elliott_2022,1469.8325991456093
none,0.0
none,0.0
january_2025,917.8805270823083
none,0.0
none,0.0
none,0.0
january_2025,1281.6923340894648
none,0.0
elliott_2022,646.1018070891486
none,0.0
none,0.0
none,0.0
january_2025,427.8246638477697
none,0.0
january_2025,139.53395158890507
january_2025,835.4858592124225
uri_2021,3194.2093002379224
none,0.0
none,0.0
january_2025,1169.454399465112
none,0.0
none,0.0
elliott_2022,1580.43432246602
january_2025,1095.1042052021708
none,0.0
none,0.0
elliott_2022,313.78512991209914
january_2025,13.66869120066075
elliott_2022,3053.8458213455006
none,0.0
none,0.0
none,0.0
none,0.0
january_2025,696.3789332929948
none,0.0
none,0.0
none,0.0
january_2025,1072.2054909282688
none,0.0
elliott_2022,2715.686640415403
none,0.0
elliott_2022,1339.295881154491
elliott_2022,1625.135519729388
elliott_2022,665.9017807321144
none,0.0
elliott_2022,795.1708932687151
none,0.0
none,0.0
none,0.0
none,0.0
none,0.0
uri_2021,3843.4275152217906
none,0.0
none,0.0
elliott_2022,2542.65944891424
none,0.0
january_2025,834.0698271077233
none,0.0
january_2025,44.28985179499069
january_2025,368.1877377201992
elliott_2022,2069.6853999959458
january_2025,811.5213034088068
january_2025,998.977613672448
none,0.0
none,0.0
none,0.0
elliott_2022,2464.064969895723
none,0.0
elliott_2022,1661.999242262549
none,0.0
none,0.0
none,0.0
none,0.0
none,0.0
none,0.0
january_2025,476.076151986461
none,0.0
none,0.0
uri_2021,304.67008426502423
none,0.0
january_2025,137.37292238434554
uri_2021,2894.2897850113595
none,0.0
january_2025,1727.329315230701
january_2025,699.0748937708821
none,0.0
january_2025,538.3763170843241
elliott_2022,1351.4235572761904
elliott_2022,1095.1790640037489
january_2025,71.94726848614475
none,0.0
january_2025,1257.1169701311599
uri_2021,4080.124220113866
uri_2021,3573.4006254005194
none,0.0
uri_2021,1342.4911047486678
january_2025,374.4408630761398
elliott_2022,1053.1937540044191
none,0.0
uri_2021,3890.158524332507
january_2025,709.6038395636488
none,0.0
january_2025,1581.782769714704
none,0.0
january_2025,27.542522987657915
january_2025,1104.5206161451513
january_2025,118.06523896741555
elliott_2022,1463.0129055576654
january_2025,1527.7594697715076
none,0.0
january_2025,938.950295040387
january_2025,915.0129369327026
none,0.0
none,0.0
none,0.0
elliott_2022,2627.9962574787705
elliott_2022,622.7450872805418
none,0.0
none,0.0
elliott_2022,1983.5478347084509
january_2025,64.27981008475513
elliott_2022,2618.904037105634
january_2025,216.09880047025146
none,0.0
none,0.0
none,0.0
elliott_2022,1209.0962163296663
none,0.0
none,0.0
january_2025,2.14594674862617
none,0.0
none,0.0
uri_2021,1814.498619048034
january_2025,53.64966487503436
january_2025,173.71734795374513
uri_2021,4307.167091529854
january_2025,548.4521942160376
uri_2021,4718.647525818429
january_2025,93.88568077273213
january_2025,1363.8310382505856
none,0.0
none,0.0
none,0.0
none,0.0
none,0.0
january_2025,764.2533972400256
january_2025,27.257112503673493
none,0.0
none,0.0
january_2025,601.1533871186813
none,0.0
january_2025,224.44668652140348
none,0.0
elliott_2022,3259.741708014857
none,0.0
none,0.0
none,0.0
january_2025,48.75330756888105
uri_2021,4876.102565780166
none,0.0
none,0.0
none,0.0
january_2025,78.85677741619344
none,0.0
elliott_2022,2451.2151313005916
none,0.0
none,0.0
january_2025,18.021495546215004
none,0.0
none,0.0
elliott_2022,2425.1994978074945
none,0.0
elliott_2022,2212.1813944900973
none,0.0
january_2025,171.04503362457152
january_2025,1016.2709341395009
elliott_2022,1450.8915380889537
none,0.0
elliott_2022,1040.2381740134354
january_2025,560.9880615752921
elliott_2022,2403.658179618071
january_2025,70.94107623443726
none,0.0
january_2025,107.58898878813332
none,0.0
none,0.0
january_2025,66.1678753382106
elliott_2022,1137.4850612884695
elliott_2022,89.692154475389
none,0.0
january_2025,1386.5882942748005
january_2025,0.31234918107493226
none,0.0
january_2025,72.84485805976588
uri_2021,3089.9698523866055
none,0.0
none,0.0
january_2025,1348.355762155049
elliott_2022,1238.6836447040027
january_2025,873.548739950842
uri_2021,1981.3938157873438
elliott_2022,2215.3586484349544
january_2025,782.1161144500226
january_2025,610.8748356923113
none,0.0
none,0.0
elliott_2022,1868.0126231818583
none,0.0
none,0.0
none,0.0
none,0.0
january_2025,730.372006271312
elliott_2022,63.010038791349835
none,0.0
january_2025,262.0198366946438
none,0.0
elliott_2022,1231.8445785334516
elliott_2022,952.4222247978072
none,0.0
none,0.0
elliott_2022,2749.337843187923
none,0.0
elliott_2022,2607.9580700144907
elliott_2022,404.87264058021225
uri_2021,2128.241864086923
elliott_2022,1009.7180498857593
none,0.0
january_2025,494.12799095709397
none,0.0
none,0.0
uri_2021,2446.5830823444976
none,0.0
none,0.0
elliott_2022,679.7360990604044
uri_2021,2842.4249288362957
none,0.0
uri_2021,3959.6383119079665
elliott_2022,2339.1609202826294
january_2025,1588.1413709835722
january_2025,271.25092557003376
none,0.0
none,0.0
none,0.0
none,0.0
none,0.0
none,0.0
none,0.0
none,0.0
january_2025,521.6960984121562
january_2025,28.052128519717712
january_2025,979.0104655914182
january_2025,918.8866568601793
elliott_2022,1472.7050718799094
none,0.0
january_2025,1925.9228850217276
elliott_2022,3139.713788955525
none,0.0
january_2025,270.94053118782585
january_2025,161.7133270276232
none,0.0
january_2025,418.89970879608217
elliott_2022,1629.1028912533
january_2025,748.9942208562348
january_2025,455.7971154444926
january_2025,536.2985254917393
january_2025,354.31342956668277
none,0.0
none,0.0
uri_2021,1303.9266290584205
none,0.0
none,0.0
none,0.0
none,0.0
january_2025,816.6259106494944
none,0.0
none,0.0
none,0.0
uri_2021,2748.6738512010634
none,0.0
elliott_2022,2727.1125797874424
none,0.0
none,0.0
january_2025,17.745675046690685
january_2025,0.13793434205176996
january_2025,1230.1940755684227
none,0.0
elliott_2022,2357.1175704641037
january_2025,39.65806546075711
uri_2021,1667.383166630378
uri_2021,2244.6490509374794
january_2025,334.4419857006591
elliott_2022,1935.88189900752
uri_2021,2633.465584732989
january_2025,470.4410611335399
january_2025,1172.6771759965852
none,0.0
none,0.0
january_2025,102.2901562462716
january_2025,141.26929365884797
none,0.0
none,0.0
none,0.0
none,0.0
january_2025,841.7458441279815
uri_2021,3110.877560128865
none,0.0
elliott_2022,1320.2913149889998
none,0.0
january_2025,685.0090914562929
none,0.0
january_2025,557.9692109120806
none,0.0
elliott_2022,644.233201283563
none,0.0
none,0.0
elliott_2022,2034.8977216604096
january_2025,371.5727773572712
none,0.0
elliott_2022,1323.680526644177
none,0.0
none,0.0
none,0.0
january_2025,243.7864520653486
elliott_2022,2070.2870181864
elliott_2022,1303.0099124331375
january_2025,44.44890840556185
elliott_2022,1545.7378236197526
elliott_2022,2883.2368734317183
january_2025,363.00048920485386
january_2025,413.3633005059756
uri_2021,4428.596400769223
none,0.0
none,0.0
uri_2021,1881.7409128908296
none,0.0
january_2025,307.015335687001
elliott_2022,1313.909538175489
january_2025,288.58402807689197
january_2025,587.7168927077392
none,0.0
none,0.0
january_2025,0.1286027718516265
january_2025,795.9912251525852
january_2025,506.71271285787793
january_2025,415.97714436238874
uri_2021,2444.7757812105424
january_2025,169.0011642789905
january_2025,533.5583405644524
elliott_2022,1032.6212113130853
january_2025,12.011522751689082
none,0.0
january_2025,991.0056411517493
elliott_2022,1742.0029641191197
uri_2021,5224.464155035336
none,0.0
none,0.0
none,0.0
none,0.0
none,0.0
none,0.0
uri_2021,5187.017250080271
january_2025,981.2850883221787
none,0.0
january_2025,636.1261998261025
none,0.0
none,0.0
january_2025,669.6443841600352
january_2025,1180.3865068137027
january_2025,486.2019635587745
none,0.0
none,0.0
none,0.0
january_2025,169.94797006706332
elliott_2022,1634.8260325063807
elliott_2022,415.3897748401592
uri_2021,4777.634255585831
none,0.0
elliott_2022,1216.0251160781215
uri_2021,4444.994609195092
none,0.0
none,0.0
none,0.0
january_2025,210.1439241489963
elliott_2022,168.20743202435813
none,0.0
uri_2021,4316.298914991854
none,0.0
january_2025,1296.102157569795
none,0.0
january_2025,411.5903713172303
none,0.0
january_2025,767.4151256412948
none,0.0
january_2025,75.80947222702828
elliott_2022,2127.265554894758
none,0.0
uri_2021,4501.726809519871
none,0.0
none,0.0
none,0.0
none,0.0
none,0.0
elliott_2022,1052.7326216774954
none,0.0
january_2025,337.76491977620964
january_2025,145.2499091690573
january_2025,90.94379739298695
none,0.0
none,0.0
none,0.0
january_2025,588.4942581031344
elliott_2022,1843.6308550232177
none,0.0
none,0.0
elliott_2022,1570.0733705658524
none,0.0
january_2025,218.17470812854523
uri_2021,1687.2872216811106
none,0.0
none,0.0
none,0.0
january_2025,360.1786820265956
elliott_2022,1603.2632725881865
january_2025,628.0200778654037
none,0.0
none,0.0
january_2025,5.0093772371018055
january_2025,0.0
none,0.0
january_2025,1106.4271940356746
january_2025,1553.1485359356654
none,0.0
january_2025,263.72731480593023
none,0.0
none,0.0
january_2025,3.4608699612628215
january_2025,671.5645873001483
january_2025,485.8813012154507
january_2025,507.3330198311602
none,0.0
january_2025,171.00499948543043
none,0.0
none,0.0
january_2025,1419.576190802224
none,0.0
none,0.0
none,0.0
january_2025,768.4770918444998
elliott_2022,561.6844949952123
january_2025,573.7552524582329
none,0.0
none,0.0
none,0.0
none,0.0
january_2025,1709.719041428946
january_2025,1334.0569061087037
none,0.0
january_2025,0.0
none,0.0
elliott_2022,2443.059565120541
january_2025,820.4124892616375
january_2025,13.93338828880169
uri_2021,1682.8953824392513
january_2025,101.2246653107069
january_2025,251.46445490974514
january_2025,1454.6454586484883
january_2025,434.28646404061476
uri_2021,5717.277812023109
none,0.0
none,0.0
none,0.0
uri_2021,2272.819745075048
none,0.0
elliott_2022,1784.6921000094171
none,0.0
uri_2021,4573.853458189443
none,0.0
none,0.0
january_2025,1630.9315029754296
none,0.0
none,0.0
none,0.0
none,0.0
elliott_2022,405.6365260214058
january_2025,1153.8689048043657
january_2025,286.1798258517255
none,0.0
none,0.0
elliott_2022,2186.5863823092213
elliott_2022,591.884901285975
january_2025,20.95227117928369
january_2025,511.1466435007012
none,0.0
none,0.0
january_2025,1379.3561613750228
none,0.0
none,0.0
january_2025,1797.0226338605203
none,0.0
elliott_2022,439.8000265108895
none,0.0
january_2025,529.7441417751287
none,0.0
january_2025,1455.3950331812084
none,0.0
none,0.0
january_2025,0.0
uri_2021,296.7443233333333
january_2025,8.27542999670155
none,0.0
none,0.0
none,0.0
none,0.0
none,0.0
uri_2021,4764.84956522207
none,0.0
none,0.0
none,0.0
none,0.0
january_2025,518.4018474892737
none,0.0
none,0.0
january_2025,334.41319337936585
uri_2021,1951.2712679446165
none,0.0
none,0.0
january_2025,340.34740413436776
none,0.0
none,0.0
none,0.0
uri_2021,4618.001810620387
january_2025,468.9260788732784
none,0.0
none,0.0
elliott_2022,1045.675398329319
none,0.0
none,0.0
january_2025,274.06846088575094
elliott_2022,2208.1487264853276
none,0.0
january_2025,246.9763535120861
none,0.0
uri_2021,3881.7925659456364
none,0.0
none,0.0
january_2025,1067.1997551681795
elliott_2022,2630.336620426815
january_2025,201.19758430680506
january_2025,399.0491860997403
none,0.0
none,0.0
january_2025,304.721114181399
none,0.0
uri_2021,3319.2587655094294
uri_2021,3256.758738334625
january_2025,1179.2014793797182
none,0.0
elliott_2022,1509.416783486776
january_2025,1177.3459096881438
january_2025,471.6503924618106
none,0.0
january_2025,672.2083111871247
elliott_2022,1671.526936225111
none,0.0
none,0.0
none,0.0
elliott_2022,1655.2901456003058
none,0.0
january_2025,87.33179047703017
january_2025,109.42462826891793
january_2025,306.20407603409825
none,0.0
uri_2021,850.6770247911811
none,0.0
elliott_2022,981.4864092076892
none,0.0
january_2025,573.3211580694966
none,0.0
none,0.0
elliott_2022,2433.548342113912
none,0.0
january_2025,715.1088229749786
january_2025,284.9384937093804
none,0.0
january_2025,833.6435786730137
uri_2021,2237.1122549748943
none,0.0
elliott_2022,1969.2259083507597
none,0.0
january_2025,90.48986044602506
none,0.0
none,0.0
january_2025,383.1149163926869
none,0.0
uri_2021,4217.7462268731
january_2025,1209.2286066714444
none,0.0
january_2025,187.46310407089877
none,0.0
january_2025,90.54976180035062
elliott_2022,326.6086892542932
elliott_2022,2630.2475260599167
none,0.0
none,0.0
january_2025,966.5226083799274
none,0.0
elliott_2022,2024.8436379935065
january_2025,106.4484473877615
january_2025,379.5895660304534
january_2025,20.261611844135007
elliott_2022,1306.9623721821076
none,0.0
january_2025,1986.769311389055
none,0.0
elliott_2022,2832.5916473069938
elliott_2022,1651.67497141766
none,0.0
none,0.0
elliott_2022,1202.886657355766
january_2025,72.33664198301695
none,0.0
none,0.0
january_2025,1315.0493123673718
january_2025,78.72639752084808
none,0.0
none,0.0
elliott_2022,999.4100432956137
elliott_2022,1913.9643555788887
january_2025,0.01636539311365891
elliott_2022,154.81815429661026
january_2025,672.5878554072494
elliott_2022,1105.9857187298817
none,0.0
none,0.0
none,0.0
january_2025,880.5988768717727
none,0.0
elliott_2022,2922.2343751563244
none,0.0
elliott_2022,2371.9996097651288
none,0.0
none,0.0
none,0.0
none,0.0
none,0.0
none,0.0
uri_2021,3175.65179374245
none,0.0
january_2025,1497.2183267980574
none,0.0
none,0.0
january_2025,144.85106695515393
none,0.0
none,0.0
none,0.0
january_2025,1546.875853831852
uri_2021,2602.0165349631034
none,0.0
none,0.0
none,0.0
none,0.0
none,0.0
elliott_2022,1918.6862642424485
none,0.0
elliott_2022,2311.9071479467543
none,0.0
january_2025,218.32314691858707
january_2025,19.31564170083015
none,0.0
elliott_2022,2345.9952244829105
january_2025,503.3066867553757
january_2025,33.238240094849274
none,0.0
none,0.0
january_2025,768.1594764556254
none,0.0
elliott_2022,2373.687653269778
elliott_2022,1808.2588196853608
none,0.0
january_2025,868.4111559217969
january_2025,794.9307674308477
none,0.0
none,0.0
none,0.0
none,0.0
january_2025,447.631748246636
january_2025,154.9086205892669
none,0.0
elliott_2022,3007.9310476229516
none,0.0
none,0.0
none,0.0
none,0.0
elliott_2022,2155.499311016144
january_2025,998.6174217131485
none,0.0
elliott_2022,3247.318752099339
uri_2021,2427.0535844930314
january_2025,636.9833858586918
january_2025,69.07621356049054
uri_2021,3783.2725208694524
none,0.0
january_2025,505.1325350238226
january_2025,1116.4331767639742
january_2025,1331.450287679827
none,0.0
none,0.0
elliott_2022,340.0638658329354
elliott_2022,2041.6091203717508
none,0.0
january_2025,585.6994425220306
january_2025,156.89559513479077
none,0.0
none,0.0
none,0.0
january_2025,1267.9624037939197
none,0.0
january_2025,162.67421339303223
january_2025,0.0
uri_2021,4834.341034409602
january_2025,107.19299954676299
none,0.0
none,0.0
january_2025,939.9189362021924
none,0.0
none,0.0
none,0.0
none,0.0
none,0.0
none,0.0
none,0.0
uri_2021,2010.030442197363
none,0.0
uri_2021,3138.064773168591
none,0.0
january_2025,1282.362155172667
none,0.0
january_2025,187.02044182226226
elliott_2022,1171.215621762006
none,0.0
january_2025,859.6863780541531
none,0.0
january_2025,823.6295747263199
january_2025,173.22879396779834
none,0.0
none,0.0
none,0.0
january_2025,556.8450098143187
none,0.0
none,0.0
january_2025,701.8302679148136
none,0.0
uri_2021,4374.9998392150255
january_2025,1406.2385072456823
january_2025,791.1926264547413
none,0.0
none,0.0
none,0.0
january_2025,75.76098112384406
none,0.0
none,0.0
january_2025,2051.0650521415546
none,0.0
none,0.0
none,0.0
none,0.0
none,0.0
none,0.0
uri_2021,3924.7380080796147
january_2025,0.02536330362805491
none,0.0
january_2025,903.8488369926945
none,0.0
january_2025,446.64471920261883
none,0.0
january_2025,814.0790762603758
uri_2021,1545.2205184675227
uri_2021,4332.265076155295
january_2025,64.65142573847817
none,0.0
none,0.0
none,0.0
none,0.0
none,0.0
elliott_2022,1528.6963450771873
none,0.0
none,0.0
elliott_2022,92.13411248844437
january_2025,1189.1929987175283
none,0.0
none,0.0
january_2025,117.42509843620692
january_2025,1436.71512212611
none,0.0
january_2025,1099.152706367875
none,0.0
january_2025,1236.8222360032894
uri_2021,3097.348896582219
none,0.0
january_2025,1135.1146976558405
none,0.0
none,0.0
none,0.0
none,0.0
none,0.0
january_2025,162.55114223295058
january_2025,9.091337928456984
elliott_2022,2799.6288103109337
elliott_2022,899.8413518380246
none,0.0
elliott_2022,1817.349047556607
elliott_2022,2407.121426390118
none,0.0
none,0.0
none,0.0
january_2025,242.8495146604786
january_2025,333.03904794443235
none,0.0
elliott_2022,2443.6543709922025
january_2025,594.4342901853915
none,0.0
elliott_2022,475.3231071735307
none,0.0
none,0.0
none,0.0
january_2025,965.2037957768223
uri_2021,4109.264958669475
january_2025,116.09578494252
none,0.0
none,0.0
none,0.0
none,0.0
elliott_2022,1702.8892994296216
none,0.0
elliott_2022,1810.3734328852465
none,0.0
january_2025,495.1002292969968
none,0.0
none,0.0
none,0.0
elliott_2022,956.9467972052643
january_2025,328.92723043821286
none,0.0
none,0.0
none,0.0
january_2025,317.1176914882137
uri_2021,1802.5651572173554
january_2025,1647.2170291030363
january_2025,329.13084204650835
none,0.0
january_2025,704.0368535051308
none,0.0
january_2025,366.7922642574006
none,0.0
january_2025,725.6506147293264
none,0.0
none,0.0
none,0.0
none,0.0
none,0.0
january_2025,336.7910879448274
january_2025,513.1755477434756
none,0.0
january_2025,1121.473535257366
january_2025,289.67014057270814
uri_2021,3278.6551687281267
elliott_2022,2098.9225274354612
uri_2021,1653.741465903071
elliott_2022,1174.0120747865292
elliott_2022,1812.3302351716975
uri_2021,3096.2751826997633
uri_2021,2655.633133642762
none,0.0
none,0.0
elliott_2022,2486.786801072536
none,0.0
elliott_2022,2561.015475517514
uri_2021,3454.9847093579842
january_2025,573.7721332776919
none,0.0
january_2025,1152.3697339535513
elliott_2022,1287.408165150255
none,0.0
elliott_2022,1114.9924954558485
january_2025,575.8038973598939
elliott_2022,2255.9424118419224
none,0.0
elliott_2022,359.3746560981063
none,0.0
january_2025,425.2056233297276
elliott_2022,518.3693180260013
january_2025,673.2226051608478
none,0.0
uri_2021,3585.4385920057093
january_2025,1176.399122761699
none,0.0
elliott_2022,175.94959915924474
elliott_2022,2000.6333481124984
uri_2021,4024.413971361196
january_2025,210.61004707213957
none,0.0
january_2025,464.832863778439
none,0.0
none,0.0
none,0.0
none,0.0
none,0.0
none,0.0
none,0.0
none,0.0
january_2025,1211.2570383353363
none,0.0
none,0.0
none,0.0
none,0.0
none,0.0
none,0.0
none,0.0
none,0.0
none,0.0
none,0.0
january_2025,199.0161587893963
none,0.0
none,0.0
january_2025,376.00772833234447
january_2025,443.1533432882476
january_2025,689.0282811148238
january_2025,1351.990413339334
none,0.0
elliott_2022,554.5566196741934
january_2025,1601.6953209890473
uri_2021,2893.9225083035863
none,0.0
none,0.0
elliott_2022,2070.9543285547993
none,0.0
uri_2021,3513.6386542174096
january_2025,966.0289027240785
none,0.0
january_2025,6.5955772105073605
none,0.0
elliott_2022,2160.0294861066536
january_2025,374.4795720796304
january_2025,557.1808966073189
none,0.0
none,0.0
none,0.0
january_2025,498.47919764794227
elliott_2022,950.5429742564254
none,0.0
none,0.0
elliott_2022,751.4338288043172
none,0.0
january_2025,1114.8146278829443
elliott_2022,1076.4923629350699
january_2025,1482.9914683226284
none,0.0
january_2025,545.4501527930095
none,0.0
none,0.0
elliott_2022,3844.74880009624
january_2025,137.37796591665224
none,0.0
january_2025,547.5556039414249
january_2025,978.3993910960285
elliott_2022,1395.2167623653372
january_2025,140.76343019344745
elliott_2022,1152.506248995286
january_2025,998.5836396016149
none,0.0
none,0.0
none,0.0
none,0.0
none,0.0
none,0.0
none,0.0
none,0.0
elliott_2022,1237.1130374458628
none,0.0
none,0.0
january_2025,1117.975132879502
none,0.0
none,0.0
none,0.0
elliott_2022,2129.202514720086
none,0.0
none,0.0
none,0.0
january_2025,1192.409230774113
elliott_2022,2470.964230636419
none,0.0
uri_2021,2892.0583788084023
january_2025,908.9032040122801
uri_2021,3535.1158967564
elliott_2022,1096.196825251272
elliott_2022,2724.0129600846635
none,0.0
elliott_2022,3700.241037286437
january_2025,462.31770300314906
none,0.0
none,0.0
none,0.0
none,0.0
none,0.0
none,0.0
none,0.0
none,0.0
none,0.0
none,0.0
elliott_2022,858.0637945061551
january_2025,585.1729655489527
january_2025,170.28478608206765
uri_2021,1875.8474831746844
january_2025,1590.7451720152721
elliott_2022,3316.0059016962086
january_2025,307.22256745903235
none,0.0
january_2025,353.2337161755979
none,0.0
none,0.0
none,0.0
elliott_2022,519.6690720509256
none,0.0
elliott_2022,1809.8379226494567
none,0.0
none,0.0
january_2025,1021.806868278207
none,0.0
january_2025,696.5064801583222
none,0.0
january_2025,1408.9506496732097
none,0.0
none,0.0
none,0.0
uri_2021,2998.058745997246
none,0.0
january_2025,1324.7655452334627
none,0.0
none,0.0
none,0.0
january_2025,103.12193580591911
none,0.0
uri_2021,5836.849713555025
elliott_2022,1612.740965992812
elliott_2022,903.2305199992364
none,0.0
none,0.0
none,0.0
elliott_2022,107.19426548276327
none,0.0
none,0.0
none,0.0
none,0.0
uri_2021,2502.4620971415193
january_2025,1209.1333693767253
none,0.0
january_2025,18.79853279998682
none,0.0
elliott_2022,2.980871001120448
elliott_2022,2060.141417043015
none,0.0
none,0.0
none,0.0
none,0.0
none,0.0
january_2025,772.4264238306287
none,0.0
january_2025,575.0775262007694
none,0.0
elliott_2022,1897.8637867480725
elliott_2022,1797.684163925771
none,0.0
january_2025,496.06331748453283
none,0.0
january_2025,167.36809326150575
none,0.0
none,0.0
uri_2021,6048.13242120266
elliott_2022,3474.1044379499863
none,0.0
none,0.0
none,0.0
none,0.0
none,0.0
none,0.0
none,0.0
none,0.0
none,0.0
elliott_2022,4112.654370485143
january_2025,287.70011098316337
january_2025,872.7468707290487
january_2025,420.82534833965997
none,0.0
january_2025,237.8470292244149
elliott_2022,910.5720944423067
elliott_2022,973.0208226144488
none,0.0
elliott_2022,1186.3514279254641
january_2025,378.2780729590808
none,0.0
january_2025,459.5324778861713
none,0.0
none,0.0
none,0.0
january_2025,1618.9518591325798
none,0.0
none,0.0
none,0.0
none,0.0
january_2025,463.4006343593296
none,0.0
january_2025,596.2801357413398
elliott_2022,1120.0440283831856
elliott_2022,807.9401274364042
none,0.0
none,0.0
none,0.0
none,0.0
none,0.0
january_2025,198.63122638246966
none,0.0
none,0.0
none,0.0
none,0.0
january_2025,501.0358897451971
none,0.0
none,0.0
january_2025,22.709132000193886
none,0.0
january_2025,539.142053260674
none,0.0
january_2025,546.6192281861719
none,0.0
none,0.0
january_2025,59.96461958359893
none,0.0
january_2025,336.57363047779353
elliott_2022,920.2153262473084
none,0.0
none,0.0
january_2025,485.4344547368778
none,0.0
january_2025,792.3652465047163
none,0.0
none,0.0
none,0.0
january_2025,660.6562277420179
january_2025,503.0533119273733
january_2025,1302.9023165222284
elliott_2022,2207.150700004187
uri_2021,3019.5565356230363
none,0.0
january_2025,783.5761878588332
none,0.0
none,0.0
elliott_2022,1740.3076699826847
none,0.0
none,0.0
none,0.0
january_2025,1.2263824226700595
elliott_2022,952.7728465867211
january_2025,305.9675652913063
january_2025,0.0
none,0.0
none,0.0
none,0.0
january_2025,1209.2702404192921
none,0.0
none,0.0
uri_2021,1680.253299119631
none,0.0
january_2025,221.81976980815244
none,0.0
elliott_2022,1437.7526467024666
none,0.0
january_2025,1654.5484749833615
uri_2021,2571.413280322848
january_2025,96.743339617825
none,0.0
uri_2021,3027.1886678257583
elliott_2022,1512.6663848332241
january_2025,71.2599611469118
none,0.0
january_2025,375.4285228233718
elliott_2022,1135.4141295519717
january_2025,1115.321162080233
none,0.0
uri_2021,2962.322746295324
none,0.0
none,0.0
uri_2021,3745.562499156147
january_2025,549.6437794437951
none,0.0
january_2025,537.6299379847659
uri_2021,5107.460094536589
elliott_2022,1956.856713564896
none,0.0
none,0.0
none,0.0
none,0.0
none,0.0
none,0.0
january_2025,513.4140954808394
none,0.0
none,0.0
elliott_2022,320.4139015045544
none,0.0
none,0.0
january_2025,72.45792470025165
none,0.0
none,0.0
january_2025,488.512029444574
none,0.0
january_2025,182.57773126829974
none,0.0
uri_2021,2809.9343814625927
none,0.0
uri_2021,2823.015715544626
january_2025,307.84824351009127
uri_2021,2218.3730639347664
none,0.0
none,0.0
none,0.0
uri_2021,5190.986910344637
none,0.0
none,0.0
january_2025,691.4571730092481
elliott_2022,1864.9483021051933
january_2025,237.33867827980964
none,0.0
none,0.0
january_2025,280.67977479365493
none,0.0
none,0.0
none,0.0
none,0.0
none,0.0
january_2025,339.38429968589077
elliott_2022,2544.9906863552555
none,0.0
january_2025,424.52301736407276
none,0.0
none,0.0
january_2025,1118.3177643258546
none,0.0
none,0.0
elliott_2022,1350.1386880771242
none,0.0
uri_2021,1521.1206498036627
none,0.0
none,0.0
january_2025,684.9011795411557
elliott_2022,2344.274549090962
january_2025,495.1350824224694
none,0.0
none,0.0
none,0.0
none,0.0
none,0.0
none,0.0
january_2025,1701.707074880209
none,0.0
elliott_2022,1615.8686489379566
january_2025,1110.8574873297073
none,0.0
january_2025,0.0
none,0.0
none,0.0
none,0.0
none,0.0
elliott_2022,2765.103430063015
none,0.0
january_2025,578.0451514134525
none,0.0
january_2025,92.16197499916477
elliott_2022,972.6158507985404
none,0.0
none,0.0
none,0.0
none,0.0
january_2025,460.78198263136284
uri_2021,2862.1661297423566
elliott_2022,1489.0031233455393
none,0.0
none,0.0
none,0.0
elliott_2022,975.0898967579594
january_2025,149.17327989697816
january_2025,1974.1325115344935
none,0.0
none,0.0
january_2025,1217.1005511158955
none,0.0
none,0.0
none,0.0
january_2025,218.00103695404152
none,0.0
none,0.0
none,0.0
january_2025,668.2382725671956
none,0.0
january_2025,562.546715556791
none,0.0
none,0.0
none,0.0
none,0.0
uri_2021,4333.18857534756
january_2025,510.49389956593217
january_2025,93.03677114038035
elliott_2022,592.631339352285
none,0.0
january_2025,179.52030280386182
january_2025,72.3833011341708
january_2025,1.2178250974876488
elliott_2022,2712.929953487835
none,0.0
none,0.0
elliott_2022,84.41504195636936
none,0.0
uri_2021,1955.3943059032551
none,0.0
none,0.0
elliott_2022,1444.872883392539
none,0.0
none,0.0
none,0.0
none,0.0
elliott_2022,969.3991622532394
elliott_2022,490.18707966804595
none,0.0
none,0.0
elliott_2022,1064.4311017109235
none,0.0
none,0.0
none,0.0
elliott_2022,2857.6564429116643
none,0.0
none,0.0
none,0.0
none,0.0
january_2025,927.6069892706644
none,0.0
january_2025,153.04698431112374
uri_2021,2131.4256887028955
january_2025,25.12664666197292
none,0.0
none,0.0
none,0.0
none,0.0
none,0.0
none,0.0
january_2025,365.0441622362456
january_2025,434.5265674292011
january_2025,1041.0003518646333
none,0.0
none,0.0
january_2025,1122.0157757963868
none,0.0
none,0.0
elliott_2022,2879.5028027338135
uri_2021,2515.760899949508
january_2025,530.2580545205876
elliott_2022,179.95099829310826
january_2025,1000.5529979258398
none,0.0
elliott_2022,968.2391965177279
january_2025,1589.2210417666872
none,0.0
uri_2021,2421.0989150383975
uri_2021,3328.403063696366
none,0.0
none,0.0
none,0.0
none,0.0
none,0.0
none,0.0
uri_2021,1635.6399646931854
january_2025,82.15217709526449
uri_2021,3420.7714142181676
january_2025,3.7648613582935706
none,0.0
elliott_2022,1369.9512520769983
none,0.0
uri_2021,4594.662093564858
none,0.0
none,0.0
january_2025,0.0
none,0.0
none,0.0
none,0.0
none,0.0
january_2025,1778.9120680995322
january_2025,336.5837282285443
none,0.0
none,0.0
none,0.0
none,0.0
january_2025,122.76565488078853
none,0.0
none,0.0
none,0.0
none,0.0
none,0.0
none,0.0
january_2025,840.1346497468115
none,0.0
none,0.0
none,0.0
january_2025,737.787754559972
none,0.0
january_2025,186.9307831011049
elliott_2022,1261.8212860787582
none,0.0
none,0.0
january_2025,1201.792768863998
january_2025,6.4839105230743925
january_2025,725.6143985343098
none,0.0
january_2025,124.45389707532804
none,0.0
none,0.0
january_2025,69.05918313435572
none,0.0
elliott_2022,1538.4139069907442
none,0.0
none,0.0
none,0.0
none,0.0
none,0.0
none,0.0
uri_2021,4073.341255915491
elliott_2022,1457.3451435848567
elliott_2022,1670.3440737215249
none,0.0
none,0.0
january_2025,83.22616379328441
uri_2021,2116.654852656752
january_2025,498.393566974561
none,0.0
elliott_2022,1472.8784369918035
none,0.0
none,0.0
none,0.0
elliott_2022,2790.9597180177398
none,0.0
january_2025,585.2616121408402
none,0.0
none,0.0
january_2025,41.980540482779425
none,0.0
none,0.0
january_2025,591.8254550102486
january_2025,913.91077750747
none,0.0
none,0.0
elliott_2022,2129.7109632832726
january_2025,821.4109462072198
none,0.0
january_2025,342.40656995719826
none,0.0
january_2025,496.03824147594173
elliott_2022,1836.219640583884
none,0.0
none,0.0
january_2025,317.8541599030646
uri_2021,2860.8244279197215
january_2025,103.84424585524445
january_2025,272.03488155808367
uri_2021,1917.903217336953
none,0.0
january_2025,5.702544261837336
january_2025,948.5891538832668
none,0.0
january_2025,496.7748825326332
none,0.0
none,0.0
none,0.0
none,0.0
january_2025,1131.2719542059833
elliott_2022,1076.6264862870676
none,0.0
elliott_2022,2175.114146980671
none,0.0
none,0.0
none,0.0
none,0.0
elliott_2022,3075.7601482669666
january_2025,1241.5347958178122
none,0.0
none,0.0
january_2025,304.96077891727714
none,0.0
january_2025,148.80630489557217
none,0.0
january_2025,1145.357064810572
none,0.0
none,0.0
none,0.0
january_2025,259.5905281587761
january_2025,695.6532159986199
none,0.0
none,0.0
none,0.0
none,0.0
january_2025,51.90463718207623
january_2025,581.9070224943092
none,0.0
none,0.0
none,0.0
january_2025,595.0780947073121
none,0.0
january_2025,378.12856246150176
none,0.0
none,0.0
elliott_2022,1037.587821309541
january_2025,379.88509127212586
none,0.0
elliott_2022,1985.875451142622
elliott_2022,2609.2835887653864
january_2025,1628.52164980766
none,0.0
none,0.0
none,0.0
january_2025,629.8618199080066
none,0.0
january_2025,736.1903406189183
uri_2021,3784.989259321846
january_2025,577.6303165009527
none,0.0
none,0.0
none,0.0
january_2025,1078.846792866534
none,0.0
none,0.0
none,0.0
january_2025,87.014092751574
january_2025,1266.5110044391122
january_2025,255.02840903770377
none,0.0
january_2025,681.3654654880373
elliott_2022,1165.5544781334504
elliott_2022,2909.4351934529714
uri_2021,2722.5826121598257
elliott_2022,2962.19845690846
january_2025,928.9120185778124
none,0.0
uri_2021,1755.592292846872
none,0.0
none,0.0
uri_2021,1690.2975873234668
uri_2021,3194.590992347871
none,0.0
uri_2021,929.1601688169003
none,0.0
none,0.0
none,0.0
january_2025,1126.8976799493703
none,0.0
january_2025,311.729467329627
none,0.0
none,0.0
january_2025,643.6694806007007
january_2025,1884.2443987983893
none,0.0
none,0.0
elliott_2022,869.9901482315531
january_2025,83.68162596006152
uri_2021,1808.6635230270624
none,0.0
uri_2021,2562.4722836487463
uri_2021,2929.278217713476
elliott_2022,3009.0621945782723
none,0.0
january_2025,814.465820339249
none,0.0
elliott_2022,743.1190032825168
none,0.0
january_2025,167.63003707308135
none,0.0
none,0.0
none,0.0
none,0.0
none,0.0
january_2025,277.49804475666775
january_2025,6.90545102507763
elliott_2022,1317.9746335421003
elliott_2022,712.6834616568407
none,0.0
january_2025,1057.9427041066572
none,0.0
january_2025,969.5794938829338
none,0.0
none,0.0
elliott_2022,590.2024430216609
january_2025,895.950562047233
none,0.0
january_2025,1082.362173378651
none,0.0
january_2025,72.58681368298927
january_2025,31.06518714730507
none,0.0
none,0.0
none,0.0
january_2025,467.0356609310724
none,0.0
january_2025,416.7493517660397
january_2025,572.4718480144232
none,0.0
none,0.0
none,0.0
january_2025,250.88258266508768
none,0.0
january_2025,522.2620816992987
january_2025,245.96465469196608
elliott_2022,1741.7200775571223
elliott_2022,2333.3120002713786
none,0.0
january_2025,2.3828126086793793
january_2025,44.56971496753751
none,0.0
none,0.0
none,0.0
january_2025,528.6657343947696
none,0.0
none,0.0
uri_2021,4115.086992262142
january_2025,333.5529668311751
none,0.0
elliott_2022,1373.6526111332664
january_2025,867.1329148071131
january_2025,474.56246326281
none,0.0
uri_2021,4720.456354323147
january_2025,1010.8876799337103
none,0.0
none,0.0
none,0.0
none,0.0
none,0.0
none,0.0
elliott_2022,2025.8999889802944
january_2025,850.0120602865384
none,0.0
none,0.0
uri_2021,2183.474282795234
none,0.0
none,0.0
none,0.0
none,0.0
none,0.0
january_2025,1084.9711816245622
january_2025,992.0044973977925
none,0.0
january_2025,797.2461836312781
none,0.0
january_2025,282.37299030994535
uri_2021,1683.5773299502694
january_2025,443.07772478555233
january_2025,633.4970301477981
none,0.0
none,0.0
uri_2021,4205.604580064753
none,0.0
none,0.0
january_2025,67.79042146233165
none,0.0
none,0.0
january_2025,695.754239970521
none,0.0
elliott_2022,397.867326325907
none,0.0
january_2025,632.3631030543645
january_2025,1100.771593789381
none,0.0
elliott_2022,2908.920527982647
january_2025,920.8815647677919
january_2025,565.7280744151908
january_2025,641.4190471550519
january_2025,365.7089026122294
none,0.0
elliott_2022,1753.311015814601
none,0.0
none,0.0
none,0.0
none,0.0
uri_2021,2231.284999203958
none,0.0
none,0.0
elliott_2022,2828.326308336575
elliott_2022,823.631813698798
none,0.0
elliott_2022,2039.290507303034
none,0.0
january_2025,534.2315059103184
none,0.0
none,0.0
uri_2021,980.3042463284747
uri_2021,3339.693998275882
january_2025,115.29861691395469
none,0.0
elliott_2022,2592.8435503779206
none,0.0
january_2025,141.8812778842451
none,0.0
none,0.0
none,0.0
none,0.0
none,0.0
january_2025,408.33117191751035
january_2025,318.4998965284685
elliott_2022,2619.331999669721
elliott_2022,1381.706751119123
none,0.0
uri_2021,1217.8452286395598
elliott_2022,120.30106690732613
none,0.0
january_2025,624.1537464526803
none,0.0
none,0.0
none,0.0
none,0.0
none,0.0
uri_2021,217.85052336025694
elliott_2022,1518.1213523477365
none,0.0
elliott_2022,939.2770196561885
none,0.0
none,0.0
january_2025,607.2531740511222
none,0.0
january_2025,307.84209437808676
elliott_2022,1440.7772507660754
none,0.0
none,0.0
none,0.0
none,0.0
none,0.0
january_2025,24.5311095682866
none,0.0
january_2025,268.9260100041619
none,0.0
none,0.0
january_2025,46.738343255940066
elliott_2022,2163.220855853256
none,0.0
none,0.0
january_2025,819.9715578514679
none,0.0
none,0.0
none,0.0
none,0.0
january_2025,458.54694393809916
january_2025,937.3838586654426
elliott_2022,1524.7306386846658
none,0.0
january_2025,337.2131132785176
january_2025,1915.8615458616614
uri_2021,3813.3933677490268
uri_2021,3710.941041406377
none,0.0
none,0.0
elliott_2022,1495.854009695766
none,0.0
january_2025,1535.965675951673
elliott_2022,1909.0606057154127
elliott_2022,1341.149129685018
none,0.0
january_2025,374.9401959985393
none,0.0
none,0.0
january_2025,13.756398976269246
none,0.0
january_2025,200.7762428373019
none,0.0
none,0.0
elliott_2022,812.3210888938463
elliott_2022,793.7047451957126
none,0.0
none,0.0
none,0.0
none,0.0
none,0.0
january_2025,110.77109703797015
january_2025,209.67929022774985
none,0.0
none,0.0
none,0.0
none,0.0
elliott_2022,309.17534131761545
none,0.0
none,0.0
elliott_2022,2149.8516430209224
elliott_2022,1832.584522053512
none,0.0
none,0.0
none,0.0
january_2025,7.09040344589467
none,0.0
none,0.0
elliott_2022,1261.0374323436256
none,0.0
none,0.0
none,0.0
none,0.0
none,0.0
elliott_2022,2760.962588608804
uri_2021,5029.8801979802865
uri_2021,2613.9469066730962
none,0.0
uri_2021,4326.113743324441
elliott_2022,1009.5187209515335
none,0.0
january_2025,1813.7816081711774
january_2025,1514.10325972873
none,0.0
january_2025,1163.4515076696705
january_2025,230.02334106212837
none,0.0
january_2025,224.40405977497917
none,0.0
none,0.0
none,0.0
none,0.0
none,0.0
none,0.0
none,0.0
none,0.0
none,0.0
january_2025,287.5428733483762
elliott_2022,1829.381662388363
none,0.0
none,0.0
elliott_2022,587.455489005164
none,0.0
january_2025,817.6966557448084
january_2025,533.7504198035629
january_2025,674.2523345123816
uri_2021,4691.752509785622
none,0.0
none,0.0
uri_2021,2409.5721325890377
january_2025,510.19672802757316
none,0.0
uri_2021,3507.3504644845752
elliott_2022,1690.7079023826805
elliott_2022,388.2318863979727
none,0.0
none,0.0
elliott_2022,733.282279335075
none,0.0
january_2025,389.27393476575287
elliott_2022,3024.10332597771
january_2025,528.2632958624863
none,0.0
january_2025,656.4124851329119
uri_2021,4026.3984655617505
none,0.0
none,0.0
january_2025,553.294575762602
none,0.0
none,0.0
none,0.0
elliott_2022,2621.3888411428316
january_2025,959.6140282564936
elliott_2022,2512.769585904844
none,0.0
none,0.0
elliott_2022,4081.176561732578
january_2025,144.67911621883877
uri_2021,2969.27159390889
none,0.0
none,0.0
january_2025,895.5757295647013
none,0.0
none,0.0
none,0.0
january_2025,303.7529170539997
january_2025,526.0112379800245
january_2025,525.9273275831335
none,0.0
uri_2021,3086.5739578542225
uri_2021,1180.852037532916
none,0.0
january_2025,6.091978312818752
none,0.0
january_2025,2159.5014335619467
january_2025,633.541769552269
none,0.0
none,0.0
none,0.0
none,0.0
january_2025,0.9859626939859533
none,0.0
uri_2021,3350.123706426517
none,0.0
none,0.0
january_2025,646.0174345863376
january_2025,995.989946905815
elliott_2022,2843.4547545409437
elliott_2022,1065.3647347294436
uri_2021,4714.951161976285
january_2025,393.4188830799734
january_2025,501.89071659484165
none,0.0
none,0.0
none,0.0
none,0.0
january_2025,724.1473975206189
none,0.0
january_2025,562.4391414116271
uri_2021,3697.5068309564635
none,0.0
january_2025,854.4824614555938
none,0.0
none,0.0
none,0.0
none,0.0
none,0.0
none,0.0
january_2025,920.3647897538386
january_2025,161.73697856938728
uri_2021,1963.92372324798
elliott_2022,2156.369476162166
january_2025,298.85685885110854
january_2025,1402.7174408125666
january_2025,31.230747963324486
none,0.0
january_2025,892.7890383589045
january_2025,161.45494889386163
elliott_2022,3411.0434629077895
none,0.0
elliott_2022,1540.3818678843832
none,0.0
none,0.0
january_2025,38.26413534994776
none,0.0
none,0.0
none,0.0
none,0.0
elliott_2022,147.8443388375457
elliott_2022,1691.0287282450688
none,0.0
none,0.0
january_2025,642.347717200145
none,0.0
january_2025,892.2164624371317
elliott_2022,2028.3458360159625
elliott_2022,1663.3681518407607
january_2025,927.986556445024
january_2025,162.10605472300117
none,0.0
elliott_2022,2538.152697831609
none,0.0
none,0.0
january_2025,335.07878608043006
none,0.0
elliott_2022,2840.7633284648805
january_2025,1394.1452964488892
uri_2021,4202.854119240773
none,0.0
january_2025,481.08589274816774
none,0.0
none,0.0
none,0.0
elliott_2022,1146.8360144565565
none,0.0
january_2025,522.7773208013516
uri_2021,2589.545821170256
none,0.0
elliott_2022,1163.8596988577995
january_2025,75.90786118356141
january_2025,512.4165696368174
none,0.0
elliott_2022,290.7535109629849
uri_2021,1819.7988723063136
none,0.0
none,0.0
january_2025,274.77065241579896
none,0.0
none,0.0
elliott_2022,2397.8836847865505
january_2025,430.6830093810049
none,0.0
none,0.0
january_2025,33.44351835865046
none,0.0
january_2025,43.51195561791612
none,0.0
none,0.0
elliott_2022,2110.9527636413313
none,0.0
january_2025,8.331058344158711
january_2025,0.18314985128199457
january_2025,1412.478703805703
none,0.0
elliott_2022,366.00669855659504
none,0.0
none,0.0
none,0.0
january_2025,372.44755742953026
january_2025,0.6001542713595857
january_2025,32.57432210071443
elliott_2022,1726.431023229199
none,0.0
none,0.0
none,0.0
none,0.0
january_2025,198.2176547509209
january_2025,573.2063031821145
none,0.0
none,0.0
none,0.0
january_2025,1146.2289565339447
none,0.0
none,0.0
none,0.0
january_2025,654.225065237717
none,0.0
none,0.0
none,0.0
none,0.0
elliott_2022,2237.8003570354226
none,0.0
none,0.0
none,0.0
none,0.0
january_2025,458.3616789155864
none,0.0
january_2025,1203.2564399012797
january_2025,384.4907578584333
none,0.0
none,0.0
none,0.0
none,0.0
none,0.0
january_2025,321.8045394354528
none,0.0
january_2025,634.9012246964816
none,0.0
elliott_2022,1807.8093887342927
uri_2021,4706.5498586228905
january_2025,754.3749985840103
none,0.0
january_2025,1810.26278969779
january_2025,1181.0344176657034
none,0.0
january_2025,154.1653841310967
none,0.0
none,0.0
none,0.0
none,0.0
none,0.0
none,0.0
none,0.0
none,0.0
none,0.0
uri_2021,2950.7783509436435
none,0.0
none,0.0
uri_2021,3317.7178316759832
none,0.0
elliott_2022,2474.817276635919
none,0.0
uri_2021,5204.944096413489
none,0.0
january_2025,227.9131370152382
none,0.0
none,0.0
none,0.0
none,0.0
january_2025,273.0076597018725
january_2025,526.6806271162578
january_2025,1414.8278934487878
none,0.0
none,0.0
january_2025,2.59752678439536
none,0.0
uri_2021,2072.9362088679936
january_2025,447.71793221934934
january_2025,105.38751694988227
none,0.0
none,0.0
none,0.0
uri_2021,1401.4252093414686
none,0.0
january_2025,1226.301486772127
none,0.0
none,0.0
none,0.0
january_2025,17.998705641672757
uri_2021,3563.9253499911933
none,0.0
january_2025,118.49205922893019
none,0.0
none,0.0
none,0.0
none,0.0
none,0.0
january_2025,70.35245265417375
none,0.0
january_2025,111.93034123969416
january_2025,774.1128230887491
none,0.0
elliott_2022,2276.502762287781
none,0.0
elliott_2022,1483.5860002789245
january_2025,2112.116022124702
january_2025,254.61179626317002
none,0.0
elliott_2022,1530.932842408333
january_2025,384.2605075268615
january_2025,329.82866835345226
none,0.0
none,0.0
january_2025,555.0968356138682
none,0.0
none,0.0
january_2025,989.0197852978666
none,0.0
none,0.0
january_2025,965.3226298099995
none,0.0
none,0.0
elliott_2022,1967.086918682675
january_2025,95.0898071479227
january_2025,92.42918774819987
january_2025,673.8409123711849
none,0.0
january_2025,1205.7526671681114
january_2025,2147.272548430188
none,0.0
none,0.0
none,0.0
none,0.0
january_2025,263.3478151377726
elliott_2022,1360.2677415162786
elliott_2022,1871.26293074951
january_2025,4.541794390830395
none,0.0
none,0.0
january_2025,809.9349093644541
none,0.0
none,0.0
january_2025,1456.2072562406072
none,0.0
january_2025,1665.6026329582598
january_2025,611.7154053067151
none,0.0
january_2025,377.32743304081623
january_2025,404.1252932667985
none,0.0
none,0.0
none,0.0
uri_2021,4725.127030351221
none,0.0
none,0.0
none,0.0
none,0.0
elliott_2022,269.21163989361247
none,0.0
january_2025,0.0
elliott_2022,1309.4211403474837
none,0.0
none,0.0
none,0.0
none,0.0
none,0.0
january_2025,523.025129990221
none,0.0
elliott_2022,2071.5788205478443
january_2025,258.74081663033604
january_2025,947.3869114209145
none,0.0
january_2025,668.0366738112372
none,0.0
none,0.0
none,0.0
none,0.0
uri_2021,2415.0126549819547
none,0.0
none,0.0
none,0.0
none,0.0
none,0.0
none,0.0
january_2025,17.343153982206676
none,0.0
none,0.0
none,0.0
none,0.0
none,0.0
none,0.0
none,0.0
none,0.0
none,0.0
none,0.0
january_2025,584.9362385951874
uri_2021,1976.6336287154807
none,0.0
none,0.0
none,0.0
none,0.0
elliott_2022,853.121602597646
none,0.0
none,0.0
uri_2021,3310.768163088016
january_2025,657.4559677910248
january_2025,248.85978141206866
january_2025,975.0031076660455
none,0.0
january_2025,1566.993985924655
none,0.0
none,0.0
none,0.0
none,0.0
january_2025,856.9568661523659
january_2025,729.9485546286732
none,0.0
january_2025,474.0912988111776
none,0.0
none,0.0
january_2025,491.13808550033264
none,0.0
january_2025,74.6127787904763
elliott_2022,1560.0347212168579
january_2025,0.0
january_2025,60.25744149626675
none,0.0
none,0.0
none,0.0
january_2025,0.0
none,0.0
none,0.0
uri_2021,3377.685557497567
none,0.0
none,0.0
none,0.0
january_2025,371.7183819778948
none,0.0
january_2025,467.8903791353606
none,0.0
uri_2021,3778.355013316678
none,0.0
none,0.0
january_2025,21.99362558195833
elliott_2022,2734.6522998542805
none,0.0
none,0.0
none,0.0
elliott_2022,736.957352104354
january_2025,162.8341787568694
january_2025,772.8902993859627
uri_2021,2084.696102204624
january_2025,106.17005172910149
january_2025,798.3723695614367
none,0.0
none,0.0
none,0.0
none,0.0
elliott_2022,1973.0113052976435
january_2025,1053.4496061459856
january_2025,227.70021487475373
january_2025,802.7449917122672
january_2025,269.3865472236458
none,0.0
none,0.0
uri_2021,3182.218820784268
none,0.0
none,0.0
none,0.0
none,0.0
none,0.0
elliott_2022,0.4637766666666667
none,0.0
none,0.0
none,0.0
none,0.0
none,0.0
uri_2021,3885.8455911453425
none,0.0
elliott_2022,605.1984803068995
elliott_2022,975.3886668553737
uri_2021,2427.8331025580856
none,0.0
none,0.0
none,0.0
january_2025,752.0503823634714
none,0.0
elliott_2022,1550.7261383358746
none,0.0
none,0.0
january_2025,544.057641596271
january_2025,977.0452666190998
none,0.0
none,0.0
none,0.0
none,0.0
none,0.0
elliott_2022,956.3942448923208
none,0.0
elliott_2022,2630.5604992726353
none,0.0
none,0.0
none,0.0
none,0.0
january_2025,236.84233200535945
none,0.0
elliott_2022,2382.9738577940766
january_2025,467.36437445453475
none,0.0
none,0.0
none,0.0
january_2025,44.40513053953971
none,0.0
january_2025,442.28967625656014
none,0.0
elliott_2022,1382.9559548689347
elliott_2022,3477.3480961975797
january_2025,235.71209586445661
none,0.0
none,0.0
none,0.0
none,0.0
none,0.0
none,0.0
none,0.0
elliott_2022,2461.486595649264
elliott_2022,2708.725193714817
january_2025,118.40888228178672
none,0.0
none,0.0
elliott_2022,808.9908468774432
none,0.0
none,0.0
none,0.0
none,0.0
uri_2021,3547.2688022178436
uri_2021,2987.748620620367
none,0.0
january_2025,415.3917293936816
none,0.0
january_2025,136.3245106191777
elliott_2022,1774.2065050690137
january_2025,213.60311592511343
none,0.0
none,0.0
elliott_2022,68.64481197111171
uri_2021,3948.215592183113
january_2025,2380.613735766762
elliott_2022,290.5677838470612
none,0.0
none,0.0
uri_2021,3043.5375743421614
none,0.0
none,0.0
none,0.0
none,0.0
none,0.0
january_2025,1102.437738188458
january_2025,588.4682001856004
none,0.0
none,0.0
elliott_2022,1213.2671593576697
elliott_2022,1621.5020239446324
none,0.0
elliott_2022,1905.7423236763623
january_2025,9.69972971977426
none,0.0
none,0.0
none,0.0
none,0.0
none,0.0
january_2025,784.0202998083286
january_2025,1077.953799500751
elliott_2022,834.746307924253
elliott_2022,1891.8683604763137
none,0.0
elliott_2022,3278.308301838523
none,0.0
none,0.0
none,0.0
none,0.0
elliott_2022,780.243469915142
none,0.0
none,0.0
january_2025,330.41199127688435
uri_2021,2913.1238030385675
none,0.0
elliott_2022,2351.726984561396
january_2025,20.829879591588554
none,0.0
january_2025,79.45812560366821
none,0.0
january_2025,853.7689171042774
none,0.0
none,0.0
none,0.0
none,0.0
uri_2021,3119.8091014032616
january_2025,468.73594833053704
january_2025,618.6563442697678
none,0.0
january_2025,1120.1220487806584
none,0.0
none,0.0
uri_2021,3146.849248955267
january_2025,737.4842784868865
none,0.0
january_2025,735.908350579859
none,0.0
january_2025,1114.4909792314077
none,0.0
elliott_2022,2630.3345840255524
uri_2021,2355.636301767464
january_2025,1929.028682423075
none,0.0
none,0.0
none,0.0
none,0.0
none,0.0
january_2025,357.52792727834293
none,0.0
none,0.0
uri_2021,5299.755122111433
none,0.0
uri_2021,2828.639176735871
none,0.0
none,0.0
none,0.0
january_2025,185.95920618881513
elliott_2022,2552.3660549911024
none,0.0
january_2025,0.20087012556595565
none,0.0
none,0.0
none,0.0
none,0.0
none,0.0
none,0.0
january_2025,1104.275435913769
none,0.0
none,0.0
none,0.0
uri_2021,3049.668667118006
none,0.0
none,0.0
none,0.0
january_2025,8.550640319429323
none,0.0
january_2025,113.55548684425385
january_2025,147.23717434605751
none,0.0
elliott_2022,3163.2988768915284
uri_2021,4043.2830715285727
none,0.0
none,0.0
january_2025,692.3906010052468
none,0.0
elliott_2022,1366.2668404041929
uri_2021,2023.9603131832027
none,0.0
january_2025,424.4022228771085
none,0.0
january_2025,612.9854347297519
none,0.0
none,0.0
uri_2021,2928.4160622515888
none,0.0
elliott_2022,2517.230058982984
none,0.0
elliott_2022,2172.196166200755
none,0.0
none,0.0
none,0.0
january_2025,716.3734810123474
none,0.0
none,0.0
january_2025,1089.8187752471924
january_2025,900.3447576936613
none,0.0
january_2025,727.4777278320599
none,0.0
elliott_2022,486.14980563961234
elliott_2022,4.695758333333333
none,0.0
january_2025,453.90911289874845
none,0.0
none,0.0
january_2025,608.0870162239815
january_2025,119.97615570313783
none,0.0
elliott_2022,1554.8563837856227
elliott_2022,2633.40503102876
none,0.0
none,0.0
none,0.0
january_2025,898.6184347827729
none,0.0
elliott_2022,1226.8325578416773
none,0.0
none,0.0
uri_2021,1172.3556374101586
elliott_2022,1713.2538542934815
none,0.0
none,0.0
january_2025,700.923181228784
january_2025,128.4233387215575
elliott_2022,1393.6538759480943
january_2025,304.4564879459586
none,0.0
none,0.0
none,0.0
none,0.0
none,0.0
january_2025,897.7124509791311
uri_2021,4236.9511353503185
elliott_2022,678.6145562828323
none,0.0
january_2025,754.9348328442999
none,0.0
elliott_2022,3110.652582572923
none,0.0
none,0.0
none,0.0
none,0.0
uri_2021,1695.8573661439848
elliott_2022,1942.4668121303973
none,0.0
none,0.0
january_2025,248.5017948093628
january_2025,2532.7989466666663
elliott_2022,2591.795164774513
january_2025,351.7812245669573
elliott_2022,232.55849196134827
january_2025,848.9890656249179
none,0.0
uri_2021,1309.6546142467841
none,0.0
none,0.0
january_2025,2.195835319839648
january_2025,1307.4804299002078
january_2025,784.848638629031
january_2025,452.25432824011136
none,0.0
elliott_2022,824.3753427309325
january_2025,601.4503482420956
none,0.0
january_2025,476.04682124258187
none,0.0
none,0.0
none,0.0
none,0.0
none,0.0
none,0.0
january_2025,882.3478600405437
none,0.0
none,0.0
none,0.0
january_2025,1019.6921633301973
elliott_2022,2215.1641892533926
january_2025,31.69752826829232
elliott_2022,2087.623603713919
january_2025,538.0770457333949
elliott_2022,3320.3503542054464
none,0.0
elliott_2022,2097.4438157405507
none,0.0
none,0.0
none,0.0
none,0.0
january_2025,239.93039908252504
none,0.0
elliott_2022,2188.774644896647
none,0.0
none,0.0
none,0.0
none,0.0
none,0.0
none,0.0
none,0.0
january_2025,933.4659871093577
none,0.0
none,0.0
january_2025,151.25006017915013
january_2025,419.2458634089212
january_2025,515.0715303939514
none,0.0
none,0.0
none,0.0
uri_2021,3517.704956005037
none,0.0
elliott_2022,3797.820083754676
none,0.0
elliott_2022,2828.8634451805624
uri_2021,2261.3393121612826
january_2025,1151.4978494219667
elliott_2022,1462.1985924786604
elliott_2022,798.5924782318659
none,0.0
none,0.0
uri_2021,4643.779419002791
january_2025,105.65050838353415
elliott_2022,123.1571029208947
none,0.0
january_2025,1019.8679643221699
january_2025,363.7100993532881
january_2025,433.12745758294375
uri_2021,4339.266512387257
elliott_2022,3612.2632123943067
elliott_2022,2071.4290505803438
none,0.0
none,0.0
none,0.0
none,0.0
january_2025,1098.1715701560604
none,0.0
none,0.0
uri_2021,3629.938803491723
none,0.0
elliott_2022,1750.6014285656909
january_2025,373.1139708967673
none,0.0
none,0.0
january_2025,3.8181666996679424
none,0.0
uri_2021,4621.518605273211
elliott_2022,1660.688273542448
january_2025,273.2785397915203
january_2025,990.5755278365426
none,0.0
none,0.0
january_2025,757.2208059831038
none,0.0
none,0.0
uri_2021,2565.2789841480044
none,0.0
none,0.0
none,0.0
none,0.0
none,0.0
uri_2021,3651.0979128048793
none,0.0
none,0.0
none,0.0
none,0.0
none,0.0
none,0.0
january_2025,1132.7761729724846
elliott_2022,2869.436080156654
none,0.0
none,0.0
none,0.0
january_2025,120.96380728753944
elliott_2022,2454.462567115829
none,0.0
january_2025,584.2810429913752
elliott_2022,1656.8216530597447
january_2025,33.81609572212168
none,0.0
none,0.0
january_2025,119.58115579408374
none,0.0
none,0.0
none,0.0
none,0.0
none,0.0
january_2025,726.9679470336015
uri_2021,3522.9043476496645
elliott_2022,876.2400759525435
none,0.0
elliott_2022,1922.2036224206313
none,0.0
none,0.0
none,0.0
none,0.0
none,0.0
elliott_2022,1946.7000469769375
january_2025,14.11370652628806
uri_2021,4787.302018788962
january_2025,258.9714259931964
uri_2021,5166.592281171944
none,0.0
january_2025,0.0
uri_2021,3488.392383544205
elliott_2022,1795.7229850646556
none,0.0
none,0.0
january_2025,6.7835293941730175
none,0.0
none,0.0
uri_2021,4287.871478278644
none,0.0
none,0.0
january_2025,153.0529492537127
elliott_2022,739.9745113723916
none,0.0
january_2025,204.62768769104895
none,0.0
january_2025,791.0848162531704
none,0.0
none,0.0
none,0.0
none,0.0
none,0.0
none,0.0
january_2025,677.8510738081656
january_2025,1246.9894164031641
none,0.0
january_2025,464.9663786527508
none,0.0
january_2025,631.4267997409762
january_2025,1168.6061481937538
none,0.0
january_2025,1495.9495077502227
none,0.0
elliott_2022,2349.56412767422
elliott_2022,1545.2712953821963
none,0.0
january_2025,383.13547607702554
none,0.0
january_2025,823.6310845639722
uri_2021,4521.471542052189
january_2025,294.0926136326561
none,0.0
none,0.0
uri_2021,2980.1680233192546
none,0.0
none,0.0
none,0.0
january_2025,8.814485644356788
none,0.0
none,0.0
january_2025,217.72592064724233
none,0.0
none,0.0
january_2025,615.5141830738108
none,0.0
none,0.0
january_2025,122.89258677244798
none,0.0
none,0.0
elliott_2022,2410.74743878784
january_2025,485.3259730164587
none,0.0
none,0.0
january_2025,8.269912318470405
january_2025,1131.9266857395457
none,0.0
none,0.0
none,0.0
elliott_2022,1974.819983842656
january_2025,595.0568293764707
elliott_2022,1698.3431402391154
january_2025,792.8637445137406
elliott_2022,2221.936419423688
uri_2021,2967.3100669757705
january_2025,111.24776587060632
none,0.0
none,0.0
january_2025,162.84680489957393
uri_2021,2362.442646767357
none,0.0
january_2025,0.0
none,0.0
january_2025,892.8317970982984
none,0.0
none,0.0
elliott_2022,749.9434383503195
january_2025,126.41131154763524
january_2025,1841.4178114281096
none,0.0
elliott_2022,1413.7149185432602
none,0.0
none,0.0
none,0.0
none,0.0
january_2025,706.1075089140357
uri_2021,4308.67900684547
none,0.0
none,0.0
none,0.0
january_2025,697.5584587064158
none,0.0
january_2025,117.16818718613621
none,0.0
january_2025,430.632900369214
january_2025,143.93962327091072
none,0.0
none,0.0
january_2025,1386.3504158469905
january_2025,354.44402674497803
none,0.0
none,0.0
january_2025,1096.7020016489896
none,0.0
january_2025,1182.1441888840325
none,0.0
january_2025,514.6620631924652
elliott_2022,424.5694917018212
none,0.0
elliott_2022,1482.2055593391099
elliott_2022,106.5747679494857
none,0.0
none,0.0
elliott_2022,1205.3205517296888
january_2025,810.2863978899959
none,0.0
none,0.0
none,0.0
none,0.0
none,0.0
none,0.0
january_2025,196.34040996447592
january_2025,396.0130479518019
none,0.0
january_2025,1885.0741150802235
none,0.0
none,0.0
none,0.0
none,0.0
none,0.0
january_2025,201.00703943918438
none,0.0
january_2025,512.4003401978864
elliott_2022,990.2111437998689
uri_2021,2724.0846209176366
none,0.0
january_2025,496.43253753723
none,0.0
none,0.0
none,0.0
none,0.0
uri_2021,1845.9582357803433
none,0.0
none,0.0
january_2025,1361.3079038468413
january_2025,754.1122067047438
elliott_2022,1076.2665578665205
none,0.0
none,0.0
none,0.0
january_2025,662.6159776856505
january_2025,139.31507931646783
none,0.0
none,0.0
january_2025,244.0723763734043
elliott_2022,2303.7182825605164
none,0.0
none,0.0
elliott_2022,2282.9585965676197
elliott_2022,1359.6767507588
january_2025,398.6496858236437
january_2025,6.26499912591835
none,0.0
january_2025,281.7217665113578
none,0.0
none,0.0
january_2025,86.95706129502645
elliott_2022,2011.3438283893727
elliott_2022,1469.9184557876015
none,0.0
january_2025,501.02020774861126
uri_2021,2120.3419249719464
elliott_2022,1471.1087122831852
none,0.0
none,0.0
none,0.0
none,0.0
none,0.0
none,0.0
none,0.0
none,0.0
none,0.0
none,0.0
none,0.0
uri_2021,1949.7909399655548
none,0.0
none,0.0
elliott_2022,1965.1627069108836
none,0.0
none,0.0
elliott_2022,1110.8333028614452
elliott_2022,1380.8934746854707
none,0.0
elliott_2022,1764.6699437052766
none,0.0
elliott_2022,1494.7555160618722
elliott_2022,3490.397867924929
none,0.0
none,0.0
none,0.0
none,0.0
none,0.0
none,0.0
none,0.0
none,0.0
elliott_2022,1442.6080770880083
none,0.0
none,0.0
none,0.0
january_2025,166.68212066537137
january_2025,143.8565361320607
none,0.0
none,0.0
january_2025,453.6995203023139
january_2025,88.20698791823844
none,0.0
none,0.0
none,0.0
none,0.0
january_2025,543.5033341218464
january_2025,1125.455820925356
january_2025,15.2356953369878
january_2025,21.015489390041246
elliott_2022,840.2972933084623
none,0.0
elliott_2022,2525.3919849102017
none,0.0
none,0.0
january_2025,1308.2850195146277
elliott_2022,2955.3294750464866
january_2025,1139.291600372905
elliott_2022,409.088657965723
none,0.0
none,0.0
january_2025,1919.5398943365724
none,0.0
none,0.0
elliott_2022,2794.089777459181
elliott_2022,1944.623907292856
none,0.0
none,0.0
none,0.0
elliott_2022,1196.6079704642832
uri_2021,3562.93162121181
january_2025,1452.2642883817864
none,0.0
none,0.0
none,0.0
none,0.0
uri_2021,2583.0214720461554
none,0.0
none,0.0
none,0.0
january_2025,646.3407633447416
none,0.0
none,0.0
none,0.0
none,0.0
none,0.0
none,0.0
elliott_2022,159.2521176338688
elliott_2022,1598.7537775604326
none,0.0
january_2025,488.79576882192623
none,0.0
none,0.0
none,0.0
none,0.0
none,0.0
elliott_2022,2975.44345367793
january_2025,618.359643506731
uri_2021,1840.931127376739
uri_2021,4372.622290396396
none,0.0
elliott_2022,503.76481905253746
january_2025,315.8187975064962
none,0.0
none,0.0
none,0.0
none,0.0
january_2025,389.6307052629062
january_2025,346.88920979149503
none,0.0
january_2025,112.68878937211286
none,0.0
none,0.0
none,0.0
none,0.0
elliott_2022,717.4215067402602
uri_2021,3106.2631084091904
none,0.0
none,0.0
none,0.0
none,0.0
january_2025,452.84825585577556
none,0.0
uri_2021,3383.0512355573796
january_2025,513.7386892298582
elliott_2022,2213.0701990643606
elliott_2022,1007.5074725847036
january_2025,1431.6877824324895
none,0.0
january_2025,1056.8566012798528
none,0.0
none,0.0
none,0.0
none,0.0
none,0.0
none,0.0
elliott_2022,1320.1002552185535
none,0.0
none,0.0
none,0.0
january_2025,1792.990802785451
uri_2021,3948.2389559893295
none,0.0
none,0.0
none,0.0
uri_2021,4429.358920762038
none,0.0
none,0.0
none,0.0
january_2025,824.8554506950769
none,0.0
elliott_2022,994.9166294569532
january_2025,1087.0365388254718
january_2025,189.51256326473555
none,0.0
january_2025,90.63340075524486
uri_2021,3408.6682767363945
elliott_2022,1905.087242680958
none,0.0
none,0.0
none,0.0
none,0.0
none,0.0
none,0.0
none,0.0
january_2025,587.5497209173275
none,0.0
none,0.0
none,0.0
january_2025,77.43817019165569
none,0.0
none,0.0
elliott_2022,722.6320247695484
january_2025,0.0
none,0.0
none,0.0
uri_2021,5975.757101207765
none,0.0
elliott_2022,1404.6712330399212
none,0.0
january_2025,632.7954520927726
none,0.0
none,0.0
none,0.0
january_2025,579.6874057003488
uri_2021,2170.2467869237457
none,0.0
none,0.0
january_2025,469.5483586548744
january_2025,12.038159432167735
january_2025,583.8971717914184
none,0.0
elliott_2022,839.1145678335173
elliott_2022,321.69681814098556
january_2025,1040.5120114055992
none,0.0
january_2025,190.53944057865243
none,0.0
uri_2021,4147.034219723285
january_2025,1070.513303143394
none,0.0
none,0.0
none,0.0
uri_2021,4072.621761538901
january_2025,0.0
january_2025,580.0918342917556
january_2025,1028.325199908037
none,0.0
january_2025,673.3599375000621
none,0.0
none,0.0
none,0.0
none,0.0
january_2025,944.3904671394264
uri_2021,2888.539440835832
none,0.0
january_2025,256.8528292921545
none,0.0
january_2025,80.88737406284665
january_2025,377.80507751146695
none,0.0
none,0.0
none,0.0
january_2025,160.22506857647275
elliott_2022,754.8660541943774
none,0.0
none,0.0
january_2025,740.1449236679259
none,0.0
january_2025,231.31002815853105
uri_2021,1687.4891965430327
none,0.0
elliott_2022,1488.4142030648256
none,0.0
january_2025,1245.0309542155462
january_2025,1189.188594094626
january_2025,142.31425827858703
none,0.0
none,0.0
january_2025,1394.6096039678634
none,0.0
none,0.0
january_2025,1219.8425994482911
uri_2021,4164.4753775762065
uri_2021,2217.2350430089396
january_2025,96.67976123397341
elliott_2022,2516.0983025098367
january_2025,34.78430053480238
january_2025,523.1185167809015
none,0.0
january_2025,350.4451720014045
none,0.0
none,0.0
january_2025,0.0
january_2025,705.8671092479346
none,0.0
uri_2021,1176.4652616544188
january_2025,1132.414665932401
none,0.0
january_2025,1251.0900368994955
none,0.0
january_2025,708.7453026407201
none,0.0
none,0.0
none,0.0
january_2025,373.1053075216317
january_2025,586.4912478812083
none,0.0
january_2025,39.9780595011432
none,0.0
none,0.0
january_2025,444.11896926709215
january_2025,19.203173347553545
uri_2021,2454.5596268755507
none,0.0
uri_2021,3656.775373245536
none,0.0
none,0.0
january_2025,1470.3298884684928
none,0.0
january_2025,207.52271486814232
none,0.0
uri_2021,4776.418223286435
january_2025,242.0356424072243
none,0.0
january_2025,587.4948047539683
none,0.0
none,0.0
elliott_2022,1477.0824448943988
none,0.0
none,0.0
none,0.0
none,0.0
january_2025,4.481232823704346
january_2025,293.6237535644479
none,0.0
none,0.0
none,0.0
none,0.0
uri_2021,1383.1331169321288
elliott_2022,1274.3983000899289
none,0.0
january_2025,368.22764059994114
none,0.0
none,0.0
january_2025,154.11896911841754
none,0.0
none,0.0
none,0.0
none,0.0
none,0.0
january_2025,485.177848501437
january_2025,419.5027997556802
uri_2021,3708.532145003506
none,0.0
elliott_2022,1753.6187383735091
none,0.0
january_2025,0.0
none,0.0
uri_2021,3246.18100481261
none,0.0
none,0.0
january_2025,223.2598587493706
january_2025,253.60990200222096
elliott_2022,496.5271069859287
elliott_2022,1867.1348275884939
january_2025,1636.4449147537687
uri_2021,5042.216435606901
none,0.0
none,0.0
none,0.0
january_2025,419.4228657847736
none,0.0
january_2025,695.0990682273718
none,0.0
elliott_2022,1123.154689935873
none,0.0
none,0.0
none,0.0
january_2025,60.02810352181975
january_2025,1450.1457246573725
january_2025,670.9216467615731
none,0.0
none,0.0
none,0.0
none,0.0
january_2025,974.5542404053712
elliott_2022,1628.1035526191965
none,0.0
none,0.0
elliott_2022,2125.161899191252
uri_2021,3502.0590345288647
none,0.0
january_2025,1159.7201834774396
none,0.0
january_2025,1158.6971219706033
none,0.0
january_2025,418.9950505448151
none,0.0
none,0.0
january_2025,26.41376890423164
elliott_2022,1029.0188565724504
none,0.0
none,0.0
none,0.0
none,0.0
none,0.0
none,0.0
january_2025,597.3285270003481
uri_2021,2694.6944706800155
none,0.0
none,0.0
none,0.0
none,0.0
none,0.0
uri_2021,2984.7203025445074
elliott_2022,1700.1296245076117
none,0.0
january_2025,322.16638438940396
none,0.0
none,0.0
none,0.0
elliott_2022,2003.9817754881642
none,0.0
january_2025,46.493707719882686
january_2025,242.15849174880802
elliott_2022,302.73609187606473
january_2025,854.6262986368121
january_2025,501.30787996116675
none,0.0
none,0.0
none,0.0
january_2025,826.8525727399789
none,0.0
none,0.0
none,0.0
none,0.0
uri_2021,2848.9138446970455
january_2025,367.8280897207678
none,0.0
uri_2021,3541.724075488915
uri_2021,3829.440285848821
january_2025,454.98200257935144
none,0.0
none,0.0
elliott_2022,1139.9310079543716
january_2025,0.7038337255855551
none,0.0
none,0.0
january_2025,1736.931226329583
none,0.0
january_2025,1075.2196022131016
uri_2021,1050.7657435467868
none,0.0
january_2025,127.22061846963601
elliott_2022,2359.2009410632218
january_2025,0.0
none,0.0
none,0.0
none,0.0
january_2025,0.0
january_2025,723.1846205871678
january_2025,67.5856582197939
january_2025,94.97448727973702
elliott_2022,692.7638101983206
none,0.0
january_2025,64.94905649024479
uri_2021,2390.6873777824694
none,0.0
january_2025,83.11977827234168
none,0.0
none,0.0
none,0.0
elliott_2022,739.550918853801
january_2025,674.1825073325805
january_2025,5.981039946133498
none,0.0
none,0.0
none,0.0
uri_2021,971.2801231404986
none,0.0
january_2025,219.0301465190003
none,0.0
january_2025,1025.5004523681232
elliott_2022,2808.3149255630606
none,0.0
january_2025,482.7616149766806
none,0.0
uri_2021,2821.6034891288136
elliott_2022,1116.670501289217
none,0.0
none,0.0
january_2025,53.45623283077769
elliott_2022,1202.2966305270916
january_2025,927.8233416057999
elliott_2022,1103.4881760428868
elliott_2022,1625.5034998493725
none,0.0
none,0.0
none,0.0
none,0.0
none,0.0
uri_2021,3424.1972875756837
elliott_2022,1451.100199235214
elliott_2022,3167.629875106979
none,0.0
none,0.0
none,0.0
none,0.0
elliott_2022,726.9560358639516
january_2025,2006.9643718385187
january_2025,311.7099706620217
elliott_2022,806.2843537530467
none,0.0
elliott_2022,2308.077871956751
uri_2021,2655.3837237809994
none,0.0
january_2025,25.85969886530807
january_2025,304.3681246892677
none,0.0
none,0.0
none,0.0
uri_2021,1113.0650318586881
none,0.0
none,0.0
none,0.0
elliott_2022,3.2576391666666664
none,0.0
none,0.0
none,0.0
none,0.0
january_2025,538.5061412601574
none,0.0
none,0.0
none,0.0
none,0.0
january_2025,302.30670976224974
january_2025,139.39318987077905
none,0.0
january_2025,106.42781781916649
january_2025,454.9730297555299
none,0.0
january_2025,30.592766479004116
none,0.0
january_2025,905.3275068552276
january_2025,209.3528814596556
january_2025,139.85748846356518
none,0.0
elliott_2022,1216.1999519500182
none,0.0
none,0.0
elliott_2022,72.76573795064786
none,0.0
elliott_2022,1793.3774945917303
none,0.0
elliott_2022,2711.8496444666143
none,0.0
elliott_2022,604.6439047191149
none,0.0
none,0.0
january_2025,1610.9579690443454
none,0.0
none,0.0
none,0.0
january_2025,756.0618498653741
none,0.0
none,0.0
january_2025,394.27501770151974
january_2025,892.5669902108168
january_2025,994.1360489110602
none,0.0
january_2025,357.3450772331861
january_2025,526.5755129718449
january_2025,148.2781803558609
january_2025,4.73615195649936
none,0.0
january_2025,5.628732968831502
none,0.0
none,0.0
none,0.0
none,0.0
none,0.0
none,0.0
none,0.0
january_2025,128.19075838491582
none,0.0
january_2025,171.58441585863068
elliott_2022,2130.843347632405
none,0.0
none,0.0
january_2025,413.5415674580033
none,0.0
january_2025,1020.3555232964633
none,0.0
uri_2021,2599.2317327398296
uri_2021,4136.879458611727
none,0.0
none,0.0
january_2025,143.6782734197986
january_2025,39.4962661443978
uri_2021,2642.7696339313748
elliott_2022,836.905598309366
elliott_2022,1251.9285028258344
none,0.0
january_2025,485.60618557453836
none,0.0
elliott_2022,1988.1813937535057
none,0.0
january_2025,950.5236106627921
none,0.0
elliott_2022,2571.0630091887624
january_2025,50.11036786022329
none,0.0
none,0.0
none,0.0
january_2025,338.8914134913483
none,0.0
january_2025,1058.7842442916865
january_2025,343.1247684383877
none,0.0
none,0.0
january_2025,543.3680555666153
none,0.0
none,0.0
january_2025,392.1820225684119
elliott_2022,1513.7822397392322
january_2025,765.3316295967177
january_2025,15.35354734692319
january_2025,909.6891885590064
elliott_2022,431.4214791336179
uri_2021,2291.9690187035317
none,0.0
january_2025,798.7023998246615
none,0.0
january_2025,394.715117127857
january_2025,464.8563914097108
january_2025,896.7916956571952
uri_2021,4976.753654605899
elliott_2022,1128.9072572045206
none,0.0
none,0.0
january_2025,2.633376362771607
none,0.0
elliott_2022,2234.136158963248
uri_2021,5514.027199114783
none,0.0
none,0.0
uri_2021,3361.6662585213544
none,0.0
none,0.0
none,0.0
elliott_2022,2612.476123500711
none,0.0
january_2025,1999.5679723028024
none,0.0
none,0.0
january_2025,1225.5249329162743
january_2025,797.4200675243676
none,0.0
none,0.0
none,0.0
none,0.0
january_2025,547.26725786687
january_2025,5.8685401030036095
none,0.0
january_2025,1436.3098574180456
none,0.0
none,0.0
none,0.0
none,0.0
none,0.0
none,0.0
none,0.0
uri_2021,3347.684723639696
elliott_2022,1168.7844082591478
january_2025,1485.6712105801153
none,0.0
none,0.0
january_2025,676.5660035237253
none,0.0
none,0.0
none,0.0
none,0.0
none,0.0
elliott_2022,1092.2575426923802
none,0.0
january_2025,244.5250280893711
january_2025,1102.7104493956551
january_2025,1021.4175488452655
none,0.0
none,0.0
january_2025,123.23502583308776
none,0.0
none,0.0
january_2025,50.3383709664488
uri_2021,4125.468986214861
january_2025,1636.7905550565272
none,0.0
elliott_2022,1257.1300227922484
elliott_2022,1881.2518809556557
none,0.0
none,0.0
none,0.0
january_2025,1638.4183350453518
none,0.0
none,0.0
january_2025,1131.111098720647
january_2025,860.6142271199012
uri_2021,1664.2829974929655
none,0.0
january_2025,709.9841863058733
january_2025,0.23464442929211993
none,0.0
january_2025,1012.9058845739504
january_2025,844.5404923276674
uri_2021,3518.769104418362
none,0.0
none,0.0
none,0.0
none,0.0
january_2025,1730.094340265007
none,0.0
january_2025,459.46164335946656
january_2025,1552.0518746392236
none,0.0
january_2025,428.51880684925186
none,0.0
none,0.0
none,0.0
elliott_2022,1871.1322699358645
january_2025,616.4702427280498
none,0.0
none,0.0
none,0.0
none,0.0
january_2025,521.4269512929768
none,0.0
january_2025,73.21500224811915
none,0.0
january_2025,412.49833342769796
none,0.0
none,0.0
elliott_2022,1375.2320544314935
none,0.0
uri_2021,2445.4566226490506
none,0.0
january_2025,524.1523772020689
uri_2021,2530.7563958541277
none,0.0
january_2025,30.148052378324255
january_2025,289.4830216567782
none,0.0
january_2025,162.6943223128042
elliott_2022,372.9483592055531
elliott_2022,3902.6731522927607
january_2025,1401.8307942636525
none,0.0
none,0.0
none,0.0
january_2025,85.0143436324975
none,0.0
january_2025,1713.9088410351067
january_2025,0.0
january_2025,752.1629927506267
january_2025,542.0312409116412
elliott_2022,1589.9883097772256
uri_2021,4102.2228500091705
none,0.0
elliott_2022,2123.662669382068
uri_2021,3903.288975940127
none,0.0
none,0.0
none,0.0
none,0.0
january_2025,512.7366097919453
none,0.0
none,0.0
none,0.0
none,0.0
january_2025,437.7385881496417
none,0.0
none,0.0
none,0.0
none,0.0
january_2025,640.5174618165005
none,0.0
january_2025,119.89519123165636
none,0.0
january_2025,263.2874449743426
elliott_2022,1602.3571475329031
none,0.0
january_2025,388.1815662117515
none,0.0
none,0.0
none,0.0
january_2025,581.9625682807982
elliott_2022,2531.717097700891
none,0.0
none,0.0
none,0.0
none,0.0
elliott_2022,79.48841764585984
january_2025,938.2385537979166
january_2025,1182.8629060908102
january_2025,0.0
january_2025,106.66504899178899
january_2025,679.4939016078446
uri_2021,2251.0065746916744
elliott_2022,1445.8403715411107
january_2025,401.62704045453216
january_2025,445.26436109233725
none,0.0
elliott_2022,2879.769665631045
none,0.0
january_2025,124.39617680772336
elliott_2022,2004.307550585647
none,0.0
none,0.0
none,0.0
elliott_2022,883.5004737040615
none,0.0
none,0.0
none,0.0
uri_2021,4367.402974019025
january_2025,326.58072338228436
january_2025,482.3646332286704
january_2025,338.45822145536147
january_2025,295.02239254567144
elliott_2022,1556.0339903359938
none,0.0
elliott_2022,1163.9823799021883
none,0.0
none,0.0
elliott_2022,1383.5983350074714
none,0.0
none,0.0
none,0.0
elliott_2022,2575.6388200857086
elliott_2022,350.91283422414824
january_2025,393.27180717955497
elliott_2022,1226.6968674822003
elliott_2022,930.3317759189191
none,0.0
january_2025,38.44495256472267
january_2025,1239.2794338478316
elliott_2022,1873.4303506819685
january_2025,563.2341638414773
none,0.0
january_2025,1299.725521986826
january_2025,150.85745627912019
none,0.0
none,0.0
none,0.0
elliott_2022,1337.4317116973168
none,0.0
none,0.0
january_2025,253.71841112041426
january_2025,13.425195163952754
none,0.0
none,0.0
elliott_2022,1270.5250851906735
none,0.0
uri_2021,2853.844183892426
none,0.0
none,0.0
none,0.0
none,0.0
january_2025,257.0661361585056
january_2025,326.3500571981876
none,0.0
none,0.0
january_2025,97.13770283704078
elliott_2022,900.6157691667648
none,0.0
january_2025,276.0010599742865
none,0.0
none,0.0
none,0.0
january_2025,0.0
elliott_2022,516.5691472904213
none,0.0
january_2025,730.021551890903
none,0.0
none,0.0
january_2025,559.9676377612583
none,0.0
none,0.0
none,0.0
january_2025,141.00408899751307
none,0.0
uri_2021,4200.629234737502
none,0.0
none,0.0
none,0.0
none,0.0
none,0.0
none,0.0
none,0.0
january_2025,327.8239608632806
january_2025,192.5582969260034
none,0.0
elliott_2022,1528.3242254834402
none,0.0
january_2025,847.6536930929531
none,0.0
none,0.0
january_2025,501.40053148123
january_2025,764.6667695209266
uri_2021,1134.525127988868
january_2025,371.8369232255869
elliott_2022,2766.5928650377077
january_2025,221.61377631105552
january_2025,224.06095020048986
none,0.0
elliott_2022,3282.9121336601647
elliott_2022,903.2429597945052
none,0.0
none,0.0
none,0.0
none,0.0
none,0.0
none,0.0
none,0.0
january_2025,100.980444537649
none,0.0
none,0.0
elliott_2022,1411.4183292958853
none,0.0
none,0.0
january_2025,107.06557488814735
none,0.0
january_2025,534.811747366967
january_2025,419.78855545923517
none,0.0
january_2025,236.06333319865973
january_2025,1171.8668585418757
none,0.0
uri_2021,2976.672880788697
none,0.0
elliott_2022,1050.184950331499
january_2025,250.5675683133055
none,0.0
elliott_2022,573.1563864949145
january_2025,713.5151252238584
none,0.0
uri_2021,2015.0478461584057
january_2025,824.6569689682854
none,0.0
january_2025,230.076819380824
january_2025,1016.7097397355084
january_2025,130.13252896995675
elliott_2022,3037.127420474704
elliott_2022,728.8057693931252
none,0.0
january_2025,815.1696590668845
none,0.0
none,0.0
none,0.0
none,0.0
elliott_2022,468.89871579277843
january_2025,74.68026022619742
none,0.0
january_2025,1425.4328355726936
none,0.0
elliott_2022,2417.6534494084044
none,0.0
none,0.0
none,0.0
none,0.0
none,0.0
none,0.0
none,0.0
none,0.0
none,0.0
none,0.0
january_2025,8.414132458215036
none,0.0
none,0.0
january_2025,1219.374399832096
elliott_2022,1304.0871053395024
none,0.0
january_2025,343.6349773848961
uri_2021,1932.0779451844323
january_2025,35.60706292550275
elliott_2022,1253.9772870486458
uri_2021,2253.6817185489954
none,0.0
uri_2021,2422.8477896976647
none,0.0
january_2025,1818.207282628397
none,0.0
none,0.0
none,0.0
uri_2021,1347.0356452257167
none,0.0
none,0.0
january_2025,130.5943235191076
elliott_2022,2107.1844397074324
none,0.0
january_2025,1211.5926515892615
january_2025,672.8945057188591
elliott_2022,2341.821891860385
none,0.0
january_2025,1324.868385903615
none,0.0
elliott_2022,1032.6196879451281
none,0.0
none,0.0
uri_2021,1555.704243351318
uri_2021,2850.249715785144
none,0.0
none,0.0
none,0.0
none,0.0
none,0.0
elliott_2022,1539.1706743903928
none,0.0
january_2025,574.2958783714428
january_2025,91.15508169503362
uri_2021,2450.76905422689
elliott_2022,1473.9412163696131
january_2025,1076.3041139796944
none,0.0
none,0.0
january_2025,85.58290402891764
none,0.0
none,0.0
none,0.0
january_2025,37.85411793104116
none,0.0
none,0.0
none,0.0
none,0.0
january_2025,1182.161045496518
january_2025,736.9624676591559
elliott_2022,2336.187253658871
january_2025,19.464807427511573
elliott_2022,1662.527896167858
january_2025,203.49415551214827
none,0.0
january_2025,694.1495566489231
january_2025,436.67073180141466
january_2025,379.60585185687114
none,0.0
january_2025,297.6317477949552
uri_2021,2044.8973012313463
none,0.0
january_2025,506.43449997780755
none,0.0
none,0.0
elliott_2022,1077.0215524438386
none,0.0
none,0.0
none,0.0
january_2025,1072.5073298303942
none,0.0
january_2025,1115.2344264581766
none,0.0
none,0.0
none,0.0
elliott_2022,1362.0267265485595
none,0.0
none,0.0
january_2025,914.3266591891677
january_2025,821.3323317738186
none,0.0
elliott_2022,2060.2110660055077
none,0.0
uri_2021,4544.790079223081
none,0.0
none,0.0
january_2025,138.301738454486
january_2025,484.67528791329846
none,0.0
elliott_2022,3333.898843845407
none,0.0
january_2025,547.2521199327037
none,0.0
none,0.0
none,0.0
january_2025,538.1601318079537
none,0.0
january_2025,279.27720615659155
january_2025,214.56617866247396
january_2025,1374.2012374117637
none,0.0
none,0.0
none,0.0
uri_2021,2586.9980148535574
none,0.0
january_2025,318.9334846586556
none,0.0
none,0.0
none,0.0
january_2025,267.8225310645402
none,0.0
elliott_2022,234.38500738398224
elliott_2022,1598.244693606804
none,0.0
elliott_2022,1882.5406017130101
none,0.0
none,0.0
january_2025,670.1526628117991
none,0.0
january_2025,137.43228655934672
january_2025,1596.3510764408886
elliott_2022,1529.5581588339614
none,0.0
elliott_2022,1261.6730376827052
elliott_2022,267.94369165153125
january_2025,857.3780089011094
january_2025,445.87911502028084
january_2025,47.35947270561841
none,0.0
none,0.0
none,0.0
none,0.0
none,0.0
none,0.0
january_2025,650.3755788954289
none,0.0
january_2025,233.4761491082063
none,0.0
none,0.0
none,0.0
elliott_2022,374.66776043299643
january_2025,1441.7261651851911
elliott_2022,1805.6199608086245
none,0.0
none,0.0
january_2025,1119.6376543026101
none,0.0
none,0.0
none,0.0
none,0.0
none,0.0
uri_2021,3422.3795866828605
january_2025,1054.624305278241
elliott_2022,1906.2896342148308
january_2025,667.8412258777636
none,0.0
uri_2021,2400.1482237170776
january_2025,167.7801596413279
elliott_2022,1592.9662981796512
january_2025,1686.6061102040273
none,0.0
uri_2021,4043.3045247753134
none,0.0
none,0.0
none,0.0
none,0.0
none,0.0
january_2025,405.2807492476462
elliott_2022,3832.2859659483865
uri_2021,2592.9204914012857
january_2025,125.70737038723293
elliott_2022,1970.1794118090022
uri_2021,1987.9269520414948
january_2025,576.347719194471
none,0.0
none,0.0
none,0.0
january_2025,500.77494281841905
elliott_2022,663.2889327801424
january_2025,164.27651706265215
january_2025,346.66509120063614
elliott_2022,1347.3763410059107
january_2025,668.2661637499787
none,0.0
elliott_2022,1645.8879363656863
january_2025,736.2524074193021
elliott_2022,1558.0154081976239
elliott_2022,1834.5934734037792
none,0.0
uri_2021,2484.7718017916222
none,0.0
none,0.0
january_2025,1383.6140239233218
none,0.0
none,0.0
january_2025,757.551002029083
january_2025,387.4104631764946
none,0.0
none,0.0
january_2025,439.6741406844798
january_2025,1225.2090152654648
none,0.0
none,0.0
january_2025,5.668951748231803
elliott_2022,1781.5413195455692
january_2025,532.5021092913944
january_2025,273.3973390265611
none,0.0
none,0.0
none,0.0
none,0.0
january_2025,173.56233783576522
none,0.0
january_2025,39.99083236185164
january_2025,1694.686603511833
none,0.0
none,0.0
elliott_2022,1696.387795156428
elliott_2022,2167.813980307848
none,0.0
none,0.0
january_2025,803.2657665549848
none,0.0
none,0.0
elliott_2022,1562.6036194458904
none,0.0
january_2025,0.25941844100962747
none,0.0
uri_2021,3604.2841831785786
elliott_2022,2744.2594184096374
january_2025,802.5806337634992
elliott_2022,1408.5240366818662
elliott_2022,1427.9825293931533
january_2025,444.68178745032264
january_2025,905.6310210497311
elliott_2022,2820.410871620661
january_2025,229.0540643181121
january_2025,919.646330582333
none,0.0
january_2025,67.71099252441992
none,0.0
none,0.0
none,0.0
none,0.0
none,0.0
january_2025,207.93156151683547
january_2025,1271.7134949069973
elliott_2022,1859.3575997139071
january_2025,604.0868401690717
none,0.0
january_2025,810.3989227132533
none,0.0
none,0.0
none,0.0
elliott_2022,1346.6611708758542
january_2025,768.1108667763017
none,0.0
elliott_2022,496.6881622812106
none,0.0
none,0.0
january_2025,0.6855338512042942
january_2025,259.4857440745586
none,0.0
january_2025,25.284248832399104
january_2025,1056.2413395976419
elliott_2022,966.5927767502649
january_2025,200.26599530666746
none,0.0
none,0.0
none,0.0
none,0.0
none,0.0
none,0.0
january_2025,40.257581181579226
elliott_2022,929.6109681265425
elliott_2022,1756.7843625052278
none,0.0
none,0.0
none,0.0
uri_2021,1315.7025796664518
january_2025,10.397977993257783
elliott_2022,1419.6388187707435
elliott_2022,276.00782595029534
none,0.0
january_2025,412.378086508733
none,0.0
uri_2021,3934.1698604912244
january_2025,230.4051441477776
none,0.0
january_2025,861.2350169201419
none,0.0
none,0.0
elliott_2022,300.3515013638892
january_2025,59.458782370156
elliott_2022,2224.132019282674
none,0.0
elliott_2022,1551.288303862069
none,0.0
none,0.0
uri_2021,978.9331198742234
none,0.0
none,0.0
none,0.0
elliott_2022,1730.4189695004081
january_2025,307.00981345702405
elliott_2022,1649.359565993587
january_2025,326.78456524485256
uri_2021,2440.947291795335
elliott_2022,547.2386742455219
none,0.0
elliott_2022,441.84744267298095
elliott_2022,1201.2547780003533
none,0.0
january_2025,1087.9145131177079
none,0.0
none,0.0
none,0.0
none,0.0
none,0.0
none,0.0
elliott_2022,2773.8108046828106
none,0.0
none,0.0
elliott_2022,1890.1394490294535
none,0.0
none,0.0
none,0.0
january_2025,1164.257971723375
january_2025,641.6051214622804
none,0.0
elliott_2022,1309.5032097417532
none,0.0
none,0.0
none,0.0
january_2025,602.3515492361925
elliott_2022,1106.162846460453
none,0.0
january_2025,641.4623762188945
january_2025,2020.647470581583
uri_2021,3557.963406899464
january_2025,46.03202763388891
none,0.0
none,0.0
none,0.0
none,0.0
none,0.0
january_2025,605.5541261509369
elliott_2022,160.75361417923548
elliott_2022,1147.0666002853318
none,0.0
none,0.0
elliott_2022,817.5613116133604
none,0.0
none,0.0
none,0.0
uri_2021,2787.6328194491557
january_2025,372.86753542749796
january_2025,1102.125966446816
elliott_2022,509.0207822822903
none,0.0
none,0.0
elliott_2022,585.1956273016027
january_2025,1680.6784794860803
january_2025,601.6950851635526
none,0.0
elliott_2022,2624.288986937007
elliott_2022,1174.7653763724736
january_2025,1327.7667325603136
none,0.0
none,0.0
elliott_2022,2473.783835723861
none,0.0
none,0.0
none,0.0
none,0.0
none,0.0
january_2025,341.5377911537623
january_2025,361.00834481557234
january_2025,437.488069754532
january_2025,46.46499485405903
none,0.0
none,0.0
none,0.0
none,0.0
none,0.0
none,0.0
uri_2021,769.659676815574
none,0.0
none,0.0
elliott_2022,1021.8133276186558
none,0.0
none,0.0
none,0.0
elliott_2022,2490.825613329042
none,0.0
none,0.0
january_2025,1354.8915584976387
january_2025,120.74703055290094
none,0.0
none,0.0
none,0.0
january_2025,146.75917591249964
january_2025,443.2813380701573
january_2025,1083.8770473729903
none,0.0
none,0.0
january_2025,1401.2769103056496
elliott_2022,1040.8437980254125
elliott_2022,351.1528793194322
none,0.0
elliott_2022,800.500359579303
elliott_2022,1329.2198191244001
uri_2021,5179.638110369904
none,0.0
none,0.0
january_2025,0.0
january_2025,8.205113925729918
none,0.0
none,0.0
elliott_2022,1439.9617108198472
none,0.0
none,0.0
none,0.0
january_2025,21.02885000772222
none,0.0
january_2025,547.3965463955076
none,0.0
none,0.0
none,0.0
none,0.0
none,0.0
none,0.0
january_2025,1064.9788299526135
none,0.0
none,0.0
uri_2021,3127.5901213203592
january_2025,413.60294049704663
none,0.0
none,0.0
none,0.0
january_2025,751.3437747161295
none,0.0
elliott_2022,2261.128818732039
none,0.0
none,0.0
none,0.0
january_2025,578.1870573206472
none,0.0
none,0.0
january_2025,169.59478056447736
january_2025,0.6155480730267069
none,0.0
january_2025,306.64826058261565
january_2025,1532.106917301543
january_2025,876.2591360696659
none,0.0
elliott_2022,1727.2203763412213
january_2025,220.2648854292049
none,0.0
january_2025,739.5484935893652
january_2025,71.27921189740314
january_2025,1308.1886422727418
none,0.0
none,0.0
january_2025,53.37139732794592
none,0.0
january_2025,462.80772004922864
uri_2021,2322.3588854338304
none,0.0
none,0.0
none,0.0
uri_2021,2386.8659679141306
none,0.0
elliott_2022,2307.494690530688
none,0.0
january_2025,34.1566445158461
none,0.0
january_2025,422.7893729590867
none,0.0
january_2025,156.52048998751712
january_2025,523.6593041522569
none,0.0
none,0.0
january_2025,15.60572932245268
none,0.0
january_2025,415.3583785451646
none,0.0
none,0.0
none,0.0
none,0.0
none,0.0
none,0.0
none,0.0
none,0.0
none,0.0
none,0.0
january_2025,817.3343903472107
none,0.0
elliott_2022,553.6149235005172
none,0.0
none,0.0
january_2025,316.50229762438755
none,0.0
none,0.0
none,0.0
none,0.0
elliott_2022,446.32149077821185
elliott_2022,2893.8687219141816
none,0.0
none,0.0
january_2025,784.7596670914257
none,0.0
january_2025,1431.8759041232793
none,0.0
january_2025,441.70521303126753
none,0.0
none,0.0
none,0.0
none,0.0
january_2025,505.1465626989027
uri_2021,3562.700092694469
elliott_2022,2471.7422713560536
none,0.0
none,0.0
january_2025,717.3049853078909
january_2025,319.6392834204014
january_2025,378.85248699426955
none,0.0
january_2025,103.22303699655606
uri_2021,3651.4784786197188
none,0.0
elliott_2022,407.9209766413835
none,0.0
january_2025,598.5975099566036
elliott_2022,3143.3924131656076
elliott_2022,2614.4380242145794
none,0.0
elliott_2022,1488.3511211116008
none,0.0
none,0.0
none,0.0
none,0.0
none,0.0
none,0.0
elliott_2022,1478.9291806170904
none,0.0
elliott_2022,931.0976718799128
none,0.0
none,0.0
elliott_2022,2120.6076174398577
none,0.0
none,0.0
uri_2021,2503.313999604719
none,0.0
january_2025,857.5069085810976
january_2025,474.6151059010752
january_2025,588.694473472847
none,0.0
none,0.0
none,0.0
january_2025,1568.2510955640516
january_2025,0.0
january_2025,0.0
none,0.0
uri_2021,3686.5848284246968
none,0.0
none,0.0
uri_2021,2640.319506325632
january_2025,1582.2322580028829
january_2025,483.75073800954664
none,0.0
january_2025,555.7011340550591
january_2025,683.8395111661907
january_2025,955.9977739219785
january_2025,496.46442082534435
none,0.0
none,0.0
january_2025,509.3850542374875
none,0.0
elliott_2022,1822.339540887735
january_2025,1351.4273047412505
none,0.0
none,0.0
uri_2021,2778.8673606234065
none,0.0
elliott_2022,230.85275346859189
january_2025,955.9524977014416
elliott_2022,696.2808187888936
none,0.0
none,0.0
none,0.0
january_2025,871.6108678041405
none,0.0
none,0.0
none,0.0
elliott_2022,2509.5005798636753
none,0.0
none,0.0
elliott_2022,2204.4646305490405
uri_2021,2376.3589317481087
january_2025,186.78839437298902
none,0.0
january_2025,1038.125561027173
elliott_2022,584.9918289939026
january_2025,792.2841629186918
elliott_2022,869.1468735567208
none,0.0
uri_2021,514.485967912891
none,0.0
none,0.0
elliott_2022,888.9580265912335
elliott_2022,2187.2996204545825
none,0.0
none,0.0
january_2025,306.129241386772
january_2025,20.81636942535804
none,0.0
january_2025,827.9897758303915
january_2025,29.473486639476942
january_2025,604.1981099106594
none,0.0
none,0.0
none,0.0
january_2025,1250.6079118161279
none,0.0
elliott_2022,1470.5762994799675
january_2025,393.0496123344755
none,0.0
none,0.0
elliott_2022,1165.4351762111867
none,0.0
none,0.0
none,0.0
january_2025,720.2195615709203
january_2025,680.6536853156873
elliott_2022,1953.7545678818203
none,0.0
elliott_2022,1470.0147540155413
none,0.0
elliott_2022,1591.7534492307875
none,0.0
january_2025,1734.2320549709746
january_2025,448.2285859628554
none,0.0
elliott_2022,1097.9568301336876
none,0.0
uri_2021,1496.663119568063
none,0.0
none,0.0
january_2025,1744.5881035016973
none,0.0
none,0.0
none,0.0
january_2025,186.02470859349208
none,0.0
none,0.0
elliott_2022,2519.185551531701
uri_2021,2698.9619817271664
none,0.0
none,0.0
elliott_2022,1570.6647180932548
january_2025,702.3462468558126
january_2025,103.9431963765613
january_2025,1235.1795698601954
none,0.0
january_2025,115.30729677737966
january_2025,497.1632337294918
january_2025,706.1140250997008
none,0.0
none,0.0
january_2025,444.4488748554651
january_2025,634.1092572873163
elliott_2022,1602.4937731144917
none,0.0
january_2025,1383.6416121083341
none,0.0
none,0.0
none,0.0
uri_2021,1113.4151026074078
none,0.0
none,0.0
none,0.0
none,0.0
january_2025,510.4819805449296
elliott_2022,2123.2882324673833
january_2025,400.9630169078108
elliott_2022,1504.4344395257422
none,0.0
none,0.0
none,0.0
january_2025,477.6607236811202
none,0.0
none,0.0
none,0.0
elliott_2022,1644.6187298775849
none,0.0
none,0.0
none,0.0
none,0.0
none,0.0
none,0.0
uri_2021,2616.733899837916
elliott_2022,1135.132102165811
january_2025,1636.168617086489
elliott_2022,474.30667339725477
january_2025,129.25983202751965
none,0.0
elliott_2022,840.1862551830504
elliott_2022,1793.955094722289
january_2025,402.9471066458792
none,0.0
january_2025,771.4802895480317
none,0.0
uri_2021,2271.4438142391336
none,0.0
january_2025,947.04022193579
none,0.0
none,0.0
uri_2021,5336.356548965098
elliott_2022,3.2065516666666665
january_2025,94.19881781666912
uri_2021,1549.9694203426413
none,0.0
january_2025,424.1507410234584
january_2025,1206.2076475007398
january_2025,17.363066732706844
none,0.0
none,0.0
none,0.0
none,0.0
none,0.0
january_2025,1011.789632120518
elliott_2022,2313.212121362742
none,0.0
january_2025,425.1734702263823
elliott_2022,1577.0577689584497
january_2025,905.6437950643397
elliott_2022,1583.7630909035627
elliott_2022,1832.1987293309403
none,0.0
january_2025,26.63596626808205
elliott_2022,1446.577988118614
january_2025,22.966620758973036
none,0.0
january_2025,708.6886603515121
none,0.0
none,0.0
january_2025,96.11537177060761
none,0.0
january_2025,503.0557207159746
none,0.0
none,0.0
none,0.0
none,0.0
uri_2021,2664.1624895370255
january_2025,1703.5801067918371
elliott_2022,1375.6887624528842
elliott_2022,2779.4610135028865
january_2025,1025.093947606511
none,0.0
january_2025,59.81045878640214
none,0.0
january_2025,937.6373874601396
january_2025,679.8745986293511
none,0.0
none,0.0
none,0.0
january_2025,1055.5260275613646
none,0.0
elliott_2022,1021.4179265126322
none,0.0
none,0.0
none,0.0
none,0.0
none,0.0
none,0.0
none,0.0
january_2025,156.37810349248815
none,0.0
none,0.0
none,0.0
none,0.0
january_2025,1264.4482562067783
none,0.0
elliott_2022,2692.535125045458
none,0.0
january_2025,508.89325688213285
january_2025,385.5884358558206
january_2025,14.956319891127322
january_2025,165.41013235770077
none,0.0
none,0.0
none,0.0
none,0.0
elliott_2022,1877.4187689704918
none,0.0
elliott_2022,3264.735902895332
none,0.0
uri_2021,3574.961062984212
elliott_2022,1923.7390640080087
none,0.0
january_2025,12.493186072847129
elliott_2022,1227.0778329311536
none,0.0
none,0.0
elliott_2022,1708.635161577199
january_2025,434.3043817011838
january_2025,835.7866956281439
none,0.0
elliott_2022,1292.5300254315027
none,0.0
none,0.0
january_2025,752.793300663299
none,0.0
elliott_2022,1484.811173684872
none,0.0
none,0.0
elliott_2022,1732.4446311428421
january_2025,1160.8414989674195
none,0.0
none,0.0
none,0.0
none,0.0
elliott_2022,631.050041572333
elliott_2022,2401.6653672475136
january_2025,331.61963809554277
uri_2021,4368.6439196228175
none,0.0
january_2025,1342.048254980168
none,0.0
none,0.0
none,0.0
none,0.0
none,0.0
uri_2021,2930.3601897504873
none,0.0
elliott_2022,6.462965833333333
elliott_2022,1915.0920892260763
none,0.0
none,0.0
january_2025,71.7113355891061
none,0.0
none,0.0
none,0.0
none,0.0
january_2025,287.9233361452222
none,0.0
elliott_2022,2026.757804139871
elliott_2022,511.86688974029397
none,0.0
january_2025,149.6393172356899
elliott_2022,1970.8373850805135
january_2025,275.750918770148
uri_2021,3436.861257210077
none,0.0
january_2025,674.0797955461279
none,0.0
none,0.0
january_2025,625.4491956356176
none,0.0
none,0.0
january_2025,1119.2889454713413
elliott_2022,2310.008399327727
january_2025,648.5243043869747
elliott_2022,1394.4364222174947
none,0.0
none,0.0
none,0.0
none,0.0
none,0.0
none,0.0
elliott_2022,2106.8644031852873
none,0.0
none,0.0
uri_2021,2475.126966041638
elliott_2022,1305.2738604091721
none,0.0
january_2025,127.73317532684673
elliott_2022,1842.4281695780908
none,0.0
none,0.0
january_2025,1079.7264193765043
january_2025,718.8545267064071
elliott_2022,1189.979893798607
none,0.0
none,0.0
uri_2021,2206.875229088667
none,0.0
january_2025,374.21508579804805
elliott_2022,627.1904412307283
january_2025,690.3595162182762
none,0.0
none,0.0
none,0.0
none,0.0
january_2025,909.9623418803318
none,0.0
none,0.0
none,0.0
elliott_2022,1511.1016428596802
january_2025,1169.632417228089
january_2025,0.0
elliott_2022,1040.8521077479334
none,0.0
january_2025,482.83777625535566
none,0.0
none,0.0
uri_2021,2109.0315059414042
none,0.0
none,0.0
none,0.0
none,0.0
elliott_2022,1.8833216666666661
elliott_2022,1700.0105991470218
january_2025,595.761985359178
none,0.0
uri_2021,990.008170008002
january_2025,665.807132652256
none,0.0
january_2025,745.1264657759779
none,0.0
none,0.0
none,0.0
january_2025,560.9666247765377
january_2025,660.0337452868542
uri_2021,2925.858809413416
none,0.0
none,0.0
elliott_2022,191.06859853775592
none,0.0
january_2025,225.3674230804271
none,0.0
january_2025,655.3812803645052
january_2025,1210.9974123121672
january_2025,60.050011571431305
none,0.0
january_2025,609.3248802805934
elliott_2022,1689.469927812988
january_2025,46.78842281211363
elliott_2022,959.2860493377075
none,0.0
january_2025,47.442788337593875
january_2025,424.9069542718758
january_2025,1056.8308909553796
none,0.0
january_2025,793.0617545662454
none,0.0
january_2025,7.613401547200972
none,0.0
elliott_2022,255.8628471905112
none,0.0
elliott_2022,975.404213617925
elliott_2022,2387.400906904275
january_2025,887.9926380876868
january_2025,590.4038779565992
january_2025,324.236561572677
january_2025,80.6563020516441
january_2025,238.6718294617796
none,0.0
none,0.0
none,0.0
uri_2021,4141.28877370449
none,0.0
january_2025,487.56907939195014
none,0.0
uri_2021,4077.486210608339
uri_2021,4058.1381062128244
january_2025,642.7423525993996
uri_2021,2683.0539734868175
none,0.0
none,0.0
elliott_2022,916.6580992841809
none,0.0
january_2025,476.7471087531036
elliott_2022,1856.9761872784663
none,0.0
january_2025,71.89590981988111
january_2025,1710.9022786318772
january_2025,10.384285567778981
january_2025,380.7702597857819
none,0.0
none,0.0
january_2025,300.6713857392182
uri_2021,2114.3180160587835
elliott_2022,2726.398750380789
none,0.0
none,0.0
none,0.0
elliott_2022,2334.3323891162154
january_2025,796.3700758523663
none,0.0
uri_2021,3181.297596915571
none,0.0
none,0.0
january_2025,221.2486085219811
none,0.0
january_2025,1015.544162761382
january_2025,15.878902270582524
elliott_2022,1194.7938742989695
elliott_2022,2208.853606260052
uri_2021,1007.2850937979925
none,0.0
january_2025,802.960276649799
none,0.0
elliott_2022,1192.2127727496056
january_2025,427.6089687124919
none,0.0
january_2025,77.91974265770105
none,0.0
uri_2021,3810.7885063704775
none,0.0
none,0.0
none,0.0
none,0.0
none,0.0
january_2025,311.35282332650866
none,0.0
none,0.0
none,0.0
january_2025,551.5315550942647
uri_2021,1949.8825588508428
january_2025,804.4436365078741
elliott_2022,703.9976745347989
none,0.0
elliott_2022,1782.7689626884471
none,0.0
uri_2021,1894.70562818062
elliott_2022,1331.3976044450017
uri_2021,3335.318430210414
none,0.0
none,0.0
january_2025,101.49356836138328
none,0.0
january_2025,233.71205233473123
none,0.0
none,0.0
none,0.0
none,0.0
none,0.0
none,0.0
none,0.0
none,0.0
january_2025,641.2328700933981
january_2025,1479.872020127852
january_2025,568.8058008338812
january_2025,1134.6256445144932
january_2025,132.2156444356781
uri_2021,4277.595196556376
elliott_2022,2472.673067749198
january_2025,195.89023991109445
uri_2021,3569.9267558368483
january_2025,334.36652069579475
none,0.0
january_2025,648.5244115397458
january_2025,664.4874938199237
uri_2021,2483.448239025639
none,0.0
none,0.0
none,0.0
january_2025,0.0
none,0.0
january_2025,255.25369168098098
elliott_2022,2136.0311546788284
elliott_2022,1097.158992880032
none,0.0
january_2025,750.1531262887843
january_2025,886.6290317565534
none,0.0
none,0.0
january_2025,30.02082359090093
none,0.0
none,0.0
elliott_2022,1818.2219874261816
none,0.0
uri_2021,2308.2709641525485
january_2025,1108.830098662708
uri_2021,3852.177639293924
january_2025,17.518408245092054
january_2025,545.4331493472849
elliott_2022,3170.3848958057247
none,0.0
elliott_2022,1649.9295333870577
none,0.0
january_2025,626.8656180066374
none,0.0
uri_2021,2285.511556507401
none,0.0
january_2025,1554.7924779414689
none,0.0
none,0.0
january_2025,405.7336736931313
none,0.0
none,0.0
january_2025,415.41607695822444
january_2025,197.77818710664502
january_2025,511.83162175893654
none,0.0
elliott_2022,2380.3873700609674
none,0.0
none,0.0
january_2025,1688.8738363236694
january_2025,146.32135210428248
none,0.0
january_2025,410.868186540257
none,0.0
none,0.0
january_2025,0.05632410494670618
none,0.0
january_2025,1320.8370908436584
uri_2021,4505.686215705075
none,0.0
none,0.0
january_2025,677.3005346612936
january_2025,1122.1457204316469
none,0.0
none,0.0
january_2025,198.77921341127893
elliott_2022,805.0585833514591
january_2025,282.46198703721655
uri_2021,4417.576712032759
none,0.0
elliott_2022,1624.2557756102515
elliott_2022,121.88155165995141
none,0.0
elliott_2022,597.390079047115
none,0.0
none,0.0
none,0.0
none,0.0
january_2025,321.76214639944635
elliott_2022,895.6981113264626
elliott_2022,1418.3590750764592
elliott_2022,676.6861834018508
none,0.0
elliott_2022,1969.2612899894643
january_2025,479.0667062561853
elliott_2022,3374.088254574952
none,0.0
none,0.0
none,0.0
none,0.0
january_2025,1764.6301729757809
january_2025,202.57492759908752
elliott_2022,2927.3640380544593
uri_2021,2216.0643720198136
none,0.0
none,0.0
none,0.0
uri_2021,5606.435582756129
uri_2021,2295.824189281405
none,0.0
none,0.0
none,0.0
elliott_2022,452.0317969162562
january_2025,240.80890660242716
none,0.0
none,0.0
none,0.0
uri_2021,2409.964413107116
none,0.0
none,0.0
uri_2021,2052.388642119426
january_2025,12.33708889229642
none,0.0
none,0.0
elliott_2022,2835.7941568832307
january_2025,356.3259053050215
uri_2021,3349.247551280629
elliott_2022,2777.4304617735947
none,0.0
none,0.0
january_2025,97.0732450371889
none,0.0
none,0.0
uri_2021,2605.2996920459354
january_2025,15.849273676429366
elliott_2022,2113.946216168546
none,0.0
elliott_2022,326.5163234839039
none,0.0
january_2025,1087.549689644739
january_2025,483.41366862134015
none,0.0
january_2025,657.5948860726927
uri_2021,2412.6361858989344
january_2025,223.08270366640883
none,0.0
none,0.0
none,0.0
elliott_2022,972.9728891740348
none,0.0
none,0.0
none,0.0
none,0.0
none,0.0
none,0.0
none,0.0
january_2025,0.0
january_2025,430.7512267843484
january_2025,577.8993647250193
none,0.0
uri_2021,3633.7835647856355
january_2025,1036.0208383343077
none,0.0
january_2025,211.0437216519685
uri_2021,3243.1929352986067
elliott_2022,806.8436476815625
none,0.0
none,0.0
elliott_2022,2006.6271047759521
none,0.0
elliott_2022,1226.483586687582
january_2025,326.76664842233413
january_2025,841.672254048377
elliott_2022,1854.134896165145
elliott_2022,2844.3228322867976
uri_2021,3997.2038697714925
none,0.0
elliott_2022,2118.3756796932184
none,0.0
elliott_2022,1546.1842702329247
january_2025,521.5074871457383
january_2025,946.6379406994348
none,0.0
none,0.0
none,0.0
elliott_2022,985.7344582694615
january_2025,224.89428978649636
none,0.0
none,0.0
none,0.0
january_2025,73.06688707252862
january_2025,1472.5303538021867
none,0.0
none,0.0
none,0.0
january_2025,690.6220714269208
none,0.0
none,0.0
none,0.0
january_2025,5.1675491786352845
uri_2021,2650.085870495035
none,0.0
elliott_2022,1054.8777779492088
none,0.0
january_2025,619.4553854171812
elliott_2022,2432.953494818873
none,0.0
none,0.0
none,0.0
elliott_2022,2316.520063894736
none,0.0
january_2025,264.36000688703086
january_2025,772.0245090817201
january_2025,8.715603982594631
none,0.0
january_2025,1346.5046597481107
january_2025,805.3945027405509
january_2025,0.0
none,0.0
january_2025,89.19950807298373
none,0.0
none,0.0
none,0.0
uri_2021,3271.541619796487
january_2025,1330.272850407613
uri_2021,2519.7047028572474
none,0.0
none,0.0
january_2025,414.3523501557723
january_2025,127.97417840915959
none,0.0
january_2025,1408.047220652193
none,0.0
uri_2021,4393.703142775761
none,0.0
uri_2021,4048.9888936886027
january_2025,737.3110251293132
january_2025,137.20087118342752
january_2025,279.8465614148284
none,0.0
january_2025,1271.7478638798646
january_2025,531.3062311400932
none,0.0
january_2025,582.2558454551754
uri_2021,466.9460613011674
none,0.0
elliott_2022,2517.896166029566
none,0.0
none,0.0
elliott_2022,1372.7532704153048
none,0.0
january_2025,902.2981163016558
none,0.0
elliott_2022,397.0914324057785
january_2025,459.0117947299481
none,0.0
january_2025,717.1566828265215
uri_2021,2343.3913337133454
none,0.0
none,0.0
none,0.0
none,0.0
january_2025,745.9471021494768
january_2025,7.538604895389221
none,0.0
uri_2021,2802.296875119229
none,0.0
uri_2021,4835.091622379841
uri_2021,3387.9498530337532
none,0.0
january_2025,40.267235119965285
none,0.0
uri_2021,3706.8923538861372
elliott_2022,1814.0475079354947
none,0.0
elliott_2022,2893.7077508180596
none,0.0
january_2025,29.93899919118465
january_2025,328.2768533573893
none,0.0
january_2025,282.93288478455077
elliott_2022,3054.2259230876425
uri_2021,1051.246582253545
elliott_2022,1752.1356919831858
uri_2021,2913.5846170519317
none,0.0
none,0.0
january_2025,1196.0672991133374
elliott_2022,656.811665913749
none,0.0
none,0.0
none,0.0
january_2025,1084.5337722711756
none,0.0
january_2025,62.110626301659856
january_2025,1433.7840058925713
none,0.0
none,0.0
none,0.0
elliott_2022,1659.2027594569552
january_2025,670.257632191672
none,0.0
none,0.0
january_2025,0.0
none,0.0
none,0.0
none,0.0
elliott_2022,3060.806005414443
elliott_2022,845.0357415152785
none,0.0
none,0.0
elliott_2022,1828.0987562312255
january_2025,218.9597934019256
january_2025,88.1679326689609
january_2025,412.665609697973
january_2025,42.882866617011665
none,0.0
none,0.0
none,0.0
elliott_2022,2778.962485770862
none,0.0
january_2025,679.8711470922462
none,0.0
none,0.0
none,0.0
none,0.0
uri_2021,2114.98895105083
none,0.0
january_2025,503.69344839808485
elliott_2022,1623.4695104473535
january_2025,333.4556960343935
none,0.0
january_2025,1050.8809958557965
january_2025,951.2821332789883
none,0.0
none,0.0
january_2025,532.5878032139547
january_2025,617.4230330564784
none,0.0
elliott_2022,1866.6223399455748
january_2025,985.5843921370471
none,0.0
january_2025,61.24032411030351
none,0.0
none,0.0
elliott_2022,2373.0328882340755
none,0.0
january_2025,2217.334967621155
uri_2021,3344.6566061615545
none,0.0
none,0.0
uri_2021,3826.1575811882635
none,0.0
none,0.0
uri_2021,1822.3989016772462
none,0.0
none,0.0
none,0.0
none,0.0
none,0.0
none,0.0
none,0.0
uri_2021,3638.480657856828
elliott_2022,2401.080087086144
none,0.0
none,0.0
none,0.0
none,0.0
none,0.0
none,0.0
none,0.0
uri_2021,4185.208982137549
january_2025,804.5873449562819
none,0.0
none,0.0
elliott_2022,1153.0439658861421
none,0.0
none,0.0
elliott_2022,2579.679640230681
none,0.0
uri_2021,2961.0842039396202
uri_2021,2816.6506737554373
none,0.0
none,0.0
january_2025,622.7585669915276
elliott_2022,910.9632528363483
none,0.0
none,0.0
uri_2021,4390.49634383687
uri_2021,4742.181442534082
january_2025,90.33849417318365
none,0.0
none,0.0
uri_2021,1776.7081137902062
none,0.0
elliott_2022,796.2142171004654
elliott_2022,556.0358162043982
none,0.0
none,0.0
none,0.0
january_2025,19.26617438983637
uri_2021,3851.5117913682225
none,0.0
elliott_2022,2357.7979270003243
none,0.0
elliott_2022,377.34425501853696
none,0.0
none,0.0
january_2025,229.1566383222682
elliott_2022,2618.398101051203
none,0.0
january_2025,914.1545651395559
none,0.0
elliott_2022,1250.4136562606045
january_2025,315.99430721336046
none,0.0
none,0.0
none,0.0
none,0.0
elliott_2022,1841.925634949396
none,0.0
january_2025,240.93869858545366
none,0.0
elliott_2022,1295.47299348141
january_2025,37.18732701825404
none,0.0
uri_2021,4089.3106818493166
none,0.0
none,0.0
none,0.0
january_2025,443.191099187061
none,0.0
january_2025,343.6963354022988
january_2025,635.7329398733793
none,0.0
elliott_2022,2422.4033056013704
elliott_2022,2584.4667366590224
none,0.0
january_2025,11.294451275841284
none,0.0
january_2025,927.6105183511565
none,0.0
none,0.0
none,0.0
elliott_2022,931.4134217203839
none,0.0
none,0.0
elliott_2022,666.6315956222334
elliott_2022,417.6074948652291
january_2025,136.3262054492546
none,0.0
none,0.0
elliott_2022,60.09749136293741
elliott_2022,2787.5823430493306
none,0.0
elliott_2022,3503.64619468333
none,0.0
none,0.0
uri_2021,3782.3609174156386
elliott_2022,2245.6889876303944
january_2025,464.4279826179622
none,0.0
january_2025,707.1923662145475
january_2025,661.1888767334067
none,0.0
none,0.0
none,0.0
elliott_2022,2048.092899783515
none,0.0
none,0.0
none,0.0
none,0.0
none,0.0
none,0.0
january_2025,1130.1159075265625
none,0.0
january_2025,506.1538582437914
none,0.0
none,0.0
none,0.0
none,0.0
none,0.0
elliott_2022,1905.6698273822385
uri_2021,5158.186688021304
none,0.0
elliott_2022,1334.9962261205699
none,0.0
none,0.0
none,0.0
none,0.0
none,0.0
none,0.0
uri_2021,334.76390416746415
elliott_2022,2630.5252706438187
january_2025,0.0
january_2025,307.3543285421605
none,0.0
none,0.0
none,0.0
january_2025,27.410039325713377
none,0.0
january_2025,1884.7258490231768
none,0.0
none,0.0
january_2025,119.19873792016897
january_2025,895.9198337371529
uri_2021,1231.8072691317097
elliott_2022,2637.1126857670415
january_2025,785.9975010373436
january_2025,400.06015801528076
none,0.0
january_2025,1469.4934862189
none,0.0
none,0.0
none,0.0
uri_2021,2761.795039216943
january_2025,915.6435921581124
none,0.0
elliott_2022,2538.58939898128
none,0.0
none,0.0
january_2025,132.69440213922653
none,0.0
none,0.0
none,0.0
elliott_2022,862.308691267858
none,0.0
none,0.0
none,0.0
uri_2021,3077.9340448268763
none,0.0
january_2025,182.67489695135905
none,0.0
none,0.0
elliott_2022,295.6637661416916
none,0.0
none,0.0
none,0.0
none,0.0
january_2025,576.5084256991773
elliott_2022,1179.8409874055874
none,0.0
january_2025,1336.1662974336114
none,0.0
none,0.0
none,0.0
january_2025,469.7277477087074
none,0.0
none,0.0
january_2025,119.25391075818015
elliott_2022,1380.2752676274822
none,0.0
none,0.0
january_2025,1305.708301312807
uri_2021,3414.884812254823
uri_2021,4328.075434651332
elliott_2022,683.2733058071661
none,0.0
none,0.0
none,0.0
none,0.0
none,0.0
january_2025,240.75848090259908
none,0.0
elliott_2022,2426.186120129066
none,0.0
none,0.0
none,0.0
january_2025,67.94755356022672
none,0.0
none,0.0
none,0.0
none,0.0
none,0.0
uri_2021,3581.9287271011026
january_2025,1129.174917652811
elliott_2022,1808.970920969956
january_2025,1150.8623326542024
none,0.0
january_2025,1390.2593538428719
none,0.0
none,0.0
none,0.0
none,0.0
uri_2021,2034.1255794561944
elliott_2022,1018.5367023485063
none,0.0
none,0.0
january_2025,477.15648429234284
none,0.0
elliott_2022,1906.469761343902
uri_2021,1877.6937660429821
none,0.0
none,0.0
january_2025,1245.6390079840648
elliott_2022,2375.189259875511
january_2025,624.1217631194495
elliott_2022,1967.0095249667154
january_2025,869.2122346978687
none,0.0
january_2025,100.50638535354345
none,0.0
uri_2021,1694.4354301000678
january_2025,117.09555310717721
none,0.0
none,0.0
none,0.0
uri_2021,3283.7249721472076
january_2025,377.0970565310443
elliott_2022,1584.4247819389232
none,0.0
january_2025,328.15193662087995
january_2025,1063.1971886599333
none,0.0
uri_2021,4867.459201018568
none,0.0
elliott_2022,1931.7586923764509
january_2025,297.342066691141
uri_2021,1099.1058005764078
elliott_2022,816.6658654226787
january_2025,1275.5375062012572
january_2025,510.67939081264757
none,0.0
none,0.0
none,0.0
none,0.0
none,0.0
none,0.0
none,0.0
none,0.0
january_2025,712.3409429152689
none,0.0
none,0.0
elliott_2022,3355.207490213208
none,0.0
elliott_2022,1484.2907769974493
uri_2021,2918.6317058444756
january_2025,1049.1803479507757
january_2025,1505.4316818869925
none,0.0
none,0.0
january_2025,1085.944650194823
none,0.0
uri_2021,4376.108915606679
none,0.0
january_2025,888.173170249229
none,0.0
elliott_2022,1952.7071868839673
none,0.0
none,0.0
none,0.0
none,0.0
january_2025,804.5762034369117
none,0.0
none,0.0
none,0.0
january_2025,300.82091519485823
january_2025,1424.739562104152
january_2025,184.1540494006955
january_2025,929.7781512017898
elliott_2022,2307.802901737494
january_2025,1053.4703464284908
january_2025,394.7598662640631
january_2025,7.2805625381683425
january_2025,863.2923561471675
none,0.0
none,0.0
none,0.0
uri_2021,2246.527181154213
none,0.0
none,0.0
elliott_2022,1958.6626172913207
january_2025,258.40370059950004
uri_2021,1700.144840745563
none,0.0
none,0.0
none,0.0
none,0.0
none,0.0
none,0.0
january_2025,558.4809264842241
none,0.0
none,0.0
none,0.0
uri_2021,3820.23481921226
january_2025,220.0989863591569
none,0.0
none,0.0
elliott_2022,165.2995082767691
january_2025,224.12437023965083
january_2025,867.1992614517366
january_2025,72.88859314587619
none,0.0
uri_2021,2753.369895939134
uri_2021,5051.755091565498
elliott_2022,2258.2372085344696
january_2025,922.088239415587
none,0.0
january_2025,154.5711680360228
january_2025,912.0989044217957
none,0.0
january_2025,41.43536746295078
none,0.0
none,0.0
none,0.0
january_2025,388.31136174143927
none,0.0
none,0.0
elliott_2022,2194.3985575381057
elliott_2022,1392.9136172930496
elliott_2022,1007.8272886010619
january_2025,945.5251998786825
none,0.0
none,0.0
none,0.0
uri_2021,1739.034402755749
none,0.0
january_2025,24.415826298723985
january_2025,497.8098443047049
elliott_2022,1535.0022119678906
january_2025,924.2506178253416
january_2025,81.18799384481905
none,0.0
none,0.0
january_2025,883.8803468556708
january_2025,209.2693922286866
elliott_2022,2468.96111918016
january_2025,1384.4634363638345
january_2025,398.9500466252855
january_2025,821.2000864958914
none,0.0
january_2025,908.9660135696676
january_2025,627.4913483375465
january_2025,1176.6177959656995
none,0.0
january_2025,685.9776680260076
none,0.0
none,0.0
none,0.0
none,0.0
none,0.0
elliott_2022,991.581847067902
january_2025,128.81340829183708
none,0.0
none,0.0
none,0.0
none,0.0
elliott_2022,1041.9598364437684
none,0.0
none,0.0
january_2025,202.2573721274877
elliott_2022,2188.966578215405
elliott_2022,1481.207306956994
uri_2021,2851.488489334341
january_2025,325.7344692883555
january_2025,261.14745541671016
elliott_2022,3193.4925744497386
uri_2021,2828.1126425578705
none,0.0
january_2025,383.5348673989937
january_2025,617.7366739855742
elliott_2022,2224.6981065444324
none,0.0
january_2025,1252.1834567985252
elliott_2022,622.0831728109117
none,0.0
none,0.0
none,0.0
elliott_2022,1853.842370546062
elliott_2022,1890.7847116032615
none,0.0
uri_2021,2557.4427381182245
elliott_2022,1868.423670263474
none,0.0
elliott_2022,2172.5869004205306
none,0.0
none,0.0
january_2025,379.6684949112438
none,0.0
none,0.0
january_2025,71.4342389960744
none,0.0
january_2025,547.0988196343604
elliott_2022,2099.1609230662843
elliott_2022,1787.2724298349717
january_2025,387.17489079990156
january_2025,143.18574824209304
january_2025,16.108574515613096
none,0.0
january_2025,701.6689472394247
uri_2021,2185.308355661823
uri_2021,2297.0833005085196
january_2025,0.3288362622837021
january_2025,391.38550677351566
january_2025,13.77102346903502
none,0.0
none,0.0
none,0.0
none,0.0
none,0.0
none,0.0
none,0.0
none,0.0
january_2025,1427.7825875116039
none,0.0
none,0.0
elliott_2022,2722.073071258823
january_2025,335.1181866245161
january_2025,286.9218194506505
none,0.0
january_2025,1494.7669158049405
january_2025,318.1194150279034
none,0.0
january_2025,814.2488618874052
none,0.0
january_2025,324.6165824982534
none,0.0
none,0.0
none,0.0
none,0.0
none,0.0
none,0.0
january_2025,1197.5005269998633
january_2025,574.3120500725505
january_2025,1015.9569286886747
none,0.0
elliott_2022,1660.157494405113
none,0.0
january_2025,1318.2354654426324
none,0.0
none,0.0
none,0.0
january_2025,521.0751919474318
uri_2021,2440.934619672496
elliott_2022,1367.2281125655807
elliott_2022,2183.964421785304
uri_2021,3461.585776655987
january_2025,1295.2680596002065
none,0.0
none,0.0
elliott_2022,207.28140660233413
none,0.0
elliott_2022,1603.835304096317
none,0.0
none,0.0
none,0.0
none,0.0
none,0.0
none,0.0
uri_2021,3299.705907841868
uri_2021,3725.6108537118025
january_2025,976.5944406980012
january_2025,711.7364562318688
january_2025,856.66703822725
january_2025,1148.2447840033726
none,0.0
elliott_2022,2838.57116975111
january_2025,399.25069415656327
january_2025,724.9004981937225
none,0.0
none,0.0
elliott_2022,1148.1619576580201
uri_2021,2263.4425923099225
elliott_2022,1318.175786062825
january_2025,608.685609045506
none,0.0
january_2025,626.9434679825476
none,0.0
elliott_2022,1319.3356961455984
uri_2021,2333.6355057676024
january_2025,0.0
january_2025,69.86486202663224
none,0.0
none,0.0
elliott_2022,1440.7193064691082
elliott_2022,970.617430076578
january_2025,933.4082183229993
none,0.0
none,0.0
january_2025,736.5820551648475
january_2025,1126.8390675143928
none,0.0
none,0.0
january_2025,362.29339851598144
none,0.0
none,0.0
none,0.0
none,0.0
none,0.0
january_2025,894.7879326483835
none,0.0
none,0.0
none,0.0
january_2025,409.4987056306398
none,0.0
none,0.0
uri_2021,4120.089608728569
none,0.0
elliott_2022,2144.919681120733
none,0.0
january_2025,147.66147292372935
elliott_2022,2938.3624094001557
none,0.0
january_2025,289.83772692361674
none,0.0
uri_2021,4035.1711405111337
none,0.0
uri_2021,1826.4926276888946
none,0.0
january_2025,423.49819563661475
january_2025,379.41655389018194
january_2025,606.6789054009489
january_2025,1091.9446692170245
none,0.0
january_2025,790.7821063231497
none,0.0
none,0.0
none,0.0
none,0.0
uri_2021,2363.1514518365207
none,0.0
none,0.0
elliott_2022,3054.144846871484
none,0.0
none,0.0
none,0.0
uri_2021,1870.6828725241908
none,0.0
none,0.0
elliott_2022,2039.1852340814849
uri_2021,3883.7500219657554
uri_2021,3136.459482920457
none,0.0
none,0.0
elliott_2022,385.4391017341049
elliott_2022,2024.40157316258
none,0.0
none,0.0
none,0.0
january_2025,909.7074949755959
none,0.0
elliott_2022,1112.3175040391118
none,0.0
january_2025,683.654020173286
none,0.0
none,0.0
none,0.0
none,0.0
uri_2021,5239.35779560466
uri_2021,4145.115429934985
none,0.0
january_2025,586.1499389666019
elliott_2022,997.365959033067
none,0.0
january_2025,615.9599668296834
elliott_2022,1504.0750849124565
january_2025,285.33653048569033
january_2025,324.7260149557258
january_2025,577.2900313762746
none,0.0
none,0.0
january_2025,0.7150552196712011
january_2025,196.50657243940054
january_2025,61.43276778403005
none,0.0
elliott_2022,662.6789792234246
none,0.0
none,0.0
january_2025,322.8939569896964
january_2025,1462.1428548068163
none,0.0
none,0.0
none,0.0
elliott_2022,1955.8309396093082
none,0.0
none,0.0
none,0.0
none,0.0
january_2025,981.2477995687211
none,0.0
january_2025,346.5245935991549
none,0.0
january_2025,105.53091784826242
january_2025,1015.3974731264759
none,0.0
january_2025,549.4195767707764
elliott_2022,1339.1444777704385
none,0.0
none,0.0
none,0.0
none,0.0
none,0.0
none,0.0
none,0.0
none,0.0
january_2025,211.53074283787743
none,0.0
january_2025,157.51839940581192
none,0.0
none,0.0
none,0.0
none,0.0
none,0.0
none,0.0
january_2025,192.86239886764986
none,0.0
january_2025,433.2489617058461
none,0.0
none,0.0
none,0.0
none,0.0
none,0.0
january_2025,367.95511633662426
none,0.0
january_2025,56.816190173695794
none,0.0
none,0.0
none,0.0
none,0.0
january_2025,810.5961190897852
none,0.0
none,0.0
january_2025,1814.1802076872386
none,0.0
elliott_2022,585.8011008543801
none,0.0
january_2025,157.61436349631654
january_2025,612.0312449988878
none,0.0
january_2025,0.0
january_2025,1247.472228514111
elliott_2022,1137.7124092838033
none,0.0
january_2025,959.9862282234255
january_2025,1294.3725200662875
none,0.0
none,0.0
none,0.0
january_2025,364.82743122734223
elliott_2022,2204.1416141160435
none,0.0
january_2025,12.812328390373596
none,0.0
january_2025,862.1479014098696
january_2025,851.9651325293221
january_2025,1073.8482200950757
elliott_2022,2406.6735720430343
none,0.0
none,0.0
elliott_2022,864.5307410058758
none,0.0
elliott_2022,1421.5089873735487
none,0.0
none,0.0
january_2025,1462.53997159098
none,0.0
january_2025,1170.4897244846723
none,0.0
none,0.0
january_2025,0.45184821060698765
none,0.0
none,0.0
january_2025,910.303576653435
elliott_2022,727.7711773225782
january_2025,591.2466031370898
none,0.0
elliott_2022,1324.5425713208515
none,0.0
elliott_2022,3701.04908399517
none,0.0
none,0.0
january_2025,951.6065114603946
january_2025,789.4195091006011
january_2025,953.7677608615451
none,0.0
none,0.0
january_2025,743.1487075315496
none,0.0
none,0.0
none,0.0
elliott_2022,1973.3315475105624
none,0.0
none,0.0
january_2025,1830.5979248697927
elliott_2022,1328.2459177774133
elliott_2022,1508.595389856671
january_2025,790.0239461740177
elliott_2022,2784.1427980162316
none,0.0
none,0.0
january_2025,531.5290000588617
none,0.0
none,0.0
uri_2021,3170.566131422259
none,0.0
none,0.0
january_2025,482.56301758168297
none,0.0
january_2025,1309.8346013071773
january_2025,275.448251977687
none,0.0
none,0.0
january_2025,5.447728992136651
none,0.0
january_2025,1257.8435825172148
elliott_2022,2012.0392611892132
none,0.0
january_2025,280.59044124127473
january_2025,1162.2604610144697
january_2025,4.611135652906725
none,0.0
none,0.0
none,0.0
uri_2021,3349.3118753031727
none,0.0
none,0.0
none,0.0
none,0.0
none,0.0
january_2025,859.1619861280644
none,0.0
none,0.0
none,0.0
none,0.0
none,0.0
none,0.0
none,0.0
january_2025,594.1465132436264
january_2025,124.77471992974918
january_2025,851.7236088246905
january_2025,852.9011256208438
january_2025,443.325535827869
january_2025,206.10578302143878
none,0.0
none,0.0
january_2025,1617.3103047133882
none,0.0
none,0.0
none,0.0
january_2025,1539.5245443943072
none,0.0
none,0.0
january_2025,494.0147558073158
none,0.0
none,0.0
january_2025,304.09964619288235
none,0.0
none,0.0
none,0.0
none,0.0
january_2025,1395.1425483228847
none,0.0
january_2025,637.6710005343114
none,0.0
elliott_2022,280.31324272010403
none,0.0
january_2025,304.54677672717867
january_2025,470.10082761694093
elliott_2022,1871.4817145200582
none,0.0
none,0.0
elliott_2022,2622.996695697752
none,0.0
none,0.0
january_2025,140.63735608559895
none,0.0
none,0.0
none,0.0
none,0.0
january_2025,722.8222027854199
uri_2021,3032.107523067998
elliott_2022,1753.1387159072644
none,0.0
january_2025,1213.7266499028979
none,0.0
none,0.0
none,0.0
elliott_2022,1376.7448305881633
none,0.0
none,0.0
elliott_2022,1301.418697896407
january_2025,1397.193338388435
january_2025,88.11401297203203
elliott_2022,619.8396213896066
none,0.0
january_2025,356.46019740032034
elliott_2022,2822.984996439396
none,0.0
none,0.0
none,0.0
none,0.0
none,0.0
none,0.0
none,0.0
none,0.0
none,0.0
none,0.0
none,0.0
none,0.0
january_2025,325.1621504247127
elliott_2022,1079.0389152647085
january_2025,84.48845763540366
elliott_2022,1590.6945213484448
none,0.0
january_2025,1183.8110015636514
uri_2021,4516.597252715876
uri_2021,4714.711360540629
none,0.0
none,0.0
none,0.0
none,0.0
uri_2021,4599.865701601774
none,0.0
none,0.0
uri_2021,2317.5475725635556
uri_2021,2565.7653999812437
january_2025,927.7305337885871
none,0.0
january_2025,257.43476563058164
none,0.0
none,0.0
january_2025,244.10492873360744
none,0.0
none,0.0
uri_2021,4714.391569302139
none,0.0
january_2025,799.124010800094
none,0.0
january_2025,836.979114928351
none,0.0
none,0.0
january_2025,569.4244658152601
elliott_2022,2461.14643681835
none,0.0
january_2025,956.3718787824918
january_2025,370.2903758224275
january_2025,341.77954647943056
uri_2021,3113.455912872952
january_2025,70.69162259444344
none,0.0
none,0.0
none,0.0
uri_2021,4292.274088781154
elliott_2022,277.096816189391
none,0.0
january_2025,177.0660159519352
elliott_2022,1394.7773030759704
elliott_2022,752.5054105558652
none,0.0
none,0.0
january_2025,1525.2500567091938
uri_2021,2898.0919293887973
none,0.0
january_2025,618.6793240939297
uri_2021,3193.166150260542
none,0.0
none,0.0
none,0.0
none,0.0
elliott_2022,1642.1804986231173
none,0.0
january_2025,434.6304071321425
none,0.0
january_2025,419.17951446847405
none,0.0
january_2025,151.8082038510146
none,0.0
elliott_2022,1713.4255880747494
january_2025,348.5859091390404
none,0.0
january_2025,247.27244212570133
none,0.0
none,0.0
january_2025,856.7042113467267
none,0.0
none,0.0
none,0.0
elliott_2022,2018.4866399218572
none,0.0
none,0.0
none,0.0
none,0.0
january_2025,277.1536458187931
none,0.0
none,0.0
none,0.0
elliott_2022,1621.372359137667
elliott_2022,648.8068240868809
none,0.0
elliott_2022,881.0650543626181
elliott_2022,2253.9818908369175
none,0.0
elliott_2022,2382.7588627963887
january_2025,352.16124086345854
none,0.0
none,0.0
january_2025,786.3560929030983
none,0.0
none,0.0
none,0.0
none,0.0
elliott_2022,387.93384367008656
none,0.0
none,0.0
elliott_2022,871.9795945176692
none,0.0
january_2025,1334.0162822695147
january_2025,1.3031589750632084
none,0.0
none,0.0
elliott_2022,641.0965735334718
elliott_2022,1405.909173443667
january_2025,643.4632068474197
elliott_2022,756.3291796252046
uri_2021,2719.297116245186
elliott_2022,3245.7123289096653
january_2025,45.72198287009566
none,0.0
none,0.0
none,0.0
none,0.0
none,0.0
none,0.0
none,0.0
none,0.0
none,0.0
none,0.0
none,0.0
none,0.0
uri_2021,2992.366408258304
none,0.0
none,0.0
none,0.0
none,0.0
january_2025,718.1103010060001
none,0.0
elliott_2022,6.874234482538665
none,0.0
january_2025,294.17054796782253
none,0.0
none,0.0
elliott_2022,1047.9566165894448
none,0.0
elliott_2022,870.9231160763899
none,0.0
january_2025,293.2295950767041
none,0.0
january_2025,773.2254954733919
january_2025,123.07328857777597
none,0.0
uri_2021,2221.694945030952
january_2025,1132.2586584421556
elliott_2022,1943.7912836268763
none,0.0
january_2025,814.2213928183171
january_2025,1076.8811681909665
none,0.0
none,0.0
none,0.0
elliott_2022,2198.4643985055723
none,0.0
none,0.0
none,0.0
none,0.0
none,0.0
none,0.0
none,0.0
january_2025,184.25087175553577
elliott_2022,1197.760424004204
uri_2021,3022.5748619451347
none,0.0
january_2025,385.9707746469659
january_2025,577.0268299341002
none,0.0
elliott_2022,1770.3181086754184
uri_2021,1653.1498694276531
none,0.0
uri_2021,3695.9369042566086
january_2025,1155.49035245182
none,0.0
none,0.0
january_2025,1230.4801277309214
none,0.0
none,0.0
january_2025,719.2313701053914
january_2025,1175.651844068396
elliott_2022,1422.6458976455287
none,0.0
none,0.0
none,0.0
elliott_2022,1414.4155049930755
january_2025,2071.7311228608964
none,0.0
none,0.0
none,0.0
none,0.0
none,0.0
january_2025,1047.6701317873337
none,0.0
none,0.0
none,0.0
january_2025,913.046380376715
january_2025,177.64408626609404
january_2025,180.52967098766032
uri_2021,3298.2068727053525
january_2025,669.378788934503
none,0.0
uri_2021,3379.8862193033697
january_2025,711.5227051925274
january_2025,138.24982492438872
elliott_2022,891.3210176259385
elliott_2022,751.5660783399215
none,0.0
none,0.0
january_2025,261.28605119861174
january_2025,84.74126593087247
none,0.0
none,0.0
none,0.0
none,0.0
uri_2021,4692.96150413207
none,0.0
elliott_2022,1622.7393886803288
january_2025,869.0586834008051
none,0.0
elliott_2022,1574.5301398835443
uri_2021,2968.80166908549
uri_2021,3856.7341344560273
january_2025,404.69035076850713
none,0.0
uri_2021,379.7673358333333
january_2025,51.453023120731174
uri_2021,2006.5309696209376
none,0.0
january_2025,175.7074947735337
uri_2021,3050.335991573921
none,0.0
none,0.0
none,0.0
none,0.0
none,0.0
january_2025,973.0126557789674
none,0.0
january_2025,609.5382384986628
none,0.0
january_2025,1115.958630846414
none,0.0
none,0.0
elliott_2022,1030.1385022681775
none,0.0
uri_2021,2400.8569888591846
january_2025,1566.2542191913456
elliott_2022,553.0014927392448
january_2025,483.426548627307
elliott_2022,783.0153318056066
none,0.0
none,0.0
none,0.0
elliott_2022,587.721230743991
none,0.0
elliott_2022,2250.8660643455396
elliott_2022,1573.4972730717307
january_2025,1.9122999754647585
none,0.0
elliott_2022,1193.5332581913028
january_2025,993.7041842907674
january_2025,372.3700289977652
january_2025,210.29729427188616
none,0.0
none,0.0
none,0.0
none,0.0
elliott_2022,334.91906230647464
none,0.0
none,0.0
none,0.0
uri_2021,3568.6057513221826
none,0.0
none,0.0
none,0.0
none,0.0
elliott_2022,1675.2462489083334
january_2025,701.7745701312815
january_2025,768.5021475546756
uri_2021,2526.08324850818
january_2025,604.139278221695
none,0.0
january_2025,506.55364959386367
january_2025,708.4870590519046
none,0.0
uri_2021,3844.9878874125898
uri_2021,1780.6649302880778
january_2025,1138.293266978277
none,0.0
january_2025,8.813752328055788
none,0.0
none,0.0
none,0.0
elliott_2022,1304.8068606795275
january_2025,330.7168330208024
january_2025,329.8058612237665
none,0.0
elliott_2022,1249.0845501413453
none,0.0
none,0.0
january_2025,1082.2010027489512
january_2025,921.1977212398006
none,0.0
elliott_2022,937.4997085418614
january_2025,1324.9060609366095
none,0.0
none,0.0
none,0.0
none,0.0
none,0.0
none,0.0
none,0.0
none,0.0
january_2025,1140.4669557336888
elliott_2022,414.6309609715479
january_2025,275.7274590283733
none,0.0
none,0.0
none,0.0
none,0.0
january_2025,618.5285373515009
january_2025,1023.2920926839156
january_2025,248.59419428743328
none,0.0
none,0.0
none,0.0
none,0.0
january_2025,596.556861432664
none,0.0
none,0.0
none,0.0
none,0.0
none,0.0
january_2025,892.0568861240345
none,0.0
none,0.0
elliott_2022,2205.662400885476
none,0.0
none,0.0
none,0.0
elliott_2022,1495.7673264161508
none,0.0
none,0.0
january_2025,312.56783731613706
january_2025,812.2371037554424
none,0.0
january_2025,475.6966963861098
january_2025,0.0
elliott_2022,2263.839152522312
none,0.0
elliott_2022,2592.5611423580144
none,0.0
january_2025,231.06713139050083
elliott_2022,946.9492707636662
uri_2021,3330.8915556992756
january_2025,302.58277309223104
elliott_2022,1349.973911796788
none,0.0
none,0.0
none,0.0
january_2025,1438.722505595211
none,0.0
january_2025,721.012362540105
none,0.0
january_2025,601.2038014031377
none,0.0
none,0.0
uri_2021,4228.6832420314395
none,0.0
january_2025,15.80987099973178
uri_2021,3582.4838185503345
january_2025,423.2734603566917
none,0.0
none,0.0
elliott_2022,2854.4782994152833
none,0.0
none,0.0
elliott_2022,1512.1940061030411
elliott_2022,1605.0276626471853
none,0.0
none,0.0
none,0.0
january_2025,852.1845157100933
none,0.0
none,0.0
none,0.0
none,0.0
uri_2021,1565.5425715384315
elliott_2022,1518.150599389663
january_2025,322.45463916269784
january_2025,1172.9438994856034
elliott_2022,2277.5603317521186
january_2025,227.41112997515623
none,0.0
none,0.0
none,0.0
none,0.0
january_2025,261.18314381487977
january_2025,4.523208572720687
none,0.0
january_2025,163.8310066250237
elliott_2022,2285.2388772004215
january_2025,721.367752660724
elliott_2022,540.538251953054
january_2025,334.58637123131933
none,0.0
none,0.0
january_2025,0.06030399082771055
uri_2021,3199.3811082342436
none,0.0
none,0.0
none,0.0
elliott_2022,3192.0415742604046
elliott_2022,3232.1065448506624
elliott_2022,1966.7525806821716
none,0.0
none,0.0
none,0.0
elliott_2022,1799.0143574903136
none,0.0
none,0.0
elliott_2022,2213.5277761904895
january_2025,97.62939197503212
elliott_2022,941.1160410643142
january_2025,7.450451965549442
none,0.0
january_2025,1242.4149609519227
none,0.0
none,0.0
none,0.0
january_2025,151.4013469471735
elliott_2022,444.9201729527889
elliott_2022,1139.136297094687
january_2025,1093.292504315252
january_2025,1421.7761149258804
none,0.0
none,0.0
none,0.0
january_2025,368.3309543369311
none,0.0
none,0.0
january_2025,1202.1145480024347
none,0.0
none,0.0
none,0.0
uri_2021,5035.736280520587
none,0.0
uri_2021,1497.3956328199827
elliott_2022,1223.4209440043965
elliott_2022,1795.8131350587178
january_2025,574.6694673457599
none,0.0
january_2025,1288.9468060113857
uri_2021,2548.513427430368
january_2025,228.82511259533877
none,0.0
none,0.0
elliott_2022,1437.8923989025955
none,0.0
none,0.0
january_2025,0.5251613883537
none,0.0
none,0.0
none,0.0
january_2025,537.1962715343856
none,0.0
january_2025,0.010678620323426457
january_2025,97.16718216913387
none,0.0
none,0.0
none,0.0
uri_2021,3822.182486282277
none,0.0
uri_2021,3672.600065843233
none,0.0
none,0.0
january_2025,362.17261877267026
none,0.0
none,0.0
january_2025,835.0526568065939
none,0.0
none,0.0
january_2025,363.5644923920078
none,0.0
none,0.0
none,0.0
none,0.0
elliott_2022,1134.7753193569717
none,0.0
none,0.0
none,0.0
none,0.0
none,0.0
uri_2021,3022.9036070992274
january_2025,1136.0106335842722
elliott_2022,3039.440606633316
january_2025,43.020018565596025
none,0.0
elliott_2022,728.7019516033699
none,0.0
elliott_2022,322.2883458880887
none,0.0
elliott_2022,1975.5798461897587
none,0.0
elliott_2022,593.1912008768204
elliott_2022,2722.6527928318874
january_2025,0.0
january_2025,329.6754701544214
none,0.0
none,0.0
none,0.0
uri_2021,4195.587481931647
january_2025,0.0
none,0.0
january_2025,698.4212611027139
none,0.0
elliott_2022,896.7205672897308
none,0.0
elliott_2022,953.0165889441548
january_2025,782.2069610462416
january_2025,194.16353294694716
elliott_2022,1316.4281035700326
none,0.0
none,0.0
none,0.0
elliott_2022,963.5387466194497
none,0.0
none,0.0
none,0.0
elliott_2022,467.56669811877583
none,0.0
none,0.0
none,0.0
elliott_2022,776.91596689278
january_2025,1183.6877691569887
none,0.0
none,0.0
none,0.0
none,0.0
uri_2021,4379.417283713406
none,0.0
none,0.0
january_2025,770.5933515992571
january_2025,182.77863598704624
none,0.0
none,0.0
january_2025,613.300633366826
january_2025,2244.294719234613
january_2025,500.93368300536844
elliott_2022,1577.5091436075288
none,0.0
none,0.0
none,0.0
none,0.0
january_2025,493.13701351973253
uri_2021,3153.8558612076645
none,0.0
elliott_2022,1610.3439107022502
january_2025,977.3486794776367
none,0.0
none,0.0
none,0.0
elliott_2022,2150.164846231498
none,0.0
none,0.0
none,0.0
none,0.0
none,0.0
none,0.0
none,0.0
january_2025,1349.2144642625867
uri_2021,3601.3987635458857
none,0.0
none,0.0
none,0.0
elliott_2022,10.075144166666666
none,0.0
none,0.0
none,0.0
none,0.0
uri_2021,1297.235176686302
none,0.0
january_2025,735.3700104566101
none,0.0
none,0.0
january_2025,416.462633463415
january_2025,860.5861739703766
elliott_2022,2891.722695327376
none,0.0
january_2025,414.5457936571313
january_2025,553.3399076626969
january_2025,376.5154299735215
elliott_2022,2368.990809633682
none,0.0
january_2025,591.200472751698
none,0.0
january_2025,149.14302460997044
none,0.0
none,0.0
january_2025,1178.3183632642783
none,0.0
none,0.0
none,0.0
january_2025,997.4056286414017
none,0.0
january_2025,1160.358552080232
none,0.0
none,0.0
none,0.0
none,0.0
january_2025,451.39028660103526
none,0.0
none,0.0
none,0.0
january_2025,259.4563853148098
none,0.0
uri_2021,2368.530677007693
none,0.0
january_2025,1591.6994204778298
none,0.0
january_2025,1159.3243105368288
elliott_2022,739.3847244587082
none,0.0
none,0.0
uri_2021,2133.0834867122708
none,0.0
january_2025,0.44668377146020327
january_2025,87.79313596050409
january_2025,1540.8138776444453
none,0.0
elliott_2022,2387.9649423240353
elliott_2022,1671.8462122731023
none,0.0
none,0.0
none,0.0
none,0.0
none,0.0
elliott_2022,2081.094521524105
january_2025,303.01328228348757
none,0.0
none,0.0
none,0.0
january_2025,744.9942564178522
none,0.0
none,0.0
none,0.0
january_2025,137.00281038095045
none,0.0
none,0.0
none,0.0
none,0.0
elliott_2022,2961.931692239458
january_2025,292.04566486186167
elliott_2022,813.7656526351443
none,0.0
january_2025,489.6406692022893
none,0.0
none,0.0
none,0.0
none,0.0
elliott_2022,2648.5862709749686
january_2025,329.3229239003597
none,0.0
january_2025,678.6050503592642
elliott_2022,2358.804615039748
none,0.0
none,0.0
elliott_2022,1134.1389081571606
none,0.0
none,0.0
none,0.0
none,0.0
january_2025,9.367655906249217
none,0.0
none,0.0
elliott_2022,1903.0464788640174
january_2025,192.37689441381548
none,0.0
uri_2021,4448.076066105678
none,0.0
none,0.0
january_2025,383.4165468269689
elliott_2022,440.2002599430011
january_2025,1656.6026495783303
january_2025,778.1824811878961
none,0.0
none,0.0
elliott_2022,1313.8252713534516
none,0.0
uri_2021,1090.4466258781895
none,0.0
elliott_2022,2691.7095638197598
elliott_2022,2019.6222972406154
january_2025,713.5877250393024
none,0.0
elliott_2022,1078.0000489023737
january_2025,177.74072637444485
none,0.0
none,0.0
elliott_2022,2264.442376341103
uri_2021,2996.8410938172674
none,0.0
elliott_2022,837.5861112011376
none,0.0
elliott_2022,3095.492046574493
none,0.0
elliott_2022,980.1695381338661
none,0.0
elliott_2022,1529.127672895763
january_2025,1379.555802358346
none,0.0
january_2025,1271.6520954150337
uri_2021,1778.253206000931
none,0.0
elliott_2022,961.2845692577812
january_2025,816.8288000595786
none,0.0
january_2025,424.83430728501605
january_2025,678.8174318371246
january_2025,289.8350443886201
elliott_2022,263.49810659540077
none,0.0
january_2025,940.1734083562075
uri_2021,1913.0749110718746
none,0.0
none,0.0
january_2025,583.0487698584852
elliott_2022,2984.2511456684924
none,0.0
uri_2021,1785.372959224681
january_2025,974.6988892015913
january_2025,624.2284093290223
elliott_2022,1229.9809061764008
uri_2021,3222.083446415484
none,0.0
elliott_2022,1573.00026270512
january_2025,860.9841494253194
uri_2021,2114.101513129146
none,0.0
elliott_2022,866.4612243071977
none,0.0
none,0.0
uri_2021,2806.306887284809
none,0.0
january_2025,0.18473381002727038
january_2025,265.0723095642173
none,0.0
none,0.0
none,0.0
january_2025,901.861421558517
january_2025,364.52769506189236
none,0.0
none,0.0
none,0.0
elliott_2022,1163.8970083769016
elliott_2022,1550.161788515705
elliott_2022,3175.39629342958
none,0.0
elliott_2022,1520.6214443619158
none,0.0
elliott_2022,1094.5851787464771
none,0.0
none,0.0
none,0.0
none,0.0
january_2025,542.8690788861212
january_2025,7.9694756376071165
none,0.0
january_2025,203.8118745108436
uri_2021,3209.301577118351
january_2025,708.477482629274
none,0.0
january_2025,2039.8388723243368
none,0.0
january_2025,603.3640805386129
none,0.0
none,0.0
none,0.0
none,0.0
january_2025,692.1845015754924
none,0.0
january_2025,351.258955837115
none,0.0
elliott_2022,1048.3722108218997
january_2025,597.1287605791913
uri_2021,2716.9812716192405
none,0.0
none,0.0
january_2025,750.0120558607575
none,0.0
none,0.0
elliott_2022,2290.424102962487
none,0.0
january_2025,533.4982212026102
none,0.0
january_2025,59.245204193663916
none,0.0
elliott_2022,1441.648112424031
january_2025,26.566552016314716
january_2025,678.3623619188076
january_2025,954.6991818685512
uri_2021,2880.6563145019077
none,0.0
january_2025,294.6917228496288
none,0.0
none,0.0
january_2025,464.0077710705887
none,0.0
none,0.0
elliott_2022,1333.448372433654
none,0.0
none,0.0
uri_2021,2336.6893074454106
elliott_2022,2575.474501587677
none,0.0
january_2025,802.9972893783438
january_2025,110.45555628252731
elliott_2022,1324.780414276395
january_2025,1214.6113529548156
none,0.0
elliott_2022,1898.7384114600554
none,0.0
none,0.0
none,0.0
none,0.0
none,0.0
january_2025,874.5075682511432
none,0.0
uri_2021,2098.487179004126
none,0.0
none,0.0
none,0.0
uri_2021,2436.930386402376
january_2025,337.6424999249859
none,0.0
none,0.0
january_2025,571.0128212170542
elliott_2022,855.5906648506079
none,0.0
january_2025,11.104472039227625
none,0.0
none,0.0
january_2025,933.0118476342124
elliott_2022,1769.1025937153784
january_2025,697.3402163356237
none,0.0
none,0.0
none,0.0
january_2025,714.0699183262714
none,0.0
elliott_2022,1724.2259768416568
january_2025,405.9330460525263
none,0.0
elliott_2022,3.026090833333333
none,0.0
none,0.0
none,0.0
none,0.0
none,0.0
uri_2021,4675.051634856236
none,0.0
none,0.0
none,0.0
none,0.0
none,0.0
uri_2021,2048.1495800984235
january_2025,118.65302956371073
none,0.0
none,0.0
none,0.0
none,0.0
none,0.0
none,0.0
january_2025,98.14898436213308
elliott_2022,2729.0467029269366
none,0.0
none,0.0
none,0.0
uri_2021,3605.071900694518
none,0.0
none,0.0
none,0.0
january_2025,716.9469678142408
none,0.0
none,0.0
january_2025,94.79036755364251
none,0.0
elliott_2022,1095.4707230614156
none,0.0
none,0.0
elliott_2022,3046.0701533187766
none,0.0
elliott_2022,2146.2774720854504
elliott_2022,2897.1329775510458
none,0.0
none,0.0
none,0.0
none,0.0
none,0.0
none,0.0
none,0.0
elliott_2022,1023.2738463787633
january_2025,555.4620789423087
none,0.0
january_2025,223.59923461589025
none,0.0
none,0.0
january_2025,959.3960573372259
january_2025,261.4470268971976
none,0.0
january_2025,305.748230355216
elliott_2022,2394.186682257256
january_2025,904.2352700413552
uri_2021,4637.591439008313
none,0.0
january_2025,450.97720530273983
none,0.0
none,0.0
january_2025,1093.1166016031348
uri_2021,3107.2459858818634
none,0.0
none,0.0
elliott_2022,698.8658059521332
none,0.0
none,0.0
none,0.0
none,0.0
none,0.0
none,0.0
none,0.0
none,0.0
january_2025,1276.5559125772675
none,0.0
none,0.0
elliott_2022,1280.300325989274
uri_2021,2964.2370279270335
elliott_2022,971.3361010401075
none,0.0
none,0.0
january_2025,837.0499635562768
january_2025,71.10702029905458
january_2025,295.0694978569705
none,0.0
elliott_2022,1610.042197483403
january_2025,4.919828621756733
january_2025,533.7309668929046
none,0.0
none,0.0
january_2025,1041.1295472571799
none,0.0
none,0.0
none,0.0
none,0.0
elliott_2022,1438.4726186491325
elliott_2022,932.8436696188825
none,0.0
none,0.0
none,0.0
none,0.0
none,0.0
none,0.0
none,0.0
none,0.0
elliott_2022,2459.88662973168
none,0.0
none,0.0
none,0.0
january_2025,384.4951965942406
none,0.0
none,0.0
none,0.0
none,0.0
january_2025,663.1950429621425
january_2025,375.6333646179042
none,0.0
uri_2021,4035.7530796118303
uri_2021,3657.8121595020953
none,0.0
none,0.0
uri_2021,3469.1954332204373
none,0.0
elliott_2022,1180.2643433595156
none,0.0
none,0.0
january_2025,361.61713632322363
none,0.0
none,0.0
none,0.0
none,0.0
january_2025,587.0894727554894
none,0.0
none,0.0
elliott_2022,2026.145367177281
none,0.0
january_2025,1221.8533061036803
none,0.0
elliott_2022,3187.2358084531884
elliott_2022,2369.351700702389
none,0.0
uri_2021,3343.958457761076
none,0.0
none,0.0
none,0.0
none,0.0
january_2025,231.6190889251596
none,0.0
none,0.0
none,0.0
elliott_2022,1444.519728354868
none,0.0
none,0.0
january_2025,873.951121356873
january_2025,600.6958481497347
none,0.0
none,0.0
january_2025,518.7571520027565
january_2025,117.3270084312841
elliott_2022,2249.7120614471764
none,0.0
none,0.0
january_2025,979.0615637755475
january_2025,840.484050607011
none,0.0
elliott_2022,2080.0362527159746
none,0.0
none,0.0
january_2025,362.74290487609693
none,0.0
elliott_2022,1611.3297709425017
none,0.0
none,0.0
none,0.0
january_2025,390.1860739684547
uri_2021,3517.556999086995
uri_2021,2645.252915916252
elliott_2022,1752.6236240782966
january_2025,821.8988952462497
none,0.0
none,0.0
none,0.0
none,0.0
none,0.0
none,0.0
uri_2021,3142.7033800148765
none,0.0
none,0.0
none,0.0
january_2025,992.1691634247592
none,0.0
january_2025,222.31224615618748
uri_2021,5148.0603741700925
january_2025,32.30360229860079
january_2025,383.97478010988715
uri_2021,2450.3194728666404
none,0.0
none,0.0
january_2025,357.1580689340353
elliott_2022,1821.5604244628273
january_2025,433.55494508053795
none,0.0
none,0.0
january_2025,274.392961509888
uri_2021,4886.000549290189
none,0.0
uri_2021,2148.309217408671
none,0.0
none,0.0
none,0.0
none,0.0
january_2025,521.2614182645999
none,0.0
none,0.0
elliott_2022,1880.2160322267068
none,0.0
january_2025,1141.2302111979857
none,0.0
january_2025,438.6611017522547
none,0.0
january_2025,806.1227424334965
january_2025,699.4264554636385
none,0.0
elliott_2022,1487.5939671642645
january_2025,505.30223999280946
none,0.0
january_2025,925.4409304276204
none,0.0
none,0.0
none,0.0
january_2025,629.0083994120697
january_2025,184.56304830694793
january_2025,215.2256512119309
uri_2021,1050.7905189168603
january_2025,750.7744681349325
none,0.0
elliott_2022,1944.223967666428
january_2025,245.0884305432448
january_2025,499.45565545980986
january_2025,95.98073174832547
elliott_2022,2050.621791442279
uri_2021,5055.233094012933
uri_2021,2509.7741121498893
january_2025,496.6047486151663
elliott_2022,2327.33538337242
none,0.0
elliott_2022,1890.3452567073205
uri_2021,2751.135235407656
none,0.0
none,0.0
none,0.0
none,0.0
none,0.0
january_2025,1266.3341324401135
none,0.0
none,0.0
none,0.0
none,0.0
none,0.0
none,0.0
none,0.0
none,0.0
none,0.0
january_2025,895.1974939836701
january_2025,534.7175049687607
none,0.0
january_2025,19.713859775613905
january_2025,433.77435869282635
january_2025,443.2149998844721
january_2025,2040.3786512762122
january_2025,49.30158530311756
none,0.0
none,0.0
none,0.0
january_2025,798.5939754221259
none,0.0
none,0.0
none,0.0
none,0.0
uri_2021,6258.509882126716
none,0.0
january_2025,649.6778114518759
none,0.0
none,0.0
uri_2021,5292.554779955355
january_2025,275.35778336095996
elliott_2022,2085.437348412697
none,0.0
elliott_2022,1476.8806607521256
none,0.0
none,0.0
none,0.0
january_2025,1189.2572310277633
none,0.0
january_2025,50.49079303138741
uri_2021,2782.746980384673
none,0.0
january_2025,367.66544792943273
none,0.0
january_2025,892.8666046788683
none,0.0
elliott_2022,1898.6773852319252
january_2025,1174.1133838915634
january_2025,810.6907192944183
uri_2021,3329.0912551334136
january_2025,528.822608799671
none,0.0
elliott_2022,843.3328515261975
none,0.0
none,0.0
none,0.0
none,0.0
none,0.0
january_2025,1543.3314398444102
uri_2021,4281.446843333852
january_2025,23.561275353941955
none,0.0
january_2025,35.77944494184682
none,0.0
none,0.0
january_2025,699.3783224821158
elliott_2022,1019.1936512777361
none,0.0
january_2025,1191.1710097751647
none,0.0
none,0.0
uri_2021,2382.119732741667
none,0.0
none,0.0
january_2025,4.804719779913687
elliott_2022,785.4246444319665
none,0.0
january_2025,1199.660337723766
none,0.0
uri_2021,1515.3248170568666
none,0.0
none,0.0
uri_2021,3922.6159614434
january_2025,89.15591493710468
january_2025,761.3020976538004
january_2025,269.25205054599
january_2025,190.053034253064
none,0.0
elliott_2022,1251.7778143713056
none,0.0
none,0.0
none,0.0
uri_2021,4130.786205366353
none,0.0
none,0.0
none,0.0
january_2025,330.5330980294985
january_2025,226.01729884299414
january_2025,219.9038176911709
january_2025,252.16765125150846
elliott_2022,459.60284340370157
none,0.0
elliott_2022,1274.6492017032854
none,0.0
january_2025,804.1077895319697
none,0.0
none,0.0
elliott_2022,268.9868759940809
none,0.0
none,0.0
uri_2021,2894.9259675838484
uri_2021,3952.6801408553724
none,0.0
none,0.0
none,0.0
none,0.0
none,0.0
elliott_2022,2855.5907770012077
january_2025,490.8876164357738
none,0.0
none,0.0
none,0.0
none,0.0
none,0.0
none,0.0
uri_2021,2682.002815296741
none,0.0
none,0.0
january_2025,2.6183619667387363
none,0.0
none,0.0
none,0.0
january_2025,429.02712320073323
none,0.0
january_2025,752.6116973839273
none,0.0
none,0.0
none,0.0
none,0.0
january_2025,373.48143907424117
uri_2021,2592.4789454830966
none,0.0
january_2025,1076.0073926780553
january_2025,821.9168060248227
elliott_2022,1063.3919122316324
january_2025,433.05561841102036
january_2025,618.4829430135095
none,0.0
none,0.0
elliott_2022,2368.91228052094
none,0.0
uri_2021,2287.4429661077997
none,0.0
none,0.0
uri_2021,3536.4780523506797
elliott_2022,1890.7859337386549
none,0.0
none,0.0
none,0.0
uri_2021,2952.7528255016105
none,0.0
elliott_2022,1472.5823956539314
january_2025,0.30387473358570116
none,0.0
january_2025,1298.1365538255195
none,0.0
elliott_2022,454.96139925652415
none,0.0
none,0.0
january_2025,1546.5877950319482
none,0.0
january_2025,773.1369249515659
uri_2021,2749.1089329048787
january_2025,128.41799894881018
none,0.0
none,0.0
january_2025,902.6281695476544
january_2025,415.4201428091326
none,0.0
none,0.0
none,0.0
none,0.0
none,0.0
elliott_2022,1975.9001087459121
none,0.0
none,0.0
none,0.0
none,0.0
uri_2021,1402.8968201155817
none,0.0
none,0.0
january_2025,949.2627864812875
none,0.0
none,0.0
none,0.0
none,0.0
none,0.0
elliott_2022,1116.0259322987986
none,0.0
january_2025,844.4192628735683
none,0.0
none,0.0
january_2025,177.59818320107777
none,0.0
none,0.0
january_2025,723.7355355260447
none,0.0
none,0.0
elliott_2022,1638.579674207321
none,0.0
elliott_2022,1688.3755989694105
none,0.0
january_2025,674.6698965741114
none,0.0
uri_2021,3106.668518442814
uri_2021,3093.454230683822
none,0.0
none,0.0
january_2025,250.98142009851128
none,0.0
none,0.0
january_2025,136.18869153473685
none,0.0
none,0.0
none,0.0
none,0.0
elliott_2022,1603.9877587026592
uri_2021,2921.345662800698
none,0.0
january_2025,620.1067757247349
january_2025,784.5688830058682
none,0.0
none,0.0
none,0.0
none,0.0
january_2025,15.038829269818947
none,0.0
none,0.0
none,0.0
january_2025,89.89874732651656
january_2025,444.8748872804323
none,0.0
uri_2021,2156.3851743257273
none,0.0
january_2025,714.2283949761415
none,0.0
january_2025,869.3728203324392
elliott_2022,1312.874210641568
none,0.0
elliott_2022,1557.5989250890298
uri_2021,973.1080160851518
elliott_2022,2242.5751014637
none,0.0
none,0.0
none,0.0
january_2025,572.884110132068
none,0.0
none,0.0
none,0.0
none,0.0
none,0.0
none,0.0
none,0.0
none,0.0
none,0.0
uri_2021,3566.863945557121
uri_2021,2876.086249483537
january_2025,1143.500846404538
none,0.0
january_2025,172.4812084637828
january_2025,834.3728799088282
january_2025,914.675418411809
january_2025,421.6494136530202
none,0.0
january_2025,526.4896183954521
none,0.0
none,0.0
january_2025,1735.5318153326214
none,0.0
elliott_2022,1273.1630656350583
january_2025,1589.4112849134583
none,0.0
none,0.0
none,0.0
uri_2021,2504.4519037967584
none,0.0
none,0.0
january_2025,639.1724878381993
none,0.0
none,0.0
none,0.0
elliott_2022,841.3396569351772
january_2025,1064.2503859502926
elliott_2022,1693.2709589065894
none,0.0
january_2025,312.69687432595435
none,0.0
january_2025,132.29305232766689
none,0.0
uri_2021,4367.854397459551
january_2025,291.3272154264501
none,0.0
none,0.0
none,0.0
january_2025,953.5414034249487
january_2025,644.7744332615882
none,0.0
elliott_2022,2142.6555800983942
none,0.0
january_2025,532.2349628934901
none,0.0
none,0.0
none,0.0
none,0.0
elliott_2022,1566.1684789012982
january_2025,79.81036369399118
uri_2021,3930.3413398114417
january_2025,51.833855673167896
none,0.0
none,0.0
none,0.0
uri_2021,2040.8436889617697
january_2025,85.76665181758187
january_2025,12.821944023285363
none,0.0
january_2025,910.6350959584927
none,0.0
none,0.0
none,0.0
none,0.0
none,0.0
none,0.0
none,0.0
january_2025,1428.6586810495203
january_2025,565.0826687900161
january_2025,953.9738969334134
january_2025,90.05947283609908
january_2025,786.7476074237396
elliott_2022,1953.7539285602813
none,0.0
january_2025,1306.140097531514
none,0.0
january_2025,344.83959095257364
none,0.0
none,0.0
none,0.0
none,0.0
none,0.0
none,0.0
none,0.0
uri_2021,3510.9341041973853
none,0.0
none,0.0
none,0.0
none,0.0
none,0.0
none,0.0
none,0.0
none,0.0
january_2025,1896.9502227894668
none,0.0
january_2025,255.7670638015929
none,0.0
none,0.0
none,0.0
uri_2021,2983.5174817669267
elliott_2022,1157.688720555827
none,0.0
january_2025,773.0271453526586
none,0.0
none,0.0
none,0.0
none,0.0
none,0.0
none,0.0
january_2025,713.3037313415186
none,0.0
january_2025,738.6885245194726
elliott_2022,1604.6023391522162
none,0.0
none,0.0
none,0.0
none,0.0
none,0.0
none,0.0
january_2025,638.221601812286
none,0.0
none,0.0
none,0.0
january_2025,468.5406776377662
january_2025,790.0339561254633
january_2025,794.4418771672687
none,0.0
none,0.0
none,0.0
none,0.0
none,0.0
elliott_2022,315.3407998014617
none,0.0
none,0.0
none,0.0
none,0.0
uri_2021,3448.2291409391473
elliott_2022,1094.1989888174476
none,0.0
january_2025,258.9360319581151
elliott_2022,1516.4515294251391
january_2025,418.7225701449447
none,0.0
uri_2021,1089.4784026243253
none,0.0
uri_2021,2894.5543630636816
none,0.0
none,0.0
january_2025,86.59844475864234
january_2025,62.19322883679076
elliott_2022,1854.3143291043941
elliott_2022,1111.1117489079427
none,0.0
none,0.0
elliott_2022,825.1828771792194
none,0.0
none,0.0
elliott_2022,2747.381916177996
elliott_2022,1896.8294678579246
none,0.0
elliott_2022,682.9491344534196
january_2025,533.0209448610497
elliott_2022,383.63459253626064
none,0.0
none,0.0
elliott_2022,803.2526348180727
none,0.0
none,0.0
january_2025,300.5883625171626
elliott_2022,1559.1482662533335
january_2025,603.9909277763195
none,0.0
january_2025,1000.9220699347015
january_2025,183.8717274902039
none,0.0
uri_2021,1326.6978956560758
none,0.0
january_2025,110.45902863526449
none,0.0
uri_2021,3144.958576928478
none,0.0
elliott_2022,2061.728176945361
none,0.0
january_2025,123.00299322763243
none,0.0
january_2025,97.15379445835285
none,0.0
none,0.0
none,0.0
none,0.0
january_2025,255.22600217597133
january_2025,248.67164581463672
none,0.0
elliott_2022,338.637789165833
uri_2021,2326.1949997660963
january_2025,587.4560624375952
uri_2021,2935.8641350737444
none,0.0
uri_2021,1039.1950092488257
none,0.0
none,0.0
none,0.0
january_2025,740.2017210713742
january_2025,605.7335648554953
uri_2021,2424.549426307973
january_2025,1158.372737350766
january_2025,973.8559404242897
elliott_2022,1122.0215531393978
january_2025,265.1399564108562
none,0.0
january_2025,509.8274998692077
elliott_2022,1829.9841997157391
none,0.0
none,0.0
none,0.0
none,0.0
none,0.0
none,0.0
none,0.0
january_2025,721.7820417006211
none,0.0
january_2025,201.938906718444
january_2025,948.5215350852019
none,0.0
january_2025,412.72308055725125
none,0.0
none,0.0
january_2025,863.3276385244096
none,0.0
none,0.0
none,0.0
uri_2021,2232.482110885111
january_2025,1.8424010943582585
january_2025,652.5095485228163
january_2025,4.150054520740903
january_2025,416.0584892123766
january_2025,334.8234393032757
january_2025,1580.8577084986962
none,0.0
elliott_2022,3422.9889304006774
none,0.0
january_2025,1397.1256934808353
none,0.0
none,0.0
none,0.0
january_2025,1509.9471760598815
january_2025,758.9908536409664
elliott_2022,1803.6839909246826
none,0.0
january_2025,606.00559531878
none,0.0
none,0.0
january_2025,886.6424142637705
uri_2021,1841.1611537289452
none,0.0
none,0.0
none,0.0
none,0.0
none,0.0
none,0.0
uri_2021,2086.029676179628
none,0.0
none,0.0
none,0.0
elliott_2022,608.275966590344
none,0.0
elliott_2022,2533.3241575950183
none,0.0
none,0.0
elliott_2022,1449.1764952799724
none,0.0
none,0.0
none,0.0
none,0.0
none,0.0
none,0.0
none,0.0
none,0.0
january_2025,371.7332639783605
january_2025,467.05968918893893
elliott_2022,320.0656423530389
none,0.0
none,0.0
none,0.0
elliott_2022,1590.9464006633232
none,0.0
none,0.0
none,0.0
uri_2021,1023.874208223087
january_2025,655.1761819203971
none,0.0
none,0.0
elliott_2022,587.3127159608023
uri_2021,3257.869120869629
january_2025,704.4627683055259
january_2025,63.863895698877755
uri_2021,4072.8484215920985
uri_2021,3077.0893033542334
none,0.0
elliott_2022,2616.9045050031505
january_2025,957.0469385723828
january_2025,707.9944938322287
january_2025,397.93731099803387
uri_2021,2405.8137191988044
january_2025,45.04124934920129
january_2025,568.5569430357392
elliott_2022,2911.392230557123
none,0.0
none,0.0
january_2025,242.37906158313143
none,0.0
none,0.0
none,0.0
january_2025,271.56998599511826
january_2025,7.302165767199092
january_2025,562.8299096529254
uri_2021,3394.7896903469527
january_2025,932.0420572099082
january_2025,1245.8713465334838
none,0.0
elliott_2022,1789.0347810513372
none,0.0
january_2025,776.9989549330138
none,0.0
january_2025,329.62853707368924
elliott_2022,2252.5598790174136
uri_2021,4279.582581715513
none,0.0
january_2025,1035.3911714767194
none,0.0
elliott_2022,457.7318160608954
uri_2021,1834.199107529899
elliott_2022,1937.9451334886066
january_2025,17.417880365782548
none,0.0
none,0.0
none,0.0
none,0.0
none,0.0
none,0.0
january_2025,13.758627439721426
january_2025,1385.4706970090356
elliott_2022,1631.9808011096436
january_2025,140.6171486792416
january_2025,1453.663431995439
january_2025,1131.5646228588535
none,0.0
january_2025,980.761657231824
uri_2021,2551.2005883844504
elliott_2022,1145.0862257881322
none,0.0
january_2025,433.07375140305123
none,0.0
none,0.0
january_2025,355.04625673951654
uri_2021,3982.9123263490546
uri_2021,4063.8855751625842
none,0.0
elliott_2022,1116.6328907584063
uri_2021,3543.967710398663
elliott_2022,878.7176315555685
none,0.0
january_2025,1262.2466038621385
january_2025,474.8440654058353
january_2025,55.82273611482585
none,0.0
none,0.0
elliott_2022,1674.5321619308563
none,0.0
none,0.0
none,0.0
january_2025,1661.8428658515886
uri_2021,3829.996125647767
none,0.0
none,0.0
none,0.0
none,0.0
none,0.0
elliott_2022,2137.3026880360385
none,0.0
january_2025,443.56978842219047
elliott_2022,1571.0298251496963
none,0.0
none,0.0
uri_2021,4108.003496330145
elliott_2022,1390.5910079051594
none,0.0
none,0.0
elliott_2022,1187.4643862941778
none,0.0
none,0.0
january_2025,644.4360162550455
none,0.0
elliott_2022,1087.648805998012
january_2025,349.2804563300017
elliott_2022,1084.9415797608287
january_2025,1026.7167443585436
none,0.0
none,0.0
january_2025,1573.4773256400035
none,0.0
none,0.0
none,0.0
january_2025,399.42719888615915
elliott_2022,1686.299999934474
uri_2021,3788.363177483328
january_2025,324.0873552544493
none,0.0
elliott_2022,2297.561773321716
none,0.0
none,0.0
none,0.0
january_2025,279.5501899577555
none,0.0
none,0.0
january_2025,0.0
january_2025,253.0959116632074
none,0.0
none,0.0
none,0.0
uri_2021,3130.9113521385107
none,0.0
elliott_2022,796.7086782725453
january_2025,168.9367817279679
january_2025,489.3000944236059
none,0.0
none,0.0
none,0.0
none,0.0
uri_2021,4751.392063479325
january_2025,604.3329561125923
none,0.0
none,0.0
january_2025,26.28426778306463
january_2025,0.10130511219490827
january_2025,682.4402343810319
uri_2021,1926.776184045088
none,0.0
elliott_2022,2444.5148820110453
january_2025,348.9789442075506
elliott_2022,3510.0360573053044
none,0.0
none,0.0
elliott_2022,1284.2520367925229
january_2025,411.4119034394162
none,0.0
none,0.0
january_2025,514.5341878518262
january_2025,173.98980138225718
january_2025,113.91610503934506
uri_2021,2872.3644965264334
elliott_2022,978.393406961821
january_2025,348.9369350513654
elliott_2022,1812.5448871384635
january_2025,767.4792271255602
january_2025,179.37694314900986
none,0.0
january_2025,220.45048670785857
january_2025,669.3075286662167
none,0.0
january_2025,968.8535163740015
january_2025,779.9745478455617
elliott_2022,912.7253815354403
january_2025,590.4127937333137
uri_2021,1282.407285386438
none,0.0
elliott_2022,1362.1640907966087
none,0.0
none,0.0
none,0.0
none,0.0
none,0.0
january_2025,318.5632732069328
none,0.0
january_2025,552.5759994418623
january_2025,994.9387720520022
none,0.0
elliott_2022,1513.7508932967955
none,0.0
january_2025,1638.9332533885618
uri_2021,342.29467170545286
none,0.0
elliott_2022,2294.4303638890437
uri_2021,2168.848294453515
january_2025,651.267430684717
elliott_2022,1651.4868385277284
uri_2021,5181.013596384362
none,0.0
elliott_2022,1849.6814245632395
none,0.0
none,0.0
none,0.0
january_2025,8.442914466217124
none,0.0
none,0.0
none,0.0
january_2025,508.9050525118441
january_2025,494.1956265428058
january_2025,700.5545359984018
january_2025,438.18563499835784
none,0.0
none,0.0
january_2025,1192.645899934736
january_2025,382.12254068659723
january_2025,1976.202078509795
uri_2021,3035.1555620246813
january_2025,88.75454000778095
elliott_2022,1603.133620762625
none,0.0
none,0.0
none,0.0
none,0.0
none,0.0
none,0.0
none,0.0
none,0.0
january_2025,798.2744362954371
january_2025,1595.6471942452688
uri_2021,4168.810519173822
uri_2021,2783.7453682817672
january_2025,684.0030654611899
january_2025,477.9274572050732
elliott_2022,1275.1703991077995
january_2025,547.2245389391526
none,0.0
none,0.0
january_2025,55.22430444459392
none,0.0
january_2025,716.8442482670322
uri_2021,4533.554135302446
none,0.0
none,0.0
none,0.0
none,0.0
none,0.0
january_2025,221.2509226067545
january_2025,187.97607969548298
none,0.0
january_2025,71.21448875873698
uri_2021,2700.1940037500663
uri_2021,4908.253229853811
january_2025,1738.8090032922637
none,0.0
january_2025,515.8120901217266
january_2025,126.70288559716835
none,0.0
january_2025,1135.245610158139
january_2025,1232.887221118646
january_2025,0.0
january_2025,967.8017962415253
elliott_2022,3561.15577350863
none,0.0
none,0.0
none,0.0
january_2025,447.98560975401546
uri_2021,876.3936728205482
january_2025,427.5687898881007
none,0.0
none,0.0
none,0.0
none,0.0
uri_2021,2504.546633574887
elliott_2022,355.23912387330597
january_2025,89.60907137338526
elliott_2022,1799.7618524455931
uri_2021,3648.7529354508306
january_2025,0.0
january_2025,1295.4868123023025
elliott_2022,2385.540542385503
january_2025,766.6038972559711
none,0.0
none,0.0
january_2025,559.5610175134007
january_2025,0.0
january_2025,392.33076608899825
elliott_2022,901.1525669221526
none,0.0
none,0.0
january_2025,608.9976691192182
none,0.0
none,0.0
none,0.0
elliott_2022,1061.8434754895509
uri_2021,4336.653847582415
none,0.0
none,0.0
none,0.0
none,0.0
january_2025,457.39456604767275
none,0.0
elliott_2022,1209.6795864317621
none,0.0
january_2025,830.0119893090837
none,0.0
january_2025,469.35051559355554
january_2025,547.8648619520213
none,0.0
none,0.0
none,0.0
none,0.0
elliott_2022,7.554647499999999
none,0.0
none,0.0
uri_2021,4292.086325010102
january_2025,8.31914329965036
january_2025,468.12521204974246
none,0.0
none,0.0
none,0.0
january_2025,712.108149355327
uri_2021,3446.859686498575
none,0.0
january_2025,663.5445039874816
january_2025,862.5466867921871
none,0.0
elliott_2022,2995.0982952673203
elliott_2022,602.5228886719776
none,0.0
none,0.0
january_2025,554.6854591149448
elliott_2022,2677.963624873019
january_2025,129.86026699807124
none,0.0
none,0.0
uri_2021,6003.9134674698835
uri_2021,3149.118923832532
january_2025,422.0281587626871
january_2025,736.0205905651734
none,0.0
none,0.0
none,0.0
january_2025,967.7138600648209
none,0.0
january_2025,393.4260805889176
none,0.0
none,0.0
none,0.0
january_2025,127.22371683985392
january_2025,28.13782761102624
none,0.0
elliott_2022,1479.4555944126007
january_2025,1194.8698716643853
none,0.0
none,0.0
elliott_2022,1607.9283408308142
none,0.0
none,0.0
none,0.0
none,0.0
january_2025,673.6075047995897
none,0.0
january_2025,165.3429969450979
january_2025,541.4321269556942
none,0.0
elliott_2022,476.98518068781806
uri_2021,3818.0947487568824
january_2025,1637.0740419411113
none,0.0
none,0.0
january_2025,1334.180688953443
uri_2021,3070.4587466520647
january_2025,531.4262535747667
none,0.0
none,0.0
january_2025,751.1235858486274
none,0.0
none,0.0
none,0.0
elliott_2022,2208.653259537984
january_2025,226.63765970567096
january_2025,5.079699114789449
none,0.0
january_2025,1083.779387411661
none,0.0
none,0.0
none,0.0
january_2025,200.38081998831058
none,0.0
none,0.0
elliott_2022,377.2818974041972
elliott_2022,1791.8635398101937
none,0.0
none,0.0
none,0.0
none,0.0
none,0.0
none,0.0
none,0.0
january_2025,946.8452048018723
none,0.0
none,0.0
january_2025,980.3814517605864
none,0.0
elliott_2022,1694.1653220222856
none,0.0
january_2025,254.39827157104912
none,0.0
elliott_2022,1359.7755228724911
uri_2021,2577.5468615878735
none,0.0
none,0.0
elliott_2022,2809.580534332878
uri_2021,2887.963062598712
january_2025,1774.8274638482599
none,0.0
none,0.0
january_2025,375.60783873074655
january_2025,1301.2032477308476
none,0.0
january_2025,1146.28700250299
none,0.0
none,0.0
january_2025,813.5457440678636
january_2025,1137.4762804924876
january_2025,208.9206141361862
january_2025,449.75354075859514
none,0.0
none,0.0
january_2025,269.90122000081476
january_2025,332.9721498056354
elliott_2022,1956.0875107245886
none,0.0
january_2025,471.02931467129247
none,0.0
none,0.0
january_2025,47.22555013469333
elliott_2022,105.86982186612973
none,0.0
none,0.0
none,0.0
none,0.0
none,0.0
none,0.0
none,0.0
none,0.0
none,0.0
none,0.0
none,0.0
none,0.0
none,0.0
elliott_2022,2251.2348537872613
none,0.0
none,0.0
january_2025,645.7456662609105
elliott_2022,2099.8433601802717
none,0.0
none,0.0
january_2025,188.50364013879053
none,0.0
january_2025,1393.5280934820432
uri_2021,3619.7644714081384
january_2025,1093.7427505158464
none,0.0
none,0.0
none,0.0
january_2025,1797.0287485528033
none,0.0
january_2025,828.2610916740211
none,0.0
none,0.0
elliott_2022,293.6501019892414
none,0.0
none,0.0
none,0.0
uri_2021,4840.1216220492215
january_2025,210.53088451544423
none,0.0
none,0.0
january_2025,107.18409849785559
january_2025,542.4381333007411
january_2025,419.0038330942663
january_2025,742.793175602383
january_2025,365.8362457112182
january_2025,688.9413180555844
none,0.0
none,0.0
uri_2021,3797.715085488629
january_2025,416.76827824949805
none,0.0
january_2025,317.6278985688781
none,0.0
none,0.0
none,0.0
none,0.0
uri_2021,3156.350771526004
none,0.0
none,0.0
none,0.0
none,0.0
none,0.0
none,0.0
elliott_2022,2614.68231183341
none,0.0
elliott_2022,2564.53006574398
none,0.0
none,0.0
none,0.0
elliott_2022,2890.9505021146165
uri_2021,3090.3778143155696
none,0.0
elliott_2022,2459.890616870281
none,0.0
none,0.0
january_2025,581.8764037334888
none,0.0
none,0.0
none,0.0
none,0.0
none,0.0
january_2025,1479.2530481913034
none,0.0
january_2025,680.0383833393091
none,0.0
none,0.0
none,0.0
elliott_2022,1695.7955895781781
none,0.0
elliott_2022,1541.9004262828976
elliott_2022,910.1841784872977
none,0.0
none,0.0
none,0.0
none,0.0
none,0.0
none,0.0
none,0.0
elliott_2022,466.94122287348927
none,0.0
january_2025,841.0791596589243
none,0.0
january_2025,534.8442496673023
january_2025,154.12899161646038
january_2025,9.237248153534903
none,0.0
january_2025,544.6170075333142
none,0.0
january_2025,0.0
january_2025,152.4794767151363
none,0.0
none,0.0
elliott_2022,10.0054825
none,0.0
none,0.0
none,0.0
none,0.0
none,0.0
none,0.0
january_2025,328.0615401197188
none,0.0
none,0.0
elliott_2022,643.1032241378119
none,0.0
elliott_2022,504.84045480926346
none,0.0
none,0.0
none,0.0
elliott_2022,2354.300301397698
none,0.0
january_2025,613.8854575794197
none,0.0
none,0.0
elliott_2022,1770.624922447606
uri_2021,3168.967622859273
none,0.0
elliott_2022,2598.189468556518
january_2025,347.76666482470966
elliott_2022,1928.738707882846
elliott_2022,1489.176560671436
uri_2021,4307.301914029739
january_2025,14.492480205308377
uri_2021,4354.803860954934
none,0.0
elliott_2022,2335.888093017085
january_2025,135.6069126074196
elliott_2022,2817.381077982999
january_2025,85.12222971717541
none,0.0
january_2025,960.6345185140842
none,0.0
none,0.0
uri_2021,1915.3349078230478
uri_2021,2646.0271552199583
none,0.0
none,0.0
none,0.0
january_2025,116.90650903677987
none,0.0
none,0.0
none,0.0
none,0.0
uri_2021,4892.330136266836
none,0.0
january_2025,465.0759063786776
january_2025,1283.6612510139107
uri_2021,3242.4539904266085
none,0.0
none,0.0
january_2025,39.85185556844759
none,0.0
none,0.0
none,0.0
none,0.0
none,0.0
january_2025,972.0728102909669
january_2025,1087.8125011930135
none,0.0
elliott_2022,1197.7259659633887
elliott_2022,1804.58555553524
january_2025,84.66980116099381
january_2025,74.94004186041248
none,0.0
uri_2021,3036.9309106730807
uri_2021,1489.3953822225778
none,0.0
january_2025,499.9099414721548
january_2025,571.2075081254696
january_2025,487.128688101268
january_2025,507.8429120589469
none,0.0
none,0.0
elliott_2022,1892.6468382705975
none,0.0
none,0.0
none,0.0
none,0.0
january_2025,7.997792027544803
none,0.0
elliott_2022,1769.5173076931742
elliott_2022,1225.681786273148
none,0.0
none,0.0
elliott_2022,759.7158608085658
none,0.0
none,0.0
none,0.0
elliott_2022,752.177444029716
none,0.0
january_2025,1048.0616095572432
january_2025,711.2157222359596
january_2025,0.0
none,0.0
none,0.0
january_2025,1861.2868668135045
january_2025,1548.4756524330792
none,0.0
none,0.0
none,0.0
none,0.0
none,0.0
january_2025,585.1507597724611
none,0.0
january_2025,1112.87273231343
none,0.0
none,0.0
elliott_2022,2366.7414156816117
january_2025,633.5024445040704
none,0.0
january_2025,1015.5407163769436
none,0.0
none,0.0
january_2025,0.2767687931773751
none,0.0
january_2025,576.4736459128497
january_2025,97.78921606251414
none,0.0
january_2025,596.3653353044817
none,0.0
none,0.0
none,0.0
elliott_2022,2157.9250477122387
none,0.0
none,0.0
elliott_2022,2284.7765904860917
january_2025,532.7095321491614
january_2025,77.74999252169306
none,0.0
january_2025,248.68753295572597
january_2025,1013.3009807516277
january_2025,522.3110131394376
none,0.0
january_2025,480.38576822466837
none,0.0
january_2025,445.62681253970953
january_2025,338.5372279303679
none,0.0
january_2025,107.43381669513853
none,0.0
january_2025,1506.0810905553992
none,0.0
uri_2021,4049.217033964322
none,0.0
none,0.0
january_2025,188.4515850331018
elliott_2022,891.5138268023568
elliott_2022,1042.058986087043
none,0.0
january_2025,213.5264500493546
none,0.0
january_2025,78.85685097518851
none,0.0
january_2025,616.3194200857419
none,0.0
none,0.0
january_2025,641.8673498856625
none,0.0
january_2025,0.0
none,0.0
uri_2021,3812.6098749998428
elliott_2022,1432.685908872316
january_2025,948.2204127694986
none,0.0
none,0.0
january_2025,555.8003724026424
none,0.0
elliott_2022,1468.5715344190164
uri_2021,4991.977441257342
none,0.0
january_2025,297.2249712207588
elliott_2022,1363.6861755767106
none,0.0
none,0.0
january_2025,623.2006502515902
january_2025,463.9779916194334
january_2025,1389.46772926423
none,0.0
none,0.0
uri_2021,5144.35480491931
none,0.0
none,0.0
january_2025,1056.2819228077133
january_2025,45.594496332201324
uri_2021,2918.966355473795
january_2025,39.15730649629769
elliott_2022,2874.1426397155433
january_2025,1517.9869367959793
none,0.0
none,0.0
uri_2021,3395.503780845073
january_2025,1306.9385323639926
none,0.0
none,0.0
january_2025,906.9386514488856
january_2025,827.1186175736921
none,0.0
january_2025,1131.1623608672455
none,0.0
none,0.0
none,0.0
none,0.0
january_2025,0.0
january_2025,1081.9824023524095
elliott_2022,1330.2850164719434
none,0.0
none,0.0
none,0.0
none,0.0
none,0.0
none,0.0
none,0.0
january_2025,108.43179935963012
none,0.0
january_2025,630.8035317463302
none,0.0
none,0.0
january_2025,929.8298082259996
elliott_2022,2335.320893719277
january_2025,422.25009716321284
uri_2021,1082.5182644789284
january_2025,926.6782348558206
january_2025,925.1668379052791
none,0.0
none,0.0
none,0.0
none,0.0
january_2025,179.4218225490036
none,0.0
none,0.0
none,0.0
none,0.0
none,0.0
elliott_2022,2694.180151341812
none,0.0
elliott_2022,3111.2077166922622
elliott_2022,773.1552891073632
none,0.0
none,0.0
january_2025,239.729299420565
none,0.0
january_2025,1077.580253693381
elliott_2022,858.2876514848688
none,0.0
elliott_2022,1890.8876573661496
none,0.0
uri_2021,4743.172922339374
january_2025,1255.891959608887
elliott_2022,774.733684427167
none,0.0
none,0.0
january_2025,1042.9466257314898
elliott_2022,205.20610894411385
elliott_2022,2919.9002283601844
january_2025,620.7932564295318
elliott_2022,1780.5114572517427
january_2025,434.49914771293476
none,0.0
elliott_2022,2161.329947888172
none,0.0
none,0.0
january_2025,1796.903616605635
january_2025,1680.6465151866753
elliott_2022,126.32378126952682
january_2025,279.5420078471286
elliott_2022,1409.4264645533442
none,0.0
january_2025,659.3358295498916
uri_2021,601.8121563592588
none,0.0
none,0.0
none,0.0
january_2025,1049.1446690570551
none,0.0
january_2025,504.69449643341386
none,0.0
uri_2021,3967.2679902438617
none,0.0
none,0.0
none,0.0
january_2025,851.5960624653305
none,0.0
none,0.0
none,0.0
elliott_2022,1953.6890977923647
january_2025,277.4146769666581
january_2025,142.63946905440295
uri_2021,953.5015020977903
january_2025,1009.0798633218259
elliott_2022,1226.373925661747
none,0.0
none,0.0
uri_2021,3152.856640555751
none,0.0
none,0.0
january_2025,258.45232797705296
elliott_2022,1406.1665583778854
none,0.0
january_2025,1101.3961644083333
elliott_2022,2026.2354271159345
elliott_2022,1272.3400721729643
none,0.0
uri_2021,1849.9627411342449
elliott_2022,1742.5584311169982
none,0.0
january_2025,211.80959690481137
none,0.0
none,0.0
none,0.0
none,0.0
january_2025,776.667803312143
none,0.0
none,0.0
january_2025,989.4263277328129
none,0.0
none,0.0
january_2025,658.8951466336972
none,0.0
none,0.0
none,0.0
none,0.0
elliott_2022,1679.9900135646203
none,0.0
none,0.0
elliott_2022,3179.5124393414135
january_2025,1455.984624355164
none,0.0
elliott_2022,12.740802509520604
january_2025,137.97066775030018
none,0.0
elliott_2022,2092.1633559980573
elliott_2022,26.83477352675036
elliott_2022,3123.706216808714
january_2025,706.2602602455481
none,0.0
none,0.0
none,0.0
none,0.0
january_2025,511.5545559621771
january_2025,2.2892042014967022
none,0.0
none,0.0
uri_2021,652.5640201089774
none,0.0
none,0.0
none,0.0
none,0.0
january_2025,1206.066557091347
elliott_2022,1251.8028673383474
january_2025,412.03494755367376
elliott_2022,1817.436189491005
january_2025,1175.1137492699195
none,0.0
none,0.0
uri_2021,2826.1895182192948
none,0.0
none,0.0
none,0.0
january_2025,263.0870895234322
elliott_2022,452.2904813650894
january_2025,556.7132138696787
elliott_2022,2493.176851838095
none,0.0
none,0.0
none,0.0
january_2025,810.8600254810049
none,0.0
uri_2021,3596.7077892748844
none,0.0
none,0.0
none,0.0
elliott_2022,461.6756070902273
january_2025,378.0642943114107
january_2025,1908.4809943371213
none,0.0
january_2025,251.62733893531924
none,0.0
none,0.0
elliott_2022,1746.4666606178203
january_2025,290.6905653588642
none,0.0
none,0.0
none,0.0
uri_2021,4014.4315988206054
none,0.0
january_2025,907.6981238653343
january_2025,811.0294336599447
january_2025,476.8797878276683
none,0.0
none,0.0
january_2025,883.3624792099635
january_2025,91.61316509758183
uri_2021,2810.379503941804
elliott_2022,2425.292011591936
january_2025,768.5035973335421
none,0.0
january_2025,269.07705779189627
none,0.0
none,0.0
none,0.0
january_2025,630.6500326551911
none,0.0
none,0.0
none,0.0
none,0.0
none,0.0
none,0.0
january_2025,200.44126651560697
uri_2021,3776.255952748487
none,0.0
none,0.0
none,0.0
elliott_2022,1174.37860332226
none,0.0
none,0.0
elliott_2022,685.8378103898333
none,0.0
elliott_2022,2237.6287563898045
none,0.0
none,0.0
none,0.0
january_2025,2019.4355321069727
uri_2021,2368.616922002133
january_2025,305.468130069674
none,0.0
january_2025,48.50988708793652
none,0.0
none,0.0
january_2025,829.0649425449884
uri_2021,4234.573914404249
january_2025,95.15131545785822
january_2025,632.2286983955235
none,0.0
none,0.0
none,0.0
none,0.0
none,0.0
none,0.0
none,0.0
january_2025,429.2097752263582
elliott_2022,724.0947520538522
none,0.0
uri_2021,4464.800483172194
none,0.0
january_2025,1509.6256529982743
none,0.0
none,0.0
january_2025,499.84423033610744
none,0.0
january_2025,774.1232034975777
none,0.0
none,0.0
january_2025,24.017235177653774
elliott_2022,2836.5338387276092
none,0.0
none,0.0
january_2025,31.69548516392238
elliott_2022,2931.755658621189
none,0.0
uri_2021,4140.190008523575
elliott_2022,1704.873610359801
none,0.0
january_2025,146.45869918967284
january_2025,822.5712640111716
none,0.0
january_2025,1574.1351088029903
elliott_2022,3225.0744674611537
january_2025,1220.550761296975
january_2025,1339.203775963453
none,0.0
january_2025,0.0
none,0.0
none,0.0
none,0.0
none,0.0
january_2025,1144.714960174115
none,0.0
none,0.0
january_2025,330.73447161326783
none,0.0
january_2025,372.8731466676796
january_2025,0.0
none,0.0
elliott_2022,348.6003202367258
elliott_2022,551.5317644945762
none,0.0
none,0.0
january_2025,457.58550442127347
january_2025,247.20419584498154
none,0.0
none,0.0
uri_2021,3178.2843513789085
none,0.0
none,0.0
none,0.0
january_2025,102.8028946046504
january_2025,264.1494410310985
january_2025,942.7267072735543
none,0.0
none,0.0
none,0.0
january_2025,2.487837504513495
none,0.0
elliott_2022,2399.8842355655443
elliott_2022,2927.9221586559006
elliott_2022,394.2562896027551
january_2025,1351.952451995193
none,0.0
january_2025,407.62958817395986
none,0.0
none,0.0
none,0.0
none,0.0
elliott_2022,607.3978347413469
uri_2021,2005.8859111138463
january_2025,428.9002732563028
january_2025,986.4337352617106
elliott_2022,254.77632796321285
none,0.0
none,0.0
elliott_2022,223.76097663945572
elliott_2022,445.5073280596227
none,0.0
elliott_2022,2483.0135554914937
none,0.0
none,0.0
uri_2021,1756.430638183333
elliott_2022,1586.356210476805
uri_2021,1508.2096629506555
january_2025,314.3616716506766
none,0.0
none,0.0
elliott_2022,1214.720487105074
none,0.0
none,0.0
january_2025,502.8153079027842
none,0.0
none,0.0
none,0.0
uri_2021,2156.532491603192
none,0.0
none,0.0
january_2025,266.60611028202203
january_2025,17.594228054825223
uri_2021,2740.01729325346
none,0.0
january_2025,309.87194080277544
none,0.0
uri_2021,3363.8730065508403
january_2025,1000.6156634309776
none,0.0
uri_2021,1670.8899683335233
january_2025,356.4697307426915
january_2025,128.39906424761418
january_2025,190.28292436369136
elliott_2022,2384.294467555141
uri_2021,3213.315855795177
january_2025,468.2076110908623
uri_2021,3893.6957037107613
uri_2021,5685.818841601686
none,0.0
january_2025,480.5408963504279
elliott_2022,2998.9745826806425
none,0.0
none,0.0
none,0.0
none,0.0
none,0.0
none,0.0
none,0.0
january_2025,1089.3286510141606
none,0.0
elliott_2022,930.0927758352362
none,0.0
january_2025,828.283505478737
none,0.0
none,0.0
none,0.0
january_2025,460.94804789801606
january_2025,291.2478035363602
none,0.0
none,0.0
none,0.0
none,0.0
none,0.0
none,0.0
none,0.0
january_2025,1135.5442989276287
none,0.0
january_2025,288.0866574217619
none,0.0
uri_2021,2578.8701305529908
none,0.0
january_2025,1389.6173278856131
january_2025,779.2850276515142
none,0.0
none,0.0
january_2025,192.3359548671961
elliott_2022,2436.984911978768
none,0.0
none,0.0
january_2025,928.0489847614491
none,0.0
january_2025,1247.6964540636252
none,0.0
none,0.0
none,0.0
none,0.0
january_2025,0.0
none,0.0
elliott_2022,1147.0963009034879
january_2025,97.18948361566397
none,0.0
none,0.0
none,0.0
none,0.0
elliott_2022,1496.81687434308
none,0.0
january_2025,121.65808887754997
none,0.0
none,0.0
january_2025,422.6847890795418
elliott_2022,1353.8068719401138
january_2025,1189.0053352272482
january_2025,275.10192845974314
uri_2021,3267.581483487924
january_2025,2043.8276838872705
none,0.0
none,0.0
none,0.0
january_2025,795.8644318395258
elliott_2022,784.6911787859561
none,0.0
none,0.0
none,0.0
none,0.0
none,0.0
none,0.0
january_2025,406.89438461932724
none,0.0
january_2025,104.92931562335018
january_2025,602.7264416090796
none,0.0
elliott_2022,1462.0613787806835
none,0.0
january_2025,1311.2311834775985
january_2025,887.119894169734
none,0.0
january_2025,540.9180669878538
none,0.0
none,0.0
elliott_2022,2166.3028724552123
none,0.0
january_2025,440.8506285288045
elliott_2022,1553.8784199858449
none,0.0
none,0.0
elliott_2022,1841.0091272512027
january_2025,1408.5981392492795
january_2025,1791.881292192843
none,0.0
january_2025,30.858289269960927
january_2025,202.88225996687368
none,0.0
none,0.0
january_2025,97.05564540125874
elliott_2022,1446.1637108648495
none,0.0
none,0.0
january_2025,475.34172213269756
none,0.0
none,0.0
none,0.0
none,0.0
none,0.0
none,0.0
january_2025,635.3982671724655
elliott_2022,3138.3257431250886
none,0.0
january_2025,1424.4200264199428
none,0.0
none,0.0
none,0.0
none,0.0
elliott_2022,2889.2324622944375
none,0.0
january_2025,59.20600366976496
january_2025,716.9994826378564
january_2025,196.42798064473985
january_2025,421.368553280546
none,0.0
elliott_2022,1898.3078071848117
january_2025,198.00137674596283
uri_2021,2656.6260872052057
january_2025,1539.1038304726187
none,0.0
january_2025,1768.2228508008543
none,0.0
none,0.0
none,0.0
none,0.0
elliott_2022,504.18295721316014
none,0.0
january_2025,49.7215629296056
none,0.0
january_2025,1055.3899699528938
none,0.0
none,0.0
january_2025,575.9065320767802
january_2025,1098.6479880956178
none,0.0
none,0.0
none,0.0
none,0.0
none,0.0
elliott_2022,325.457025071605
january_2025,1123.450431128268
none,0.0
january_2025,766.6924527898173
uri_2021,3704.0299588371076
january_2025,952.6411013784632
none,0.0
none,0.0
january_2025,21.956740935339
none,0.0
none,0.0
none,0.0
none,0.0
uri_2021,2466.7092953197366
january_2025,409.28490170222506
none,0.0
uri_2021,3560.9889604428786
elliott_2022,2929.0125550386088
uri_2021,1774.3826541167323
january_2025,258.98249100477005
none,0.0
january_2025,774.6588294821465
none,0.0
january_2025,300.0948410027689
none,0.0
january_2025,778.6875914838885
elliott_2022,1483.1812752420512
elliott_2022,2568.022199284908
none,0.0
none,0.0
elliott_2022,2081.5999686505256
january_2025,292.6457978021051
none,0.0
january_2025,344.5084485537116
january_2025,55.09602569278324
none,0.0
elliott_2022,1708.4287513147324
none,0.0
none,0.0
january_2025,58.226193317009056
elliott_2022,916.1114039629803
january_2025,918.8350969130371
uri_2021,2868.801753930442
january_2025,108.42463407922021
none,0.0
none,0.0
none,0.0
elliott_2022,2548.9386090078433
none,0.0
none,0.0
january_2025,255.2799425196719
none,0.0
january_2025,1013.9802139685236
elliott_2022,576.6386977451879
none,0.0
january_2025,418.2958078050581
none,0.0
january_2025,71.93111737816693
elliott_2022,2022.0516001613444
none,0.0
none,0.0
none,0.0
january_2025,511.9016122300854
none,0.0
january_2025,1092.7694217287344
january_2025,249.83172881764506
none,0.0
none,0.0
january_2025,1908.418392519191
none,0.0
january_2025,203.35938669989818
none,0.0
january_2025,0.6512255737794471
none,0.0
uri_2021,3857.024823088898
uri_2021,3240.5934875947523
january_2025,1557.502338049904
none,0.0
january_2025,0.0
none,0.0
january_2025,0.0
none,0.0
january_2025,496.1616907432708
elliott_2022,1867.3690657004836
none,0.0
none,0.0
none,0.0
elliott_2022,1066.6027821098437
uri_2021,1893.9063788121243
none,0.0
january_2025,413.32686340944264
none,0.0
none,0.0
january_2025,200.63330931543186
january_2025,484.468852575728
uri_2021,3029.937355481407
none,0.0
none,0.0
january_2025,989.5903173003313
none,0.0
elliott_2022,1279.4138495851257
elliott_2022,1345.3625135572975
none,0.0
january_2025,770.4612296345861
none,0.0
january_2025,977.167274915238
elliott_2022,2094.895863865159
january_2025,1137.5389916204263
january_2025,153.80538054975193
uri_2021,4055.4820983511327
january_2025,971.4083511923188
elliott_2022,1754.0276232528877
elliott_2022,597.0778919578977
none,0.0
january_2025,527.6310390006682
january_2025,983.2901805982083
elliott_2022,851.5536086847288
elliott_2022,808.4097109266531
elliott_2022,1893.8593638135349
none,0.0
none,0.0
january_2025,1238.0321689835919
none,0.0
elliott_2022,1749.9724933643638
none,0.0
none,0.0
elliott_2022,1534.0384293337356
elliott_2022,1282.3496677771652
none,0.0
uri_2021,3034.065649914833
january_2025,912.1489699389388
elliott_2022,2139.7349422495968
none,0.0
none,0.0
none,0.0
january_2025,44.87243236798736
none,0.0
none,0.0
elliott_2022,1236.6748887116355
none,0.0
none,0.0
none,0.0
none,0.0
none,0.0
uri_2021,3687.026889839516
none,0.0
none,0.0
none,0.0
january_2025,874.2874656850574
none,0.0
none,0.0
january_2025,645.4178189732642
january_2025,1236.675819283344
elliott_2022,1959.157233422969
none,0.0
january_2025,1392.8012047733948
none,0.0
january_2025,27.991646970082353
elliott_2022,1409.3279424092095
none,0.0
uri_2021,3026.0607959855533
none,0.0
none,0.0
january_2025,524.0534572426
none,0.0
january_2025,562.2218915778668
none,0.0
uri_2021,2937.7201501605064
january_2025,451.91024825365656
elliott_2022,1497.0742875553929
january_2025,77.1436603600097
elliott_2022,334.74555595927376
none,0.0
none,0.0
none,0.0
january_2025,570.7008069285637
none,0.0
none,0.0
january_2025,723.7214943420585
none,0.0
none,0.0
january_2025,1145.7815843338142
january_2025,811.5725337283216
none,0.0
january_2025,751.5474692231828
none,0.0
january_2025,1521.3294056676407
january_2025,1415.5960438781942
january_2025,1119.2895528438496
none,0.0
january_2025,1921.1183543436453
none,0.0
january_2025,698.75336818773
none,0.0
january_2025,598.6132163345673
uri_2021,2029.003015816054
none,0.0
none,0.0
january_2025,818.7538626001074
none,0.0
none,0.0
none,0.0
none,0.0
elliott_2022,993.6099669580661
elliott_2022,2560.1686678030137
january_2025,1513.0516007388226
none,0.0
elliott_2022,2222.0766930127984
none,0.0
none,0.0
elliott_2022,1405.2826495614704
none,0.0
none,0.0
uri_2021,2240.6757745479326
none,0.0
none,0.0
elliott_2022,1334.1461013350538
none,0.0
none,0.0
none,0.0
none,0.0
january_2025,505.90000130342844
elliott_2022,1418.5116691634098
none,0.0
none,0.0
uri_2021,2061.4001021917034
uri_2021,4094.09472834803
none,0.0
january_2025,30.251747674274025
elliott_2022,1173.0697158409976
january_2025,610.0499809988455
elliott_2022,1630.6524049373045
uri_2021,1693.9502721041733
elliott_2022,557.5929194453976
elliott_2022,1611.5640414813656
january_2025,1407.070196292408
none,0.0
none,0.0
january_2025,579.1730636484261
none,0.0
none,0.0
january_2025,758.3892203721963
elliott_2022,628.138334854233
none,0.0
elliott_2022,1382.9928736745944
january_2025,0.0
uri_2021,2564.3141129300066
january_2025,735.4113437138553
elliott_2022,1985.8022899624066
none,0.0
none,0.0
none,0.0
january_2025,1001.9898258444039
none,0.0
january_2025,435.6972395090734
none,0.0
uri_2021,2242.3510129054116
none,0.0
none,0.0
none,0.0
none,0.0
january_2025,959.572402608371
january_2025,326.6867947740967
none,0.0
none,0.0
none,0.0
none,0.0
january_2025,0.28560534108173197
none,0.0
none,0.0
none,0.0
january_2025,534.4169514149768
january_2025,472.1454469138989
none,0.0
none,0.0
none,0.0
january_2025,432.03405196278857
none,0.0
january_2025,0.0
none,0.0
none,0.0
january_2025,628.7921055571226
none,0.0
uri_2021,2686.856900205125
none,0.0
none,0.0
january_2025,324.3756198969599
none,0.0
none,0.0
none,0.0
none,0.0
none,0.0
none,0.0
january_2025,266.69793410333756
uri_2021,2878.060247579733
none,0.0
none,0.0
none,0.0
none,0.0
uri_2021,4151.774637225505
none,0.0
elliott_2022,1170.1388590899332
january_2025,452.78773654585456
none,0.0
none,0.0
none,0.0
none,0.0
none,0.0
elliott_2022,1034.7921548963104
january_2025,1084.8870492675417
none,0.0
none,0.0
none,0.0
none,0.0
none,0.0
january_2025,386.3620642672032
elliott_2022,1959.3884191040247
none,0.0
elliott_2022,592.7255706023095
none,0.0
none,0.0
none,0.0
none,0.0
january_2025,1495.284823415704
elliott_2022,82.17031390747594
uri_2021,1552.9462389626794
january_2025,250.10107847936067
none,0.0
elliott_2022,876.6281114201552
january_2025,252.83979111906817
january_2025,948.1615184784906
none,0.0
none,0.0
january_2025,746.4268946747072
elliott_2022,1755.3605644270092
none,0.0
none,0.0
none,0.0
none,0.0
elliott_2022,1262.3004210060747
uri_2021,1450.7098021542497
none,0.0
january_2025,213.59963220637152
none,0.0
january_2025,860.2882421533593
january_2025,535.1766536919262
none,0.0
elliott_2022,2308.078569355789
none,0.0
none,0.0
none,0.0
none,0.0
none,0.0
none,0.0
uri_2021,3162.4988578960733
january_2025,651.6239584069546
none,0.0
january_2025,914.7110301830985
elliott_2022,1425.1543878119721
none,0.0
january_2025,188.90562564469363
january_2025,689.6094257785032
january_2025,770.523141924028
none,0.0
january_2025,680.0478063243921
none,0.0
january_2025,694.6199724551769
january_2025,276.1822468583945
none,0.0
none,0.0
january_2025,33.30700853029794
uri_2021,2677.0383122543694
none,0.0
none,0.0
none,0.0
none,0.0
none,0.0
none,0.0
uri_2021,3805.7334553167675
none,0.0
january_2025,258.8469869956268
none,0.0
uri_2021,4761.415569999651
january_2025,828.9738723750769
none,0.0
uri_2021,4186.307561489939
none,0.0
none,0.0
january_2025,863.7171507511681
elliott_2022,1739.5247747915332
uri_2021,3951.3293589901186
none,0.0
elliott_2022,1373.491064043142
none,0.0
january_2025,1545.218255377634
january_2025,704.4571947985664
none,0.0
none,0.0
none,0.0
none,0.0
uri_2021,2714.0786349562113
none,0.0
none,0.0
none,0.0
january_2025,1.2764481713224278
elliott_2022,1516.4527298626026
january_2025,841.4854883765449
none,0.0
none,0.0
elliott_2022,1657.4755809374874
elliott_2022,1447.9278813788374
january_2025,859.389788085447
none,0.0
january_2025,366.8325714896449
none,0.0
none,0.0
january_2025,772.4657398154019
january_2025,878.7228534196337
none,0.0
none,0.0
january_2025,1605.8663170406985
elliott_2022,1596.5392380197031
january_2025,6.345810098551134
none,0.0
none,0.0
elliott_2022,2001.8707556126074
uri_2021,2698.9441939845447
january_2025,442.7601744868327
elliott_2022,1356.996966100312
none,0.0
none,0.0
elliott_2022,1893.2378038787474
none,0.0
none,0.0
none,0.0
none,0.0
elliott_2022,1115.7836691154027
uri_2021,2911.8167542273086
january_2025,743.8935002967959
uri_2021,1861.4355789100957
none,0.0
january_2025,313.9150077714579
elliott_2022,625.8495715424849
uri_2021,988.5527919038087
elliott_2022,3116.922671768562
january_2025,586.4243559086115
uri_2021,2357.51134628536
uri_2021,4720.9779611837685
none,0.0
none,0.0
january_2025,427.250896699616
none,0.0
none,0.0
january_2025,871.3827974232413
none,0.0
elliott_2022,1152.1352518915623
uri_2021,2729.5995286318016
none,0.0
none,0.0
none,0.0
none,0.0
january_2025,514.7100470384295
uri_2021,2755.292990135916
none,0.0
none,0.0
none,0.0
january_2025,1158.239339044348
none,0.0
elliott_2022,1460.4630409201998
january_2025,519.2911602834882
none,0.0
none,0.0
none,0.0
january_2025,252.95811150564745
january_2025,747.6446481729329
uri_2021,4236.991567952331
january_2025,463.8576409671416
none,0.0
none,0.0
none,0.0
january_2025,375.30443953564327
elliott_2022,919.4966651102599
january_2025,1010.2488631619954
elliott_2022,519.789575178169
none,0.0
none,0.0
january_2025,684.6261693437723
none,0.0
january_2025,1032.168890157987
elliott_2022,2921.780765499373
elliott_2022,1176.891167963977
january_2025,128.23808033691415
january_2025,0.0
none,0.0
none,0.0
elliott_2022,1641.816653753223
none,0.0
none,0.0
none,0.0
none,0.0
january_2025,578.9868149889439
none,0.0
none,0.0
none,0.0
none,0.0
january_2025,385.85128105749106
elliott_2022,1146.1068642893651
none,0.0
january_2025,1343.0679886551402
none,0.0
none,0.0
none,0.0
none,0.0
none,0.0
none,0.0
none,0.0
none,0.0
none,0.0
january_2025,1007.6677634790123
elliott_2022,1762.869010691252
elliott_2022,969.4160569123158
uri_2021,3201.2726020823875
elliott_2022,2058.6737455017537
none,0.0
elliott_2022,406.4290339269462
none,0.0
elliott_2022,1282.8534804305773
elliott_2022,1662.6335947259936
none,0.0
none,0.0
elliott_2022,1367.2153708360504
january_2025,867.5090558163098
none,0.0
none,0.0
january_2025,362.6344238184165
none,0.0
elliott_2022,2612.9721094122856
none,0.0
none,0.0
uri_2021,532.8094537301492
january_2025,435.31813988977996
none,0.0
none,0.0
none,0.0
none,0.0
none,0.0
none,0.0
january_2025,93.5362138253438
none,0.0
uri_2021,4422.944928742168
none,0.0
none,0.0
uri_2021,2363.131796204548
elliott_2022,1864.6968094276026
none,0.0
none,0.0
uri_2021,2067.3555228076116
none,0.0
january_2025,575.2631936419539
none,0.0
elliott_2022,2355.492512693258
none,0.0
elliott_2022,1882.543997626091
none,0.0
none,0.0
none,0.0
elliott_2022,2815.7608215780865
january_2025,40.271033300381674
january_2025,870.5007690721036
none,0.0
elliott_2022,1760.3610049573188
elliott_2022,6.121163333333332
none,0.0
january_2025,618.6075348533199
none,0.0
elliott_2022,1080.900648642884
january_2025,725.046487838126
none,0.0
none,0.0
uri_2021,2062.6545778602945
none,0.0
elliott_2022,2697.49806180529
january_2025,581.0525842828534
january_2025,382.5809342878145
uri_2021,4598.1712842165825
elliott_2022,557.4249420074045
january_2025,240.1431396703641
january_2025,735.9107927769795
elliott_2022,1635.5478033831287
none,0.0
none,0.0
none,0.0
elliott_2022,3622.759083630326
none,0.0
uri_2021,547.265199026921
none,0.0
none,0.0
none,0.0
none,0.0
none,0.0
january_2025,646.1371200345587
none,0.0
january_2025,306.82195247541307
none,0.0
none,0.0
none,0.0
none,0.0
none,0.0
elliott_2022,2251.7562832059803
january_2025,540.2750148470827
january_2025,709.5252660639761
january_2025,1397.177664837854
none,0.0
none,0.0
january_2025,560.1195345861476
none,0.0
elliott_2022,2082.7940937725275
elliott_2022,2028.4231334407166
none,0.0
none,0.0
january_2025,387.5306642994527
elliott_2022,2773.5343025325133
uri_2021,3160.2541980345372
january_2025,71.56294535001165
none,0.0
none,0.0
none,0.0
none,0.0
elliott_2022,924.210470198489
uri_2021,1459.8979409945869
january_2025,279.6848703567535
none,0.0
none,0.0
january_2025,129.2953682487775
none,0.0
none,0.0
none,0.0
none,0.0
none,0.0
none,0.0
uri_2021,2674.034363189886
elliott_2022,1585.3960414781313
none,0.0
elliott_2022,2684.260943378202
none,0.0
elliott_2022,3312.3319903387187
january_2025,33.9917792713961
none,0.0
none,0.0
none,0.0
none,0.0
elliott_2022,2192.652116060225
none,0.0
none,0.0
january_2025,1137.7363626033725
none,0.0
none,0.0
january_2025,351.0964194453034
none,0.0
none,0.0
january_2025,1232.166092041702
none,0.0
none,0.0
january_2025,14.821485141544342
none,0.0
none,0.0
none,0.0
january_2025,0.0
none,0.0
none,0.0
january_2025,267.1001399385777
none,0.0
january_2025,199.19479700399592
none,0.0
january_2025,362.51196444112134
elliott_2022,591.0018982355015
elliott_2022,1977.2263639098342
january_2025,196.33814667904136
none,0.0
none,0.0
uri_2021,4992.998496442116
none,0.0
january_2025,889.2037453650222
none,0.0
january_2025,140.09496462656435
january_2025,540.1765984602782
none,0.0
none,0.0
january_2025,602.1780006435024
none,0.0
elliott_2022,2704.059872774871
none,0.0
january_2025,201.23833885275923
january_2025,1075.3367658593254
none,0.0
none,0.0
january_2025,411.0359428024076
none,0.0
none,0.0
none,0.0
none,0.0
none,0.0
uri_2021,3303.32755793668
none,0.0
none,0.0
none,0.0
none,0.0
uri_2021,3348.8466483394745
january_2025,1133.8243822987358
none,0.0
none,0.0
none,0.0
none,0.0
elliott_2022,3325.2668901183183
none,0.0
none,0.0
none,0.0
none,0.0
january_2025,823.6912250905875
none,0.0
none,0.0
january_2025,457.4688864615466
january_2025,147.2711092697727
none,0.0
none,0.0
january_2025,20.44593616506094
january_2025,460.6119945961808
none,0.0
january_2025,425.41012114658935
none,0.0
none,0.0
january_2025,309.7882364480499
january_2025,92.74766693068156
none,0.0
none,0.0
none,0.0
january_2025,227.10893947779564
none,0.0
uri_2021,1420.434873157374
none,0.0
january_2025,644.5702635726162
none,0.0
none,0.0
none,0.0
none,0.0
uri_2021,3728.1732328888197
none,0.0
none,0.0
none,0.0
january_2025,381.2762302032984
none,0.0
none,0.0
none,0.0
none,0.0
none,0.0
none,0.0
none,0.0
elliott_2022,1205.612590810468
january_2025,264.57619685559024
january_2025,757.5144279817466
none,0.0
elliott_2022,321.65500476800446
january_2025,724.4931629740612
none,0.0
january_2025,233.39422692987384
none,0.0
none,0.0
none,0.0
none,0.0
elliott_2022,1766.5411855600728
none,0.0
none,0.0
none,0.0
january_2025,1243.7314983289227
none,0.0
none,0.0
elliott_2022,219.05167431204526
january_2025,113.81052579589735
none,0.0
none,0.0
january_2025,554.7146435290656
none,0.0
none,0.0
none,0.0
none,0.0
none,0.0
none,0.0
january_2025,1182.4286054714307
none,0.0
none,0.0
none,0.0
january_2025,435.5239426946401
none,0.0
january_2025,435.10208259840914
none,0.0
none,0.0
january_2025,1015.1740781762311
none,0.0
january_2025,1129.876989364724
january_2025,23.828508976056636
january_2025,515.3818552959212
none,0.0
none,0.0
uri_2021,2588.970994683451
elliott_2022,927.7496158387881
uri_2021,4221.523025358905
none,0.0
january_2025,1142.1432737565017
none,0.0
none,0.0
none,0.0
january_2025,1546.9575881501487
none,0.0
none,0.0
none,0.0
none,0.0
elliott_2022,1554.1351154803428
january_2025,90.80212747091372
none,0.0
none,0.0
uri_2021,2578.0286131141916
none,0.0
uri_2021,3737.673643835553
january_2025,649.6045771140606
none,0.0
none,0.0
january_2025,269.3139410275613
january_2025,327.29315521008874
elliott_2022,273.92200568812837
january_2025,1528.2100798715273
none,0.0
none,0.0
none,0.0
none,0.0
none,0.0
elliott_2022,2902.094686319243
none,0.0
elliott_2022,1465.4886865257308
none,0.0
none,0.0
none,0.0
january_2025,50.93658499674543
elliott_2022,1758.8835966151053
january_2025,295.03408445076207
elliott_2022,1970.3687170207454
january_2025,395.10632387992695
elliott_2022,1885.4750377955952
elliott_2022,3118.9690598297348
elliott_2022,871.3871380942203
january_2025,635.0827686324268
none,0.0
none,0.0
elliott_2022,727.0014637835693
none,0.0
january_2025,926.2313031201257
none,0.0
none,0.0
none,0.0
january_2025,493.6382101357514
january_2025,1031.0254801943308
none,0.0
january_2025,608.0713045515066
elliott_2022,1456.3700089953397
none,0.0
january_2025,16.227559969586974
elliott_2022,2590.7577297358534
none,0.0
none,0.0
january_2025,841.5597732948924
none,0.0
uri_2021,3690.49366452849
none,0.0
none,0.0
none,0.0
none,0.0
uri_2021,2145.465207030912
january_2025,1494.9726809867593
january_2025,334.5306703198345
none,0.0
elliott_2022,1813.751616143306
january_2025,13.779170098673905
none,0.0
uri_2021,3910.6657397169593
none,0.0
elliott_2022,400.9823410684202
none,0.0
none,0.0
none,0.0
none,0.0
none,0.0
january_2025,676.9003113827957
none,0.0
none,0.0
none,0.0
january_2025,1257.1080729800344
none,0.0
none,0.0
january_2025,1130.4917025309308
none,0.0
elliott_2022,279.8400282525591
elliott_2022,1750.132696017878
elliott_2022,1204.16208578212
none,0.0
elliott_2022,2926.3374457336367
none,0.0
elliott_2022,2325.0009333782473
elliott_2022,482.48410791538436
january_2025,840.0684926642456
january_2025,417.01833645228976
none,0.0
none,0.0
uri_2021,1288.800478587303
elliott_2022,1686.1218855717323
none,0.0
january_2025,958.9762214817065
january_2025,337.9230292797597
none,0.0
none,0.0
none,0.0
uri_2021,2857.7044165163124
january_2025,162.53092159629898
none,0.0
none,0.0
none,0.0
january_2025,544.0938226061629
january_2025,729.4348119358315
january_2025,34.80707350851205
elliott_2022,987.1970758963432
elliott_2022,664.3764351857952
none,0.0
uri_2021,5340.617006960114
uri_2021,2218.6918581632544
none,0.0
none,0.0
none,0.0
none,0.0
none,0.0
january_2025,1192.3654627672984
none,0.0
none,0.0
none,0.0
january_2025,999.5983708952982
none,0.0
elliott_2022,1363.773411589033
none,0.0
elliott_2022,1188.8723308624503
none,0.0
uri_2021,608.7367267060582
uri_2021,2161.2369451467007
january_2025,783.8977543428978
elliott_2022,165.7763889829717
none,0.0
january_2025,632.1798349767768
none,0.0
none,0.0
none,0.0
none,0.0
january_2025,382.6966511324682
january_2025,191.31815562684963
none,0.0
january_2025,262.80587781816723
elliott_2022,1996.1454112619147
january_2025,604.0548170104659
none,0.0
none,0.0
january_2025,422.64367116666574
none,0.0
none,0.0
uri_2021,1659.9015529306419
none,0.0
january_2025,14.128139301347073
elliott_2022,926.5852115287289
none,0.0
january_2025,141.42278932698386
none,0.0
none,0.0
january_2025,787.5108877457681
none,0.0
uri_2021,2317.982572364728
uri_2021,1117.1097306270715
none,0.0
none,0.0
january_2025,965.0035239974378
january_2025,830.0953411277764
none,0.0
uri_2021,2278.056364754542
none,0.0
january_2025,994.1399349895974
none,0.0
elliott_2022,1237.6702798223575
none,0.0
none,0.0
none,0.0
january_2025,269.07997973147747
none,0.0
elliott_2022,934.9377836269717
uri_2021,2504.622106755922
elliott_2022,1545.451782216671
none,0.0
january_2025,1238.3310439725738
none,0.0
none,0.0
none,0.0
none,0.0
none,0.0
none,0.0
january_2025,713.954873240411
none,0.0
elliott_2022,1861.0929668416038
elliott_2022,1260.7395408124144
elliott_2022,8.527973333333332
none,0.0
uri_2021,5197.6595783459925
none,0.0
elliott_2022,2860.593822898647
january_2025,600.4057980298363
none,0.0
none,0.0
january_2025,0.0
none,0.0
elliott_2022,2066.8091588307443
january_2025,723.5538684247786
elliott_2022,3016.2280030850434
january_2025,226.0023207332993
elliott_2022,1754.3575544740333
january_2025,1353.9863723978133
elliott_2022,216.5307668321752
none,0.0
none,0.0
none,0.0
none,0.0
none,0.0
none,0.0
january_2025,324.39489628592696
none,0.0
none,0.0
elliott_2022,2044.9338059125394
january_2025,490.09938634037445
none,0.0
none,0.0
january_2025,616.6825227249195
january_2025,235.1603660052463
none,0.0
january_2025,151.57601150336168
january_2025,433.72203804105317
elliott_2022,1084.1926539124147
none,0.0
none,0.0
none,0.0
january_2025,107.32244212926068
none,0.0
january_2025,40.378952296398836
elliott_2022,1733.9564052409833
none,0.0
uri_2021,3126.699280485722
january_2025,1488.0405942361274
january_2025,628.8325402546416
none,0.0
january_2025,1399.4880199602453
none,0.0
elliott_2022,918.1395074108096
january_2025,33.89085124517567
none,0.0
january_2025,530.5549021620604
uri_2021,4809.891370592978
january_2025,580.4048968429424
none,0.0
none,0.0
uri_2021,3169.129608009735
elliott_2022,2099.6708051157125
january_2025,546.9813989552588
none,0.0
none,0.0
none,0.0
elliott_2022,2573.78393780427
none,0.0
elliott_2022,349.588359585373
none,0.0
none,0.0
elliott_2022,638.117568530422
none,0.0
none,0.0
none,0.0
none,0.0
january_2025,431.0836810116878
january_2025,762.3078391346754
uri_2021,3970.4774682625502
none,0.0
january_2025,664.4094246346187
elliott_2022,489.09381078180087
january_2025,416.7843338461523
january_2025,344.7740855283292
none,0.0
january_2025,125.45935250998978
none,0.0
elliott_2022,819.3073228060802
elliott_2022,1782.447830000977
elliott_2022,2201.0778772279277
elliott_2022,3087.8344247217915
none,0.0
january_2025,589.3415002500517
none,0.0
none,0.0
january_2025,747.0857715583671
none,0.0
january_2025,544.2985752130077
january_2025,1151.1658864413678
none,0.0
none,0.0
none,0.0
none,0.0
january_2025,1661.2286985004641
none,0.0
uri_2021,3570.65755071815
none,0.0
none,0.0
elliott_2022,3481.540007509757
none,0.0
none,0.0
none,0.0
january_2025,490.16843406672416
none,0.0
elliott_2022,2743.29963695217
none,0.0
none,0.0
elliott_2022,49.63300200612171
january_2025,312.68135262400614
january_2025,511.69352601180697
none,0.0
none,0.0
none,0.0
none,0.0
uri_2021,4054.572739161793
none,0.0
elliott_2022,675.9436603030632
none,0.0
none,0.0
none,0.0
none,0.0
uri_2021,3179.005202445308
none,0.0
none,0.0
elliott_2022,2111.007144128542
january_2025,828.1974178818143
january_2025,299.79594910443996
none,0.0
none,0.0
elliott_2022,3.9145908333333326
none,0.0
none,0.0
none,0.0
uri_2021,1656.4328713379098
none,0.0
none,0.0
january_2025,539.7444389557554
none,0.0
none,0.0
uri_2021,3268.950761088474
january_2025,564.4443193878114
none,0.0
january_2025,144.02422765328322
none,0.0
none,0.0
january_2025,441.74824911263505
none,0.0
uri_2021,3701.752130734837
january_2025,10.428333771744382
none,0.0
none,0.0
january_2025,529.8235233051992
january_2025,609.0599643916008
elliott_2022,1632.4606606606183
elliott_2022,623.1004897928617
january_2025,594.315212511888
none,0.0
none,0.0
none,0.0
elliott_2022,984.0502573120049
none,0.0
january_2025,854.0977536636224
none,0.0
january_2025,1116.7591188415606
none,0.0
uri_2021,864.2102877899791
elliott_2022,1538.159570402848
none,0.0
none,0.0
none,0.0
elliott_2022,2224.2468069431907
none,0.0
none,0.0
january_2025,2.3978316765431242
january_2025,583.6898076842041
elliott_2022,1574.3539793111272
january_2025,31.329364354325257
january_2025,536.5971149083892
none,0.0
none,0.0
january_2025,285.9592972365867
none,0.0
elliott_2022,2326.8324018287713
january_2025,1360.133897297942
none,0.0
elliott_2022,1457.857116888568
january_2025,1009.914514242423
january_2025,490.04757044735413
none,0.0
none,0.0
none,0.0
none,0.0
none,0.0
elliott_2022,1420.1050753460381
none,0.0
none,0.0
january_2025,602.8995300853697
january_2025,707.557696600583
none,0.0
uri_2021,2600.044607239718
none,0.0
none,0.0
elliott_2022,1422.1742729614248
january_2025,1020.9722778473299
january_2025,228.424049298813
none,0.0
elliott_2022,1850.824885587831
none,0.0
january_2025,689.5460935698511
none,0.0
none,0.0
none,0.0
none,0.0
january_2025,891.7308412002551
none,0.0
none,0.0
uri_2021,5596.56834761035
january_2025,502.17020153493934
none,0.0
none,0.0
none,0.0
none,0.0
january_2025,31.816125963692503
none,0.0
none,0.0
none,0.0
january_2025,267.8250882571964
none,0.0
none,0.0
none,0.0
january_2025,72.6186895087144
none,0.0
elliott_2022,1138.9323315641666
none,0.0
january_2025,542.0935447338759
elliott_2022,3153.32068771313
january_2025,329.02404651454617
uri_2021,666.9119326738124
january_2025,247.31085693840612
january_2025,17.720234160232486
none,0.0
none,0.0
none,0.0
elliott_2022,995.5769958815127
elliott_2022,1539.9765545176576
none,0.0
none,0.0
none,0.0
none,0.0
elliott_2022,65.325679187745
elliott_2022,2770.8466398731994
none,0.0
none,0.0
none,0.0
none,0.0
none,0.0
none,0.0
none,0.0
elliott_2022,1043.6179206144159
none,0.0
none,0.0
elliott_2022,3870.4028342016804
elliott_2022,2040.5868616643234
uri_2021,4148.601784060838
none,0.0
january_2025,277.5057702904307
none,0.0
elliott_2022,592.5633158037732
none,0.0
uri_2021,1760.5130682011156
none,0.0
january_2025,254.46742451872575
elliott_2022,857.4764477125165
none,0.0
none,0.0
january_2025,826.7553006214192
january_2025,1362.0240488653365
january_2025,29.319826604283016
none,0.0
elliott_2022,1233.455792844028
january_2025,976.621240821146
none,0.0
elliott_2022,2424.7932160720984
none,0.0
none,0.0
january_2025,1631.8324154603401
none,0.0
elliott_2022,1147.7879860669145
none,0.0
none,0.0
uri_2021,2377.5796766093117
january_2025,1176.7173988885572
none,0.0
none,0.0
none,0.0
uri_2021,4199.102630216164
january_2025,2.5717250894623884
none,0.0
none,0.0
january_2025,815.9025469730674
none,0.0
elliott_2022,1321.3138547097637
january_2025,235.8571017320054
elliott_2022,1577.7424108872985
elliott_2022,1045.2225402619868
january_2025,334.3507260840954
january_2025,949.5611642647611
january_2025,400.1835826379266
none,0.0
uri_2021,2314.2018396058074
none,0.0
january_2025,639.9076294241843
none,0.0
none,0.0
none,0.0
january_2025,584.3649580151408
none,0.0
none,0.0
none,0.0
none,0.0
january_2025,447.4347186173514
elliott_2022,1727.8321892220047
uri_2021,2743.1307875038283
none,0.0
january_2025,78.2159722688077
none,0.0
none,0.0
none,0.0
january_2025,705.9745551901827
january_2025,1100.4242031700094
none,0.0
none,0.0
elliott_2022,2432.702224530316
none,0.0
none,0.0
none,0.0
none,0.0
none,0.0
none,0.0
january_2025,1506.6957352777883
none,0.0
none,0.0
none,0.0
none,0.0
none,0.0
none,0.0
none,0.0
none,0.0
january_2025,1299.0041183831277
none,0.0
none,0.0
january_2025,150.65090722921656
january_2025,510.23271161851324
january_2025,1244.4117098120523
uri_2021,2646.568278805236
uri_2021,4522.636648611833
none,0.0
elliott_2022,1813.7019583188649
january_2025,575.0129318579558
none,0.0
january_2025,161.35869209044077
elliott_2022,498.175996534088
none,0.0
none,0.0
elliott_2022,2184.080582894529
none,0.0
january_2025,772.1304996947032
none,0.0
elliott_2022,724.8936508135696
none,0.0
uri_2021,2143.240563926034
none,0.0
none,0.0
uri_2021,4827.548543382262
january_2025,520.3505685130303
january_2025,847.0558568852397
january_2025,976.0424633621874
none,0.0
none,0.0
none,0.0
uri_2021,2680.6395610057734
january_2025,38.539685513183805
none,0.0
none,0.0
none,0.0
none,0.0
none,0.0
none,0.0
none,0.0
none,0.0
january_2025,845.819790932053
none,0.0
none,0.0
none,0.0
january_2025,595.1489579500579
none,0.0
january_2025,259.79978325758464
elliott_2022,1236.9234760113131
elliott_2022,2625.280920524931
january_2025,286.0627889899156
none,0.0
uri_2021,3151.451329168414
none,0.0
elliott_2022,3106.6655855786526
uri_2021,342.697252961518
none,0.0
none,0.0
january_2025,41.74071201092891
none,0.0
elliott_2022,347.5520336897939
none,0.0
none,0.0
none,0.0
elliott_2022,1200.5558188046139
none,0.0
uri_2021,5183.3498372836975
none,0.0
elliott_2022,902.2920130403405
none,0.0
january_2025,406.86371018612135
january_2025,48.53843044947063
none,0.0
january_2025,1529.8890622503575
uri_2021,4051.6835908836206
elliott_2022,2019.046334692101
elliott_2022,1412.598280806685
none,0.0
january_2025,46.49465997002239
elliott_2022,712.1430491929077
january_2025,987.2610012409166
january_2025,527.2136304443438
none,0.0
none,0.0
none,0.0
none,0.0
none,0.0
uri_2021,3605.7386357077557
january_2025,407.2722770665955
january_2025,1196.2679520285021
january_2025,289.823390937724
none,0.0
none,0.0
january_2025,382.5067054472294
none,0.0
none,0.0
january_2025,784.6737999731643
elliott_2022,1228.6008258590457
january_2025,1110.0473373583932
none,0.0
none,0.0
none,0.0
january_2025,1431.9731858387383
none,0.0
january_2025,117.63110724497214
none,0.0
none,0.0
january_2025,916.4701083364233
none,0.0
none,0.0
none,0.0
january_2025,556.1879422473628
none,0.0
none,0.0
none,0.0
january_2025,1144.518335966469
none,0.0
uri_2021,2526.4958239255943
none,0.0
none,0.0
january_2025,69.28668819545821
none,0.0
none,0.0
none,0.0
none,0.0
none,0.0
none,0.0
none,0.0
elliott_2022,1756.165954854969
elliott_2022,1615.7306806615888
january_2025,197.96590458568792
none,0.0
january_2025,1008.3631274864912
none,0.0
none,0.0
none,0.0
none,0.0
january_2025,221.71178195939342
none,0.0
none,0.0
none,0.0
none,0.0
none,0.0
none,0.0
elliott_2022,1472.4197004751247
uri_2021,2418.3021983898584
none,0.0
none,0.0
none,0.0
none,0.0
uri_2021,4052.287090077227
january_2025,1520.8372445356138
january_2025,320.40469720263326
none,0.0
january_2025,316.31766943894473
none,0.0
none,0.0
none,0.0
none,0.0
january_2025,46.550089266865584
january_2025,247.79208707746392
none,0.0
january_2025,742.3176934848449
none,0.0
none,0.0
none,0.0
none,0.0
none,0.0
none,0.0
january_2025,1201.5567893616665
none,0.0
january_2025,435.57532640563056
none,0.0
none,0.0
january_2025,511.6010291127801
january_2025,1857.5809890046687
elliott_2022,2197.661838440987
none,0.0
january_2025,310.33092701348266
january_2025,425.5331163266073
none,0.0
elliott_2022,1415.0588611986382
january_2025,416.63608514251115
elliott_2022,344.3590592964861
none,0.0
elliott_2022,1519.6802709102549
none,0.0
january_2025,261.2450521007563
none,0.0
elliott_2022,326.0728300706919
january_2025,313.6666297015882
none,0.0
elliott_2022,1809.5952792765122
january_2025,181.91479228091777
none,0.0
none,0.0
none,0.0
none,0.0
january_2025,7.294150586828648
none,0.0
january_2025,1123.7150209696429
elliott_2022,1408.022047900719
january_2025,581.9857535294753
none,0.0
january_2025,61.42012193489263
january_2025,221.954313134593
january_2025,189.44386751299345
none,0.0
january_2025,42.496258507306955
january_2025,416.11948685275
none,0.0
none,0.0
none,0.0
none,0.0
none,0.0
january_2025,1672.2708616885518
elliott_2022,1559.915408685986
none,0.0
none,0.0
none,0.0
uri_2021,3850.0118289650186
none,0.0
none,0.0
none,0.0
elliott_2022,2173.878723177227
elliott_2022,3174.90954908475
none,0.0
none,0.0
january_2025,1036.1991929198769
none,0.0
january_2025,148.97524443003425
none,0.0
uri_2021,2471.8361499175007
none,0.0
none,0.0
january_2025,1685.382479598116
january_2025,1.7150696509525418
none,0.0
uri_2021,4054.4648141942157
none,0.0
none,0.0
none,0.0
none,0.0
none,0.0
none,0.0
january_2025,1005.2268753261978
january_2025,43.848048378922584
none,0.0
none,0.0
none,0.0
none,0.0
elliott_2022,971.6826481588569
none,0.0
none,0.0
none,0.0
none,0.0
january_2025,142.11384763071294
none,0.0
january_2025,686.6681737380002
january_2025,58.47766156116789
none,0.0
elliott_2022,2940.492817758333
none,0.0
none,0.0
none,0.0
none,0.0
none,0.0
none,0.0
january_2025,1068.080917352425
uri_2021,2383.7518361092266
none,0.0
january_2025,566.0634897827226
none,0.0
january_2025,630.8690100371907
none,0.0
january_2025,0.0
january_2025,771.6691302455265
none,0.0
january_2025,1524.762481484023
none,0.0
january_2025,0.7717613344071581
january_2025,760.5071156390806
elliott_2022,2223.987609839898
january_2025,0.0
january_2025,28.553396466856945
none,0.0
none,0.0
none,0.0
none,0.0
elliott_2022,1764.2628250760924
january_2025,3.496820415058736
none,0.0
none,0.0
january_2025,303.2970219618189
january_2025,449.79044855822144
none,0.0
none,0.0
none,0.0
january_2025,1048.9612929573716
elliott_2022,2133.956987821407
elliott_2022,1080.8558866230278
january_2025,205.03566149911765
january_2025,310.5260240920068
none,0.0
none,0.0
elliott_2022,978.7537188024936
none,0.0
january_2025,705.7630599881066
january_2025,391.9831388555905
none,0.0
none,0.0
january_2025,376.1794292381851
none,0.0
none,0.0
none,0.0
january_2025,354.84316802035556
none,0.0
none,0.0
january_2025,97.22160942823145
uri_2021,4999.112392838015
none,0.0
none,0.0
january_2025,579.9767324758484
none,0.0
none,0.0
none,0.0
none,0.0
elliott_2022,1384.062355800055
none,0.0
january_2025,53.50025156816933
none,0.0
elliott_2022,2416.1518477453296
january_2025,0.1323644854507477
none,0.0
none,0.0
january_2025,719.9604811236287
none,0.0
none,0.0
none,0.0
january_2025,234.6249582610954
none,0.0
january_2025,87.77839571939353
january_2025,1530.8447305079785
elliott_2022,1473.8269173324816
january_2025,78.16680632734011
uri_2021,4003.4908569243075
january_2025,1465.1450089472892
january_2025,1681.9249813549784
elliott_2022,2569.587505131144
january_2025,784.8329879450156
none,0.0
january_2025,21.157827684068735
elliott_2022,2606.853404637079
none,0.0
january_2025,189.37625434543918
none,0.0
none,0.0
uri_2021,2110.342925544413
none,0.0
none,0.0
none,0.0
none,0.0
january_2025,426.21277612930146
none,0.0
none,0.0
elliott_2022,1509.241282770815
january_2025,954.5116105518458
none,0.0
none,0.0
elliott_2022,180.76016069729957
none,0.0
elliott_2022,1506.697103332148
elliott_2022,1943.2918604208714
elliott_2022,1930.6096230323226
none,0.0
uri_2021,4494.270807050836
january_2025,242.56216108751676
elliott_2022,1340.741528922348
january_2025,872.3844150260412
january_2025,116.62095343517532
none,0.0
uri_2021,5026.486679051521
none,0.0
none,0.0
none,0.0
none,0.0
none,0.0
none,0.0
elliott_2022,2299.669894780298
january_2025,335.4228075114809
none,0.0
none,0.0
none,0.0
january_2025,935.7900548537249
none,0.0
january_2025,166.80067837993394
none,0.0
none,0.0
none,0.0
none,0.0
none,0.0
january_2025,299.6596671360716
none,0.0
none,0.0
january_2025,1026.398349198966
none,0.0
january_2025,38.48890959097184
january_2025,631.3144692605915
none,0.0
elliott_2022,1747.6696057890827
elliott_2022,1063.5461735958506
none,0.0
january_2025,373.80818537869396
none,0.0
none,0.0
january_2025,21.716854671799453
elliott_2022,165.03626576823726
none,0.0
uri_2021,2464.246941281301
january_2025,609.2179416033763
none,0.0
uri_2021,3229.387716455704
elliott_2022,814.0191682425877
none,0.0
january_2025,123.11699920825562
none,0.0
none,0.0
none,0.0
none,0.0
none,0.0
none,0.0
none,0.0
none,0.0
none,0.0
none,0.0
elliott_2022,3474.1248957715616
none,0.0
january_2025,0.0
none,0.0
uri_2021,1085.6367877546732
elliott_2022,1023.8812781910432
elliott_2022,2068.112700521177
none,0.0
none,0.0
elliott_2022,2040.6423594973292
january_2025,691.2191400452028
uri_2021,4397.620408913521
none,0.0
elliott_2022,1985.7141773032583
uri_2021,3613.362268177528
none,0.0
none,0.0
elliott_2022,1338.297054552991
none,0.0
none,0.0
none,0.0
none,0.0
uri_2021,1756.0989578005783
none,0.0
none,0.0
january_2025,593.0033895151896
uri_2021,1059.703391492094
elliott_2022,2234.821654588893
none,0.0
january_2025,294.76801019222626
none,0.0
january_2025,1739.7821022574672
none,0.0
january_2025,388.6240131410466
none,0.0
none,0.0
none,0.0
none,0.0
uri_2021,2811.803763847182
january_2025,868.916101288937
none,0.0
elliott_2022,1643.4985577259483
elliott_2022,1982.9518922533593
none,0.0
elliott_2022,1204.249362612232
none,0.0
january_2025,708.8742942693459
none,0.0
none,0.0
january_2025,260.49568103014275
january_2025,7.874313846384536
none,0.0
none,0.0
none,0.0
uri_2021,2373.7654755125836
none,0.0
january_2025,333.88007153858206
uri_2021,4967.293450441432
none,0.0
none,0.0
none,0.0
none,0.0
january_2025,39.4327587129356
none,0.0
none,0.0
none,0.0
uri_2021,4741.07242452761
elliott_2022,1931.3986517031542
none,0.0
none,0.0
none,0.0
none,0.0
uri_2021,3412.0382839338054
none,0.0
none,0.0
none,0.0
elliott_2022,244.35103219703532
january_2025,736.9014281889165
january_2025,491.9228647427406
january_2025,1422.0561751523085
none,0.0
january_2025,392.2082133224041
none,0.0
january_2025,1243.7102197220886
none,0.0
none,0.0
none,0.0
january_2025,229.7275582671651
none,0.0
january_2025,584.3784704805054
none,0.0
elliott_2022,776.4665464714273
none,0.0
january_2025,31.87777350473657
january_2025,528.8435050428789
elliott_2022,968.5030026137453
elliott_2022,960.6708801121545
elliott_2022,1014.664522292947
none,0.0
none,0.0
elliott_2022,926.4636562097958
none,0.0
january_2025,1039.5133674394149
january_2025,539.0893826178725
january_2025,266.5121921264792
january_2025,577.8916867459054
none,0.0
elliott_2022,957.1908996426818
none,0.0
none,0.0
uri_2021,4163.7524896627665
elliott_2022,2197.599205242089
none,0.0
none,0.0
none,0.0
none,0.0
uri_2021,3039.974000357462
elliott_2022,1766.7915261567064
january_2025,814.4569913708625
none,0.0
elliott_2022,2207.920612636822
none,0.0
elliott_2022,1506.9886733874037
january_2025,223.84045788780023
none,0.0
none,0.0
elliott_2022,1873.4220950638764
none,0.0
none,0.0
none,0.0
none,0.0
none,0.0
january_2025,500.1538808501065
none,0.0
january_2025,1420.7178191922535
none,0.0
january_2025,918.252955677704
none,0.0
none,0.0
uri_2021,1210.962626370392
january_2025,479.3193860311847
january_2025,848.7199507040644
none,0.0
january_2025,1396.416307956733
elliott_2022,1936.9192718910251
january_2025,98.77618871042249
january_2025,563.7796537925384
none,0.0
none,0.0
january_2025,90.966989859886
none,0.0
elliott_2022,648.7652449066172
none,0.0
elliott_2022,226.1861603250028
elliott_2022,1584.5869671524767
january_2025,201.22555097334134
none,0.0
none,0.0
elliott_2022,3382.8330139406844
none,0.0
elliott_2022,972.3399515113907
none,0.0
january_2025,493.83009466050845
january_2025,1522.7551566911186
january_2025,57.984702603354656
january_2025,16.223344757679307
january_2025,601.7309542565462
none,0.0
none,0.0
none,0.0
uri_2021,5718.387328225692
january_2025,300.6608063373762
january_2025,698.4718628109151
january_2025,1444.4673640490105
uri_2021,4714.591164040589
none,0.0
none,0.0
uri_2021,3222.19997532832
january_2025,616.2338290882657
none,0.0
none,0.0
january_2025,510.25661512196496
none,0.0
elliott_2022,1583.736403475779
none,0.0
none,0.0
elliott_2022,1463.9380325659079
none,0.0
none,0.0
none,0.0
elliott_2022,2429.8200686428418
none,0.0
none,0.0
none,0.0
none,0.0
none,0.0
none,0.0
none,0.0
none,0.0
none,0.0
uri_2021,6212.967690152557
elliott_2022,2188.5020966348106
january_2025,354.8404570097518
none,0.0
none,0.0
none,0.0
january_2025,904.4060396346348
january_2025,504.62597976924104
none,0.0
none,0.0
january_2025,792.2256491224954
none,0.0
none,0.0
elliott_2022,2543.1784432240147
january_2025,385.41510350336426
none,0.0
none,0.0
elliott_2022,1236.3177714119342
none,0.0
none,0.0
none,0.0
january_2025,107.15407896234564
none,0.0
none,0.0
elliott_2022,1498.7751184285828
january_2025,254.70395183321764
january_2025,114.06609128745238
none,0.0
none,0.0
none,0.0
none,0.0
none,0.0
none,0.0
none,0.0
none,0.0
uri_2021,3133.4937955578457
january_2025,751.6755463195071
january_2025,1045.9501956689523
none,0.0
elliott_2022,176.25757083517894
january_2025,179.42789563488355
none,0.0
elliott_2022,38.63867526717891
january_2025,504.1496250570058
none,0.0
january_2025,164.2003740900546
none,0.0
none,0.0
january_2025,123.8435538693376
january_2025,0.0
elliott_2022,1675.558576371946
none,0.0
none,0.0
none,0.0
none,0.0
january_2025,159.13936238747073
none,0.0
none,0.0
uri_2021,2692.232896780695
january_2025,619.0381880851346
none,0.0
uri_2021,2995.8306785560408
none,0.0
none,0.0
none,0.0
none,0.0
none,0.0
none,0.0
january_2025,177.30102316618658
none,0.0
none,0.0
none,0.0
none,0.0
none,0.0
none,0.0
none,0.0
january_2025,535.0493382115878
none,0.0
none,0.0
none,0.0
elliott_2022,3398.8594600378
none,0.0
elliott_2022,2059.9692060162124
none,0.0
none,0.0
elliott_2022,2887.670887623351
january_2025,1017.6462167083461
none,0.0
none,0.0
none,0.0
january_2025,79.65161015155047
none,0.0
january_2025,1302.4724500546045
january_2025,2309.278244166667
none,0.0
none,0.0
elliott_2022,195.15425368020735
none,0.0
none,0.0
none,0.0
elliott_2022,506.10686993858786
none,0.0
none,0.0
none,0.0
january_2025,417.51045113535207
january_2025,563.4130944182215
none,0.0
none,0.0
none,0.0
none,0.0
january_2025,244.63633509009298
none,0.0
elliott_2022,2003.515782649701
none,0.0
none,0.0
january_2025,350.1278653449327
uri_2021,2953.217735831988
none,0.0
january_2025,956.7227559396295
elliott_2022,3364.730702135182
none,0.0
january_2025,573.6625602843405
january_2025,139.12038766552885
uri_2021,4354.3778260757545
january_2025,290.2608799892665
january_2025,1525.1013621227635
january_2025,100.07543682212174
none,0.0
none,0.0
january_2025,1545.4092893532813
none,0.0
uri_2021,3324.3097907585575
january_2025,496.5119399710909
none,0.0
none,0.0
january_2025,28.439695278486493
uri_2021,5500.768446485023
elliott_2022,1624.1858598909555
none,0.0
uri_2021,3778.3005047635834
none,0.0
january_2025,82.75685299440097
elliott_2022,1097.0757966183578
elliott_2022,1366.8734678474855
january_2025,270.59139794886283
uri_2021,3204.1512501420166
january_2025,568.5693885739266
elliott_2022,1581.5291690560355
none,0.0
uri_2021,4235.63311162445
none,0.0
none,0.0
elliott_2022,1490.3401430423403
none,0.0
none,0.0
january_2025,122.16831687273331
none,0.0
elliott_2022,3302.4455092777557
uri_2021,1175.3338088616413
january_2025,175.21704006811106
uri_2021,5220.553124066672
elliott_2022,409.07810648267497
none,0.0
none,0.0
uri_2021,2689.210442922231
none,0.0
uri_2021,3858.9591310856977
none,0.0
none,0.0
january_2025,363.1772982481802
january_2025,15.277963041304831
none,0.0
none,0.0
none,0.0
january_2025,82.00284091542314
january_2025,366.99635199542297
elliott_2022,1666.422146364699
elliott_2022,1951.8774492607456
none,0.0
none,0.0
uri_2021,2234.8285926325348
none,0.0
none,0.0
elliott_2022,219.76978048985575
january_2025,75.13983529474118
none,0.0
none,0.0
none,0.0
none,0.0
none,0.0
none,0.0
january_2025,625.3062081594618
none,0.0
january_2025,18.81171838114707
none,0.0
none,0.0
january_2025,632.6853048273048
january_2025,214.73677186000955
january_2025,36.89193928042273
uri_2021,2245.5173938164085
january_2025,546.7024936597037
none,0.0
january_2025,1270.5005055819731
january_2025,315.11306841096257
january_2025,612.63506058052
january_2025,547.8241357647019
january_2025,133.15094363538654
january_2025,309.03437260156215
january_2025,371.4830353700832
january_2025,293.930161205899
none,0.0
none,0.0
none,0.0
none,0.0
elliott_2022,1628.2394088172564
none,0.0
uri_2021,4317.270036598518
uri_2021,1604.5147428664905
january_2025,1259.3461294542674
january_2025,4.712494022755419
none,0.0
none,0.0
none,0.0
none,0.0
elliott_2022,276.4355633801562
none,0.0
none,0.0
uri_2021,3329.889719023712
none,0.0
uri_2021,2638.3439747113807
none,0.0
none,0.0
none,0.0
none,0.0
none,0.0
none,0.0
none,0.0
january_2025,295.62955526345803
elliott_2022,1841.60416201455
none,0.0
elliott_2022,805.8497194399378
none,0.0
none,0.0
elliott_2022,576.9928626136427
january_2025,118.5924525289219
elliott_2022,2303.9848361747295
january_2025,0.0
january_2025,506.12930730234365
none,0.0
none,0.0
none,0.0
elliott_2022,1361.225922172597
elliott_2022,1912.6260120651912
january_2025,892.5353178818214
january_2025,284.91575493351917
none,0.0
january_2025,1459.876219417973
none,0.0
january_2025,909.0711270349404
elliott_2022,605.8493701563133
none,0.0
january_2025,13.811834763087306
january_2025,236.81957183838082
none,0.0
none,0.0
january_2025,757.308703722775
none,0.0
january_2025,907.8968305819147
elliott_2022,1002.5568398261352
none,0.0
none,0.0
elliott_2022,1010.6287799956482
none,0.0
uri_2021,5241.8673028414705
none,0.0
elliott_2022,1219.7629217660383
none,0.0
january_2025,456.8970366970401
elliott_2022,548.2237734912854
elliott_2022,510.2539375026689
january_2025,1176.8664506106556
january_2025,872.3787136218782
elliott_2022,626.3067261491796
none,0.0
none,0.0
none,0.0
uri_2021,1519.086926103456
elliott_2022,532.9973823698039
none,0.0
none,0.0
none,0.0
january_2025,1760.9871644152217
none,0.0
elliott_2022,2130.3528373113654
uri_2021,3901.1105637713263
none,0.0
none,0.0
none,0.0
january_2025,4.229543454531282
none,0.0
elliott_2022,2726.7480119369916
none,0.0
none,0.0
january_2025,384.43801441759086
elliott_2022,2022.8948027956571
none,0.0
january_2025,126.11057651161906
elliott_2022,972.5640840732418
none,0.0
january_2025,610.824877434927
january_2025,0.0
none,0.0
none,0.0
uri_2021,3160.4538028113834
none,0.0
uri_2021,3216.8140868621813
elliott_2022,1524.070350957041
january_2025,1089.5067130078291
none,0.0
january_2025,160.07845479049814
elliott_2022,3021.9298723929896
uri_2021,2209.1715106058646
none,0.0
none,0.0
january_2025,113.87126209392964
none,0.0
january_2025,17.497687775281943
uri_2021,4770.449306401737
none,0.0
none,0.0
elliott_2022,3243.487451603846
none,0.0
none,0.0
january_2025,294.4985856764999
none,0.0
none,0.0
uri_2021,1903.2795112716344
none,0.0
none,0.0
none,0.0
none,0.0
none,0.0
january_2025,152.53956920429908
none,0.0
none,0.0
elliott_2022,757.3729636599387
elliott_2022,1881.7186887790397
none,0.0
elliott_2022,1799.1742525375541
january_2025,1370.67760747333
none,0.0
january_2025,1014.1550971169902
none,0.0
january_2025,1255.5269498250952
january_2025,177.85721340971918
none,0.0
elliott_2022,1608.2183296667786
january_2025,867.6304118347593
elliott_2022,1684.5924937242542
uri_2021,3007.058744153038
january_2025,778.4323439008808
january_2025,801.1531087662047
january_2025,902.717026921452
none,0.0
elliott_2022,1699.772590238777
none,0.0
none,0.0
none,0.0
none,0.0
none,0.0
january_2025,554.4335934757535
none,0.0
none,0.0
january_2025,572.161019619834
none,0.0
elliott_2022,612.3480480910778
none,0.0
none,0.0
elliott_2022,1551.9069918908497
january_2025,1459.6629296232127
none,0.0
none,0.0
none,0.0
none,0.0
none,0.0
uri_2021,2730.337398872951
none,0.0
none,0.0
january_2025,261.68364769623264
none,0.0
none,0.0
none,0.0
uri_2021,2596.1506929842726
none,0.0
uri_2021,3004.6856272018636
none,0.0
none,0.0
none,0.0
elliott_2022,1244.2444626403924
january_2025,583.805634055238
none,0.0
uri_2021,3421.3225355741574
elliott_2022,2660.10746716543
none,0.0
none,0.0
elliott_2022,2532.317194220648
none,0.0
uri_2021,2130.601694493304
none,0.0
none,0.0
uri_2021,4131.715535384551
january_2025,722.4396355746966
uri_2021,3181.9180448695142
none,0.0
none,0.0
none,0.0
elliott_2022,1668.3502804611157
uri_2021,2505.9573254043657
none,0.0
uri_2021,4027.45776044144
none,0.0
none,0.0
none,0.0
elliott_2022,601.7975428038526
none,0.0
none,0.0
none,0.0
none,0.0
january_2025,213.34599392168434
none,0.0
none,0.0
elliott_2022,900.4933744914897
uri_2021,5142.088460684674
none,0.0
elliott_2022,2064.2556748564516
none,0.0
none,0.0
none,0.0
january_2025,312.7270391795553
january_2025,170.93897823462706
none,0.0
none,0.0
january_2025,1068.0658590855305
none,0.0
uri_2021,6705.551286666666
none,0.0
none,0.0
uri_2021,1934.0192445458931
uri_2021,4498.4333772929085
uri_2021,3253.7070427814224
none,0.0
none,0.0
uri_2021,3795.211793408327
january_2025,708.2734844790643
none,0.0
none,0.0
none,0.0
none,0.0
elliott_2022,2144.6914917963854
none,0.0
elliott_2022,1295.8502699402002
none,0.0
elliott_2022,2796.855063195465
none,0.0
none,0.0
none,0.0
january_2025,94.66305640656171
none,0.0
none,0.0
none,0.0
none,0.0
none,0.0
none,0.0
none,0.0
january_2025,158.03941578442104
none,0.0
none,0.0
january_2025,1073.012709899522
january_2025,1756.19420833274
january_2025,556.8537528763048
elliott_2022,2225.6349492777026
none,0.0
none,0.0
january_2025,962.8684779176618
january_2025,16.85456850215114
none,0.0
none,0.0
uri_2021,2732.9546304621963
january_2025,835.2849178137333
none,0.0
none,0.0
none,0.0
none,0.0
none,0.0
none,0.0
january_2025,835.2310358269988
january_2025,266.8194688950556
none,0.0
january_2025,508.31869200965434
uri_2021,5230.095439080686
elliott_2022,1670.2541745060873
none,0.0
none,0.0
january_2025,802.4265072898107
none,0.0
none,0.0
uri_2021,4229.396484029066
elliott_2022,3236.013579927222
january_2025,85.08436400003995
uri_2021,3646.221359230806
elliott_2022,422.0315734291292
none,0.0
uri_2021,2880.6607954461983
none,0.0
none,0.0
january_2025,674.2420908710784
none,0.0
uri_2021,3666.5306930045645
elliott_2022,3373.4450545379705
uri_2021,3255.4306796679657
elliott_2022,2124.6745539190406
none,0.0
none,0.0
none,0.0
none,0.0
january_2025,0.0
none,0.0
none,0.0
none,0.0
none,0.0
january_2025,905.219947763066
january_2025,846.5456469156245
january_2025,89.99790222746671
january_2025,119.46780593423448
none,0.0
january_2025,1221.4329336300966
january_2025,476.68023791076706
none,0.0
none,0.0
none,0.0
elliott_2022,1084.8045458902989
uri_2021,2927.3715777892135
uri_2021,3334.69301831525
uri_2021,3697.876044262078
none,0.0
none,0.0
none,0.0
january_2025,502.60588039966797
none,0.0
january_2025,67.42684036456983
none,0.0
none,0.0
elliott_2022,1398.0757875048807
january_2025,1071.9687970082928
elliott_2022,1476.047477226512
none,0.0
none,0.0
elliott_2022,1460.4576507536322
none,0.0
uri_2021,2049.725934880735
january_2025,469.2143515289592
january_2025,565.1688674988609
january_2025,1097.7590267135279
elliott_2022,1418.4716916342334
none,0.0
none,0.0
january_2025,537.5077233365035
none,0.0
january_2025,0.01775807065660888
uri_2021,3904.227444118892
january_2025,467.4131779478636
january_2025,321.52273670084344
none,0.0
uri_2021,3953.3037736858823
none,0.0
january_2025,467.1977319519102
none,0.0
january_2025,15.240939894742377
none,0.0
january_2025,0.4183172660367038
none,0.0
none,0.0
january_2025,1259.8491729361353
uri_2021,1514.4574940150808
none,0.0
elliott_2022,241.16982723667198
none,0.0
january_2025,616.834274387854
uri_2021,3397.7398384236085
january_2025,527.2035587529775
elliott_2022,1097.4446612125378
january_2025,694.2734242589546
uri_2021,4882.135714208501
january_2025,348.35862039260815
january_2025,0.5319179533687243
none,0.0
elliott_2022,1067.803048785329
none,0.0
none,0.0
none,0.0
january_2025,650.3641531754325
elliott_2022,2916.5889546910917
january_2025,619.9704821519758
none,0.0
uri_2021,2004.1023496481996
january_2025,1551.4616735407171
none,0.0
january_2025,823.6523224600468
january_2025,473.97577728364104
none,0.0
none,0.0
uri_2021,4295.270286405294
none,0.0
none,0.0
none,0.0
january_2025,436.3105984621588
none,0.0
january_2025,385.379242579181
january_2025,293.29587661337956
none,0.0
none,0.0
none,0.0
january_2025,646.8224158510812
elliott_2022,3122.295873036245
january_2025,1435.8054577783607
uri_2021,4540.922150834564
january_2025,145.4724243413598
none,0.0
none,0.0
elliott_2022,793.5558499968704
elliott_2022,78.5707807967543
january_2025,1170.4873005555016
january_2025,691.3214509933763
january_2025,1033.8743067824064
none,0.0
none,0.0
none,0.0
none,0.0
january_2025,1841.4481208232576
none,0.0
january_2025,720.3305604056638
none,0.0
none,0.0
none,0.0
uri_2021,1688.1272924368952
none,0.0
january_2025,559.0876217867967
none,0.0
january_2025,1192.6072994208337
january_2025,513.1273031635512
none,0.0
elliott_2022,1194.86985289587
none,0.0
january_2025,1668.1910846554276
january_2025,618.2538439632312
uri_2021,4566.477636619553
elliott_2022,1813.1989380375728
elliott_2022,1246.739340420522
none,0.0
january_2025,1344.6206776781464
elliott_2022,1396.587102509588
uri_2021,4888.054879437396
january_2025,758.1559576473503
none,0.0
none,0.0
none,0.0
january_2025,1177.0810332038254
none,0.0
none,0.0
january_2025,236.8103577993149
january_2025,1.4767100013718457
none,0.0
none,0.0
none,0.0
none,0.0
none,0.0
none,0.0
none,0.0
none,0.0
january_2025,448.7255812612387
january_2025,0.0
january_2025,1052.5667066246212
none,0.0
elliott_2022,1836.0950744467948
none,0.0
none,0.0
january_2025,11.181808786918856
none,0.0
none,0.0
january_2025,558.866714802574
none,0.0
none,0.0
none,0.0
none,0.0
none,0.0
none,0.0
none,0.0
none,0.0
none,0.0
none,0.0
january_2025,1387.9407232559058
none,0.0
january_2025,1123.4292196833449
none,0.0
none,0.0
uri_2021,1028.638737970293
uri_2021,2241.11593972398
none,0.0
elliott_2022,1566.1786515437554
none,0.0
elliott_2022,2004.0648969143808
january_2025,0.0
none,0.0
none,0.0
january_2025,898.0822869545995
none,0.0
none,0.0
elliott_2022,3493.1983463861093
january_2025,315.4845282774374
january_2025,670.5068602430016
january_2025,656.4352420118564
elliott_2022,1455.0286849154554
elliott_2022,1840.8833828512934
none,0.0
none,0.0
elliott_2022,2014.5822023671292
none,0.0
elliott_2022,1294.4516825091875
none,0.0
none,0.0
january_2025,561.071343915597
none,0.0
january_2025,380.19014584193206
january_2025,204.56432212034255
none,0.0
none,0.0
january_2025,403.1670753993853
none,0.0
none,0.0
uri_2021,303.22062999999997
none,0.0
january_2025,859.9898551994208
january_2025,74.90402767796247
uri_2021,1008.7226465484678
none,0.0
january_2025,319.1078513725843
uri_2021,2915.316028818174
none,0.0
none,0.0
none,0.0
none,0.0
none,0.0
none,0.0
none,0.0
elliott_2022,2140.712932236407
none,0.0
january_2025,437.3304438474873
january_2025,137.35582711306097
none,0.0
none,0.0
none,0.0
none,0.0
none,0.0
none,0.0
none,0.0
none,0.0
none,0.0
elliott_2022,1178.8616040662398
none,0.0
january_2025,246.40109561299442
january_2025,358.08093424111144
elliott_2022,1922.3444055746593
none,0.0
none,0.0
elliott_2022,1095.4688110326003
january_2025,0.0
january_2025,943.5768257321138
january_2025,424.292018970623
january_2025,135.17386122254615
january_2025,0.0
january_2025,952.7014819380308
uri_2021,2411.531948905334
elliott_2022,2507.2874218208494
none,0.0
elliott_2022,2659.5506453148164
none,0.0
none,0.0
january_2025,201.37136178566115
elliott_2022,1015.7288335357407
january_2025,0.0
january_2025,647.1969899465348
none,0.0
january_2025,757.5500663762737
none,0.0
uri_2021,2704.038571467397
uri_2021,3657.327420753848
uri_2021,2399.774964596167
none,0.0
none,0.0
none,0.0
none,0.0
january_2025,320.632715691243
none,0.0
none,0.0
january_2025,187.61261647937158
january_2025,273.1248903784612
january_2025,225.33955730958115
none,0.0
none,0.0
january_2025,7.841792329861023
january_2025,382.1897474049726
none,0.0
none,0.0
none,0.0
none,0.0
none,0.0
elliott_2022,2387.521726702707
uri_2021,3272.206308285065
uri_2021,3376.9311075217693
january_2025,313.86423997170806
elliott_2022,2063.303851583728
none,0.0
none,0.0
none,0.0
none,0.0
none,0.0
elliott_2022,1259.1612739298082
january_2025,1133.159403612138
none,0.0
none,0.0
none,0.0
none,0.0
none,0.0
none,0.0
none,0.0
january_2025,475.8390488757353
none,0.0
none,0.0
none,0.0
none,0.0
none,0.0
january_2025,1003.654735402522
january_2025,222.3084236024997
january_2025,801.1495567693717
january_2025,352.6286965681504
january_2025,746.2381915043982
elliott_2022,846.7961424765136
january_2025,214.95781427254994
none,0.0
january_2025,469.40773085508033
elliott_2022,1046.5177975652743
none,0.0
none,0.0
none,0.0
january_2025,688.6519080414641
none,0.0
none,0.0
none,0.0
none,0.0
none,0.0
none,0.0
january_2025,816.8845679548234
uri_2021,3960.3886476561415
none,0.0
none,0.0
none,0.0
january_2025,318.6473344375896
january_2025,1069.7324867947084
none,0.0
none,0.0
none,0.0
none,0.0
none,0.0
none,0.0
january_2025,782.3245568472466
none,0.0
january_2025,1135.5246772194896
january_2025,212.28770819772365
none,0.0
january_2025,1166.4234103911494
january_2025,213.52932544732354
none,0.0
uri_2021,5297.430917130617
none,0.0
january_2025,481.47127014122844
none,0.0
january_2025,456.661665906294
none,0.0
elliott_2022,2684.0385696057797
none,0.0
elliott_2022,2163.859799713218
none,0.0
uri_2021,1895.1968880471077
none,0.0
none,0.0
january_2025,816.6909928194203
elliott_2022,1981.5227997490085
none,0.0
none,0.0
none,0.0
none,0.0
none,0.0
january_2025,627.6972458038274
none,0.0
january_2025,0.6651265239150758
none,0.0
none,0.0
none,0.0
none,0.0
january_2025,228.12235392391113
january_2025,608.3820728796585
none,0.0
january_2025,17.866352645226076
january_2025,380.85640162964705
january_2025,995.0303540896941
none,0.0
none,0.0
january_2025,77.88824918759035
none,0.0
elliott_2022,1042.574148302789
elliott_2022,1902.7639979171504
none,0.0
none,0.0
none,0.0
none,0.0
elliott_2022,2475.316436560407
january_2025,88.07749128245044
none,0.0
none,0.0
elliott_2022,2683.8466827790744
january_2025,477.4473579239981
january_2025,417.6355079823733
january_2025,1193.4270371699122
none,0.0
january_2025,959.1056243606425
none,0.0
elliott_2022,1550.0184494123291
elliott_2022,1524.9640975401035
none,0.0
none,0.0
none,0.0
january_2025,1104.2299053782108
january_2025,491.5800883797012
uri_2021,1397.7986833805237
january_2025,693.5503075485238
january_2025,1079.8211532108314
none,0.0
none,0.0
january_2025,260.7373047691301
uri_2021,2089.3866887524523
uri_2021,4655.991417771684
none,0.0
uri_2021,3980.721612847798
none,0.0
january_2025,907.8691095948108
elliott_2022,2552.7214384246563
none,0.0
none,0.0
january_2025,8.075809384683268
uri_2021,1970.3028093200064
elliott_2022,1118.1851126057668
january_2025,53.607163274909986
january_2025,500.04689342977167
none,0.0
none,0.0
none,0.0
none,0.0
none,0.0
elliott_2022,77.60835749944012
january_2025,953.5157224084977
none,0.0
none,0.0
none,0.0
none,0.0
uri_2021,3359.54689905976
none,0.0
elliott_2022,1021.3131575600747
january_2025,181.3846263267417
elliott_2022,1295.6705953762944
none,0.0
none,0.0
january_2025,113.6265365254792
elliott_2022,1789.2792043651496
january_2025,1530.9012665638156
none,0.0
january_2025,0.0
uri_2021,2808.3915044328382
none,0.0
none,0.0
none,0.0
january_2025,113.72391321363493
elliott_2022,897.2746154792901
uri_2021,2752.284173399452
none,0.0
uri_2021,4206.122562807429
elliott_2022,2077.8903810697907
elliott_2022,1915.2747573531456
none,0.0
none,0.0
january_2025,522.9760892387976
none,0.0
january_2025,986.6146690869706
none,0.0
none,0.0
none,0.0
none,0.0
january_2025,325.6656018919432
january_2025,93.96075871022036
january_2025,342.27699902412604
none,0.0
none,0.0
january_2025,1473.2156723950397
none,0.0
none,0.0
january_2025,693.3184353865294
january_2025,863.0850058160205
none,0.0
january_2025,863.2563034609708
january_2025,1609.6602724241484
uri_2021,4227.207712546102
none,0.0
none,0.0
none,0.0
none,0.0
january_2025,1226.407888998232
uri_2021,2766.6266334064303
none,0.0
none,0.0
january_2025,31.373275664525455
january_2025,711.0733814604874
none,0.0
january_2025,830.3415679217735
elliott_2022,1558.3896678080887
january_2025,74.294986732894
none,0.0
january_2025,859.8127762590907
none,0.0
none,0.0
january_2025,928.3749628999578
none,0.0
january_2025,580.2867925385293
january_2025,1409.6223051262816
january_2025,963.4106212680111
none,0.0
none,0.0
january_2025,926.282475825452
elliott_2022,1577.5448042237397
none,0.0
elliott_2022,3200.13725306713
none,0.0
january_2025,929.567201088126
none,0.0
none,0.0
none,0.0
none,0.0
uri_2021,5087.766323874359
none,0.0
none,0.0
elliott_2022,1554.1854855255292
january_2025,692.6204851372288
none,0.0
none,0.0
january_2025,1311.8578976314989
january_2025,243.0289086606397
none,0.0
elliott_2022,470.8625154597936
january_2025,1353.528510935802
none,0.0
elliott_2022,682.1271836894651
none,0.0
january_2025,784.3750382845444
none,0.0
none,0.0
elliott_2022,3167.016973339685
january_2025,396.59290439038074
none,0.0
uri_2021,2108.533748645766
january_2025,358.8273602226238
january_2025,668.8176693735332
none,0.0
elliott_2022,2535.1393306176046
january_2025,143.33843437603565
january_2025,257.96518816477914
none,0.0
january_2025,1062.1136651941665
none,0.0
none,0.0
elliott_2022,509.1222648286078
elliott_2022,1982.235108463047
none,0.0
elliott_2022,731.3998123217468
elliott_2022,1060.3725745044896
elliott_2022,2775.710859351199
none,0.0
elliott_2022,2097.132184374795
none,0.0
none,0.0
january_2025,494.34667086141275
none,0.0
january_2025,1349.2864713481802
none,0.0
none,0.0
january_2025,1200.3413689358974
none,0.0
january_2025,6.12036911750462
none,0.0
uri_2021,4204.753610073554
january_2025,775.5997136739536
january_2025,1698.3552180086815
none,0.0
none,0.0
none,0.0
uri_2021,3717.6825729477528
elliott_2022,2077.975716982865
none,0.0
january_2025,241.08450168932234
uri_2021,3816.8469668762095
none,0.0
elliott_2022,295.1761234770481
none,0.0
none,0.0
none,0.0
none,0.0
none,0.0
elliott_2022,1410.002723900035
january_2025,825.3445892056521
none,0.0
none,0.0
none,0.0
none,0.0
none,0.0
none,0.0
january_2025,310.93910129985386
none,0.0
january_2025,607.3154343176851
none,0.0
none,0.0
elliott_2022,1070.9989389497164
none,0.0
uri_2021,1541.0362277517722
none,0.0
january_2025,495.57468895143717
january_2025,3.151696425896496
elliott_2022,1598.5826602399577
none,0.0
none,0.0
january_2025,202.16958498026273
none,0.0
none,0.0
none,0.0
january_2025,1394.0162672073168
january_2025,426.45129884416866
january_2025,430.8703432066953
none,0.0
january_2025,863.4678040846383
january_2025,514.1540779722188
none,0.0
january_2025,364.89434708427984
january_2025,1400.3702354889717
january_2025,126.80231858988118
none,0.0
elliott_2022,874.482185725108
none,0.0
none,0.0
elliott_2022,2373.1431869855196
none,0.0
none,0.0
none,0.0
none,0.0
none,0.0
none,0.0
elliott_2022,2314.60376368659
none,0.0
none,0.0
none,0.0
none,0.0
none,0.0
none,0.0
none,0.0
none,0.0
january_2025,8.826539049235757
january_2025,1262.3394008076962
none,0.0
none,0.0
january_2025,43.66563249190922
uri_2021,3307.5856461622725
none,0.0
none,0.0
none,0.0
january_2025,91.91053741638265
none,0.0
none,0.0
uri_2021,1650.2751224695587
none,0.0
january_2025,466.9347467434716
none,0.0
elliott_2022,3092.159321282844
none,0.0
january_2025,457.55972996618397
none,0.0
none,0.0
january_2025,961.5294083512823
none,0.0
january_2025,1212.1942715660914
none,0.0
uri_2021,3264.828763163148
elliott_2022,2059.448934956238
none,0.0
none,0.0
january_2025,925.8846660539668
january_2025,1408.3783969933866
none,0.0
none,0.0
january_2025,3.0361446489031376
uri_2021,2579.5694823138024
none,0.0
none,0.0
none,0.0
none,0.0
none,0.0
january_2025,349.5898203625823
uri_2021,4160.428581011367
january_2025,151.87907855440997
none,0.0
none,0.0
none,0.0
january_2025,316.5677866158308
none,0.0
none,0.0
none,0.0
none,0.0
none,0.0
none,0.0
none,0.0
none,0.0
none,0.0
none,0.0
none,0.0
none,0.0
january_2025,1307.3198282066412
elliott_2022,2674.192677347956
none,0.0
none,0.0
none,0.0
january_2025,580.2479521245596
none,0.0
none,0.0
january_2025,701.42714498471
january_2025,1895.7720600136176
none,0.0
none,0.0
elliott_2022,1523.8870500118037
elliott_2022,505.6203588648243
uri_2021,2753.6599416868817
none,0.0
none,0.0
none,0.0
none,0.0
uri_2021,3090.557486785057
none,0.0
none,0.0
uri_2021,4515.04501251191
january_2025,1120.136071527966
none,0.0
elliott_2022,2405.036197147641
none,0.0
none,0.0
none,0.0
none,0.0
none,0.0
none,0.0
none,0.0
none,0.0
none,0.0
january_2025,2154.045573487103
none,0.0
none,0.0
none,0.0
none,0.0
none,0.0
none,0.0
elliott_2022,975.7910445926108
none,0.0
none,0.0
none,0.0
uri_2021,4764.934978421731
elliott_2022,1440.0680155404345
elliott_2022,1185.9027318319122
uri_2021,2406.4452233109223
elliott_2022,3202.8163650553943
january_2025,0.0
uri_2021,4052.0975203764388
january_2025,671.1283759255609
none,0.0
none,0.0
none,0.0
none,0.0
january_2025,1576.6122570680361
january_2025,0.0
uri_2021,2547.3014601071
none,0.0
none,0.0
january_2025,512.4826189667779
none,0.0
none,0.0
none,0.0
none,0.0
none,0.0
january_2025,987.839615132953
none,0.0
none,0.0
elliott_2022,2820.46629727163
elliott_2022,2308.4884992136294
none,0.0
uri_2021,2800.5203671751033
none,0.0
none,0.0
none,0.0
january_2025,592.8685192367714
none,0.0
none,0.0
none,0.0
none,0.0
none,0.0
none,0.0
none,0.0
none,0.0
none,0.0
january_2025,0.0
january_2025,0.34677426856765975
january_2025,1203.3103228451264
elliott_2022,1962.7302745515526
elliott_2022,3074.387848874855
none,0.0
none,0.0
january_2025,705.8466985946746
january_2025,900.5904399713343
none,0.0
uri_2021,4008.595933397177
january_2025,8.689443365078965
none,0.0
none,0.0
january_2025,436.3552391087605
january_2025,47.89253251877125
none,0.0
elliott_2022,559.9634832536354
elliott_2022,2075.849253671295
uri_2021,3333.2363324877233
none,0.0
none,0.0
none,0.0
january_2025,658.3372462730271
none,0.0
none,0.0
none,0.0
none,0.0
none,0.0
none,0.0
none,0.0
january_2025,265.3107277848941
none,0.0
uri_2021,3558.299312539662
elliott_2022,473.46189081588517
none,0.0
january_2025,1135.3590667969997
january_2025,63.446962513563776
january_2025,950.2637415922289
none,0.0
january_2025,278.21688881210963
none,0.0
elliott_2022,430.9612342032469
none,0.0
january_2025,1016.45218847539
january_2025,1435.3067941874285
none,0.0
january_2025,562.170474975883
none,0.0
elliott_2022,2126.9935124237154
none,0.0
none,0.0
january_2025,530.0944856054398
january_2025,59.09751778637036
none,0.0
none,0.0
none,0.0
none,0.0
none,0.0
uri_2021,428.4692869480052
none,0.0
uri_2021,4865.325146172355
january_2025,189.93906054488326
none,0.0
none,0.0
january_2025,286.22477803164173
none,0.0
none,0.0
uri_2021,4191.384408500368
none,0.0
elliott_2022,2.877463333333333
none,0.0
none,0.0
january_2025,265.0942559170054
none,0.0
none,0.0
elliott_2022,662.4520249018381
uri_2021,2626.1744027569766
none,0.0
january_2025,1223.4162620556237
january_2025,719.9659773893732
january_2025,1173.3916791056422
january_2025,59.1853714696979
january_2025,150.84058503047714
none,0.0
none,0.0
january_2025,11.41786163127152
none,0.0
january_2025,512.9583786032663
none,0.0
january_2025,397.04145832789095
elliott_2022,1486.069080895968
elliott_2022,1528.8505107696415
none,0.0
none,0.0
none,0.0
none,0.0
none,0.0
none,0.0
elliott_2022,641.5642495951923
january_2025,926.6473431469251
none,0.0
none,0.0
none,0.0
none,0.0
january_2025,836.6034915057423
elliott_2022,1476.244522632992
january_2025,195.6773855193446
none,0.0
none,0.0
none,0.0
uri_2021,5449.687835248301
elliott_2022,2449.369943464551
january_2025,228.96834757414385
january_2025,1121.0939849043768
elliott_2022,2047.4999334748054
elliott_2022,1585.0336528095875
none,0.0
elliott_2022,1249.636388333553
uri_2021,3627.701611884458
january_2025,134.7261624664712
none,0.0
none,0.0
none,0.0
none,0.0
january_2025,1.6535731451934348
uri_2021,3850.8224030284123
none,0.0
january_2025,724.6240640827252
elliott_2022,2112.750415305541
elliott_2022,2235.4504338904544
none,0.0
none,0.0
january_2025,354.2969033975741
none,0.0
january_2025,1385.776585013508
none,0.0
january_2025,456.82638052112804
none,0.0
none,0.0
elliott_2022,1960.1137433419317
january_2025,1603.6108615134153
none,0.0
none,0.0
none,0.0
none,0.0
january_2025,17.850507571078488
none,0.0
none,0.0
uri_2021,2619.6363846568856
none,0.0
none,0.0
none,0.0
none,0.0
january_2025,331.23450665028105
january_2025,720.235350672966
none,0.0
none,0.0
none,0.0
january_2025,123.63540355117428
none,0.0
january_2025,600.396535772196
uri_2021,2945.8281688469247
none,0.0
none,0.0
january_2025,603.7419376226303
none,0.0
january_2025,13.875778080611783
none,0.0
none,0.0
january_2025,1569.456424217866
none,0.0
none,0.0
january_2025,648.2384522597308
january_2025,234.29577216198598
january_2025,238.33526642099443
january_2025,232.5364338882261
none,0.0
january_2025,19.418281634967688
uri_2021,645.8544294310672
uri_2021,2473.4236030297857
none,0.0
january_2025,1326.693465326878
january_2025,151.53423857943312
none,0.0
january_2025,184.68184656470692
none,0.0
none,0.0
uri_2021,3112.914097983486
elliott_2022,2528.3275498896896
elliott_2022,250.21747260026825
elliott_2022,1572.1545654693991
january_2025,596.6186045362327
none,0.0
january_2025,1729.7229765338814
elliott_2022,1468.1671236583168
uri_2021,2321.3250064380973
none,0.0
none,0.0
january_2025,609.9789237833389
january_2025,921.6230014056943
none,0.0
none,0.0
elliott_2022,1318.0703650172982
uri_2021,3097.415470799823
january_2025,695.7432108235022
none,0.0
january_2025,507.1270033323228
none,0.0
none,0.0
uri_2021,1307.4564146919345
none,0.0
elliott_2022,2203.7394907162998
january_2025,736.5147636552557
january_2025,569.9004011356989
none,0.0
january_2025,14.302119318300363
none,0.0
uri_2021,2273.8798869021316
january_2025,859.7686316736225
none,0.0
none,0.0
january_2025,707.1560102398848
none,0.0
none,0.0
january_2025,35.88514043340352
none,0.0
none,0.0
none,0.0
none,0.0
none,0.0
none,0.0
uri_2021,3695.427656666065
none,0.0
january_2025,1532.8490371411183
none,0.0
none,0.0
none,0.0
elliott_2022,1050.3484557154882
january_2025,1542.4424986758368
none,0.0
elliott_2022,394.65827510265336
january_2025,1125.3908237878998
elliott_2022,2244.5723861452257
none,0.0
none,0.0
january_2025,188.41259991157048
none,0.0
none,0.0
none,0.0
january_2025,687.6629654771582
none,0.0
none,0.0
january_2025,494.09956033469575
none,0.0
elliott_2022,1860.4040005801958
uri_2021,3209.5330162642717
none,0.0
elliott_2022,3011.615318117472
elliott_2022,810.3657443752725
none,0.0
none,0.0
none,0.0
uri_2021,2175.260423536446
january_2025,564.59904147532
none,0.0
none,0.0
january_2025,249.4646468243869
uri_2021,2878.5995239507333
january_2025,322.2687896200246
none,0.0
none,0.0
january_2025,587.1526410798223
elliott_2022,1772.1818869512974
none,0.0
none,0.0
january_2025,921.5061711606224
elliott_2022,1682.7595205173282
none,0.0
elliott_2022,2580.919742581697
none,0.0
none,0.0
january_2025,742.1873315263214
none,0.0
none,0.0
elliott_2022,1238.5088639420019
january_2025,1543.4373417819172
none,0.0
none,0.0
january_2025,322.8383443817657
january_2025,673.7873029865581
none,0.0
january_2025,193.10653745395635
none,0.0
january_2025,449.0635316685129
none,0.0
january_2025,433.93675632853393
none,0.0
none,0.0
none,0.0
none,0.0
elliott_2022,2302.65089853768
uri_2021,2282.9725303055675
january_2025,454.80543290055573
none,0.0
january_2025,2008.2692915177388
none,0.0
elliott_2022,2641.5123565448735
none,0.0
none,0.0
none,0.0
none,0.0
uri_2021,2827.499834900463
none,0.0
none,0.0
january_2025,1045.941308384277
january_2025,2.570655936553101
none,0.0
january_2025,0.21923632049574196
none,0.0
elliott_2022,1843.741885277248
none,0.0
none,0.0
january_2025,735.1539930389101
uri_2021,3014.3396760046858
none,0.0
elliott_2022,22.216927317637456
january_2025,1667.7976367635295
january_2025,400.1279244544129
uri_2021,3340.2487163179944
january_2025,0.43651535205296327
none,0.0
january_2025,751.0449888316144
january_2025,851.5143345681217
january_2025,39.05333278625885
elliott_2022,275.2321419657717
none,0.0
january_2025,923.155122309586
none,0.0
none,0.0
none,0.0
none,0.0
none,0.0
january_2025,74.78102546821741
january_2025,1274.43413184624
none,0.0
january_2025,185.167916483643
none,0.0
january_2025,711.6646153289003
none,0.0
uri_2021,3716.5851382932688
none,0.0
january_2025,57.0228541207159
none,0.0
none,0.0
none,0.0
elliott_2022,1503.0007164865035
elliott_2022,826.7842773799694
elliott_2022,2649.5642128054724
none,0.0
january_2025,987.5779689572239
none,0.0
none,0.0
none,0.0
january_2025,752.2211105822504
elliott_2022,673.6289538800253
january_2025,120.46220668255398
january_2025,495.790049898465
elliott_2022,2204.230779184167
none,0.0
none,0.0
none,0.0
january_2025,954.8156684084737
none,0.0
none,0.0
elliott_2022,1880.699849954646
none,0.0
none,0.0
january_2025,144.5662463278063
none,0.0
none,0.0
january_2025,125.07949214679405
uri_2021,3406.467808308153
none,0.0
none,0.0
none,0.0
january_2025,756.1620837230641
uri_2021,2687.8425332124457
none,0.0
none,0.0
none,0.0
none,0.0
none,0.0
none,0.0
none,0.0
january_2025,581.1377939908701
none,0.0
january_2025,546.7249196097938
none,0.0
none,0.0
none,0.0
none,0.0
none,0.0
january_2025,693.8422788082263
none,0.0
elliott_2022,1775.9398499853555
none,0.0
january_2025,690.2883842124069
none,0.0
january_2025,13.111358084537018
none,0.0
none,0.0
none,0.0
elliott_2022,828.6785685521129
none,0.0
january_2025,1491.024168637131
none,0.0
none,0.0
none,0.0
none,0.0
none,0.0
elliott_2022,388.9570632221115
elliott_2022,1218.4948370085422
january_2025,15.722994255702256
none,0.0
none,0.0
uri_2021,2109.0437925430288
none,0.0
uri_2021,5505.966865507799
elliott_2022,1195.687957204441
none,0.0
uri_2021,3030.9250185638207
january_2025,1802.975468674899
none,0.0
none,0.0
january_2025,37.35540870048128
january_2025,497.58113914846496
january_2025,1119.0760251687868
none,0.0
elliott_2022,2689.656059644443
none,0.0
none,0.0
elliott_2022,1332.1628472896675
uri_2021,2780.9893465064965
january_2025,452.4820057793874
none,0.0
none,0.0
none,0.0
january_2025,1161.1628717777794
january_2025,1623.9493596763043
uri_2021,3337.264110970194
january_2025,894.443657663421
none,0.0
none,0.0
uri_2021,2432.170506975767
january_2025,195.77363333361322
none,0.0
january_2025,991.7536258918047
none,0.0
uri_2021,1627.5087351781
none,0.0
none,0.0
none,0.0
january_2025,310.8816279496505
uri_2021,5679.258718815187
none,0.0
none,0.0
none,0.0
january_2025,44.799783551240225
january_2025,209.87152313200457
uri_2021,2195.1770064741177
none,0.0
none,0.0
none,0.0
none,0.0
none,0.0
none,0.0
january_2025,303.84197921277337
none,0.0
january_2025,908.9822662045393
uri_2021,2871.7427307968783
none,0.0
january_2025,97.96533750973428
none,0.0
elliott_2022,573.9581009943499
none,0.0
none,0.0
january_2025,336.43756692087567
january_2025,983.9571213095661
none,0.0
none,0.0
elliott_2022,2254.72813839347
elliott_2022,2413.047886915709
january_2025,368.6036582527035
january_2025,657.2538886076959
elliott_2022,2436.796611809725
none,0.0
elliott_2022,1269.7623159880688
none,0.0
elliott_2022,1888.910133763023
january_2025,1017.6794021250307
elliott_2022,1273.2791667484878
none,0.0
january_2025,406.92488219123226
none,0.0
none,0.0
none,0.0
none,0.0
none,0.0
january_2025,975.7296917575371
none,0.0
january_2025,1016.4753341630088
none,0.0
january_2025,455.00791914779006
none,0.0
elliott_2022,2060.7190957855073
none,0.0
none,0.0
january_2025,412.9393217518586
none,0.0
elliott_2022,2075.6597979883963
january_2025,520.1188555162505
none,0.0
none,0.0
none,0.0
elliott_2022,2245.2478266669514
january_2025,284.38755018261503
january_2025,156.00192352972877
january_2025,272.5912421065983
january_2025,1071.350207974013
none,0.0
none,0.0
none,0.0
january_2025,123.93436645653148
none,0.0
january_2025,234.27646568835743
january_2025,27.073759939894522
uri_2021,4445.422151405094
none,0.0
none,0.0
elliott_2022,1764.6654159028867
none,0.0
none,0.0
none,0.0
none,0.0
january_2025,362.54826788833725
elliott_2022,478.845014855906
none,0.0
elliott_2022,2367.7991935274104
none,0.0
uri_2021,3612.710001084203
elliott_2022,1816.0333273125248
elliott_2022,2961.934640414334
january_2025,553.6035358138613
elliott_2022,3.2901525
none,0.0
elliott_2022,1174.500423660053
uri_2021,1837.3230305656764
none,0.0
january_2025,971.307939775459
none,0.0
january_2025,507.2918619923736
none,0.0
uri_2021,3220.512095353525
none,0.0
january_2025,812.0106488289965
none,0.0
january_2025,321.2769664126431
january_2025,332.2894988607166
none,0.0
elliott_2022,1708.5588660456979
none,0.0
none,0.0
january_2025,500.95337402824504
none,0.0
january_2025,672.2807185661671
none,0.0
january_2025,122.70025001165864
uri_2021,668.0939180650919
none,0.0
none,0.0
none,0.0
none,0.0
january_2025,1646.3023225291458
january_2025,259.0451101176497
none,0.0
january_2025,2.8005142135476455
elliott_2022,508.094435009319
january_2025,950.4539851574602
elliott_2022,249.52344386088598
none,0.0
none,0.0
january_2025,602.2682896267545
none,0.0
january_2025,219.47386707263377
uri_2021,2459.524894837462
none,0.0
none,0.0
january_2025,78.29687491641336
none,0.0
january_2025,61.50092358740902
none,0.0
none,0.0
none,0.0
none,0.0
none,0.0
none,0.0
none,0.0
none,0.0
january_2025,247.05811611288763
january_2025,1417.2193902577749
elliott_2022,2280.9667408251166
none,0.0
none,0.0
uri_2021,2427.0533304959704
january_2025,294.7484128859354
none,0.0
none,0.0
none,0.0
january_2025,861.05729196802
none,0.0
none,0.0
elliott_2022,1030.651002428784
none,0.0
january_2025,1061.364747619207
january_2025,78.00705100912042
january_2025,674.2609714811958
none,0.0
none,0.0
elliott_2022,964.4237409000356
none,0.0
none,0.0
none,0.0
january_2025,7.9029596666811095
none,0.0
january_2025,693.5479417114376
january_2025,726.369739012865
none,0.0
none,0.0
none,0.0
january_2025,146.59991942687466
none,0.0
elliott_2022,1464.992009621995
january_2025,58.245188514595036
elliott_2022,1633.8468527414389
none,0.0
none,0.0
january_2025,1106.134396075151
uri_2021,1537.6999616308963
none,0.0
none,0.0
none,0.0
none,0.0
none,0.0
none,0.0
january_2025,303.0601778368727
elliott_2022,1864.192979485771
january_2025,45.538679337001845
none,0.0
january_2025,620.7176061638963
uri_2021,2633.7748063873228
january_2025,584.8269064714219
none,0.0
january_2025,960.410886322981
elliott_2022,844.5091229074529
none,0.0
none,0.0
none,0.0
elliott_2022,2748.618040036945
january_2025,260.4327557156476
none,0.0
none,0.0
uri_2021,4422.719137451304
january_2025,1332.0032296212985
january_2025,758.6118879766075
none,0.0
none,0.0
none,0.0
none,0.0
none,0.0
january_2025,237.70523765029796
none,0.0
none,0.0
none,0.0
none,0.0
elliott_2022,694.6823794783289
none,0.0
none,0.0
none,0.0
none,0.0
january_2025,320.22907347691364
january_2025,843.4930497672111
none,0.0
none,0.0
none,0.0
none,0.0
january_2025,5.670755458390133
none,0.0
january_2025,959.6884942723281
none,0.0
january_2025,1048.6691195073543
elliott_2022,1074.7219372281847
january_2025,1153.819895381974
none,0.0
none,0.0
none,0.0
none,0.0
january_2025,104.3737001407154
none,0.0
none,0.0
none,0.0
none,0.0
none,0.0
january_2025,42.967897159865565
none,0.0
elliott_2022,2226.888583827393
january_2025,938.7645289734804
none,0.0
none,0.0
elliott_2022,2030.7615131792352
elliott_2022,2841.642905099497
january_2025,0.0
elliott_2022,1356.7278821449725
january_2025,1462.9706989595604
none,0.0
none,0.0
none,0.0
january_2025,900.3526352425117
january_2025,0.0
uri_2021,1118.4965119393219
elliott_2022,669.7533736549847
none,0.0
none,0.0
january_2025,1082.396846808259
january_2025,519.818818623621
none,0.0
none,0.0
elliott_2022,1632.7960783693131
none,0.0
elliott_2022,1370.4363093357024
january_2025,186.77508024646644
none,0.0
none,0.0
none,0.0
none,0.0
none,0.0
january_2025,331.4311986776447
none,0.0
none,0.0
none,0.0
none,0.0
january_2025,400.37071346250514
none,0.0
none,0.0
january_2025,262.7033410859955
none,0.0
uri_2021,4496.508607400663
january_2025,666.942017531676
none,0.0
none,0.0
none,0.0
none,0.0
january_2025,667.0794707031586
none,0.0
none,0.0
none,0.0
none,0.0
january_2025,1802.0112650571862
january_2025,525.2372332344817
none,0.0
elliott_2022,2172.2877066247247
january_2025,571.2811881722076
january_2025,1327.9076175190262
none,0.0
none,0.0
none,0.0
none,0.0
elliott_2022,1383.2053736181485
january_2025,550.1780267247449
none,0.0
elliott_2022,2296.8782979236908
none,0.0
uri_2021,2834.091949328191
january_2025,439.4707929073576
january_2025,747.3276362792539
none,0.0
none,0.0
none,0.0
none,0.0
elliott_2022,1178.174219488129
elliott_2022,2711.572544546845
none,0.0
elliott_2022,908.9084359044657
none,0.0
january_2025,1652.0044322074377
january_2025,253.99763464237765
january_2025,552.0701837371823
none,0.0
none,0.0
none,0.0
none,0.0
none,0.0
january_2025,12.869698584136401
january_2025,257.13408256171056
none,0.0
january_2025,234.2218484242048
january_2025,284.7464069209875
none,0.0
uri_2021,2989.0541178682297
none,0.0
january_2025,252.82516584965367
none,0.0
january_2025,394.86752835083195
january_2025,215.34604352720086
uri_2021,4340.844531154195
uri_2021,6041.977644607802
none,0.0
january_2025,1000.7031847320636
none,0.0
january_2025,220.92285457650158
none,0.0
uri_2021,4449.7026880395915
elliott_2022,1971.2641841351492
january_2025,213.61084251930228
none,0.0
january_2025,1045.6770070418922
none,0.0
january_2025,1009.8135154304647
elliott_2022,939.8915444102577
january_2025,561.1547349973715
none,0.0
none,0.0
none,0.0
none,0.0
none,0.0
none,0.0
uri_2021,2920.7745873080344
none,0.0
uri_2021,3285.792545364052
january_2025,216.50228598149633
january_2025,407.91681561280416
none,0.0
none,0.0
none,0.0
none,0.0
none,0.0
january_2025,140.2880314482945
elliott_2022,1118.8948212300204
none,0.0
elliott_2022,1365.3596676714005
elliott_2022,2143.0768215356356
elliott_2022,2667.4316295108515
none,0.0
none,0.0
none,0.0
none,0.0
january_2025,24.242860302122754
none,0.0
none,0.0
elliott_2022,1060.7985329484627
none,0.0
january_2025,0.0
none,0.0
none,0.0
elliott_2022,2636.0939737725075
january_2025,517.6618719242097
january_2025,150.2900364775548
none,0.0
january_2025,375.0202523310185
january_2025,294.0520882719214
january_2025,525.3770254133667
none,0.0
none,0.0
january_2025,576.7691746515795
none,0.0
january_2025,499.1174792415903
none,0.0
none,0.0
none,0.0
none,0.0
january_2025,695.5773872530561
none,0.0
none,0.0
january_2025,490.0971557986875
elliott_2022,452.11137032119626
none,0.0
january_2025,1105.6637558814423
january_2025,11.612303302854562
january_2025,1206.2915402419562
none,0.0
uri_2021,4100.988728365926
january_2025,850.084858115064
none,0.0
none,0.0
none,0.0
elliott_2022,1638.7127485858773
none,0.0
january_2025,941.3708321799412
january_2025,200.43027588350606
uri_2021,2931.5929658725527
january_2025,281.72321272953144
none,0.0
none,0.0
none,0.0
january_2025,612.1916255338341
elliott_2022,3726.5695410434064
none,0.0
january_2025,404.8519434300979
january_2025,156.45677248475394
none,0.0
elliott_2022,889.4237551276232
none,0.0
none,0.0
none,0.0
none,0.0
elliott_2022,2223.7124054715364
none,0.0
uri_2021,3720.769352729529
none,0.0
none,0.0
january_2025,108.88383473069716
january_2025,1013.54310311281
elliott_2022,2236.911886348145
january_2025,509.29518174455046
none,0.0
january_2025,1190.5603660636118
elliott_2022,1746.3330224071742
january_2025,915.118954948886
january_2025,1286.3626212222014
none,0.0
january_2025,689.9595316216701
uri_2021,4315.300367201071
none,0.0
none,0.0
uri_2021,6591.421314166667
january_2025,142.29784832740052
january_2025,189.8499593030014
january_2025,545.5473068617682
uri_2021,3905.412489409906
none,0.0
january_2025,35.045653483177055
elliott_2022,2169.7566094939475
uri_2021,2553.2172248851066
january_2025,1581.5800249633392
none,0.0
january_2025,87.49058780163976
none,0.0
none,0.0
january_2025,26.401757779128143
none,0.0
none,0.0
elliott_2022,965.2379599369397
january_2025,754.8373664726886
none,0.0
january_2025,772.5074347910308
elliott_2022,1466.9729648018715
january_2025,621.2835975326874
none,0.0
january_2025,988.9669273931238
none,0.0
none,0.0
january_2025,774.1073879737925
elliott_2022,2666.8901401177236
elliott_2022,1300.0265657624
january_2025,583.7039485140986
january_2025,552.8979049906735
none,0.0
none,0.0
elliott_2022,402.3248191807526
none,0.0
none,0.0
none,0.0
none,0.0
none,0.0
january_2025,38.430138768139635
none,0.0
elliott_2022,1102.6055682946055
uri_2021,3273.029862960123
january_2025,60.43384744455948
none,0.0
elliott_2022,736.7244297582351
none,0.0
january_2025,377.02734638258187
none,0.0
none,0.0
none,0.0
uri_2021,3563.5007679902883
none,0.0
none,0.0
january_2025,3.2627965478121848
uri_2021,3537.323677279985
none,0.0
uri_2021,3458.4664594894207
january_2025,494.27339226247847
january_2025,118.93248923879244
january_2025,670.3060430419417
none,0.0
january_2025,1046.0678841831875
none,0.0
none,0.0
january_2025,673.4987644169607
uri_2021,3771.0922219929666
none,0.0
none,0.0
january_2025,118.14422064595608
none,0.0
elliott_2022,1986.7335329935813
none,0.0
none,0.0
none,0.0
january_2025,1117.8158551902713
none,0.0
none,0.0
none,0.0
none,0.0
elliott_2022,824.0220356896632
elliott_2022,1413.9417473399694
elliott_2022,2272.3243787955494
january_2025,662.7820798022789
elliott_2022,616.3666475664705
january_2025,341.14044373328056
january_2025,1257.8961381049003
none,0.0
january_2025,360.2025516257795
none,0.0
none,0.0
uri_2021,1976.538899323299
uri_2021,2165.113676480502
january_2025,217.3099232170132
none,0.0
none,0.0
none,0.0
none,0.0
none,0.0
january_2025,357.0822030903454
none,0.0
january_2025,3.3147019017655293
uri_2021,3177.0235494526705
none,0.0
none,0.0
elliott_2022,3053.476919900067
none,0.0
january_2025,709.3578995966185
january_2025,195.45860840431357
january_2025,0.0
none,0.0
none,0.0
none,0.0
none,0.0
january_2025,652.2463696855889
none,0.0
january_2025,396.42097908002614
january_2025,291.4338426271662
none,0.0
january_2025,14.785878555480394
elliott_2022,1774.2532262611605
none,0.0
january_2025,383.1632018395891
uri_2021,1967.3197403608187
elliott_2022,1161.1818686820739
none,0.0
none,0.0
none,0.0
january_2025,964.3535265910858
none,0.0
january_2025,579.8593962626636
january_2025,1443.401040548007
none,0.0
january_2025,204.63555795944706
none,0.0
elliott_2022,9.712807343963998
elliott_2022,1711.4957763656541
january_2025,1193.983759417371
uri_2021,3693.496649019922
january_2025,647.0313392620828
none,0.0
elliott_2022,209.42181164008105
none,0.0
none,0.0
january_2025,1062.8195959864224
january_2025,995.1504552280642
january_2025,661.0818966596735
none,0.0
january_2025,560.626175744881
none,0.0
none,0.0
none,0.0
january_2025,14.645371464135115
none,0.0
none,0.0
none,0.0
january_2025,1025.6700145582731
none,0.0
january_2025,654.5666450229971
january_2025,1376.913440524189
january_2025,70.08107810723416
none,0.0
january_2025,1346.3948928572675
none,0.0
none,0.0
january_2025,473.18155896838056
none,0.0
elliott_2022,1665.383601116307
january_2025,2113.73861095994
none,0.0
none,0.0
none,0.0
january_2025,523.6358711804901
elliott_2022,919.7628305638867
elliott_2022,550.7695136073102
none,0.0
none,0.0
none,0.0
elliott_2022,559.9299157572166
none,0.0
uri_2021,3595.7894733587636
none,0.0
january_2025,408.4407477626512
uri_2021,3344.763389562924
elliott_2022,1322.0087598761672
january_2025,957.7717728498457
none,0.0
none,0.0
none,0.0
none,0.0
uri_2021,1225.9653690967532
january_2025,34.39240125959428
elliott_2022,795.3288997091176
none,0.0
january_2025,1210.7938168362593
none,0.0
none,0.0
none,0.0
none,0.0
elliott_2022,838.8676741629646
none,0.0
none,0.0
none,0.0
january_2025,384.16920726237623
elliott_2022,1030.3074978876357
none,0.0
elliott_2022,1074.6353541053454
elliott_2022,2438.235788862992
uri_2021,3966.0673014672643
none,0.0
none,0.0
january_2025,0.0
uri_2021,3573.396288481661
none,0.0
elliott_2022,2215.8391593034303
elliott_2022,2123.3396943643866
none,0.0
uri_2021,1590.0730881920747
january_2025,735.5680580465814
uri_2021,3185.770461554673
none,0.0
uri_2021,3187.6471688370466
none,0.0
none,0.0
elliott_2022,574.195363879589
january_2025,1398.8742335271959
elliott_2022,2128.1553781019616
none,0.0
elliott_2022,713.9130914551246
january_2025,808.5301434570808
none,0.0
none,0.0
none,0.0
january_2025,1341.2378917176088
elliott_2022,3450.8907644571827
january_2025,1013.4738139115824
none,0.0
elliott_2022,3393.757781031855
none,0.0
none,0.0
january_2025,594.2060415057425
none,0.0
none,0.0
elliott_2022,2797.226943082848
january_2025,517.3994926652748
elliott_2022,2892.9773260233483
none,0.0
elliott_2022,89.08780736652606
january_2025,497.3218184846312
elliott_2022,1143.4795232230997
january_2025,504.18202693780916
uri_2021,1517.2187163851881
none,0.0
january_2025,1266.9109382999286
none,0.0
none,0.0
none,0.0
none,0.0
january_2025,265.77524126337335
none,0.0
none,0.0
none,0.0
none,0.0
none,0.0
none,0.0
january_2025,1003.5225763109808
uri_2021,2512.7224575940777
none,0.0
none,0.0
elliott_2022,672.9761255238883
january_2025,315.3650032313388
none,0.0
none,0.0
none,0.0
january_2025,146.79235064842734
uri_2021,3597.017863576673
none,0.0
january_2025,924.0144337792728
uri_2021,2577.559237648378
january_2025,553.8076648587698
january_2025,487.74265222125086
none,0.0
none,0.0
none,0.0
january_2025,47.06543990425914
none,0.0
elliott_2022,1774.8685662292708
none,0.0
january_2025,521.7548163792048
january_2025,572.7179011325301
january_2025,183.79562537575796
january_2025,1599.1114732800313
none,0.0
none,0.0
none,0.0
january_2025,35.81313803331346
january_2025,181.43770328713336
january_2025,0.0
none,0.0
january_2025,430.46700011058624
none,0.0
none,0.0
none,0.0
january_2025,598.9311109118288
uri_2021,4854.288547523361
none,0.0
uri_2021,4386.232086487375
none,0.0
none,0.0
none,0.0
january_2025,633.072195574294
none,0.0
january_2025,1307.091069142066
none,0.0
uri_2021,3427.4385075300297
elliott_2022,1652.5183061519324
none,0.0
uri_2021,3390.747091868993
january_2025,767.3670079615847
january_2025,1750.0545610805457
none,0.0
january_2025,868.7993961832995
none,0.0
none,0.0
none,0.0
january_2025,1870.3346576452373
none,0.0
none,0.0
january_2025,983.5132111271982
elliott_2022,1326.6010737042955
none,0.0
january_2025,229.78187293903989
none,0.0
none,0.0
none,0.0
january_2025,326.46977636876863
none,0.0
none,0.0
none,0.0
uri_2021,2022.3934808273445
none,0.0
none,0.0
none,0.0
none,0.0
january_2025,570.6680023020417
january_2025,129.19609041861003
none,0.0
none,0.0
january_2025,903.3055498771803
elliott_2022,1110.4445083181513
none,0.0
none,0.0
none,0.0
january_2025,3.0333708199310774
none,0.0
none,0.0
none,0.0
none,0.0
none,0.0
none,0.0
elliott_2022,384.589658525054
uri_2021,3911.130093259586
none,0.0
uri_2021,830.5208564935261
january_2025,118.94960066603922
january_2025,662.8526340313211
none,0.0
none,0.0
elliott_2022,1510.862930985135
none,0.0
january_2025,457.39061589126067
none,0.0
uri_2021,2363.9628311484475
none,0.0
elliott_2022,943.8347663210878
january_2025,114.18975297826128
none,0.0
none,0.0
uri_2021,728.3310964871376
none,0.0
none,0.0
january_2025,504.36572002004357
uri_2021,2803.655661175043
none,0.0
elliott_2022,479.8961896372329
uri_2021,2313.89264052707
none,0.0
january_2025,18.56917656370428
none,0.0
none,0.0
january_2025,350.8952452046804
none,0.0
none,0.0
january_2025,65.51285347135973
uri_2021,1377.6167476008807
elliott_2022,1915.3732845261575
none,0.0
none,0.0
none,0.0
none,0.0
none,0.0
elliott_2022,1275.4601155118305
uri_2021,3842.5767052744895
january_2025,401.3358203939253
elliott_2022,2059.9454971618434
none,0.0
none,0.0
elliott_2022,2770.1746823559097
elliott_2022,647.2192258632457
uri_2021,1202.5761165643107
january_2025,769.7555780969572
none,0.0
none,0.0
january_2025,90.26512369413355
none,0.0
none,0.0
january_2025,8.012939219426245
none,0.0
january_2025,466.4277514798679
none,0.0
uri_2021,4070.229009841118
uri_2021,2837.5596720121403
elliott_2022,2061.5928622736797
january_2025,23.823645356369845
elliott_2022,908.0407787560891
none,0.0
january_2025,321.16954820643565
elliott_2022,1017.8216186860933
elliott_2022,2659.419850375045
none,0.0
january_2025,1151.9236859285033
none,0.0
january_2025,4.597004900561017
january_2025,454.1129995984337
none,0.0
none,0.0
january_2025,659.6267149062203
none,0.0
elliott_2022,1218.4629055932437
none,0.0
uri_2021,3810.75684411936
none,0.0
january_2025,0.5121612345440363
none,0.0
none,0.0
none,0.0
none,0.0
elliott_2022,2514.691990386734
january_2025,367.2017350929783
january_2025,0.0
january_2025,1.2763853725919148
january_2025,223.84657779541158
none,0.0
elliott_2022,1185.9130438551495
january_2025,1018.6648670114689
january_2025,200.34160122199978
january_2025,1596.2779747807147
none,0.0
none,0.0
none,0.0
none,0.0
elliott_2022,372.70706392656297
elliott_2022,3069.5947252547185
none,0.0
january_2025,151.11820321513176
none,0.0
none,0.0
none,0.0
none,0.0
none,0.0
none,0.0
elliott_2022,160.95516194455425
none,0.0
none,0.0
january_2025,343.09108551355365
january_2025,839.0939125252451
none,0.0
none,0.0
january_2025,108.7393005011431
january_2025,941.1421191153119
none,0.0
january_2025,99.1415055780554
none,0.0
none,0.0
uri_2021,3032.249248275887
elliott_2022,2034.4231293389948
none,0.0
none,0.0
none,0.0
none,0.0
none,0.0
none,0.0
elliott_2022,2102.4600351871454
january_2025,505.10548873590164
none,0.0
none,0.0
uri_2021,3098.148855930191
none,0.0
uri_2021,2730.1428736288426
january_2025,160.9550161995011
none,0.0
none,0.0
uri_2021,4356.551609800268
none,0.0
none,0.0
none,0.0
none,0.0
none,0.0
none,0.0
elliott_2022,933.5186098035688
none,0.0
none,0.0
elliott_2022,1500.1923351056073
none,0.0
none,0.0
elliott_2022,2009.4477613351867
uri_2021,1271.424409385372
none,0.0
none,0.0
january_2025,829.4997600935285
none,0.0
january_2025,441.4317769032873
none,0.0
none,0.0
elliott_2022,1564.6414919259075
none,0.0
january_2025,511.9172914747022
none,0.0
elliott_2022,1892.9200071983937
january_2025,715.1760145235033
none,0.0
elliott_2022,2092.197112724814
none,0.0
none,0.0
january_2025,169.35154844084062
none,0.0
none,0.0
january_2025,599.2809082922743
none,0.0
none,0.0
none,0.0
none,0.0
none,0.0
january_2025,328.22723706057604
none,0.0
none,0.0
elliott_2022,574.702649923101
none,0.0
none,0.0
elliott_2022,2203.893766861167
elliott_2022,2355.734834691166
none,0.0
none,0.0
none,0.0
elliott_2022,1671.1137265773223
none,0.0
none,0.0
january_2025,171.6121349128535
none,0.0
none,0.0
none,0.0
none,0.0
none,0.0
january_2025,494.7156594443142
none,0.0
none,0.0
january_2025,572.3187437542509
none,0.0
january_2025,193.32068365388938
none,0.0
elliott_2022,2390.8329245627365
january_2025,599.5544882172891
january_2025,966.7158258578258
january_2025,690.0109929555929
none,0.0
january_2025,594.2129054773254
none,0.0
none,0.0
elliott_2022,3891.4631912751074
uri_2021,1221.3823827185965
none,0.0
january_2025,1322.6096917712161
none,0.0
elliott_2022,884.1059260849883
uri_2021,3082.3082054095626
none,0.0
elliott_2022,1982.365721542649
january_2025,1149.0951897926295
none,0.0
elliott_2022,1253.709029283711
none,0.0
uri_2021,226.94237666666666
none,0.0
none,0.0
none,0.0
none,0.0
none,0.0
uri_2021,2786.7079485623844
none,0.0
none,0.0
none,0.0
elliott_2022,1796.7409386070688
none,0.0
january_2025,1139.7216644135794
none,0.0
none,0.0
january_2025,295.2877118232333
none,0.0
none,0.0
january_2025,544.9119265376693
january_2025,481.73218574714474
none,0.0
none,0.0
none,0.0
none,0.0
none,0.0
none,0.0
none,0.0
none,0.0
none,0.0
january_2025,122.78724742219545
none,0.0
none,0.0
january_2025,634.9840909321233
none,0.0
january_2025,1485.0006477768743
none,0.0
january_2025,867.5522053023604
january_2025,846.7521229975009
none,0.0
none,0.0
elliott_2022,1039.5427886435707
none,0.0
none,0.0
elliott_2022,1025.7155815502358
none,0.0
january_2025,391.4825958556861
none,0.0
uri_2021,4433.452717798739
none,0.0
none,0.0
none,0.0
none,0.0
none,0.0
none,0.0
none,0.0
january_2025,1567.3763035661773
none,0.0
none,0.0
january_2025,445.31623878821324
january_2025,504.60539263692044
none,0.0
none,0.0
january_2025,902.8343931631655
elliott_2022,1932.304506479467
none,0.0
none,0.0
none,0.0
none,0.0
elliott_2022,1169.0851575207614
january_2025,764.561232713691
january_2025,1347.3797649212731
none,0.0
january_2025,1020.4369932621934
none,0.0
none,0.0
none,0.0
none,0.0
january_2025,26.683438001995565
none,0.0
none,0.0
none,0.0
january_2025,75.43628768444637
none,0.0
january_2025,1083.5903275175447
none,0.0
none,0.0
uri_2021,4240.289273605326
january_2025,128.08149624503807
none,0.0
none,0.0
none,0.0
none,0.0
none,0.0
none,0.0
none,0.0
none,0.0
none,0.0
none,0.0
none,0.0
january_2025,756.7675563072767
elliott_2022,1202.4531045641577
none,0.0
none,0.0
none,0.0
none,0.0
none,0.0
none,0.0
none,0.0
none,0.0
january_2025,913.1614547415218
none,0.0
january_2025,141.5111425636538
none,0.0
elliott_2022,1433.0174265857377
none,0.0
none,0.0
none,0.0
january_2025,1118.0795001554502
none,0.0
none,0.0
january_2025,22.99618724954639
none,0.0
january_2025,20.06906146819644
january_2025,702.7624529384316
none,0.0
january_2025,314.5951496019277
january_2025,61.0251818958759
elliott_2022,2040.8730653806695
elliott_2022,587.793120418154
none,0.0
january_2025,855.3225930903582
january_2025,38.04176659398059
none,0.0
none,0.0
january_2025,2132.4196313268267
none,0.0
january_2025,263.4323172463612
uri_2021,3471.3700958449567
none,0.0
none,0.0
elliott_2022,1336.1046496183544
none,0.0
january_2025,1331.851170179422
elliott_2022,1443.3367416251735
january_2025,193.33971125441354
uri_2021,3649.609440417651
none,0.0
none,0.0
elliott_2022,1004.2838687839129
january_2025,196.09645660145804
january_2025,504.41769952632865
elliott_2022,1444.9779918018005
none,0.0
elliott_2022,1212.8939822459993
january_2025,517.5866525263298
none,0.0
none,0.0
none,0.0
none,0.0
none,0.0
january_2025,153.06092278907678
none,0.0
january_2025,45.06173176029485
january_2025,330.716902576974
none,0.0
none,0.0
january_2025,822.7562117591231
none,0.0
none,0.0
none,0.0
none,0.0
none,0.0
none,0.0
none,0.0
none,0.0
none,0.0
elliott_2022,2058.944327976568
uri_2021,2881.778470369902
uri_2021,1538.0329226395675
january_2025,23.38043004245319
none,0.0
january_2025,971.6888807436906
none,0.0
none,0.0
none,0.0
none,0.0
none,0.0
january_2025,1080.6593428626131
uri_2021,2145.230542824583
january_2025,813.4421685802668
january_2025,1639.9138814860783
january_2025,886.7731271740056
january_2025,1256.0365443126648
january_2025,738.7027066977993
elliott_2022,1402.2982751295783
january_2025,588.3723231051904
none,0.0
january_2025,555.8186640245873
none,0.0
none,0.0
none,0.0
uri_2021,2811.36887323274
january_2025,19.09838807053276
none,0.0
none,0.0
elliott_2022,2603.3773756435553
none,0.0
none,0.0
none,0.0
none,0.0
none,0.0
january_2025,243.3005504749113
elliott_2022,510.12514205559495
none,0.0
elliott_2022,2415.626483276703
january_2025,149.4806157777809
none,0.0
none,0.0
none,0.0
none,0.0
none,0.0
uri_2021,2788.6427044842662
elliott_2022,546.3513863212984
none,0.0
elliott_2022,522.2189827365526
elliott_2022,1350.7183454583958
january_2025,51.560329196193265
none,0.0
elliott_2022,1401.875159258414
none,0.0
none,0.0
none,0.0
uri_2021,3859.038106901285
none,0.0
january_2025,750.4860768981722
january_2025,809.3754689668401
january_2025,72.17029792285318
elliott_2022,1924.6747156648005
elliott_2022,1332.9503461062288
january_2025,717.5306386551846
none,0.0
elliott_2022,517.5356700443621
january_2025,699.6583899973522
january_2025,957.7660027406836
none,0.0
none,0.0
none,0.0
none,0.0
january_2025,1132.685170921193
none,0.0
none,0.0
none,0.0
none,0.0
none,0.0
none,0.0
elliott_2022,1690.521878605011
none,0.0
january_2025,635.4456472276721
none,0.0
none,0.0
uri_2021,1078.9345367470873
none,0.0
none,0.0
none,0.0
none,0.0
none,0.0
january_2025,0.0
january_2025,586.4510548324406
none,0.0
january_2025,600.6529532726344
january_2025,288.3936487249579
none,0.0
none,0.0
none,0.0
january_2025,1098.3109758381177
none,0.0
january_2025,863.4065970087771
none,0.0
january_2025,316.0277910993156
none,0.0
none,0.0
none,0.0
none,0.0
none,0.0
january_2025,300.1991874373607
none,0.0
none,0.0
january_2025,948.7489217193439
none,0.0
uri_2021,2369.449937419856
none,0.0
none,0.0
january_2025,554.8836195651526
none,0.0
none,0.0
none,0.0
none,0.0
january_2025,81.58030129349272
january_2025,251.01596670809076
none,0.0
none,0.0
none,0.0
none,0.0
none,0.0
elliott_2022,2285.648976613629
january_2025,499.9903769822885
none,0.0
none,0.0
none,0.0
none,0.0
none,0.0
january_2025,349.52232111486654
none,0.0
elliott_2022,494.60898033964224
none,0.0
elliott_2022,2041.8023032855344
january_2025,300.5823158374889
elliott_2022,956.471144473812
uri_2021,2245.4815615004486
none,0.0
uri_2021,2038.8864127284005
none,0.0
january_2025,1489.682063874542
elliott_2022,2809.5712534589275
january_2025,509.7053447972546
january_2025,247.47638430212336
uri_2021,2845.4332985166507
none,0.0
january_2025,356.64785504288216
none,0.0
none,0.0
elliott_2022,2152.829857090768
elliott_2022,371.59091169818714
none,0.0
none,0.0
january_2025,421.092674985183
elliott_2022,1170.5221949948896
january_2025,1283.07058630108
none,0.0
none,0.0
none,0.0
none,0.0
elliott_2022,1960.8985328833714
january_2025,1138.2438655249189
elliott_2022,3107.0366223032447
january_2025,1135.2298725344854
none,0.0
none,0.0
uri_2021,1715.0441172740557
elliott_2022,2599.4862216751735
none,0.0
none,0.0
january_2025,1121.1363758102484
january_2025,501.6814200585503
elliott_2022,1742.7628478076574
none,0.0
none,0.0
none,0.0
none,0.0
none,0.0
none,0.0
none,0.0
none,0.0
elliott_2022,1192.2461306761177
january_2025,685.814565207262
none,0.0
january_2025,52.93204262319726
january_2025,991.2877742280696
uri_2021,1876.5676530775327
none,0.0
none,0.0
none,0.0
january_2025,460.3048536287593
none,0.0
uri_2021,3273.1050797898647
none,0.0
none,0.0
none,0.0
none,0.0
january_2025,25.44341811936595
january_2025,134.20981019721668
elliott_2022,3772.3768096839362
none,0.0
none,0.0
january_2025,532.6436418693867
none,0.0
january_2025,749.7148087248225
uri_2021,1109.3783196604018
january_2025,0.367000880621811
none,0.0
none,0.0
none,0.0
elliott_2022,1227.637250278896
none,0.0
none,0.0
none,0.0
january_2025,1604.4649453248412
none,0.0
none,0.0
none,0.0
none,0.0
january_2025,188.91007141197014
elliott_2022,1360.345589324331
none,0.0
january_2025,25.727524801908896
none,0.0
none,0.0
none,0.0
none,0.0
january_2025,436.8512407642223
none,0.0
none,0.0
elliott_2022,1470.9162847220593
elliott_2022,1355.3336108706203
january_2025,819.4394217931653
none,0.0
none,0.0
uri_2021,1794.2709267662524
none,0.0
january_2025,320.4059355762054
none,0.0
uri_2021,3723.6562917143206
uri_2021,2058.408036148541
uri_2021,2217.7182948428112
january_2025,232.7738135904197
january_2025,1174.1017428455268
elliott_2022,1399.194897803425
none,0.0
january_2025,930.3848918433345
january_2025,1070.3025743816868
none,0.0
none,0.0
none,0.0
none,0.0
uri_2021,1638.6639633641944
january_2025,575.225778585904
january_2025,875.8977275128626
january_2025,169.55233002409318
none,0.0
none,0.0
january_2025,955.5316154708394
none,0.0
none,0.0
none,0.0
none,0.0
january_2025,1432.757624038649
january_2025,269.4738147450545
none,0.0
none,0.0
elliott_2022,957.5837019007988
none,0.0
elliott_2022,1831.1182384061576
none,0.0
none,0.0
none,0.0
elliott_2022,1952.7931327553451
uri_2021,591.8809696269182
none,0.0
none,0.0
none,0.0
january_2025,948.3127383428757
none,0.0
none,0.0
none,0.0
january_2025,1227.7199871188122
none,0.0
none,0.0
january_2025,49.60113958163176
none,0.0
none,0.0
january_2025,1842.432946550443
uri_2021,4784.522443780572
none,0.0
none,0.0
none,0.0
january_2025,53.00544165621184
none,0.0
none,0.0
none,0.0
january_2025,871.8614155330761
uri_2021,1291.769822609524
none,0.0
none,0.0
january_2025,842.1312879383905
january_2025,661.7804316110837
none,0.0
january_2025,492.0648666748053
none,0.0
none,0.0
uri_2021,1780.469614804538
elliott_2022,576.49788955881
uri_2021,1921.5460199539527
elliott_2022,2209.3422257722273
none,0.0
elliott_2022,3131.8657435820946
elliott_2022,1316.429316468473
elliott_2022,1229.8471547369868
elliott_2022,2721.3245924582407
january_2025,555.7270679509149
january_2025,926.7756032141341
none,0.0
none,0.0
none,0.0
elliott_2022,2710.98208444492
none,0.0
elliott_2022,1357.7008456993312
none,0.0
uri_2021,2725.996438848764
january_2025,100.78098208918098
uri_2021,2955.6400934783464
none,0.0
none,0.0
january_2025,68.41878564460733
none,0.0
none,0.0
none,0.0
elliott_2022,196.45174086641464
elliott_2022,661.8195098370077
none,0.0
none,0.0
elliott_2022,1207.2148878551145
none,0.0
none,0.0
none,0.0
none,0.0
january_2025,494.097987163124
none,0.0
none,0.0
none,0.0
none,0.0
none,0.0
none,0.0
none,0.0
none,0.0
none,0.0
elliott_2022,2218.2474096972187
january_2025,1031.613281882146
january_2025,47.11753334530356
none,0.0
january_2025,489.48210805323754
january_2025,670.238487116325
january_2025,705.2188837579909
january_2025,1275.5910210540612
january_2025,755.6498446970181
none,0.0
uri_2021,2336.9446376444425
none,0.0
none,0.0
none,0.0
none,0.0
none,0.0
january_2025,246.55867623485503
none,0.0
none,0.0
none,0.0
january_2025,1296.9816200952587
january_2025,802.0388627624128
none,0.0
uri_2021,3859.1023354874105
elliott_2022,375.1079783623434
none,0.0
none,0.0
january_2025,0.0
uri_2021,2296.4601256281976
none,0.0
none,0.0
none,0.0
none,0.0
elliott_2022,2357.4620658915183
none,0.0
january_2025,372.7390341162434
none,0.0
january_2025,443.6289054151281
january_2025,480.93343704595975
january_2025,331.2016445643726
none,0.0
none,0.0
uri_2021,2238.0620825270685
none,0.0
none,0.0
uri_2021,1704.2736768542416
none,0.0
january_2025,29.359357623058028
none,0.0
none,0.0
none,0.0
none,0.0
none,0.0
january_2025,1248.7792971256385
none,0.0
january_2025,1027.4565163339118
january_2025,846.1124756687076
uri_2021,2986.3412223652795
none,0.0
january_2025,368.66971429474546
january_2025,641.7692984536129
none,0.0
january_2025,86.43092505349655
none,0.0
none,0.0
none,0.0
january_2025,1253.9572067722338
january_2025,1186.030520787255
uri_2021,5239.270770062164
none,0.0
none,0.0
none,0.0
none,0.0
none,0.0
none,0.0
none,0.0
none,0.0
january_2025,735.6224581801417
none,0.0
january_2025,1061.8159918521767
elliott_2022,2094.5276059689154
none,0.0
none,0.0
elliott_2022,2842.093999486923
elliott_2022,2076.27804113785
uri_2021,3169.221751414141
elliott_2022,1294.1058051162177
none,0.0
uri_2021,3653.8815846937837
none,0.0
january_2025,292.7359694781481
none,0.0
none,0.0
none,0.0
january_2025,532.4554568919109
none,0.0
none,0.0
elliott_2022,2143.2714690886933
elliott_2022,1893.6690433422984
none,0.0
uri_2021,3124.6535147746513
none,0.0
none,0.0
january_2025,175.01492732723594
none,0.0
uri_2021,292.9928308333333
january_2025,1592.7272099635247
none,0.0
january_2025,975.0184199097172
elliott_2022,975.3431149367999
none,0.0
january_2025,437.5765091677966
none,0.0
none,0.0
none,0.0
january_2025,798.2276353170812
january_2025,587.8071771263988
none,0.0
none,0.0
none,0.0
none,0.0
none,0.0
none,0.0
none,0.0
uri_2021,5207.846880676467
none,0.0
january_2025,936.9652015393043
none,0.0
none,0.0
none,0.0
january_2025,240.39529500889086
none,0.0
none,0.0
none,0.0
elliott_2022,3119.458468790439
none,0.0
uri_2021,3565.5304808719047
none,0.0
none,0.0
none,0.0
none,0.0
none,0.0
january_2025,133.64231147377828
january_2025,0.09363137657552957
none,0.0
none,0.0
january_2025,62.85922649651446
elliott_2022,3197.436006911804
none,0.0
elliott_2022,2031.4419711492342
none,0.0
elliott_2022,696.0467918555872
none,0.0
january_2025,1608.9324323713847
january_2025,718.8253847894086
elliott_2022,569.5829083556836
none,0.0
none,0.0
january_2025,640.3205873269519
none,0.0
january_2025,736.7064102891112
none,0.0
january_2025,212.45021899490655
none,0.0
uri_2021,2856.307704923014
elliott_2022,47.0218032684646
none,0.0
elliott_2022,2699.370952455796
elliott_2022,897.7117392714622
none,0.0
none,0.0
elliott_2022,1979.3392554520137
january_2025,52.80567764863881
none,0.0
none,0.0
january_2025,1154.878369706946
january_2025,496.49055158359795
uri_2021,2944.6261119811147
elliott_2022,988.8847943402307
none,0.0
elliott_2022,1767.367529135679
january_2025,844.2399563172763
none,0.0
none,0.0
january_2025,378.85313212642194
january_2025,684.4820831745167
none,0.0
january_2025,4.408825144821166
elliott_2022,1767.72521104873
none,0.0
elliott_2022,2209.2148222292553
none,0.0
elliott_2022,927.3181137813563
elliott_2022,906.4370494924915
january_2025,622.6473473925815
uri_2021,2774.293404122675
january_2025,503.45603743825865
none,0.0
none,0.0
january_2025,0.43130583708378856
january_2025,1163.6518571841555
none,0.0
january_2025,687.1479675907076
elliott_2022,1477.1500357247774
none,0.0
january_2025,22.50889563599702
january_2025,1141.344672625303
none,0.0
none,0.0
january_2025,66.13010464806862
none,0.0
uri_2021,2406.8051687873713
none,0.0
none,0.0
january_2025,2176.5984143434234
none,0.0
none,0.0
january_2025,22.551129864382823
elliott_2022,1536.3374829880383
january_2025,700.6604599380819
january_2025,325.3936117026158
elliott_2022,2422.814963051031
none,0.0
none,0.0
none,0.0
none,0.0
january_2025,93.47592816760377
none,0.0
elliott_2022,2689.8665111028035
none,0.0
none,0.0
elliott_2022,2698.8711584017583
none,0.0
uri_2021,5302.872389205085
none,0.0
none,0.0
january_2025,1053.6596914022803
none,0.0
none,0.0
january_2025,240.8176521426629
january_2025,112.17383586419726
january_2025,277.81135512727474
none,0.0
none,0.0
none,0.0
january_2025,870.6047131611859
none,0.0
january_2025,863.3411622773356
none,0.0
january_2025,969.3183909888437
none,0.0
elliott_2022,1872.7696887744285
elliott_2022,1061.783693005506
none,0.0
elliott_2022,1583.490008832361
january_2025,453.2473483963682
none,0.0
none,0.0
january_2025,290.6383712375639
uri_2021,2348.7614393324166
none,0.0
january_2025,618.2656071034226
none,0.0
january_2025,0.0004855257046749557
uri_2021,2014.3307881191681
none,0.0
january_2025,404.83142130210257
none,0.0
elliott_2022,1962.38519027073
none,0.0
none,0.0
elliott_2022,2124.9965576796276
none,0.0
elliott_2022,947.3449131233233
uri_2021,1220.9132086194295
none,0.0
none,0.0
january_2025,72.00579630797658
none,0.0
none,0.0
january_2025,807.8088382593356
none,0.0
none,0.0
elliott_2022,642.329747549963
elliott_2022,2858.682209485584
none,0.0
none,0.0
none,0.0
none,0.0
elliott_2022,1878.2506640602328
january_2025,284.33289992114413
none,0.0
elliott_2022,630.7430130207873
none,0.0
uri_2021,3269.57844333333
january_2025,354.6724946943187
none,0.0
january_2025,464.0672990452632
none,0.0
none,0.0
none,0.0
january_2025,156.608903289026
january_2025,331.0231288597691
january_2025,483.8166495402181
elliott_2022,2690.217745524284
january_2025,452.98651748615276
january_2025,1231.9313452654662
none,0.0
none,0.0
none,0.0
none,0.0
none,0.0
none,0.0
none,0.0
uri_2021,2350.1783084707577
elliott_2022,177.3504538838846
january_2025,95.4478262422781
january_2025,784.0256181013633
none,0.0
january_2025,386.8229741489084
none,0.0
none,0.0
none,0.0
january_2025,1210.2915588347132
none,0.0
none,0.0
none,0.0
january_2025,4.163607208265659
none,0.0
none,0.0
none,0.0
january_2025,464.01061580630073
none,0.0
none,0.0
none,0.0
elliott_2022,469.1712808892677
none,0.0
january_2025,409.30662951422306
none,0.0
none,0.0
january_2025,2054.7208259508475
elliott_2022,64.85382334980547
none,0.0
uri_2021,3157.0123018667514
none,0.0
none,0.0
january_2025,613.8671978077734
none,0.0
none,0.0
none,0.0
none,0.0
none,0.0
elliott_2022,2710.011298510137
january_2025,86.08716770093872
none,0.0
none,0.0
january_2025,55.44881730543054
uri_2021,3486.971718399534
january_2025,443.8420242388196
uri_2021,2920.2052573662113
none,0.0
none,0.0
none,0.0
none,0.0
elliott_2022,2061.4061622613503
january_2025,486.69133164288553
january_2025,265.25693156871625
uri_2021,4960.410917477472
none,0.0
none,0.0
none,0.0
none,0.0
none,0.0
january_2025,85.98891875185677
none,0.0
january_2025,668.3179338824605
elliott_2022,202.96619819424572
january_2025,1206.8849082640666
january_2025,570.5118854682232
none,0.0
elliott_2022,1247.6331897243574
january_2025,0.0
none,0.0
elliott_2022,1451.252846776452
none,0.0
none,0.0
none,0.0
none,0.0
none,0.0
january_2025,672.866412840005
january_2025,1298.8890815677428
none,0.0
none,0.0
none,0.0
january_2025,101.27711617399864
january_2025,0.0
elliott_2022,655.9240688604756
elliott_2022,1733.5220053074863
january_2025,7.876118670164804
january_2025,342.7001899481784
none,0.0
none,0.0
elliott_2022,794.7691097586901
none,0.0
none,0.0
january_2025,318.7126133648711
none,0.0
none,0.0
january_2025,1007.072236429356
january_2025,1157.0899606156959
january_2025,46.46840935844844
none,0.0
uri_2021,3005.824503830089
january_2025,95.85928307401844
january_2025,0.0
elliott_2022,2034.1920968785905
none,0.0
elliott_2022,850.4096050651178
january_2025,753.6482774954839
january_2025,13.179046561770136
january_2025,419.451395214731
none,0.0
january_2025,1079.4486993512367
none,0.0
elliott_2022,912.818672833686
elliott_2022,3167.192330269982
none,0.0
january_2025,239.96687843683287
january_2025,164.82730199435318
none,0.0
january_2025,437.36506812294346
none,0.0
uri_2021,1214.413262522086
elliott_2022,2101.093207361208
january_2025,1210.8787531873509
none,0.0
none,0.0
elliott_2022,738.3085783156157
none,0.0
elliott_2022,2059.5275200439946
january_2025,940.1691682910345
january_2025,1049.880761952948
none,0.0
none,0.0
none,0.0
none,0.0
january_2025,1499.833449777743
none,0.0
elliott_2022,2491.20320543496
none,0.0
elliott_2022,189.55793136472494
none,0.0
none,0.0
january_2025,0.40295621153073696
none,0.0
january_2025,413.1423077817922
elliott_2022,2578.583410776584
none,0.0
none,0.0
uri_2021,2408.4857877497143
elliott_2022,2456.2570634898193
none,0.0
january_2025,1339.6145636461893
uri_2021,3111.5517353350247
none,0.0
none,0.0
none,0.0
january_2025,978.4609855154948
none,0.0
none,0.0
none,0.0
january_2025,745.9096340152786
none,0.0
january_2025,666.601575465512
none,0.0
uri_2021,1897.1800014844243
none,0.0
none,0.0
none,0.0
none,0.0
none,0.0
elliott_2022,1597.2416983850367
uri_2021,2556.6532610241893
none,0.0
none,0.0
none,0.0
none,0.0
january_2025,119.36201910609903
elliott_2022,2681.650411403979
none,0.0
uri_2021,3562.2103211478106
none,0.0
none,0.0
january_2025,112.46808509240346
elliott_2022,1942.4294799916563
none,0.0
none,0.0
elliott_2022,1584.7330055209534
none,0.0
none,0.0
none,0.0
january_2025,1198.211425774069
none,0.0
none,0.0
none,0.0
elliott_2022,1371.4265437251245
elliott_2022,518.4675905825895
none,0.0
none,0.0
january_2025,841.0476297949695
january_2025,497.9890339009181
january_2025,650.4790896706038
january_2025,307.9186222259968
none,0.0
none,0.0
none,0.0
none,0.0
none,0.0
none,0.0
none,0.0
none,0.0
january_2025,28.035251228523226
january_2025,364.8126821611776
none,0.0
elliott_2022,619.8217444090988
none,0.0
none,0.0
january_2025,30.863434951183656
none,0.0
none,0.0
none,0.0
january_2025,477.1665769965905
none,0.0
none,0.0
none,0.0
none,0.0
none,0.0
none,0.0
january_2025,924.9896323563634
january_2025,1331.394442806271
none,0.0
january_2025,688.9712493057882
none,0.0
none,0.0
none,0.0
january_2025,759.5319365233598
none,0.0
none,0.0
none,0.0
january_2025,272.38705222346846
elliott_2022,1410.9005449175243
none,0.0
january_2025,441.07896941279665
none,0.0
none,0.0
none,0.0
none,0.0
elliott_2022,1287.7805038739154
none,0.0
january_2025,627.4163964015853
january_2025,1818.2028625722548
elliott_2022,1061.5258045748328
none,0.0
none,0.0
january_2025,15.076744436723073
none,0.0
january_2025,1082.3974387582844
none,0.0
january_2025,355.4353154301932
none,0.0
elliott_2022,2.947125
none,0.0
none,0.0
elliott_2022,2323.5751394225103
none,0.0
january_2025,148.00179431206342
uri_2021,2591.730830057877
january_2025,553.9225041376782
none,0.0
none,0.0
none,0.0
none,0.0
uri_2021,1947.552539418824
elliott_2022,6.051501666666665
january_2025,89.79797166993785
none,0.0
uri_2021,5376.958474550822
none,0.0
none,0.0
none,0.0
none,0.0
none,0.0
elliott_2022,581.8265697830165
january_2025,163.35581438511116
none,0.0
none,0.0
none,0.0
none,0.0
january_2025,486.59946624731236
none,0.0
january_2025,1964.971737668658
none,0.0
elliott_2022,426.39147988171624
none,0.0
none,0.0
none,0.0
none,0.0
none,0.0
january_2025,177.69493190731558
january_2025,848.4776512980156
january_2025,193.45995205785653
january_2025,927.5219842961371
none,0.0
elliott_2022,759.127496844653
january_2025,720.8837463551287
none,0.0
january_2025,1404.243072574166
none,0.0
none,0.0
none,0.0
none,0.0
elliott_2022,846.6249460097265
none,0.0
january_2025,1573.7625309663774
january_2025,469.4402755699465
none,0.0
january_2025,331.24584629497747
none,0.0
january_2025,433.94384627926826
none,0.0
january_2025,433.5014211288495
none,0.0
none,0.0
january_2025,339.397767611459
january_2025,1371.7803697211464
none,0.0
elliott_2022,465.82913399635817
none,0.0
none,0.0
none,0.0
none,0.0
uri_2021,1511.187256506235
january_2025,33.52842224944718
elliott_2022,429.6992243117637
none,0.0
none,0.0
none,0.0
january_2025,554.3885702605048
january_2025,724.7168521614622
none,0.0
january_2025,194.53551274065242
none,0.0
none,0.0
none,0.0
january_2025,329.37194986642595
january_2025,1148.6210794072563
none,0.0
elliott_2022,3093.8923905410284
none,0.0
none,0.0
january_2025,32.54538333489552
none,0.0
none,0.0
elliott_2022,1436.7016877506405
none,0.0
january_2025,849.6434500296751
none,0.0
none,0.0
january_2025,1508.7440062931278
january_2025,774.8724501079174
january_2025,546.7538861930049
elliott_2022,1320.780258792318
uri_2021,4733.811514883475
none,0.0
elliott_2022,2710.6357482384024
none,0.0
january_2025,673.8715619490775
january_2025,236.4890432373702
january_2025,879.2942554728684
january_2025,210.43979237479965
none,0.0
none,0.0
january_2025,291.6535087929807
none,0.0
none,0.0
none,0.0
january_2025,47.480822026643814
none,0.0
none,0.0
january_2025,652.6582260140918
none,0.0
january_2025,0.7251602662379127
elliott_2022,1436.155112750142
elliott_2022,1237.8234811933623
none,0.0
none,0.0
none,0.0
none,0.0
none,0.0
none,0.0
none,0.0
january_2025,83.04259944721193
january_2025,349.441756488769
none,0.0
none,0.0
january_2025,1282.872962991532
none,0.0
january_2025,320.2009772147837
january_2025,941.9290692476176
none,0.0
january_2025,222.8854352792759
none,0.0
uri_2021,4392.596565105871
uri_2021,4346.314972055491
none,0.0
january_2025,325.06749534588533
january_2025,34.838708477786156
none,0.0
uri_2021,4201.2198826793765
none,0.0
january_2025,599.6998635459194
january_2025,1227.4932146586182
elliott_2022,2790.9884464761167
january_2025,1213.5772795094397
january_2025,133.68052168596677
none,0.0
none,0.0
january_2025,74.74696630603628
none,0.0
none,0.0
none,0.0
none,0.0
none,0.0
none,0.0
elliott_2022,835.0684239500421
elliott_2022,1718.7054993397542
none,0.0
uri_2021,2509.2471056130585
none,0.0
january_2025,510.39206490063134
elliott_2022,2247.0114144469594
january_2025,495.422049114459
none,0.0
uri_2021,4071.3908785362764
uri_2021,4625.73382249041
none,0.0
none,0.0
none,0.0
elliott_2022,4409.849253333334
none,0.0
elliott_2022,2940.5217013340566
january_2025,556.2530779140965
none,0.0
none,0.0
none,0.0
january_2025,1257.2913247776344
none,0.0
none,0.0
january_2025,802.8061545399601
none,0.0
elliott_2022,398.806408085697
none,0.0
none,0.0
none,0.0
january_2025,819.1365337020985
none,0.0
none,0.0
none,0.0
elliott_2022,2065.443614905901
uri_2021,3383.381119420873
none,0.0
january_2025,572.66197939841
elliott_2022,1622.7487682215353
january_2025,839.418152549563
none,0.0
january_2025,1005.0976498923613
january_2025,0.0
elliott_2022,2765.842704738821
none,0.0
none,0.0
none,0.0
january_2025,105.08631159989416
elliott_2022,2136.300237402804
january_2025,758.0118812003334
none,0.0
none,0.0
none,0.0
none,0.0
january_2025,0.0
none,0.0
elliott_2022,2973.933562154593
elliott_2022,397.9927278230212
none,0.0
none,0.0
none,0.0
none,0.0
none,0.0
january_2025,580.2787927964849
none,0.0
january_2025,336.75371388772226
none,0.0
january_2025,823.7372324760058
none,0.0
january_2025,225.75785026103188
january_2025,1101.7081529563154
elliott_2022,1658.7880320593613
none,0.0
none,0.0
january_2025,174.61783712090468
none,0.0
january_2025,483.87488887997495
none,0.0
none,0.0
none,0.0
none,0.0
none,0.0
none,0.0
january_2025,1805.233267529742
none,0.0
none,0.0
none,0.0
none,0.0
none,0.0
january_2025,1018.6828084414044
elliott_2022,407.7718974430298
january_2025,609.5818608915463
none,0.0
january_2025,406.75782377218576
none,0.0
none,0.0
none,0.0
january_2025,516.8802715892073
none,0.0
elliott_2022,196.3598302780819
none,0.0
none,0.0
none,0.0
none,0.0
none,0.0
none,0.0
none,0.0
none,0.0
january_2025,494.21915057504276
january_2025,40.248923237510816
january_2025,630.4122174475204
none,0.0
january_2025,273.5504070893639
none,0.0
january_2025,821.8880604509823
none,0.0
none,0.0
elliott_2022,1727.4842852485667
none,0.0
january_2025,1659.5374141643908
none,0.0
none,0.0
none,0.0
january_2025,893.8416664807463
january_2025,1268.485610268218
elliott_2022,1730.6657882096295
january_2025,202.3155153176972
none,0.0
none,0.0
uri_2021,4084.721116825494
elliott_2022,1938.3419873733562
january_2025,752.7972009326778
elliott_2022,967.9709102977617
none,0.0
january_2025,1877.8627707964656
none,0.0
none,0.0
none,0.0
none,0.0
elliott_2022,773.502807165067
none,0.0
january_2025,507.7300626833672
january_2025,267.1734333799775
uri_2021,2127.262743424099
january_2025,728.0949629859284
none,0.0
none,0.0
none,0.0
january_2025,1176.0053100303094
none,0.0
none,0.0
none,0.0
none,0.0
none,0.0
none,0.0
none,0.0
none,0.0
january_2025,312.3761548013226
elliott_2022,2255.5368851468884
none,0.0
none,0.0
elliott_2022,1271.0123701735038
none,0.0
none,0.0
none,0.0
none,0.0
none,0.0
elliott_2022,1394.8487534113672
none,0.0
january_2025,983.5371316917215
january_2025,1015.651694976411
none,0.0
none,0.0
january_2025,20.376771364199872
elliott_2022,2031.0889254517438
january_2025,1263.3545162761857
elliott_2022,4230.045531077552
january_2025,1636.054484847052
none,0.0
none,0.0
uri_2021,3441.5479561850166
january_2025,1018.8947052109982
january_2025,1311.1175551256524
none,0.0
elliott_2022,3333.9634786163997
none,0.0
elliott_2022,1678.2020004887731
elliott_2022,2192.94163425932
none,0.0
uri_2021,1393.3519173084353
none,0.0
none,0.0
january_2025,484.3209204965572
none,0.0
none,0.0
none,0.0
none,0.0
january_2025,597.354863468118
january_2025,29.828624933800246
none,0.0
none,0.0
january_2025,379.9292498732011
none,0.0
none,0.0
elliott_2022,1294.7798944447943
none,0.0
january_2025,422.3547559766645
elliott_2022,326.0653286820266
none,0.0
none,0.0
none,0.0
january_2025,308.69762299425196
january_2025,707.7913447052287
january_2025,1629.5444885276868
january_2025,399.6266734506773
elliott_2022,2241.0260325754775
none,0.0
january_2025,299.48299558376016
january_2025,295.4130330910116
none,0.0
january_2025,927.0357523040404
none,0.0
none,0.0
none,0.0
none,0.0
none,0.0
january_2025,0.0
january_2025,55.431873098825974
none,0.0
january_2025,210.65054073209365
none,0.0
none,0.0
january_2025,15.047892839972217
none,0.0
none,0.0
january_2025,300.06563259668667
none,0.0
none,0.0
none,0.0
none,0.0
january_2025,540.6572693890321
january_2025,35.79599872249921
elliott_2022,1526.1454965813946
none,0.0
none,0.0
none,0.0
none,0.0
none,0.0
none,0.0
none,0.0
january_2025,1407.6380900850784
none,0.0
none,0.0
elliott_2022,868.7126708785488
none,0.0
january_2025,637.323858407655
none,0.0
elliott_2022,575.4185286153613
elliott_2022,437.5721188447997
none,0.0
elliott_2022,1255.3818673856524
elliott_2022,707.4666977607529
uri_2021,3167.3210586756454
none,0.0
january_2025,1.3984250804761091
none,0.0
january_2025,268.8088054178962
none,0.0
january_2025,465.8708453526298
elliott_2022,2158.2345989277496
january_2025,1719.6074525819831
january_2025,181.58644249927812
elliott_2022,2641.8979717675024
elliott_2022,1482.7462366744264
none,0.0
january_2025,69.51854534618994
uri_2021,4025.555222988933
none,0.0
elliott_2022,1644.0639602205374
january_2025,585.9590563970493
elliott_2022,607.9210647390843
none,0.0
january_2025,777.6907982145573
january_2025,1227.3086304418478
january_2025,40.974342598611294
none,0.0
uri_2021,1273.3942123898028
none,0.0
none,0.0
january_2025,103.33862965746425
none,0.0
january_2025,18.356865373007352
none,0.0
none,0.0
none,0.0
january_2025,1116.3354369006058
january_2025,152.81796043703932
none,0.0
january_2025,1097.6962690591351
none,0.0
january_2025,139.38597342630024
elliott_2022,1183.200740162592
elliott_2022,2462.518005546781
none,0.0
january_2025,1163.633443509446
none,0.0
none,0.0
none,0.0
none,0.0
none,0.0
none,0.0
elliott_2022,3277.5994246749656
january_2025,1219.323181957786
january_2025,230.4433662164125
january_2025,375.63034887613713
none,0.0
uri_2021,2246.882622989854
none,0.0
january_2025,24.86878109398953
elliott_2022,737.0605243162439
none,0.0
uri_2021,2618.5677081067292
none,0.0
none,0.0
january_2025,661.027926107296
elliott_2022,2443.7742716639227
january_2025,82.75331732727753
january_2025,32.355587656159145
elliott_2022,3437.2631511859754
none,0.0
none,0.0
none,0.0
january_2025,866.703396615637
elliott_2022,2720.631824674827
elliott_2022,1906.592697465976
none,0.0
uri_2021,2523.44329695077
uri_2021,4091.0247360417807
uri_2021,2533.180567623372
none,0.0
none,0.0
none,0.0
none,0.0
none,0.0
none,0.0
none,0.0
january_2025,235.9866028275977
none,0.0
none,0.0
none,0.0
none,0.0
none,0.0
none,0.0
elliott_2022,1445.8818812436575
uri_2021,238.74349223360434
none,0.0
january_2025,89.99822635494164
january_2025,498.160162900746
january_2025,95.93001741303203
january_2025,166.06101214670022
none,0.0
elliott_2022,503.60053691973536
elliott_2022,1748.9845738142008
january_2025,1575.1779099413702
none,0.0
january_2025,552.9594693542763
january_2025,286.6885016257503
none,0.0
uri_2021,1036.7361077318244
none,0.0
january_2025,150.58332797415923
none,0.0
elliott_2022,1692.869914098794
none,0.0
none,0.0
january_2025,1247.0310589462783
none,0.0
none,0.0
none,0.0
none,0.0
january_2025,329.0082767159307
elliott_2022,3129.874494809039
none,0.0
none,0.0
january_2025,494.66133420779755
january_2025,78.63987573881316
january_2025,776.1963134237537
elliott_2022,350.02241146817835
elliott_2022,1850.1701914480043
january_2025,336.58196972424815
january_2025,590.2244136324871
elliott_2022,1446.9554436448873
january_2025,977.5919277513214
elliott_2022,1589.0795917241865
elliott_2022,3464.414434763323
none,0.0
none,0.0
none,0.0
none,0.0
none,0.0
elliott_2022,2051.712962321017
none,0.0
elliott_2022,1153.7587900594026
none,0.0
elliott_2022,1781.329189928507
january_2025,180.3145183764706
none,0.0
none,0.0
january_2025,887.4581935324964
january_2025,528.9152501579783
january_2025,14.477872733532985
none,0.0
none,0.0
january_2025,1521.3455929032352
uri_2021,2611.1207389534407
january_2025,69.84523053527143
january_2025,4.5616529443345
none,0.0
none,0.0
none,0.0
none,0.0
none,0.0
january_2025,575.8477685595757
none,0.0
none,0.0
none,0.0
none,0.0
none,0.0
january_2025,982.1702972507563
none,0.0
none,0.0
none,0.0
none,0.0
january_2025,749.2033415107056
january_2025,825.7084674262086
january_2025,759.3773049113156
january_2025,1564.7548186740737
none,0.0
none,0.0
january_2025,39.98347971124982
none,0.0
none,0.0
none,0.0
january_2025,1728.3425377944723
elliott_2022,1757.9314543776638
none,0.0
none,0.0
january_2025,151.27151833015355
none,0.0
none,0.0
none,0.0
none,0.0
january_2025,473.7487648156891
none,0.0
none,0.0
none,0.0
january_2025,1386.487294608748
none,0.0
none,0.0
january_2025,763.8689840637838
uri_2021,1412.4255556157636
none,0.0
none,0.0
none,0.0
none,0.0
none,0.0
january_2025,817.4059197882482
none,0.0
january_2025,607.3487676072648
none,0.0
none,0.0
uri_2021,2151.532400502004
none,0.0
uri_2021,3396.08592759236
none,0.0
uri_2021,3598.9899217441753
none,0.0
none,0.0
none,0.0
january_2025,1152.1767600841506
january_2025,790.8555690458381
elliott_2022,926.4845986366983
elliott_2022,2565.5707259017213
none,0.0
none,0.0
january_2025,276.9673337002276
january_2025,984.9373173534057
none,0.0
none,0.0
elliott_2022,927.209140485211
none,0.0
january_2025,0.047233968117997994
none,0.0
uri_2021,2755.1726933887417
january_2025,7.258520945394508
none,0.0
january_2025,619.245537022061
elliott_2022,988.5187706535141
none,0.0
none,0.0
none,0.0
none,0.0
elliott_2022,2582.9083530162316
none,0.0
elliott_2022,2361.5677704383784
none,0.0
none,0.0
none,0.0
january_2025,50.37139189291249
none,0.0
none,0.0
none,0.0
none,0.0
none,0.0
none,0.0
none,0.0
none,0.0
elliott_2022,2186.6575807808863
none,0.0
january_2025,617.2411600164041
none,0.0
uri_2021,3895.4790717011897
january_2025,1147.3608104488528
january_2025,1263.8944217835483
none,0.0
none,0.0
uri_2021,4613.332059808456
january_2025,675.5644309918956
january_2025,604.7164668771677
none,0.0
january_2025,368.07148315659106
january_2025,214.1640196773949
elliott_2022,1117.5296492287769
none,0.0
elliott_2022,898.6318283887915
none,0.0
none,0.0
none,0.0
elliott_2022,2466.99567331364
january_2025,0.0
none,0.0
none,0.0
none,0.0
uri_2021,3542.736722022471
none,0.0
none,0.0
none,0.0
elliott_2022,1833.421273325899
none,0.0
january_2025,511.03786134845984
uri_2021,2508.70954633819
none,0.0
january_2025,410.52400816303333
none,0.0
elliott_2022,2212.8439782834803
none,0.0
elliott_2022,1605.3490377489918
none,0.0
elliott_2022,1789.8973276713248
none,0.0
none,0.0
uri_2021,1895.2707947751685
january_2025,650.579823573423
january_2025,400.16506997455923
none,0.0
elliott_2022,1968.687789766357
january_2025,68.4799590000915
none,0.0
none,0.0
none,0.0
none,0.0
none,0.0
january_2025,506.7635904207025
january_2025,18.318368343887215
none,0.0
elliott_2022,1551.013859109626
none,0.0
none,0.0
january_2025,490.39167505786486
none,0.0
none,0.0
uri_2021,3028.0745316472025
elliott_2022,2868.9585293296723
january_2025,1090.2249285653984
none,0.0
uri_2021,4200.64394668811
none,0.0
january_2025,319.26454528852156
none,0.0
none,0.0
january_2025,1081.2681855907813
none,0.0
january_2025,346.5923461403
none,0.0
none,0.0
elliott_2022,2245.243576270093
none,0.0
january_2025,751.2129905522236
none,0.0
none,0.0
elliott_2022,2900.750363146386
january_2025,629.0677145464753
none,0.0
none,0.0
january_2025,603.256166054106
january_2025,1844.3571234873464
none,0.0
none,0.0
january_2025,1531.7574148759302
january_2025,437.58483483032654
none,0.0
none,0.0
elliott_2022,2881.2925804280985
uri_2021,3404.2050292770464
uri_2021,5905.732762492028
none,0.0
elliott_2022,1159.4062277912176
none,0.0
january_2025,762.955786017817
january_2025,931.8401606762822
none,0.0
none,0.0
january_2025,460.6298981010014
january_2025,596.0782515842146
january_2025,30.49108324425749
none,0.0
none,0.0
january_2025,1079.801544057027
none,0.0
january_2025,2.9902325495360755
none,0.0
january_2025,335.25356320685603
elliott_2022,3150.6557977430225
none,0.0
january_2025,755.5083251462364
none,0.0
none,0.0
elliott_2022,2721.9247021716783
none,0.0
none,0.0
january_2025,144.8150555125453
none,0.0
none,0.0
none,0.0
none,0.0
elliott_2022,780.2466569945929
january_2025,1151.880432861219
none,0.0
elliott_2022,1249.468094845988
uri_2021,2743.039664546261
none,0.0
none,0.0
none,0.0
none,0.0
january_2025,739.4173509186869
none,0.0
none,0.0
none,0.0
none,0.0
none,0.0
january_2025,959.83877697574
none,0.0
elliott_2022,1868.203400791277
january_2025,55.27267096713872
uri_2021,1507.5303264124896
none,0.0
elliott_2022,1600.0550922581535
none,0.0
none,0.0
uri_2021,4626.792972674329
january_2025,198.07979342806624
elliott_2022,2408.013306172775
elliott_2022,747.5706900542841
none,0.0
none,0.0
january_2025,0.0
none,0.0
none,0.0
none,0.0
none,0.0
none,0.0
none,0.0
none,0.0
none,0.0
none,0.0
january_2025,619.8958261148636
none,0.0
none,0.0
uri_2021,2849.412654366768
none,0.0
elliott_2022,1121.872319291052
none,0.0
january_2025,450.3438915663975
elliott_2022,1903.6254749500192
january_2025,874.1117676873082
january_2025,1867.6488209454665
elliott_2022,1728.714501121418
none,0.0
none,0.0
january_2025,227.99571030879454
none,0.0
none,0.0
none,0.0
uri_2021,2504.3590848056174
none,0.0
none,0.0
january_2025,530.8562241174036
none,0.0
none,0.0
january_2025,11.330654843108551
none,0.0
none,0.0
none,0.0
none,0.0
january_2025,2039.0377236283143
uri_2021,3723.3450307931716
none,0.0
elliott_2022,1567.344821470494
january_2025,833.0552964418096
none,0.0
january_2025,654.4532342309536
january_2025,560.7365849252285
elliott_2022,1161.1808357684392
uri_2021,4862.842916124175
none,0.0
none,0.0
none,0.0
uri_2021,3116.4843781650216
none,0.0
none,0.0
none,0.0
uri_2021,2673.411471654321
january_2025,29.122628611359417
none,0.0
january_2025,1.1847212968706196
january_2025,866.5066661823287
january_2025,39.39497086311209
none,0.0
none,0.0
none,0.0
january_2025,452.4771061155143
elliott_2022,1352.8562837039162
january_2025,161.50805742128085
elliott_2022,2736.0332540294708
january_2025,689.2070815687717
none,0.0
none,0.0
none,0.0
none,0.0
none,0.0
none,0.0
none,0.0
elliott_2022,874.2637413600665
january_2025,1013.0643822313632
none,0.0
none,0.0
uri_2021,2047.3659875806145
none,0.0
uri_2021,2741.132602363032
none,0.0
none,0.0
uri_2021,5724.362703091462
uri_2021,3739.7513344202957
none,0.0
none,0.0
none,0.0
none,0.0
none,0.0
none,0.0
none,0.0
none,0.0
none,0.0
none,0.0
none,0.0
none,0.0
none,0.0
january_2025,450.5737032659412
none,0.0
uri_2021,3331.7913483591046
none,0.0
january_2025,986.0102817775917
elliott_2022,1836.4032204843304
elliott_2022,171.1780505249524
january_2025,311.903116361736
january_2025,636.5986646476669
elliott_2022,1838.8356241349068
none,0.0
january_2025,402.80232988552655
uri_2021,4184.152430074728
january_2025,931.7861073269993
none,0.0
none,0.0
none,0.0
elliott_2022,2178.6431215641264
none,0.0
none,0.0
elliott_2022,1783.677778800997
none,0.0
none,0.0
january_2025,1158.0006206783237
none,0.0
january_2025,1072.3320757594915
none,0.0
none,0.0
january_2025,211.94041339568506
january_2025,192.07494950069707
none,0.0
elliott_2022,1883.3316605133418
none,0.0
january_2025,637.1710336709516
none,0.0
january_2025,1344.7921298406386
none,0.0
january_2025,259.75871324304546
january_2025,1448.792497117805
none,0.0
none,0.0
none,0.0
none,0.0
january_2025,277.80824784888773
none,0.0
none,0.0
none,0.0
january_2025,443.7376489441863
uri_2021,3668.49668525728
january_2025,650.3101621668611
none,0.0
none,0.0
none,0.0
uri_2021,3966.943689744419
none,0.0
none,0.0
none,0.0
none,0.0
none,0.0
january_2025,946.3819187827498
january_2025,889.4283483560192
january_2025,205.6377793554635
january_2025,927.5624677495714
none,0.0
none,0.0
none,0.0
none,0.0
none,0.0
none,0.0
none,0.0
january_2025,1852.7839893830483
none,0.0
none,0.0
none,0.0
january_2025,563.4961292088786
elliott_2022,1826.0555936015826
none,0.0
january_2025,267.96595375684143
none,0.0
january_2025,1336.821562719513
none,0.0
none,0.0
none,0.0
none,0.0
elliott_2022,3093.748246443928
january_2025,153.13953973802552
january_2025,1274.3364432202884
none,0.0
uri_2021,3165.617410205112
none,0.0
none,0.0
january_2025,859.8266544424519
none,0.0
uri_2021,2428.6539614567514
none,0.0
january_2025,247.1090261949289
january_2025,0.9447400439540734
january_2025,310.26599291386293
january_2025,1217.5371681284626
january_2025,228.69353324751026
none,0.0
none,0.0
none,0.0
january_2025,540.0529512389718
january_2025,1018.56194349034
elliott_2022,1428.1659519152045
none,0.0
none,0.0
none,0.0
january_2025,1134.2093962046313
none,0.0
none,0.0
none,0.0
uri_2021,4253.308314499691
none,0.0
january_2025,0.06206923666299606
none,0.0
uri_2021,2354.1415499808613
uri_2021,1568.79445254506
none,0.0
none,0.0
none,0.0
uri_2021,3821.605757517549
elliott_2022,1518.4975079396227
january_2025,809.2399910624318
none,0.0
none,0.0
january_2025,147.39489499831936
none,0.0
none,0.0
january_2025,462.321170996862
none,0.0
january_2025,521.2897297124035
none,0.0
none,0.0
none,0.0
elliott_2022,2705.821289916189
january_2025,962.1632310839534
none,0.0
none,0.0
none,0.0
elliott_2022,1760.6311447199166
none,0.0
none,0.0
january_2025,974.0164847889301
none,0.0
none,0.0
january_2025,15.257927443266151
elliott_2022,1724.4095509718475
january_2025,8.999140845485417
none,0.0
january_2025,352.0806706346104
elliott_2022,1508.0205782109213
january_2025,1311.0745137630313
elliott_2022,2629.718012811914
none,0.0
none,0.0
elliott_2022,1580.1019064758177
none,0.0
none,0.0
none,0.0
none,0.0
none,0.0
elliott_2022,1672.8712916486134
january_2025,447.230890761557
none,0.0
none,0.0
none,0.0
none,0.0
elliott_2022,727.9518389362584
january_2025,71.1214848465219
january_2025,341.94561021206687
none,0.0
none,0.0
none,0.0
elliott_2022,3588.5294415638045
none,0.0
none,0.0
none,0.0
none,0.0
uri_2021,3289.45453054943
none,0.0
january_2025,624.1873071041682
january_2025,988.8842611170029
none,0.0
january_2025,907.7712220180489
none,0.0
january_2025,1125.4287033618837
none,0.0
none,0.0
none,0.0
january_2025,1858.4354806844672
uri_2021,4634.593414272398
none,0.0
elliott_2022,2348.5199455900893
january_2025,513.4216030317922
january_2025,1458.4644060843773
january_2025,82.38725133664178
none,0.0
none,0.0
none,0.0
january_2025,872.8830990507587
january_2025,1699.8924405472176
none,0.0
none,0.0
january_2025,601.9497554789698
january_2025,1848.6793769851251
none,0.0
none,0.0
uri_2021,2728.0401219890537
none,0.0
none,0.0
none,0.0
none,0.0
none,0.0
elliott_2022,3519.473386281839
none,0.0
none,0.0
january_2025,903.0107391626227
january_2025,134.3163353675409
none,0.0
none,0.0
january_2025,1136.127973240059
none,0.0
january_2025,920.6767685975848
none,0.0
january_2025,85.0561412972379
none,0.0
january_2025,101.28954198959738
none,0.0
none,0.0
none,0.0
january_2025,37.91238187118035
none,0.0
none,0.0
january_2025,81.23106662664873
none,0.0
none,0.0
none,0.0
january_2025,1512.6432059071562
uri_2021,2968.6493909777723
none,0.0
elliott_2022,3447.6599475592775
none,0.0
none,0.0
none,0.0
january_2025,1107.4235274012703
january_2025,966.2559537505433
january_2025,1649.4428139243964
uri_2021,1750.985175337114
elliott_2022,3940.061566144835
uri_2021,1777.2668378574338
none,0.0
none,0.0
january_2025,1053.9124922540993
none,0.0
none,0.0
none,0.0
none,0.0
none,0.0
january_2025,654.4615264104698
none,0.0
january_2025,186.97918885561666
none,0.0
january_2025,662.893806296848
none,0.0
january_2025,50.849663311255924
none,0.0
january_2025,676.4111390871938
january_2025,1165.9029646740873
january_2025,329.45669166687935
uri_2021,1871.2309402175267
uri_2021,2198.122386042633
none,0.0
january_2025,0.0
none,0.0
none,0.0
none,0.0
none,0.0
january_2025,809.4775908723618
uri_2021,2216.4979663125055
none,0.0
none,0.0
none,0.0
none,0.0
elliott_2022,1226.6321803263766
none,0.0
none,0.0
none,0.0
none,0.0
elliott_2022,1825.0547826473023
january_2025,824.4662400364571
none,0.0
january_2025,379.1650882128498
none,0.0
uri_2021,2682.8926090841273
none,0.0
january_2025,0.0
january_2025,1364.9442082055882
none,0.0
none,0.0
uri_2021,2187.2164427503235
none,0.0
none,0.0
none,0.0
none,0.0
none,0.0
january_2025,851.5690378072254
none,0.0
january_2025,555.8289931377826
january_2025,245.55514337375357
uri_2021,2482.3933193399316
none,0.0
january_2025,706.9259556057607
elliott_2022,1602.2664575972753
uri_2021,1100.6905041254297
january_2025,1327.4871795021818
january_2025,43.643258991314866
none,0.0
january_2025,1109.3523105370507
none,0.0
elliott_2022,2465.0573741540293
january_2025,0.0
none,0.0
none,0.0
none,0.0
january_2025,443.0417986944111
elliott_2022,1479.7760599097312
january_2025,814.7452688482667
none,0.0
none,0.0
elliott_2022,2180.294663940208
none,0.0
none,0.0
elliott_2022,2283.594706994156
none,0.0
none,0.0
elliott_2022,1483.620260781948
none,0.0
january_2025,711.7092730855613
none,0.0
none,0.0
none,0.0
uri_2021,2126.1292404055785
none,0.0
none,0.0
none,0.0
uri_2021,3517.9552612121074
none,0.0
elliott_2022,1188.3684738848708
none,0.0
none,0.0
none,0.0
none,0.0
january_2025,1068.189842273707
none,0.0
none,0.0
none,0.0
january_2025,420.52045311395017
january_2025,718.8462130393796
january_2025,0.0
none,0.0
january_2025,996.6937331817951
none,0.0
elliott_2022,2694.1884238466428
january_2025,11.966118892819708
none,0.0
january_2025,883.9345045587942
none,0.0
january_2025,351.88346802531413
elliott_2022,706.5024935679022
january_2025,15.126074866763236
none,0.0
uri_2021,3238.784205487014
none,0.0
none,0.0
elliott_2022,816.9427221386112
elliott_2022,844.995161208777
january_2025,466.3606555990347
january_2025,1046.4960732585273
january_2025,339.25606481902764
january_2025,459.73713133393426
none,0.0
january_2025,1145.6829988736558
none,0.0
elliott_2022,1698.2178791295598
january_2025,775.0604496378742
none,0.0
none,0.0
elliott_2022,1136.349747327219
none,0.0
none,0.0
january_2025,110.81101261538414
none,0.0
january_2025,0.0
elliott_2022,1530.1925777900856
january_2025,985.9648472242842
none,0.0
none,0.0
january_2025,49.38363406031682
none,0.0
none,0.0
none,0.0
none,0.0
elliott_2022,612.3352845226302
none,0.0
january_2025,132.90572639840224
none,0.0
elliott_2022,1608.8400490881763
uri_2021,6609.733345833332
january_2025,839.6591031850716
january_2025,1733.355479451065
none,0.0
none,0.0
none,0.0
none,0.0
elliott_2022,1314.3026074861493
uri_2021,2733.464609422752
january_2025,1077.6492717157514
january_2025,408.17484226664186
january_2025,463.2454095582756
none,0.0
january_2025,1052.6487186702464
none,0.0
elliott_2022,1410.6407728037434
uri_2021,2523.206776250258
none,0.0
uri_2021,2628.7606526649147
uri_2021,3608.329443056206
january_2025,422.44624424950825
january_2025,428.26234564703526
uri_2021,2025.7751305196514
none,0.0
elliott_2022,1833.3555726320808
uri_2021,3478.851391819218
elliott_2022,2430.9052780821344
january_2025,1529.4805653435533
elliott_2022,1531.5359080411047
january_2025,1145.869456429482
none,0.0
january_2025,768.3670025331462
none,0.0
none,0.0
january_2025,33.948770788333974
january_2025,546.150156095901
none,0.0
none,0.0
elliott_2022,1660.7638136119463
none,0.0
none,0.0
none,0.0
elliott_2022,283.5110386109103
january_2025,715.5487285887577
none,0.0
none,0.0
january_2025,14.69775171891029
none,0.0
none,0.0
elliott_2022,1682.0403395077647
none,0.0
none,0.0
none,0.0
none,0.0
none,0.0
none,0.0
none,0.0
none,0.0
elliott_2022,1128.1100410274457
none,0.0
january_2025,776.2544294684983
elliott_2022,795.9064526626115
elliott_2022,2149.77160741548
january_2025,953.2868752628757
none,0.0
none,0.0
none,0.0
january_2025,47.460194119816535
elliott_2022,1008.8729817365552
none,0.0
none,0.0
january_2025,874.9532362552077
none,0.0
january_2025,759.0562278071642
uri_2021,1746.5663513979569
none,0.0
january_2025,346.0689879653043
none,0.0
none,0.0
elliott_2022,1406.8472468465818
none,0.0
none,0.0
january_2025,1121.6399435015128
none,0.0
none,0.0
none,0.0
january_2025,1023.18136119262
uri_2021,1168.9733266768912
none,0.0
january_2025,517.3603990346144
elliott_2022,1378.171394500616
none,0.0
elliott_2022,772.3854245655269
none,0.0
none,0.0
none,0.0
january_2025,773.794171189978
none,0.0
elliott_2022,1225.8278429914321
january_2025,1710.2027464620558
none,0.0
none,0.0
none,0.0
january_2025,237.5194859987744
january_2025,892.6926411936113
none,0.0
uri_2021,2999.6698453053837
elliott_2022,157.37949368225102
none,0.0
uri_2021,3251.2150744017736
january_2025,611.376546185898
january_2025,90.99931624295523
none,0.0
none,0.0
none,0.0
none,0.0
uri_2021,1875.7125748360738
elliott_2022,1498.8066202310658
january_2025,260.69507618892055
january_2025,528.4444145479616
none,0.0
none,0.0
january_2025,1329.8771774796467
none,0.0
january_2025,275.36105828884746
january_2025,0.05723432202392685
january_2025,396.29552559016
january_2025,108.69325516028302
january_2025,501.6952974398579
january_2025,630.2770305596555
january_2025,42.56941637009054
january_2025,346.59418998370717
january_2025,893.0281162046377
none,0.0
none,0.0
none,0.0
elliott_2022,3117.4382424534188
elliott_2022,2632.9972584461366
none,0.0
none,0.0
january_2025,1204.9535723132408
elliott_2022,1418.5021958080777
elliott_2022,1559.2856431022399
elliott_2022,687.569166804842
january_2025,391.0785328998236
elliott_2022,453.79401451886736
january_2025,875.9666751682826
none,0.0
none,0.0
none,0.0
january_2025,0.08742242449510748
january_2025,87.52936178313207
none,0.0
none,0.0
january_2025,436.8711170668906
none,0.0
none,0.0
none,0.0
january_2025,968.5874390376324
none,0.0
none,0.0
none,0.0
none,0.0
none,0.0
none,0.0
none,0.0
january_2025,0.0
january_2025,1454.348999614947
none,0.0
january_2025,148.28544321941277
none,0.0
january_2025,203.9738720400865
january_2025,302.4230678298889
none,0.0
none,0.0
january_2025,12.150371527602521
elliott_2022,2484.2429272575255
none,0.0
none,0.0
none,0.0
none,0.0
none,0.0
january_2025,84.40049286820795
none,0.0
none,0.0
elliott_2022,780.485895555411
january_2025,68.00756672750288
none,0.0
january_2025,783.500253959123
none,0.0
none,0.0
none,0.0
none,0.0
uri_2021,2041.456171345468
none,0.0
january_2025,396.0563852818939
january_2025,609.4413928608137
none,0.0
january_2025,332.3818375832884
none,0.0
none,0.0
none,0.0
none,0.0
uri_2021,690.6562294434622
january_2025,410.07949582849176
none,0.0
none,0.0
january_2025,159.36296466379187
none,0.0
none,0.0
none,0.0
elliott_2022,312.7126481252483
january_2025,1649.8987915011971
none,0.0
none,0.0
uri_2021,3819.547409002606
january_2025,541.4655148782854
january_2025,384.08167180659063
none,0.0
none,0.0
none,0.0
none,0.0
none,0.0
elliott_2022,415.61220056969336
none,0.0
none,0.0
january_2025,346.65516129244946
uri_2021,3801.4925550990765
none,0.0
elliott_2022,1884.8465370359647
january_2025,1023.232985736467
none,0.0
none,0.0
none,0.0
elliott_2022,1481.1115657204439
january_2025,23.808885303564143
none,0.0
none,0.0
none,0.0
none,0.0
none,0.0
uri_2021,3570.850400403342
january_2025,144.62711325486092
none,0.0
none,0.0
elliott_2022,27.17307129869049
uri_2021,1605.2482057498016
elliott_2022,1290.9604106291895
none,0.0
january_2025,1375.775648794137
none,0.0
none,0.0
january_2025,561.9309011768061
none,0.0
none,0.0
none,0.0
none,0.0
january_2025,40.540352548944185
none,0.0
elliott_2022,2665.6901238118207
uri_2021,3640.5786719868247
none,0.0
none,0.0
january_2025,10.422848900821172
elliott_2022,947.646316991367
january_2025,298.75014647848377
elliott_2022,1302.3491352283254
none,0.0
uri_2021,4888.686404478793
none,0.0
none,0.0
none,0.0
none,0.0
january_2025,0.04420474720123737
january_2025,454.74107742018793
january_2025,546.961141263539
january_2025,1164.0041810492087
elliott_2022,702.4552330958918
none,0.0
none,0.0
none,0.0
elliott_2022,1843.9743974830071
january_2025,740.5233146851241
elliott_2022,269.88285575735694
none,0.0
none,0.0
none,0.0
elliott_2022,2871.1082550277747
none,0.0
none,0.0
none,0.0
january_2025,373.94061555439174
none,0.0
none,0.0
none,0.0
none,0.0
january_2025,1142.7545057878403
elliott_2022,962.0957550187605
january_2025,266.7821014181457
uri_2021,1756.761734033281
none,0.0
none,0.0
january_2025,240.76444626927506
january_2025,407.59379790674757
january_2025,467.2389814756035
january_2025,84.8372737301633
none,0.0
january_2025,875.2745271352262
january_2025,1416.2215881121767
january_2025,156.08247414738688
none,0.0
none,0.0
january_2025,355.01199727122906
none,0.0
january_2025,68.20271493454118
elliott_2022,1636.862810039807
january_2025,288.40061863327946
none,0.0
none,0.0
january_2025,0.09183967031800201
none,0.0
january_2025,785.8400032556324
none,0.0
none,0.0
january_2025,941.9200616018886
none,0.0
none,0.0
january_2025,104.02053412584542
none,0.0
none,0.0
none,0.0
january_2025,429.5323899544389
none,0.0
none,0.0
uri_2021,4650.76613255512
none,0.0
none,0.0
none,0.0
elliott_2022,3075.4627667746777
none,0.0
none,0.0
none,0.0
uri_2021,2730.8575152403555
january_2025,525.8139004301742
uri_2021,3363.369164304892
january_2025,796.669385914071
january_2025,41.453665889238735
none,0.0
none,0.0
none,0.0
january_2025,640.6702268369643
none,0.0
january_2025,1509.3762100031954
none,0.0
january_2025,1004.4415756363995
january_2025,303.6114197810212
january_2025,1167.435608352637
none,0.0
none,0.0
none,0.0
elliott_2022,2226.594798821159
none,0.0
january_2025,553.3681085045814
none,0.0
none,0.0
none,0.0
elliott_2022,1543.2149472274295
january_2025,163.8831263900466
none,0.0
uri_2021,3604.492418138599
none,0.0
none,0.0
january_2025,703.3595580611538
none,0.0
january_2025,314.36395167142206
none,0.0
uri_2021,4479.645528451916
none,0.0
none,0.0
none,0.0
january_2025,369.94133783841306
uri_2021,3510.760108766702
none,0.0
none,0.0
january_2025,1727.7514020869864
none,0.0
january_2025,649.3952631695112
none,0.0
none,0.0
none,0.0
none,0.0
january_2025,484.2536858072084
none,0.0
none,0.0
none,0.0
none,0.0
elliott_2022,1708.2357095567556
none,0.0
january_2025,982.9045993122036
january_2025,58.14212566324986
elliott_2022,2797.4753744626205
none,0.0
none,0.0
none,0.0
january_2025,749.1317169299522
none,0.0
january_2025,185.7842372727358
none,0.0
january_2025,615.4288248032544
none,0.0
none,0.0
none,0.0
january_2025,1059.0032681069802
january_2025,450.6935413946003
january_2025,1595.2902436188658
january_2025,1173.286893499946
none,0.0
none,0.0
none,0.0
january_2025,884.2599479039044
none,0.0
none,0.0
none,0.0
none,0.0
elliott_2022,1446.4445707925838
none,0.0
none,0.0
january_2025,459.66278590122073
none,0.0
none,0.0
none,0.0
january_2025,1.8410674226999617
none,0.0
uri_2021,3646.883498431541
none,0.0
elliott_2022,2225.962154041721
none,0.0
none,0.0
none,0.0
none,0.0
none,0.0
none,0.0
uri_2021,2951.2832107697845
january_2025,1437.790336483923
january_2025,1602.2923503496581
none,0.0
none,0.0
january_2025,325.50372602547475
elliott_2022,1600.8854315473336
elliott_2022,1909.4802584475797
none,0.0
elliott_2022,1750.6694943369191
elliott_2022,1379.9931646575583
january_2025,677.8906669673119
none,0.0
none,0.0
uri_2021,3751.398873457413
elliott_2022,1681.238463097675
january_2025,640.7602022460487
january_2025,589.7469106611284
none,0.0
none,0.0
january_2025,388.83261225529066
january_2025,907.5669973409716
none,0.0
none,0.0
january_2025,560.8797867229576
none,0.0
uri_2021,2414.503984150611
uri_2021,2669.811186775974
none,0.0
none,0.0
uri_2021,2678.0076270803274
none,0.0
none,0.0
elliott_2022,819.0802746835581
none,0.0
elliott_2022,1109.6079973877813
none,0.0
none,0.0
none,0.0
none,0.0
none,0.0
january_2025,428.75315882931335
elliott_2022,1939.1828460577242
january_2025,103.65395874445632
january_2025,134.90319299745804
none,0.0
none,0.0
none,0.0
uri_2021,2799.506511108283
none,0.0
uri_2021,4043.5059076963803
none,0.0
elliott_2022,2000.21701692843
elliott_2022,1407.2314324996885
none,0.0
elliott_2022,956.5642648349703
none,0.0
none,0.0
none,0.0
none,0.0
elliott_2022,362.3315424682542
elliott_2022,2635.2362651607364
elliott_2022,766.4240988593671
january_2025,587.7448827800307
none,0.0
uri_2021,2561.6322603853555
none,0.0
elliott_2022,1387.4952144672186
none,0.0
none,0.0
none,0.0
january_2025,525.9429394485895
elliott_2022,701.7182714744943
none,0.0
none,0.0
january_2025,673.765512649461
none,0.0
none,0.0
none,0.0
january_2025,959.6338164387174
none,0.0
none,0.0
january_2025,1204.356435534264
elliott_2022,814.0614739205442
none,0.0
january_2025,208.22524356079342
none,0.0
elliott_2022,1786.9188453245247
none,0.0
none,0.0
none,0.0
uri_2021,3287.451467867636
none,0.0
none,0.0
none,0.0
none,0.0
none,0.0
none,0.0
none,0.0
none,0.0
none,0.0
elliott_2022,2388.044518247893
none,0.0
none,0.0
none,0.0
none,0.0
none,0.0
none,0.0
none,0.0
elliott_2022,2651.2884195939278
january_2025,271.26640275901525
none,0.0
january_2025,556.3872392247815
elliott_2022,2138.3301751400863
january_2025,1085.6664767942523
none,0.0
none,0.0
uri_2021,659.0590312823808
none,0.0
none,0.0
none,0.0
uri_2021,5714.485728131602
elliott_2022,995.0578397769701
january_2025,1243.0559885348162
none,0.0
uri_2021,2910.271706402774
elliott_2022,2596.5408160758493
january_2025,317.5781362040364
elliott_2022,2862.922075648686
none,0.0
january_2025,1038.760522172235
none,0.0
elliott_2022,1186.863457657331
none,0.0
january_2025,364.6776291990155
none,0.0
january_2025,1362.0636723815137
none,0.0
january_2025,62.692740604911386
none,0.0
january_2025,856.4434290740302
none,0.0
none,0.0
none,0.0
elliott_2022,2390.4952379178517
january_2025,860.6770297516471
none,0.0
none,0.0
none,0.0
none,0.0
january_2025,165.64878513461264
none,0.0
elliott_2022,2300.57082051376
none,0.0
uri_2021,1396.5644581339677
none,0.0
january_2025,872.0340983375469
none,0.0
january_2025,546.5238710743811
none,0.0
none,0.0
none,0.0
none,0.0
january_2025,197.0633832565868
elliott_2022,2284.7185634008542
none,0.0
none,0.0
january_2025,1258.1783811897628
none,0.0
none,0.0
none,0.0
none,0.0
none,0.0
uri_2021,5018.146358225916
january_2025,560.8445967064408
uri_2021,317.34359916666665
elliott_2022,2212.2230860826494
none,0.0
none,0.0
none,0.0
january_2025,13.893208741475386
january_2025,396.1121734182476
uri_2021,3081.6636340919104
none,0.0
none,0.0
none,0.0
january_2025,830.444066703837
none,0.0
january_2025,388.6309955800612
january_2025,600.1862338126681
none,0.0
january_2025,242.41326116135218
none,0.0
none,0.0
none,0.0
none,0.0
january_2025,725.8090841070349
january_2025,178.8358552824434
elliott_2022,2505.880866974028
none,0.0
none,0.0
elliott_2022,3415.0033984798492
none,0.0
none,0.0
none,0.0
elliott_2022,2488.1601972650196
none,0.0
elliott_2022,1731.6626248239663
none,0.0
january_2025,11.702515845290678
none,0.0
none,0.0
none,0.0
none,0.0
january_2025,233.44020033876964
none,0.0
none,0.0
none,0.0
none,0.0
none,0.0
january_2025,968.5769980271102
none,0.0
none,0.0
january_2025,130.4956809110801
uri_2021,2895.9667762038357
uri_2021,2853.05102447816
january_2025,818.9199794820423
none,0.0
none,0.0
none,0.0
none,0.0
january_2025,437.5842217653434
uri_2021,1038.48075696154
none,0.0
january_2025,614.2292171897474
elliott_2022,2708.118610741303
none,0.0
none,0.0
none,0.0
none,0.0
none,0.0
january_2025,197.79015777370037
january_2025,85.1723696806163
uri_2021,2282.8486524990526
none,0.0
january_2025,1182.2472108890179
january_2025,436.73676218177144
elliott_2022,2012.950850105728
none,0.0
none,0.0
none,0.0
january_2025,361.1728721384572
none,0.0
none,0.0
january_2025,167.73453028537463
none,0.0
none,0.0
none,0.0
none,0.0
uri_2021,3649.75699903606
none,0.0
january_2025,1005.7823546791833
none,0.0
january_2025,421.6162726041361
none,0.0
elliott_2022,1287.3607300797785
none,0.0
none,0.0
none,0.0
elliott_2022,2534.9963750279285
none,0.0
none,0.0
none,0.0
none,0.0
january_2025,946.0159329088317
none,0.0
none,0.0
none,0.0
elliott_2022,2821.140001265702
january_2025,1203.0564416402547
january_2025,571.8477626760614
january_2025,371.6017571990194
none,0.0
elliott_2022,1868.7322080470858
january_2025,0.0
none,0.0
elliott_2022,319.7295786519614
none,0.0
none,0.0
none,0.0
none,0.0
elliott_2022,590.2776260534315
none,0.0
january_2025,1318.992261497742
january_2025,702.496764336473
uri_2021,3851.294486835559
none,0.0
none,0.0
none,0.0
none,0.0
january_2025,711.8299112669245
none,0.0
january_2025,964.7315502763446
none,0.0
none,0.0
none,0.0
january_2025,1014.7303231904339
none,0.0
uri_2021,4272.544911828394
none,0.0
none,0.0
none,0.0
january_2025,964.1211655880526
none,0.0
none,0.0
elliott_2022,1112.9471503880075
elliott_2022,1992.3542564504737
none,0.0
uri_2021,2980.6527398959383
january_2025,45.80855672533631
none,0.0
none,0.0
elliott_2022,1247.4213184539185
january_2025,839.3041698226668
uri_2021,2045.3948731455937
none,0.0
none,0.0
none,0.0
none,0.0
january_2025,0.0
elliott_2022,1405.8297996267704
none,0.0
january_2025,851.1946192291786
none,0.0
none,0.0
january_2025,597.5931554157771
none,0.0
none,0.0
none,0.0
none,0.0
none,0.0
january_2025,393.8499155797894
none,0.0
elliott_2022,166.62065438960428
january_2025,143.43532066808476
uri_2021,2684.661796684036
elliott_2022,1421.7384606816183
elliott_2022,343.0437673595783
january_2025,325.1177317103305
elliott_2022,1005.6932658764862
none,0.0
none,0.0
none,0.0
none,0.0
january_2025,2.969763061254832
elliott_2022,2278.5486327895323
january_2025,17.23486803584321
none,0.0
january_2025,219.25359361419123
none,0.0
elliott_2022,1089.0617667330048
january_2025,156.34870809756046
january_2025,10.055946869022861
none,0.0
elliott_2022,1489.0510844854712
january_2025,493.06938205058884
uri_2021,4536.443022933336
none,0.0
none,0.0
none,0.0
january_2025,2011.7310955315688
january_2025,119.73544397762967
none,0.0
none,0.0
january_2025,119.57181485041745
january_2025,1645.3226464594522
none,0.0
none,0.0
january_2025,174.6495518799175
none,0.0
none,0.0
january_2025,324.78384554680014
none,0.0
elliott_2022,571.2715943567074
elliott_2022,2254.4224419509696
none,0.0
none,0.0
none,0.0
none,0.0
elliott_2022,1358.745404294971
none,0.0
none,0.0
elliott_2022,602.037563317826
none,0.0
january_2025,1188.7323218215731
none,0.0
none,0.0
elliott_2022,197.91578321677343
elliott_2022,1944.7941686299976
january_2025,742.2815727053011
uri_2021,4111.512355423099
none,0.0
none,0.0
january_2025,745.813265468117
january_2025,1580.8816924616835
none,0.0
january_2025,476.94564939833697
january_2025,74.33747272457985
january_2025,356.9700417350026
elliott_2022,1422.8504374476313
none,0.0
none,0.0
january_2025,821.3345786113015
uri_2021,1336.9818836643092
none,0.0
none,0.0
none,0.0
none,0.0
none,0.0
january_2025,1014.175225172402
none,0.0
elliott_2022,3205.462610985769
none,0.0
january_2025,233.85074228459308
elliott_2022,825.4471366798482
elliott_2022,1889.6992855040069
none,0.0
january_2025,956.5323982434974
none,0.0
none,0.0
none,0.0
january_2025,0.03368931201894845
none,0.0
none,0.0
january_2025,13.423746103703193
none,0.0
none,0.0
january_2025,1026.5182059967105
january_2025,844.5364562011893
january_2025,164.58636813235876
none,0.0
elliott_2022,2275.6446356290267
none,0.0
elliott_2022,2119.9943049541876
elliott_2022,1067.5659264384465
january_2025,1284.4782909947162
none,0.0
uri_2021,4018.891239408472
january_2025,1051.544582010324
january_2025,288.0417064762118
january_2025,114.32499123810709
none,0.0
uri_2021,3581.186987135677
none,0.0
uri_2021,4249.840013104996
uri_2021,1660.168542242594
january_2025,561.4082961634826
january_2025,1065.1502159189731
none,0.0
none,0.0
none,0.0
january_2025,57.42246844616085
january_2025,1090.035962528327
elliott_2022,1577.1547123650391
elliott_2022,2202.6179237532906
january_2025,73.91045079254728
none,0.0
none,0.0
none,0.0
uri_2021,2715.9568232598194
none,0.0
none,0.0
none,0.0
none,0.0
none,0.0
none,0.0
none,0.0
none,0.0
january_2025,633.0886538223704
none,0.0
uri_2021,3438.192714328975
january_2025,1014.9838376609638
none,0.0
none,0.0
none,0.0
none,0.0
january_2025,442.1494247055226
none,0.0
uri_2021,2610.862147573517
none,0.0
none,0.0
none,0.0
january_2025,313.5073085795992
january_2025,915.2921839409507
none,0.0
none,0.0
none,0.0
none,0.0
none,0.0
none,0.0
none,0.0
none,0.0
elliott_2022,775.7692341012319
none,0.0
january_2025,1016.7803805190213
none,0.0
none,0.0
none,0.0
none,0.0
uri_2021,1851.453384135107
january_2025,2.33145183330319
january_2025,1276.708820500605
none,0.0
january_2025,199.7740895291715
none,0.0
january_2025,1046.7052604718185
january_2025,0.6355341117716523
january_2025,1066.3783432783334
january_2025,0.0
none,0.0
none,0.0
none,0.0
none,0.0
none,0.0
january_2025,489.9057015619966
none,0.0
january_2025,642.4066732062528
none,0.0
january_2025,693.3855725623828
none,0.0
uri_2021,4959.925935287771
january_2025,664.8554522485673
none,0.0
none,0.0
none,0.0
january_2025,172.6936694927711
january_2025,1122.2844412705415
none,0.0
january_2025,71.86453350301502
none,0.0
january_2025,136.6600243994275
none,0.0
elliott_2022,2036.0249654468664
january_2025,1964.2138102175772
none,0.0
none,0.0
none,0.0
none,0.0
none,0.0
january_2025,1314.2602406508695
none,0.0
elliott_2022,2939.7644398122097
uri_2021,2391.864653010471
none,0.0
january_2025,526.5764887908296
none,0.0
elliott_2022,2566.283056010903
elliott_2022,1804.329335548871
none,0.0
elliott_2022,2386.1728211685727
none,0.0
none,0.0
none,0.0
none,0.0
elliott_2022,3469.1740301714663
january_2025,0.3643756769860043
elliott_2022,957.601917309563
none,0.0
elliott_2022,1417.9579558702153
none,0.0
none,0.0
none,0.0
none,0.0
january_2025,689.2599619177465
elliott_2022,1016.6691231488759
none,0.0
none,0.0
none,0.0
none,0.0
none,0.0
elliott_2022,2335.267653028533
elliott_2022,48.28872319909352
elliott_2022,1630.7395827302012
january_2025,231.55580297706717
none,0.0
january_2025,76.06967108370384
elliott_2022,3845.847317184769
none,0.0
january_2025,970.9433937342953
none,0.0
elliott_2022,1387.6170273803903
january_2025,0.0
none,0.0
none,0.0
january_2025,1431.5232847044529
none,0.0
january_2025,802.2158783130571
january_2025,907.0268719920066
elliott_2022,1736.5787219568817
elliott_2022,1435.905354555462
none,0.0
january_2025,412.1670538535613
none,0.0
january_2025,1374.1686115566972
none,0.0
none,0.0
uri_2021,2311.0388540151657
january_2025,603.2450982456097
january_2025,0.0
none,0.0
none,0.0
none,0.0
elliott_2022,1493.4425539026447
elliott_2022,1878.8208830260612
none,0.0
none,0.0
january_2025,42.863931609884304
january_2025,82.41536749989272
none,0.0
none,0.0
january_2025,1313.5514551108358
elliott_2022,2240.8883258990795
none,0.0
none,0.0
none,0.0
none,0.0
none,0.0
elliott_2022,2554.330486846881
elliott_2022,1280.7261319957654
none,0.0
elliott_2022,3311.4189699651
none,0.0
none,0.0
january_2025,565.9729690775692
january_2025,1122.739358208501
none,0.0
january_2025,901.565068115384
january_2025,31.794429457366
none,0.0
none,0.0
january_2025,43.912596557488584
january_2025,405.0905544493339
january_2025,779.5994400371713
none,0.0
january_2025,869.3773936009808
none,0.0
none,0.0
none,0.0
elliott_2022,3259.5116871134414
none,0.0
none,0.0
january_2025,73.62568995794597
none,0.0
none,0.0
none,0.0
elliott_2022,1918.8547577935276
none,0.0
january_2025,1093.3217811521843
elliott_2022,1239.0876469029533
none,0.0
none,0.0
none,0.0
none,0.0
none,0.0
none,0.0
elliott_2022,1366.5675312176138
none,0.0
uri_2021,1984.4868906440122
uri_2021,3661.5807455400814
none,0.0
none,0.0
january_2025,1231.6547277256113
none,0.0
elliott_2022,2607.1489299662776
uri_2021,2559.634710752986
january_2025,18.32704380431844
january_2025,924.6905739856008
none,0.0
january_2025,17.964915866197455
elliott_2022,1710.397072483796
none,0.0
january_2025,0.0
none,0.0
elliott_2022,2270.5611508321954
uri_2021,4170.637032599592
january_2025,1327.3417093571793
elliott_2022,3567.7909600545418
none,0.0
elliott_2022,1581.175643160081
none,0.0
none,0.0
january_2025,699.9840941985966
january_2025,1436.3898825767276
elliott_2022,2962.175627425917
none,0.0
elliott_2022,1441.9576510560835
none,0.0
elliott_2022,1486.5615699788887
none,0.0
none,0.0
january_2025,1241.961497969437
january_2025,927.591519314827
uri_2021,1399.4188757455267
none,0.0
none,0.0
none,0.0
none,0.0
none,0.0
january_2025,215.63445544066042
elliott_2022,1148.5270990905994
january_2025,585.9936132798482
january_2025,16.05783402270082
none,0.0
none,0.0
none,0.0
none,0.0
none,0.0
none,0.0
elliott_2022,1442.2561260711134
january_2025,1701.9594253111823
none,0.0
none,0.0
elliott_2022,1181.0628028593671
elliott_2022,1872.6499799158119
january_2025,1484.5462755336948
january_2025,23.601873812115134
elliott_2022,1347.694225531946
january_2025,0.0
none,0.0
none,0.0
january_2025,509.29473653503646
elliott_2022,2299.357658884147
none,0.0
elliott_2022,863.2725741906133
uri_2021,2573.503347420464
none,0.0
none,0.0
none,0.0
january_2025,339.56705500653504
elliott_2022,1081.7424924951074
january_2025,405.6477758147268
none,0.0
none,0.0
january_2025,198.48088819331403
january_2025,801.7704702883551
january_2025,809.6148546395192
none,0.0
january_2025,160.14255884125475
january_2025,47.686300699806715
none,0.0
elliott_2022,1975.2346863593825
none,0.0
none,0.0
elliott_2022,1834.9440602747543
none,0.0
none,0.0
none,0.0
none,0.0
january_2025,58.4445329090491
none,0.0
january_2025,781.1082279339638
january_2025,602.7403057559892
none,0.0
elliott_2022,1408.4187559505265
none,0.0
none,0.0
january_2025,685.6215273962931
none,0.0
none,0.0
none,0.0
none,0.0
january_2025,496.58120346316053
january_2025,528.6862605799846
january_2025,0.04664316380073349
elliott_2022,1093.2455579918103
elliott_2022,2157.8417895743105
elliott_2022,2096.868525138111
uri_2021,1507.6461435429571
none,0.0
elliott_2022,1801.3014889853841
january_2025,836.6980342742676
none,0.0
none,0.0
none,0.0
none,0.0
january_2025,535.1587275309735
january_2025,45.63596431139532
uri_2021,4102.616908102143
january_2025,29.399938471428417
none,0.0
elliott_2022,1156.6698759507956
none,0.0
none,0.0
none,0.0
none,0.0
none,0.0
none,0.0
elliott_2022,1615.146965399124
none,0.0
none,0.0
none,0.0
elliott_2022,1779.6060720453522
none,0.0
none,0.0
none,0.0
uri_2021,3021.9733601044386
elliott_2022,2680.3274158185723
january_2025,1578.5927833579933
january_2025,970.9549643103967
none,0.0
none,0.0
none,0.0
elliott_2022,694.9066845954333
uri_2021,3496.422199821878
none,0.0
none,0.0
none,0.0
january_2025,691.3809293498122
january_2025,0.4206261031379146
none,0.0
none,0.0
january_2025,355.0182918442002
none,0.0
elliott_2022,2033.041277730972
january_2025,0.0
none,0.0
none,0.0
none,0.0
none,0.0
january_2025,325.1172728056305
none,0.0
none,0.0
none,0.0
none,0.0
elliott_2022,1839.0040539892693
january_2025,430.4958077365313
none,0.0
january_2025,603.4221515099109
none,0.0
january_2025,1110.6137946315075
none,0.0
none,0.0
january_2025,734.9113606839875
none,0.0
none,0.0
none,0.0
none,0.0
none,0.0
elliott_2022,1349.8610117625412
january_2025,375.6592786786145
none,0.0
january_2025,1262.4773477716499
none,0.0
uri_2021,4810.8156402619425
none,0.0
january_2025,978.0529413582128
january_2025,818.9235044531819
january_2025,1029.9909715295514
none,0.0
elliott_2022,1673.1101882325509
none,0.0
none,0.0
none,0.0
uri_2021,2664.1050376566245
january_2025,695.441354594587
none,0.0
none,0.0
elliott_2022,486.701021959004
elliott_2022,1535.5149306328663
none,0.0
elliott_2022,2955.418266349097
january_2025,456.14546620893276
none,0.0
none,0.0
none,0.0
none,0.0
january_2025,1187.3458545460326
elliott_2022,1571.6230134047355
none,0.0
none,0.0
uri_2021,2967.5385521139006
elliott_2022,279.0095604277423
elliott_2022,2463.0735881517185
none,0.0
none,0.0
january_2025,0.0
january_2025,949.3891128110206
uri_2021,4524.9524958305155
none,0.0
none,0.0
elliott_2022,2111.583865955903
none,0.0
none,0.0
none,0.0
none,0.0
elliott_2022,2131.6289008337476
none,0.0
none,0.0
none,0.0
elliott_2022,2231.943895886379
elliott_2022,3129.6566537598223
none,0.0
none,0.0
january_2025,199.83218266787577
january_2025,1.1272869922970914
none,0.0
none,0.0
none,0.0
january_2025,36.74387643854524
none,0.0
none,0.0
january_2025,505.61195221279826
none,0.0
none,0.0
january_2025,1211.4930364997638
none,0.0
none,0.0
january_2025,813.2917909682093
elliott_2022,303.47247316699907
none,0.0
none,0.0
none,0.0
none,0.0
uri_2021,4109.663073129111
january_2025,532.0999818204683
none,0.0
uri_2021,2485.587741661671
january_2025,4.012739611509324
none,0.0
none,0.0
none,0.0
january_2025,17.28134730861313
elliott_2022,1533.8883064210681
january_2025,592.9832516011671
none,0.0
none,0.0
none,0.0
elliott_2022,1549.0865659059912
elliott_2022,513.7830848434538
january_2025,1372.793668227514
none,0.0
january_2025,1506.9612793066885
january_2025,507.0580065827422
none,0.0
none,0.0
none,0.0
none,0.0
none,0.0
january_2025,648.5376747881719
none,0.0
none,0.0
january_2025,813.6032571867266
none,0.0
none,0.0
none,0.0
none,0.0
none,0.0
elliott_2022,1530.4588376776521
january_2025,487.93071100714207
elliott_2022,2454.07963441204
january_2025,0.0
none,0.0
none,0.0
january_2025,210.10742178068256
elliott_2022,1560.1253734313104
elliott_2022,3112.359204000866
uri_2021,3731.1734755376783
january_2025,0.0
elliott_2022,2325.016340369224
january_2025,1263.4817455379305
none,0.0
january_2025,2031.3676720866863
none,0.0
none,0.0
elliott_2022,2146.1723359079774
uri_2021,2130.490245855852
none,0.0
none,0.0
january_2025,695.5680878710816
january_2025,244.19706665340266
january_2025,185.29308138761454
january_2025,412.5538908519012
none,0.0
january_2025,741.5149085820435
none,0.0
elliott_2022,1632.6851996884097
january_2025,268.9297953836281
january_2025,1020.5770951128173
january_2025,834.1130117134771
none,0.0
none,0.0
elliott_2022,1145.8992186401094
elliott_2022,1203.5542412227271
none,0.0
none,0.0
elliott_2022,1218.2676900171487
uri_2021,3529.524481188912
none,0.0
january_2025,299.32602277573375
uri_2021,4604.866589020362
january_2025,250.6389040841562
january_2025,676.34221301068
none,0.0
none,0.0
elliott_2022,1025.1911582934358
none,0.0
january_2025,610.7723467617069
elliott_2022,1422.4779268739446
none,0.0
none,0.0
none,0.0
none,0.0
january_2025,1683.6734232835756
none,0.0
none,0.0
none,0.0
january_2025,596.3807502874295
elliott_2022,1293.3651897085786
none,0.0
january_2025,604.6976666632373
january_2025,600.6354743281543
none,0.0
january_2025,1069.6777902595363
none,0.0
none,0.0
none,0.0
none,0.0
january_2025,1480.1437175865035
january_2025,584.3240257766128
january_2025,1077.2871389512277
uri_2021,1533.4958398856595
none,0.0
none,0.0
elliott_2022,1891.5723582231794
january_2025,666.9598802547141
none,0.0
january_2025,711.0566702839185
january_2025,1173.7355704741394
elliott_2022,1034.8145086196673
elliott_2022,1431.599808865176
elliott_2022,1431.923555913928
january_2025,428.2175544771907
none,0.0
none,0.0
elliott_2022,1898.6694200300976
none,0.0
january_2025,254.94788052513996
january_2025,11.656490118523283
none,0.0
elliott_2022,1888.6825881119692
elliott_2022,1529.8407087571532
elliott_2022,427.95328526063673
none,0.0
none,0.0
none,0.0
none,0.0
none,0.0
none,0.0
elliott_2022,794.9322731455416
none,0.0
january_2025,261.9379093908208
none,0.0
uri_2021,2628.2509039892534
january_2025,961.447349873833
none,0.0
january_2025,505.8654976255967
none,0.0
none,0.0
none,0.0
none,0.0
none,0.0
none,0.0
elliott_2022,1523.6484027749527
none,0.0
none,0.0
january_2025,54.752087141545296
january_2025,1185.5681989632483
none,0.0
none,0.0
january_2025,874.1794079716369
january_2025,124.00812966887656
uri_2021,4583.940226574024
none,0.0
january_2025,102.6968503818728
none,0.0
none,0.0
elliott_2022,541.2668995655245
january_2025,394.42868025964407
none,0.0
january_2025,784.2254142753865
january_2025,763.7874540638477
january_2025,1244.2611492698277
none,0.0
none,0.0
none,0.0
none,0.0
none,0.0
none,0.0
none,0.0
uri_2021,4855.723324109866
january_2025,89.50041427572074
none,0.0
none,0.0
january_2025,1056.4801513416976
none,0.0
none,0.0
elliott_2022,2139.9979194169346
none,0.0
none,0.0
none,0.0
none,0.0
elliott_2022,2313.6799000315027
none,0.0
january_2025,1263.4484066357752
january_2025,1271.7699327690316
none,0.0
none,0.0
none,0.0
none,0.0
none,0.0
elliott_2022,1887.1471021098434
none,0.0
uri_2021,3181.056755849697
uri_2021,4519.412809797998
january_2025,75.61051503107461
none,0.0
none,0.0
none,0.0
none,0.0
january_2025,739.534708906792
none,0.0
january_2025,169.48813724788474
none,0.0
uri_2021,2244.1013765656094
january_2025,349.12990066323454
none,0.0
january_2025,59.35019772006191
uri_2021,5443.765711992117
elliott_2022,1710.789910431576
none,0.0
january_2025,726.99375991866
january_2025,28.03987941615978
elliott_2022,1546.4215281047727
none,0.0
none,0.0
none,0.0
none,0.0
none,0.0
january_2025,212.07943814236174
none,0.0
january_2025,452.41390335206455
none,0.0
january_2025,157.51187337422894
none,0.0
none,0.0
january_2025,272.6250474580112
none,0.0
elliott_2022,1585.9872332691618
january_2025,313.8644142296418
none,0.0
none,0.0
none,0.0
uri_2021,3067.01979581078
january_2025,1070.562550550915
uri_2021,2980.3947411760973
january_2025,73.01411878566951
none,0.0
none,0.0
january_2025,35.1882173921068
january_2025,1252.380708894703
none,0.0
elliott_2022,2292.663480580783
elliott_2022,1794.025423032787
january_2025,6.3353781228218065
january_2025,293.8383288400554
uri_2021,2758.3641647626596
none,0.0
none,0.0
january_2025,709.0324188868484
january_2025,246.02105985999307
none,0.0
none,0.0
january_2025,506.3182412790906
elliott_2022,2752.1478569706924
uri_2021,4074.108602733206
january_2025,206.23481072595163
none,0.0
none,0.0
january_2025,351.06467868960533
elliott_2022,2003.7220713311492
january_2025,382.1485190227525
elliott_2022,1940.5200442368773
uri_2021,1889.143787436677
elliott_2022,670.7565010093285
none,0.0
elliott_2022,964.8239816826709
uri_2021,2063.5319593103072
none,0.0
none,0.0
elliott_2022,4013.301748109795
january_2025,339.80284908296983
january_2025,458.2815011866247
none,0.0
january_2025,223.15748361734595
none,0.0
none,0.0
january_2025,1.2067583680546388
january_2025,1436.641902914496
january_2025,1087.485157209485
none,0.0
january_2025,83.04952207151317
none,0.0
none,0.0
january_2025,97.55299319298898
none,0.0
january_2025,326.7122468057569
elliott_2022,1283.1639956791657
none,0.0
elliott_2022,908.0762635127904
january_2025,1437.4484541580632
january_2025,28.783527121625045
january_2025,986.9551375560598
none,0.0
none,0.0
january_2025,666.4590886555828
none,0.0
none,0.0
none,0.0
uri_2021,4156.149822211229
none,0.0
january_2025,0.0
january_2025,637.3465835894214
january_2025,208.89565489735338
none,0.0
none,0.0
elliott_2022,1364.1021202861639
none,0.0
none,0.0
none,0.0
none,0.0
january_2025,872.0524996866912
uri_2021,1503.8735447002641
none,0.0
none,0.0
none,0.0
none,0.0
uri_2021,2213.0498113255444
none,0.0
january_2025,493.9025930453723
none,0.0
january_2025,967.9232123138133
elliott_2022,1754.0577327391015
january_2025,528.1178583159382
none,0.0
january_2025,1818.6348480750412
none,0.0
elliott_2022,2288.7316920926473
none,0.0
elliott_2022,707.678149855374
january_2025,676.9284753765669
none,0.0
none,0.0
january_2025,113.65070199919661
none,0.0
january_2025,914.0438657735536
none,0.0
january_2025,397.7538918989854
none,0.0
none,0.0
january_2025,158.25217043387977
january_2025,838.440768563946
uri_2021,3815.589202265608
january_2025,0.0
none,0.0
elliott_2022,1341.5231677832342
none,0.0
elliott_2022,1407.0618311159835
none,0.0
none,0.0
elliott_2022,548.4677629786828
january_2025,122.42058028955893
january_2025,691.7507665520541
january_2025,1393.7199747195598
none,0.0
none,0.0
none,0.0
none,0.0
january_2025,1361.3466618805896
none,0.0
elliott_2022,2526.4866949810844
january_2025,0.0
none,0.0
none,0.0
elliott_2022,2611.417980527314
none,0.0
none,0.0
none,0.0
uri_2021,5525.8406209001905
elliott_2022,1485.3827802422786
none,0.0
none,0.0
none,0.0
none,0.0
none,0.0
none,0.0
none,0.0
january_2025,638.3275913718627
none,0.0
none,0.0
january_2025,1082.6606483677638
none,0.0
none,0.0
elliott_2022,2573.5897476441455
none,0.0
none,0.0
none,0.0
january_2025,659.8018907574339
january_2025,1321.83883687822
none,0.0
january_2025,541.8811876802595
none,0.0
none,0.0
none,0.0
none,0.0
january_2025,374.84348284495644
january_2025,684.3183193135163
january_2025,366.14969615900503
january_2025,371.1995403802205
none,0.0
january_2025,72.01331234371801
none,0.0
january_2025,745.5414730215817
none,0.0
none,0.0
january_2025,431.7245025411745
none,0.0
none,0.0
none,0.0
none,0.0
none,0.0
none,0.0
none,0.0
elliott_2022,1989.0756039849073
none,0.0
none,0.0
elliott_2022,1716.8810406570783
january_2025,1171.1966466840436
january_2025,906.826001829545
january_2025,393.258823137918
january_2025,7.118332091256621
none,0.0
uri_2021,3269.662193091889
none,0.0
none,0.0
elliott_2022,2490.791183341721
none,0.0
january_2025,559.61297065493
none,0.0
none,0.0
none,0.0
uri_2021,1563.2629361956906
january_2025,119.23655242921052
january_2025,686.8800738588287
elliott_2022,711.5622593744403
none,0.0
none,0.0
january_2025,28.83820447954191
uri_2021,3019.221658926363
none,0.0
elliott_2022,126.33325815533313
none,0.0
none,0.0
none,0.0
none,0.0
none,0.0
none,0.0
january_2025,649.1001979010429
none,0.0
elliott_2022,2168.8447101417014
elliott_2022,1702.3897295160846
none,0.0
january_2025,349.8053695982858
january_2025,951.4942524020678
none,0.0
elliott_2022,2313.952607890894
january_2025,423.0131917174812
elliott_2022,2157.916105731566
none,0.0
none,0.0
january_2025,441.71881483109564
none,0.0
uri_2021,1139.647552259973
none,0.0
none,0.0
none,0.0
january_2025,0.0
none,0.0
none,0.0
none,0.0
none,0.0
elliott_2022,2060.020144357067
january_2025,1203.8310095916527
january_2025,623.6143145001137
none,0.0
elliott_2022,2069.953529540347
elliott_2022,1415.4633652456453
none,0.0
january_2025,5.505876164189784
none,0.0
january_2025,334.04480847998803
none,0.0
january_2025,625.6264879826291
january_2025,108.70077448479846
none,0.0
january_2025,1337.9157394012575
none,0.0
elliott_2022,2779.872545779598
january_2025,660.3754832667167
none,0.0
january_2025,605.9412982856857
uri_2021,1920.3939615039055
elliott_2022,824.896420288266
january_2025,870.9913727708325
elliott_2022,1009.5084558208322
january_2025,637.5525560361485
elliott_2022,1924.5014494233728
none,0.0
january_2025,381.0057846909792
none,0.0
january_2025,1234.8127995296459
january_2025,1152.742137904091
none,0.0
none,0.0
none,0.0
none,0.0
january_2025,916.9343704508
uri_2021,3269.1635306394996
january_2025,582.3812527691672
none,0.0
uri_2021,2131.649248559759
uri_2021,3961.145383989988
january_2025,210.07610658882828
january_2025,709.1946458768185
none,0.0
january_2025,48.83492241033743
none,0.0
january_2025,943.7526330235861
none,0.0
none,0.0
january_2025,0.4141054954277141
none,0.0
none,0.0
none,0.0
none,0.0
none,0.0
none,0.0
january_2025,106.01398641122549
uri_2021,1718.0769321898886
none,0.0
none,0.0
uri_2021,1720.4909667975428
none,0.0
none,0.0
none,0.0
none,0.0
none,0.0
none,0.0
none,0.0
elliott_2022,834.6315486878508
none,0.0
january_2025,464.3879949603079
january_2025,32.63472136891642
none,0.0
none,0.0
january_2025,468.52010638417596
none,0.0
elliott_2022,871.9498424965795
none,0.0
january_2025,830.0104931598139
uri_2021,4128.968746004876
none,0.0
none,0.0
january_2025,418.35307687535163
none,0.0
none,0.0
none,0.0
elliott_2022,1899.4580377908298
uri_2021,3334.0441848671503
elliott_2022,975.3488989046575
none,0.0
none,0.0
none,0.0
none,0.0
none,0.0
january_2025,438.16019921833345
january_2025,1195.3689472590224
january_2025,1731.852143541437
january_2025,88.59230161986159
none,0.0
january_2025,574.1095792237642
elliott_2022,273.98512175881865
none,0.0
elliott_2022,1562.5764866997501
elliott_2022,1919.448830435188
none,0.0
none,0.0
none,0.0
none,0.0
uri_2021,3472.7894461553083
none,0.0
elliott_2022,55.10199303953916
january_2025,1152.3641109888736
january_2025,769.7901076025796
none,0.0
none,0.0
january_2025,358.3562706951746
january_2025,381.3850383983004
none,0.0
january_2025,1144.9893114054687
none,0.0
uri_2021,4158.592473302534
uri_2021,5471.14583540651
none,0.0
none,0.0
january_2025,801.1507798234143
january_2025,1483.99795489441
none,0.0
none,0.0
none,0.0
january_2025,993.8324570851677
elliott_2022,1924.4023066799393
none,0.0
none,0.0
none,0.0
none,0.0
elliott_2022,1468.6566470239688
elliott_2022,559.2522990985374
none,0.0
none,0.0
uri_2021,1679.6650324059663
none,0.0
january_2025,866.0587674855323
none,0.0
none,0.0
elliott_2022,5.804789166666667
january_2025,5.845160600524881
january_2025,1424.2155514587723
january_2025,527.3677564448649
january_2025,1578.7696945769228
january_2025,181.83238145242476
elliott_2022,1442.1283766725817
january_2025,281.9768523638733
none,0.0
none,0.0
elliott_2022,917.0971731175193
elliott_2022,2980.376353004242
none,0.0
none,0.0
january_2025,562.870538473164
none,0.0
none,0.0
none,0.0
uri_2021,2725.6238407921232
january_2025,1663.6403266766938
none,0.0
none,0.0
uri_2021,3041.558755786097
none,0.0
elliott_2022,1539.7348511434234
none,0.0
january_2025,874.2815130975619
january_2025,5.769858503799474
none,0.0
none,0.0
none,0.0
none,0.0
january_2025,1421.910166707694
none,0.0
none,0.0
none,0.0
uri_2021,4589.8028961063565
january_2025,0.0
none,0.0
none,0.0
none,0.0
none,0.0
none,0.0
none,0.0
january_2025,103.418693148718
january_2025,287.37779650407435
none,0.0
none,0.0
january_2025,224.63480749487576
january_2025,36.3479309696795
none,0.0
none,0.0
none,0.0
january_2025,260.6332836842126
none,0.0
january_2025,19.266671942715046
uri_2021,3523.1923334295943
none,0.0
none,0.0
january_2025,1018.316279154795
elliott_2022,2963.9817918358976
none,0.0
none,0.0
january_2025,512.8719342611345
none,0.0
none,0.0
none,0.0
none,0.0
none,0.0
none,0.0
none,0.0
none,0.0
none,0.0
none,0.0
none,0.0
january_2025,714.288707849148
elliott_2022,2271.0217660200487
none,0.0
january_2025,883.3587765653813
none,0.0
january_2025,1353.7059540279847
none,0.0
none,0.0
january_2025,78.2870794365332
none,0.0
none,0.0
none,0.0
none,0.0
elliott_2022,347.91224556045734
none,0.0
none,0.0
january_2025,87.16639450373837
none,0.0
none,0.0
elliott_2022,1597.9471928259165
none,0.0
none,0.0
january_2025,146.63288206143048
uri_2021,4201.291300096368
elliott_2022,271.10713642311094
none,0.0
january_2025,213.72083352324233
none,0.0
elliott_2022,2850.975513881387
january_2025,827.6131081983189
none,0.0
none,0.0
uri_2021,1264.386767760369
none,0.0
january_2025,102.76798091982486
elliott_2022,1318.7911351764599
none,0.0
january_2025,895.7061767253988
none,0.0
january_2025,617.4100033448939
none,0.0
none,0.0
elliott_2022,2473.505206252791
none,0.0
january_2025,534.4521424170043
none,0.0
none,0.0
uri_2021,5862.230628642417
january_2025,303.4885497149292
january_2025,362.35882343040777
january_2025,0.0
january_2025,1203.553165495384
january_2025,518.8832036097451
january_2025,97.00139039784999
none,0.0
january_2025,264.8918160271009
january_2025,405.935824926514
january_2025,426.87974853416415
january_2025,352.900764590133
none,0.0
elliott_2022,1115.8181808636966
none,0.0
january_2025,1.310094060920624
none,0.0
none,0.0
elliott_2022,1725.036118312147
elliott_2022,1678.1526266906583
uri_2021,3151.082345510036
none,0.0
january_2025,728.1630370003578
none,0.0
none,0.0
none,0.0
january_2025,525.734221635318
none,0.0
none,0.0
none,0.0
none,0.0
none,0.0
none,0.0
none,0.0
none,0.0
january_2025,852.3434827338832
elliott_2022,2369.5188951441805
none,0.0
elliott_2022,2667.5087725679127
none,0.0
none,0.0
none,0.0
none,0.0
elliott_2022,280.2904671098995
none,0.0
none,0.0
january_2025,1962.5608698495705
january_2025,816.1823892896035
january_2025,274.46224573936956
none,0.0
none,0.0
january_2025,1746.9782606531442
january_2025,1323.1154891395424
january_2025,156.38365075753097
none,0.0
none,0.0
none,0.0
none,0.0
uri_2021,3889.010427714992
january_2025,978.1310268626889
none,0.0
elliott_2022,3818.7878913692657
january_2025,591.4490198188245
none,0.0
uri_2021,4081.870961978533
january_2025,1087.1011807004545
elliott_2022,994.9562880671468
uri_2021,3462.746284569421
none,0.0
elliott_2022,2151.4156177620816
none,0.0
january_2025,871.0421179370057
uri_2021,2785.4918661655047
uri_2021,3032.9447274471413
none,0.0
none,0.0
elliott_2022,1000.7576455606511
elliott_2022,1206.2398383509255
none,0.0
none,0.0
none,0.0
none,0.0
none,0.0
january_2025,144.24999409361135
january_2025,817.1370386812866
none,0.0
none,0.0
january_2025,633.1881559576354
none,0.0
none,0.0
none,0.0
none,0.0
none,0.0
elliott_2022,1828.435661666058
uri_2021,2669.927730211063
january_2025,674.7901419393551
january_2025,825.7760523866245
none,0.0
january_2025,69.6770002869667
none,0.0
january_2025,708.7124040473889
none,0.0
elliott_2022,3614.285950279329
elliott_2022,1427.7084414391659
none,0.0
none,0.0
january_2025,1319.8168869221302
january_2025,939.4771884782766
none,0.0
none,0.0
january_2025,966.2697557049964
none,0.0
january_2025,770.1862749770918
january_2025,814.4567017268578
none,0.0
none,0.0
elliott_2022,2188.901258803065
none,0.0
january_2025,271.29293421179597
none,0.0
january_2025,1086.169394214165
none,0.0
january_2025,403.7805698642743
none,0.0
elliott_2022,437.77465191293913
none,0.0
none,0.0
january_2025,268.24729400526405
none,0.0
none,0.0
uri_2021,998.1540841822161
none,0.0
elliott_2022,1565.4128429537373
elliott_2022,2143.0838771431395
none,0.0
elliott_2022,1837.2508786992883
none,0.0
uri_2021,3901.3563717235857
none,0.0
none,0.0
none,0.0
none,0.0
none,0.0
elliott_2022,1050.4374792777319
january_2025,711.2226422048235
none,0.0
uri_2021,2517.02194792972
none,0.0
elliott_2022,3388.9580481478497
elliott_2022,1495.494710821286
none,0.0
none,0.0
january_2025,326.8224467655724
none,0.0
none,0.0
none,0.0
none,0.0
january_2025,268.3003912150952
none,0.0
elliott_2022,1315.1031172737512
uri_2021,4852.031623320701
january_2025,463.68877124063226
none,0.0
elliott_2022,2338.971993203946
uri_2021,2355.203488638178
none,0.0
none,0.0
none,0.0
elliott_2022,2042.0775660582306
elliott_2022,1838.515575877633
none,0.0
none,0.0
elliott_2022,1444.6688031591439
uri_2021,4057.1771613990927
elliott_2022,6.533505689194629
january_2025,535.367580890282
elliott_2022,510.5620013547018
elliott_2022,1551.6317552319367
january_2025,735.6836433275147
january_2025,763.8586546956617
none,0.0
elliott_2022,1776.8419220810936
none,0.0
january_2025,731.1503644523781
none,0.0
january_2025,17.352611199637572
none,0.0
january_2025,221.93579651746276
none,0.0
january_2025,858.7776320559071
none,0.0
january_2025,1148.1330303393943
january_2025,458.95677155370873
uri_2021,3656.14080983191
january_2025,300.0118637467716
none,0.0
none,0.0
january_2025,227.6906412368687
none,0.0
january_2025,484.08676628893056
none,0.0
none,0.0
none,0.0
january_2025,0.0
none,0.0
january_2025,289.314023260743
none,0.0
elliott_2022,368.80831247871555
january_2025,6.033325363130113
none,0.0
january_2025,1153.5246347063903
elliott_2022,975.3900706633913
none,0.0
none,0.0
january_2025,122.62515305047334
january_2025,17.4398399560658
none,0.0
none,0.0
january_2025,283.82179298630797
none,0.0
none,0.0
none,0.0
none,0.0
none,0.0
elliott_2022,2636.8609897620195
none,0.0
elliott_2022,2144.433911750382
january_2025,525.6866391634574
january_2025,139.35124031531498
elliott_2022,2297.9932016434855
none,0.0
none,0.0
none,0.0
elliott_2022,1422.6144939820733
none,0.0
elliott_2022,1317.9505395847366
none,0.0
uri_2021,3407.9848631047166
none,0.0
none,0.0
none,0.0
none,0.0
january_2025,1777.2072175287663
january_2025,98.53991906787377
elliott_2022,2367.1808834216395
none,0.0
january_2025,642.1777675245844
elliott_2022,610.4867815107652
none,0.0
elliott_2022,1710.679920567752
elliott_2022,662.9834268082022
none,0.0
january_2025,576.2880179635802
elliott_2022,1614.0585009799245
uri_2021,2961.5915108251543
january_2025,451.15584294618446
none,0.0
january_2025,0.2791325576272758
elliott_2022,689.9628954901864
january_2025,95.32128272038433
january_2025,0.0
january_2025,1084.8371480123235
uri_2021,2793.450597210793
none,0.0
none,0.0
january_2025,46.65082015044284
january_2025,771.259565228831
none,0.0
none,0.0
none,0.0
none,0.0
elliott_2022,3018.626448328575
none,0.0
none,0.0
none,0.0
none,0.0
none,0.0
uri_2021,1449.8466776937648
none,0.0
elliott_2022,816.2451255387148
january_2025,356.64705713712146
none,0.0
none,0.0
none,0.0
january_2025,1409.114417205859
january_2025,264.43780842355466
none,0.0
january_2025,1044.8419436066622
january_2025,802.0855763117116
elliott_2022,2595.370636219532
january_2025,532.8316193253597
uri_2021,3300.7433904361988
none,0.0
none,0.0
none,0.0
none,0.0
none,0.0
none,0.0
elliott_2022,214.38057391368625
none,0.0
january_2025,3.6334160557852155
january_2025,1652.9471767180003
none,0.0
none,0.0
none,0.0
none,0.0
none,0.0
january_2025,708.7697564548539
uri_2021,3124.697453992502
none,0.0
elliott_2022,1201.4047441760367
none,0.0
none,0.0
none,0.0
none,0.0
january_2025,0.0
none,0.0
january_2025,611.2113292939396
none,0.0
none,0.0
none,0.0
january_2025,989.9113923255369
none,0.0
january_2025,228.71582521309102
uri_2021,3550.329440999315
january_2025,458.01917647603926
january_2025,648.3883675731427
none,0.0
elliott_2022,1168.321589470855
january_2025,431.08629425062037
elliott_2022,1536.4674446332047
none,0.0
elliott_2022,1351.888596465271
elliott_2022,1401.749248532558
january_2025,166.32453689481784
none,0.0
january_2025,860.9529821554106
none,0.0
none,0.0
elliott_2022,1362.5282738245178
none,0.0
none,0.0
uri_2021,4079.328955722683
january_2025,501.66155801412896
none,0.0
january_2025,1106.578296121416
none,0.0
none,0.0
none,0.0
none,0.0
none,0.0
january_2025,540.4327079610583
elliott_2022,1276.1913808340785
january_2025,687.0050386422181
none,0.0
uri_2021,1587.2346647851662
none,0.0
january_2025,177.99717264559183
january_2025,215.74127034117853
uri_2021,2633.745137338772
january_2025,993.1060518334389
none,0.0
none,0.0
january_2025,923.7510616467139
none,0.0
january_2025,25.68949005335044
none,0.0
none,0.0
elliott_2022,1501.254636459492
none,0.0
none,0.0
none,0.0
january_2025,175.17832480650966
none,0.0
none,0.0
none,0.0
none,0.0
january_2025,1074.6578841258647
none,0.0
none,0.0
elliott_2022,1381.5146719808138
none,0.0
none,0.0
none,0.0
elliott_2022,2832.436670869929
elliott_2022,426.08265050380083
january_2025,642.2201236300572
none,0.0
january_2025,124.0894124135723
none,0.0
uri_2021,4336.315014968058
none,0.0
none,0.0
uri_2021,3372.1395344140597
elliott_2022,8.649739166666667
none,0.0
none,0.0
january_2025,251.38354015409473
none,0.0
none,0.0
none,0.0
none,0.0
elliott_2022,1633.050818306447
january_2025,255.84744565954995
none,0.0
january_2025,145.98877865385174
january_2025,250.84671264543803
january_2025,1281.974986050064
none,0.0
none,0.0
none,0.0
none,0.0
january_2025,901.0671689526785
uri_2021,3011.3554576696483
none,0.0
january_2025,173.48133955568673
none,0.0
elliott_2022,1237.9829491684288
january_2025,740.405801653391
none,0.0
none,0.0
january_2025,728.5297920883486
january_2025,1172.040224502034
elliott_2022,1393.150200310601
none,0.0
none,0.0
january_2025,595.0664077249784
january_2025,1079.8084509438459
january_2025,1458.3915078833966
january_2025,550.714159131921
none,0.0
none,0.0
none,0.0
none,0.0
january_2025,177.72634431206197
none,0.0
january_2025,458.6565140520466
none,0.0
none,0.0
january_2025,1322.9974646923436
elliott_2022,1813.2433359739491
january_2025,347.8783862513078
none,0.0
none,0.0
january_2025,457.0799788575874
january_2025,26.47972888261009
january_2025,1215.478541133148
none,0.0
none,0.0
none,0.0
elliott_2022,2290.7981350712225
elliott_2022,962.5989154558508
none,0.0
january_2025,280.6667983650652
january_2025,1.3332049777877437
january_2025,740.0456865969657
january_2025,152.9817002846551
elliott_2022,2441.5495216028794
january_2025,1148.9791940108828
none,0.0
none,0.0
none,0.0
january_2025,222.48260187804357
none,0.0
none,0.0
none,0.0
none,0.0
none,0.0
january_2025,846.8116104424074
january_2025,356.577921522888
none,0.0
none,0.0
elliott_2022,988.4223289773907
none,0.0
none,0.0
none,0.0
elliott_2022,1666.0964796151375
none,0.0
none,0.0
january_2025,1542.768753030923
none,0.0
elliott_2022,862.5233833995756
none,0.0
january_2025,69.38362512402809
none,0.0
january_2025,176.69495944201225
january_2025,775.7803703095086
january_2025,190.1149354318907
none,0.0
none,0.0
january_2025,711.6412165826895
none,0.0
january_2025,519.6297047146729
elliott_2022,1754.4787678298471
elliott_2022,4261.577019166666
none,0.0
uri_2021,3031.97781253546
none,0.0
january_2025,791.4177481137356
none,0.0
january_2025,1541.882512064701
uri_2021,1851.3199176345245
january_2025,425.1858844439873
january_2025,1342.680529016782
none,0.0
none,0.0
elliott_2022,482.85367760190087
none,0.0
none,0.0
none,0.0
none,0.0
none,0.0
january_2025,823.0714396330116
none,0.0
january_2025,393.8194956965985
none,0.0
uri_2021,1705.4371192045633
january_2025,0.0
none,0.0
none,0.0
none,0.0
january_2025,221.62194268728888
january_2025,1049.7080999194393
elliott_2022,1851.2103569413405
none,0.0
january_2025,787.2200290609599
none,0.0
none,0.0
none,0.0
january_2025,927.3932605413729
none,0.0
elliott_2022,1118.4496116912474
elliott_2022,1398.6041785034267
january_2025,900.1563286447423
none,0.0
january_2025,1100.5935488977004
january_2025,858.4455070527357
none,0.0
none,0.0
january_2025,1.1436423048668867
january_2025,974.8267013786301
none,0.0
none,0.0
none,0.0
none,0.0
elliott_2022,2111.829407602059
none,0.0
none,0.0
none,0.0
elliott_2022,1944.7742806616523
january_2025,589.7232940059971
none,0.0
none,0.0
none,0.0
none,0.0
none,0.0
none,0.0
none,0.0
january_2025,735.8921924059583
january_2025,870.3891235128652
uri_2021,4951.338173499761
none,0.0
none,0.0
january_2025,945.8555664117857
none,0.0
none,0.0
none,0.0
none,0.0
elliott_2022,2304.3015783594465
none,0.0
none,0.0
none,0.0
none,0.0
none,0.0
none,0.0
none,0.0
january_2025,482.3327655130118
january_2025,807.2736278595567
none,0.0
none,0.0
none,0.0
none,0.0
elliott_2022,1189.4264183576147
none,0.0
none,0.0
none,0.0
none,0.0
none,0.0
none,0.0
uri_2021,5379.6503379692
january_2025,1510.3465960636206
january_2025,934.9329856643728
none,0.0
elliott_2022,170.94315278778066
uri_2021,2680.2764406852025
uri_2021,5188.0283039870765
none,0.0
elliott_2022,1778.2436946307403
none,0.0
january_2025,346.7205185479836
uri_2021,3151.9873220002523
none,0.0
none,0.0
none,0.0
january_2025,327.7582664712857
elliott_2022,1217.2023299036725
elliott_2022,1219.050978307875
none,0.0
january_2025,1183.8785522770029
elliott_2022,495.9917342778859
none,0.0
none,0.0
none,0.0
none,0.0
none,0.0
none,0.0
elliott_2022,2281.5498635111744
none,0.0
none,0.0
january_2025,1922.4457942137528
none,0.0
january_2025,1905.620185138396
none,0.0
january_2025,973.046082197284
none,0.0
january_2025,2186.019418344728
none,0.0
elliott_2022,1428.0018989012367
january_2025,727.0067446158922
january_2025,92.16005684594356
none,0.0
uri_2021,1963.3920550050393
none,0.0
none,0.0
none,0.0
none,0.0
none,0.0
none,0.0
none,0.0
none,0.0
january_2025,1371.3058012011968
january_2025,170.580962213052
january_2025,808.081229443722
none,0.0
elliott_2022,1936.4941957313852
uri_2021,1342.778744529231
none,0.0
none,0.0
elliott_2022,1850.1087787266845
none,0.0
none,0.0
none,0.0
uri_2021,3452.378817749756
january_2025,33.835223816732935
elliott_2022,928.0232102662783
january_2025,516.2295335170979
none,0.0
none,0.0
january_2025,5.617444737748001
elliott_2022,2377.197600388129
none,0.0
none,0.0
january_2025,261.646678817861
elliott_2022,1883.6915026667923
elliott_2022,1776.4848799075805
uri_2021,4319.717849374402
january_2025,1063.2964943699346
none,0.0
none,0.0
none,0.0
elliott_2022,1663.246669588115
none,0.0
none,0.0
uri_2021,2936.9284444512314
none,0.0
january_2025,752.013834702728
none,0.0
january_2025,722.0209164738036
none,0.0
elliott_2022,827.3699608875833
none,0.0
january_2025,396.6282627190618
elliott_2022,1812.7499887084011
none,0.0
none,0.0
none,0.0
none,0.0
january_2025,253.78809121966017
none,0.0
elliott_2022,2770.3049541381306
none,0.0
none,0.0
none,0.0
uri_2021,2544.8641530988616
none,0.0
none,0.0
elliott_2022,2299.639458219128
january_2025,15.686994476877091
january_2025,394.0353722687048
none,0.0
january_2025,410.59195379712304
january_2025,342.70990158055605
none,0.0
none,0.0
none,0.0
none,0.0
none,0.0
none,0.0
january_2025,39.79249504155315
january_2025,574.7794413174308
none,0.0
none,0.0
uri_2021,4414.3011445572165
elliott_2022,1616.674680563207
elliott_2022,660.7481902435782
none,0.0
none,0.0
none,0.0
none,0.0
none,0.0
none,0.0
january_2025,138.45966148017592
january_2025,88.35807543591136
january_2025,785.6256401107779
none,0.0
january_2025,413.0861807818833
none,0.0
elliott_2022,1901.2597213798426
none,0.0
january_2025,549.7437941911409
none,0.0
january_2025,558.4726170661984
none,0.0
elliott_2022,4044.793551808229
none,0.0
january_2025,127.57109711256199
elliott_2022,1577.9989761462048
january_2025,303.8071550275758
uri_2021,1530.1457063801654
elliott_2022,2494.3188827448525
elliott_2022,1150.2290024122562
january_2025,597.307298083584
none,0.0
none,0.0
none,0.0
january_2025,0.8510683655002842
none,0.0
elliott_2022,2008.219214087275
january_2025,116.75841094693516
none,0.0
none,0.0
january_2025,1318.5221054479157
january_2025,1.6613987374513428
elliott_2022,1365.8586334802194
none,0.0
elliott_2022,1279.7156472457973
elliott_2022,171.97520617970468
january_2025,477.03284402610666
none,0.0
january_2025,0.5306866651067176
january_2025,355.4853089530415
elliott_2022,359.6514824159656
none,0.0
none,0.0
uri_2021,4513.049783295212
none,0.0
none,0.0
elliott_2022,1827.0845073465578
none,0.0
uri_2021,3845.6757415766233
none,0.0
none,0.0
none,0.0
none,0.0
uri_2021,1384.2978283690811
none,0.0
none,0.0
january_2025,75.72871053225018
none,0.0
uri_2021,3728.727390107666
none,0.0
january_2025,1559.9181431824652
january_2025,257.354005447247
none,0.0
none,0.0
january_2025,284.59921884556485
january_2025,1155.7677022220482
none,0.0
january_2025,910.7094922029991
none,0.0
uri_2021,2606.0832114544305
elliott_2022,921.210838472597
none,0.0
january_2025,1299.9285724644187
january_2025,1070.1995804708097
january_2025,460.082871851479
elliott_2022,1503.8390871916677
none,0.0
none,0.0
none,0.0
none,0.0
elliott_2022,1842.8021283106837
uri_2021,2976.399371889208
elliott_2022,142.01460075627907
none,0.0
none,0.0
none,0.0
none,0.0
uri_2021,1995.8752152912616
elliott_2022,2637.9515630731103
none,0.0
january_2025,54.7858123380043
january_2025,272.80161237389706
january_2025,668.1262977624057
none,0.0
uri_2021,1309.0836322528994
none,0.0
none,0.0
january_2025,351.080798604731
none,0.0
elliott_2022,2419.428114003193
january_2025,1871.6784629987676
none,0.0
none,0.0
january_2025,145.91757414819966
elliott_2022,818.8321440798957
uri_2021,1730.1282399574252
january_2025,1065.7360876920454
none,0.0
elliott_2022,1288.7833656633356
none,0.0
none,0.0
none,0.0
elliott_2022,2772.1232528141813
none,0.0
none,0.0
january_2025,382.95566636718144
january_2025,450.88361745554283
elliott_2022,389.98940020871726
none,0.0
none,0.0
elliott_2022,2950.9302909644393
none,0.0
uri_2021,2218.56039254862
elliott_2022,1355.1570978699624
none,0.0
none,0.0
none,0.0
elliott_2022,1635.0542522889682
none,0.0
none,0.0
none,0.0
january_2025,1265.961181366692
none,0.0
none,0.0
january_2025,1400.537001596884
none,0.0
january_2025,286.3155867113242
none,0.0
none,0.0
none,0.0
none,0.0
january_2025,761.5689779015702
january_2025,392.38349128764264
none,0.0
january_2025,634.3308352837665
january_2025,178.18894448024665
none,0.0
none,0.0
elliott_2022,1938.2063529576155
none,0.0
elliott_2022,1804.6447070673112
january_2025,965.7519364980108
january_2025,422.08471253825354
elliott_2022,2812.051590198134
january_2025,691.2699540249405
none,0.0
none,0.0
january_2025,933.3740400197571
elliott_2022,232.6497300722307
elliott_2022,1370.85988728497
none,0.0
none,0.0
elliott_2022,1473.5085497208318
none,0.0
january_2025,164.2971437753063
january_2025,22.847181900871686
elliott_2022,1408.063653447433
january_2025,878.107370081031
uri_2021,3367.984287393814
none,0.0
january_2025,1472.994395139042
none,0.0
none,0.0
january_2025,639.8445876181045
january_2025,569.2524552442145
january_2025,185.4543885803484
none,0.0
january_2025,480.551882910391
uri_2021,2364.4239491324693
none,0.0
none,0.0
none,0.0
none,0.0
none,0.0
none,0.0
january_2025,1248.4510498622697
january_2025,368.9397213651583
january_2025,117.72768235082134
none,0.0
none,0.0
none,0.0
none,0.0
none,0.0
none,0.0
uri_2021,3678.703317873594
january_2025,269.2097507505781
elliott_2022,2271.925107322442
none,0.0
none,0.0
elliott_2022,929.6259025959049
elliott_2022,2116.232378777399
none,0.0
january_2025,1361.3040052130948
january_2025,772.850741456355
none,0.0
none,0.0
none,0.0
january_2025,538.7986027367185
none,0.0
none,0.0
none,0.0
none,0.0
january_2025,1479.9032090596736
january_2025,610.60754796504
none,0.0
none,0.0
none,0.0
uri_2021,3769.9444815477405
january_2025,990.0141659886913
none,0.0
none,0.0
january_2025,850.368799858358
none,0.0
elliott_2022,1097.9021519248824
january_2025,152.2138611528425
january_2025,1015.0270026299073
none,0.0
january_2025,441.32687527418557
none,0.0
none,0.0
none,0.0
none,0.0
none,0.0
uri_2021,3246.7840851906585
uri_2021,1175.5182689780959
elliott_2022,2046.8158072704657
january_2025,0.0
elliott_2022,2177.6959178423986
none,0.0
none,0.0
elliott_2022,1711.5580383803342
none,0.0
january_2025,505.3660073166175
uri_2021,2201.1139784430234
none,0.0
none,0.0
none,0.0
none,0.0
none,0.0
none,0.0
uri_2021,3787.311168405126
elliott_2022,2608.190101828726
none,0.0
january_2025,182.89658280441853
none,0.0
elliott_2022,2017.7380086478167
january_2025,166.17371739906673
none,0.0
none,0.0
none,0.0
none,0.0
uri_2021,1723.283524657219
january_2025,319.442556894256
january_2025,349.2258113237684
january_2025,236.86649708424804
january_2025,1263.4411908769407
elliott_2022,1553.7711255465124
none,0.0
none,0.0
none,0.0
january_2025,771.5052128219753
none,0.0
january_2025,459.6894300209272
none,0.0
january_2025,166.83951135136505
none,0.0
none,0.0
none,0.0
none,0.0
none,0.0
elliott_2022,2562.7331160434946
january_2025,403.43243011818606
january_2025,1107.5180785823738
none,0.0
january_2025,1094.7476495570936
none,0.0
january_2025,1667.3598672299524
none,0.0
none,0.0
none,0.0
none,0.0
none,0.0
none,0.0
none,0.0
elliott_2022,1939.724935491782
january_2025,386.42327055686604
elliott_2022,1887.9821650866095
uri_2021,3046.5780356263126
january_2025,1203.16845695308
january_2025,15.119600134719494
none,0.0
none,0.0
none,0.0
january_2025,413.01222418377137
january_2025,980.6974279639476
none,0.0
january_2025,789.567569546403
none,0.0
none,0.0
none,0.0
none,0.0
january_2025,1734.347979618926
january_2025,778.6955934651252
none,0.0
none,0.0
none,0.0
none,0.0
uri_2021,2855.6336810711964
none,0.0
none,0.0
january_2025,689.4690888879384
uri_2021,3062.353007709606
none,0.0
none,0.0
none,0.0
none,0.0
none,0.0
elliott_2022,2699.653282605468
none,0.0
january_2025,1121.4214183834001
january_2025,414.54176468365625
elliott_2022,2329.6873179983477
none,0.0
none,0.0
none,0.0
none,0.0
january_2025,272.50542618959196
elliott_2022,2732.448562237301
none,0.0
january_2025,1148.1387995021319
none,0.0
none,0.0
january_2025,403.8446882310278
none,0.0
january_2025,68.03840012766027
january_2025,745.4113521959973
january_2025,284.7510378309552
elliott_2022,899.6476505870181
none,0.0
january_2025,535.1351655543032
elliott_2022,693.5494305174715
none,0.0
none,0.0
none,0.0
none,0.0
uri_2021,2526.1877008544807
january_2025,957.6056840465143
none,0.0
january_2025,962.8356882287652
none,0.0
elliott_2022,1470.652136351412
uri_2021,5341.280133802248
none,0.0
none,0.0
january_2025,121.38116678833852
none,0.0
none,0.0
january_2025,700.465851448779
uri_2021,4204.245924174841
elliott_2022,413.32829782012584
none,0.0
none,0.0
january_2025,1023.9917370011261
january_2025,20.307857327140496
january_2025,369.8273260721462
uri_2021,4839.468831829928
uri_2021,2754.453060968997
none,0.0
elliott_2022,1846.7889200999216
january_2025,997.6305873378429
elliott_2022,660.4984672186426
none,0.0
none,0.0
january_2025,11.608105709718554
none,0.0
january_2025,62.506711617255306
none,0.0
january_2025,1403.6105958218732
uri_2021,4158.5790931662605
none,0.0
elliott_2022,4095.0222960367623
january_2025,846.888620257779
none,0.0
none,0.0
none,0.0
none,0.0
january_2025,173.88281341664137
january_2025,109.59323356403637
none,0.0
none,0.0
uri_2021,536.3716873305151
january_2025,3.8048296904978565
january_2025,1180.1015062417878
elliott_2022,2407.943353840724
january_2025,771.8726514503269
none,0.0
none,0.0
elliott_2022,2327.185046835173
january_2025,729.586600530375
january_2025,311.83992594783405
elliott_2022,2139.9803682704746
none,0.0
january_2025,677.4732101632128
none,0.0
uri_2021,3903.9898347372423
none,0.0
january_2025,1691.697510881627
elliott_2022,746.7363097848814
none,0.0
none,0.0
elliott_2022,1338.9891250514256
none,0.0
none,0.0
none,0.0
none,0.0
january_2025,64.72972983201076
none,0.0
none,0.0
none,0.0
none,0.0
january_2025,201.76882049941324
