slot,prc_mw,rtolcap_mw,rtoffcap_mw,rtordpa
2022-12-20 00:00:00,6652.85,11974.85,7176.88,0.0
2022-12-20 00:05:00,6330.52,11535.17,7049.01,0.0
2022-12-20 00:10:00,6221.04,11373.15,7048.86,0.0
2022-12-20 00:15:00,6085.05,11310.35,7048.71,0.0
2022-12-20 00:20:00,6196.95,11452.89,7048.69,0.0
2022-12-20 00:25:00,6165.22,11526.47,7048.57,0.0
2022-12-20 00:30:00,6293.33,11804.69,7048.74,0.0
2022-12-20 00:35:00,6322.35,11805.84,7048.7,0.0
2022-12-20 00:40:00,6411.37,11863.17,7048.71,0.0
2022-12-20 00:45:00,6595.64,12139.71,7048.57,0.0
2022-12-20 00:50:00,6728.67,12341.95,7048.61,0.0
2022-12-20 00:55:00,6599.47,12148.13,7048.48,0.0
2022-12-20 01:00:00,6612.69,12164.93,7069.36,0.0
2022-12-20 01:05:00,6631.07,12297.54,7066.81,0.0
2022-12-20 01:10:00,6556.63,12181.26,7066.31,0.0
2022-12-20 01:15:00,6555.3,12246.16,7066.37,0.0
2022-12-20 01:20:00,6790.89,12624.84,7066.19,0.0
2022-12-20 01:25:00,6942.68,12786.22,7066.18,0.0
2022-12-20 01:30:00,6860.47,12705.75,7066.19,0.0
2022-12-20 01:35:00,6869.59,12712.4,7066.09,0.0
2022-12-20 01:40:00,7015.86,12861.61,7066.12,0.0
2022-12-20 01:45:00,7117.56,13074.5,7065.98,0.0
2022-12-20 01:50:00,7058.64,13093.92,7065.93,0.0
2022-12-20 01:55:00,6967.73,12983.6,7066.13,0.0
2022-12-20 02:00:00,7120.4,13152.71,7072.25,0.0
2022-12-20 02:05:00,7219.74,13262.07,7073.75,0.0
2022-12-20 02:10:00,7251.5,13470.73,7073.96,0.0
2022-12-20 02:15:00,7418.84,13574.75,7073.98,0.0
2022-12-20 02:20:00,7404.63,13798.82,7073.67,0.0
2022-12-20 02:25:00,7583.12,14046.65,7073.81,0.0
2022-12-20 02:30:00,7459.53,14050.37,7073.88,0.0
2022-12-20 02:35:00,7477.51,14117.06,7073.68,0.0
2022-12-20 02:40:00,7447.91,13991.72,7073.8,0.0
2022-12-20 02:45:00,7608.56,14181.02,7073.67,0.0
2022-12-20 02:50:00,7512.25,14214.28,7073.65,0.0
2022-12-20 02:55:00,7549.2,14260.69,7074.75,0.0
2022-12-20 03:00:00,7728.58,14482.13,7081.61,0.0
2022-12-20 03:05:00,7803.25,14681.31,7085.71,0.0
2022-12-20 03:10:00,7950.33,14848.67,7085.7,0.0
2022-12-20 03:15:00,8102.86,15078.66,7085.79,0.0
2022-12-20 03:20:00,8277.06,15290.42,7086.67,0.0
2022-12-20 03:25:00,8368.3,15549.1,7086.65,0.0
2022-12-20 03:30:00,8366.86,15621.6,7086.79,0.0
2022-12-20 03:35:00,8368.72,15657.6,7086.66,0.0
2022-12-20 03:40:00,8381.71,15757.22,7086.58,0.0
2022-12-20 03:45:00,8427.62,15880.9,7086.45,0.0
2022-12-20 03:50:00,8492.06,15875.98,7086.63,0.0
2022-12-20 03:55:00,8571.46,15939.44,7086.59,0.0
2022-12-20 04:00:00,8942.57,17025.86,7090.87,0.0
2022-12-20 04:05:00,8934.73,16865.73,7087.95,0.0
2022-12-20 04:10:00,8889.43,16735.53,7087.74,0.0
2022-12-20 04:15:00,8835.68,16602.83,7088.76,0.0
2022-12-20 04:20:00,8711.66,16543.41,7088.69,0.0
2022-12-20 04:25:00,8821.98,16705.17,7088.63,0.0
2022-12-20 04:30:00,8797.64,16620.74,7088.82,0.0
2022-12-20 04:35:00,8671.26,16271.94,7088.73,0.0
2022-12-20 04:40:00,8702.89,16389.32,7088.68,0.0
2022-12-20 04:45:00,8742.09,16685.21,7088.47,0.0
2022-12-20 04:50:00,8804.22,16573.25,7088.62,0.0
2022-12-20 04:55:00,8676.37,16177.11,7088.63,0.0
2022-12-20 05:00:00,8777.53,16390.55,7054.65,0.0
2022-12-20 05:05:00,8452.83,15752.88,7057.88,0.0
2022-12-20 05:10:00,8304.59,15623.9,7058.82,0.0
2022-12-20 05:15:00,8327.32,15528.38,7057.76,0.0
2022-12-20 05:20:00,8132.83,15293.96,7069.51,0.0
2022-12-20 05:25:00,8214.86,15268.14,7070.62,0.0
2022-12-20 05:30:00,8327.02,15428.12,7070.8,0.0
2022-12-20 05:35:00,8324.31,15328.22,7071.59,0.0
2022-12-20 05:40:00,8225.61,15013.0,7071.47,0.0
2022-12-20 05:45:00,8115.61,14889.14,7071.67,0.0
2022-12-20 05:50:00,8169.1,15128.25,7071.59,0.0
2022-12-20 05:55:00,7976.4,14807.86,7071.52,0.0
2022-12-20 06:00:00,8116.99,14746.66,6952.5,0.0
2022-12-20 06:05:00,7848.4,14076.97,6949.53,0.0
2022-12-20 06:10:00,7766.67,13972.38,6769.52,0.0
2022-12-20 06:15:00,7824.43,14159.97,6769.6,0.0
2022-12-20 06:20:00,7823.12,14286.79,6769.46,0.0
2022-12-20 06:25:00,7852.83,14233.66,6769.6,0.0
2022-12-20 06:30:00,7638.6,14004.17,6769.58,0.0
2022-12-20 06:35:00,7344.1,13534.81,6769.26,0.0
2022-12-20 06:40:00,7268.87,13288.35,6769.34,0.0
2022-12-20 06:45:00,7129.69,13187.94,6769.2,0.0
2022-12-20 06:50:00,6956.37,12982.95,6769.58,0.0
2022-12-20 06:55:00,6848.14,12837.78,6769.55,0.0
2022-12-20 07:00:00,6619.97,12292.75,6850.05,0.0
2022-12-20 07:05:00,6345.44,11842.92,6854.85,0.0
2022-12-20 07:10:00,6289.51,11617.77,6854.89,0.0
2022-12-20 07:15:00,6146.05,11537.17,6854.83,0.0
2022-12-20 07:20:00,5965.06,11329.8,6854.73,0.0
2022-12-20 07:25:00,5769.65,10557.37,6854.1,0.0
2022-12-20 07:30:00,5581.31,10287.74,6854.96,0.0
2022-12-20 07:35:00,5491.0,10130.28,6854.82,0.0
2022-12-20 07:40:00,5561.03,10183.08,6854.73,0.0
2022-12-20 07:45:00,5481.93,10101.63,6854.57,0.0
2022-12-20 07:50:00,5627.43,10183.23,6632.3,0.0
2022-12-20 07:55:00,5414.5,9911.81,6632.74,0.0
2022-12-20 08:00:00,5345.18,9942.98,6575.08,0.0
2022-12-20 08:05:00,5370.34,9873.34,6599.03,0.0
2022-12-20 08:10:00,5489.57,10025.39,6597.02,0.0
2022-12-20 08:15:00,5643.42,10298.85,6597.03,0.0
2022-12-20 08:20:00,5708.3,10504.56,6596.83,0.0
2022-12-20 08:25:00,5684.44,10472.35,6596.74,0.0
2022-12-20 08:30:00,5652.73,10503.25,6597.0,0.0
2022-12-20 08:35:00,5597.3,10544.08,6597.01,0.0
2022-12-20 08:40:00,5753.69,10789.2,6596.86,0.0
2022-12-20 08:45:00,5837.03,11067.98,6596.54,0.0
2022-12-20 08:50:00,5760.2,11005.28,6596.69,0.0
2022-12-20 08:55:00,5624.46,10539.31,6596.91,0.0
2022-12-20 09:00:00,5713.06,10693.66,6517.08,0.0
2022-12-20 09:05:00,5913.87,10770.37,6519.2,0.0
2022-12-20 09:10:00,6022.6,11008.44,6518.9,0.0
2022-12-20 09:15:00,6068.03,11150.73,6518.24,0.0
2022-12-20 09:20:00,6083.82,11547.01,6519.04,0.0
2022-12-20 09:25:00,6124.48,11487.93,6518.02,0.0
2022-12-20 09:30:00,6264.26,11774.61,6518.31,0.0
2022-12-20 09:35:00,6146.4,11849.9,6518.22,0.0
2022-12-20 09:40:00,6114.09,11637.15,6518.18,0.0
2022-12-20 09:45:00,6249.48,11713.46,6414.02,0.0
2022-12-20 09:50:00,6346.32,11675.61,6414.13,0.0
2022-12-20 09:55:00,6341.24,11650.74,6414.69,0.0
2022-12-20 10:00:00,6291.63,11486.44,6517.68,0.0
2022-12-20 10:05:00,5997.3,11188.99,6460.09,0.0
2022-12-20 10:10:00,5912.98,11134.07,6460.44,0.0
2022-12-20 10:15:00,5952.45,11261.18,6333.93,0.0
2022-12-20 10:20:00,6004.74,11156.04,6407.74,0.0
2022-12-20 10:25:00,5938.1,11063.15,6515.92,0.0
2022-12-20 10:30:00,5865.38,11016.23,6520.83,0.0
2022-12-20 10:35:00,5872.93,11185.74,6520.67,0.0
2022-12-20 10:40:00,5827.9,11147.12,6519.84,0.0
2022-12-20 10:45:00,5683.82,10929.57,6447.68,0.0
2022-12-20 10:50:00,5657.68,10761.25,6448.02,0.0
2022-12-20 10:55:00,5788.19,10856.24,6448.12,0.0
2022-12-20 11:00:00,5820.25,11037.01,6329.64,0.0
2022-12-20 11:05:00,5980.04,11298.3,6255.03,0.0
2022-12-20 11:10:00,5912.45,11261.04,6375.47,0.0
2022-12-20 11:15:00,5871.89,11225.66,6375.4,0.0
2022-12-20 11:20:00,5830.25,11121.64,6393.89,0.0
2022-12-20 11:25:00,5884.3,11089.79,6401.94,0.0
2022-12-20 11:30:00,6060.89,11321.09,6402.17,0.0
2022-12-20 11:35:00,5864.09,11071.29,6402.13,0.0
2022-12-20 11:40:00,5920.04,11011.5,6400.85,0.0
2022-12-20 11:45:00,6075.67,11254.07,6400.96,0.0
2022-12-20 11:50:00,5776.09,11114.28,6400.07,0.0
2022-12-20 11:55:00,5838.48,11053.96,6449.13,0.0
2022-12-20 12:00:00,5922.66,11004.31,6457.53,0.0
2022-12-20 12:05:00,5932.93,11000.75,6458.19,0.0
2022-12-20 12:10:00,5942.1,11078.97,6458.05,0.0
2022-12-20 12:15:00,5916.58,11157.27,6457.06,0.0
2022-12-20 12:20:00,5976.86,11281.89,6674.96,0.0
2022-12-20 12:25:00,5914.14,11294.78,6675.97,0.0
2022-12-20 12:30:00,5904.92,11286.93,6675.18,0.0
2022-12-20 12:35:00,5950.65,11431.0,6674.17,0.0
2022-12-20 12:40:00,5860.3,11355.98,6601.42,0.0
2022-12-20 12:45:00,5993.83,11506.89,6601.33,0.0
2022-12-20 12:50:00,6165.23,11857.48,6579.44,0.0
2022-12-20 12:55:00,6153.66,11815.33,6579.47,0.0
2022-12-20 13:00:00,6167.69,11848.86,6519.94,0.0
2022-12-20 13:05:00,6275.64,12058.71,6563.54,0.0
2022-12-20 13:10:00,6268.55,11958.15,6563.64,0.0
2022-12-20 13:15:00,6173.92,11954.19,6561.53,0.0
2022-12-20 13:20:00,6152.77,11962.11,6561.53,0.0
2022-12-20 13:25:00,5915.25,11510.96,6561.54,0.0
2022-12-20 13:30:00,6043.13,11589.93,6561.57,0.0
2022-12-20 13:35:00,6178.37,11889.88,6561.58,0.0
2022-12-20 13:40:00,6226.86,12175.24,6561.4,0.0
2022-12-20 13:45:00,6225.11,12101.61,6560.25,0.0
2022-12-20 13:50:00,6418.62,12391.51,6557.49,0.0
2022-12-20 13:55:00,6447.87,12365.44,6559.5,0.0
2022-12-20 14:00:00,6360.23,12198.47,6618.02,0.0
2022-12-20 14:05:00,6404.32,12254.97,6619.17,0.0
2022-12-20 14:10:00,6573.0,12584.07,6622.1,0.0
2022-12-20 14:15:00,6621.07,12626.87,6619.14,0.0
2022-12-20 14:20:00,6653.5,12787.36,6618.04,0.0
2022-12-20 14:25:00,6852.8,13064.82,6599.25,0.0
2022-12-20 14:30:00,6879.5,13235.91,6660.45,0.0
2022-12-20 14:35:00,6910.6,13185.2,6660.41,0.0
2022-12-20 14:40:00,6853.43,13074.03,6593.38,0.0
2022-12-20 14:45:00,6689.53,12810.01,6636.27,0.0
2022-12-20 14:50:00,6687.15,12806.0,6595.33,0.0
2022-12-20 14:55:00,6978.38,13306.26,6596.29,0.0
2022-12-20 15:00:00,7019.75,13296.92,6806.33,0.0
2022-12-20 15:05:00,6951.07,13204.51,6802.59,0.0
2022-12-20 15:10:00,6872.2,12849.13,6802.83,0.0
2022-12-20 15:15:00,6736.6,12622.47,6805.87,0.0
2022-12-20 15:20:00,6711.4,12604.48,6804.8,0.0
2022-12-20 15:25:00,6863.16,12890.6,6802.79,0.0
2022-12-20 15:30:00,6900.12,12915.94,6802.81,0.0
2022-12-20 15:35:00,7002.98,13130.75,6802.74,0.0
2022-12-20 15:40:00,6581.3,12372.54,6802.83,0.0
2022-12-20 15:45:00,6513.09,11884.57,6805.7,0.0
2022-12-20 15:50:00,6502.2,11920.07,6802.79,0.0
2022-12-20 15:55:00,6541.89,12290.73,6803.81,0.0
2022-12-20 16:00:00,6611.72,12448.42,6733.47,0.0
2022-12-20 16:05:00,6242.94,11815.5,6738.01,0.0
2022-12-20 16:10:00,5957.49,11184.79,6809.01,0.0
2022-12-20 16:15:00,5945.73,10932.15,6696.17,0.0
2022-12-20 16:20:00,5667.62,10491.35,6695.97,0.0
2022-12-20 16:25:00,5336.02,9923.68,6695.87,0.0
2022-12-20 16:30:00,5281.12,9735.44,6697.03,0.0
2022-12-20 16:35:00,5092.56,9212.22,6696.98,0.0
2022-12-20 16:40:00,5011.18,8925.63,6697.01,0.0
2022-12-20 16:45:00,5019.27,8723.05,6604.28,0.0
2022-12-20 16:50:00,5089.52,8642.78,6549.38,0.0
2022-12-20 16:55:00,4825.57,8004.45,6549.45,0.0
2022-12-20 17:00:00,4928.02,7866.09,6560.97,0.0
2022-12-20 17:05:00,5103.41,8240.01,5993.84,0.0
2022-12-20 17:10:00,5054.38,7804.93,5861.25,0.0
2022-12-20 17:15:00,4803.68,7433.24,5864.63,0.0
2022-12-20 17:20:00,4911.34,7383.71,5863.83,0.0
2022-12-20 17:25:00,5156.91,7560.87,5775.8,0.0
2022-12-20 17:30:00,5061.25,7374.81,5771.56,0.0
2022-12-20 17:35:00,4889.34,6909.02,5741.54,0.0
2022-12-20 17:40:00,4964.35,6830.05,5740.45,0.0
2022-12-20 17:45:00,4706.79,6551.33,5644.37,0.0
2022-12-20 17:50:00,4870.88,6651.78,5462.81,0.0
2022-12-20 17:55:00,4839.09,6625.35,5429.44,0.0
2022-12-20 18:00:00,4809.14,6781.77,5305.72,0.0
2022-12-20 18:05:00,4927.45,7278.86,5107.25,0.0
2022-12-20 18:10:00,4814.63,7150.71,5151.27,0.0
2022-12-20 18:15:00,4766.21,7109.39,5153.27,0.0
2022-12-20 18:20:00,4929.71,7089.34,5154.12,0.0
2022-12-20 18:25:00,4938.02,7259.63,5154.13,0.0
2022-12-20 18:30:00,4935.37,7354.71,5228.28,0.0
2022-12-20 18:35:00,4879.27,7301.7,5228.17,0.0
2022-12-20 18:40:00,4871.86,7454.85,5184.27,0.0
2022-12-20 18:45:00,4883.56,7518.39,5274.24,0.0
2022-12-20 18:50:00,5052.32,7772.93,5274.25,0.0
2022-12-20 18:55:00,5054.15,7733.85,5275.2,0.0
2022-12-20 19:00:00,5009.95,7724.81,5390.97,0.0
2022-12-20 19:05:00,5067.61,7773.93,5432.55,0.0
2022-12-20 19:10:00,4984.98,7613.92,5433.53,0.0
2022-12-20 19:15:00,4999.34,7555.99,5434.55,0.0
2022-12-20 19:20:00,5102.7,7726.31,5434.42,0.0
2022-12-20 19:25:00,4889.16,7478.03,5534.8,0.0
2022-12-20 19:30:00,4980.91,7585.98,5534.96,0.0
2022-12-20 19:35:00,4893.28,7533.13,5535.82,0.0
2022-12-20 19:40:00,4968.38,7575.99,5535.94,0.0
2022-12-20 19:45:00,4980.35,7522.06,5535.92,0.0
2022-12-20 19:50:00,4895.44,7410.75,5536.96,0.0
2022-12-20 19:55:00,5028.61,7582.07,5535.88,0.0
2022-12-20 20:00:00,4911.36,7639.77,5404.04,0.0
2022-12-20 20:05:00,4961.46,7700.79,5400.67,0.0
2022-12-20 20:10:00,5003.91,7834.69,5400.63,0.0
2022-12-20 20:15:00,4955.84,7761.61,5439.66,0.0
2022-12-20 20:20:00,4954.5,7587.0,5486.51,0.0
2022-12-20 20:25:00,4926.52,7463.72,5519.52,0.0
2022-12-20 20:30:00,4900.13,7258.81,5675.64,0.0
2022-12-20 20:35:00,4923.35,7156.11,5680.54,0.0
2022-12-20 20:40:00,4969.39,7096.3,5680.65,0.0
2022-12-20 20:45:00,4964.66,7004.19,5675.65,0.0
2022-12-20 20:50:00,5025.71,7118.96,5726.06,0.0
2022-12-20 20:55:00,4946.07,7124.26,5977.97,0.0
2022-12-20 21:00:00,4821.24,6990.49,5862.98,0.0
2022-12-20 21:05:00,4953.24,7216.85,5940.26,0.0
2022-12-20 21:10:00,4946.2,7179.27,5940.25,0.0
2022-12-20 21:15:00,4918.82,7136.5,5867.02,0.0
2022-12-20 21:20:00,4923.96,7122.37,6000.88,0.0
2022-12-20 21:25:00,4992.33,7274.28,6073.43,0.0
2022-12-20 21:30:00,5076.66,7464.89,6001.05,0.0
2022-12-20 21:35:00,5003.62,7369.91,6000.95,0.0
2022-12-20 21:40:00,5057.93,7417.78,6001.03,0.0
2022-12-20 21:45:00,5273.01,7883.61,6000.93,0.0
2022-12-20 21:50:00,5171.94,7794.08,6000.96,0.0
2022-12-20 21:55:00,5103.87,7817.67,6000.98,0.0
2022-12-20 22:00:00,4995.75,7677.47,6012.01,0.0
2022-12-20 22:05:00,5212.0,7938.65,5991.29,0.0
2022-12-20 22:10:00,5200.1,7847.3,5990.54,0.0
2022-12-20 22:15:00,5166.02,7815.43,5990.53,0.0
2022-12-20 22:20:00,5376.23,7976.7,5992.42,0.0
2022-12-20 22:25:00,5379.14,7984.13,5992.43,0.0
2022-12-20 22:30:00,5258.3,7917.53,5992.55,0.0
2022-12-20 22:35:00,5246.49,8041.64,5992.42,0.0
2022-12-20 22:40:00,5383.83,8232.0,5992.51,0.0
2022-12-20 22:45:00,5312.59,8137.52,5992.55,0.0
2022-12-20 22:50:00,5374.12,8054.36,5992.54,0.0
2022-12-20 22:55:00,5535.81,8344.45,5993.48,0.0
2022-12-20 23:00:00,5390.12,8288.74,6021.58,0.0
2022-12-20 23:05:00,5353.65,8523.89,6021.66,0.0
2022-12-20 23:10:00,5377.52,8830.92,6021.64,0.0
2022-12-20 23:15:00,5319.19,8693.55,6021.65,0.0
2022-12-20 23:20:00,5364.75,8739.51,6021.49,0.0
2022-12-20 23:25:00,5365.91,8704.63,6021.53,0.0
2022-12-20 23:30:00,5486.36,8986.11,6021.64,0.0
2022-12-20 23:35:00,5504.28,9035.84,6126.87,0.0
2022-12-20 23:40:00,5435.85,9003.05,6219.34,0.0
2022-12-20 23:45:00,5487.11,8946.79,6219.37,0.0
2022-12-20 23:50:00,5515.79,8994.03,6219.36,0.0
2022-12-20 23:55:00,5465.7,9115.65,6219.55,0.0
2022-12-21 00:00:00,5161.75,8699.27,6327.1,0.0
2022-12-21 00:05:00,5080.17,8473.87,6585.39,0.0
2022-12-21 00:10:00,5018.3,8382.59,6757.57,0.0
2022-12-21 00:15:00,4903.88,8344.25,6758.56,0.0
2022-12-21 00:20:00,5028.15,8386.0,6757.58,0.0
2022-12-21 00:25:00,4928.4,8327.63,6756.5,0.0
2022-12-21 00:30:00,4953.7,8348.38,6950.76,0.0
2022-12-21 00:35:00,4999.67,8377.33,6947.54,0.0
2022-12-21 00:40:00,5170.11,8513.82,6948.54,0.0
2022-12-21 00:45:00,5078.39,8431.94,6948.57,0.0
2022-12-21 00:50:00,4982.48,8465.0,6948.79,0.0
2022-12-21 00:55:00,5003.09,8451.93,6946.84,0.0
2022-12-21 01:00:00,5191.81,8714.06,6990.16,0.0
2022-12-21 01:05:00,5239.31,8922.42,7001.5,0.0
2022-12-21 01:10:00,5171.93,8588.06,7002.9,0.0
2022-12-21 01:15:00,5054.41,8738.5,7083.78,0.0
2022-12-21 01:20:00,5052.45,8789.27,7085.77,0.0
2022-12-21 01:25:00,5078.52,8727.45,7085.84,0.0
2022-12-21 01:30:00,5260.66,9097.04,7085.73,0.0
2022-12-21 01:35:00,5224.84,8966.33,7085.71,0.0
2022-12-21 01:40:00,5297.33,9236.16,7085.76,0.0
2022-12-21 01:45:00,5398.85,9311.85,7084.92,0.0
2022-12-21 01:50:00,5365.44,9283.08,7084.89,0.0
2022-12-21 01:55:00,5278.46,9120.32,7084.82,0.0
2022-12-21 02:00:00,5359.46,9424.0,7089.63,0.0
2022-12-21 02:05:00,5345.8,9387.75,7102.01,0.0
2022-12-21 02:10:00,5159.08,9086.38,7170.39,0.0
2022-12-21 02:15:00,5071.67,8901.46,7415.38,0.0
2022-12-21 02:20:00,4969.82,8624.09,7426.03,0.0
2022-12-21 02:25:00,4990.71,8579.28,7434.91,0.0
2022-12-21 02:30:00,5000.21,8518.12,7434.0,0.0
2022-12-21 02:35:00,4958.4,8447.43,7434.97,0.0
2022-12-21 02:40:00,4977.08,8529.57,7433.17,0.0
2022-12-21 02:45:00,5012.63,8551.25,7433.22,0.0
2022-12-21 02:50:00,4964.03,8642.74,7433.86,0.0
2022-12-21 02:55:00,4961.49,8622.03,7435.02,0.0
2022-12-21 03:00:00,5218.8,9249.72,7376.45,0.0
2022-12-21 03:05:00,5160.44,9250.38,7376.44,0.0
2022-12-21 03:10:00,5065.92,8996.89,7378.14,0.0
2022-12-21 03:15:00,4975.58,8858.83,7378.69,0.0
2022-12-21 03:20:00,4915.66,8710.79,7378.5,0.0
2022-12-21 03:25:00,5015.29,8768.89,7378.56,0.0
2022-12-21 03:30:00,4990.1,8738.95,7377.69,0.0
2022-12-21 03:35:00,4966.93,8627.8,7378.58,0.0
2022-12-21 03:40:00,4808.57,8184.32,7378.59,0.0
2022-12-21 03:45:00,4793.68,8286.85,7378.58,0.0
2022-12-21 03:50:00,4778.82,8080.8,7378.84,0.0
2022-12-21 03:55:00,4911.25,8093.44,7328.33,0.0
2022-12-21 04:00:00,5472.77,9305.28,7164.56,0.0
2022-12-21 04:05:00,5344.2,8889.0,7162.58,0.0
2022-12-21 04:10:00,5175.44,8529.79,7163.82,0.0
2022-12-21 04:15:00,5273.06,8461.24,7163.31,0.0
2022-12-21 04:20:00,5260.57,8321.5,7073.63,0.0
2022-12-21 04:25:00,5155.1,8359.33,7054.72,0.0
2022-12-21 04:30:00,5098.98,8523.13,7073.98,0.0
2022-12-21 04:35:00,5008.11,8572.24,7073.63,0.0
2022-12-21 04:40:00,4940.82,8372.33,7073.74,0.0
2022-12-21 04:45:00,5120.64,8818.31,7073.89,0.0
2022-12-21 04:50:00,5161.22,9122.38,7077.0,0.0
2022-12-21 04:55:00,5051.93,8885.83,7076.91,0.0
2022-12-21 05:00:00,5050.92,8999.01,7116.5,0.0
2022-12-21 05:05:00,5052.33,8823.8,7115.1,0.0
2022-12-21 05:10:00,4872.47,8356.79,7137.07,0.0
2022-12-21 05:15:00,4974.46,8412.46,6992.96,0.0
2022-12-21 05:20:00,5031.92,8276.23,6992.85,0.0
2022-12-21 05:25:00,5056.42,8266.47,6942.82,0.0
2022-12-21 05:30:00,5027.39,8088.55,6846.95,0.0
2022-12-21 05:35:00,4957.82,7836.38,6585.97,0.0
2022-12-21 05:40:00,5060.41,8164.77,6310.17,0.0
2022-12-21 05:45:00,5040.41,8311.64,6170.32,0.0
2022-12-21 05:50:00,5133.54,8350.94,6157.4,0.0
2022-12-21 05:55:00,5010.48,8176.7,6157.32,0.0
2022-12-21 06:00:00,4968.06,7834.09,6108.9,0.0
2022-12-21 06:05:00,4662.17,7346.41,6018.87,0.0
2022-12-21 06:10:00,4725.59,7636.06,5630.83,0.0
2022-12-21 06:15:00,5018.77,7565.12,5527.75,0.0
2022-12-21 06:20:00,4993.42,7648.42,5381.69,0.0
2022-12-21 06:25:00,5026.99,7739.87,5381.67,0.0
2022-12-21 06:30:00,4716.35,7398.29,5381.71,0.0
2022-12-21 06:35:00,4682.82,7287.36,5245.88,0.0
2022-12-21 06:40:00,4698.58,7161.47,5245.98,0.0
2022-12-21 06:45:00,4555.49,7063.35,5190.13,0.0
2022-12-21 06:50:00,4494.22,6820.89,5190.14,0.0
2022-12-21 06:55:00,4650.02,6880.32,5190.09,0.0
2022-12-21 07:00:00,4632.94,6913.78,5098.73,0.0
2022-12-21 07:05:00,4204.44,6323.82,5152.73,0.0
2022-12-21 07:10:00,4258.81,6275.21,5119.73,0.0
2022-12-21 07:15:00,4220.77,6340.4,5079.73,0.0
2022-12-21 07:20:00,4349.26,6560.96,5079.73,0.0
2022-12-21 07:25:00,4161.06,6302.12,5079.73,0.0
2022-12-21 07:30:00,4220.26,6334.48,5079.73,0.0
2022-12-21 07:35:00,4211.73,6327.77,5079.73,0.0
2022-12-21 07:40:00,4088.75,6189.03,5079.73,0.0
2022-12-21 07:45:00,4083.48,6103.39,5079.73,0.0
2022-12-21 07:50:00,4169.01,6225.02,5079.73,0.0
2022-12-21 07:55:00,4248.11,6153.76,5023.73,0.0
2022-12-21 08:00:00,4179.05,6039.74,5074.73,0.0
2022-12-21 08:05:00,4325.66,6433.4,4892.63,0.0
2022-12-21 08:10:00,4625.11,6996.8,4841.73,0.0
2022-12-21 08:15:00,4433.14,6979.62,4715.53,0.0
2022-12-21 08:20:00,4409.83,6699.49,4788.4,0.0
2022-12-21 08:25:00,4609.82,7081.83,4788.4,0.0
2022-12-21 08:30:00,4911.51,7704.75,4654.53,0.0
2022-12-21 08:35:00,5124.22,8066.87,4907.83,0.0
2022-12-21 08:40:00,5048.77,8160.9,4907.83,0.0
2022-12-21 08:45:00,4941.14,8133.85,4907.83,0.0
2022-12-21 08:50:00,4885.81,8084.31,5015.83,0.0
2022-12-21 08:55:00,4950.34,8155.96,5111.83,0.0
2022-12-21 09:00:00,5000.04,8139.3,5183.73,0.0
2022-12-21 09:05:00,5032.42,8641.48,5259.05,0.0
2022-12-21 09:10:00,5271.51,9054.68,5263.05,0.0
2022-12-21 09:15:00,5432.38,9148.12,5447.6,0.0
2022-12-21 09:20:00,5597.46,9586.88,5705.2,0.0
2022-12-21 09:25:00,5769.65,9984.34,5620.05,0.0
2022-12-21 09:30:00,5587.35,9628.82,5790.45,0.0
2022-12-21 09:35:00,5175.01,9144.73,6328.37,0.0
2022-12-21 09:40:00,5190.41,9023.39,6328.37,0.0
2022-12-21 09:45:00,5223.53,9142.8,6326.37,0.0
2022-12-21 09:50:00,5305.48,9506.37,6197.45,0.0
2022-12-21 09:55:00,5320.55,9404.84,6306.45,0.0
2022-12-21 10:00:00,5362.92,9466.9,6715.22,0.0
2022-12-21 10:05:00,5404.84,9776.14,6631.53,0.0
2022-12-21 10:10:00,5670.49,10347.8,6585.82,0.0
2022-12-21 10:15:00,5720.88,10501.93,6525.82,0.0
2022-12-21 10:20:00,5816.44,10860.08,6570.64,0.0
2022-12-21 10:25:00,5827.76,11098.98,6858.88,0.0
2022-12-21 10:30:00,5913.32,11333.16,6974.65,0.0
2022-12-21 10:35:00,6058.75,11657.97,7061.51,0.0
2022-12-21 10:40:00,6054.88,11974.36,7112.28,0.0
2022-12-21 10:45:00,6147.79,12286.04,7236.86,0.0
2022-12-21 10:50:00,6280.86,12471.61,7105.24,0.0
2022-12-21 10:55:00,6258.0,12419.86,7104.45,0.0
2022-12-21 11:00:00,6238.67,12319.41,7008.58,0.0
2022-12-21 11:05:00,6334.35,12502.14,6934.69,0.0
2022-12-21 11:10:00,6277.78,12430.2,6934.67,0.0
2022-12-21 11:15:00,6404.15,12794.74,6932.53,0.0
2022-12-21 11:20:00,6489.06,12959.54,6934.34,0.0
2022-12-21 11:25:00,6558.15,13227.69,6930.61,0.0
2022-12-21 11:30:00,6488.39,13212.23,6932.56,0.0
2022-12-21 11:35:00,6646.58,13439.04,6929.37,0.0
2022-12-21 11:40:00,6593.95,13548.3,6927.54,0.0
2022-12-21 11:45:00,6836.62,14148.13,6929.64,0.0
2022-12-21 11:50:00,6962.76,14634.27,6932.41,0.0
2022-12-21 11:55:00,7147.2,15022.48,6930.45,0.0
2022-12-21 12:00:00,7503.16,15432.61,6959.36,0.0
2022-12-21 12:05:00,7794.85,15657.78,7002.69,0.0
2022-12-21 12:10:00,7893.28,16250.6,6965.98,0.0
2022-12-21 12:15:00,8103.12,16538.26,6967.83,0.0
2022-12-21 12:20:00,8214.76,17004.61,7023.93,0.0
2022-12-21 12:25:00,8270.55,17203.63,7021.05,0.0
2022-12-21 12:30:00,8369.21,17433.64,7021.18,0.0
2022-12-21 12:35:00,8493.98,17710.62,7021.19,0.0
2022-12-21 12:40:00,8521.58,17805.99,7021.09,0.0
2022-12-21 12:45:00,8477.03,17839.64,7023.06,0.0
2022-12-21 12:50:00,8739.07,18316.46,7021.14,0.0
2022-12-21 12:55:00,8774.9,18627.7,7021.26,0.0
2022-12-21 13:00:00,9054.7,19013.98,6926.41,0.0
2022-12-21 13:05:00,9037.64,18590.8,6925.45,0.0
2022-12-21 13:10:00,8858.85,17990.49,6965.23,0.0
2022-12-21 13:15:00,8653.9,17771.95,6964.93,0.0
2022-12-21 13:20:00,8607.19,17930.74,6964.9,0.0
2022-12-21 13:25:00,8790.06,18216.25,6964.94,0.0
2022-12-21 13:30:00,8884.1,18662.18,6963.83,0.0
2022-12-21 13:35:00,9208.25,18944.59,6962.96,0.0
2022-12-21 13:40:00,8991.83,18557.99,7035.08,0.0
2022-12-21 13:45:00,8791.88,18130.12,7036.97,0.0
2022-12-21 13:50:00,8728.06,18012.52,7032.81,0.0
2022-12-21 13:55:00,8693.5,18127.91,7034.91,0.0
2022-12-21 14:00:00,8970.2,18647.65,6974.46,0.0
2022-12-21 14:05:00,9037.88,18531.94,6977.19,0.0
2022-12-21 14:10:00,9204.25,18963.98,6977.72,0.0
2022-12-21 14:15:00,9244.35,19349.21,6978.7,0.0
2022-12-21 14:20:00,9341.12,19680.21,6978.59,0.0
2022-12-21 14:25:00,9383.9,20189.19,6978.67,0.0
2022-12-21 14:30:00,9378.98,19833.54,6928.73,0.0
2022-12-21 14:35:00,9258.43,19779.0,6928.81,0.0
2022-12-21 14:40:00,9470.91,19992.18,6978.63,0.0
2022-12-21 14:45:00,9431.94,20302.37,6978.6,0.0
2022-12-21 14:50:00,9387.55,19865.04,6978.36,0.0
2022-12-21 14:55:00,9557.46,20134.22,6978.76,0.0
2022-12-21 15:00:00,9640.9,20256.88,7176.33,0.0
2022-12-21 15:05:00,9457.62,20354.79,7176.17,0.0
2022-12-21 15:10:00,9563.79,20592.51,7176.44,0.0
2022-12-21 15:15:00,9578.28,20545.58,7176.13,0.0
2022-12-21 15:20:00,9496.72,20326.18,7176.2,0.0
2022-12-21 15:25:00,9417.08,20172.11,7176.1,0.0
2022-12-21 15:30:00,9517.66,20160.52,7225.83,0.0
2022-12-21 15:35:00,9367.75,19886.06,7225.97,0.0
2022-12-21 15:40:00,9401.5,19814.38,7225.98,0.0
2022-12-21 15:45:00,9480.98,19639.98,7227.01,0.0
2022-12-21 15:50:00,9404.61,19466.31,7225.99,0.0
2022-12-21 15:55:00,9303.85,19227.19,7228.11,0.0
2022-12-21 16:00:00,9446.09,19577.78,7159.91,0.0
2022-12-21 16:05:00,9261.38,19196.78,7157.33,0.0
2022-12-21 16:10:00,9093.4,18881.47,7158.54,0.0
2022-12-21 16:15:00,9214.48,18874.74,7157.32,0.0
2022-12-21 16:20:00,9192.13,18776.01,7155.53,0.0
2022-12-21 16:25:00,9102.02,18752.26,7155.44,0.0
2022-12-21 16:30:00,8963.24,18335.72,7158.34,0.0
2022-12-21 16:35:00,8824.01,17976.2,7157.63,0.0
2022-12-21 16:40:00,8586.9,17384.87,7157.4,0.0
2022-12-21 16:45:00,8509.82,17115.8,7044.34,0.0
2022-12-21 16:50:00,8249.27,16687.23,7045.45,0.0
2022-12-21 16:55:00,8093.34,16395.21,7045.55,0.0
2022-12-21 17:00:00,7753.48,15498.19,7058.26,0.0
2022-12-21 17:05:00,7568.95,15145.96,7057.76,0.0
2022-12-21 17:10:00,7473.5,14685.02,7058.04,0.0
2022-12-21 17:15:00,7012.43,13945.53,7056.76,0.0
2022-12-21 17:20:00,6937.82,13534.98,7056.79,0.0
2022-12-21 17:25:00,6829.72,13259.0,7056.87,0.0
2022-12-21 17:30:00,6591.6,12860.57,7057.8,0.0
2022-12-21 17:35:00,6491.12,12575.27,7058.95,0.0
2022-12-21 17:40:00,6374.11,12488.37,7054.98,0.0
2022-12-21 17:45:00,6311.36,12487.6,7054.84,0.0
2022-12-21 17:50:00,6183.45,12356.74,7054.83,0.0
2022-12-21 17:55:00,6163.51,12372.8,7054.81,0.0
2022-12-21 18:00:00,6244.48,12662.01,7061.78,0.0
2022-12-21 18:05:00,6466.64,13109.43,7062.45,0.0
2022-12-21 18:10:00,6545.43,13438.1,7062.53,0.0
2022-12-21 18:15:00,6562.44,13645.3,7062.49,0.0
2022-12-21 18:20:00,6655.75,13742.07,7062.51,0.0
2022-12-21 18:25:00,6766.57,13880.07,7066.34,0.0
2022-12-21 18:30:00,6880.62,14284.08,7066.44,0.0
2022-12-21 18:35:00,7035.36,14590.76,7067.51,0.0
2022-12-21 18:40:00,7097.96,14735.76,7066.43,0.0
2022-12-21 18:45:00,7158.94,15093.25,7066.43,0.0
2022-12-21 18:50:00,7349.63,15399.63,7066.33,0.0
2022-12-21 18:55:00,7513.11,15958.25,7067.46,0.0
2022-12-21 19:00:00,7766.17,16467.25,7057.81,0.0
2022-12-21 19:05:00,7940.9,16723.23,7077.23,0.0
2022-12-21 19:10:00,8046.23,16970.39,7077.47,0.0
2022-12-21 19:15:00,7818.25,16773.35,7077.33,0.0
2022-12-21 19:20:00,7943.24,17047.08,7077.21,0.0
2022-12-21 19:25:00,8057.26,17288.56,7077.32,0.0
2022-12-21 19:30:00,8325.19,17640.32,7077.26,0.0
2022-12-21 19:35:00,8564.61,18032.28,7077.3,0.0
2022-12-21 19:40:00,8665.14,18589.35,7077.28,0.0
2022-12-21 19:45:00,8656.19,18739.66,7077.41,0.0
2022-12-21 19:50:00,8474.75,18595.79,7077.39,0.0
2022-12-21 19:55:00,8579.6,18794.15,7077.33,0.0
2022-12-21 20:00:00,8252.67,17314.6,6924.81,0.0
2022-12-21 20:05:00,8296.21,17079.3,7040.32,0.0
2022-12-21 20:10:00,7961.96,16733.15,7040.68,0.0
2022-12-21 20:15:00,8077.56,16925.1,7040.51,0.0
2022-12-21 20:20:00,8226.1,17254.29,7040.64,0.0
2022-12-21 20:25:00,8228.95,17392.2,7040.46,0.0
2022-12-21 20:30:00,8212.05,17482.32,7040.31,0.0
2022-12-21 20:35:00,8327.53,17801.79,7040.68,0.0
2022-12-21 20:40:00,8408.41,17888.77,7040.81,0.0
2022-12-21 20:45:00,8374.8,17908.88,7042.64,0.0
2022-12-21 20:50:00,8501.82,18247.46,7041.6,0.0
2022-12-21 20:55:00,8579.51,18042.69,7042.75,0.0
2022-12-21 21:00:00,8815.72,18770.64,7048.7,0.0
2022-12-21 21:05:00,8787.18,18972.83,7048.73,0.0
2022-12-21 21:10:00,8785.83,18983.21,7048.74,0.0
2022-12-21 21:15:00,8799.49,19106.13,7048.7,0.0
2022-12-21 21:20:00,8869.52,19088.43,7051.8,0.0
2022-12-21 21:25:00,8848.61,19021.36,7053.7,0.0
2022-12-21 21:30:00,8886.46,19082.92,7050.74,0.0
2022-12-21 21:35:00,8783.95,18891.39,7049.82,0.0
2022-12-21 21:40:00,8849.63,18875.31,7049.87,0.0
2022-12-21 21:45:00,8887.01,18879.21,7051.88,0.0
2022-12-21 21:50:00,8959.99,19258.31,7051.8,0.0
2022-12-21 21:55:00,9048.52,19570.62,7050.74,0.0
2022-12-21 22:00:00,9184.8,20142.95,7138.54,0.0
2022-12-21 22:05:00,9181.58,20323.77,7138.15,0.0
2022-12-21 22:10:00,9186.83,20304.25,7138.26,0.0
2022-12-21 22:15:00,9157.57,20204.27,7138.11,0.0
2022-12-21 22:20:00,9211.31,20214.3,7140.1,0.0
2022-12-21 22:25:00,9326.76,20559.51,7140.14,0.0
2022-12-21 22:30:00,9385.62,20696.86,7140.15,0.0
2022-12-21 22:35:00,9420.13,20577.46,7138.35,0.0
2022-12-21 22:40:00,9374.94,20876.56,7138.37,0.0
2022-12-21 22:45:00,9544.75,21229.5,7137.16,0.0
2022-12-21 22:50:00,9635.92,21591.73,7136.24,0.0
2022-12-21 22:55:00,9659.16,21566.48,7135.32,0.0
2022-12-21 23:00:00,9711.11,21487.68,7259.35,0.0
2022-12-21 23:05:00,9763.97,21527.04,7259.95,0.0
2022-12-21 23:10:00,9794.44,21597.47,7260.06,0.0
2022-12-21 23:15:00,9787.95,21418.8,7260.02,0.0
2022-12-21 23:20:00,9909.47,21583.63,7262.0,0.0
2022-12-21 23:25:00,10004.32,21846.66,7260.86,0.0
2022-12-21 23:30:00,9686.8,21556.52,7261.82,0.0
2022-12-21 23:35:00,9794.79,22008.5,7262.17,0.0
2022-12-21 23:40:00,9939.3,21903.51,7262.12,0.0
2022-12-21 23:45:00,9895.13,21959.63,7263.01,0.0
2022-12-21 23:50:00,10082.2,22299.59,7264.94,0.0
2022-12-21 23:55:00,10314.78,22866.34,7264.95,0.0
2022-12-22 00:00:00,9771.75,21307.83,7810.64,0.0
2022-12-22 00:05:00,9648.03,21564.19,7810.68,0.0
2022-12-22 00:10:00,9822.54,22025.51,7810.65,0.0
2022-12-22 00:15:00,9708.39,21941.13,7812.43,0.0
2022-12-22 00:20:00,9784.86,22317.92,7812.59,0.0
2022-12-22 00:25:00,9891.56,22288.24,7812.68,0.0
2022-12-22 00:30:00,9928.73,22223.8,7812.67,0.0
2022-12-22 00:35:00,9951.3,22417.69,7812.7,0.0
2022-12-22 00:40:00,9928.92,22393.77,7812.79,0.0
2022-12-22 00:45:00,9816.43,22317.89,7812.71,0.0
2022-12-22 00:50:00,9996.55,22604.14,7812.71,0.0
2022-12-22 00:55:00,9917.46,22715.25,7812.78,0.0
2022-12-22 01:00:00,9735.09,22457.37,7813.04,0.0
2022-12-22 01:05:00,9810.54,22572.99,7814.52,0.0
2022-12-22 01:10:00,9817.99,22765.37,7814.61,0.0
2022-12-22 01:15:00,9855.9,22867.39,7813.58,0.0
2022-12-22 01:20:00,9925.34,22843.19,7814.52,0.0
2022-12-22 01:25:00,10119.11,22945.05,7814.5,0.0
2022-12-22 01:30:00,10051.89,22931.63,7814.57,0.0
2022-12-22 01:35:00,10046.52,22791.07,7814.7,0.0
2022-12-22 01:40:00,10120.61,22816.12,7814.71,0.0
2022-12-22 01:45:00,10244.92,22941.24,7814.59,0.0
2022-12-22 01:50:00,10277.29,23079.38,7814.54,0.0
2022-12-22 01:55:00,10273.4,23233.95,7814.75,0.0
2022-12-22 02:00:00,10164.76,23145.67,7817.49,0.0
2022-12-22 02:05:00,10186.17,23160.0,7817.58,0.0
2022-12-22 02:10:00,10185.4,23058.3,7817.82,0.0
2022-12-22 02:15:00,10329.74,23353.11,7817.63,0.0
2022-12-22 02:20:00,10197.89,23344.09,7817.57,0.0
2022-12-22 02:25:00,10180.94,23211.21,7817.55,0.0
2022-12-22 02:30:00,10281.46,23364.62,7817.5,0.0
2022-12-22 02:35:00,10180.81,23093.71,7817.71,0.0
2022-12-22 02:40:00,10236.49,23240.76,7817.72,0.0
2022-12-22 02:45:00,10285.73,23421.94,7817.58,0.0
2022-12-22 02:50:00,10311.77,23749.01,7817.6,0.0
2022-12-22 02:55:00,10365.64,23914.04,7817.92,0.0
2022-12-22 03:00:00,10428.14,24177.9,7820.44,0.0
2022-12-22 03:05:00,10358.92,23998.23,7820.44,0.0
2022-12-22 03:10:00,10350.26,23877.67,7820.35,0.0
2022-12-22 03:15:00,10352.33,23592.68,7820.14,0.0
2022-12-22 03:20:00,10346.89,23759.63,7820.39,0.0
2022-12-22 03:25:00,10331.79,23569.32,7820.37,0.0
2022-12-22 03:30:00,10422.53,23838.85,7820.12,0.0
2022-12-22 03:35:00,10222.08,23721.33,7820.34,0.0
2022-12-22 03:40:00,10256.63,23546.17,7818.45,0.0
2022-12-22 03:45:00,10228.11,23491.47,7820.41,0.0
2022-12-22 03:50:00,10225.9,23547.57,7818.27,0.0
2022-12-22 03:55:00,10290.62,23596.96,7818.28,0.0
2022-12-22 04:00:00,10451.27,24053.59,7818.13,0.0
2022-12-22 04:05:00,10380.87,23712.16,7818.16,0.0
2022-12-22 04:10:00,10266.04,23408.1,7820.22,0.0
2022-12-22 04:15:00,10302.87,23214.37,7820.13,0.0
2022-12-22 04:20:00,10302.08,23200.03,7820.13,0.0
2022-12-22 04:25:00,10132.46,22823.9,7820.07,0.0
2022-12-22 04:30:00,10154.78,22825.89,7820.04,0.0
2022-12-22 04:35:00,10253.65,23009.74,7820.22,0.0
2022-12-22 04:40:00,10245.31,23201.7,7650.36,0.0
2022-12-22 04:45:00,10277.5,23562.34,7648.24,0.0
2022-12-22 04:50:00,10229.6,23570.87,7648.08,0.0
2022-12-22 04:55:00,10271.78,23658.76,7659.23,0.0
2022-12-22 05:00:00,10345.78,23577.39,7656.92,0.0
2022-12-22 05:05:00,10723.02,24312.39,7654.0,0.0
2022-12-22 05:10:00,10722.78,24289.57,7655.04,0.0
2022-12-22 05:15:00,10688.22,24199.1,7654.84,0.0
2022-12-22 05:20:00,10489.79,23652.77,7654.03,0.0
2022-12-22 05:25:00,10504.18,23320.17,7654.05,0.0
2022-12-22 05:30:00,10566.76,23183.52,7653.83,0.0
2022-12-22 05:35:00,10384.9,22990.25,7653.04,0.0
2022-12-22 05:40:00,10173.36,22605.84,7653.09,0.0
2022-12-22 05:45:00,10266.67,23001.49,7651.99,0.0
2022-12-22 05:50:00,10307.15,23186.65,7651.91,0.0
2022-12-22 05:55:00,10362.11,23678.84,7652.01,0.0
2022-12-22 06:00:00,10520.62,24140.25,7420.8,2.1282
2022-12-22 06:05:00,10738.73,24295.91,7502.12,3.6258
2022-12-22 06:10:00,10382.75,23819.78,7502.41,3.2817
2022-12-22 06:15:00,10272.65,23869.69,7502.38,0.0
2022-12-22 06:20:00,10344.79,24060.76,7502.41,8.7265
2022-12-22 06:25:00,10314.04,23633.23,7502.27,0.0
2022-12-22 06:30:00,10279.76,23455.92,7502.24,0.0
2022-12-22 06:35:00,10103.75,23340.38,7502.53,0.0
2022-12-22 06:40:00,10250.01,23505.82,7502.5,0.0
2022-12-22 06:45:00,10209.68,23604.56,7502.36,0.0
2022-12-22 06:50:00,10069.8,23544.79,7502.32,0.0
2022-12-22 06:55:00,10045.25,23561.84,7501.52,0.4981
2022-12-22 07:00:00,10123.68,23863.14,7503.66,10.4664
2022-12-22 07:05:00,10147.34,23830.45,7507.57,10.1814
2022-12-22 07:10:00,10059.38,23834.45,7509.51,8.6248
2022-12-22 07:15:00,9890.81,23472.61,7508.42,0.0
2022-12-22 07:20:00,9965.69,23282.76,7509.49,0.0
2022-12-22 07:25:00,10041.18,23377.13,7508.44,0.0
2022-12-22 07:30:00,10030.87,23371.44,7508.37,0.0
2022-12-22 07:35:00,9837.7,23222.62,7508.64,0.0
2022-12-22 07:40:00,9961.06,23336.48,7508.76,0.0
2022-12-22 07:45:00,9899.52,23261.61,7508.54,0.0
2022-12-22 07:50:00,10040.37,23593.39,7508.48,0.0
2022-12-22 07:55:00,10232.4,24223.9,7508.63,13.5822
2022-12-22 08:00:00,10664.66,24961.27,7566.23,14.3257
2022-12-22 08:05:00,10666.17,24752.31,7572.71,9.8591
2022-12-22 08:10:00,10726.61,24929.81,7572.78,13.7619
2022-12-22 08:15:00,10731.77,24872.51,7570.71,7.3054
2022-12-22 08:20:00,10958.86,25451.05,7557.9,7.3272
2022-12-22 08:25:00,11151.86,25702.52,7555.87,2.5166
2022-12-22 08:30:00,11438.91,26701.85,7556.77,2.0079
2022-12-22 08:35:00,11271.54,26646.43,7554.88,1.1026
2022-12-22 08:40:00,11409.23,26856.47,7556.9,1.1837
2022-12-22 08:45:00,11618.06,27558.36,7555.93,1.5894
2022-12-22 08:50:00,11782.02,27893.86,7555.83,0.3437
2022-12-22 08:55:00,12092.39,28480.52,7556.09,0.5392
2022-12-22 09:00:00,12437.96,29317.13,7703.21,2.0366
2022-12-22 09:05:00,12468.77,29565.5,7581.03,0.0
2022-12-22 09:10:00,12458.75,29634.44,7581.04,0.0
2022-12-22 09:15:00,12474.91,29945.92,7580.81,0.0
2022-12-22 09:20:00,12685.74,30609.36,7580.91,0.0
2022-12-22 09:25:00,12931.36,31559.8,7578.73,8.4618
2022-12-22 09:30:00,12742.9,31531.84,7578.75,3.7976
2022-12-22 09:35:00,12789.15,31708.98,7578.99,1.123
2022-12-22 09:40:00,12733.81,31505.72,7579.04,0.0
2022-12-22 09:45:00,12864.98,31857.63,7578.83,0.0
2022-12-22 09:50:00,13042.46,32331.61,7578.9,5.5773
2022-12-22 09:55:00,13025.01,32327.93,7578.94,0.0
2022-12-22 10:00:00,12939.21,32449.29,7513.93,0.0
2022-12-22 10:05:00,13020.91,32465.68,7573.36,0.0
2022-12-22 10:10:00,13010.51,32450.27,7573.53,2.3225
2022-12-22 10:15:00,13104.58,32512.28,7572.34,3.2646
2022-12-22 10:20:00,13163.11,32959.02,7572.0,0.2207
2022-12-22 10:25:00,13185.49,32997.64,7571.36,0.2466
2022-12-22 10:30:00,13187.96,32829.76,7571.26,0.0
2022-12-22 10:35:00,13309.64,33073.42,7570.37,0.0
2022-12-22 10:40:00,13292.08,33158.98,7571.55,0.0515
2022-12-22 10:45:00,13268.86,33250.77,7571.47,1.7972
2022-12-22 10:50:00,13234.46,33418.49,7570.35,1.2474
2022-12-22 10:55:00,13387.6,34124.19,7570.56,0.6435
2022-12-22 11:00:00,13410.77,33555.38,7521.26,0.5601
2022-12-22 11:05:00,13321.42,33357.65,7523.4,0.6933
2022-12-22 11:10:00,13455.65,33791.82,7523.73,0.621
2022-12-22 11:15:00,13448.66,33601.73,7522.64,0.006
2022-12-22 11:20:00,13464.25,33442.23,7522.48,0.0
2022-12-22 11:25:00,13517.78,33453.43,7522.51,0.0184
2022-12-22 11:30:00,13447.94,33460.41,7522.54,0.3801
2022-12-22 11:35:00,13337.14,33311.37,7522.67,0.3072
2022-12-22 11:40:00,13306.99,33134.7,7522.76,0.4099
2022-12-22 11:45:00,13487.5,33895.36,7522.67,1.8773
2022-12-22 11:50:00,13395.25,33647.29,7522.54,0.4694
2022-12-22 11:55:00,13431.3,33743.76,7522.73,2.8158
2022-12-22 12:00:00,13297.9,32930.29,7581.26,0.2067
2022-12-22 12:05:00,13028.42,32153.56,7580.11,0.0
2022-12-22 12:10:00,12912.4,31722.76,7580.21,0.0
2022-12-22 12:15:00,12964.12,31936.88,7641.5,0.4108
2022-12-22 12:20:00,13024.93,31643.99,7610.14,0.0024
2022-12-22 12:25:00,13054.1,32001.2,7382.3,0.0
2022-12-22 12:30:00,13033.98,31964.04,7383.17,0.0326
2022-12-22 12:35:00,12925.13,31749.03,7384.32,0.0
2022-12-22 12:40:00,12960.32,31276.97,7384.37,0.0
2022-12-22 12:45:00,13039.71,31477.96,7385.26,0.0
2022-12-22 12:50:00,13199.27,31628.55,7385.3,0.0
2022-12-22 12:55:00,13092.32,31250.24,7384.34,0.0
2022-12-22 13:00:00,12996.95,31302.24,7327.08,0.0
2022-12-22 13:05:00,12963.06,30920.15,7380.97,0.0
2022-12-22 13:10:00,12940.12,30978.88,7381.01,0.0
2022-12-22 13:15:00,12919.71,30919.33,7267.95,0.0
2022-12-22 13:20:00,12922.98,31266.67,7161.93,0.0
2022-12-22 13:25:00,13020.26,31308.42,7162.14,0.0
2022-12-22 13:30:00,12945.24,31002.51,7161.04,0.0
2022-12-22 13:35:00,12820.39,30756.53,7160.23,0.0
2022-12-22 13:40:00,12842.44,30625.44,7158.2,0.0
2022-12-22 13:45:00,12966.72,30790.11,7157.98,0.0
2022-12-22 13:50:00,12875.38,30764.87,7158.04,0.0
2022-12-22 13:55:00,12855.48,30905.82,7045.09,0.0
2022-12-22 14:00:00,12835.59,30930.96,7057.09,0.0
2022-12-22 14:05:00,12945.9,31028.55,7040.52,0.0
2022-12-22 14:10:00,12973.13,31233.62,7041.52,0.0
2022-12-22 14:15:00,13029.58,31186.11,6548.47,0.0
2022-12-22 14:20:00,12968.58,31339.27,6548.46,0.3469
2022-12-22 14:25:00,13044.23,31125.53,6548.52,0.0399
2022-12-22 14:30:00,13090.28,31172.66,6548.37,0.0613
2022-12-22 14:35:00,13016.27,31381.65,6548.51,0.0
2022-12-22 14:40:00,12923.99,31428.89,6548.59,0.0
2022-12-22 14:45:00,12912.92,31404.34,6548.43,0.0
2022-12-22 14:50:00,12841.54,30974.54,6548.51,0.0
2022-12-22 14:55:00,12829.16,30646.58,6548.49,0.0
2022-12-22 15:00:00,12791.81,31055.84,6556.94,0.0
2022-12-22 15:05:00,12763.7,31076.84,6563.27,0.0
2022-12-22 15:10:00,12825.67,31274.73,6563.8,0.0
2022-12-22 15:15:00,12699.23,30903.79,6563.82,0.0
2022-12-22 15:20:00,12712.07,30727.29,6563.77,0.0
2022-12-22 15:25:00,12670.68,30428.99,6563.74,0.0
2022-12-22 15:30:00,12789.53,30988.28,6563.67,0.0
2022-12-22 15:35:00,12525.31,30133.28,6563.74,0.0
2022-12-22 15:40:00,12704.7,30324.47,6563.87,0.0
2022-12-22 15:45:00,12941.23,30940.17,6594.79,0.0031
2022-12-22 15:50:00,12953.51,30655.04,6594.62,0.0
2022-12-22 15:55:00,12920.87,30868.4,6235.78,0.5477
2022-12-22 16:00:00,13139.29,30625.35,6145.06,0.0729
2022-12-22 16:05:00,13025.28,30860.71,6146.53,0.2357
2022-12-22 16:10:00,13011.91,30454.2,6002.85,0.0393
2022-12-22 16:15:00,13036.54,30686.64,6002.6,0.0377
2022-12-22 16:20:00,12961.6,30505.61,6002.73,0.0
2022-12-22 16:25:00,12827.82,29956.42,6002.75,0.0
2022-12-22 16:30:00,12830.49,29185.01,6002.73,0.0
2022-12-22 16:35:00,12757.77,29100.44,6146.94,0.0
2022-12-22 16:40:00,12636.29,28552.31,6002.88,0.0
2022-12-22 16:45:00,12641.42,28540.14,6002.89,0.0
2022-12-22 16:50:00,12421.33,27649.03,5806.81,0.2166
2022-12-22 16:55:00,12085.26,26922.64,5781.2,0.0
2022-12-22 17:00:00,11997.72,26234.63,6085.17,0.0
2022-12-22 17:05:00,11987.17,26116.9,6131.69,0.0
2022-12-22 17:10:00,11806.48,25305.0,6131.86,0.0
2022-12-22 17:15:00,11715.84,24470.91,6227.81,0.0
2022-12-22 17:20:00,11424.15,23609.65,6227.84,0.0
2022-12-22 17:25:00,11434.32,23209.58,6227.9,0.0
2022-12-22 17:30:00,10889.87,22355.77,6227.87,0.0
2022-12-22 17:35:00,10719.27,21598.74,6226.86,0.3934
2022-12-22 17:40:00,10545.4,21218.27,6226.97,0.0
2022-12-22 17:45:00,10160.09,20882.67,6222.08,0.0
2022-12-22 17:50:00,10056.48,20503.39,6065.4,0.0
2022-12-22 17:55:00,9984.3,20643.89,6067.81,2.9193
2022-12-22 18:00:00,10047.48,20883.9,6064.17,0.0
2022-12-22 18:05:00,9969.41,20768.14,6064.44,0.5123
2022-12-22 18:10:00,9893.9,20661.17,6117.31,1.6915
2022-12-22 18:15:00,9789.13,20049.46,6117.81,0.0
2022-12-22 18:20:00,9781.23,19782.06,6141.38,0.0
2022-12-22 18:25:00,9780.96,19907.47,6141.14,0.4002
2022-12-22 18:30:00,9509.93,19809.73,6140.71,0.3817
2022-12-22 18:35:00,9413.67,19575.85,6143.63,0.6684
2022-12-22 18:40:00,9496.52,19949.55,6193.41,0.5656
2022-12-22 18:45:00,9607.92,20115.15,6190.85,0.0
2022-12-22 18:50:00,9487.78,20051.74,6191.13,0.3561
2022-12-22 18:55:00,9367.95,20030.56,6193.37,0.0947
2022-12-22 19:00:00,9222.32,19804.88,6211.57,0.0
2022-12-22 19:05:00,9354.53,20041.74,6053.36,10.9265
2022-12-22 19:10:00,9243.47,19104.04,6052.69,3.4818
2022-12-22 19:15:00,9100.68,18597.15,6050.8,0.3743
2022-12-22 19:20:00,8893.43,17818.8,6052.96,0.0
2022-12-22 19:25:00,8886.32,18051.5,6053.13,0.0
2022-12-22 19:30:00,8890.78,18197.0,6053.34,0.0
2022-12-22 19:35:00,8738.28,17966.21,6053.24,0.0
2022-12-22 19:40:00,8789.33,18415.89,6088.12,0.3566
2022-12-22 19:45:00,8711.2,18191.65,6038.97,0.4604
2022-12-22 19:50:00,8663.45,17878.55,6039.63,0.0
2022-12-22 19:55:00,8693.44,18059.21,5761.16,9.8625
2022-12-22 20:00:00,8821.03,17994.13,5725.03,1.5318
2022-12-22 20:05:00,8689.3,18168.77,5677.07,1.9034
2022-12-22 20:10:00,8701.88,18177.92,5676.5,0.9387
2022-12-22 20:15:00,8730.92,18293.09,5629.08,0.7409
2022-12-22 20:20:00,8629.84,18137.06,5677.3,0.0
2022-12-22 20:25:00,8656.75,18183.62,5676.95,0.0
2022-12-22 20:30:00,8568.24,17946.11,5677.22,1.661
2022-12-22 20:35:00,8636.33,17655.74,5701.21,0.0
2022-12-22 20:40:00,8547.91,17766.04,5703.08,0.0
2022-12-22 20:45:00,8427.58,17575.88,5627.5,0.0733
2022-12-22 20:50:00,8341.19,17412.65,5579.5,0.0431
2022-12-22 20:55:00,8571.36,17493.03,5581.18,0.0
2022-12-22 21:00:00,8490.41,17138.23,5609.91,0.5225
2022-12-22 21:05:00,8417.04,16980.92,5637.09,0.682
2022-12-22 21:10:00,8331.08,16948.78,5637.48,0.3401
2022-12-22 21:15:00,8371.02,16912.04,5589.49,0.7115
2022-12-22 21:20:00,8343.13,17151.77,5489.93,0.7456
2022-12-22 21:25:00,8351.88,17047.35,5489.71,1.8202
2022-12-22 21:30:00,8269.3,16870.67,5489.65,0.0
2022-12-22 21:35:00,8172.33,16777.64,5489.72,1.0489
2022-12-22 21:40:00,8145.88,16632.56,5489.73,0.4023
2022-12-22 21:45:00,8014.52,16342.06,5389.44,0.0
2022-12-22 21:50:00,8082.52,16376.85,5389.6,0.0
2022-12-22 21:55:00,8106.79,16038.41,5389.62,3.7968
2022-12-22 22:00:00,8132.29,16072.73,5143.8,0.4066
2022-12-22 22:05:00,8284.76,16370.23,5112.24,2.3433
2022-12-22 22:10:00,8306.07,16770.55,5112.53,0.0
2022-12-22 22:15:00,8091.64,16695.99,5112.46,1.9733
2022-12-22 22:20:00,8199.37,16809.33,5112.48,0.0
2022-12-22 22:25:00,8216.27,16821.28,5112.5,0.453
2022-12-22 22:30:00,8193.69,16531.86,5112.49,0.41
2022-12-22 22:35:00,8110.05,16551.05,5111.46,2.776
2022-12-22 22:40:00,8222.45,16768.64,5111.63,4.5926
2022-12-22 22:45:00,8177.04,16703.29,5111.59,4.8714
2022-12-22 22:50:00,8244.68,16638.65,5111.52,3.8462
2022-12-22 22:55:00,8133.87,16568.65,5111.54,0.1823
2022-12-22 23:00:00,8079.44,16595.75,5109.96,1.6906
2022-12-22 23:05:00,7933.33,16390.9,5110.0,1.6829
2022-12-22 23:10:00,7985.24,16176.84,5110.07,2.6259
2022-12-22 23:15:00,7976.32,16043.36,5110.07,1.2528
2022-12-22 23:20:00,7903.68,15648.78,5110.15,0.0
2022-12-22 23:25:00,7819.09,15621.37,5110.11,0.0
2022-12-22 23:30:00,7842.62,15947.52,5110.2,0.337
2022-12-22 23:35:00,7771.47,15492.33,5110.31,0.9043
2022-12-22 23:40:00,7866.17,15788.99,5110.39,1.0652
2022-12-22 23:45:00,7930.7,16013.12,5110.37,0.8224
2022-12-22 23:50:00,7942.84,15808.72,5110.37,0.7451
2022-12-22 23:55:00,7964.19,15807.16,5084.77,1.0193
2022-12-23 00:00:00,7576.63,16096.27,4783.36,0.0
2022-12-23 00:05:00,7840.2,16427.76,4785.1,0.0
2022-12-23 00:10:00,7834.74,16195.7,4877.19,0.0
2022-12-23 00:15:00,7936.54,16199.11,4972.14,0.0
2022-12-23 00:20:00,7838.63,16135.64,4972.14,0.0
2022-12-23 00:25:00,7687.18,15832.96,5156.17,0.0
2022-12-23 00:30:00,7645.94,15661.58,5069.92,0.0
2022-12-23 00:35:00,7754.22,16069.38,5069.91,0.0
2022-12-23 00:40:00,7787.43,15695.39,4908.25,0.1667
2022-12-23 00:45:00,7680.03,15619.18,4908.21,0.2713
2022-12-23 00:50:00,7605.42,15115.36,4908.2,0.0
2022-12-23 00:55:00,7270.53,14355.16,4892.38,0.0
2022-12-23 01:00:00,6838.16,14199.09,5041.6,0.0
2022-12-23 01:05:00,6927.19,14115.99,5031.8,0.0
2022-12-23 01:10:00,6914.91,14289.28,5031.78,0.0
2022-12-23 01:15:00,6598.04,13660.79,4433.64,0.0
2022-12-23 01:20:00,6655.74,13450.32,4433.65,0.0
2022-12-23 01:25:00,6485.19,13453.29,4433.63,0.0
2022-12-23 01:30:00,6535.92,13521.14,4433.69,0.0
2022-12-23 01:35:00,6524.82,13360.42,4433.71,0.0
2022-12-23 01:40:00,6522.83,13445.4,4206.73,0.0
2022-12-23 01:45:00,6574.01,13324.92,4203.23,0.0
2022-12-23 01:50:00,6646.89,13332.72,4197.67,0.0
2022-12-23 01:55:00,6627.56,13264.5,4243.62,0.0
2022-12-23 02:00:00,6582.42,13335.51,4170.6,0.0
2022-12-23 02:05:00,6581.12,13228.98,4138.08,0.0
2022-12-23 02:10:00,6311.77,12858.4,4178.09,0.0
2022-12-23 02:15:00,6507.26,12939.52,4178.06,0.0
2022-12-23 02:20:00,6402.0,12764.4,3983.05,0.0
2022-12-23 02:25:00,6420.33,12768.74,3834.61,0.0
2022-12-23 02:30:00,6428.78,12837.38,3834.55,0.0
2022-12-23 02:35:00,6446.49,12713.38,3776.71,0.0
2022-12-23 02:40:00,6237.07,12426.49,3674.71,0.0
2022-12-23 02:45:00,6160.84,12597.92,3527.68,0.0
2022-12-23 02:50:00,6234.97,12766.31,3419.71,0.0
2022-12-23 02:55:00,6055.68,12314.31,3320.71,0.0
2022-12-23 03:00:00,6025.78,12177.95,3152.8,0.0
2022-12-23 03:05:00,5567.32,11160.57,3152.8,0.0
2022-12-23 03:10:00,5732.16,11672.82,3053.95,0.0
2022-12-23 03:15:00,5964.61,11772.2,2937.52,0.0
2022-12-23 03:20:00,5871.45,11695.23,2991.98,0.0
2022-12-23 03:25:00,5697.97,11420.24,2953.99,0.0
2022-12-23 03:30:00,5707.17,11071.81,2805.49,0.0
2022-12-23 03:35:00,5883.84,11361.15,2805.48,0.0
2022-12-23 03:40:00,5793.98,11226.92,2805.49,0.0
2022-12-23 03:45:00,5901.35,11230.0,2835.44,0.0
2022-12-23 03:50:00,5715.7,11004.86,2759.04,0.0
2022-12-23 03:55:00,5574.46,10678.35,2754.04,0.0
2022-12-23 04:00:00,5650.33,10500.13,2975.63,0.0
2022-12-23 04:05:00,5764.79,10914.81,2403.64,0.0
2022-12-23 04:10:00,5969.91,11625.28,2456.62,0.0
2022-12-23 04:15:00,6208.94,12004.16,2456.58,0.0
2022-12-23 04:20:00,5769.04,11034.57,2411.63,0.0
2022-12-23 04:25:00,5740.49,10516.75,2411.63,0.0
2022-12-23 04:30:00,5814.62,10888.55,2399.37,0.0
2022-12-23 04:35:00,5682.38,10417.35,1944.5,0.0
2022-12-23 04:40:00,5852.51,10563.61,1874.59,0.0
2022-12-23 04:45:00,5829.76,10264.45,1735.59,0.0
2022-12-23 04:50:00,5991.11,10373.17,1735.6,0.0
2022-12-23 04:55:00,5990.79,10334.31,1897.57,0.0
2022-12-23 05:00:00,5928.14,10020.09,1700.4,0.0
2022-12-23 05:05:00,5732.86,9682.97,1652.0,0.0
2022-12-23 05:10:00,5746.74,9395.63,1652.0,0.0
2022-12-23 05:15:00,5622.65,9268.78,1652.0,0.0
2022-12-23 05:20:00,5322.7,8795.39,1652.0,0.0
2022-12-23 05:25:00,5439.29,8557.29,1813.23,0.0
2022-12-23 05:30:00,5344.52,8397.62,1648.0,0.0
2022-12-23 05:35:00,5710.85,8800.5,1648.0,0.0
2022-12-23 05:40:00,5480.26,8393.2,2050.16,0.0
2022-12-23 05:45:00,5551.93,8269.21,1486.0,0.0
2022-12-23 05:50:00,5348.84,7716.22,1486.0,0.0
2022-12-23 05:55:00,5288.25,7375.17,1486.0,0.0
2022-12-23 06:00:00,5459.72,7584.93,2186.84,0.0
2022-12-23 06:05:00,5545.76,7707.9,2017.8,0.0
2022-12-23 06:10:00,5278.86,7317.6,1329.6,0.0
2022-12-23 06:15:00,5412.12,7329.87,1314.6,0.0
2022-12-23 06:20:00,5343.06,7076.0,1245.6,0.0
2022-12-23 06:25:00,5290.03,6759.05,1199.6,0.0
2022-12-23 06:30:00,5220.12,6443.49,1199.6,0.0
2022-12-23 06:35:00,5110.15,6475.17,1291.37,0.0
2022-12-23 06:40:00,5368.6,6562.61,1199.6,0.0
2022-12-23 06:45:00,5316.62,6510.62,1199.6,0.0
2022-12-23 06:50:00,4932.48,5675.1,1199.6,0.0
2022-12-23 06:55:00,5094.33,5840.58,703.63,0.0
2022-12-23 07:00:00,5138.52,5966.91,267.3,0.0
2022-12-23 07:05:00,5132.63,6518.78,195.3,0.0
2022-12-23 07:10:00,4872.23,5761.4,195.3,0.0
2022-12-23 07:15:00,5003.14,5876.21,267.3,0.0
2022-12-23 07:20:00,5201.54,6307.19,267.3,0.0
2022-12-23 07:25:00,5004.67,5874.4,267.3,0.0
2022-12-23 07:30:00,4855.39,5553.13,267.3,0.0
2022-12-23 07:35:00,4981.43,5913.94,316.7,0.0
2022-12-23 07:40:00,4870.86,5780.11,316.7,0.0
2022-12-23 07:45:00,4665.95,5333.26,244.7,0.0
2022-12-23 07:50:00,4877.76,5968.9,244.7,0.0
2022-12-23 07:55:00,4910.88,6250.64,244.7,0.0
2022-12-23 08:00:00,4767.5,5916.41,256.7,0.0
2022-12-23 08:05:00,4824.63,6311.45,244.7,0.0
2022-12-23 08:10:00,4883.47,6431.46,244.7,0.0
2022-12-23 08:15:00,5051.14,7120.12,244.7,0.0
2022-12-23 08:20:00,4941.7,7219.63,244.7,0.0
2022-12-23 08:25:00,5093.95,7399.01,244.7,0.0
2022-12-23 08:30:00,5374.14,7704.4,195.3,0.0
2022-12-23 08:35:00,5648.8,8444.48,215.3,0.0
2022-12-23 08:40:00,5926.66,8837.73,278.3,0.0
2022-12-23 08:45:00,6227.88,8985.85,350.4,0.0
2022-12-23 08:50:00,6060.43,9120.15,413.4,0.0
2022-12-23 08:55:00,6080.18,9282.15,461.4,0.0
2022-12-23 09:00:00,5986.32,9326.87,620.9,0.0
2022-12-23 09:05:00,6227.24,9479.52,620.9,0.0
2022-12-23 09:10:00,6608.67,10247.61,689.5,0.0
2022-12-23 09:15:00,6902.85,10928.99,691.5,0.0
2022-12-23 09:20:00,7178.53,11437.75,818.5,0.0
2022-12-23 09:25:00,7370.7,11840.88,996.5,0.0
2022-12-23 09:30:00,7516.12,12093.38,893.5,0.0
2022-12-23 09:35:00,7352.18,12199.06,821.9,0.0
2022-12-23 09:40:00,7123.79,11881.04,964.9,0.0
2022-12-23 09:45:00,7232.17,11820.15,924.9,0.0
2022-12-23 09:50:00,6959.83,11457.97,984.9,0.0
2022-12-23 09:55:00,6789.68,11175.73,881.9,5.3311
2022-12-23 10:00:00,6867.6,11152.78,1263.18,8.9626
2022-12-23 10:05:00,6910.16,11273.81,1394.17,7.9806
2022-12-23 10:10:00,6986.61,11294.89,1270.78,3.241
2022-12-23 10:15:00,7068.41,11534.41,1589.76,5.938
2022-12-23 10:20:00,6875.43,11437.18,2104.32,10.0781
2022-12-23 10:25:00,6893.91,11681.43,2062.16,4.973
2022-12-23 10:30:00,6958.05,11822.85,1960.18,4.6469
2022-12-23 10:35:00,6792.36,11764.95,2021.78,5.5237
2022-12-23 10:40:00,6666.83,11829.95,2066.69,2.9232
2022-12-23 10:45:00,6646.16,11574.44,2121.28,11.2551
2022-12-23 10:50:00,6777.78,11983.55,2313.82,10.113
2022-12-23 10:55:00,6876.97,12200.6,2194.13,16.5292
2022-12-23 11:00:00,6862.31,12283.08,2140.03,0.0
2022-12-23 11:05:00,6683.85,12118.03,2320.14,0.0
2022-12-23 11:10:00,6720.57,12226.4,2167.17,0.0
2022-12-23 11:15:00,6792.14,12277.11,1974.0,0.0
2022-12-23 11:20:00,6719.0,12202.93,1924.4,0.0
2022-12-23 11:25:00,6370.66,11635.52,1971.4,0.0
2022-12-23 11:30:00,6246.99,11894.16,2014.8,0.0
2022-12-23 11:35:00,6378.54,12320.44,2038.2,0.0
2022-12-23 11:40:00,6510.22,12467.5,2052.3,0.0
2022-12-23 11:45:00,6617.47,12385.95,2065.6,0.0
2022-12-23 11:50:00,6372.15,12152.56,2066.9,0.0
2022-12-23 11:55:00,6321.69,12033.49,2071.71,0.0
2022-12-23 12:00:00,6545.1,12380.18,2071.0,0.0
2022-12-23 12:05:00,6822.46,12579.08,2084.71,0.0
2022-12-23 12:10:00,6855.53,12842.2,2097.9,0.0
2022-12-23 12:15:00,6897.79,12511.2,2217.7,0.0
2022-12-23 12:20:00,6906.57,12584.32,2129.5,0.0
2022-12-23 12:25:00,6860.05,12979.37,2327.83,0.0
2022-12-23 12:30:00,6978.34,13361.33,2248.52,0.0
2022-12-23 12:35:00,7019.96,13119.9,2281.0,0.0
2022-12-23 12:40:00,6980.28,12937.71,2257.79,0.0
2022-12-23 12:45:00,7101.63,13211.14,2219.9,0.0
2022-12-23 12:50:00,7223.66,13411.51,2322.9,0.0
2022-12-23 12:55:00,7273.69,13693.63,2172.9,0.0
2022-12-23 13:00:00,7130.61,13397.75,2253.99,0.0
2022-12-23 13:05:00,7022.93,13029.16,2253.48,0.0
2022-12-23 13:10:00,6952.26,13088.5,2357.8,0.0
2022-12-23 13:15:00,7011.32,12788.69,2383.29,0.0
2022-12-23 13:20:00,7066.32,13137.51,2199.18,0.0
2022-12-23 13:25:00,7092.45,13233.43,2094.18,0.0
2022-12-23 13:30:00,7164.64,13244.43,2204.28,0.0
2022-12-23 13:35:00,7211.81,13366.6,2153.28,0.0
2022-12-23 13:40:00,7153.31,13358.67,2359.68,0.0
2022-12-23 13:45:00,7187.7,13042.45,2358.88,0.0
2022-12-23 13:50:00,7059.25,12538.11,2219.6,0.0
2022-12-23 13:55:00,7131.69,12559.17,2319.98,0.0
2022-12-23 14:00:00,7428.21,13177.68,2220.61,0.0
2022-12-23 14:05:00,7377.86,12965.77,2274.81,0.0
2022-12-23 14:10:00,7601.69,13640.97,2403.9,0.0
2022-12-23 14:15:00,7746.9,13989.56,2698.9,0.0
2022-12-23 14:20:00,7785.04,14276.69,2801.9,0.0
2022-12-23 14:25:00,7794.88,14194.22,2508.79,0.0
2022-12-23 14:30:00,7858.52,14572.05,2611.79,0.0
2022-12-23 14:35:00,7838.12,14432.74,2508.79,0.0
2022-12-23 14:40:00,7578.83,14185.46,2611.79,0.0
2022-12-23 14:45:00,7740.67,14766.17,2611.79,0.0
2022-12-23 14:50:00,7643.42,14552.03,2611.79,0.0
2022-12-23 14:55:00,7536.74,13928.84,2561.79,0.0
2022-12-23 15:00:00,7413.36,13851.06,2779.61,0.0
2022-12-23 15:05:00,7409.36,14222.44,2699.41,0.0
2022-12-23 15:10:00,7462.12,14579.36,2936.11,0.0
2022-12-23 15:15:00,7381.07,14389.99,3039.11,0.0
2022-12-23 15:20:00,7353.95,14386.6,3241.11,0.0
2022-12-23 15:25:00,7428.21,14681.99,3376.11,0.0
2022-12-23 15:30:00,7263.68,14445.74,3376.11,0.0
2022-12-23 15:35:00,7197.21,14262.17,3273.11,0.0
2022-12-23 15:40:00,7119.44,14105.68,3376.11,0.0
2022-12-23 15:45:00,7019.18,13610.37,3280.11,0.0
2022-12-23 15:50:00,6804.31,13086.79,3241.11,0.0
2022-12-23 15:55:00,6805.56,13163.13,3241.11,0.0
2022-12-23 16:00:00,6811.76,12814.29,3234.43,0.0
2022-12-23 16:05:00,6912.63,12920.54,3323.73,0.0
2022-12-23 16:10:00,6850.08,12619.26,3308.53,0.0
2022-12-23 16:15:00,6633.08,11882.45,3308.53,0.0
2022-12-23 16:20:00,6200.65,11041.58,3206.73,0.0
2022-12-23 16:25:00,5972.6,10665.94,3206.93,0.0
2022-12-23 16:30:00,5743.03,10312.5,3003.33,0.0
2022-12-23 16:35:00,5542.41,9853.38,3003.33,0.0
2022-12-23 16:40:00,5321.39,9219.59,3071.53,0.0
2022-12-23 16:45:00,5031.33,8947.17,2889.0,0.0
2022-12-23 16:50:00,5071.3,8876.51,2835.0,0.0
2022-12-23 16:55:00,4748.0,8462.22,2948.0,0.0
2022-12-23 17:00:00,4621.08,7551.4,2850.4,0.0
2022-12-23 17:05:00,4499.25,7005.31,2738.5,0.0
2022-12-23 17:10:00,4720.48,6416.17,2443.7,0.0
2022-12-23 17:15:00,5229.35,6651.52,2196.2,0.0
2022-12-23 17:20:00,5553.69,7218.8,1845.8,0.0
2022-12-23 17:25:00,5208.47,6728.67,1790.1,0.0
2022-12-23 17:30:00,4978.6,6175.79,1695.3,0.0
2022-12-23 17:35:00,4919.94,5596.14,1693.1,0.0
2022-12-23 17:40:00,4861.0,5108.91,1599.8,0.0
2022-12-23 17:45:00,4786.94,5011.17,1552.6,0.0
2022-12-23 17:50:00,4746.29,4887.42,1542.9,0.0
2022-12-23 17:55:00,4621.53,4891.5,1433.2,0.0
2022-12-23 18:00:00,4711.16,5027.97,1331.8,0.0
2022-12-23 18:05:00,4628.94,5067.31,1356.8,0.0
2022-12-23 18:10:00,4456.41,4911.52,1310.8,0.0
2022-12-23 18:15:00,4484.63,5155.55,1172.8,0.0
2022-12-23 18:20:00,4428.58,5056.44,1172.8,0.0
2022-12-23 18:25:00,4435.35,4988.3,1240.2,0.0
2022-12-23 18:30:00,4376.66,4839.8,1242.8,0.0
2022-12-23 18:35:00,4374.81,4906.36,1242.8,0.0
2022-12-23 18:40:00,4347.56,4844.23,1287.8,0.0
2022-12-23 18:45:00,4352.56,4813.76,1040.8,0.0
2022-12-23 18:50:00,4348.78,4871.68,1040.8,0.0
2022-12-23 18:55:00,4312.35,4853.0,1040.8,0.0
2022-12-23 19:00:00,4344.42,4884.98,994.1,0.0
2022-12-23 19:05:00,4353.05,4966.28,994.1,0.0
2022-12-23 19:10:00,4279.18,4857.45,994.1,0.0
2022-12-23 19:15:00,4223.3,4729.19,994.1,0.0
2022-12-23 19:20:00,4218.4,4572.9,994.1,0.0
2022-12-23 19:25:00,4239.47,4571.24,994.1,0.0
2022-12-23 19:30:00,4183.43,4503.88,994.1,0.0
2022-12-23 19:35:00,4243.1,4715.05,994.1,0.0
2022-12-23 19:40:00,4209.22,4809.27,994.1,0.0
2022-12-23 19:45:00,4229.41,4769.73,994.1,0.0
2022-12-23 19:50:00,4283.58,4783.71,994.1,0.0
2022-12-23 19:55:00,4244.58,4741.49,994.1,0.0
2022-12-23 20:00:00,4341.25,4879.38,995.9,0.0
2022-12-23 20:05:00,4437.48,4889.69,995.9,0.0
2022-12-23 20:10:00,4352.13,4787.08,1015.9,0.0
2022-12-23 20:15:00,4335.25,4505.65,1015.9,0.0
2022-12-23 20:20:00,4248.23,4496.7,1015.9,0.0
2022-12-23 20:25:00,4273.62,4507.94,1107.9,0.0
2022-12-23 20:30:00,4075.55,4275.01,1199.9,0.0
2022-12-23 20:35:00,4072.63,4294.53,1199.9,0.0
2022-12-23 20:40:00,4159.25,4301.1,1199.9,0.0
2022-12-23 20:45:00,4212.75,4247.42,1199.9,0.0
2022-12-23 20:50:00,4266.21,4311.88,1199.9,0.0
2022-12-23 20:55:00,4356.2,4515.72,1199.9,0.0
2022-12-23 21:00:00,4325.72,4519.43,1200.9,0.0
2022-12-23 21:05:00,4429.12,4620.11,1155.9,0.0
2022-12-23 21:10:00,4387.7,4713.61,1155.9,0.0
2022-12-23 21:15:00,4451.21,4903.06,1155.9,0.0
2022-12-23 21:20:00,4460.44,4997.1,1155.9,0.0
2022-12-23 21:25:00,4426.03,5020.89,1155.9,0.0
2022-12-23 21:30:00,4540.89,5192.88,1155.9,0.0
2022-12-23 21:35:00,4731.87,5647.14,1155.9,0.0
2022-12-23 21:40:00,4758.57,5826.74,1155.9,0.0
2022-12-23 21:45:00,4740.41,5913.98,1187.9,0.0
2022-12-23 21:50:00,4782.38,5776.1,1187.9,0.0
2022-12-23 21:55:00,4823.28,5706.59,1187.9,0.0
2022-12-23 22:00:00,4849.36,5605.15,1187.9,0.0
2022-12-23 22:05:00,5022.65,6160.08,1155.9,0.0
2022-12-23 22:10:00,5195.76,6252.35,1155.9,0.0
2022-12-23 22:15:00,5119.59,6048.58,1188.9,0.0
2022-12-23 22:20:00,5066.23,6186.85,1188.9,0.0
2022-12-23 22:25:00,5011.21,6113.7,1188.9,0.0
2022-12-23 22:30:00,5133.87,6341.59,1188.9,0.0
2022-12-23 22:35:00,5180.64,6429.3,1188.9,0.0
2022-12-23 22:40:00,5277.01,6505.25,1228.9,0.0
2022-12-23 22:45:00,5285.05,6493.93,1228.9,0.0
2022-12-23 22:50:00,5261.66,6464.6,1228.9,0.0
2022-12-23 22:55:00,5273.93,6547.92,1228.9,0.0
2022-12-23 23:00:00,5164.92,6283.72,1248.9,0.0
2022-12-23 23:05:00,5090.9,6425.89,1391.3,0.0
2022-12-23 23:10:00,5095.84,6534.19,1391.3,0.0
2022-12-23 23:15:00,4895.2,6030.68,1344.3,0.0
2022-12-23 23:20:00,4964.97,6168.95,1391.3,0.0
2022-12-23 23:25:00,4981.59,6276.05,1390.9,0.0
2022-12-23 23:30:00,4984.99,6625.73,1391.3,0.0
2022-12-23 23:35:00,5035.7,6818.62,1391.3,0.0
2022-12-23 23:40:00,5165.8,7253.92,1344.3,0.0
2022-12-23 23:45:00,5138.04,7378.02,1344.3,0.0
2022-12-23 23:50:00,5188.43,7474.96,1376.3,0.0
2022-12-23 23:55:00,5257.42,7708.74,1376.3,0.0
2022-12-24 00:00:00,5540.04,9040.85,1379.8,10.0296
2022-12-24 00:05:00,5542.2,7956.07,1429.8,14.3171
2022-12-24 00:10:00,5670.01,8107.83,1519.8,12.4606
2022-12-24 00:15:00,5858.02,8151.15,1519.8,10.0714
2022-12-24 00:20:00,5893.78,8183.05,1596.18,10.7529
2022-12-24 00:25:00,5814.54,8129.9,1679.38,10.1172
2022-12-24 00:30:00,5860.68,8283.87,1553.7,6.8451
2022-12-24 00:35:00,5842.11,8397.45,1470.5,12.106
2022-12-24 00:40:00,5913.73,8469.12,1517.5,5.9035
2022-12-24 00:45:00,6021.3,8588.1,1596.63,3.918
2022-12-24 00:50:00,6007.88,8685.25,1680.1,3.3465
2022-12-24 00:55:00,5928.83,8828.61,1600.77,3.3204
2022-12-24 01:00:00,5915.15,8796.72,1558.34,3.5699
2022-12-24 01:05:00,5843.42,8789.36,1613.09,1.0714
2022-12-24 01:10:00,5873.9,8920.97,1613.89,0.8542
2022-12-24 01:15:00,5910.5,8963.15,1452.8,0.1388
2022-12-24 01:20:00,5944.4,9193.5,1615.25,2.876
2022-12-24 01:25:00,5789.64,8960.91,1750.62,2.0972
2022-12-24 01:30:00,5966.34,9615.28,1499.8,1.861
2022-12-24 01:35:00,5929.98,9603.84,1580.08,1.772
2022-12-24 01:40:00,5909.31,9515.69,1791.88,0.1827
2022-12-24 01:45:00,5780.05,9228.9,1635.42,0.6641
2022-12-24 01:50:00,5678.64,9101.43,1584.8,2.2849
2022-12-24 01:55:00,5951.44,9528.93,1674.09,2.134
2022-12-24 02:00:00,5997.43,9694.15,1587.4,0.7222
2022-12-24 02:05:00,5672.2,9108.04,1597.4,1.2354
2022-12-24 02:10:00,5717.16,9121.79,1604.1,0.0
2022-12-24 02:15:00,5688.88,9067.1,1604.1,0.0
2022-12-24 02:20:00,5650.83,9132.35,1604.1,0.8787
2022-12-24 02:25:00,5747.84,9415.04,1604.1,0.0
2022-12-24 02:30:00,5679.9,8987.42,1604.1,0.0
2022-12-24 02:35:00,5622.84,9032.33,1604.1,0.0
2022-12-24 02:40:00,5510.29,9010.31,1604.1,0.0
2022-12-24 02:45:00,5503.88,9049.91,1604.1,0.0
2022-12-24 02:50:00,5522.16,9071.48,1604.1,0.0
2022-12-24 02:55:00,5641.49,9335.87,1604.1,0.0
2022-12-24 03:00:00,5519.82,8971.24,1585.7,0.0
2022-12-24 03:05:00,5523.69,9023.82,1584.8,0.2313
2022-12-24 03:10:00,5467.27,8979.75,1585.7,0.0
2022-12-24 03:15:00,5451.86,9018.1,1585.7,0.0
2022-12-24 03:20:00,5520.9,8960.37,1585.7,0.0
2022-12-24 03:25:00,5604.3,9160.12,1585.7,0.0568
2022-12-24 03:30:00,5662.27,9120.05,1585.7,0.051
2022-12-24 03:35:00,5678.95,9304.47,1585.7,0.0
2022-12-24 03:40:00,5776.77,9448.44,1585.7,0.0
2022-12-24 03:45:00,5521.22,8867.2,1585.7,0.0
2022-12-24 03:50:00,5544.44,9214.15,1585.7,0.0
2022-12-24 03:55:00,5666.72,9327.13,1585.7,0.0
2022-12-24 04:00:00,5665.03,9138.88,1586.6,0.0
2022-12-24 04:05:00,5660.07,9076.11,1655.6,0.0024
2022-12-24 04:10:00,5572.57,9460.74,1655.6,0.0
2022-12-24 04:15:00,5624.83,9361.02,1655.6,0.0
2022-12-24 04:20:00,5574.45,9176.48,1655.6,0.0
2022-12-24 04:25:00,5660.41,9234.44,1650.1,0.0
2022-12-24 04:30:00,5569.67,9055.81,1637.1,0.0
2022-12-24 04:35:00,5537.72,9055.42,1636.4,0.015
2022-12-24 04:40:00,5544.02,8897.14,1655.6,0.0
2022-12-24 04:45:00,5432.65,8807.95,1655.6,0.0
2022-12-24 04:50:00,5427.55,8790.39,1655.6,0.0
2022-12-24 04:55:00,5458.31,8701.48,1655.6,0.0
2022-12-24 05:00:00,5550.74,8846.17,1654.3,0.0
2022-12-24 05:05:00,5465.23,8846.9,1586.5,0.0
2022-12-24 05:10:00,5450.44,8828.75,1548.5,0.0
2022-12-24 05:15:00,5576.67,9078.84,1548.5,0.3505
2022-12-24 05:20:00,5431.51,8706.29,1548.5,0.7133
2022-12-24 05:25:00,5424.76,8710.16,1548.5,0.0
2022-12-24 05:30:00,5383.69,8575.38,1548.5,1.4987
2022-12-24 05:35:00,5275.92,8314.21,1548.5,0.0
2022-12-24 05:40:00,5201.04,8054.07,1548.5,0.0
2022-12-24 05:45:00,5265.01,8070.47,1501.5,0.0
2022-12-24 05:50:00,5336.2,8222.65,1501.5,1.3131
2022-12-24 05:55:00,5305.56,8468.71,1393.5,1.9867
2022-12-24 06:00:00,5515.28,8892.2,1321.0,1.5358
2022-12-24 06:05:00,5418.49,8539.09,1312.6,0.0
2022-12-24 06:10:00,5413.82,8380.27,1312.6,7.258
2022-12-24 06:15:00,5350.06,8410.22,1312.6,1.7216
2022-12-24 06:20:00,5545.01,8695.86,1312.6,0.0
2022-12-24 06:25:00,5499.76,8719.53,1289.6,0.0607
2022-12-24 06:30:00,5503.21,8753.77,1289.6,0.7226
2022-12-24 06:35:00,5529.45,8561.92,1289.6,21.5306
2022-12-24 06:40:00,5580.31,8624.93,1289.6,6.6664
2022-12-24 06:45:00,5436.17,8385.82,1289.6,33.9053
2022-12-24 06:50:00,5482.58,8437.8,1343.6,20.243
2022-12-24 06:55:00,5405.51,8395.63,1451.6,37.6479
2022-12-24 07:00:00,5492.97,8635.14,1450.7,7.518
2022-12-24 07:05:00,5310.63,8376.96,1450.7,21.4742
2022-12-24 07:10:00,5334.0,8358.92,1450.7,35.1521
2022-12-24 07:15:00,5345.19,8366.93,1450.7,19.3754
2022-12-24 07:20:00,5322.46,8348.39,1450.7,17.7849
2022-12-24 07:25:00,5250.64,8208.25,1450.7,0.0
2022-12-24 07:30:00,5215.32,8049.02,1450.7,0.0
2022-12-24 07:35:00,5252.48,7989.25,1450.7,0.4102
2022-12-24 07:40:00,5307.59,8101.97,1358.7,37.7806
2022-12-24 07:45:00,5273.25,8087.77,1358.7,1.5151
2022-12-24 07:50:00,5171.17,8367.63,1311.7,7.6572
2022-12-24 07:55:00,5302.91,8678.44,1311.7,9.2168
2022-12-24 08:00:00,5378.12,9017.28,1311.0,6.7002
2022-12-24 08:05:00,5862.83,9831.66,1311.0,0.4141
2022-12-24 08:10:00,6130.82,10515.3,1311.0,0.5358
2022-12-24 08:15:00,6289.21,10992.66,1311.0,3.3321
2022-12-24 08:20:00,6592.25,11612.34,1375.2,8.714
2022-12-24 08:25:00,6837.9,11851.44,1389.3,6.0509
2022-12-24 08:30:00,6908.77,12275.56,1414.9,2.5718
2022-12-24 08:35:00,6958.7,12755.01,1428.8,1.5066
2022-12-24 08:40:00,7149.18,13356.06,1432.7,3.9393
2022-12-24 08:45:00,7318.24,13786.07,1434.0,2.7786
2022-12-24 08:50:00,7521.42,14349.67,1584.0,2.5341
2022-12-24 08:55:00,7600.96,14456.36,1584.0,1.2938
2022-12-24 09:00:00,7545.38,13957.2,1694.17,5.982
2022-12-24 09:05:00,7796.22,14207.47,1686.65,6.6294
2022-12-24 09:10:00,7827.33,14175.63,1715.2,4.5331
2022-12-24 09:15:00,7748.57,14151.61,1874.2,4.1596
2022-12-24 09:20:00,7799.87,14075.27,2248.2,2.9783
2022-12-24 09:25:00,7784.91,14166.16,2531.2,2.2373
2022-12-24 09:30:00,7799.48,14624.27,2992.2,1.4184
2022-12-24 09:35:00,7738.49,14906.65,2992.2,0.9325
2022-12-24 09:40:00,7767.96,14985.11,3130.4,0.7475
2022-12-24 09:45:00,7973.89,15416.4,3225.4,3.0358
2022-12-24 09:50:00,7920.51,15493.73,3393.4,2.1312
2022-12-24 09:55:00,8108.84,15888.26,3515.4,2.8208
2022-12-24 10:00:00,8135.91,15615.5,3832.99,2.8109
2022-12-24 10:05:00,7814.21,15312.36,3968.6,1.5235
2022-12-24 10:10:00,7759.91,15285.71,4018.2,1.8469
2022-12-24 10:15:00,7961.54,15678.44,4058.2,2.9635
2022-12-24 10:20:00,8072.74,16237.68,4058.2,3.7325
2022-12-24 10:25:00,8132.04,16504.2,4011.2,2.9469
2022-12-24 10:30:00,8203.92,16771.47,4059.2,3.1378
2022-12-24 10:35:00,8301.6,16795.38,4107.2,2.6738
2022-12-24 10:40:00,8325.63,16992.74,4256.6,2.3413
2022-12-24 10:45:00,8415.27,17174.08,4306.4,2.2689
2022-12-24 10:50:00,8500.17,17363.76,4400.4,2.0623
2022-12-24 10:55:00,8609.94,17674.33,4352.4,1.8475
2022-12-24 11:00:00,8536.69,17571.55,4294.5,1.4347
2022-12-24 11:05:00,8774.83,17581.13,4405.2,1.3335
2022-12-24 11:10:00,8758.5,17390.39,4404.5,1.5827
2022-12-24 11:15:00,8812.97,17573.81,4357.2,1.3332
2022-12-24 11:20:00,8799.05,17422.75,4357.2,1.2808
2022-12-24 11:25:00,8876.8,17662.61,4357.5,1.2546
2022-12-24 11:30:00,8959.88,17280.11,4357.9,0.7422
2022-12-24 11:35:00,9109.93,17193.51,4407.9,0.173
2022-12-24 11:40:00,9041.78,16940.12,4399.5,0.0
2022-12-24 11:45:00,8818.02,17171.15,4447.5,1.8374
2022-12-24 11:50:00,9142.03,17827.61,4448.0,1.5883
2022-12-24 11:55:00,9316.45,18260.08,4448.0,2.4814
2022-12-24 12:00:00,9418.26,18102.94,4398.3,3.6493
2022-12-24 12:05:00,9324.58,18105.2,4467.0,2.6082
2022-12-24 12:10:00,9526.85,18114.0,4519.2,3.4106
2022-12-24 12:15:00,9613.54,18229.68,4519.2,3.8139
2022-12-24 12:20:00,9540.72,18445.39,4690.4,4.1656
2022-12-24 12:25:00,9634.8,18618.36,4690.4,3.7864
2022-12-24 12:30:00,9792.81,18759.14,4690.4,3.2304
2022-12-24 12:35:00,9875.31,18970.82,4790.6,1.8641
2022-12-24 12:40:00,9836.84,19120.96,4790.6,2.8787
2022-12-24 12:45:00,9743.53,18963.38,4890.8,2.0072
2022-12-24 12:50:00,9810.53,19321.65,4890.8,0.8917
2022-12-24 12:55:00,10004.78,19675.44,4890.8,1.1495
2022-12-24 13:00:00,10192.53,19753.35,4985.7,0.8806
2022-12-24 13:05:00,10158.38,19796.85,4907.7,0.8805
2022-12-24 13:10:00,10054.36,19720.15,5008.1,0.8805
2022-12-24 13:15:00,10187.31,19871.44,5158.7,1.3644
2022-12-24 13:20:00,10154.91,20008.21,5259.1,1.2893
2022-12-24 13:25:00,10130.39,20038.04,5459.9,0.7783
2022-12-24 13:30:00,10175.62,20208.54,5560.3,0.8586
2022-12-24 13:35:00,10170.87,20413.94,5560.3,1.7523
2022-12-24 13:40:00,10243.41,20445.76,5560.3,1.7521
2022-12-24 13:45:00,10299.42,20402.61,5560.3,1.7922
2022-12-24 13:50:00,10419.96,20752.19,5560.3,1.7494
2022-12-24 13:55:00,10404.97,20785.89,5560.3,1.7206
2022-12-24 14:00:00,10537.95,20839.67,5716.4,1.7583
2022-12-24 14:05:00,10240.56,20695.27,5716.4,1.7569
2022-12-24 14:10:00,10272.02,20856.81,5851.4,1.4144
2022-12-24 14:15:00,10265.88,21067.26,5852.4,1.7536
2022-12-24 14:20:00,10306.3,21037.31,5852.4,1.9086
2022-12-24 14:25:00,10410.77,21331.52,5852.4,1.3977
2022-12-24 14:30:00,10410.07,21282.45,5852.4,1.5561
2022-12-24 14:35:00,10380.65,21515.96,5852.4,1.1597
2022-12-24 14:40:00,10422.82,21649.96,5852.4,0.7068
2022-12-24 14:45:00,10456.42,21686.69,5852.4,1.1986
2022-12-24 14:50:00,10444.61,21624.24,5852.4,1.9926
2022-12-24 14:55:00,10473.53,21726.23,5852.4,2.1462
2022-12-24 15:00:00,10541.35,21711.12,5855.8,1.0338
2022-12-24 15:05:00,10569.55,21820.41,5854.8,1.5923
2022-12-24 15:10:00,10568.13,21740.21,5854.8,0.5838
2022-12-24 15:15:00,10532.88,21546.94,5854.8,0.6231
2022-12-24 15:20:00,10532.08,21534.4,5854.8,0.9559
2022-12-24 15:25:00,10596.51,21557.94,5854.8,0.9948
2022-12-24 15:30:00,10520.29,21485.14,5854.8,1.0266
2022-12-24 15:35:00,10482.75,21240.56,5854.8,0.8371
2022-12-24 15:40:00,10476.46,21156.93,5854.8,1.192
2022-12-24 15:45:00,10427.83,20921.54,5854.8,0.6063
2022-12-24 15:50:00,10317.95,20684.07,5854.8,0.7664
2022-12-24 15:55:00,10288.98,20625.62,5829.1,0.4136
2022-12-24 16:00:00,10253.28,20335.43,5801.3,0.9105
2022-12-24 16:05:00,9933.2,19951.17,5801.3,0.3419
2022-12-24 16:10:00,9750.57,19533.83,5801.3,0.6601
2022-12-24 16:15:00,9693.39,19155.2,5801.3,1.2001
2022-12-24 16:20:00,9514.68,18696.23,5801.3,2.6506
2022-12-24 16:25:00,9123.4,17795.68,5801.3,0.0035
2022-12-24 16:30:00,8895.22,17003.85,5801.3,0.1451
2022-12-24 16:35:00,8635.15,16528.79,5801.3,0.0
2022-12-24 16:40:00,8367.82,16021.19,5801.3,1.3754
2022-12-24 16:45:00,8101.45,15335.77,5747.3,0.6391
2022-12-24 16:50:00,7794.19,14608.44,5639.3,0.0
2022-12-24 16:55:00,7529.71,13889.8,5639.3,0.0
2022-12-24 17:00:00,7248.42,13402.69,5691.89,0.3832
2022-12-24 17:05:00,7251.86,12907.14,5578.0,0.0
2022-12-24 17:10:00,6794.11,12738.6,4779.7,5.0992
2022-12-24 17:15:00,6634.52,12332.58,4732.4,2.4522
2022-12-24 17:20:00,6483.43,11300.83,4729.0,0.0
2022-12-24 17:25:00,6592.15,11750.59,4312.4,0.0
2022-12-24 17:30:00,6773.61,11276.63,4162.3,0.0
2022-12-24 17:35:00,6805.57,10901.82,4104.8,0.0
2022-12-24 17:40:00,6759.13,10793.92,3916.8,0.0
2022-12-24 17:45:00,6688.41,10309.65,3861.4,0.0
2022-12-24 17:50:00,6621.22,10145.86,3459.2,0.0
2022-12-24 17:55:00,6861.19,10289.53,3294.4,0.0002
2022-12-24 18:00:00,6766.54,10409.9,3108.5,2.1083
2022-12-24 18:05:00,6474.56,10006.71,3166.2,1.1896
2022-12-24 18:10:00,6326.64,9792.53,3166.2,0.0004
2022-12-24 18:15:00,6274.26,9745.03,3066.0,0.0004
2022-12-24 18:20:00,6287.2,9755.26,3066.0,0.0006
2022-12-24 18:25:00,6258.62,9739.08,3066.0,0.6561
2022-12-24 18:30:00,6167.02,9630.88,3146.0,0.4836
2022-12-24 18:35:00,6079.87,9346.56,3193.0,0.0392
2022-12-24 18:40:00,6024.76,9266.52,3145.0,1.2493
2022-12-24 18:45:00,6081.77,9208.73,3145.0,1.4256
2022-12-24 18:50:00,6067.6,9234.61,3098.0,1.2759
2022-12-24 18:55:00,6057.63,9277.32,3098.0,0.6809
2022-12-24 19:00:00,6008.3,9333.09,3111.7,0.2007
2022-12-24 19:05:00,6083.22,9368.96,3111.9,0.0157
2022-12-24 19:10:00,6049.86,9214.88,3110.9,0.5167
2022-12-24 19:15:00,6103.33,9186.85,3204.4,0.405
2022-12-24 19:20:00,6134.81,9318.59,3202.8,0.8758
2022-12-24 19:25:00,6078.71,9213.86,3206.1,0.019
2022-12-24 19:30:00,6131.29,9263.93,3204.7,0.2619
2022-12-24 19:35:00,6156.6,9225.83,3203.0,0.4788
2022-12-24 19:40:00,6163.71,9252.44,3125.2,0.0097
2022-12-24 19:45:00,6127.83,9239.93,3124.2,0.243
2022-12-24 19:50:00,6165.08,9352.04,3124.4,1.0163
2022-12-24 19:55:00,6161.44,9415.94,3124.5,1.9064
2022-12-24 20:00:00,6043.87,9244.38,3092.5,0.222
2022-12-24 20:05:00,6043.63,9261.8,3092.5,0.5345
2022-12-24 20:10:00,6069.67,9215.18,3092.5,0.532
2022-12-24 20:15:00,6067.93,9321.87,3092.5,0.1081
2022-12-24 20:20:00,6112.54,9373.27,3092.5,0.005
2022-12-24 20:25:00,6145.81,9411.06,3092.5,0.3773
2022-12-24 20:30:00,5998.56,9359.36,3092.5,0.0056
2022-12-24 20:35:00,5963.55,9260.69,3092.5,0.0103
2022-12-24 20:40:00,5939.81,9119.3,3092.5,0.8047
2022-12-24 20:45:00,5982.72,9051.96,3092.5,1.585
2022-12-24 20:50:00,5903.74,8834.29,3092.5,2.4338
2022-12-24 20:55:00,6025.98,8983.54,3044.5,3.0437
2022-12-24 21:00:00,6100.88,9104.12,3032.6,0.4841
2022-12-24 21:05:00,6217.62,9537.23,3032.6,1.6331
2022-12-24 21:10:00,6191.64,9739.96,3032.6,2.7859
2022-12-24 21:15:00,6128.14,9751.37,3032.6,2.3895
2022-12-24 21:20:00,6201.98,9748.7,3032.6,1.8785
2022-12-24 21:25:00,6199.92,9600.48,3032.6,1.4239
2022-12-24 21:30:00,6246.65,9782.75,3227.6,3.4207
2022-12-24 21:35:00,6346.77,10030.71,3227.6,6.1653
2022-12-24 21:40:00,6385.23,10292.44,3227.6,8.7654
2022-12-24 21:45:00,6220.62,9724.76,3227.6,11.1935
2022-12-24 21:50:00,6355.22,10158.58,3227.6,9.1938
2022-12-24 21:55:00,6412.8,10445.18,3227.6,9.0207
2022-12-24 22:00:00,6398.42,10205.53,3311.01,10.8668
2022-12-24 22:05:00,6593.22,10608.66,3311.91,13.2712
2022-12-24 22:10:00,6802.27,11158.98,3367.41,10.3979
2022-12-24 22:15:00,6889.59,11328.7,3384.91,12.2539
2022-12-24 22:20:00,6840.85,11404.77,3377.78,11.4359
2022-12-24 22:25:00,6867.55,11435.78,3416.1,10.1432
2022-12-24 22:30:00,6852.19,11531.54,3424.08,11.1533
2022-12-24 22:35:00,6755.83,11331.15,3435.58,8.6974
2022-12-24 22:40:00,6786.16,11271.31,3585.58,7.5052
2022-12-24 22:45:00,6800.15,11353.53,3643.88,8.2632
2022-12-24 22:50:00,6868.08,11453.69,3654.61,9.7056
2022-12-24 22:55:00,6904.31,11485.5,3697.43,10.0076
2022-12-24 23:00:00,6834.05,11181.25,3614.93,7.7539
2022-12-24 23:05:00,6819.37,11380.31,3744.2,11.1407
2022-12-24 23:10:00,6788.46,11449.4,3759.4,10.757
2022-12-24 23:15:00,7000.27,11847.0,3759.2,6.0097
2022-12-24 23:20:00,7158.11,12155.27,3809.2,4.2421
2022-12-24 23:25:00,6981.01,11973.11,3906.1,5.1441
2022-12-24 23:30:00,6905.55,11957.15,4098.4,4.9024
2022-12-24 23:35:00,7037.33,12157.86,4150.9,4.0405
2022-12-24 23:40:00,7041.88,12108.57,4254.4,3.8522
2022-12-24 23:45:00,7051.58,12211.06,4252.9,2.6893
2022-12-24 23:50:00,7155.75,12508.93,4255.0,2.3884
2022-12-24 23:55:00,7177.64,12588.57,4255.0,1.9105
2022-12-25 00:00:00,7028.34,12010.99,4548.14,3.3854
2022-12-25 00:05:00,6709.42,11078.72,4845.53,1.7632
2022-12-25 00:10:00,6545.99,10845.7,4803.2,3.4444
2022-12-25 00:15:00,6492.92,11017.69,4819.38,2.7288
2022-12-25 00:20:00,6450.04,11052.62,5542.36,2.5748
2022-12-25 00:25:00,6565.57,11134.55,5546.78,1.8451
2022-12-25 00:30:00,6643.73,11138.73,5546.04,1.6826
2022-12-25 00:35:00,6473.44,10928.23,5594.43,3.6283
2022-12-25 00:40:00,6485.37,10797.35,5596.38,4.7236
2022-12-25 00:45:00,6456.47,10714.7,5671.96,4.9268
2022-12-25 00:50:00,6471.35,10712.94,5672.64,4.933
2022-12-25 00:55:00,6507.93,10731.78,5671.34,4.4455
2022-12-25 01:00:00,6471.51,10753.92,5673.86,5.998
2022-12-25 01:05:00,6672.41,10843.63,5700.49,5.0802
2022-12-25 01:10:00,6893.67,11112.05,5712.97,3.3365
2022-12-25 01:15:00,6860.8,11271.63,5712.85,2.5547
2022-12-25 01:20:00,6791.65,11065.51,5712.73,2.7238
2022-12-25 01:25:00,6746.55,11240.27,5661.68,2.656
2022-12-25 01:30:00,6774.2,11220.83,5718.65,2.6661
2022-12-25 01:35:00,6772.24,11090.09,5768.33,2.3738
2022-12-25 01:40:00,6761.44,11133.77,5817.93,2.4724
2022-12-25 01:45:00,6775.76,11160.2,5819.32,2.4986
2022-12-25 01:50:00,6751.22,11094.02,5867.86,2.4786
2022-12-25 01:55:00,6785.11,11264.92,5868.12,2.5644
2022-12-25 02:00:00,6765.14,11180.27,5868.34,2.3714
2022-12-25 02:05:00,6627.39,11041.27,5891.29,1.7501
2022-12-25 02:10:00,6452.82,10769.5,5905.62,3.5729
2022-12-25 02:15:00,6381.55,10438.79,5917.94,1.9524
2022-12-25 02:20:00,6273.02,10110.84,5930.05,8.0671
2022-12-25 02:25:00,6313.93,10173.46,5929.93,9.6504
2022-12-25 02:30:00,6454.99,10451.43,5930.15,5.098
2022-12-25 02:35:00,6509.84,10576.25,5927.76,4.806
2022-12-25 02:40:00,6410.73,10575.87,5928.77,4.7764
2022-12-25 02:45:00,6404.46,10554.97,5780.68,5.0782
2022-12-25 02:50:00,6419.89,10624.18,5778.04,4.8729
2022-12-25 02:55:00,6386.24,10631.45,5780.79,4.8309
2022-12-25 03:00:00,6399.83,10755.97,5780.81,5.2511
2022-12-25 03:05:00,6459.37,10891.7,5806.78,3.9236
2022-12-25 03:10:00,6431.44,10755.08,5820.01,4.7687
2022-12-25 03:15:00,6470.65,11000.09,5400.01,4.5537
2022-12-25 03:20:00,6453.74,10925.51,5400.12,8.393
2022-12-25 03:25:00,6436.86,10942.26,5400.11,7.8769
2022-12-25 03:30:00,6475.27,11033.85,5400.19,4.6051
2022-12-25 03:35:00,6506.97,11170.43,5400.25,4.3965
2022-12-25 03:40:00,6387.53,11034.96,5400.25,4.9014
2022-12-25 03:45:00,6432.61,11053.83,5400.22,5.191
2022-12-25 03:50:00,6393.89,11088.77,5400.26,4.9068
2022-12-25 03:55:00,6485.66,11218.06,5400.11,5.0498
2022-12-25 04:00:00,6473.61,11234.94,5385.18,4.429
2022-12-25 04:05:00,6512.87,11204.93,5328.14,4.5234
2022-12-25 04:10:00,6348.01,11020.13,5378.0,6.7779
2022-12-25 04:15:00,6262.51,10865.33,5378.02,10.1314
2022-12-25 04:20:00,6314.66,11175.11,5151.91,7.8922
2022-12-25 04:25:00,6236.71,11071.14,5151.92,9.1323
2022-12-25 04:30:00,6198.42,10951.72,5102.19,8.5496
2022-12-25 04:35:00,6160.97,10764.14,5102.25,8.5819
2022-12-25 04:40:00,6167.73,10783.73,5102.17,8.6438
2022-12-25 04:45:00,6175.39,10736.32,5112.21,9.2983
2022-12-25 04:50:00,6143.8,10656.81,5112.2,9.7914
2022-12-25 04:55:00,6092.04,10435.26,5112.08,3.7772
2022-12-25 05:00:00,6182.07,10421.08,5133.66,4.7337
2022-12-25 05:05:00,6216.08,10173.82,5098.77,5.6134
2022-12-25 05:10:00,6211.03,10032.01,5086.55,1.3172
2022-12-25 05:15:00,6189.44,10068.42,4931.14,2.1406
2022-12-25 05:20:00,6186.02,9936.42,4930.99,5.3532
2022-12-25 05:25:00,6109.14,9769.08,4930.98,6.6726
2022-12-25 05:30:00,6059.37,9744.26,4884.1,6.6019
2022-12-25 05:35:00,5983.97,9385.09,4884.09,2.2813
2022-12-25 05:40:00,5911.17,9362.76,4840.52,2.5127
2022-12-25 05:45:00,5875.3,9419.84,4841.08,5.5372
2022-12-25 05:50:00,5829.72,9321.64,4736.51,5.2604
2022-12-25 05:55:00,5826.87,9245.53,4592.47,5.3446
2022-12-25 06:00:00,5940.43,9245.39,4608.7,6.1864
2022-12-25 06:05:00,5740.55,9023.4,4617.93,0.743
2022-12-25 06:10:00,5734.72,9094.48,4436.03,1.3004
2022-12-25 06:15:00,5606.61,8994.38,4423.02,0.0006
2022-12-25 06:20:00,5691.08,9085.29,4185.9,0.2801
2022-12-25 06:25:00,5715.89,8963.68,4197.51,0.3437
2022-12-25 06:30:00,5639.15,8691.97,4210.07,0.3116
2022-12-25 06:35:00,5518.76,8727.69,4039.27,0.8893
2022-12-25 06:40:00,5509.12,8529.83,3993.47,1.2276
2022-12-25 06:45:00,5543.33,8335.48,3994.29,1.4335
2022-12-25 06:50:00,5515.7,8166.01,3994.27,1.7094
2022-12-25 06:55:00,5453.73,7935.79,4048.74,0.6594
2022-12-25 07:00:00,5296.02,7786.82,4118.59,0.0
2022-12-25 07:05:00,5265.47,7324.48,4010.66,2.2999
2022-12-25 07:10:00,5238.05,7268.75,3977.52,1.9476
2022-12-25 07:15:00,5132.54,7147.45,3977.52,2.1501
2022-12-25 07:20:00,5165.89,7197.34,3977.52,3.8637
2022-12-25 07:25:00,5197.08,7182.67,3928.02,4.0975
2022-12-25 07:30:00,5119.34,6964.85,3976.02,4.5387
2022-12-25 07:35:00,5157.73,6877.93,3931.02,7.2437
2022-12-25 07:40:00,5138.79,7011.88,3931.02,7.7563
2022-12-25 07:45:00,5269.22,7174.88,3931.02,2.6713
2022-12-25 07:50:00,5241.13,7326.65,3931.02,1.4003
2022-12-25 07:55:00,5335.76,7802.58,3884.02,2.4516
2022-12-25 08:00:00,5572.0,8324.22,3881.68,7.2375
2022-12-25 08:05:00,5875.76,8819.6,3874.32,10.378
2022-12-25 08:10:00,5933.79,9030.36,3875.32,14.1927
2022-12-25 08:15:00,6093.42,9371.19,3876.52,15.5422
2022-12-25 08:20:00,6353.59,10066.21,3876.52,15.4707
2022-12-25 08:25:00,6407.51,10192.93,4064.22,14.2176
2022-12-25 08:30:00,6575.73,10967.32,4153.39,12.576
2022-12-25 08:35:00,6613.79,11103.31,4340.87,7.2233
2022-12-25 08:40:00,6862.24,11699.53,4556.43,3.4227
2022-12-25 08:45:00,7131.92,12337.46,4529.55,4.0329
2022-12-25 08:50:00,7427.66,13008.54,4498.03,6.6378
2022-12-25 08:55:00,7667.66,13600.77,4501.0,8.0585
2022-12-25 09:00:00,7843.63,13859.72,4551.23,6.6802
2022-12-25 09:05:00,7876.03,13767.92,4780.15,5.8148
2022-12-25 09:10:00,7903.24,13929.39,4781.16,6.7938
2022-12-25 09:15:00,8085.07,14339.09,5259.56,6.4574
2022-12-25 09:20:00,8441.97,14958.42,5266.88,4.7056
2022-12-25 09:25:00,8548.77,15139.9,5640.62,4.2663
2022-12-25 09:30:00,8457.87,15301.06,5669.04,3.5679
2022-12-25 09:35:00,8495.19,15243.33,6006.52,2.7584
2022-12-25 09:40:00,8601.98,15484.99,6063.58,2.4092
2022-12-25 09:45:00,8652.5,15595.08,6263.57,2.2255
2022-12-25 09:50:00,8639.16,15617.08,6416.73,2.0168
2022-12-25 09:55:00,8696.25,15849.34,6617.27,1.5871
2022-12-25 10:00:00,8703.06,15820.96,6563.86,1.6893
2022-12-25 10:05:00,8677.07,15922.65,6696.9,1.677
2022-12-25 10:10:00,8668.77,16068.51,6696.93,1.9362
2022-12-25 10:15:00,8765.39,16316.65,6741.85,2.2945
2022-12-25 10:20:00,8706.99,16391.45,6741.85,2.3159
2022-12-25 10:25:00,8824.72,16748.28,6742.04,2.3852
2022-12-25 10:30:00,8946.18,17023.62,6695.08,2.18
2022-12-25 10:35:00,8983.66,17093.85,6694.8,1.9519
2022-12-25 10:40:00,9219.98,17633.28,6649.8,4.0175
2022-12-25 10:45:00,9096.5,17455.29,6649.79,3.9663
2022-12-25 10:50:00,9108.58,17826.1,6649.78,3.8721
2022-12-25 10:55:00,9376.84,18292.83,6745.97,3.7888
2022-12-25 11:00:00,9509.25,18322.35,6847.37,3.8396
2022-12-25 11:05:00,9334.71,18288.42,6845.79,3.7121
2022-12-25 11:10:00,9599.45,18756.36,6845.87,3.148
2022-12-25 11:15:00,9802.7,19171.64,6857.76,1.9217
2022-12-25 11:20:00,9839.64,19542.27,6857.73,1.8432
2022-12-25 11:25:00,10134.23,19860.06,6858.02,2.0617
2022-12-25 11:30:00,10425.69,20324.39,6857.94,2.1101
2022-12-25 11:35:00,10414.18,20762.44,6857.9,2.1216
2022-12-25 11:40:00,10440.17,20957.95,6857.88,2.1963
2022-12-25 11:45:00,10648.63,21563.13,6857.92,20.1831
2022-12-25 11:50:00,10808.02,21900.76,6857.92,20.5939
2022-12-25 11:55:00,11032.8,22213.3,6858.03,19.5526
2022-12-25 12:00:00,10719.67,22885.92,6845.51,0.0
2022-12-25 12:05:00,10601.5,23136.83,6788.49,0.0
2022-12-25 12:10:00,10564.0,22943.68,6883.53,0.0
2022-12-25 12:15:00,10593.99,23329.16,7105.44,0.0
2022-12-25 12:20:00,10663.07,23768.3,7105.44,0.0
2022-12-25 12:25:00,10905.2,24177.69,7105.51,0.0
2022-12-25 12:30:00,10944.69,24432.91,7105.5,0.0
2022-12-25 12:35:00,10920.63,24686.24,7103.52,0.0
2022-12-25 12:40:00,10871.16,24642.07,7105.51,0.0
2022-12-25 12:45:00,11075.46,25497.43,7104.38,0.0
2022-12-25 12:50:00,10969.11,25181.46,7103.4,0.0
2022-12-25 12:55:00,11127.53,25492.12,7105.52,0.0
2022-12-25 13:00:00,11148.44,25533.04,7130.05,0.0
2022-12-25 13:05:00,11199.57,25984.04,7130.08,0.0
2022-12-25 13:10:00,11112.65,25834.85,7125.59,0.0
2022-12-25 13:15:00,11130.51,26078.41,7125.52,0.0
2022-12-25 13:20:00,11120.62,26285.23,7125.53,0.0
2022-12-25 13:25:00,11067.32,26318.7,7125.64,0.0
2022-12-25 13:30:00,11192.56,26614.95,7128.52,0.0
2022-12-25 13:35:00,11181.63,26827.76,7127.59,0.0
2022-12-25 13:40:00,11172.68,26774.66,7126.58,0.0
2022-12-25 13:45:00,11224.88,26996.94,7124.42,0.0
2022-12-25 13:50:00,11225.78,27216.84,7125.42,0.0
2022-12-25 13:55:00,11297.91,27562.68,7124.54,0.0
2022-12-25 14:00:00,11380.6,27232.25,7383.99,0.0
2022-12-25 14:05:00,11381.98,27474.37,7384.27,0.0
2022-12-25 14:10:00,11362.05,27421.3,7386.29,0.0
2022-12-25 14:15:00,11416.11,27409.79,7391.33,0.0
2022-12-25 14:20:00,11374.81,27439.77,7393.24,0.0
2022-12-25 14:25:00,11273.83,27260.38,7393.28,0.0
2022-12-25 14:30:00,11324.76,27643.54,7084.04,0.0
2022-12-25 14:35:00,11352.92,27858.93,7086.1,0.0
2022-12-25 14:40:00,11382.32,28152.7,7084.08,0.0
2022-12-25 14:45:00,11382.89,28404.46,7084.07,0.0
2022-12-25 14:50:00,11377.66,28197.79,7083.99,0.0
2022-12-25 14:55:00,11389.46,28102.0,7086.09,0.0
2022-12-25 15:00:00,11533.86,28710.04,7080.67,0.0
2022-12-25 15:05:00,11543.21,29031.3,7098.72,0.0
2022-12-25 15:10:00,11651.24,29312.07,7098.71,0.0
2022-12-25 15:15:00,11644.12,29558.38,6956.38,0.0
2022-12-25 15:20:00,11590.71,29498.33,6955.37,0.0
2022-12-25 15:25:00,11737.83,29818.42,6956.66,0.0
2022-12-25 15:30:00,11766.47,29819.58,6953.68,0.0
2022-12-25 15:35:00,11655.83,29716.13,6953.71,0.0
2022-12-25 15:40:00,11729.02,29552.65,6952.69,0.0
2022-12-25 15:45:00,11687.84,29611.01,6952.55,0.0
2022-12-25 15:50:00,11670.81,29405.21,6953.44,0.0
2022-12-25 15:55:00,11594.08,29043.13,6951.59,0.0
2022-12-25 16:00:00,11569.45,28639.01,6943.16,0.0
2022-12-25 16:05:00,11435.64,28348.86,6942.87,0.0
2022-12-25 16:10:00,11377.76,27788.4,6939.96,0.0
2022-12-25 16:15:00,11198.53,27446.49,6938.8,0.0
2022-12-25 16:20:00,11140.18,27381.49,6940.86,0.0
2022-12-25 16:25:00,11100.83,26586.36,6940.95,0.0
2022-12-25 16:30:00,10891.54,25920.99,6939.87,0.0
2022-12-25 16:35:00,10840.94,25317.48,6940.83,0.0
2022-12-25 16:40:00,10752.97,24877.63,6940.88,0.0
2022-12-25 16:45:00,10722.11,24756.1,6940.85,0.0
2022-12-25 16:50:00,10558.39,23998.42,6940.88,0.0
2022-12-25 16:55:00,10533.11,23489.32,6942.93,0.0
2022-12-25 17:00:00,10271.7,22661.59,7255.7,0.0
2022-12-25 17:05:00,10172.54,22029.78,7083.01,0.0
2022-12-25 17:10:00,9894.18,21676.9,7084.96,0.0
2022-12-25 17:15:00,9550.96,20718.68,7084.89,0.0
2022-12-25 17:20:00,9394.94,20430.96,6964.93,0.0
2022-12-25 17:25:00,9244.09,20068.66,6964.98,0.0
2022-12-25 17:30:00,9429.94,20018.75,6964.94,0.0
2022-12-25 17:35:00,9207.15,19631.57,6964.92,0.0
2022-12-25 17:40:00,9195.48,19268.79,6964.97,0.0
2022-12-25 17:45:00,9144.17,19124.74,6965.85,0.0
2022-12-25 17:50:00,9320.8,18994.14,6965.79,0.0
2022-12-25 17:55:00,9263.43,19100.88,6985.41,0.0
2022-12-25 18:00:00,9336.25,19203.22,7158.21,0.0
2022-12-25 18:05:00,9472.59,19640.63,7091.69,0.0
2022-12-25 18:10:00,9404.76,20116.5,7091.74,0.0
2022-12-25 18:15:00,9443.28,20473.86,7091.56,0.0
2022-12-25 18:20:00,9433.78,20664.37,7096.54,0.0
2022-12-25 18:25:00,9433.32,20937.83,7096.63,0.0
2022-12-25 18:30:00,9439.08,21304.37,7094.58,0.0
2022-12-25 18:35:00,9533.03,21516.45,7093.64,0.0
2022-12-25 18:40:00,9689.87,21655.5,7094.69,0.0
2022-12-25 18:45:00,9755.81,21803.86,7093.59,0.0
2022-12-25 18:50:00,9791.95,21885.78,7094.54,0.0
2022-12-25 18:55:00,9833.48,21898.03,7094.64,0.0
2022-12-25 19:00:00,9853.06,22024.62,7077.39,0.0
2022-12-25 19:05:00,9858.79,22095.65,7083.01,0.0
2022-12-25 19:10:00,9825.5,21969.75,7083.03,0.0
2022-12-25 19:15:00,9887.52,22005.39,7083.05,0.0
2022-12-25 19:20:00,9869.56,21962.6,7083.08,0.0
2022-12-25 19:25:00,9811.66,21972.29,7083.15,0.0
2022-12-25 19:30:00,9900.64,22309.19,7083.0,0.0
2022-12-25 19:35:00,9971.65,22552.48,7033.12,0.0
2022-12-25 19:40:00,9969.14,22693.21,7033.08,0.0
2022-12-25 19:45:00,10010.38,22739.18,7033.2,0.0
2022-12-25 19:50:00,9987.99,22783.61,7052.18,0.0
2022-12-25 19:55:00,9989.37,22516.66,7052.19,0.0
2022-12-25 20:00:00,9992.86,22380.13,7155.01,0.0
2022-12-25 20:05:00,9878.5,22271.27,7152.45,0.0
2022-12-25 20:10:00,9889.78,22317.84,7202.37,0.0
2022-12-25 20:15:00,9858.82,22283.58,7202.24,0.0
2022-12-25 20:20:00,9799.34,22381.59,7202.41,0.0
2022-12-25 20:25:00,9818.39,22300.58,7202.45,0.0
2022-12-25 20:30:00,9916.31,22185.19,7202.49,0.0
2022-12-25 20:35:00,9768.86,22091.58,7202.46,0.0
2022-12-25 20:40:00,9710.96,21859.97,7197.5,0.0
2022-12-25 20:45:00,9785.43,21726.25,7197.37,0.0
2022-12-25 20:50:00,9872.31,21913.13,7197.56,0.0
2022-12-25 20:55:00,9995.38,22238.01,7197.43,0.0
2022-12-25 21:00:00,9959.14,22195.91,7278.35,0.0
2022-12-25 21:05:00,9702.23,22167.29,7278.17,0.0
2022-12-25 21:10:00,9726.95,21794.86,7278.13,0.0
2022-12-25 21:15:00,9769.89,21735.57,7278.14,0.0
2022-12-25 21:20:00,9683.96,21402.99,7278.18,0.0
2022-12-25 21:25:00,9719.02,21439.54,7278.35,0.0
2022-12-25 21:30:00,9607.49,21226.29,7278.15,0.0
2022-12-25 21:35:00,9721.66,21477.73,7278.35,0.0
2022-12-25 21:40:00,9672.04,21542.45,7217.22,0.0
2022-12-25 21:45:00,9703.47,21833.48,7217.25,0.0
2022-12-25 21:50:00,9701.68,21786.93,7217.25,0.0
2022-12-25 21:55:00,9665.24,21820.26,7217.26,0.0
2022-12-25 22:00:00,9731.36,21764.88,7220.31,0.0
2022-12-25 22:05:00,9785.02,21964.17,7216.27,0.0
2022-12-25 22:10:00,9676.2,21716.38,7270.29,0.0
2022-12-25 22:15:00,9693.27,21683.71,7270.21,0.0
2022-12-25 22:20:00,9672.69,21485.26,7270.33,0.0
2022-12-25 22:25:00,9717.98,21511.22,7270.3,0.0
2022-12-25 22:30:00,9740.99,21890.42,7270.24,0.0
2022-12-25 22:35:00,9818.19,21905.05,7270.28,0.0
2022-12-25 22:40:00,9755.92,21759.19,7270.27,0.0
2022-12-25 22:45:00,9781.27,21872.83,7270.17,0.0
2022-12-25 22:50:00,9789.79,22093.19,7270.22,0.0
2022-12-25 22:55:00,9835.23,22222.45,7270.21,0.0
2022-12-25 23:00:00,9871.82,22240.93,7137.05,0.0
2022-12-25 23:05:00,9826.74,22451.07,7090.75,0.0
2022-12-25 23:10:00,9939.59,22779.3,7146.93,0.0
2022-12-25 23:15:00,10126.19,22959.82,7146.94,0.0
2022-12-25 23:20:00,10117.72,22830.43,7147.08,0.0
2022-12-25 23:25:00,10122.22,22747.98,7147.12,0.0
2022-12-25 23:30:00,10199.33,23012.63,7147.03,0.0
2022-12-25 23:35:00,10173.43,22900.61,7147.1,0.0
2022-12-25 23:40:00,10229.01,22903.82,7146.88,0.0
2022-12-25 23:45:00,10315.21,23079.49,7146.17,0.0
2022-12-25 23:50:00,10223.87,22743.2,7146.16,0.0
2022-12-25 23:55:00,10167.59,22417.65,7090.32,0.0
2022-12-26 00:00:00,9826.86,21391.55,6923.29,0.0
2022-12-26 00:05:00,9779.09,21446.25,6921.92,0.0
2022-12-26 00:10:00,9667.93,21223.13,6921.93,0.0
2022-12-26 00:15:00,9653.09,21083.81,6921.85,0.0
2022-12-26 00:20:00,9436.97,20678.41,6921.76,0.0
2022-12-26 00:25:00,9398.95,20552.18,6921.87,0.0
2022-12-26 00:30:00,9409.59,20584.74,6828.85,0.0
2022-12-26 00:35:00,9327.82,20681.56,6828.89,0.0
2022-12-26 00:40:00,9308.93,20683.15,6928.73,0.0
2022-12-26 00:45:00,9289.65,20710.36,6928.83,0.0
2022-12-26 00:50:00,9239.87,20632.31,6929.36,0.0
2022-12-26 00:55:00,9217.4,20526.46,6929.31,0.0
2022-12-26 01:00:00,9100.43,20184.09,6942.71,0.0
2022-12-26 01:05:00,9177.44,20203.27,6942.73,0.0
2022-12-26 01:10:00,9184.97,20263.87,6942.65,0.0
2022-12-26 01:15:00,9172.43,20247.65,6942.56,0.0
2022-12-26 01:20:00,9094.27,20155.35,6942.61,0.0
2022-12-26 01:25:00,9117.83,20047.19,6942.57,0.0
2022-12-26 01:30:00,9125.17,20022.07,6942.66,0.0
2022-12-26 01:35:00,9121.17,20049.13,6931.74,0.0
2022-12-26 01:40:00,9089.64,19913.53,6931.49,0.0
2022-12-26 01:45:00,8994.49,19599.57,6931.49,0.0
2022-12-26 01:50:00,8885.5,19418.48,6931.64,0.0
2022-12-26 01:55:00,8932.14,19396.75,6931.61,0.0
2022-12-26 02:00:00,8813.7,19262.52,6881.59,0.0
2022-12-26 02:05:00,8742.17,18881.66,6856.49,0.0
2022-12-26 02:10:00,8670.88,18512.49,6856.37,0.0
2022-12-26 02:15:00,8668.71,18266.62,6856.32,0.0
2022-12-26 02:20:00,8606.17,17901.14,6856.3,0.0
2022-12-26 02:25:00,8613.12,17735.21,6856.4,0.0
2022-12-26 02:30:00,8571.5,17650.48,6856.69,0.0
2022-12-26 02:35:00,8466.9,17377.34,6856.7,0.0
2022-12-26 02:40:00,8229.79,17069.0,6856.56,0.0
2022-12-26 02:45:00,8116.75,16829.95,6856.43,0.0
2022-12-26 02:50:00,8034.21,16516.74,6856.48,0.0
2022-12-26 02:55:00,7993.29,16350.21,6856.49,0.0
2022-12-26 03:00:00,7997.96,16029.4,6911.8,0.0
2022-12-26 03:05:00,7769.75,15682.84,6909.14,0.0
2022-12-26 03:10:00,7632.96,15468.34,6909.26,0.0
2022-12-26 03:15:00,7575.38,15246.9,6909.11,0.0
2022-12-26 03:20:00,7488.64,15009.9,6908.9,0.0
2022-12-26 03:25:00,7325.66,14766.22,6909.03,0.0
2022-12-26 03:30:00,7327.6,14736.94,6859.1,0.0
2022-12-26 03:35:00,7418.57,14605.16,6858.99,0.0
2022-12-26 03:40:00,7409.27,14717.09,6858.94,0.0
2022-12-26 03:45:00,7355.73,14725.39,6858.24,0.0
2022-12-26 03:50:00,7354.23,14846.2,6783.34,0.0
2022-12-26 03:55:00,7262.05,14698.72,6783.36,0.0
2022-12-26 04:00:00,7180.96,14575.58,6601.73,0.0
2022-12-26 04:05:00,7056.73,14250.25,6524.07,0.0
2022-12-26 04:10:00,6906.38,14202.19,6524.18,0.0
2022-12-26 04:15:00,6786.52,14126.21,6524.03,0.0
2022-12-26 04:20:00,6830.06,13880.08,6524.0,0.0
2022-12-26 04:25:00,6850.19,13905.57,6476.08,0.0
2022-12-26 04:30:00,6712.93,13588.27,6458.06,0.0
2022-12-26 04:35:00,6773.22,13814.27,6410.03,0.0
2022-12-26 04:40:00,6648.36,13307.36,6409.97,0.0
2022-12-26 04:45:00,6702.38,13227.31,6409.95,0.0
2022-12-26 04:50:00,6671.92,13184.72,6410.06,0.0
2022-12-26 04:55:00,6512.96,12958.44,6409.94,0.0
2022-12-26 05:00:00,6529.89,12732.32,6503.52,0.0
2022-12-26 05:05:00,6486.83,12256.38,6391.22,0.0
2022-12-26 05:10:00,6457.76,12170.06,6391.18,0.0
2022-12-26 05:15:00,6507.09,12401.19,6391.13,0.0
2022-12-26 05:20:00,6417.47,12161.37,6391.16,0.0
2022-12-26 05:25:00,6200.2,12294.37,6391.2,0.0
2022-12-26 05:30:00,6189.25,12217.66,6391.19,0.0
2022-12-26 05:35:00,6123.36,11854.63,6391.23,0.0
2022-12-26 05:40:00,6025.45,11586.25,6391.08,0.0
2022-12-26 05:45:00,6010.9,11523.71,6391.09,0.0
2022-12-26 05:50:00,5988.43,11388.95,6391.2,0.0
2022-12-26 05:55:00,5883.38,11396.01,6391.23,0.0
2022-12-26 06:00:00,5783.24,10909.69,6692.63,0.0
2022-12-26 06:05:00,5725.09,10570.83,6718.63,0.0
2022-12-26 06:10:00,5675.41,10514.25,6748.18,0.0
2022-12-26 06:15:00,5653.56,10403.8,6761.18,0.0
2022-12-26 06:20:00,5676.03,10536.14,6716.38,0.0
2022-12-26 06:25:00,5574.27,10485.34,6717.05,0.0
2022-12-26 06:30:00,5714.24,10725.5,6716.85,0.0
2022-12-26 06:35:00,5659.4,10628.81,6716.7,0.0
2022-12-26 06:40:00,5664.37,10606.79,6715.51,0.0
2022-12-26 06:45:00,5740.05,10834.59,6716.19,0.0
2022-12-26 06:50:00,5804.0,10973.92,6717.09,0.0
2022-12-26 06:55:00,5854.46,11049.51,6716.7,0.0
2022-12-26 07:00:00,5888.42,11381.13,6402.47,0.0
2022-12-26 07:05:00,5820.22,11388.3,6402.49,0.0
2022-12-26 07:10:00,5867.62,11529.62,6402.51,0.0
2022-12-26 07:15:00,5891.83,11608.86,6402.36,0.0
2022-12-26 07:20:00,5926.0,11683.16,6402.35,0.0
2022-12-26 07:25:00,5961.15,11740.67,6402.54,0.0
2022-12-26 07:30:00,6121.56,12137.43,6402.41,0.0
2022-12-26 07:35:00,6156.87,12405.36,6458.4,0.0
2022-12-26 07:40:00,6276.42,12728.16,6458.44,0.0
2022-12-26 07:45:00,6366.99,12965.68,6458.49,0.0
2022-12-26 07:50:00,6511.42,13306.51,6458.59,0.0
2022-12-26 07:55:00,6657.23,13688.5,6514.59,0.0
2022-12-26 08:00:00,6952.18,13920.52,6665.72,0.0
2022-12-26 08:05:00,7224.88,14471.99,6594.68,0.0
2022-12-26 08:10:00,7532.67,14998.97,6594.71,0.0
2022-12-26 08:15:00,7842.8,15631.07,6594.69,0.0
2022-12-26 08:20:00,8229.31,16287.84,6639.73,0.0
2022-12-26 08:25:00,8382.56,16785.7,6639.64,0.0
2022-12-26 08:30:00,8549.0,17230.85,6639.59,0.0
2022-12-26 08:35:00,8679.06,17840.2,6639.62,0.0
2022-12-26 08:40:00,8870.78,18475.89,6639.5,0.0
2022-12-26 08:45:00,9077.86,19259.56,6594.54,0.0
2022-12-26 08:50:00,9152.04,20098.58,6538.59,0.0
2022-12-26 08:55:00,9423.21,20761.55,6538.54,0.0
2022-12-26 09:00:00,9523.88,20844.53,6501.58,0.0
2022-12-26 09:05:00,9759.56,20969.73,6501.59,0.0
2022-12-26 09:10:00,9834.3,21286.3,6549.75,0.0
2022-12-26 09:15:00,9835.41,21653.97,6549.59,0.0
2022-12-26 09:20:00,9858.11,21609.89,6682.52,0.0
2022-12-26 09:25:00,9849.46,21472.36,6727.57,0.0
2022-12-26 09:30:00,9554.05,20976.75,6727.67,0.0
2022-12-26 09:35:00,9453.51,20992.69,6727.74,0.0
2022-12-26 09:40:00,9447.18,20971.52,6727.6,0.0
2022-12-26 09:45:00,9436.01,20949.88,6727.69,0.0
2022-12-26 09:50:00,9442.09,21096.4,6671.64,0.0
2022-12-26 09:55:00,9547.68,21449.44,6671.62,0.0
2022-12-26 10:00:00,9602.73,21405.45,6649.05,0.0
2022-12-26 10:05:00,9515.73,21371.36,6673.51,0.0
2022-12-26 10:10:00,9561.01,21615.89,6737.55,0.0
2022-12-26 10:15:00,9781.38,21959.61,6736.42,0.0
2022-12-26 10:20:00,9942.13,22617.29,6836.38,0.0
2022-12-26 10:25:00,10114.13,23031.76,6836.59,0.0
2022-12-26 10:30:00,10122.46,23325.46,6836.78,0.0
2022-12-26 10:35:00,10253.22,23727.45,6836.74,0.0
2022-12-26 10:40:00,10360.57,24045.01,6834.39,0.0
2022-12-26 10:45:00,10551.89,24807.96,6833.41,0.0
2022-12-26 10:50:00,10690.7,25462.05,6830.55,0.0
2022-12-26 10:55:00,10803.08,25894.38,6829.65,0.0
2022-12-26 11:00:00,10799.95,25747.86,6827.96,0.0
2022-12-26 11:05:00,10807.48,26158.03,6825.63,0.0
2022-12-26 11:10:00,10841.54,26486.04,6825.44,0.0
2022-12-26 11:15:00,10818.08,26672.08,6825.34,0.0
2022-12-26 11:20:00,10879.1,26925.76,6824.38,0.0
2022-12-26 11:25:00,10990.06,27238.96,6825.42,0.0
2022-12-26 11:30:00,11125.52,27926.76,6823.62,0.0
2022-12-26 11:35:00,11258.5,28160.93,6822.53,0.0
2022-12-26 11:40:00,11298.72,28621.76,6822.22,0.0
2022-12-26 11:45:00,11343.02,29009.49,6824.23,0.0
2022-12-26 11:50:00,11470.74,29388.17,6822.31,0.0
2022-12-26 11:55:00,11416.57,29357.79,6822.34,0.0
2022-12-26 12:00:00,11471.62,29329.31,6795.17,0.0
2022-12-26 12:05:00,11468.17,29942.69,6798.01,0.0
2022-12-26 12:10:00,11552.31,29872.55,6798.05,0.0
2022-12-26 12:15:00,11388.52,29873.98,6693.54,0.0
2022-12-26 12:20:00,11411.53,29994.15,6695.61,0.0
2022-12-26 12:25:00,11467.01,29715.64,6693.67,0.0
2022-12-26 12:30:00,11538.21,30187.25,6771.38,0.0
2022-12-26 12:35:00,11637.13,30803.99,6673.07,0.0
2022-12-26 12:40:00,11607.09,31158.66,6673.86,0.0
2022-12-26 12:45:00,11656.59,31083.59,6672.87,0.0
2022-12-26 12:50:00,11577.35,31126.33,6673.04,0.0
2022-12-26 12:55:00,11531.7,30828.13,6673.03,0.0
2022-12-26 13:00:00,11609.05,30872.36,6645.61,0.0
2022-12-26 13:05:00,11649.03,30992.77,6534.69,0.0
2022-12-26 13:10:00,11570.02,31196.44,6533.73,0.0
2022-12-26 13:15:00,11548.97,31023.78,6533.63,0.0
2022-12-26 13:20:00,11500.06,30913.91,6533.62,0.0
2022-12-26 13:25:00,11461.49,30816.63,6533.7,0.0
2022-12-26 13:30:00,11538.92,31191.04,6533.67,0.0
2022-12-26 13:35:00,11621.47,31092.61,6533.72,0.0
2022-12-26 13:40:00,11499.98,31309.86,6533.54,0.0
2022-12-26 13:45:00,11515.48,31309.28,6534.59,0.0
2022-12-26 13:50:00,11574.97,31424.01,6533.68,0.0
2022-12-26 13:55:00,11476.2,31117.47,6533.69,0.0
2022-12-26 14:00:00,11481.57,31028.26,6682.81,0.0
2022-12-26 14:05:00,11495.77,30790.46,6681.7,0.0
2022-12-26 14:10:00,11462.7,30696.62,6680.74,0.0
2022-12-26 14:15:00,11459.65,30780.43,6653.55,0.0
2022-12-26 14:20:00,11421.16,30846.06,6493.57,0.0
2022-12-26 14:25:00,11418.99,30831.67,6495.66,0.0
2022-12-26 14:30:00,11427.52,30757.43,6495.63,0.0
2022-12-26 14:35:00,11354.83,30512.56,6491.69,0.0
2022-12-26 14:40:00,11352.21,30219.95,6493.5,0.0
2022-12-26 14:45:00,11292.9,30232.99,6495.57,0.0
2022-12-26 14:50:00,11256.74,29773.32,6495.68,0.0
2022-12-26 14:55:00,11164.52,29576.04,6495.74,0.0
2022-12-26 15:00:00,11223.88,29625.35,6511.25,0.0
2022-12-26 15:05:00,11226.53,29206.97,6452.94,0.0
2022-12-26 15:10:00,11121.2,28915.36,6434.0,0.0
2022-12-26 15:15:00,11143.82,28606.26,6433.84,0.0
2022-12-26 15:20:00,11155.09,28839.22,6432.86,0.0
2022-12-26 15:25:00,11084.55,28570.11,6433.98,0.0
2022-12-26 15:30:00,11017.41,28251.83,6433.91,0.0
2022-12-26 15:35:00,10953.57,27914.13,6433.86,0.0
2022-12-26 15:40:00,10902.96,27569.86,6433.88,0.0
2022-12-26 15:45:00,10821.76,27070.69,6433.93,0.0
2022-12-26 15:50:00,10846.19,27056.53,6434.07,0.0
2022-12-26 15:55:00,10817.3,26940.94,6435.02,0.0
2022-12-26 16:00:00,10806.46,26650.2,6585.03,0.0
2022-12-26 16:05:00,10737.8,26486.66,6586.15,0.0
2022-12-26 16:10:00,10593.4,25653.8,6586.26,0.0
2022-12-26 16:15:00,10381.93,24931.9,6586.14,0.0
2022-12-26 16:20:00,10340.58,24638.92,6586.09,0.0
2022-12-26 16:25:00,10146.56,23691.87,6586.17,0.0
2022-12-26 16:30:00,10006.27,22963.1,6586.14,0.0
2022-12-26 16:35:00,9732.48,22060.08,6586.13,0.0
2022-12-26 16:40:00,9569.94,20893.41,6587.01,0.0
2022-12-26 16:45:00,9469.69,20695.31,6587.03,0.0
2022-12-26 16:50:00,9409.84,20711.04,6530.03,0.0
2022-12-26 16:55:00,9417.77,19951.34,6530.01,0.0
2022-12-26 17:00:00,9301.82,19019.63,6787.42,0.0
2022-12-26 17:05:00,9007.74,18312.04,6647.58,0.0
2022-12-26 17:10:00,8825.15,17546.67,6647.73,0.0
2022-12-26 17:15:00,8530.88,17096.43,6648.68,0.0
2022-12-26 17:20:00,8053.46,15977.1,6647.59,0.0
2022-12-26 17:25:00,7731.61,15239.1,6648.66,0.0
2022-12-26 17:30:00,7285.16,14472.89,6553.67,0.0
2022-12-26 17:35:00,7027.89,13868.28,6555.67,0.0
2022-12-26 17:40:00,7034.04,13370.78,6603.54,0.0
2022-12-26 17:45:00,6825.33,13051.13,6603.56,0.0
2022-12-26 17:50:00,6637.37,12821.61,6604.16,0.0
2022-12-26 17:55:00,6364.45,12472.53,6605.3,0.0
2022-12-26 18:00:00,6141.82,12401.71,6615.05,0.0
2022-12-26 18:05:00,6123.26,12379.35,6612.51,0.0
2022-12-26 18:10:00,5907.72,12235.98,6613.52,0.0
2022-12-26 18:15:00,5796.16,11984.26,6613.47,0.0
2022-12-26 18:20:00,5762.03,11792.92,6613.55,0.0
2022-12-26 18:25:00,5824.44,11837.37,6613.61,0.0
2022-12-26 18:30:00,5721.08,11824.9,6613.46,0.0
2022-12-26 18:35:00,5771.32,12006.88,6612.93,0.0
2022-12-26 18:40:00,5751.47,12098.89,6613.39,0.0
2022-12-26 18:45:00,5688.84,11990.45,6613.32,0.0
2022-12-26 18:50:00,5618.81,11730.17,6612.98,0.0
2022-12-26 18:55:00,5596.94,11723.77,6613.51,0.0
2022-12-26 19:00:00,5569.75,11727.94,6630.55,0.0
2022-12-26 19:05:00,5589.17,11698.47,6631.73,0.0
2022-12-26 19:10:00,5572.53,11897.98,6631.74,0.0
2022-12-26 19:15:00,5650.33,11878.58,6629.53,0.0
2022-12-26 19:20:00,5715.66,11956.15,6631.67,0.0
2022-12-26 19:25:00,5780.63,12122.34,6631.78,0.0
2022-12-26 19:30:00,5739.01,12038.27,6633.69,0.0
2022-12-26 19:35:00,5769.99,12089.2,6634.76,0.0
2022-12-26 19:40:00,5722.11,12004.26,6634.58,0.0
2022-12-26 19:45:00,5613.66,11740.0,6633.56,0.0
2022-12-26 19:50:00,5552.65,11827.91,6633.7,0.0
2022-12-26 19:55:00,5574.14,11808.84,6638.71,0.0
2022-12-26 20:00:00,5703.71,12097.14,6654.18,0.0
2022-12-26 20:05:00,5682.28,11979.08,6649.33,0.0
2022-12-26 20:10:00,5604.75,11990.18,6650.25,0.0
2022-12-26 20:15:00,5512.55,11708.72,6649.19,0.0
2022-12-26 20:20:00,5468.99,11443.47,6650.13,0.0
2022-12-26 20:25:00,5381.69,11386.99,6651.13,0.0
2022-12-26 20:30:00,5394.52,11227.65,6652.96,0.0
2022-12-26 20:35:00,5294.96,11024.3,6650.35,0.0
2022-12-26 20:40:00,5226.07,10939.56,6651.0,0.0
2022-12-26 20:45:00,5112.03,10546.62,6651.14,0.0
2022-12-26 20:50:00,5065.98,10413.7,6652.96,0.0
2022-12-26 20:55:00,5018.83,10432.14,6652.97,0.0
2022-12-26 21:00:00,4987.7,10532.16,6665.9,0.0
2022-12-26 21:05:00,4958.29,10599.35,6665.91,0.0
2022-12-26 21:10:00,4997.3,10553.95,6666.04,0.0
2022-12-26 21:15:00,4989.47,10409.7,6664.48,0.0
2022-12-26 21:20:00,5035.69,10697.91,6665.91,0.0
2022-12-26 21:25:00,5029.4,10543.57,6667.05,0.0
2022-12-26 21:30:00,5033.06,10609.18,6666.03,0.0
2022-12-26 21:35:00,5034.46,10519.46,6662.05,0.0
2022-12-26 21:40:00,5054.67,10477.18,6663.61,0.0
2022-12-26 21:45:00,5084.34,10346.74,6667.97,0.0
2022-12-26 21:50:00,5068.12,10441.4,6662.05,0.0
2022-12-26 21:55:00,4953.19,10567.55,6662.03,0.0
2022-12-26 22:00:00,4849.17,10478.18,6493.03,0.0
2022-12-26 22:05:00,4934.43,10499.49,6594.07,0.0
2022-12-26 22:10:00,4940.29,10361.01,6594.31,0.0
2022-12-26 22:15:00,5150.96,10491.53,6594.22,0.0
2022-12-26 22:20:00,5037.8,10419.39,6594.23,0.0
2022-12-26 22:25:00,5138.08,10582.27,6594.6,0.0
2022-12-26 22:30:00,5246.59,10720.05,6594.52,0.0
2022-12-26 22:35:00,5589.01,11032.48,6593.17,0.0
2022-12-26 22:40:00,5520.88,11082.17,6594.13,0.0
2022-12-26 22:45:00,5575.64,11002.72,6594.15,0.0
2022-12-26 22:50:00,5493.8,11019.14,6595.44,0.0
2022-12-26 22:55:00,5354.62,10596.77,6594.48,0.0
2022-12-26 23:00:00,5335.15,10481.95,6661.56,0.0
2022-12-26 23:05:00,5295.68,10483.2,6684.15,0.0
2022-12-26 23:10:00,5325.18,10681.72,6691.68,0.0
2022-12-26 23:15:00,5342.59,10563.02,6691.06,0.0
2022-12-26 23:20:00,5277.95,10493.49,6691.06,0.0
2022-12-26 23:25:00,5293.02,10365.95,6717.56,0.0
2022-12-26 23:30:00,5365.25,10551.99,6740.81,0.0
2022-12-26 23:35:00,5322.76,10497.47,6742.77,0.0
2022-12-26 23:40:00,5264.19,10409.05,6742.59,0.0
2022-12-26 23:45:00,5336.33,10510.58,6743.51,0.0
2022-12-26 23:50:00,5323.11,10608.28,6744.61,0.0
2022-12-26 23:55:00,5425.15,10671.24,6744.81,0.0
2022-12-27 00:00:00,5418.97,10262.68,6791.27,0.0
2022-12-27 00:05:00,5303.0,10273.12,6812.78,0.0
2022-12-27 00:10:00,5230.44,10093.75,7007.84,0.0
2022-12-27 00:15:00,5077.03,9801.96,7007.79,0.0
2022-12-27 00:20:00,4877.12,9347.92,7002.1,0.0
2022-12-27 00:25:00,4822.24,9009.67,7007.05,0.0
2022-12-27 00:30:00,4877.46,9273.53,6951.99,0.0
2022-12-27 00:35:00,4918.5,9347.12,6952.17,0.0
2022-12-27 00:40:00,5041.61,9364.91,6951.39,0.0
2022-12-27 00:45:00,5081.92,9473.53,6951.81,0.0
2022-12-27 00:50:00,4972.48,9350.36,6951.77,0.0
2022-12-27 00:55:00,4919.15,9142.79,6901.93,0.0
2022-12-27 01:00:00,5042.59,9478.49,6876.2,0.0
2022-12-27 01:05:00,5132.18,9556.03,6874.93,0.0
2022-12-27 01:10:00,5143.95,9504.16,6873.68,0.0
2022-12-27 01:15:00,5423.51,9803.72,6773.5,0.0
2022-12-27 01:20:00,5449.16,10007.6,6774.46,0.0
2022-12-27 01:25:00,5353.91,9927.04,6774.56,0.0
2022-12-27 01:30:00,5519.41,10163.68,6774.49,0.0
2022-12-27 01:35:00,5395.35,10074.33,6818.56,0.0
2022-12-27 01:40:00,5417.59,10141.29,6861.99,0.0
2022-12-27 01:45:00,5585.65,10333.28,6862.42,0.0
2022-12-27 01:50:00,5642.98,10478.9,6862.57,0.0
2022-12-27 01:55:00,5589.05,10521.07,6862.13,0.0
2022-12-27 02:00:00,5426.6,10426.58,6863.76,0.0
2022-12-27 02:05:00,5428.75,10342.33,6889.49,0.0
2022-12-27 02:10:00,5484.0,10556.95,6888.67,0.0
2022-12-27 02:15:00,5500.61,10654.11,6888.99,0.0
2022-12-27 02:20:00,5453.95,10467.62,6888.98,0.0
2022-12-27 02:25:00,5561.73,10624.28,6889.27,0.0
2022-12-27 02:30:00,5599.89,10878.43,6889.39,0.0
2022-12-27 02:35:00,5591.38,10796.49,6888.51,0.0
2022-12-27 02:40:00,5605.4,10890.3,6889.23,0.0
2022-12-27 02:45:00,5698.62,11015.66,6888.77,0.0
2022-12-27 02:50:00,5603.81,10885.44,6888.29,0.0
2022-12-27 02:55:00,5691.33,11057.79,6889.48,0.0
2022-12-27 03:00:00,5811.31,11184.6,6933.07,0.0
2022-12-27 03:05:00,5851.83,11197.81,6890.88,0.0
2022-12-27 03:10:00,5759.03,11089.62,6891.47,0.0
2022-12-27 03:15:00,5970.43,11312.2,6942.02,0.0
2022-12-27 03:20:00,5966.84,11269.47,6941.32,0.0
2022-12-27 03:25:00,5932.97,11305.87,6942.09,0.0
2022-12-27 03:30:00,6059.17,11579.52,7041.53,0.0
2022-12-27 03:35:00,5962.65,11475.31,7041.71,0.0
2022-12-27 03:40:00,6013.02,11643.46,7041.99,0.0
2022-12-27 03:45:00,6093.18,11867.07,7042.08,0.0
2022-12-27 03:50:00,6229.26,11935.91,7098.01,0.0
2022-12-27 03:55:00,6201.6,11983.73,7251.96,0.0
2022-12-27 04:00:00,6245.54,12107.61,7215.39,0.0
2022-12-27 04:05:00,5912.0,11543.2,7257.95,0.0
2022-12-27 04:10:00,5856.23,11284.43,7257.92,0.0
2022-12-27 04:15:00,5986.54,11516.88,7257.93,0.0
2022-12-27 04:20:00,6085.73,11669.78,7258.08,0.0
2022-12-27 04:25:00,6107.16,11785.91,7258.17,0.0
2022-12-27 04:30:00,6146.79,11928.0,7257.87,0.0
2022-12-27 04:35:00,6175.83,12073.9,7256.97,0.0
2022-12-27 04:40:00,6189.92,12118.17,7257.84,0.0
2022-12-27 04:45:00,6120.09,12031.21,7257.19,0.0
2022-12-27 04:50:00,6287.11,12330.99,7257.0,0.0
2022-12-27 04:55:00,6386.24,12550.4,7258.19,0.0
2022-12-27 05:00:00,6507.08,12884.79,7136.74,0.0
2022-12-27 05:05:00,6799.94,13227.72,7105.63,0.0
2022-12-27 05:10:00,6513.28,12834.62,7105.67,0.0
2022-12-27 05:15:00,6485.7,12872.12,7105.65,0.0
2022-12-27 05:20:00,6550.51,13020.4,7105.73,0.0
2022-12-27 05:25:00,6512.58,12985.57,7105.92,0.0
2022-12-27 05:30:00,6468.83,12865.65,7105.9,0.0
2022-12-27 05:35:00,6539.49,13036.81,7105.95,0.0
2022-12-27 05:40:00,6667.28,13246.7,7105.87,0.0
2022-12-27 05:45:00,6635.95,13251.88,6973.83,0.0
2022-12-27 05:50:00,6518.1,13164.34,6861.68,0.0
2022-12-27 05:55:00,6647.1,13400.33,6861.57,0.0
2022-12-27 06:00:00,6748.37,13431.69,6913.45,0.0
2022-12-27 06:05:00,6596.1,13189.93,6826.22,0.0
2022-12-27 06:10:00,6502.97,12871.36,6826.11,0.0
2022-12-27 06:15:00,6492.66,12786.69,6826.1,0.0
2022-12-27 06:20:00,6487.85,12808.52,6826.23,0.0
2022-12-27 06:25:00,6473.38,12878.78,6826.17,0.0
2022-12-27 06:30:00,6521.86,12923.66,6826.18,0.0
2022-12-27 06:35:00,6647.85,13186.63,6826.2,0.0
2022-12-27 06:40:00,6754.29,13410.33,6826.08,0.0
2022-12-27 06:45:00,6774.76,13445.08,6826.17,0.0
2022-12-27 06:50:00,6874.95,13583.14,6870.24,0.0
2022-12-27 06:55:00,6873.28,13628.51,6870.16,0.0
2022-12-27 07:00:00,6768.92,13572.08,6847.65,0.0
2022-12-27 07:05:00,6722.44,13606.66,6866.77,0.0
2022-12-27 07:10:00,6665.08,13621.24,6906.65,0.0
2022-12-27 07:15:00,6650.96,13570.09,6906.4,0.0
2022-12-27 07:20:00,6592.63,13591.49,6906.52,0.0
2022-12-27 07:25:00,6527.72,13475.24,6906.55,0.0
2022-12-27 07:30:00,6557.72,13610.78,6948.5,0.0
2022-12-27 07:35:00,6593.23,13663.15,7004.59,0.0
2022-12-27 07:40:00,6623.71,13782.01,7004.52,0.0
2022-12-27 07:45:00,6397.86,13485.31,7004.57,0.0
2022-12-27 07:50:00,6626.43,13954.93,7004.64,0.0
2022-12-27 07:55:00,6618.57,14012.11,7004.68,0.0
2022-12-27 08:00:00,6720.16,14158.76,7227.32,0.0
2022-12-27 08:05:00,6975.88,14716.76,7226.0,0.0
2022-12-27 08:10:00,7356.37,15394.6,7225.9,0.0
2022-12-27 08:15:00,7683.79,16076.38,7176.85,0.0
2022-12-27 08:20:00,7805.74,16325.52,7176.96,0.0
2022-12-27 08:25:00,8100.85,16781.33,7177.04,0.0
2022-12-27 08:30:00,8353.23,17286.36,7177.17,0.0
2022-12-27 08:35:00,8356.91,17659.56,7177.21,0.0
2022-12-27 08:40:00,8396.75,17982.93,7224.87,0.0
2022-12-27 08:45:00,8685.72,18727.62,7224.83,0.0
2022-12-27 08:50:00,8847.96,19332.42,7272.96,0.0
2022-12-27 08:55:00,8743.97,19694.28,7272.96,0.0
2022-12-27 09:00:00,8631.69,19237.21,7187.47,0.0
2022-12-27 09:05:00,8484.5,18956.53,7257.45,0.0
2022-12-27 09:10:00,8205.24,18415.05,7257.36,0.0
2022-12-27 09:15:00,7748.16,17938.87,7257.37,0.0
2022-12-27 09:20:00,7572.31,17227.31,7257.29,0.0
2022-12-27 09:25:00,7696.43,17464.9,7257.39,0.0
2022-12-27 09:30:00,7712.5,17392.99,7213.42,0.0
2022-12-27 09:35:00,7713.82,17350.62,7213.5,0.0
2022-12-27 09:40:00,7664.16,17031.72,7213.34,0.0
2022-12-27 09:45:00,7776.03,17237.04,7213.18,0.0
2022-12-27 09:50:00,7711.56,17355.46,7213.39,0.0
2022-12-27 09:55:00,7842.48,17555.25,7213.11,0.0
2022-12-27 10:00:00,7922.79,17269.47,7266.5,0.0
2022-12-27 10:05:00,7965.76,17332.64,7265.24,0.0
2022-12-27 10:10:00,8039.23,17493.01,7265.21,0.0
2022-12-27 10:15:00,7915.08,17286.6,7265.07,0.0
2022-12-27 10:20:00,7759.72,17266.21,7265.08,0.0
2022-12-27 10:25:00,7871.36,17140.13,7265.25,0.0
2022-12-27 10:30:00,8097.91,17635.69,7265.13,0.0
2022-12-27 10:35:00,8149.08,17903.42,7265.06,0.0
2022-12-27 10:40:00,8092.82,18167.09,7185.03,0.0
2022-12-27 10:45:00,8218.37,18477.8,7184.94,0.0
2022-12-27 10:50:00,8311.93,19172.9,7159.46,0.0
2022-12-27 10:55:00,8501.71,19606.54,7159.52,0.0
2022-12-27 11:00:00,8515.52,20022.37,7125.79,0.0
2022-12-27 11:05:00,8765.75,20282.04,7124.54,0.0
2022-12-27 11:10:00,8858.59,20693.96,7086.53,0.0
2022-12-27 11:15:00,8935.57,20983.79,7088.42,0.0
2022-12-27 11:20:00,8907.99,21068.18,7086.49,0.0
2022-12-27 11:25:00,8980.81,21395.04,7085.6,0.0
2022-12-27 11:30:00,8749.78,20953.1,7122.59,0.0
2022-12-27 11:35:00,8807.16,21195.35,7118.73,0.0
2022-12-27 11:40:00,9076.84,21593.52,7144.23,0.0
2022-12-27 11:45:00,9246.57,21991.42,7144.24,0.0
2022-12-27 11:50:00,9137.54,22040.71,7144.06,0.0
2022-12-27 11:55:00,9224.27,22160.93,7143.16,0.0
2022-12-27 12:00:00,8993.02,21469.22,7171.89,0.0
2022-12-27 12:05:00,8767.47,20917.74,7172.04,0.0
2022-12-27 12:10:00,8679.4,20708.15,7172.03,0.0
2022-12-27 12:15:00,8745.9,20652.74,7171.73,0.0
2022-12-27 12:20:00,8719.51,20625.42,7170.84,0.0
2022-12-27 12:25:00,8958.79,21253.95,7169.97,0.0
2022-12-27 12:30:00,8877.12,21315.84,7168.87,0.0
2022-12-27 12:35:00,8875.07,21738.94,7166.83,0.0
2022-12-27 12:40:00,8961.89,22319.35,7164.74,0.0
2022-12-27 12:45:00,9248.93,23088.77,7165.83,0.0
2022-12-27 12:50:00,9198.71,23286.12,7164.86,0.0
2022-12-27 12:55:00,9290.84,23413.43,7139.12,0.0
2022-12-27 13:00:00,9323.2,23394.13,7062.0,0.0
2022-12-27 13:05:00,9202.78,23502.5,7060.86,0.0
2022-12-27 13:10:00,9367.84,23820.79,7075.83,0.0
2022-12-27 13:15:00,9358.03,24219.07,7074.8,0.0
2022-12-27 13:20:00,9388.7,24311.31,7073.78,0.0
2022-12-27 13:25:00,9377.69,24246.31,7074.91,0.0
2022-12-27 13:30:00,9425.45,24280.28,7073.81,0.0
2022-12-27 13:35:00,9281.59,24033.71,7048.12,0.0
2022-12-27 13:40:00,9547.63,24406.57,7049.97,0.0
2022-12-27 13:45:00,9488.07,24533.41,7049.95,0.0
2022-12-27 13:50:00,9685.59,25066.15,7049.96,0.0
2022-12-27 13:55:00,9689.08,25098.65,7047.98,0.0
2022-12-27 14:00:00,9703.81,24950.63,7069.91,0.0
2022-12-27 14:05:00,9728.23,24975.84,7058.67,0.0
2022-12-27 14:10:00,9932.2,25674.53,7060.54,0.0
2022-12-27 14:15:00,9989.12,26031.45,7062.49,0.0
2022-12-27 14:20:00,9771.89,25608.58,7059.43,0.0
2022-12-27 14:25:00,9894.82,25572.06,7033.73,0.0
2022-12-27 14:30:00,9912.93,25859.08,7060.47,0.0
2022-12-27 14:35:00,9876.14,26033.62,7059.55,0.0
2022-12-27 14:40:00,9942.69,26028.77,7106.29,0.0
2022-12-27 14:45:00,10064.38,26058.46,7104.26,0.0
2022-12-27 14:50:00,10103.93,26353.28,7104.41,0.0
2022-12-27 14:55:00,10009.53,26734.42,7102.4,0.0
2022-12-27 15:00:00,10181.11,26430.81,7084.49,0.0
2022-12-27 15:05:00,10196.94,26867.16,7085.43,0.0
2022-12-27 15:10:00,10153.7,27003.49,7070.56,0.0
2022-12-27 15:15:00,10079.76,27002.77,7072.33,0.0
2022-12-27 15:20:00,10104.36,26978.36,7098.22,0.0
2022-12-27 15:25:00,10117.38,26896.74,7097.31,0.0
2022-12-27 15:30:00,10242.06,27184.16,7095.45,0.0
2022-12-27 15:35:00,10154.09,27089.68,7095.56,0.0
2022-12-27 15:40:00,10103.48,26932.2,7098.45,0.0
2022-12-27 15:45:00,10081.38,26793.56,7094.26,0.0
2022-12-27 15:50:00,10193.87,26451.39,7095.26,0.0
2022-12-27 15:55:00,10162.71,26696.26,7095.31,0.0
2022-12-27 16:00:00,10208.09,26959.78,7232.9,0.0
2022-12-27 16:05:00,10000.39,26426.74,7231.97,0.0
2022-12-27 16:10:00,9923.82,25933.22,7232.95,0.0
2022-12-27 16:15:00,9737.51,25346.57,7232.81,0.0
2022-12-27 16:20:00,9729.57,24970.11,7231.94,0.0
2022-12-27 16:25:00,9464.28,24347.99,7231.96,0.0
2022-12-27 16:30:00,9480.55,24173.54,7232.78,0.0
2022-12-27 16:35:00,9549.31,23885.4,7234.88,0.0
2022-12-27 16:40:00,9307.21,23447.43,7235.77,0.0
2022-12-27 16:45:00,9383.91,22874.11,7234.78,0.0
2022-12-27 16:50:00,9293.04,22811.36,7234.91,0.0
2022-12-27 16:55:00,9306.16,22228.05,7234.98,0.0
2022-12-27 17:00:00,9293.25,21673.48,7329.97,0.0
2022-12-27 17:05:00,9312.53,21341.65,7330.86,0.0
2022-12-27 17:10:00,9124.2,20742.43,7331.71,0.0
2022-12-27 17:15:00,9039.81,20136.39,7418.66,0.0
2022-12-27 17:20:00,8987.18,19706.73,7420.78,0.0
2022-12-27 17:25:00,8616.06,18727.88,7421.91,0.0
2022-12-27 17:30:00,8281.25,17784.19,7422.93,0.0
2022-12-27 17:35:00,8107.34,17295.95,7421.04,0.0
2022-12-27 17:40:00,8221.25,17330.29,7422.71,0.0
2022-12-27 17:45:00,8047.66,17053.05,7422.64,0.0
2022-12-27 17:50:00,8151.77,17396.96,7422.71,0.0
2022-12-27 17:55:00,7958.96,17066.29,7422.83,0.0
2022-12-27 18:00:00,7900.9,17229.44,7218.01,0.0
2022-12-27 18:05:00,7964.61,17575.6,7217.96,0.0
2022-12-27 18:10:00,7812.17,17401.35,7217.81,0.0
2022-12-27 18:15:00,7787.07,17327.1,7217.7,0.0
2022-12-27 18:20:00,7735.1,17259.75,7217.77,0.0
2022-12-27 18:25:00,7861.08,17612.59,7217.95,0.0
2022-12-27 18:30:00,7847.58,17543.28,7217.81,0.0
2022-12-27 18:35:00,7684.94,17540.84,7217.86,0.0
2022-12-27 18:40:00,7907.59,17604.25,7220.62,0.0
2022-12-27 18:45:00,8003.28,17848.8,7217.62,0.0
2022-12-27 18:50:00,7793.68,17975.64,7220.74,0.0
2022-12-27 18:55:00,7706.05,18078.2,7217.79,0.0
2022-12-27 19:00:00,7737.02,18116.49,7237.22,0.0
2022-12-27 19:05:00,7720.96,18185.9,7238.23,0.0
2022-12-27 19:10:00,7799.51,18182.29,7239.95,0.0
2022-12-27 19:15:00,7713.02,18132.08,7239.82,0.0
2022-12-27 19:20:00,7666.47,18096.99,7240.9,0.0
2022-12-27 19:25:00,7979.5,18386.12,7240.23,0.0
2022-12-27 19:30:00,7732.46,18438.94,7240.14,0.0
2022-12-27 19:35:00,7841.23,18494.51,7240.13,0.0
2022-12-27 19:40:00,8049.26,18697.43,7237.88,0.0
2022-12-27 19:45:00,7997.18,18857.09,7239.85,0.0
2022-12-27 19:50:00,7898.26,18539.54,7240.0,0.0
2022-12-27 19:55:00,7938.01,18437.37,7241.0,0.0
2022-12-27 20:00:00,7920.12,18794.73,7285.39,0.0
2022-12-27 20:05:00,7955.38,18877.46,7285.3,0.0
2022-12-27 20:10:00,7959.65,18517.73,7285.24,0.0
2022-12-27 20:15:00,7831.28,18584.95,7287.12,0.0
2022-12-27 20:20:00,7766.43,18345.43,7288.29,0.0
2022-12-27 20:25:00,7787.14,18577.88,7288.41,0.0
2022-12-27 20:30:00,7803.72,18558.1,7288.23,0.0
2022-12-27 20:35:00,7793.49,18523.16,7287.35,0.0
2022-12-27 20:40:00,7789.88,18474.97,7288.22,0.0
2022-12-27 20:45:00,7764.23,18402.35,7287.21,0.0
2022-12-27 20:50:00,7799.2,18335.23,7287.27,0.0
2022-12-27 20:55:00,7767.94,18475.37,7288.14,0.0
2022-12-27 21:00:00,7799.64,18491.11,7303.27,0.0
2022-12-27 21:05:00,7860.45,18803.07,7301.18,0.0
2022-12-27 21:10:00,7923.62,18355.12,7301.21,0.0
2022-12-27 21:15:00,7902.17,18381.57,7301.07,0.0
2022-12-27 21:20:00,7959.51,18514.84,7302.07,0.0
2022-12-27 21:25:00,7982.1,18536.35,7301.12,0.0
2022-12-27 21:30:00,8082.25,18642.63,7302.2,0.0
2022-12-27 21:35:00,8339.79,18981.96,7304.23,0.0
2022-12-27 21:40:00,8353.81,18994.98,7304.02,0.0
2022-12-27 21:45:00,8466.55,19174.02,7303.93,0.0
2022-12-27 21:50:00,8475.92,19390.21,7304.05,0.0
2022-12-27 21:55:00,8407.36,19239.34,7304.16,0.0
2022-12-27 22:00:00,8065.2,18966.03,7240.85,0.0
2022-12-27 22:05:00,8224.25,19065.66,7240.76,0.0
2022-12-27 22:10:00,8136.99,18848.19,7240.69,0.0
2022-12-27 22:15:00,7884.43,18316.5,7240.64,0.0
2022-12-27 22:20:00,7930.61,18161.97,7240.79,0.0
2022-12-27 22:25:00,7948.64,18423.31,7240.93,0.0
2022-12-27 22:30:00,8030.5,18710.9,7240.75,0.0
2022-12-27 22:35:00,8102.27,19012.15,7240.82,0.0
2022-12-27 22:40:00,8114.92,19253.21,7240.64,0.0
2022-12-27 22:45:00,8296.43,19671.32,7240.56,0.0
2022-12-27 22:50:00,8314.02,19663.98,7240.63,0.0
2022-12-27 22:55:00,8404.4,19820.76,7240.74,0.0
2022-12-27 23:00:00,8357.1,19920.87,7260.02,0.0
2022-12-27 23:05:00,8404.27,19933.18,7257.81,0.0
2022-12-27 23:10:00,8226.25,19790.8,7257.75,0.0
2022-12-27 23:15:00,8275.91,19872.25,7257.67,0.0
2022-12-27 23:20:00,8287.14,19963.06,7257.77,0.0
2022-12-27 23:25:00,8497.54,20332.55,7257.79,0.0
2022-12-27 23:30:00,8585.03,20431.49,7257.76,0.0
2022-12-27 23:35:00,8665.66,20648.46,7257.93,0.0
2022-12-27 23:40:00,8687.4,20262.56,7257.79,0.0
2022-12-27 23:45:00,8741.07,20424.15,7257.73,0.0
2022-12-27 23:50:00,8883.42,20692.84,7257.71,0.0
2022-12-27 23:55:00,8600.95,19708.76,7257.78,0.0
2022-12-28 00:00:00,8074.92,18598.95,7362.04,0.0
2022-12-28 00:05:00,8216.43,18325.9,7364.45,0.0
2022-12-28 00:10:00,8181.03,18040.49,7364.3,0.0
2022-12-28 00:15:00,8150.59,18008.37,7276.14,0.0
2022-12-28 00:20:00,8009.9,18017.96,7276.26,0.0
2022-12-28 00:25:00,8038.42,18140.14,7276.38,0.0
2022-12-28 00:30:00,8157.54,18635.83,7276.44,0.0
2022-12-28 00:35:00,8047.5,18607.46,7276.48,0.0
2022-12-28 00:40:00,8017.29,18709.0,7276.24,0.0
2022-12-28 00:45:00,7952.84,18493.55,7276.3,0.0
2022-12-28 00:50:00,8016.81,18582.35,7276.39,0.0
2022-12-28 00:55:00,7988.3,18631.19,7276.37,0.0
2022-12-28 01:00:00,8164.64,18893.02,7275.04,0.0
2022-12-28 01:05:00,8179.31,18837.75,7272.69,0.0
2022-12-28 01:10:00,8214.58,18890.35,7272.49,0.0
2022-12-28 01:15:00,8296.57,18943.79,7272.38,0.0
2022-12-28 01:20:00,8174.3,18939.94,7272.51,0.0
2022-12-28 01:25:00,8217.26,18942.7,7272.69,0.0
2022-12-28 01:30:00,8345.3,19153.8,7272.54,0.0
2022-12-28 01:35:00,8274.54,19022.27,7272.58,0.0
2022-12-28 01:40:00,8300.85,19069.62,7272.48,0.0
2022-12-28 01:45:00,8489.51,19164.12,7272.52,0.0
2022-12-28 01:50:00,8519.28,19247.62,7272.54,0.0
2022-12-28 01:55:00,8508.51,19240.29,7272.56,0.0
2022-12-28 02:00:00,8640.87,19325.37,7273.15,0.0
2022-12-28 02:05:00,8568.89,19029.02,7271.9,0.0
2022-12-28 02:10:00,8519.16,19097.02,7271.88,0.0
2022-12-28 02:15:00,8608.69,19186.47,7271.64,0.0
2022-12-28 02:20:00,8557.17,19240.79,7271.82,0.0
2022-12-28 02:25:00,8443.24,19155.93,7272.05,0.0
2022-12-28 02:30:00,8472.43,19328.73,7271.9,0.0
2022-12-28 02:35:00,8488.94,19310.35,7271.99,0.0
2022-12-28 02:40:00,8527.61,19435.07,7271.81,0.0
2022-12-28 02:45:00,8473.52,19324.87,7271.93,0.0
2022-12-28 02:50:00,8469.29,19251.22,7271.94,0.0
2022-12-28 02:55:00,8495.05,19136.88,7271.93,0.0
2022-12-28 03:00:00,8522.5,19160.31,7271.72,0.0
2022-12-28 03:05:00,8494.54,18982.39,7271.73,0.0
2022-12-28 03:10:00,8455.91,18958.38,7271.71,0.0
2022-12-28 03:15:00,8434.15,19009.21,7271.68,0.0
2022-12-28 03:20:00,8435.77,19038.51,7271.75,0.0
2022-12-28 03:25:00,8444.76,19105.14,7271.83,0.0
2022-12-28 03:30:00,8309.3,18910.96,7271.74,0.0
2022-12-28 03:35:00,8268.13,18815.28,7271.8,0.0
2022-12-28 03:40:00,8348.2,18893.21,7271.68,0.0
2022-12-28 03:45:00,8262.11,18787.52,7271.77,0.0
2022-12-28 03:50:00,8204.93,18781.42,7271.77,0.0
2022-12-28 03:55:00,8137.08,18610.76,7271.71,0.0
2022-12-28 04:00:00,8018.19,18358.56,7236.31,0.0
2022-12-28 04:05:00,7978.5,17998.63,7238.74,0.0
2022-12-28 04:10:00,8082.8,17917.74,7238.79,0.0
2022-12-28 04:15:00,7978.03,17616.02,7238.67,0.0
2022-12-28 04:20:00,8019.29,17636.71,7238.67,0.0
2022-12-28 04:25:00,7826.22,17403.75,7238.77,0.0
2022-12-28 04:30:00,7892.72,17493.54,7238.72,0.0
2022-12-28 04:35:00,7845.91,17528.46,7238.89,0.0
2022-12-28 04:40:00,7853.69,17436.14,7238.73,0.0
2022-12-28 04:45:00,7804.85,17396.52,7238.67,0.0
2022-12-28 04:50:00,7701.38,17395.68,7238.64,0.0
2022-12-28 04:55:00,7789.85,17178.99,7238.63,0.0
2022-12-28 05:00:00,7938.82,17099.0,7361.7,0.0
2022-12-28 05:05:00,7724.12,16594.86,7358.07,0.0
2022-12-28 05:10:00,7594.39,16387.14,7358.11,0.0
2022-12-28 05:15:00,7517.55,16115.38,7358.05,0.0
2022-12-28 05:20:00,7632.21,16161.41,7358.01,0.0
2022-12-28 05:25:00,7534.91,15774.47,7358.14,0.0
2022-12-28 05:30:00,7576.37,16147.86,7358.11,0.0
2022-12-28 05:35:00,7365.65,15747.37,7358.28,0.0
2022-12-28 05:40:00,7275.31,15529.55,7358.16,0.0
2022-12-28 05:45:00,7201.16,15364.42,7358.07,0.0
2022-12-28 05:50:00,7158.58,15282.11,7358.09,0.0
2022-12-28 05:55:00,6980.33,15021.65,7195.0,0.0
2022-12-28 06:00:00,7075.89,15072.32,7143.61,0.0
2022-12-28 06:05:00,6749.69,14266.9,7219.51,0.0
2022-12-28 06:10:00,6810.28,14093.54,7219.45,0.0
2022-12-28 06:15:00,6822.7,14064.44,7219.38,0.0
2022-12-28 06:20:00,6830.85,14152.75,7219.33,0.0
2022-12-28 06:25:00,6823.33,14164.02,7219.48,0.0
2022-12-28 06:30:00,6634.42,13992.68,7219.42,0.0
2022-12-28 06:35:00,6474.06,13631.04,7219.59,0.0
2022-12-28 06:40:00,6445.67,13586.11,7219.45,0.0
2022-12-28 06:45:00,6376.39,13483.27,7219.36,0.0
2022-12-28 06:50:00,6267.75,13284.16,7219.41,0.0
2022-12-28 06:55:00,6274.78,13299.17,7219.39,0.0
2022-12-28 07:00:00,6247.11,13179.69,7215.38,0.0
2022-12-28 07:05:00,6096.33,12944.43,7215.43,0.0
2022-12-28 07:10:00,5980.93,12869.05,7122.3,0.0
2022-12-28 07:15:00,6084.55,13000.68,7020.94,0.0
2022-12-28 07:20:00,6096.01,13000.76,7002.28,0.0
2022-12-28 07:25:00,6030.18,12902.43,7002.3,0.0
2022-12-28 07:30:00,6095.27,13022.53,7002.29,0.0
2022-12-28 07:35:00,6158.17,13240.72,7002.42,0.0
2022-12-28 07:40:00,6247.24,13429.18,7002.21,0.0
2022-12-28 07:45:00,6261.21,13455.95,7002.22,0.0
2022-12-28 07:50:00,6245.67,13625.2,7002.39,0.0
2022-12-28 07:55:00,6225.9,13569.59,7002.24,0.0
2022-12-28 08:00:00,6377.9,13985.39,6991.0,0.0
2022-12-28 08:05:00,6479.26,14174.72,6992.0,0.0
2022-12-28 08:10:00,6692.48,14541.59,6989.04,0.0
2022-12-28 08:15:00,6880.27,14973.04,6988.08,0.0
2022-12-28 08:20:00,7039.22,15213.18,7037.04,0.0
2022-12-28 08:25:00,7310.03,15852.49,7037.11,0.0
2022-12-28 08:30:00,7637.28,16197.84,7036.28,0.0
2022-12-28 08:35:00,7769.87,16835.66,7036.28,0.0
2022-12-28 08:40:00,7711.4,17141.94,7137.5,0.0
2022-12-28 08:45:00,7753.24,17357.74,7135.36,0.0
2022-12-28 08:50:00,7778.59,17356.91,7135.35,0.0
2022-12-28 08:55:00,7672.18,17110.09,7132.38,0.0
2022-12-28 09:00:00,7219.12,15655.04,7119.79,0.0
2022-12-28 09:05:00,7246.8,15181.55,7119.94,0.0
2022-12-28 09:10:00,7179.11,15607.71,7119.86,0.0
2022-12-28 09:15:00,6946.47,15502.54,7072.75,0.0
2022-12-28 09:20:00,7010.59,15688.91,7070.71,0.0
2022-12-28 09:25:00,6958.72,15957.36,7067.8,0.0
2022-12-28 09:30:00,7183.28,16398.42,7064.82,0.0
2022-12-28 09:35:00,7398.4,16919.69,7064.97,0.0
2022-12-28 09:40:00,7294.39,17030.51,7063.75,0.0
2022-12-28 09:45:00,7479.87,17386.41,7061.69,0.0
2022-12-28 09:50:00,7465.53,17652.17,7046.74,0.0
2022-12-28 09:55:00,7229.58,16913.81,7043.89,0.0
2022-12-28 10:00:00,6940.67,16369.61,6905.95,0.0
2022-12-28 10:05:00,7134.63,16777.35,6950.78,0.0
2022-12-28 10:10:00,7549.41,17615.59,6950.77,0.0
2022-12-28 10:15:00,7165.43,17113.25,6950.66,0.0
2022-12-28 10:20:00,6978.61,16450.21,6948.68,0.0
2022-12-28 10:25:00,7049.37,16671.97,6947.85,0.0
2022-12-28 10:30:00,7219.88,16971.4,6998.6,0.0
2022-12-28 10:35:00,7399.85,17253.29,6998.74,0.0
2022-12-28 10:40:00,7336.42,17400.3,6998.62,0.0
2022-12-28 10:45:00,7494.91,17561.74,6998.57,0.0
2022-12-28 10:50:00,7466.21,17461.6,6998.62,0.0
2022-12-28 10:55:00,7584.7,17492.08,6998.66,0.0
2022-12-28 11:00:00,7632.44,17835.26,6916.41,0.0
2022-12-28 11:05:00,7864.87,18404.64,6917.6,0.0
2022-12-28 11:10:00,7771.77,18706.92,6917.59,0.0
2022-12-28 11:15:00,7847.75,18941.45,6916.39,0.0
2022-12-28 11:20:00,7848.04,19054.49,6916.54,0.0
2022-12-28 11:25:00,7911.18,19313.34,6913.69,0.0
2022-12-28 11:30:00,7829.71,19305.54,6911.56,0.0
2022-12-28 11:35:00,7684.09,19206.92,6911.76,0.0
2022-12-28 11:40:00,7745.76,19361.37,6911.59,0.0
2022-12-28 11:45:00,7830.88,19506.5,6930.28,0.0
2022-12-28 11:50:00,7865.85,19535.65,6930.33,0.0
2022-12-28 11:55:00,7940.42,19954.02,6930.22,0.0
2022-12-28 12:00:00,7883.93,19985.04,6885.58,0.0
2022-12-28 12:05:00,7950.53,19847.78,6886.62,0.0
2022-12-28 12:10:00,8159.1,20204.05,6886.48,0.0
2022-12-28 12:15:00,7923.24,19905.5,6886.62,0.0
2022-12-28 12:20:00,7820.52,20038.44,6886.57,0.0
2022-12-28 12:25:00,7716.98,19507.22,6886.7,0.0
2022-12-28 12:30:00,7704.81,19254.61,6886.47,0.0
2022-12-28 12:35:00,7722.18,18996.8,6886.66,0.0
2022-12-28 12:40:00,7688.32,18863.82,6886.61,0.0
2022-12-28 12:45:00,7845.64,19206.38,6885.44,0.0
2022-12-28 12:50:00,7771.56,19219.41,6885.54,0.0
2022-12-28 12:55:00,7707.43,19069.34,6885.35,0.0
2022-12-28 13:00:00,7616.49,18842.52,6855.19,0.0
2022-12-28 13:05:00,7653.27,18883.27,6855.23,0.0
2022-12-28 13:10:00,7748.29,18884.11,6855.18,0.0
2022-12-28 13:15:00,7758.2,19033.73,6855.16,0.0
2022-12-28 13:20:00,7602.91,18796.86,6855.09,0.0
2022-12-28 13:25:00,7772.41,18983.04,6855.2,0.0
2022-12-28 13:30:00,7619.6,18827.62,6855.15,0.0
2022-12-28 13:35:00,7593.55,18590.88,6853.24,0.0
2022-12-28 13:40:00,7622.61,18700.3,6855.09,0.0
2022-12-28 13:45:00,7569.88,18542.18,6855.15,0.0
2022-12-28 13:50:00,7550.22,18367.09,6854.03,0.0
2022-12-28 13:55:00,7468.36,18409.58,6853.1,0.0
2022-12-28 14:00:00,7317.31,18042.06,6962.54,0.0
2022-12-28 14:05:00,7296.82,17288.83,6958.52,0.0
2022-12-28 14:10:00,7278.91,17244.58,6959.69,0.0
2022-12-28 14:15:00,7496.69,17336.88,6959.6,0.0
2022-12-28 14:20:00,7256.02,17171.09,6961.67,0.0
2022-12-28 14:25:00,7226.08,17155.85,6876.51,0.0
2022-12-28 14:30:00,7238.84,17119.13,6876.57,0.0
2022-12-28 14:35:00,7244.43,17163.61,6875.58,0.0
2022-12-28 14:40:00,7252.71,16975.78,6876.51,0.0
2022-12-28 14:45:00,7223.25,16593.75,6875.47,0.0
2022-12-28 14:50:00,7389.52,16859.07,6876.48,0.0
2022-12-28 14:55:00,7124.52,16716.16,6876.44,0.0
2022-12-28 15:00:00,7261.86,17077.22,6940.01,0.0
2022-12-28 15:05:00,7351.58,17198.96,6942.93,0.0
2022-12-28 15:10:00,7231.75,16833.26,6942.82,0.0
2022-12-28 15:15:00,7203.23,16639.23,6940.89,0.0
2022-12-28 15:20:00,7307.61,16864.46,6940.93,0.0
2022-12-28 15:25:00,7164.65,16499.79,6945.12,0.0
2022-12-28 15:30:00,7088.87,16078.8,6943.97,0.0
2022-12-28 15:35:00,7038.07,15905.97,6944.86,0.0
2022-12-28 15:40:00,7002.25,15584.54,6942.87,0.0
2022-12-28 15:45:00,7025.03,15524.7,6942.8,0.0
2022-12-28 15:50:00,7144.75,15552.87,6944.71,0.0
2022-12-28 15:55:00,6876.17,15160.48,6944.6,0.0
2022-12-28 16:00:00,6754.39,14797.41,6790.28,0.0
2022-12-28 16:05:00,6830.85,14688.06,6733.71,0.0
2022-12-28 16:10:00,6622.21,14423.31,6733.69,0.0
2022-12-28 16:15:00,6605.43,14075.98,6733.59,0.0
2022-12-28 16:20:00,6616.75,13880.0,6734.54,0.0
2022-12-28 16:25:00,6551.91,13455.97,6678.87,0.0
2022-12-28 16:30:00,6443.83,12746.75,6678.79,0.0
2022-12-28 16:35:00,6310.42,12602.33,6678.81,0.0
2022-12-28 16:40:00,6274.44,12590.42,6678.7,0.0
2022-12-28 16:45:00,5912.86,11909.78,6678.64,0.0
2022-12-28 16:50:00,5701.85,11524.3,6678.64,0.0
2022-12-28 16:55:00,5817.66,11504.15,6678.67,0.0
2022-12-28 17:00:00,5963.36,11747.06,6702.61,0.0
2022-12-28 17:05:00,5844.59,11919.72,6635.04,0.0
2022-12-28 17:10:00,5827.39,11820.62,6634.9,0.0
2022-12-28 17:15:00,5489.81,11465.58,6634.92,0.0
2022-12-28 17:20:00,5420.41,11233.7,6635.01,0.0
2022-12-28 17:25:00,5321.71,11070.13,6636.13,0.0
2022-12-28 17:30:00,5433.44,10919.98,6636.13,0.0
2022-12-28 17:35:00,5174.86,10559.7,6638.02,0.0
2022-12-28 17:40:00,5276.15,10503.46,6637.94,0.0
2022-12-28 17:45:00,5390.31,10640.24,6637.91,0.0
2022-12-28 17:50:00,5197.02,10477.17,6694.55,0.0
2022-12-28 17:55:00,5406.5,10629.09,6696.95,0.0
2022-12-28 18:00:00,5510.41,10971.23,6728.77,0.0
2022-12-28 18:05:00,5673.55,11610.86,6729.02,0.0
2022-12-28 18:10:00,5637.4,11769.98,6728.92,0.0
2022-12-28 18:15:00,5409.75,11552.06,6729.81,0.0
2022-12-28 18:20:00,5602.98,11838.98,6729.87,0.0
2022-12-28 18:25:00,5738.25,12243.85,6729.98,0.0
2022-12-28 18:30:00,5766.76,12605.23,6729.93,0.0
2022-12-28 18:35:00,5809.99,12940.66,6572.72,0.0
2022-12-28 18:40:00,6031.41,13196.38,6572.66,0.0
2022-12-28 18:45:00,5935.43,13285.42,6572.57,0.0
2022-12-28 18:50:00,6044.56,13388.77,6572.56,0.0
2022-12-28 18:55:00,5972.72,13475.44,6572.52,0.0
2022-12-28 19:00:00,6177.76,13768.65,6636.24,0.0
2022-12-28 19:05:00,6137.59,14003.52,6637.21,0.0
2022-12-28 19:10:00,6022.91,14067.5,6637.36,0.0
2022-12-28 19:15:00,6160.91,14198.12,6637.26,0.0
2022-12-28 19:20:00,6244.04,14491.51,6637.27,0.0
2022-12-28 19:25:00,6258.95,14543.15,6637.39,0.0
2022-12-28 19:30:00,6302.1,14704.08,6637.22,0.0
2022-12-28 19:35:00,6340.34,14903.22,6637.42,0.0
2022-12-28 19:40:00,6393.29,15316.42,6687.26,0.0
2022-12-28 19:45:00,6311.25,15208.92,6643.27,0.0
2022-12-28 19:50:00,6401.35,15362.64,6643.21,0.0
2022-12-28 19:55:00,6488.71,15491.95,6643.35,0.0
2022-12-28 20:00:00,6499.85,15479.06,6822.82,0.0
2022-12-28 20:05:00,6501.13,15434.17,6818.42,0.0
2022-12-28 20:10:00,6416.98,15514.69,6818.11,0.0
2022-12-28 20:15:00,6469.29,15439.04,6818.13,0.0
2022-12-28 20:20:00,6539.87,15570.17,6818.0,0.0
2022-12-28 20:25:00,6469.37,15452.34,6818.37,0.0
2022-12-28 20:30:00,6488.55,15055.72,6818.24,0.0
2022-12-28 20:35:00,6521.29,15158.5,6818.27,0.0
2022-12-28 20:40:00,6944.78,16152.41,6818.24,0.0
2022-12-28 20:45:00,6631.72,15784.79,6818.06,0.0
2022-12-28 20:50:00,6694.92,15743.98,6818.2,0.0
2022-12-28 20:55:00,6787.4,15587.82,6818.03,0.0
2022-12-28 21:00:00,6974.77,15917.15,6826.9,0.0
2022-12-28 21:05:00,6975.18,16095.49,6827.92,0.0
2022-12-28 21:10:00,7034.36,16272.18,6827.87,0.0
2022-12-28 21:15:00,6946.4,16351.89,6826.74,0.0
2022-12-28 21:20:00,6942.24,16350.16,6827.84,0.0
2022-12-28 21:25:00,7045.36,16391.29,6827.89,0.0
2022-12-28 21:30:00,7094.82,16513.42,6829.9,0.0
2022-12-28 21:35:00,6997.88,16189.77,6830.86,0.0
2022-12-28 21:40:00,7006.63,16278.66,6830.85,0.0
2022-12-28 21:45:00,7097.64,16503.77,6831.73,0.0
2022-12-28 21:50:00,7071.41,16488.77,6832.79,0.0
2022-12-28 21:55:00,7115.55,16419.03,6832.85,0.0
2022-12-28 22:00:00,7238.83,16668.34,6659.81,0.0
2022-12-28 22:05:00,7159.82,16695.24,6659.94,0.0
2022-12-28 22:10:00,7261.53,17070.17,6659.95,0.0
2022-12-28 22:15:00,7051.75,16872.51,6809.86,0.0
2022-12-28 22:20:00,7165.39,17010.66,6809.76,0.0
2022-12-28 22:25:00,7180.96,17123.06,6809.9,0.0
2022-12-28 22:30:00,7155.13,17028.74,6809.79,0.0
2022-12-28 22:35:00,7240.35,17143.96,6809.95,0.0
2022-12-28 22:40:00,7397.16,17168.33,6808.76,0.0
2022-12-28 22:45:00,7474.4,17207.96,6809.9,0.0
2022-12-28 22:50:00,7524.58,17352.55,6809.8,0.0
2022-12-28 22:55:00,7442.55,17333.03,6808.93,0.0
2022-12-28 23:00:00,7252.18,17195.86,6983.05,0.0
2022-12-28 23:05:00,7262.37,16903.32,6984.16,0.0
2022-12-28 23:10:00,7430.13,17294.64,6985.01,0.0
2022-12-28 23:15:00,7403.4,17430.15,6983.88,0.0
2022-12-28 23:20:00,7253.68,17448.41,6983.01,0.0
2022-12-28 23:25:00,7442.88,17943.55,6983.12,0.0
2022-12-28 23:30:00,7330.26,17972.57,6981.0,0.0
2022-12-28 23:35:00,7713.88,18545.7,6981.02,0.0
2022-12-28 23:40:00,7756.37,18405.85,6983.04,0.0
2022-12-28 23:45:00,7900.14,18633.93,6983.73,0.0
2022-12-28 23:50:00,7691.61,18672.81,6983.96,0.0
2022-12-28 23:55:00,7535.59,18398.52,6984.99,0.0
