slot,prc_mw,rtolcap_mw,rtoffcap_mw,rtordpa
2021-02-10 00:00:00,4198.41,7236.51,3497.15,0.0
2021-02-10 00:05:00,4087.15,6993.54,3730.54,0.0
2021-02-10 00:10:00,4050.77,6911.67,3730.46,0.0
2021-02-10 00:15:00,4135.76,6754.77,3690.42,0.0
2021-02-10 00:20:00,4112.84,6870.31,3785.52,0.0
2021-02-10 00:25:00,4055.78,6645.87,3777.74,0.0
2021-02-10 00:30:00,4455.23,6859.18,3675.39,0.0
2021-02-10 00:35:00,4579.79,6848.94,3743.47,0.0
2021-02-10 00:40:00,4575.2,7017.29,3810.42,0.0
2021-02-10 00:45:00,4756.9,7087.07,3856.44,0.0
2021-02-10 00:50:00,4630.95,6970.51,3962.37,0.0
2021-02-10 00:55:00,4620.64,6919.09,3912.39,0.0
2021-02-10 01:00:00,4783.14,7162.99,3794.4,0.0
2021-02-10 01:05:00,4848.1,7262.58,3799.3,0.0
2021-02-10 01:10:00,4833.26,7271.89,3813.11,0.0
2021-02-10 01:15:00,4903.61,7525.75,3767.12,0.0
2021-02-10 01:20:00,4902.13,7611.55,3767.11,0.0
2021-02-10 01:25:00,4756.58,7355.27,3767.11,0.0
2021-02-10 01:30:00,4637.83,7164.88,3859.13,0.0
2021-02-10 01:35:00,4697.49,7435.15,3859.14,0.0
2021-02-10 01:40:00,4689.76,7381.64,3859.21,0.0
2021-02-10 01:45:00,4751.77,7522.45,3859.22,0.0
2021-02-10 01:50:00,4684.71,7614.7,3859.15,0.0
2021-02-10 01:55:00,4786.01,7444.71,4044.22,0.0
2021-02-10 02:00:00,4789.73,7358.02,4248.13,0.0
2021-02-10 02:05:00,4772.08,7379.93,4323.7,0.0
2021-02-10 02:10:00,4783.29,7245.49,4392.97,0.0
2021-02-10 02:15:00,4558.08,7104.56,4406.96,0.0
2021-02-10 02:20:00,4501.57,7283.77,4307.98,0.0
2021-02-10 02:25:00,4394.53,7200.92,4184.73,0.0
2021-02-10 02:30:00,4415.71,7532.32,4062.29,0.0
2021-02-10 02:35:00,4487.49,7325.73,4144.89,0.0
2021-02-10 02:40:00,4447.41,7558.44,4062.33,0.0
2021-02-10 02:45:00,4412.65,7589.3,4062.33,0.0
2021-02-10 02:50:00,4338.8,7347.62,4158.4,0.0
2021-02-10 02:55:00,4353.62,7239.88,4236.75,0.0
2021-02-10 03:00:00,4181.62,7293.19,4166.06,0.0
2021-02-10 03:05:00,4106.47,6909.22,4159.53,0.0
2021-02-10 03:10:00,4037.99,6827.68,4159.56,0.0
2021-02-10 03:15:00,3925.57,6803.25,4288.9,0.0
2021-02-10 03:20:00,4053.3,6966.96,4205.7,0.0
2021-02-10 03:25:00,3915.54,6752.53,4205.62,0.0
2021-02-10 03:30:00,3903.01,6705.08,4205.53,0.0
2021-02-10 03:35:00,3977.81,6683.35,4205.52,0.0
2021-02-10 03:40:00,3893.47,6683.71,4205.54,0.0
2021-02-10 03:45:00,3927.93,6848.86,4205.55,0.0
2021-02-10 03:50:00,4163.61,7228.43,4205.57,0.0
2021-02-10 03:55:00,4931.33,8747.88,4104.65,0.0
2021-02-10 04:00:00,5092.45,8987.36,4105.66,0.0
2021-02-10 04:05:00,5143.14,8867.38,4105.76,0.0
2021-02-10 04:10:00,4888.66,8630.48,4147.29,0.0
2021-02-10 04:15:00,4677.49,8448.83,4230.27,0.0
2021-02-10 04:20:00,4396.8,8307.93,4147.4,0.0
2021-02-10 04:25:00,4296.16,8217.44,4147.43,0.0
2021-02-10 04:30:00,4298.23,8175.74,4230.86,0.0
2021-02-10 04:35:00,4253.8,8051.04,4147.42,0.0
2021-02-10 04:40:00,4225.96,7859.88,4219.37,0.0
2021-02-10 04:45:00,4291.18,8077.75,4290.43,0.0
2021-02-10 04:50:00,4151.3,7818.36,4244.51,0.0
2021-02-10 04:55:00,4242.32,7844.44,4101.41,0.0
2021-02-10 05:00:00,4444.63,8408.65,4216.73,0.0
2021-02-10 05:05:00,4354.08,8034.54,4195.23,0.0
2021-02-10 05:10:00,4279.51,8159.48,4122.27,0.0
2021-02-10 05:15:00,4209.5,8070.98,4122.25,0.0
2021-02-10 05:20:00,4309.81,8331.07,4050.69,0.0
2021-02-10 05:25:00,4373.87,8269.66,3958.67,0.0
2021-02-10 05:30:00,4457.5,8453.13,3958.71,0.0
2021-02-10 05:35:00,4330.48,8282.65,3862.62,0.0
2021-02-10 05:40:00,4263.96,8223.65,3862.44,0.0
2021-02-10 05:45:00,4503.94,8614.14,3718.53,0.0
2021-02-10 05:50:00,4414.02,8717.25,3566.32,0.0
2021-02-10 05:55:00,4437.34,8749.19,3516.08,0.0
2021-02-10 06:00:00,4444.53,8801.19,3512.08,0.0
2021-02-10 06:05:00,4376.8,8512.53,3512.29,0.0
2021-02-10 06:10:00,4106.69,7926.0,3512.31,0.0
2021-02-10 06:15:00,4090.84,7571.99,3512.33,0.0
2021-02-10 06:20:00,4120.52,7251.62,3512.38,0.0
2021-02-10 06:25:00,4147.81,7328.43,3512.46,0.0
2021-02-10 06:30:00,4073.14,7087.44,3512.37,0.0
2021-02-10 06:35:00,3986.23,6805.01,3464.32,0.0
2021-02-10 06:40:00,3978.78,6652.97,3408.41,0.0
2021-02-10 06:45:00,3959.99,6477.42,3408.39,0.0
2021-02-10 06:50:00,3878.6,6251.22,3408.26,0.0
2021-02-10 06:55:00,3944.76,6149.28,3352.53,0.0
2021-02-10 07:00:00,3710.62,5742.65,2982.48,0.0
2021-02-10 07:05:00,3777.3,6006.05,2982.58,0.0
2021-02-10 07:10:00,3666.75,5829.88,2982.56,0.0
2021-02-10 07:15:00,3581.64,5686.5,2823.28,0.0
2021-02-10 07:20:00,3548.06,5663.24,2823.33,0.0
2021-02-10 07:25:00,3670.45,5809.49,2823.31,0.0
2021-02-10 07:30:00,3679.62,5813.12,2823.28,0.0
2021-02-10 07:35:00,3640.68,5824.56,2743.25,0.0
2021-02-10 07:40:00,3517.59,5524.07,2743.25,0.0
2021-02-10 07:45:00,3622.5,5563.66,2743.25,0.0
2021-02-10 07:50:00,3646.24,5521.19,2743.17,0.0
2021-02-10 07:55:00,3582.79,5502.98,2718.07,0.0
2021-02-10 08:00:00,3515.08,5210.26,2808.94,0.0
2021-02-10 08:05:00,3472.73,5068.26,2718.86,0.0
2021-02-10 08:10:00,3450.44,4916.94,2684.93,0.0
2021-02-10 08:15:00,3606.28,5048.32,2547.91,0.0
2021-02-10 08:20:00,3714.02,5227.96,2548.0,0.0
2021-02-10 08:25:00,3723.05,5244.4,2453.03,0.0
2021-02-10 08:30:00,3720.66,5219.69,2414.6,0.0
2021-02-10 08:35:00,3798.41,5366.76,2440.53,0.0
2021-02-10 08:40:00,3684.58,5210.17,2440.51,0.0
2021-02-10 08:45:00,3694.08,5196.0,2398.82,0.0
2021-02-10 08:50:00,3751.0,5369.41,2398.82,0.0
2021-02-10 08:55:00,3780.97,5453.57,2398.82,0.0
2021-02-10 09:00:00,3665.6,5232.61,2443.32,0.0
2021-02-10 09:05:00,3730.02,5376.02,2397.62,0.0
2021-02-10 09:10:00,3831.07,5455.83,2397.62,0.0
2021-02-10 09:15:00,3917.12,5625.43,2396.6,0.0
2021-02-10 09:20:00,3909.71,5623.07,2396.6,0.0
2021-02-10 09:25:00,3747.92,5464.11,2396.6,0.0
2021-02-10 09:30:00,3823.23,5524.56,2396.6,0.0
2021-02-10 09:35:00,3841.12,5577.65,2396.6,0.0
2021-02-10 09:40:00,3856.3,5563.37,2396.6,0.0
2021-02-10 09:45:00,3787.58,5585.56,2434.0,0.0
2021-02-10 09:50:00,3728.63,5498.83,2628.0,0.0
2021-02-10 09:55:00,3635.4,5394.16,2739.65,0.0
2021-02-10 10:00:00,3598.47,5196.53,2734.94,0.0
2021-02-10 10:05:00,3596.1,5095.0,2754.75,0.0
2021-02-10 10:10:00,3603.6,5140.11,2655.13,0.0
2021-02-10 10:15:00,3735.11,5435.19,2498.27,0.0
2021-02-10 10:20:00,3875.66,5702.7,2379.27,0.0
2021-02-10 10:25:00,4085.25,6024.03,2379.25,0.0
2021-02-10 10:30:00,4065.23,5958.31,2438.24,0.0
2021-02-10 10:35:00,3984.07,5737.18,2438.17,0.0
2021-02-10 10:40:00,4019.87,5969.99,2536.18,0.0
2021-02-10 10:45:00,3979.1,5951.96,2536.15,0.0
2021-02-10 10:50:00,3973.62,5932.02,2534.17,0.0
2021-02-10 10:55:00,4029.14,6238.86,2536.2,0.0
2021-02-10 11:00:00,4026.29,6308.54,2530.53,0.0
2021-02-10 11:05:00,4123.22,6366.16,2507.85,0.0
2021-02-10 11:10:00,4033.6,6048.97,2507.42,0.0
2021-02-10 11:15:00,3867.24,5475.78,2549.46,0.0
2021-02-10 11:20:00,3813.18,5652.59,2549.03,0.0
2021-02-10 11:25:00,3766.86,5693.28,2548.31,0.0
2021-02-10 11:30:00,3799.9,5684.09,2594.94,0.0
2021-02-10 11:35:00,3766.49,5795.5,2715.8,0.0
2021-02-10 11:40:00,3810.39,5608.35,2740.66,0.0
2021-02-10 11:45:00,3564.4,5187.88,2786.7,0.0
2021-02-10 11:50:00,3639.47,5392.11,2783.33,0.0
2021-02-10 11:55:00,3637.8,5522.98,2736.76,0.0
2021-02-10 12:00:00,3641.47,5664.38,2732.13,0.0
2021-02-10 12:05:00,3673.59,5804.49,2731.13,0.0
2021-02-10 12:10:00,3651.04,5750.73,2732.36,0.0
2021-02-10 12:15:00,3734.39,5803.35,2651.58,0.0
2021-02-10 12:20:00,3773.56,5875.81,2651.9,0.0
2021-02-10 12:25:00,3699.31,5808.65,2653.75,0.0
2021-02-10 12:30:00,3711.34,5851.12,2653.27,0.0
2021-02-10 12:35:00,3716.84,5846.4,2698.28,0.0
2021-02-10 12:40:00,3910.06,6068.64,2698.53,0.0
2021-02-10 12:45:00,3991.93,6313.08,2697.96,0.0
2021-02-10 12:50:00,4030.33,6473.57,2697.97,0.0
2021-02-10 12:55:00,4065.95,6738.95,2813.43,0.0
2021-02-10 13:00:00,4043.36,6618.34,2892.18,0.0
2021-02-10 13:05:00,3845.79,6263.54,3144.03,0.0
2021-02-10 13:10:00,3673.76,6171.09,3066.12,0.0
2021-02-10 13:15:00,3711.2,6121.35,3113.0,0.0
2021-02-10 13:20:00,3738.23,6231.71,3115.83,0.0
2021-02-10 13:25:00,3800.56,6224.85,3192.85,0.0
2021-02-10 13:30:00,3750.55,6371.42,3109.59,0.0
2021-02-10 13:35:00,3644.0,6099.16,3181.28,0.0
2021-02-10 13:40:00,3640.66,6259.63,3108.8,0.0
2021-02-10 13:45:00,3701.79,6486.62,3194.08,0.0
2021-02-10 13:50:00,3863.45,6871.4,3111.04,0.0
2021-02-10 13:55:00,3870.87,7066.35,3111.11,0.0
2021-02-10 14:00:00,3856.21,7167.63,3113.16,0.0
2021-02-10 14:05:00,3857.0,7117.54,3112.08,0.0
2021-02-10 14:10:00,3842.62,6840.21,3153.67,0.0
2021-02-10 14:15:00,3824.29,6693.65,3203.74,0.0
2021-02-10 14:20:00,3769.82,6520.8,3203.75,0.0
2021-02-10 14:25:00,3870.01,6873.83,3163.18,0.0
2021-02-10 14:30:00,3849.91,7056.2,3163.31,0.0
2021-02-10 14:35:00,3868.44,7253.35,3208.33,0.0
2021-02-10 14:40:00,3797.38,6958.1,3264.61,0.0
2021-02-10 14:45:00,3792.15,6921.13,3264.5,0.0
2021-02-10 14:50:00,3817.05,6823.62,3264.5,0.0
2021-02-10 14:55:00,3857.64,6967.28,3264.64,0.0
2021-02-10 15:00:00,3866.25,7152.1,3264.88,0.0
2021-02-10 15:05:00,3854.67,6903.22,3264.65,0.0
2021-02-10 15:10:00,3726.43,6878.02,3220.66,0.0
2021-02-10 15:15:00,3819.41,6888.59,3220.61,0.0
2021-02-10 15:20:00,3945.77,6841.23,3220.59,0.0
2021-02-10 15:25:00,4005.41,6994.73,3220.51,0.0
2021-02-10 15:30:00,3949.5,6887.46,3220.51,0.0
2021-02-10 15:35:00,3973.5,6827.65,3220.53,0.0
2021-02-10 15:40:00,4011.07,6955.89,3220.59,0.0
2021-02-10 15:45:00,4007.44,7016.38,3220.62,0.0
2021-02-10 15:50:00,3973.0,7011.24,3221.08,0.0
2021-02-10 15:55:00,3950.73,6909.94,3221.14,0.0
2021-02-10 16:00:00,3977.96,6847.17,3219.41,0.0
2021-02-10 16:05:00,4060.87,6845.81,3297.47,0.0
2021-02-10 16:10:00,4051.6,6771.56,3297.51,0.0
2021-02-10 16:15:00,4078.0,6735.94,3219.37,0.0
2021-02-10 16:20:00,4028.38,6493.13,3216.71,0.0
2021-02-10 16:25:00,3991.59,6440.13,3219.43,0.0
2021-02-10 16:30:00,4040.42,6616.4,3220.35,0.0
2021-02-10 16:35:00,4081.62,6711.19,3216.34,0.0
2021-02-10 16:40:00,3970.4,6537.79,3213.66,0.0
2021-02-10 16:45:00,4058.07,6695.58,2861.38,0.0
2021-02-10 16:50:00,4094.03,6665.36,2565.45,0.0
2021-02-10 16:55:00,4249.6,7007.2,2409.5,0.0
2021-02-10 17:00:00,4285.62,7140.78,2344.25,0.0
2021-02-10 17:05:00,4345.76,7287.98,2389.3,0.0
2021-02-10 17:10:00,4334.63,7343.1,2434.3,0.0
2021-02-10 17:15:00,4296.27,7157.59,2434.4,0.0
2021-02-10 17:20:00,4224.03,6871.61,2435.3,0.0
2021-02-10 17:25:00,4110.24,6709.67,2389.36,0.0
2021-02-10 17:30:00,3966.53,6510.32,2436.4,0.0
2021-02-10 17:35:00,4024.44,6497.97,2390.0,0.0
2021-02-10 17:40:00,4056.45,6331.28,2390.0,0.0
2021-02-10 17:45:00,4029.51,6031.68,2296.33,0.0
2021-02-10 17:50:00,4085.42,6038.82,2195.37,0.0
2021-02-10 17:55:00,4003.17,5857.34,2194.93,0.0
2021-02-10 18:00:00,3979.63,5978.5,2156.34,0.0
2021-02-10 18:05:00,3920.52,5871.96,2155.86,0.0
2021-02-10 18:10:00,3943.52,5774.87,2156.61,0.0
2021-02-10 18:15:00,3896.12,5690.8,2056.98,0.0
2021-02-10 18:20:00,4013.21,5809.83,2018.98,0.0
2021-02-10 18:25:00,4176.68,5714.88,2021.25,0.0
2021-02-10 18:30:00,4133.33,5619.86,1955.48,0.0
2021-02-10 18:35:00,4147.23,5855.67,1958.11,0.0
2021-02-10 18:40:00,4030.92,5622.77,1958.84,0.0
2021-02-10 18:45:00,4007.07,5598.22,1965.16,0.0
2021-02-10 18:50:00,3955.08,5577.49,1965.18,0.0
2021-02-10 18:55:00,3850.74,5421.3,1967.06,0.0
2021-02-10 19:00:00,3909.24,5513.97,1971.08,0.0
2021-02-10 19:05:00,3697.61,5297.7,1969.55,0.0
2021-02-10 19:10:00,3925.45,5597.43,1968.3,0.0
2021-02-10 19:15:00,3858.59,5461.29,1958.15,0.0
2021-02-10 19:20:00,3705.2,5319.67,1964.29,0.0
2021-02-10 19:25:00,3645.98,5267.2,1991.43,0.0
2021-02-10 19:30:00,3646.97,5141.55,1997.53,0.0
2021-02-10 19:35:00,3652.28,5212.81,1992.23,0.0
2021-02-10 19:40:00,3985.21,5910.15,1989.22,0.0
2021-02-10 19:45:00,4147.79,6115.28,1999.23,0.0
2021-02-10 19:50:00,3986.15,6082.74,2100.9,0.0
2021-02-10 19:55:00,3829.1,5917.8,2101.09,0.0
2021-02-10 20:00:00,3781.99,5890.52,2160.14,0.0
2021-02-10 20:05:00,3885.04,5975.42,2264.34,0.0
2021-02-10 20:10:00,3973.55,6137.17,2263.82,0.0
2021-02-10 20:15:00,3969.85,6235.99,2309.46,0.0
2021-02-10 20:20:00,3920.1,6201.49,2306.66,0.0
2021-02-10 20:25:00,3895.21,6068.14,2357.74,0.0
2021-02-10 20:30:00,3851.18,6191.62,2470.7,0.0
2021-02-10 20:35:00,3810.66,6107.71,2520.45,0.0
2021-02-10 20:40:00,3777.88,6087.78,2519.14,0.0
2021-02-10 20:45:00,3869.99,6208.88,2607.94,0.0
2021-02-10 20:50:00,3952.89,6229.81,2612.48,0.0
2021-02-10 20:55:00,3852.5,6142.86,2614.31,0.0
2021-02-10 21:00:00,3814.61,6156.38,2624.01,0.0
2021-02-10 21:05:00,3996.31,6303.27,2698.0,0.0
2021-02-10 21:10:00,3876.4,6164.27,2811.14,0.0
2021-02-10 21:15:00,3849.67,6109.57,2981.91,0.0
2021-02-10 21:20:00,3833.51,6279.02,3031.92,0.0
2021-02-10 21:25:00,3826.65,6254.2,3102.66,0.0
2021-02-10 21:30:00,3820.32,6349.08,3177.6,0.0
2021-02-10 21:35:00,3777.87,6224.17,3177.68,0.0
2021-02-10 21:40:00,3700.69,6079.68,3251.87,0.0
2021-02-10 21:45:00,3881.15,6357.84,3438.05,0.0
2021-02-10 21:50:00,3885.43,6570.17,3359.09,0.0
2021-02-10 21:55:00,3762.82,6427.98,3276.9,0.0
2021-02-10 22:00:00,3783.57,6343.89,3412.8,0.0
2021-02-10 22:05:00,3971.66,6796.66,3253.26,0.0
2021-02-10 22:10:00,4024.21,7170.85,3492.9,0.0
2021-02-10 22:15:00,4126.54,7472.05,3325.52,0.0
2021-02-10 22:20:00,4014.68,7578.88,3367.12,0.0
2021-02-10 22:25:00,3985.53,7657.1,3458.06,0.0
2021-02-10 22:30:00,3901.93,7516.16,3517.99,0.0
2021-02-10 22:35:00,3862.73,7578.84,3520.81,0.0
2021-02-10 22:40:00,3827.5,7124.9,3687.99,0.0
2021-02-10 22:45:00,3933.36,7509.89,3762.38,0.0
2021-02-10 22:50:00,4056.23,7784.46,3904.26,0.0
2021-02-10 22:55:00,3995.69,7803.09,3830.02,0.0
2021-02-10 23:00:00,3970.09,7802.94,3831.56,0.0
2021-02-10 23:05:00,4063.31,7955.07,3831.39,0.0
2021-02-10 23:10:00,4082.95,8097.13,3927.44,0.0
2021-02-10 23:15:00,4052.33,8054.73,3993.65,0.0
2021-02-10 23:20:00,4030.59,8063.2,3991.53,0.0
2021-02-10 23:25:00,4078.09,8013.14,3991.54,0.0
2021-02-10 23:30:00,4120.58,8126.32,3991.56,0.0
2021-02-10 23:35:00,4093.61,8179.85,3991.48,0.0
2021-02-10 23:40:00,4019.48,7972.9,4083.32,0.0
2021-02-10 23:45:00,4083.42,7948.65,4083.57,0.0
2021-02-10 23:50:00,4257.71,8228.78,4083.6,0.0
2021-02-10 23:55:00,4256.81,8071.5,4157.44,0.0
2021-02-11 00:00:00,4188.06,7973.69,4216.06,0.0
2021-02-11 00:05:00,4127.76,7913.0,4238.08,0.0
2021-02-11 00:10:00,4113.01,7719.28,4238.11,0.0
2021-02-11 00:15:00,3879.15,7483.14,4237.92,0.0
2021-02-11 00:20:00,3766.64,7268.78,4237.9,0.0
2021-02-11 00:25:00,3808.72,7262.81,4237.22,0.0
2021-02-11 00:30:00,3995.59,7467.57,4314.63,0.0
2021-02-11 00:35:00,3894.8,7476.92,4314.32,0.0
2021-02-11 00:40:00,3980.93,7654.09,4237.56,0.0
2021-02-11 00:45:00,3990.79,7726.95,4237.61,0.0
2021-02-11 00:50:00,4052.45,7830.5,4237.83,0.0
2021-02-11 00:55:00,4156.28,8023.54,4237.64,0.0
2021-02-11 01:00:00,4276.3,8297.92,4233.11,0.0
2021-02-11 01:05:00,4300.7,8354.63,4224.31,0.0
2021-02-11 01:10:00,4223.43,8283.66,4224.4,0.0
2021-02-11 01:15:00,4224.43,8338.32,4517.41,0.0
2021-02-11 01:20:00,4246.02,8424.22,4517.32,0.0
2021-02-11 01:25:00,4065.24,8128.39,4573.94,0.0
2021-02-11 01:30:00,4117.05,8106.74,4630.38,0.0
2021-02-11 01:35:00,4168.87,8156.39,4630.23,0.0
2021-02-11 01:40:00,4169.0,8335.98,4630.12,0.0
2021-02-11 01:45:00,4172.96,8287.06,4630.15,0.0
2021-02-11 01:50:00,4039.41,8049.54,4630.24,0.0
2021-02-11 01:55:00,4061.94,7930.52,4630.48,0.0
2021-02-11 02:00:00,4071.04,7878.17,4652.32,0.0
2021-02-11 02:05:00,4064.87,7812.61,4652.36,0.0
2021-02-11 02:10:00,3940.42,7605.29,4652.23,0.0
2021-02-11 02:15:00,3933.53,7518.88,4652.38,0.0
2021-02-11 02:20:00,4109.66,7713.4,4652.36,0.0
2021-02-11 02:25:00,4104.67,7708.19,4652.43,0.0
2021-02-11 02:30:00,4116.79,7695.86,4652.4,0.0
2021-02-11 02:35:00,4290.67,8094.06,4652.33,0.0
2021-02-11 02:40:00,4113.58,8021.96,4652.14,0.0
2021-02-11 02:45:00,4108.85,7955.82,4651.28,0.0
2021-02-11 02:50:00,4142.38,7946.69,4651.46,0.0
2021-02-11 02:55:00,4195.19,8041.5,4651.42,0.0
2021-02-11 03:00:00,4097.21,7929.58,4655.35,0.0
2021-02-11 03:05:00,3952.69,7777.42,4655.34,0.0
2021-02-11 03:10:00,4054.32,7742.94,4655.31,0.0
2021-02-11 03:15:00,4070.25,7789.67,4655.35,0.0
2021-02-11 03:20:00,3952.88,7700.92,4655.41,0.0
2021-02-11 03:25:00,3933.87,7548.52,4655.37,0.0
2021-02-11 03:30:00,3824.04,7287.35,4655.37,0.0
2021-02-11 03:35:00,3762.82,7149.96,4745.33,0.0
2021-02-11 03:40:00,3791.02,7152.6,4744.29,0.0
2021-02-11 03:45:00,3761.66,7229.89,4655.39,0.0
2021-02-11 03:50:00,3666.75,6948.86,4654.38,0.0
2021-02-11 03:55:00,3653.2,6868.82,4654.42,0.0
2021-02-11 04:00:00,4075.69,7937.0,4657.6,0.0
2021-02-11 04:05:00,4102.02,7778.01,4657.76,0.0
2021-02-11 04:10:00,4152.36,7615.89,4657.73,0.0
2021-02-11 04:15:00,4368.41,7790.36,4657.71,0.0
2021-02-11 04:20:00,4413.34,7864.43,4657.79,0.0
2021-02-11 04:25:00,4184.76,7676.38,4565.67,0.0
2021-02-11 04:30:00,4091.22,7406.92,4373.57,0.0
2021-02-11 04:35:00,4197.37,7678.68,4278.55,0.0
2021-02-11 04:40:00,4161.9,7647.41,4278.41,0.0
2021-02-11 04:45:00,4195.26,7934.14,4278.44,0.0
2021-02-11 04:50:00,4265.6,7903.97,4278.67,0.0
2021-02-11 04:55:00,4115.17,7856.83,4186.7,0.0
2021-02-11 05:00:00,4113.21,8179.34,4084.46,0.0
2021-02-11 05:05:00,4072.91,8225.37,4121.39,0.0
2021-02-11 05:10:00,4101.36,7913.49,4008.54,0.0
2021-02-11 05:15:00,4308.6,8254.43,3762.56,0.0
2021-02-11 05:20:00,4522.6,8506.65,3662.78,0.0
2021-02-11 05:25:00,4566.54,8712.32,3561.9,0.0
2021-02-11 05:30:00,4505.06,8585.17,3561.84,0.0
2021-02-11 05:35:00,4396.23,8358.32,3561.78,0.0
2021-02-11 05:40:00,4402.78,8202.23,3561.71,0.0
2021-02-11 05:45:00,4537.11,8490.31,3417.47,0.0
2021-02-11 05:50:00,4611.22,8711.6,3305.94,0.0
2021-02-11 05:55:00,4550.81,8519.07,3205.06,0.0
2021-02-11 06:00:00,4717.6,8897.63,3209.73,0.0
2021-02-11 06:05:00,4366.57,8355.42,3141.84,0.0
2021-02-11 06:10:00,4213.2,7726.67,3204.93,0.0
2021-02-11 06:15:00,4117.88,7252.37,3204.98,0.0
2021-02-11 06:20:00,4219.02,7511.37,3141.92,0.0
2021-02-11 06:25:00,4535.97,7829.93,2967.04,0.0
2021-02-11 06:30:00,4652.54,7888.27,2967.29,0.0
2021-02-11 06:35:00,4685.61,7886.98,2888.02,0.0
2021-02-11 06:40:00,4605.75,7647.16,2276.95,0.0
2021-02-11 06:45:00,4571.67,7508.04,2130.91,0.0
2021-02-11 06:50:00,4716.79,7966.91,1986.0,0.0
2021-02-11 06:55:00,4739.75,8001.51,1986.02,0.0
2021-02-11 07:00:00,4683.11,8121.03,1986.02,0.0
2021-02-11 07:05:00,4358.97,7573.25,1986.81,0.0
2021-02-11 07:10:00,4205.73,7292.15,1986.88,0.0
2021-02-11 07:15:00,4190.61,7104.62,1986.91,0.0
2021-02-11 07:20:00,4153.68,6951.94,1984.78,0.0
2021-02-11 07:25:00,3999.49,6539.91,2086.03,0.0
2021-02-11 07:30:00,3959.63,6539.34,2081.23,0.0
2021-02-11 07:35:00,3956.54,6567.66,2051.89,0.0
2021-02-11 07:40:00,4042.53,6788.2,2050.54,0.0
2021-02-11 07:45:00,4059.42,6609.38,2052.27,0.0
2021-02-11 07:50:00,3994.69,6510.19,2050.85,0.0
2021-02-11 07:55:00,3935.93,6383.75,2052.32,0.0
2021-02-11 08:00:00,3749.5,6318.77,2008.44,0.0
2021-02-11 08:05:00,3538.2,6000.86,1963.83,0.0
2021-02-11 08:10:00,3562.85,5798.55,1851.89,0.0
2021-02-11 08:15:00,3770.76,5674.04,1851.91,0.0
2021-02-11 08:20:00,3702.27,5602.44,1852.89,0.0
2021-02-11 08:25:00,3806.98,5707.78,1802.96,0.0
2021-02-11 08:30:00,3701.84,5648.73,1802.95,0.0
2021-02-11 08:35:00,3698.02,5474.61,1703.78,0.0
2021-02-11 08:40:00,3956.45,6006.85,1675.31,0.0
2021-02-11 08:45:00,3984.92,6092.2,1717.07,0.0
2021-02-11 08:50:00,3889.82,5953.61,1727.75,0.0
2021-02-11 08:55:00,3811.25,6001.86,1719.76,0.0
2021-02-11 09:00:00,3693.9,5897.08,1722.17,0.0
2021-02-11 09:05:00,3911.47,6033.2,1568.66,0.0
2021-02-11 09:10:00,3737.35,5892.58,1567.79,0.0
2021-02-11 09:15:00,3708.58,5500.28,1566.53,0.0
2021-02-11 09:20:00,3894.81,6006.89,1567.57,0.0
2021-02-11 09:25:00,3805.79,5920.24,1569.6,0.0
2021-02-11 09:30:00,3703.18,5645.56,1530.52,0.0
2021-02-11 09:35:00,3847.72,5693.56,1530.4,0.0
2021-02-11 09:40:00,3778.72,5749.8,1539.31,0.0
2021-02-11 09:45:00,3769.99,5740.64,1536.49,0.0
2021-02-11 09:50:00,3666.01,5557.35,1537.61,0.0
2021-02-11 09:55:00,3794.38,5489.34,1536.59,0.0
2021-02-11 10:00:00,3648.57,5131.96,1489.88,0.0
2021-02-11 10:05:00,3637.36,5050.79,1488.78,0.0
2021-02-11 10:10:00,3674.63,5281.48,1486.43,0.0
2021-02-11 10:15:00,3660.09,5013.26,1482.55,0.0
2021-02-11 10:20:00,3597.04,4839.08,1488.69,0.0
2021-02-11 10:25:00,3579.31,5105.31,1443.63,0.0
2021-02-11 10:30:00,3878.92,5775.12,1441.64,0.0
2021-02-11 10:35:00,3898.47,6028.82,1442.6,0.0
2021-02-11 10:40:00,3811.34,5609.57,1438.64,0.0
2021-02-11 10:45:00,3781.98,5443.2,1440.79,0.0
2021-02-11 10:50:00,4074.34,6169.9,1441.46,0.0
2021-02-11 10:55:00,4171.58,6515.32,1440.58,0.0
2021-02-11 11:00:00,4084.21,6819.99,1426.21,0.0
2021-02-11 11:05:00,3953.92,6280.7,1437.59,0.0
2021-02-11 11:10:00,3948.62,6311.46,1437.31,0.0
2021-02-11 11:15:00,3989.02,6657.51,1435.34,0.0
2021-02-11 11:20:00,4175.63,6908.23,1436.39,0.0
2021-02-11 11:25:00,4072.63,6885.65,1463.7,0.0
2021-02-11 11:30:00,3943.34,6460.88,1523.44,0.0
2021-02-11 11:35:00,3880.34,6210.1,1556.2,0.0
2021-02-11 11:40:00,3806.56,6046.39,1639.89,0.0
2021-02-11 11:45:00,3756.69,6120.68,1638.55,0.0
2021-02-11 11:50:00,3729.29,5956.9,1831.11,0.0
2021-02-11 11:55:00,3649.53,5684.08,1830.28,0.0
2021-02-11 12:00:00,3898.07,6262.2,1960.49,0.0
2021-02-11 12:05:00,3642.08,5821.7,1910.48,0.0
2021-02-11 12:10:00,3836.36,6043.02,1865.57,0.0
2021-02-11 12:15:00,3561.24,5643.71,1868.6,0.0
2021-02-11 12:20:00,3647.18,5866.68,1788.3,0.0
2021-02-11 12:25:00,3708.55,5965.15,1815.23,0.0
2021-02-11 12:30:00,3641.12,5697.67,1815.22,0.0
2021-02-11 12:35:00,3801.75,5896.92,1815.22,0.0
2021-02-11 12:40:00,3790.15,6151.5,1808.82,0.0
2021-02-11 12:45:00,3685.93,5940.67,1815.16,0.0
2021-02-11 12:50:00,3533.75,5565.42,1729.78,0.0
2021-02-11 12:55:00,3785.82,5852.53,1730.39,0.0
2021-02-11 13:00:00,3847.07,6400.98,1725.29,0.0
2021-02-11 13:05:00,3804.49,6262.75,1658.81,0.0
2021-02-11 13:10:00,3719.4,5697.37,1666.32,0.0
2021-02-11 13:15:00,3922.03,6018.32,1670.19,0.0
2021-02-11 13:20:00,4032.4,6506.56,1670.18,0.0
2021-02-11 13:25:00,4052.95,6530.66,1670.2,0.0
2021-02-11 13:30:00,3971.64,6173.33,1670.21,0.0
2021-02-11 13:35:00,3943.32,6149.64,1670.22,0.0
2021-02-11 13:40:00,3887.14,6231.52,1718.23,0.0
2021-02-11 13:45:00,3808.96,6089.06,1719.14,0.0
2021-02-11 13:50:00,3833.54,5985.76,1719.8,0.0
2021-02-11 13:55:00,3903.5,6261.99,1719.79,0.0
2021-02-11 14:00:00,3871.4,6268.88,1716.68,0.0
2021-02-11 14:05:00,3722.61,6063.13,1794.52,0.0
2021-02-11 14:10:00,3800.55,6043.34,1806.93,0.0
2021-02-11 14:15:00,3890.0,6245.41,1806.98,0.0
2021-02-11 14:20:00,3988.88,6542.33,1806.97,0.0
2021-02-11 14:25:00,3909.81,6311.81,1807.12,0.0
2021-02-11 14:30:00,3844.65,6228.13,1797.85,0.0
2021-02-11 14:35:00,4010.63,6546.49,1797.87,0.0
2021-02-11 14:40:00,3921.05,6597.84,1881.42,0.0
2021-02-11 14:45:00,4152.26,6696.75,1797.91,0.0
2021-02-11 14:50:00,4119.6,6732.5,1797.89,0.0
2021-02-11 14:55:00,4078.26,6661.54,1797.91,0.0
2021-02-11 15:00:00,4025.32,6666.21,1707.31,0.0
2021-02-11 15:05:00,3933.65,6564.72,1707.87,0.0
2021-02-11 15:10:00,3945.87,6412.07,1707.63,0.0
2021-02-11 15:15:00,3970.66,6548.03,1707.87,0.0
2021-02-11 15:20:00,3933.59,6632.01,1707.77,0.0
2021-02-11 15:25:00,3856.73,6484.72,1707.79,0.0
2021-02-11 15:30:00,3987.31,6393.63,1775.82,0.0
2021-02-11 15:35:00,3866.92,6483.15,1775.82,0.0
2021-02-11 15:40:00,3957.97,6556.25,1848.83,0.0
2021-02-11 15:45:00,3992.17,6469.51,1848.63,0.0
2021-02-11 15:50:00,3942.62,6278.64,1847.33,0.0
2021-02-11 15:55:00,3885.26,6233.56,1920.12,0.0
2021-02-11 16:00:00,3778.25,5952.48,1918.9,0.0
2021-02-11 16:05:00,3648.24,5780.99,1922.75,0.0
2021-02-11 16:10:00,3781.68,6054.47,1921.6,0.0
2021-02-11 16:15:00,3783.33,6127.91,1921.24,0.0
2021-02-11 16:20:00,3767.9,6088.23,1919.91,0.0
2021-02-11 16:25:00,3736.13,6076.83,1722.95,0.0
2021-02-11 16:30:00,3863.94,6337.29,1733.82,0.0
2021-02-11 16:35:00,3823.39,6353.9,1732.65,0.0
2021-02-11 16:40:00,3509.8,5593.14,1689.56,0.0
2021-02-11 16:45:00,3664.96,5470.55,1688.64,0.0
2021-02-11 16:50:00,3739.12,5833.21,1578.74,0.0
2021-02-11 16:55:00,3753.9,5700.64,1577.45,0.0
2021-02-11 17:00:00,3953.16,5917.74,1552.42,0.0
2021-02-11 17:05:00,4155.97,6263.27,1552.39,0.0
2021-02-11 17:10:00,4040.6,6281.08,1552.18,0.0
2021-02-11 17:15:00,4086.88,6223.69,1552.42,0.0
2021-02-11 17:20:00,3903.07,5748.87,1552.36,0.0
2021-02-11 17:25:00,4139.69,5917.65,1642.38,0.0
2021-02-11 17:30:00,4172.94,6276.7,1642.4,0.0
2021-02-11 17:35:00,4170.83,6232.46,1651.47,0.0
2021-02-11 17:40:00,4080.34,5870.72,1715.39,0.0
2021-02-11 17:45:00,4086.27,5644.21,1642.41,0.0
2021-02-11 17:50:00,4256.97,5741.24,1642.38,0.0
2021-02-11 17:55:00,4188.72,5751.3,1649.42,0.0
2021-02-11 18:00:00,4119.38,5628.1,1648.82,0.0
2021-02-11 18:05:00,4077.84,5699.77,1695.8,0.0
2021-02-11 18:10:00,4037.59,5953.09,1648.79,0.0
2021-02-11 18:15:00,4051.95,5911.4,1648.83,0.0
2021-02-11 18:20:00,4017.25,5527.81,1648.38,0.0
2021-02-11 18:25:00,3997.12,5026.15,1695.83,0.0
2021-02-11 18:30:00,4206.35,5933.55,1695.8,0.0
2021-02-11 18:35:00,4177.38,6119.87,1695.76,0.0
2021-02-11 18:40:00,4126.65,5960.99,1695.82,0.0
2021-02-11 18:45:00,3908.57,5307.17,1687.57,0.0
2021-02-11 18:50:00,3967.44,5695.03,1695.83,0.0
2021-02-11 18:55:00,4032.43,5937.51,1695.88,0.0
2021-02-11 19:00:00,4149.82,6428.77,1701.58,0.0
2021-02-11 19:05:00,4063.83,6193.69,1701.57,0.0
2021-02-11 19:10:00,4029.62,6238.78,1701.46,0.0
2021-02-11 19:15:00,4058.08,6362.52,1748.53,0.0
2021-02-11 19:20:00,3977.21,6127.77,1748.55,0.0
2021-02-11 19:25:00,3985.61,6288.23,1748.59,0.0
2021-02-11 19:30:00,4064.92,6351.58,1851.67,0.0
2021-02-11 19:35:00,4039.75,6282.0,1851.66,0.0
2021-02-11 19:40:00,4243.24,6452.68,1899.69,0.0
2021-02-11 19:45:00,4305.44,6602.54,1852.69,0.0
2021-02-11 19:50:00,4092.08,6130.5,1947.64,0.0
2021-02-11 19:55:00,3960.55,5834.46,2194.19,0.0
2021-02-11 20:00:00,4074.05,5961.18,2194.7,0.0
2021-02-11 20:05:00,4145.88,6049.69,2194.72,0.0
2021-02-11 20:10:00,4250.34,6079.81,2260.64,0.0
2021-02-11 20:15:00,4136.45,5893.26,2400.27,0.0
2021-02-11 20:20:00,3972.93,5638.37,2450.2,0.0
2021-02-11 20:25:00,4017.6,5769.63,2450.34,0.0
2021-02-11 20:30:00,3866.73,5602.05,2469.33,0.0
2021-02-11 20:35:00,3898.17,5673.56,2419.33,0.0
2021-02-11 20:40:00,3927.25,5792.32,2419.31,0.0
2021-02-11 20:45:00,4023.62,5949.05,2419.31,0.0
2021-02-11 20:50:00,4060.15,6050.25,2419.31,0.0
2021-02-11 20:55:00,4028.04,6101.97,2419.31,0.0
2021-02-11 21:00:00,4064.41,6297.23,2421.68,0.0
2021-02-11 21:05:00,3974.42,6048.41,2561.74,0.0
2021-02-11 21:10:00,3999.88,6245.45,2608.8,0.0
2021-02-11 21:15:00,4099.64,6501.14,2437.9,0.0
2021-02-11 21:20:00,4242.94,6790.91,2475.64,0.0
2021-02-11 21:25:00,4140.84,6752.45,2475.66,0.0
2021-02-11 21:30:00,4121.21,6700.85,2531.31,0.0
2021-02-11 21:35:00,4194.99,6976.87,2531.51,0.0
2021-02-11 21:40:00,4013.69,6507.23,2531.54,0.0
2021-02-11 21:45:00,4221.2,6950.99,2531.54,0.0
2021-02-11 21:50:00,4384.39,7437.61,2531.5,0.0
2021-02-11 21:55:00,4424.51,7424.29,2531.52,0.0
2021-02-11 22:00:00,4618.21,7728.16,2441.28,0.0
2021-02-11 22:05:00,4815.62,7966.97,2441.35,0.0
2021-02-11 22:10:00,4823.65,7998.5,2441.24,0.0
2021-02-11 22:15:00,4699.88,8106.19,2649.92,0.0
2021-02-11 22:20:00,4632.12,8056.17,2771.62,0.0
2021-02-11 22:25:00,4694.01,8410.85,2863.72,0.0
2021-02-11 22:30:00,4768.1,8550.42,2784.02,0.0
2021-02-11 22:35:00,4732.18,8045.06,2783.99,0.0
2021-02-11 22:40:00,4797.16,8571.97,3021.19,0.0
2021-02-11 22:45:00,4674.47,8400.7,3213.35,0.0
2021-02-11 22:50:00,4665.47,8540.5,3365.91,0.0
2021-02-11 22:55:00,4738.41,8899.97,3358.1,0.0
2021-02-11 23:00:00,4810.29,8947.09,3302.97,0.0
2021-02-11 23:05:00,4727.39,9270.87,3447.88,0.0
2021-02-11 23:10:00,4614.44,9183.25,3366.71,0.0
2021-02-11 23:15:00,4646.64,9559.23,3364.81,0.0
2021-02-11 23:20:00,4872.93,10135.77,3289.0,0.0
2021-02-11 23:25:00,4945.32,10224.05,3289.29,0.0
2021-02-11 23:30:00,4830.74,10338.48,3289.13,0.0
2021-02-11 23:35:00,4657.57,10028.68,3289.01,0.0
2021-02-11 23:40:00,4713.5,10293.29,3413.0,0.0
2021-02-11 23:45:00,4544.69,9909.92,3413.01,0.0
2021-02-11 23:50:00,4598.57,10187.72,3536.03,0.0
2021-02-11 23:55:00,4736.15,10685.7,3689.92,0.0
2021-02-12 00:00:00,4887.29,10854.41,3489.18,0.0
2021-02-12 00:05:00,4890.04,11350.15,3462.21,0.0
2021-02-12 00:10:00,4979.81,11346.3,3462.19,0.0
2021-02-12 00:15:00,5069.18,11462.38,3462.11,0.0
2021-02-12 00:20:00,5173.93,11773.83,3462.03,0.0
2021-02-12 00:25:00,5070.97,11519.04,3337.13,0.0
2021-02-12 00:30:00,5037.83,11617.71,3337.14,0.0
2021-02-12 00:35:00,5066.32,11657.57,3450.0,0.0
2021-02-12 00:40:00,4881.6,11177.79,3449.83,0.0
2021-02-12 00:45:00,4983.18,11321.17,3608.99,0.0
2021-02-12 00:50:00,5016.4,11222.05,3609.07,0.0
2021-02-12 00:55:00,4958.15,10861.0,3608.98,0.0
2021-02-12 01:00:00,5017.23,11104.66,3710.77,0.0
2021-02-12 01:05:00,5123.44,11334.76,3710.86,0.0
2021-02-12 01:10:00,5156.7,11119.17,3756.94,0.0
2021-02-12 01:15:00,5319.23,11958.35,3756.79,0.0
2021-02-12 01:20:00,5385.44,12195.26,3804.73,0.0
2021-02-12 01:25:00,5269.15,12082.69,3852.87,0.0
2021-02-12 01:30:00,5047.2,11457.12,3947.77,0.0
2021-02-12 01:35:00,4972.64,11050.69,4081.56,0.0
2021-02-12 01:40:00,5124.38,11081.03,4126.34,0.0
2021-02-12 01:45:00,5142.6,10985.81,4126.49,0.0
2021-02-12 01:50:00,5174.13,11360.88,4126.6,0.0
2021-02-12 01:55:00,5058.24,10962.66,4126.67,0.0
2021-02-12 02:00:00,5133.72,11018.38,4126.78,0.0
2021-02-12 02:05:00,5045.17,11140.13,4126.7,0.0
2021-02-12 02:10:00,5081.8,11227.39,4063.75,0.0
2021-02-12 02:15:00,5084.94,11422.81,4063.73,0.0
2021-02-12 02:20:00,5104.82,11307.3,4063.59,0.0
2021-02-12 02:25:00,5083.41,11313.0,4063.84,0.0
2021-02-12 02:30:00,5021.13,11286.17,4063.8,0.0
2021-02-12 02:35:00,4827.63,10802.3,4062.71,0.0
2021-02-12 02:40:00,5041.76,11267.49,4063.56,0.0
2021-02-12 02:45:00,5021.53,11456.52,4067.65,0.0
2021-02-12 02:50:00,5072.67,11701.92,4067.6,0.0
2021-02-12 02:55:00,5092.98,11817.27,4067.66,0.0
2021-02-12 03:00:00,5157.29,11917.52,4068.43,0.0
2021-02-12 03:05:00,5231.47,11780.29,4067.36,0.0
2021-02-12 03:10:00,5091.51,11591.29,4067.44,0.0
2021-02-12 03:15:00,4916.34,11031.95,4067.43,0.0
2021-02-12 03:20:00,5050.16,11541.85,3993.55,0.0
2021-02-12 03:25:00,5150.01,11786.42,3993.67,0.0
2021-02-12 03:30:00,4965.22,11495.45,3993.55,0.0
2021-02-12 03:35:00,5070.4,11543.56,3993.48,0.0
2021-02-12 03:40:00,4851.01,10886.41,3989.46,0.0
2021-02-12 03:45:00,4997.37,11197.31,3990.47,0.0
2021-02-12 03:50:00,5026.98,11240.28,3993.58,0.0
2021-02-12 03:55:00,4992.16,11118.67,3994.6,0.0
2021-02-12 04:00:00,5236.04,11521.95,3991.11,0.0
2021-02-12 04:05:00,5032.85,11364.87,3991.04,0.0
2021-02-12 04:10:00,5050.33,11339.99,3991.1,0.0
2021-02-12 04:15:00,5078.38,11259.25,3991.02,0.0
2021-02-12 04:20:00,4802.04,10687.06,3990.97,0.0
2021-02-12 04:25:00,4659.48,10300.35,3991.1,0.0
2021-02-12 04:30:00,5044.98,11145.32,3991.11,0.0
2021-02-12 04:35:00,5082.73,11068.99,3994.99,0.0
2021-02-12 04:40:00,4943.54,10625.61,3990.81,0.0
2021-02-12 04:45:00,5133.83,11313.17,3990.83,0.0
2021-02-12 04:50:00,5153.94,11451.38,3878.83,0.0
2021-02-12 04:55:00,5099.99,11139.06,3779.09,0.0
2021-02-12 05:00:00,5135.82,11219.24,3640.51,0.0
2021-02-12 05:05:00,5133.71,11010.24,3453.63,0.0
2021-02-12 05:10:00,5187.73,10888.26,3357.6,0.0
2021-02-12 05:15:00,5224.4,10871.53,3218.6,0.0
2021-02-12 05:20:00,5119.84,10786.45,3132.63,0.0
2021-02-12 05:25:00,5046.47,10682.25,3132.78,0.0
2021-02-12 05:30:00,5079.39,10684.81,3132.75,0.0
2021-02-12 05:35:00,5010.47,10380.96,3132.77,0.0
2021-02-12 05:40:00,5006.06,10392.42,2856.68,0.0
2021-02-12 05:45:00,5190.54,10633.49,2746.64,0.0
2021-02-12 05:50:00,5129.08,10411.82,2737.67,0.0
2021-02-12 05:55:00,5163.79,10203.58,2665.65,0.0
2021-02-12 06:00:00,5236.06,10237.48,2128.32,0.0
2021-02-12 06:05:00,5124.48,10017.07,2078.45,0.0
2021-02-12 06:10:00,5069.56,9984.04,1973.39,0.0
2021-02-12 06:15:00,5047.4,10026.69,1972.94,0.0
2021-02-12 06:20:00,5002.45,9659.65,1973.18,0.0
2021-02-12 06:25:00,4836.77,9317.61,1614.4,0.0
2021-02-12 06:30:00,5079.52,9734.29,1422.51,0.0
2021-02-12 06:35:00,5134.65,10021.63,1342.53,0.0
2021-02-12 06:40:00,5068.63,9367.76,1342.52,0.0
2021-02-12 06:45:00,4857.26,8642.26,1342.49,0.0
2021-02-12 06:50:00,4832.88,8118.79,1342.56,0.0
2021-02-12 06:55:00,4991.73,8801.96,1116.6,0.0
2021-02-12 07:00:00,4868.39,8485.43,1117.5,0.0
2021-02-12 07:05:00,4687.45,8626.56,929.49,0.0
2021-02-12 07:10:00,4544.77,8293.59,929.41,0.0
2021-02-12 07:15:00,4364.15,8141.56,863.43,0.0
2021-02-12 07:20:00,4404.8,7892.77,797.33,0.0
2021-02-12 07:25:00,4481.58,8057.45,782.46,0.0
2021-02-12 07:30:00,4569.52,8692.45,782.48,0.0
2021-02-12 07:35:00,4515.57,8515.46,782.49,0.0
2021-02-12 07:40:00,4475.4,8203.06,782.38,0.0
2021-02-12 07:45:00,4433.55,8315.41,782.42,0.0
2021-02-12 07:50:00,4367.71,8195.35,782.51,0.0
2021-02-12 07:55:00,4206.26,7737.77,716.51,0.0
2021-02-12 08:00:00,4465.61,8305.74,716.53,0.0
2021-02-12 08:05:00,4501.77,8171.34,821.51,0.0
2021-02-12 08:10:00,4414.97,7903.22,821.44,0.0
2021-02-12 08:15:00,4409.12,8112.55,884.41,0.0
2021-02-12 08:20:00,4379.21,8039.08,884.41,0.0
2021-02-12 08:25:00,4440.22,7980.64,884.52,0.0
2021-02-12 08:30:00,4316.65,7723.91,884.49,0.0
2021-02-12 08:35:00,4253.36,7559.67,997.47,0.0
2021-02-12 08:40:00,4237.65,7714.09,1044.46,0.0
2021-02-12 08:45:00,4325.64,8070.86,1044.42,0.0
2021-02-12 08:50:00,4299.38,7800.12,1036.28,0.0
2021-02-12 08:55:00,4147.23,7516.05,1044.5,0.0
2021-02-12 09:00:00,4081.96,7321.6,997.99,0.0
2021-02-12 09:05:00,4131.33,7401.68,1048.0,0.0
2021-02-12 09:10:00,4088.32,7388.53,1048.0,0.0
2021-02-12 09:15:00,3989.89,7194.95,1047.93,0.0
2021-02-12 09:20:00,3925.0,7015.21,1000.87,0.0
2021-02-12 09:25:00,3992.79,7071.18,896.12,0.0
2021-02-12 09:30:00,3820.76,6414.35,896.13,0.0
2021-02-12 09:35:00,3697.51,6125.65,833.01,0.0
2021-02-12 09:40:00,3727.87,5909.36,832.97,0.0
2021-02-12 09:45:00,3768.71,6020.0,913.61,0.0
2021-02-12 09:50:00,3740.49,6017.7,850.62,0.0
2021-02-12 09:55:00,3720.85,5952.88,850.81,0.0
2021-02-12 10:00:00,3892.15,5975.99,770.13,0.0
2021-02-12 10:05:00,3922.08,5986.59,770.03,0.0
2021-02-12 10:10:00,3956.25,6028.11,769.98,0.0
2021-02-12 10:15:00,3786.13,5659.84,861.95,0.0
2021-02-12 10:20:00,3786.63,5534.23,871.79,0.0
2021-02-12 10:25:00,3842.21,5835.56,821.99,0.0
2021-02-12 10:30:00,3752.15,5502.46,820.97,0.0
2021-02-12 10:35:00,3658.15,5321.7,889.92,0.0
2021-02-12 10:40:00,3884.38,5369.12,889.85,0.0
2021-02-12 10:45:00,3909.29,5495.28,889.84,0.0
2021-02-12 10:50:00,3842.69,5526.59,931.52,0.0
2021-02-12 10:55:00,3766.45,5117.22,1039.39,0.0
2021-02-12 11:00:00,3794.81,4912.81,1090.64,0.0
2021-02-12 11:05:00,3748.58,5048.01,1114.67,0.0
2021-02-12 11:10:00,3698.96,5197.01,1145.63,0.0
2021-02-12 11:15:00,3614.51,4671.09,1145.72,0.0
2021-02-12 11:20:00,3615.65,4484.48,1145.66,0.0
2021-02-12 11:25:00,3821.31,4939.64,1145.64,0.0
2021-02-12 11:30:00,3692.33,4648.56,1218.7,0.0
2021-02-12 11:35:00,3530.97,4353.73,1218.34,0.0
2021-02-12 11:40:00,3448.83,4323.43,1145.48,0.0
2021-02-12 11:45:00,3513.24,4551.04,1070.95,0.0
2021-02-12 11:50:00,3663.35,4887.03,969.94,0.0
2021-02-12 11:55:00,3554.07,4740.11,969.93,0.0
2021-02-12 12:00:00,3528.9,4337.48,969.9,0.0
2021-02-12 12:05:00,3411.74,4350.97,1016.91,0.0
2021-02-12 12:10:00,3325.61,4404.38,1131.95,0.0
2021-02-12 12:15:00,3357.56,4609.06,1059.97,0.0
2021-02-12 12:20:00,3378.09,4428.5,1059.98,0.0
2021-02-12 12:25:00,3431.55,4567.22,1059.97,0.0
2021-02-12 12:30:00,3422.86,4673.37,1059.97,0.0
2021-02-12 12:35:00,3531.94,4957.6,1059.96,0.0
2021-02-12 12:40:00,3763.42,5421.86,975.9,0.0
2021-02-12 12:45:00,3781.82,5458.76,1023.9,0.0
2021-02-12 12:50:00,3778.56,5564.3,1023.9,0.0
2021-02-12 12:55:00,3758.14,5363.51,1070.9,0.0
2021-02-12 13:00:00,3745.73,5142.29,1117.9,0.0
2021-02-12 13:05:00,3877.57,5295.29,1117.9,0.0
2021-02-12 13:10:00,3880.27,5408.9,1117.9,0.0
2021-02-12 13:15:00,3768.42,5147.41,1117.9,0.0
2021-02-12 13:20:00,3813.41,5150.25,1117.9,0.0
2021-02-12 13:25:00,3797.21,5347.97,1117.9,0.0
2021-02-12 13:30:00,3874.99,5511.37,1108.0,0.0
2021-02-12 13:35:00,3837.54,5305.35,1108.0,0.0
2021-02-12 13:40:00,3842.22,5516.58,1014.0,0.0
2021-02-12 13:45:00,4019.42,6015.04,1014.0,0.0
2021-02-12 13:50:00,4074.92,5975.04,1011.09,0.0
2021-02-12 13:55:00,4042.68,5878.53,1014.0,0.0
2021-02-12 14:00:00,4009.48,6122.01,1126.0,0.0
2021-02-12 14:05:00,4034.43,6156.91,1263.6,0.0
2021-02-12 14:10:00,4043.09,6238.56,1332.6,0.0
2021-02-12 14:15:00,4027.84,6170.5,1306.6,0.0
2021-02-12 14:20:00,3968.65,6025.54,1380.6,0.0
2021-02-12 14:25:00,4014.49,6108.39,1420.6,0.0
2021-02-12 14:30:00,4056.93,6188.56,1467.6,0.0
2021-02-12 14:35:00,4010.78,6101.11,1514.6,0.0
2021-02-12 14:40:00,3968.42,6266.7,1425.59,0.0
2021-02-12 14:45:00,3970.54,6081.76,1544.58,0.0
2021-02-12 14:50:00,3943.46,5933.61,1544.59,0.0
2021-02-12 14:55:00,3845.59,5615.58,1515.59,0.0
2021-02-12 15:00:00,3845.36,5557.31,1515.6,0.0
2021-02-12 15:05:00,4009.63,5986.4,1557.59,0.0
2021-02-12 15:10:00,3879.28,5960.95,1557.6,0.0
2021-02-12 15:15:00,3926.2,5830.8,1557.58,0.0
2021-02-12 15:20:00,3915.67,5865.69,1557.59,0.0
2021-02-12 15:25:00,3973.83,5982.17,1557.59,0.0
2021-02-12 15:30:00,3884.86,5965.93,1557.63,0.0
2021-02-12 15:35:00,3913.01,6036.74,1557.59,0.0
2021-02-12 15:40:00,3967.81,6116.41,1557.6,0.0
2021-02-12 15:45:00,3910.02,6001.93,1557.59,0.0
2021-02-12 15:50:00,3887.8,5934.7,1557.59,0.0
2021-02-12 15:55:00,4017.6,6265.13,1557.59,0.0
2021-02-12 16:00:00,4146.76,6174.87,1562.59,0.0
2021-02-12 16:05:00,4252.28,6233.72,1561.1,0.0
2021-02-12 16:10:00,4023.09,5768.75,1559.9,0.0
2021-02-12 16:15:00,4015.79,5717.92,1550.3,0.0
2021-02-12 16:20:00,3983.39,5612.16,1333.3,0.0
2021-02-12 16:25:00,4036.82,5703.7,1331.92,0.0
2021-02-12 16:30:00,4040.31,5674.98,1764.9,0.0
2021-02-12 16:35:00,4245.58,5976.38,1323.0,0.0
2021-02-12 16:40:00,3925.87,4894.27,1518.3,0.0
2021-02-12 16:45:00,3745.33,4769.87,1518.4,0.0
2021-02-12 16:50:00,4166.17,5663.83,1254.4,0.0
2021-02-12 16:55:00,4340.42,6029.03,1154.0,0.0
2021-02-12 17:00:00,4405.85,6298.33,1115.5,0.0
2021-02-12 17:05:00,4201.56,6112.14,1020.02,0.0
2021-02-12 17:10:00,3990.67,5645.17,998.1,0.0
2021-02-12 17:15:00,3953.44,5507.57,1031.3,0.0
2021-02-12 17:20:00,4033.84,5351.95,922.37,0.0
2021-02-12 17:25:00,4159.59,5443.27,839.1,0.0
2021-02-12 17:30:00,4044.45,5281.78,839.1,0.0
2021-02-12 17:35:00,3908.26,4960.36,839.1,0.0
2021-02-12 17:40:00,3977.6,5178.4,664.1,0.0
2021-02-12 17:45:00,3963.97,5198.96,664.1,0.0
2021-02-12 17:50:00,3956.27,5071.44,664.1,0.0
2021-02-12 17:55:00,3884.06,4963.84,664.1,0.0
2021-02-12 18:00:00,3851.9,4926.79,664.6,0.0
2021-02-12 18:05:00,3731.11,4710.83,664.6,0.0
2021-02-12 18:10:00,3623.8,4457.56,643.4,0.0
2021-02-12 18:15:00,3662.25,4418.62,626.4,0.0
2021-02-12 18:20:00,3780.53,4528.17,677.1,0.0
2021-02-12 18:25:00,3877.57,4614.43,659.2,0.0
2021-02-12 18:30:00,3775.7,4589.02,585.0,0.0
2021-02-12 18:35:00,3905.54,4767.43,585.0,0.0
2021-02-12 18:40:00,3902.68,4853.65,535.3,0.0
2021-02-12 18:45:00,3872.36,4975.2,609.6,0.0
2021-02-12 18:50:00,3930.81,5090.11,609.2,0.0
2021-02-12 18:55:00,3926.45,5062.59,608.8,0.0
2021-02-12 19:00:00,3966.16,5133.31,608.6,0.0
2021-02-12 19:05:00,3935.25,5153.58,655.6,0.0
2021-02-12 19:10:00,3868.69,5048.11,655.6,0.0
2021-02-12 19:15:00,3847.87,5118.22,702.6,0.0
2021-02-12 19:20:00,3874.01,5119.08,776.6,0.0
2021-02-12 19:25:00,3823.7,5057.13,702.6,0.0
2021-02-12 19:30:00,3798.15,5115.51,776.6,0.0
2021-02-12 19:35:00,3814.45,5140.23,776.6,0.0
2021-02-12 19:40:00,3725.57,5159.48,663.5,0.0
2021-02-12 19:45:00,3646.09,4780.27,703.5,0.0
2021-02-12 19:50:00,3799.81,5031.34,703.1,0.0
2021-02-12 19:55:00,3789.86,5147.58,777.2,0.0
2021-02-12 20:00:00,3582.5,4583.86,702.6,0.0
2021-02-12 20:05:00,3494.27,4578.81,750.5,0.0
2021-02-12 20:10:00,3569.72,4731.66,1027.9,0.0
2021-02-12 20:15:00,3597.9,4771.56,1028.6,0.0
2021-02-12 20:20:00,3593.07,4808.34,1069.3,0.0
2021-02-12 20:25:00,3702.36,5138.22,891.3,0.0
2021-02-12 20:30:00,3808.06,5205.05,892.7,0.0
2021-02-12 20:35:00,3761.18,5248.83,845.7,0.0
2021-02-12 20:40:00,3801.09,5441.27,813.7,0.0
2021-02-12 20:45:00,3786.14,5220.74,804.79,0.0
2021-02-12 20:50:00,3743.82,5113.13,813.7,0.0
2021-02-12 20:55:00,3820.49,5325.85,813.7,0.0
2021-02-12 21:00:00,3922.19,5372.07,743.7,0.0
2021-02-12 21:05:00,3738.22,5198.05,808.7,0.0
2021-02-12 21:10:00,3793.6,5330.74,833.7,0.0
2021-02-12 21:15:00,3950.71,5779.68,833.7,0.0
2021-02-12 21:20:00,4098.47,5806.04,833.7,0.0
2021-02-12 21:25:00,3953.34,5702.13,833.7,0.0
2021-02-12 21:30:00,4042.59,5885.52,883.5,0.0
2021-02-12 21:35:00,3903.6,5585.46,1074.52,0.0
2021-02-12 21:40:00,3890.72,5725.69,1132.5,0.0
2021-02-12 21:45:00,4022.55,5849.56,1132.5,0.0
2021-02-12 21:50:00,3964.8,5968.52,1132.5,0.0
2021-02-12 21:55:00,3961.82,5972.68,1244.5,0.0
2021-02-12 22:00:00,4045.23,5673.94,1244.7,0.0
2021-02-12 22:05:00,4161.59,5944.61,1244.7,0.0
2021-02-12 22:10:00,4173.75,5911.21,1244.7,0.0
2021-02-12 22:15:00,4089.69,5960.39,1244.7,0.0
2021-02-12 22:20:00,4100.31,6052.05,1491.7,0.0
2021-02-12 22:25:00,4115.97,6184.64,1621.7,0.0
2021-02-12 22:30:00,4074.0,6299.58,1812.7,0.0
2021-02-12 22:35:00,4072.17,6170.94,1812.7,0.0
2021-02-12 22:40:00,3972.13,6132.73,2086.7,0.0
2021-02-12 22:45:00,4001.2,6290.01,2086.7,0.0
2021-02-12 22:50:00,3881.62,6147.15,2086.7,0.0
2021-02-12 22:55:00,3951.33,6190.2,2086.7,0.0
2021-02-12 23:00:00,4331.81,6818.51,2086.7,0.0
2021-02-12 23:05:00,4361.93,6981.71,2154.7,0.0
2021-02-12 23:10:00,4210.6,6899.3,2154.7,0.0
2021-02-12 23:15:00,4159.43,6768.52,2220.7,0.0
2021-02-12 23:20:00,4202.32,6915.2,2299.16,0.0
2021-02-12 23:25:00,4214.6,6894.08,2299.16,0.0
2021-02-12 23:30:00,4194.42,6888.43,2815.64,0.0
2021-02-12 23:35:00,4324.56,7142.64,2737.18,0.0
2021-02-12 23:40:00,4171.2,6996.09,2661.7,0.0
2021-02-12 23:45:00,4192.23,6958.9,2744.34,0.0
2021-02-12 23:50:00,4257.86,6988.04,2824.68,0.0
2021-02-12 23:55:00,4302.52,7153.62,2824.08,0.0
2021-02-13 00:00:00,4215.7,7053.44,2805.35,0.0
2021-02-13 00:05:00,4292.77,7320.04,2803.3,0.0
2021-02-13 00:10:00,4304.9,7239.09,2722.43,0.0
2021-02-13 00:15:00,4219.15,7120.81,2722.43,0.0
2021-02-13 00:20:00,4178.19,7116.71,3088.7,0.0
2021-02-13 00:25:00,4142.33,7190.45,3151.7,0.0
2021-02-13 00:30:00,4098.53,7240.52,3295.74,0.0
2021-02-13 00:35:00,4084.7,7128.13,3295.82,0.0
2021-02-13 00:40:00,4068.89,7168.77,3295.73,0.0
2021-02-13 00:45:00,4159.19,7347.59,3295.68,0.0
2021-02-13 00:50:00,4049.06,7274.29,3295.62,0.0
2021-02-13 00:55:00,4023.71,7251.44,3295.66,0.0
2021-02-13 01:00:00,4086.2,7482.07,3295.53,0.0
2021-02-13 01:05:00,4137.72,7540.54,3295.61,0.0
2021-02-13 01:10:00,4197.54,7754.21,3255.71,0.0
2021-02-13 01:15:00,4307.77,7906.05,3255.65,0.0
2021-02-13 01:20:00,4299.44,7925.22,3255.66,0.0
2021-02-13 01:25:00,4403.51,8161.35,3255.71,0.0
2021-02-13 01:30:00,4425.05,8233.05,3255.67,0.0
2021-02-13 01:35:00,4479.15,8321.93,3255.7,0.0
2021-02-13 01:40:00,4521.09,8406.73,3255.57,0.0
2021-02-13 01:45:00,4519.69,8516.49,3255.53,0.0
2021-02-13 01:50:00,4463.79,8225.3,3255.39,0.0
2021-02-13 01:55:00,4411.72,7949.22,3255.45,0.0
2021-02-13 02:00:00,4342.06,7695.14,3255.93,0.0
2021-02-13 02:05:00,4257.01,7687.06,3300.98,0.0
2021-02-13 02:10:00,4366.15,7599.17,3301.12,0.0
2021-02-13 02:15:00,4185.68,7578.16,3256.14,0.0
2021-02-13 02:20:00,4138.12,7259.32,3256.08,0.0
2021-02-13 02:25:00,4146.81,7400.47,3350.09,0.0
2021-02-13 02:30:00,4236.27,7452.37,3360.12,0.0
2021-02-13 02:35:00,4224.03,7536.27,3360.06,0.0
2021-02-13 02:40:00,4209.11,7497.58,3360.06,0.0
2021-02-13 02:45:00,4121.95,7407.66,3359.95,0.0
2021-02-13 02:50:00,4079.39,7387.14,3359.88,0.0
2021-02-13 02:55:00,4107.02,7499.27,3359.8,0.0
2021-02-13 03:00:00,4225.44,7526.47,3359.8,0.0
2021-02-13 03:05:00,4137.05,7248.59,3359.98,0.0
2021-02-13 03:10:00,4188.15,7418.16,3350.19,0.0
2021-02-13 03:15:00,4211.07,7558.08,3350.12,0.0
2021-02-13 03:20:00,4179.87,7453.99,3350.09,0.0
2021-02-13 03:25:00,4153.06,7454.99,3395.1,0.0
2021-02-13 03:30:00,4106.85,7322.61,3395.08,0.0
2021-02-13 03:35:00,4018.57,7114.63,3350.11,0.0
2021-02-13 03:40:00,4095.58,7101.15,3350.14,0.0
2021-02-13 03:45:00,4101.84,7225.5,3267.77,0.0
2021-02-13 03:50:00,4208.86,7400.63,3267.55,0.0
2021-02-13 03:55:00,4149.64,7267.99,3267.57,0.0
2021-02-13 04:00:00,4060.96,7097.3,3267.9,0.0
2021-02-13 04:05:00,3813.51,6468.79,2807.06,0.0
2021-02-13 04:10:00,3805.95,6552.23,2807.06,0.0
2021-02-13 04:15:00,3975.68,6753.86,2807.08,0.0
2021-02-13 04:20:00,4088.33,6932.83,2807.08,0.0
2021-02-13 04:25:00,4057.88,6901.5,2807.01,0.0
2021-02-13 04:30:00,3974.24,6587.05,2806.96,0.0
2021-02-13 04:35:00,3976.3,6387.11,2806.94,0.0
2021-02-13 04:40:00,3960.08,6179.6,2807.03,0.0
2021-02-13 04:45:00,3914.34,6165.85,2807.02,0.0
2021-02-13 04:50:00,4115.35,6882.88,2806.84,0.0
2021-02-13 04:55:00,4169.4,6918.9,2806.81,0.0
2021-02-13 05:00:00,3979.42,6540.87,2806.86,0.0
2021-02-13 05:05:00,4133.43,6585.4,2806.98,0.0
2021-02-13 05:10:00,4257.39,6644.75,2807.09,0.0
2021-02-13 05:15:00,4191.87,6538.48,2806.97,0.0
2021-02-13 05:20:00,4115.52,6406.28,2806.97,0.0
2021-02-13 05:25:00,4249.88,6486.64,2806.99,0.0
2021-02-13 05:30:00,4298.49,6670.88,2806.93,0.0
2021-02-13 05:35:00,4208.33,6476.76,2806.97,0.0
2021-02-13 05:40:00,4293.74,6765.9,2501.04,0.0
2021-02-13 05:45:00,4436.69,7010.89,2301.88,0.0
2021-02-13 05:50:00,4302.41,6879.3,2210.8,0.0
2021-02-13 05:55:00,4461.21,7048.65,2066.72,0.0
2021-02-13 06:00:00,4358.29,6947.97,2087.24,0.0
2021-02-13 06:05:00,4378.31,6896.84,1822.34,0.0
2021-02-13 06:10:00,4404.03,6897.29,1802.42,0.0
2021-02-13 06:15:00,4283.67,6856.35,1802.54,0.0
2021-02-13 06:20:00,4297.3,6821.25,1690.5,0.0
2021-02-13 06:25:00,4511.51,7146.79,1595.51,0.0
2021-02-13 06:30:00,4364.52,6943.44,1595.43,0.0
2021-02-13 06:35:00,4286.16,6858.76,1815.46,0.0
2021-02-13 06:40:00,4354.19,6845.16,1715.94,0.0
2021-02-13 06:45:00,4440.54,7041.5,1501.88,0.0
2021-02-13 06:50:00,4381.42,7158.2,1361.81,0.0
2021-02-13 06:55:00,4459.13,7274.59,1361.76,0.0
2021-02-13 07:00:00,4609.52,7225.93,1361.7,0.0
2021-02-13 07:05:00,4320.65,6910.65,1361.62,0.0
2021-02-13 07:10:00,4349.97,6897.94,1361.74,0.0
2021-02-13 07:15:00,4411.62,7009.22,1361.78,0.0
2021-02-13 07:20:00,4247.12,6759.19,1361.77,0.0
2021-02-13 07:25:00,4292.75,6733.39,1361.76,0.0
2021-02-13 07:30:00,4225.2,6512.08,1361.81,0.0
2021-02-13 07:35:00,4130.94,6362.98,1361.85,0.0
2021-02-13 07:40:00,4089.15,6372.96,1361.62,0.0
2021-02-13 07:45:00,4025.92,6299.8,1361.63,0.0
2021-02-13 07:50:00,3965.78,6105.63,1361.57,0.0
2021-02-13 07:55:00,3869.82,5928.32,1361.52,0.0
2021-02-13 08:00:00,3754.98,5630.89,1361.51,0.0
2021-02-13 08:05:00,3760.11,5708.63,1361.74,0.0
2021-02-13 08:10:00,3735.28,5537.48,1361.77,0.0
2021-02-13 08:15:00,3687.03,5289.62,1361.75,0.0
2021-02-13 08:20:00,3688.89,5153.01,1361.73,0.0
2021-02-13 08:25:00,3669.77,5073.56,1361.82,0.0
2021-02-13 08:30:00,3549.84,4984.25,1298.79,0.0
2021-02-13 08:35:00,3297.7,4484.72,1235.71,0.0
2021-02-13 08:40:00,2887.98,3106.78,1235.73,0.0
2021-02-13 08:45:00,2919.22,4002.92,760.7,0.0
2021-02-13 08:50:00,3179.11,4181.56,704.7,0.0
2021-02-13 08:55:00,3273.76,4113.69,641.7,0.0
2021-02-13 09:00:00,3195.8,3569.75,529.8,0.0
2021-02-13 09:05:00,3270.59,3781.34,529.8,0.0
2021-02-13 09:10:00,3462.52,4048.99,458.0,0.0
2021-02-13 09:15:00,3446.81,3996.8,428.0,0.0
2021-02-13 09:20:00,3650.8,4453.0,501.0,0.0
2021-02-13 09:25:00,3804.12,4669.72,342.0,0.0
2021-02-13 09:30:00,3637.91,4480.5,171.0,0.0
2021-02-13 09:35:00,3667.35,4422.85,276.0,0.0
2021-02-13 09:40:00,3653.72,4657.16,276.0,0.0
2021-02-13 09:45:00,3703.43,4846.37,276.0,0.0
2021-02-13 09:50:00,3614.58,4651.6,276.0,0.0
2021-02-13 09:55:00,3587.11,4402.47,287.0,0.0
2021-02-13 10:00:00,3586.55,4424.43,361.0,0.0
2021-02-13 10:05:00,3522.32,4133.42,361.0,0.0
2021-02-13 10:10:00,3478.58,3819.5,435.0,0.0
2021-02-13 10:15:00,3277.42,3531.23,435.0,0.0
2021-02-13 10:20:00,3228.78,3611.9,504.3,0.0
2021-02-13 10:25:00,3312.29,3888.36,330.0,0.0
2021-02-13 10:30:00,3317.58,3772.46,516.9,0.0
2021-02-13 10:35:00,3330.77,3810.45,516.9,0.0
2021-02-13 10:40:00,3449.68,4055.67,444.9,0.0
2021-02-13 10:45:00,3528.27,4156.48,296.9,0.0
2021-02-13 10:50:00,3460.28,4154.75,296.9,0.0
2021-02-13 10:55:00,3455.05,4176.86,296.9,0.0
2021-02-13 11:00:00,3452.41,4207.15,296.9,0.0
2021-02-13 11:05:00,3393.25,4094.54,296.9,0.0
2021-02-13 11:10:00,3395.4,4358.95,296.9,0.0
2021-02-13 11:15:00,3425.16,4504.66,296.9,0.0
2021-02-13 11:20:00,3452.9,4405.72,296.9,0.0
2021-02-13 11:25:00,3422.4,4604.59,161.9,0.0
2021-02-13 11:30:00,3554.53,4928.72,161.9,0.0
2021-02-13 11:35:00,3654.41,5089.02,161.9,0.0
2021-02-13 11:40:00,3633.62,5183.54,161.9,0.0
2021-02-13 11:45:00,3673.78,5220.1,161.9,0.0
2021-02-13 11:50:00,3616.96,5230.41,161.9,0.0
2021-02-13 11:55:00,3728.78,5438.6,161.9,0.0
2021-02-13 12:00:00,3744.64,5134.09,161.9,0.0
2021-02-13 12:05:00,3859.32,5482.91,161.9,0.0
2021-02-13 12:10:00,3911.6,5720.73,257.9,0.0
2021-02-13 12:15:00,4002.82,6167.41,302.9,0.0
2021-02-13 12:20:00,4101.72,6259.63,302.9,0.0
2021-02-13 12:25:00,3907.0,6129.45,354.9,0.0
2021-02-13 12:30:00,3959.88,6273.65,354.9,0.0
2021-02-13 12:35:00,4025.87,6634.94,354.9,0.0
2021-02-13 12:40:00,4025.76,6577.7,354.9,0.0
2021-02-13 12:45:00,3969.06,6708.81,354.9,0.0
2021-02-13 12:50:00,4072.89,6878.55,386.9,0.0
2021-02-13 12:55:00,4027.63,6975.21,532.25,0.0
2021-02-13 13:00:00,4051.19,7068.43,531.95,0.0
2021-02-13 13:05:00,4200.49,7385.71,515.9,0.0
2021-02-13 13:10:00,4182.31,7345.67,675.9,0.0
2021-02-13 13:15:00,4015.03,7154.07,826.9,0.0
2021-02-13 13:20:00,3987.78,7356.45,920.9,0.0
2021-02-13 13:25:00,3957.41,7022.15,1094.96,0.0
2021-02-13 13:30:00,4029.63,7268.59,1243.85,0.0
2021-02-13 13:35:00,3975.49,7152.75,1159.79,0.0
2021-02-13 13:40:00,3992.71,7457.8,1243.89,0.0
2021-02-13 13:45:00,4057.84,7672.1,1078.9,0.0
2021-02-13 13:50:00,4130.86,7332.89,1078.9,0.0
2021-02-13 13:55:00,4303.52,8110.73,1078.9,0.0
2021-02-13 14:00:00,4201.29,7840.27,1078.9,0.0
2021-02-13 14:05:00,4386.91,8319.56,1147.9,0.0
2021-02-13 14:10:00,4367.33,8482.29,1143.9,0.0
2021-02-13 14:15:00,4457.1,8582.8,1134.0,0.0
2021-02-13 14:20:00,4484.29,8776.22,1177.0,0.0
2021-02-13 14:25:00,4546.52,8773.2,1085.0,0.0
2021-02-13 14:30:00,4526.57,8825.2,1184.6,0.0
2021-02-13 14:35:00,4627.61,8952.28,1300.4,0.0
2021-02-13 14:40:00,4570.87,8824.03,1350.2,0.0
2021-02-13 14:45:00,4540.37,8512.87,1505.39,0.0
2021-02-13 14:50:00,4480.61,8684.11,1610.75,0.0
2021-02-13 14:55:00,4661.08,8883.02,1610.76,0.0
2021-02-13 15:00:00,4671.8,8910.88,1610.71,0.0
2021-02-13 15:05:00,4812.56,8987.55,1610.71,0.0
2021-02-13 15:10:00,4773.93,8926.87,1610.75,0.0
2021-02-13 15:15:00,4779.96,8875.8,1842.75,0.0
2021-02-13 15:20:00,4809.5,9079.47,1842.75,0.0
2021-02-13 15:25:00,4676.86,9086.97,1842.76,0.0
2021-02-13 15:30:00,4631.1,8979.77,1945.73,0.0
2021-02-13 15:35:00,4579.16,8853.32,1945.73,0.0
2021-02-13 15:40:00,4830.44,9259.25,1995.74,0.0
2021-02-13 15:45:00,4811.15,9087.41,1995.78,0.0
2021-02-13 15:50:00,4881.7,9451.89,1995.78,0.0
2021-02-13 15:55:00,4853.06,9503.22,1995.74,0.0
2021-02-13 16:00:00,4848.14,9579.01,1995.89,0.0
2021-02-13 16:05:00,4845.11,9591.44,1995.85,0.0
2021-02-13 16:10:00,4851.17,9705.41,1995.76,0.0
2021-02-13 16:15:00,4765.75,9574.19,1995.7,0.0
2021-02-13 16:20:00,4739.17,9523.63,1879.72,0.0
2021-02-13 16:25:00,4793.35,9747.88,1879.7,0.0
2021-02-13 16:30:00,4730.7,9616.82,1880.96,0.0
2021-02-13 16:35:00,4702.06,9398.51,1879.94,0.0
2021-02-13 16:40:00,4774.69,9492.29,1768.88,0.0
2021-02-13 16:45:00,4777.85,9689.92,1579.9,0.0
2021-02-13 16:50:00,4736.68,9740.55,1477.79,0.0
2021-02-13 16:55:00,4806.76,9649.54,1421.8,0.0
2021-02-13 17:00:00,4723.78,9384.77,1422.8,0.0
2021-02-13 17:05:00,4953.27,9421.96,1422.8,0.0
2021-02-13 17:10:00,4902.01,8775.26,1422.8,0.0
2021-02-13 17:15:00,4958.54,9166.17,1317.8,0.0
2021-02-13 17:20:00,4941.33,9135.87,1317.8,0.0
2021-02-13 17:25:00,4673.28,8289.83,1317.8,0.0
2021-02-13 17:30:00,4588.47,8513.34,1317.8,0.0
2021-02-13 17:35:00,4589.32,8542.18,1317.8,0.0
2021-02-13 17:40:00,4460.93,8154.13,1317.8,0.0
2021-02-13 17:45:00,4357.13,8230.92,1317.8,0.0
2021-02-13 17:50:00,4205.74,7925.92,1317.8,0.0
2021-02-13 17:55:00,4192.4,7840.04,1212.8,0.0
2021-02-13 18:00:00,4077.02,7753.16,1212.8,0.0
2021-02-13 18:05:00,4044.47,7571.98,894.8,0.0
2021-02-13 18:10:00,4153.33,7809.15,826.8,0.0
2021-02-13 18:15:00,4139.46,7666.48,826.8,0.0
2021-02-13 18:20:00,4047.3,7542.3,777.0,0.0
2021-02-13 18:25:00,4048.07,7455.95,777.0,0.0
2021-02-13 18:30:00,4055.43,7441.66,777.0,0.0
2021-02-13 18:35:00,4074.91,7484.48,777.0,0.0
2021-02-13 18:40:00,4157.46,7841.56,602.0,0.0
2021-02-13 18:45:00,4171.35,7972.06,602.0,0.0
2021-02-13 18:50:00,4070.06,7924.73,602.0,0.0
2021-02-13 18:55:00,4007.85,7707.59,602.0,0.0
2021-02-13 19:00:00,4003.06,7838.82,622.0,0.0
2021-02-13 19:05:00,4028.32,7840.28,622.0,0.0
2021-02-13 19:10:00,3993.79,7899.51,622.0,0.0
2021-02-13 19:15:00,3966.6,7804.37,622.0,0.0
2021-02-13 19:20:00,4000.08,7827.8,622.0,0.0
2021-02-13 19:25:00,4054.2,8011.86,622.0,0.0
2021-02-13 19:30:00,4026.34,7926.38,622.0,0.0
2021-02-13 19:35:00,3967.0,7842.02,622.0,0.0
2021-02-13 19:40:00,3952.58,8035.7,622.0,0.0
2021-02-13 19:45:00,3989.31,8159.94,622.0,0.0
2021-02-13 19:50:00,3914.78,7579.63,622.0,0.0
2021-02-13 19:55:00,3983.28,7272.68,622.0,0.0
2021-02-13 20:00:00,4032.61,7895.03,622.0,0.0
2021-02-13 20:05:00,4095.69,7929.14,622.0,0.0
2021-02-13 20:10:00,4004.43,7645.6,622.0,0.0
2021-02-13 20:15:00,4143.06,7907.87,622.0,0.0
2021-02-13 20:20:00,4155.84,7889.51,622.0,0.0
2021-02-13 20:25:00,4137.45,7892.85,622.0,0.0
2021-02-13 20:30:00,4104.28,7862.19,691.0,0.0
2021-02-13 20:35:00,4170.94,7609.74,759.0,0.0
2021-02-13 20:40:00,4295.9,8330.52,759.0,0.0
2021-02-13 20:45:00,4404.9,8294.99,759.0,0.0
2021-02-13 20:50:00,4275.43,7790.63,879.0,0.0
2021-02-13 20:55:00,4378.89,8333.16,879.0,0.0
2021-02-13 21:00:00,4453.92,7931.79,928.8,0.0
2021-02-13 21:05:00,4389.42,8293.56,928.8,0.0
2021-02-13 21:10:00,4660.54,8573.4,1022.8,0.0
2021-02-13 21:15:00,4688.45,8652.88,1022.8,0.0
2021-02-13 21:20:00,4725.9,8876.91,1085.8,0.0
2021-02-13 21:25:00,4794.25,9038.48,1148.8,0.0
2021-02-13 21:30:00,4727.94,9064.58,1148.8,0.0
2021-02-13 21:35:00,4658.01,8716.82,1148.8,0.0
2021-02-13 21:40:00,4704.97,9137.56,1148.8,0.0
2021-02-13 21:45:00,4688.73,8979.09,1148.8,0.0
2021-02-13 21:50:00,4676.68,8957.86,1148.8,0.0
2021-02-13 21:55:00,4621.32,8985.11,1148.8,0.0
2021-02-13 22:00:00,4570.28,8951.9,1148.8,0.0
2021-02-13 22:05:00,4843.08,9119.59,1148.8,0.0
2021-02-13 22:10:00,4717.73,9074.68,1148.8,0.0
2021-02-13 22:15:00,4647.36,8901.44,1148.8,0.0
2021-02-13 22:20:00,4656.19,8533.47,1260.8,0.0
2021-02-13 22:25:00,4810.26,9347.31,1260.8,0.0
2021-02-13 22:30:00,4722.05,9483.02,1260.8,0.0
2021-02-13 22:35:00,4799.76,9075.31,1260.8,0.0
2021-02-13 22:40:00,4834.88,9646.85,1260.8,0.0
2021-02-13 22:45:00,4763.16,9723.04,1262.8,0.0
2021-02-13 22:50:00,4895.33,9829.09,1262.8,0.0
2021-02-13 22:55:00,4895.02,9851.95,1262.8,0.0
2021-02-13 23:00:00,4995.09,10073.91,1262.8,0.0
2021-02-13 23:05:00,5186.6,10407.51,1262.8,0.0
2021-02-13 23:10:00,5054.79,10527.38,1354.8,0.0
2021-02-13 23:15:00,5034.62,10049.93,1354.8,0.0
2021-02-13 23:20:00,5206.57,10577.49,1354.8,0.0
2021-02-13 23:25:00,5217.55,10565.52,1354.8,0.0
2021-02-13 23:30:00,5141.96,10556.06,1354.8,0.0
2021-02-13 23:35:00,5162.96,10621.46,1354.8,0.0
2021-02-13 23:40:00,5171.09,10749.78,1262.8,0.0
2021-02-13 23:45:00,5189.81,10742.82,1262.8,0.0
2021-02-13 23:50:00,5102.15,10722.08,1262.8,0.0
2021-02-13 23:55:00,5187.69,10722.68,1262.8,0.0
2021-02-14 00:00:00,4956.05,10541.51,1454.1,0.0
2021-02-14 00:05:00,5134.97,10622.38,1596.4,0.0
2021-02-14 00:10:00,5183.18,10571.17,1681.0,0.0
2021-02-14 00:15:00,5278.03,10759.55,1681.0,0.0
2021-02-14 00:20:00,5344.76,10988.87,1681.0,0.0
2021-02-14 00:25:00,5325.9,10730.0,1681.0,0.0
2021-02-14 00:30:00,5472.91,11368.38,1681.0,0.0
2021-02-14 00:35:00,5376.78,11134.52,1777.0,0.0
2021-02-14 00:40:00,5458.23,11357.19,1777.0,0.0
2021-02-14 00:45:00,5464.77,11514.96,1908.0,0.0
2021-02-14 00:50:00,5493.25,11464.13,1908.0,0.0
2021-02-14 00:55:00,5469.49,11490.64,1908.0,0.0
2021-02-14 01:00:00,5533.21,11718.13,1916.0,0.0
2021-02-14 01:05:00,5645.74,11939.64,1916.0,0.0
2021-02-14 01:10:00,5676.25,12189.69,1916.0,0.0
2021-02-14 01:15:00,5657.42,12154.39,1916.0,0.0
2021-02-14 01:20:00,5616.92,11683.49,1916.0,0.0
2021-02-14 01:25:00,5526.05,11807.55,1972.5,0.0
2021-02-14 01:30:00,5672.94,12239.23,2029.0,0.0
2021-02-14 01:35:00,5613.06,12334.25,2297.14,0.0
2021-02-14 01:40:00,5791.29,12722.74,2354.05,0.0
2021-02-14 01:45:00,5764.85,12751.0,2354.03,0.0
2021-02-14 01:50:00,5729.99,12847.92,2354.05,0.0
2021-02-14 01:55:00,5681.15,12771.24,2354.03,0.0
2021-02-14 02:00:00,5800.64,13109.74,2354.06,0.0
2021-02-14 02:05:00,5909.8,13181.72,2353.96,0.0
2021-02-14 02:10:00,5837.69,13147.05,2354.02,0.0
2021-02-14 02:15:00,5775.4,12931.48,2354.16,0.0
2021-02-14 02:20:00,5778.71,12930.37,2354.06,0.0
2021-02-14 02:25:00,5811.42,12984.12,2354.09,0.0
2021-02-14 02:30:00,5812.05,13096.72,2354.04,0.0
2021-02-14 02:35:00,5718.59,12949.97,2353.97,0.0
2021-02-14 02:40:00,5770.83,12989.79,2354.08,0.0
2021-02-14 02:45:00,5778.19,13012.95,2354.1,0.0
2021-02-14 02:50:00,5756.85,12938.07,2354.03,0.0
2021-02-14 02:55:00,5834.1,13043.04,2354.16,0.0
2021-02-14 03:00:00,5828.2,13120.68,2354.17,0.0
2021-02-14 03:05:00,5623.65,12474.61,2354.1,0.0
2021-02-14 03:10:00,5707.4,12793.69,2354.28,0.0
2021-02-14 03:15:00,5781.19,12797.55,2354.24,0.0
2021-02-14 03:20:00,5764.0,12880.97,2354.25,0.0
2021-02-14 03:25:00,5721.55,12824.6,2354.37,0.0
2021-02-14 03:30:00,5764.71,12906.1,2354.44,0.0
2021-02-14 03:35:00,5665.28,12625.45,2354.33,0.0
2021-02-14 03:40:00,5707.05,12557.78,2354.32,0.0
2021-02-14 03:45:00,5762.7,12610.94,2354.31,0.0
2021-02-14 03:50:00,5812.28,12749.03,2354.37,0.0
2021-02-14 03:55:00,5775.73,12924.61,2105.41,0.0
2021-02-14 04:00:00,5755.84,12767.38,2105.33,0.0
2021-02-14 04:05:00,5667.12,12143.2,2105.17,0.0
2021-02-14 04:10:00,5654.73,12443.01,2105.25,0.0
2021-02-14 04:15:00,5589.68,12421.09,2105.36,0.0
2021-02-14 04:20:00,5648.35,12490.4,2105.29,0.0
2021-02-14 04:25:00,5587.83,12163.08,2105.3,0.0
2021-02-14 04:30:00,5637.75,12287.76,2105.29,0.0
2021-02-14 04:35:00,5619.77,12200.75,2055.51,0.0
2021-02-14 04:40:00,5676.88,12205.28,2055.55,0.0
2021-02-14 04:45:00,5674.71,12150.93,2055.48,0.0
2021-02-14 04:50:00,5749.16,12259.17,2055.58,0.0
2021-02-14 04:55:00,5655.74,12136.89,2055.39,0.0
2021-02-14 05:00:00,5791.38,12246.71,2055.31,0.0
2021-02-14 05:05:00,5688.6,11984.55,2055.17,0.0
2021-02-14 05:10:00,5609.05,11861.97,2055.22,0.0
2021-02-14 05:15:00,5644.57,11876.83,2056.47,0.0
2021-02-14 05:20:00,5568.11,11786.01,2099.49,0.0
2021-02-14 05:25:00,5539.69,11512.64,2141.75,0.0
2021-02-14 05:30:00,5537.5,11398.86,2163.25,0.0
2021-02-14 05:35:00,5555.97,11373.36,2162.72,0.0
2021-02-14 05:40:00,5494.1,11308.48,2161.79,0.0
2021-02-14 05:45:00,5502.88,11267.67,2055.29,0.0
2021-02-14 05:50:00,5603.92,11577.11,1845.25,0.0
2021-02-14 05:55:00,5724.02,11752.67,1845.22,0.0
2021-02-14 06:00:00,5615.96,11808.1,1844.84,0.0
2021-02-14 06:05:00,5505.84,11413.67,1748.75,0.0
2021-02-14 06:10:00,5397.05,11387.68,1699.03,0.0
2021-02-14 06:15:00,5323.16,11113.63,1698.87,0.0
2021-02-14 06:20:00,5273.12,11186.58,1698.9,0.0
2021-02-14 06:25:00,5233.73,10822.99,1593.0,0.0
2021-02-14 06:30:00,5511.47,11416.36,1593.0,0.0
2021-02-14 06:35:00,5551.0,11640.23,1481.0,0.0
2021-02-14 06:40:00,5452.0,11507.77,1481.0,0.0
2021-02-14 06:45:00,5488.08,11268.96,1481.0,0.0
2021-02-14 06:50:00,5459.38,11140.76,1424.9,0.0
2021-02-14 06:55:00,5478.35,11324.49,1424.9,0.0
2021-02-14 07:00:00,5528.18,11285.68,1332.5,0.0
2021-02-14 07:05:00,5490.78,11285.65,1284.5,0.0
2021-02-14 07:10:00,5470.74,11014.13,1241.5,0.0
2021-02-14 07:15:00,5588.49,11751.25,1241.5,0.0
2021-02-14 07:20:00,5557.87,11796.08,1241.5,0.0
2021-02-14 07:25:00,5511.94,11655.3,1241.5,0.0
2021-02-14 07:30:00,5562.67,12030.77,1241.5,0.0
2021-02-14 07:35:00,5565.6,11782.93,1241.5,0.0
2021-02-14 07:40:00,5408.61,11213.45,1241.5,0.0
2021-02-14 07:45:00,5386.64,11164.04,1097.5,0.0
2021-02-14 07:50:00,5523.45,11559.37,1097.5,0.0
2021-02-14 07:55:00,5496.68,11351.29,1147.48,0.0
2021-02-14 08:00:00,5452.92,11366.25,1148.2,0.0
2021-02-14 08:05:00,5408.48,11298.15,1148.2,0.0
2021-02-14 08:10:00,5343.24,11251.04,1148.21,0.0
2021-02-14 08:15:00,5304.12,11066.17,1148.33,0.0
2021-02-14 08:20:00,5212.14,11094.64,1148.32,0.0
2021-02-14 08:25:00,5169.36,10834.48,1148.2,0.0
2021-02-14 08:30:00,5118.96,10798.61,1148.21,0.0
2021-02-14 08:35:00,4992.84,10280.54,1148.21,0.0
2021-02-14 08:40:00,5001.24,10229.46,1148.21,0.0
2021-02-14 08:45:00,4971.89,9935.85,1148.33,0.0
2021-02-14 08:50:00,4885.04,9690.83,1148.33,0.0
2021-02-14 08:55:00,4815.63,9584.98,1148.31,0.0
2021-02-14 09:00:00,4507.06,8821.58,1093.0,0.0
2021-02-14 09:05:00,4720.08,8992.4,916.8,0.0
2021-02-14 09:10:00,4534.06,8817.67,1066.2,0.0
2021-02-14 09:15:00,4503.8,8793.82,1165.8,0.0
2021-02-14 09:20:00,4621.66,8955.41,1165.8,0.0
2021-02-14 09:25:00,4633.45,8978.05,1165.8,0.0
2021-02-14 09:30:00,4559.53,8847.69,1165.8,0.0
2021-02-14 09:35:00,4528.36,8840.36,1165.8,0.0
2021-02-14 09:40:00,4567.77,8897.71,1165.8,0.0
2021-02-14 09:45:00,4555.23,8877.35,1165.8,0.0
2021-02-14 09:50:00,4503.13,8731.71,1165.8,0.0
2021-02-14 09:55:00,4499.03,8629.94,1165.8,0.0
2021-02-14 10:00:00,4268.02,8018.74,1285.8,0.0
2021-02-14 10:05:00,4326.5,8155.78,1381.8,0.0
2021-02-14 10:10:00,4267.14,8008.12,1400.8,0.0
2021-02-14 10:15:00,4294.2,7950.27,1400.8,0.0
2021-02-14 10:20:00,4284.03,7873.5,1400.8,0.0
2021-02-14 10:25:00,4187.33,7712.32,1400.8,0.0
2021-02-14 10:30:00,4195.26,7565.99,1411.8,0.0
2021-02-14 10:35:00,4143.2,7474.52,1411.8,0.0
2021-02-14 10:40:00,4028.56,7413.42,1411.8,0.0
2021-02-14 10:45:00,4025.57,7321.11,1411.8,0.0
2021-02-14 10:50:00,3989.9,7240.92,1411.8,0.0
2021-02-14 10:55:00,4003.2,7221.12,1411.8,0.0
2021-02-14 11:00:00,3922.7,7001.64,1371.8,0.0
2021-02-14 11:05:00,3960.28,7027.07,1463.8,0.0
2021-02-14 11:10:00,3944.41,7121.45,1467.8,0.0
2021-02-14 11:15:00,3947.44,7211.42,1467.8,0.0
2021-02-14 11:20:00,4034.65,7229.39,1264.8,0.0
2021-02-14 11:25:00,4023.9,7156.16,1184.8,0.0
2021-02-14 11:30:00,4002.82,7037.44,1184.8,0.0
2021-02-14 11:35:00,3913.18,7017.39,1184.8,0.0
2021-02-14 11:40:00,3855.29,7047.0,1180.84,0.0
2021-02-14 11:45:00,3816.39,6962.77,1184.8,0.0
2021-02-14 11:50:00,3717.22,6776.29,1121.8,0.0
2021-02-14 11:55:00,3774.03,6747.42,1121.8,0.0
2021-02-14 12:00:00,3765.6,6616.4,1121.8,0.0
2021-02-14 12:05:00,3965.25,6896.45,872.8,0.0
2021-02-14 12:10:00,3942.92,6998.79,875.0,0.0
2021-02-14 12:15:00,3902.87,6795.97,802.8,0.0
2021-02-14 12:20:00,3958.48,6842.8,802.8,0.0
2021-02-14 12:25:00,4106.14,7227.84,802.8,0.0
2021-02-14 12:30:00,4099.09,7391.42,802.8,0.0
2021-02-14 12:35:00,4059.59,7257.21,802.8,0.0
2021-02-14 12:40:00,4104.07,7362.11,753.0,0.0
2021-02-14 12:45:00,4274.72,7460.1,753.0,0.0
2021-02-14 12:50:00,4402.85,7695.92,753.0,0.0
2021-02-14 12:55:00,4507.35,7974.5,753.0,0.0
2021-02-14 13:00:00,4536.56,8226.16,753.0,0.0
2021-02-14 13:05:00,4453.71,8133.97,753.0,0.0
2021-02-14 13:10:00,4492.36,8254.65,809.0,0.0
2021-02-14 13:15:00,4509.31,8066.39,864.94,0.0
2021-02-14 13:20:00,4415.07,8066.09,864.92,0.0
2021-02-14 13:25:00,4379.57,8084.82,902.03,0.0
2021-02-14 13:30:00,4152.04,7637.35,890.46,0.0
2021-02-14 13:35:00,4127.72,7518.83,1531.91,0.0
2021-02-14 13:40:00,4136.13,7565.82,1531.89,0.0
2021-02-14 13:45:00,4110.24,7364.52,971.9,0.0
2021-02-14 13:50:00,4007.63,7178.15,1008.93,0.0
2021-02-14 13:55:00,4208.21,7574.78,865.97,0.0
2021-02-14 14:00:00,4186.57,7780.16,846.91,0.0
2021-02-14 14:05:00,4265.29,7695.65,947.05,0.0
2021-02-14 14:10:00,4284.33,7740.34,947.19,0.0
2021-02-14 14:15:00,4224.06,7825.52,947.1,0.0
2021-02-14 14:20:00,4228.29,7918.6,898.97,0.0
2021-02-14 14:25:00,4147.41,7638.05,968.98,0.0
2021-02-14 14:30:00,4170.48,7653.47,968.96,0.0
2021-02-14 14:35:00,4205.66,7670.8,969.14,0.0
2021-02-14 14:40:00,4073.11,7378.71,969.34,0.0
2021-02-14 14:45:00,3881.98,7047.54,969.24,0.0
2021-02-14 14:50:00,4069.06,7121.95,969.16,0.0
2021-02-14 14:55:00,4093.36,7225.32,988.05,0.0
2021-02-14 15:00:00,4006.66,7019.84,988.07,0.0
2021-02-14 15:05:00,4099.62,7213.8,988.21,0.0
2021-02-14 15:10:00,4076.31,7445.43,988.33,0.0
2021-02-14 15:15:00,4178.84,7480.93,988.31,0.0
2021-02-14 15:20:00,4234.86,7632.48,988.27,0.0
2021-02-14 15:25:00,4218.39,7555.73,988.47,0.0
2021-02-14 15:30:00,4220.01,7649.84,988.48,0.0
2021-02-14 15:35:00,4256.7,7626.38,951.35,0.0
2021-02-14 15:40:00,4124.24,7476.65,951.31,0.0
2021-02-14 15:45:00,4131.56,7392.19,951.36,0.0
2021-02-14 15:50:00,4283.3,7564.96,951.48,0.0
2021-02-14 15:55:00,4275.37,7640.51,914.36,0.0
2021-02-14 16:00:00,4289.28,7691.26,844.2,0.0
2021-02-14 16:05:00,4235.85,7452.06,844.22,0.0
2021-02-14 16:10:00,4260.03,7434.81,844.48,0.0
2021-02-14 16:15:00,4205.02,7454.31,844.37,0.0
2021-02-14 16:20:00,4159.31,7241.35,748.42,0.0
2021-02-14 16:25:00,4136.98,7132.3,748.34,0.0
2021-02-14 16:30:00,4157.25,6966.98,648.06,0.0
2021-02-14 16:35:00,4094.14,6796.79,647.99,0.0
2021-02-14 16:40:00,4069.74,6657.98,578.07,0.0
2021-02-14 16:45:00,3880.93,6352.37,578.13,0.0
2021-02-14 16:50:00,3870.07,6228.99,578.08,0.0
2021-02-14 16:55:00,3929.51,6138.68,578.07,0.0
2021-02-14 17:00:00,3850.31,6231.75,816.79,0.0
2021-02-14 17:05:00,3906.26,6751.47,572.21,0.0
2021-02-14 17:10:00,3955.78,6740.65,324.09,0.0
2021-02-14 17:15:00,3923.53,6496.82,324.08,0.0
2021-02-14 17:20:00,4009.82,6731.25,324.08,0.0
2021-02-14 17:25:00,3952.74,6594.31,324.08,0.0
2021-02-14 17:30:00,3772.14,6238.27,457.22,0.0
2021-02-14 17:35:00,3630.15,5659.21,410.19,0.0
2021-02-14 17:40:00,3759.3,5543.17,410.15,0.0
2021-02-14 17:45:00,3752.01,5383.74,324.09,0.0
2021-02-14 17:50:00,3606.97,4923.18,324.1,0.0
2021-02-14 17:55:00,3770.36,5011.26,248.99,0.0
2021-02-14 18:00:00,3940.62,5600.42,193.0,0.0
2021-02-14 18:05:00,4095.99,6052.82,193.0,0.0
2021-02-14 18:10:00,3914.47,6175.91,193.0,0.0
2021-02-14 18:15:00,3755.54,5954.17,265.0,0.0
2021-02-14 18:20:00,3762.49,5967.4,193.0,0.0
2021-02-14 18:25:00,3747.95,5753.04,193.0,0.0
2021-02-14 18:30:00,3734.68,5640.0,193.0,0.0
2021-02-14 18:35:00,3558.68,5197.99,193.0,0.0
2021-02-14 18:40:00,3660.35,5293.81,395.0,0.0
2021-02-14 18:45:00,3571.11,5125.32,395.0,0.0
2021-02-14 18:50:00,3582.32,5219.5,193.0,0.0
2021-02-14 18:55:00,3656.58,5161.79,193.0,0.0
2021-02-14 19:00:00,3673.84,4867.12,193.0,0.0
2021-02-14 19:05:00,3691.56,4909.73,238.0,0.0
2021-02-14 19:10:00,3563.55,4737.45,281.0,0.0
2021-02-14 19:15:00,3746.28,4980.19,371.0,0.0
2021-02-14 19:20:00,3798.28,5268.39,371.0,0.0
2021-02-14 19:25:00,3827.01,5399.47,371.0,0.0
2021-02-14 19:30:00,3774.94,5304.4,371.0,0.0
2021-02-14 19:35:00,3745.81,5378.74,371.0,0.0
2021-02-14 19:40:00,3734.58,5434.37,371.0,0.0
2021-02-14 19:45:00,3793.78,5328.25,371.0,0.0
2021-02-14 19:50:00,3576.85,4580.57,371.0,0.0
2021-02-14 19:55:00,3600.1,4348.13,380.9,0.0
2021-02-14 20:00:00,3646.35,4427.71,380.9,0.0
2021-02-14 20:05:00,3759.73,4723.15,380.9,0.0
2021-02-14 20:10:00,3789.05,4800.36,380.9,0.0
2021-02-14 20:15:00,3733.5,4585.32,335.9,0.0
2021-02-14 20:20:00,3767.77,4718.18,354.9,0.0
2021-02-14 20:25:00,3752.72,4822.47,354.9,0.0
2021-02-14 20:30:00,3659.49,4612.69,354.9,0.0
2021-02-14 20:35:00,3639.67,4577.1,354.9,0.0
2021-02-14 20:40:00,3647.69,4556.53,354.9,0.0
2021-02-14 20:45:00,3681.58,4747.69,354.9,0.0
2021-02-14 20:50:00,3875.99,5033.94,354.9,0.0
2021-02-14 20:55:00,3884.99,5027.23,405.9,0.0
2021-02-14 21:00:00,3521.24,4630.95,512.9,0.0
2021-02-14 21:05:00,3546.39,4634.62,512.9,0.0
2021-02-14 21:10:00,3726.19,5106.76,512.9,0.0
2021-02-14 21:15:00,3704.75,4972.64,512.9,0.0
2021-02-14 21:20:00,3662.36,4894.49,512.9,0.0
2021-02-14 21:25:00,3587.81,4699.54,512.9,0.0
2021-02-14 21:30:00,3727.93,4943.2,512.9,0.0
2021-02-14 21:35:00,3674.75,5022.06,649.9,0.0
2021-02-14 21:40:00,3677.42,5025.16,649.9,0.0
2021-02-14 21:45:00,3675.05,5120.72,649.9,0.0
2021-02-14 21:50:00,3658.16,4915.4,606.9,0.0
2021-02-14 21:55:00,3750.62,5096.52,606.9,0.0
2021-02-14 22:00:00,3780.44,5274.42,606.9,0.0
2021-02-14 22:05:00,3756.83,5256.35,606.9,0.0
2021-02-14 22:10:00,3722.7,5017.74,606.9,0.0
2021-02-14 22:15:00,3676.54,4921.75,606.9,0.0
2021-02-14 22:20:00,3652.95,4830.95,606.9,0.0
2021-02-14 22:25:00,3484.7,4572.61,785.42,0.0
2021-02-14 22:30:00,3448.56,4356.93,775.52,0.0
2021-02-14 22:35:00,3407.32,4227.29,730.52,0.0
2021-02-14 22:40:00,3404.02,4228.61,730.52,0.0
2021-02-14 22:45:00,3301.49,4004.7,694.13,0.0
2021-02-14 22:50:00,3346.93,4078.52,694.1,0.0
2021-02-14 22:55:00,3444.24,4488.26,535.69,0.0
2021-02-14 23:00:00,3413.82,4514.91,265.85,0.0
2021-02-14 23:05:00,3333.97,4192.3,311.83,0.0
2021-02-14 23:10:00,3310.62,4274.44,311.83,0.0
2021-02-14 23:15:00,3371.91,4063.92,311.81,0.0
2021-02-14 23:20:00,3152.84,3844.93,222.79,0.0
2021-02-14 23:25:00,2878.76,3631.22,127.79,0.0
2021-02-14 23:30:00,2882.26,3617.59,127.79,0.0
2021-02-14 23:35:00,2686.56,3419.25,127.77,0.0
2021-02-14 23:40:00,2484.94,3618.42,127.77,0.0
2021-02-14 23:45:00,2533.45,3774.35,127.77,0.0
2021-02-14 23:50:00,2730.78,3945.89,127.77,0.0
2021-02-14 23:55:00,2702.67,3902.01,127.75,0.0
2021-02-15 00:00:00,2550.55,3433.42,81.75,0.0
2021-02-15 00:05:00,2456.31,3269.6,81.73,0.0
2021-02-15 00:10:00,2083.31,2661.5,0.0,0.0
2021-02-15 00:15:00,2099.61,2608.06,0.0,0.0
2021-02-15 00:20:00,2165.57,2909.06,0.0,0.0
2021-02-15 00:25:00,2105.02,2753.07,0.0,0.0
2021-02-15 00:30:00,2099.26,2719.35,0.0,0.0
2021-02-15 00:35:00,2107.41,2809.69,0.0,0.0
2021-02-15 00:40:00,2127.64,2772.86,0.0,0.0
2021-02-15 00:45:00,2065.99,2490.03,0.0,0.0
2021-02-15 00:50:00,2075.87,2579.94,0.0,0.0
2021-02-15 00:55:00,1903.31,1950.85,0.0,0.0
2021-02-15 01:00:00,1781.46,1837.98,0.0,0.0
2021-02-15 01:05:00,1769.11,1577.36,0.0,0.0
2021-02-15 01:10:00,1687.35,1222.26,0.0,0.0
2021-02-15 01:15:00,1279.01,545.58,0.0,0.0
2021-02-15 01:20:00,1191.91,1106.34,0.0,0.0
2021-02-15 01:25:00,1028.8,709.43,0.0,0.0
2021-02-15 01:30:00,1486.74,1608.19,0.0,0.0
2021-02-15 01:35:00,1582.63,2355.43,0.0,992.6084
2021-02-15 01:40:00,1279.46,2041.71,0.0,1194.728
2021-02-15 01:45:00,1346.31,1605.03,0.0,0.0
2021-02-15 01:50:00,1308.18,1595.29,0.0,0.0
2021-02-15 01:55:00,917.81,1840.21,0.0,0.0
2021-02-15 02:00:00,2105.94,3210.99,0.0,0.0
2021-02-15 02:05:00,2068.88,2840.43,0.0,9.1866
2021-02-15 02:10:00,2812.68,3951.55,126.9,67.9019
2021-02-15 02:15:00,2818.01,4282.85,26.9,1030.9888
2021-02-15 02:20:00,2708.85,3840.11,26.9,389.2263
2021-02-15 02:25:00,3357.44,4781.45,26.9,1769.4877
2021-02-15 02:30:00,3226.79,4861.79,26.9,1810.3336
2021-02-15 02:35:00,3019.73,4793.83,26.9,1785.8834
2021-02-15 02:40:00,2916.75,4556.26,26.9,332.7295
2021-02-15 02:45:00,2769.53,4722.98,26.9,109.3596
2021-02-15 02:50:00,2474.7,3793.35,26.9,0.0
2021-02-15 02:55:00,2505.36,3790.64,26.9,119.6021
2021-02-15 03:00:00,2631.38,3778.6,26.9,1291.7864
2021-02-15 03:05:00,2627.98,3607.88,77.9,1248.6263
2021-02-15 03:10:00,2661.22,3732.43,26.9,1913.52
2021-02-15 03:15:00,2674.68,3823.63,26.9,547.2178
2021-02-15 03:20:00,2720.55,3825.51,26.9,1343.2166
2021-02-15 03:25:00,2672.95,3888.07,25.01,1957.1057
2021-02-15 03:30:00,2665.32,3674.85,26.1,3780.8516
2021-02-15 03:35:00,2572.26,3572.79,26.1,1711.2861
2021-02-15 03:40:00,2553.56,3365.04,26.08,82.1985
2021-02-15 03:45:00,2550.97,3326.74,26.08,1276.9637
2021-02-15 03:50:00,2373.38,3194.25,26.05,1212.4482
2021-02-15 03:55:00,2127.58,2721.82,0.0,62.1518
2021-02-15 04:00:00,1876.72,2508.97,0.0,0.0
2021-02-15 04:05:00,1678.03,2299.63,0.0,0.0
2021-02-15 04:10:00,1626.54,2116.23,0.0,0.0
2021-02-15 04:15:00,1530.75,2075.51,0.0,0.0
2021-02-15 04:20:00,1456.84,2005.79,0.0,0.0
2021-02-15 04:25:00,1234.58,1719.16,0.0,0.0
2021-02-15 04:30:00,1089.13,1242.41,0.0,0.0
2021-02-15 04:35:00,1021.75,1220.35,0.0,0.0
2021-02-15 04:40:00,1052.51,1175.08,0.0,0.0
2021-02-15 04:45:00,1086.72,1223.43,0.0,0.0
2021-02-15 04:50:00,1303.55,1582.97,0.0,0.0
2021-02-15 04:55:00,1123.0,1137.75,0.0,0.0
2021-02-15 05:00:00,1003.63,1104.18,0.0,0.0
2021-02-15 05:05:00,1063.99,1197.7,0.0,0.0
2021-02-15 05:10:00,834.73,824.17,0.0,0.0
2021-02-15 05:15:00,1246.0,1546.03,0.0,0.0
2021-02-15 05:20:00,1437.53,1797.46,0.0,0.0
2021-02-15 05:25:00,1155.65,1789.94,0.0,0.0
2021-02-15 05:30:00,1520.94,2414.9,0.0,0.0
2021-02-15 05:35:00,1686.45,2701.94,0.0,0.0
2021-02-15 05:40:00,1640.53,2594.85,0.0,0.0
2021-02-15 05:45:00,1469.21,2309.11,0.0,0.0
2021-02-15 05:50:00,1480.24,2244.05,0.0,0.0
2021-02-15 05:55:00,1317.14,2031.97,0.0,0.0
2021-02-15 06:00:00,1789.92,2744.84,0.0,0.0
2021-02-15 06:05:00,1621.6,2549.56,0.0,0.0
2021-02-15 06:10:00,1772.67,2595.18,0.0,0.0
2021-02-15 06:15:00,1629.15,2359.64,0.0,0.0
2021-02-15 06:20:00,1581.46,1947.26,0.0,0.0
2021-02-15 06:25:00,1299.65,1664.5,0.0,0.0
2021-02-15 06:30:00,941.01,892.01,0.0,0.0
2021-02-15 06:35:00,1065.26,1304.27,0.0,0.0
2021-02-15 06:40:00,1124.25,1715.63,0.0,0.0
2021-02-15 06:45:00,1432.66,1948.28,0.0,0.0
2021-02-15 06:50:00,1375.92,1991.56,0.0,0.0
2021-02-15 06:55:00,1324.03,1773.91,0.0,0.0
2021-02-15 07:00:00,1319.52,1654.88,0.0,0.0
2021-02-15 07:05:00,1235.7,1412.54,0.0,0.0
2021-02-15 07:10:00,1447.67,1978.37,0.0,0.0
2021-02-15 07:15:00,1481.78,1911.3,0.0,0.0
2021-02-15 07:20:00,1506.11,2051.97,0.0,0.0
2021-02-15 07:25:00,1638.65,2159.19,0.0,972.3667
2021-02-15 07:30:00,1221.12,1278.96,0.0,0.0
2021-02-15 07:35:00,1163.93,1171.94,0.0,0.0
2021-02-15 07:40:00,1073.3,960.88,0.0,0.0
2021-02-15 07:45:00,987.62,1000.97,0.0,0.0
2021-02-15 07:50:00,888.22,1125.53,0.0,0.0
2021-02-15 07:55:00,1063.47,1115.19,0.0,0.0
2021-02-15 08:00:00,1055.22,1132.6,0.0,0.0
2021-02-15 08:05:00,1295.81,1436.29,0.0,0.0
2021-02-15 08:10:00,1507.1,2040.92,0.0,1378.3313
2021-02-15 08:15:00,1703.44,2288.75,0.0,1945.3728
2021-02-15 08:20:00,1883.61,2428.23,0.0,2185.9888
2021-02-15 08:25:00,1830.05,2518.57,0.0,2426.5703
2021-02-15 08:30:00,1685.24,2393.29,0.0,2161.2825
2021-02-15 08:35:00,1486.74,2166.5,0.0,1608.5769
2021-02-15 08:40:00,1484.21,1987.69,0.0,0.0002
2021-02-15 08:45:00,1535.37,2052.66,0.0,1708.4375
2021-02-15 08:50:00,1685.81,2323.0,0.0,2613.283
2021-02-15 08:55:00,1554.68,1967.17,0.0,0.0
2021-02-15 09:00:00,1511.47,1950.14,0.0,0.0
2021-02-15 09:05:00,1513.54,1985.61,0.0,0.0
2021-02-15 09:10:00,1774.15,2439.18,0.0,2860.469
2021-02-15 09:15:00,1696.2,2216.22,0.0,1993.5879
2021-02-15 09:20:00,1695.82,2367.25,0.0,2325.8027
2021-02-15 09:25:00,1719.06,2617.74,0.0,2622.6245
2021-02-15 09:30:00,1792.32,2677.48,0.0,3130.5261
2021-02-15 09:35:00,1938.48,2907.5,0.0,4111.4873
2021-02-15 09:40:00,2080.25,3251.0,0.0,2042.1068
2021-02-15 09:45:00,2074.9,2982.93,0.0,2087.8474
2021-02-15 09:50:00,1911.33,2672.88,0.0,3457.0725
2021-02-15 09:55:00,1759.79,2546.11,0.0,3070.8899
2021-02-15 10:00:00,1854.9,2958.88,0.0,4153.6367
2021-02-15 10:05:00,2188.73,3388.99,0.0,2330.4556
2021-02-15 10:10:00,2210.53,3484.24,0.0,2352.2527
2021-02-15 10:15:00,2096.16,3356.38,0.0,2401.2876
2021-02-15 10:20:00,2118.43,3266.32,0.0,3111.7227
2021-02-15 10:25:00,2056.1,3021.6,0.0,3909.9888
2021-02-15 10:30:00,2205.55,3306.19,0.0,3197.7783
2021-02-15 10:35:00,2228.83,3850.15,0.0,1127.6768
2021-02-15 10:40:00,2204.63,3746.92,0.0,1039.9178
2021-02-15 10:45:00,2237.17,4076.67,0.0,444.1007
2021-02-15 10:50:00,2169.83,3991.76,0.0,499.3403
2021-02-15 10:55:00,2175.05,3807.43,0.0,1276.1467
2021-02-15 11:00:00,2396.67,4116.55,73.06,415.8752
2021-02-15 11:05:00,2491.82,4273.28,73.06,377.931
2021-02-15 11:10:00,2396.41,4303.74,72.4,409.2637
2021-02-15 11:15:00,2373.68,4104.33,76.28,378.2163
2021-02-15 11:20:00,2401.81,4242.04,28.19,327.3818
2021-02-15 11:25:00,2443.89,4412.71,28.4,313.7238
2021-02-15 11:30:00,2451.85,4343.55,28.51,361.3522
2021-02-15 11:35:00,2353.26,4280.54,25.06,329.793
2021-02-15 11:40:00,2536.77,4798.42,25.06,236.0883
2021-02-15 11:45:00,2539.13,4888.43,25.06,162.2614
2021-02-15 11:50:00,2645.03,5116.97,65.06,218.6102
2021-02-15 11:55:00,2504.41,4788.67,65.06,200.563
2021-02-15 12:00:00,2641.63,4938.34,65.06,219.9429
2021-02-15 12:05:00,2764.15,4794.11,65.06,388.8929
2021-02-15 12:10:00,2563.96,4548.67,65.06,2145.8311
2021-02-15 12:15:00,2546.15,4158.14,65.06,1510.4263
2021-02-15 12:20:00,2559.0,4506.25,65.06,2088.2246
2021-02-15 12:25:00,2743.88,5016.46,65.06,661.2151
2021-02-15 12:30:00,2767.16,5224.64,65.06,444.7898
2021-02-15 12:35:00,2696.87,5117.95,65.06,462.2936
2021-02-15 12:40:00,2695.49,5287.95,65.06,379.3599
2021-02-15 12:45:00,2665.96,5267.81,65.06,307.3547
2021-02-15 12:50:00,2879.76,5738.58,65.06,348.8292
2021-02-15 12:55:00,2714.77,5081.74,65.06,354.9368
2021-02-15 13:00:00,2687.23,4895.68,65.06,468.9833
2021-02-15 13:05:00,2704.39,4851.2,65.06,354.4016
2021-02-15 13:10:00,2708.62,5058.39,65.06,246.1403
2021-02-15 13:15:00,2767.29,5134.1,65.06,243.5372
2021-02-15 13:20:00,2781.16,5544.5,65.06,376.5187
2021-02-15 13:25:00,2883.67,5728.49,65.06,325.3873
2021-02-15 13:30:00,2953.09,5927.4,65.06,277.0146
2021-02-15 13:35:00,2971.14,5657.46,65.06,299.4938
2021-02-15 13:40:00,2846.24,5281.95,65.06,282.5912
2021-02-15 13:45:00,2815.32,5093.16,65.06,299.7181
2021-02-15 13:50:00,2862.57,5154.63,65.06,290.582
2021-02-15 13:55:00,2946.73,5659.03,65.06,242.0791
2021-02-15 14:00:00,2988.27,5938.8,65.06,180.3583
2021-02-15 14:05:00,2930.2,5605.72,65.06,264.6206
2021-02-15 14:10:00,2756.53,5330.78,113.06,349.3055
2021-02-15 14:15:00,2414.12,4531.49,113.06,329.4224
2021-02-15 14:20:00,2680.2,4766.17,113.06,276.2592
2021-02-15 14:25:00,2756.47,5039.58,73.06,271.9175
2021-02-15 14:30:00,2800.8,5216.3,73.06,212.4128
2021-02-15 14:35:00,2997.74,5289.53,73.06,212.0952
2021-02-15 14:40:00,2981.51,5345.01,72.96,215.1389
2021-02-15 14:45:00,2999.47,5375.86,72.96,207.0986
2021-02-15 14:50:00,3016.66,5390.21,72.95,211.0476
2021-02-15 14:55:00,3025.51,5346.45,24.95,219.5493
2021-02-15 15:00:00,2814.91,5002.24,24.95,160.5629
2021-02-15 15:05:00,2696.63,4609.66,24.95,201.0807
2021-02-15 15:10:00,2506.47,4334.63,24.95,270.4138
2021-02-15 15:15:00,2381.14,3939.05,72.95,65.5977
2021-02-15 15:20:00,2350.86,3786.54,72.95,36.6058
2021-02-15 15:25:00,2244.48,3578.94,0.0,61.6113
2021-02-15 15:30:00,2526.65,3924.86,72.95,62.5487
2021-02-15 15:35:00,2382.79,3644.77,72.95,42.6642
2021-02-15 15:40:00,2393.18,3606.28,72.95,37.6854
2021-02-15 15:45:00,2217.11,3333.33,0.0,3.4871
2021-02-15 15:50:00,2267.14,3327.41,0.0,95.3748
2021-02-15 15:55:00,2229.34,3089.38,0.0,0.0
2021-02-15 16:00:00,2183.25,2885.86,0.0,104.3047
2021-02-15 16:05:00,2233.41,3107.95,0.0,336.5604
2021-02-15 16:10:00,2396.29,3376.11,72.95,89.8152
2021-02-15 16:15:00,2404.71,3435.89,72.95,52.7316
2021-02-15 16:20:00,2294.74,3129.18,0.0,0.0
2021-02-15 16:25:00,2221.83,2766.47,0.0,0.0
2021-02-15 16:30:00,2159.37,2795.1,0.0,0.0
2021-02-15 16:35:00,2282.93,3074.49,0.0,0.0
2021-02-15 16:40:00,2141.65,2773.93,0.0,0.0
2021-02-15 16:45:00,2163.92,2539.62,0.0,0.0
2021-02-15 16:50:00,2138.85,2670.64,0.0,0.0
2021-02-15 16:55:00,2090.32,2400.68,0.0,0.0
2021-02-15 17:00:00,2104.37,2351.79,0.0,0.0
2021-02-15 17:05:00,1685.28,1479.67,0.0,0.0
2021-02-15 17:10:00,1688.25,1461.96,0.0,0.0
2021-02-15 17:15:00,1312.74,990.2,0.0,0.0
2021-02-15 17:20:00,1157.68,863.02,0.0,0.0
2021-02-15 17:25:00,1172.21,969.47,0.0,0.0
2021-02-15 17:30:00,1254.47,1408.41,0.0,0.0
2021-02-15 17:35:00,1473.74,1691.72,0.0,0.0
2021-02-15 17:40:00,2149.71,2519.69,0.0,0.0
2021-02-15 17:45:00,2177.51,2562.79,0.0,0.0
2021-02-15 17:50:00,2366.07,2665.39,24.88,516.8341
2021-02-15 17:55:00,2229.48,2303.36,0.0,0.0
2021-02-15 18:00:00,2034.58,2066.5,0.0,0.0
2021-02-15 18:05:00,2015.71,2245.8,0.0,0.0
2021-02-15 18:10:00,1815.75,1932.55,0.0,0.0
2021-02-15 18:15:00,1666.15,1419.91,0.0,0.0
2021-02-15 18:20:00,1659.86,1414.46,0.0,0.0
2021-02-15 18:25:00,1284.49,1044.39,0.0,0.0
2021-02-15 18:30:00,1017.35,832.89,0.0,0.0
2021-02-15 18:35:00,1032.54,928.22,0.0,0.0
2021-02-15 18:40:00,1131.43,1273.77,0.0,0.0
2021-02-15 18:45:00,1092.03,1164.52,0.0,0.0
2021-02-15 18:50:00,1296.58,1863.15,0.0,0.0
2021-02-15 18:55:00,1323.71,1776.49,0.0,0.0
2021-02-15 19:00:00,1356.79,1879.34,0.0,0.0
2021-02-15 19:05:00,1606.3,2303.35,0.0,0.0
2021-02-15 19:10:00,1596.1,2392.5,0.0,0.0
2021-02-15 19:15:00,1616.71,2299.99,0.0,0.0
2021-02-15 19:20:00,1693.02,2422.6,0.0,0.0
2021-02-15 19:25:00,1704.95,2325.57,0.0,0.0
2021-02-15 19:30:00,2084.73,2711.96,0.0,0.0
2021-02-15 19:35:00,2356.81,3128.74,250.78,75.4255
2021-02-15 19:40:00,2377.29,3144.82,250.78,37.4943
2021-02-15 19:45:00,2484.28,3242.7,81.28,0.0
2021-02-15 19:50:00,2457.73,3155.55,24.78,0.0
2021-02-15 19:55:00,2501.41,3351.86,24.78,0.0
2021-02-15 20:00:00,2464.94,3424.87,24.78,0.0
2021-02-15 20:05:00,2439.55,3152.48,24.78,24.5895
2021-02-15 20:10:00,2405.92,3058.63,24.78,0.0
2021-02-15 20:15:00,2353.02,3097.98,24.76,0.0
2021-02-15 20:20:00,2420.59,3262.19,24.76,0.0
2021-02-15 20:25:00,2338.95,3155.08,24.76,0.0
2021-02-15 20:30:00,2415.45,3200.99,24.76,0.0
2021-02-15 20:35:00,2753.86,3735.63,24.76,164.2268
2021-02-15 20:40:00,2618.27,3689.56,24.76,0.0
2021-02-15 20:45:00,2479.43,3509.5,24.76,0.0
2021-02-15 20:50:00,2371.64,3396.53,24.76,0.0
2021-02-15 20:55:00,2191.33,3062.2,0.0,0.0
2021-02-15 21:00:00,2183.73,3249.31,0.0,0.0
2021-02-15 21:05:00,2293.29,3340.25,0.0,0.0
2021-02-15 21:10:00,2090.86,2984.82,0.0,0.0
2021-02-15 21:15:00,1994.08,2833.14,0.0,0.0
2021-02-15 21:20:00,1762.44,2523.65,0.0,0.0
2021-02-15 21:25:00,1795.83,2357.29,0.0,0.0
2021-02-15 21:30:00,1796.99,2356.13,0.0,0.0
2021-02-15 21:35:00,1541.05,1918.52,0.0,0.0
2021-02-15 21:40:00,1449.63,1823.76,0.0,0.0
2021-02-15 21:45:00,1416.99,1652.19,0.0,0.0
2021-02-15 21:50:00,1286.04,1631.06,0.0,0.0
2021-02-15 21:55:00,1198.05,1771.38,0.0,0.0
2021-02-15 22:00:00,1247.7,2008.19,0.0,0.0
2021-02-15 22:05:00,1636.4,2561.1,0.0,144.8218
2021-02-15 22:10:00,1791.35,2791.91,0.0,91.6484
2021-02-15 22:15:00,1842.46,2684.44,0.0,3612.1013
2021-02-15 22:20:00,1677.73,2437.77,0.0,2186.3176
2021-02-15 22:25:00,1613.11,2352.98,0.0,2018.6575
2021-02-15 22:30:00,1757.75,2629.13,0.0,3402.8125
2021-02-15 22:35:00,1997.15,3038.34,0.0,4480.7671
2021-02-15 22:40:00,2154.65,3224.41,0.0,5098.4312
2021-02-15 22:45:00,2118.19,3091.96,0.0,4384.1553
2021-02-15 22:50:00,2069.4,3032.9,0.0,4559.1006
2021-02-15 22:55:00,1972.64,2950.0,0.0,3005.124
2021-02-15 23:00:00,1876.37,2686.45,0.0,1579.3
2021-02-15 23:05:00,1975.73,2867.77,0.0,2875.5586
2021-02-15 23:10:00,2094.21,2971.03,0.0,4100.6377
2021-02-15 23:15:00,2100.27,2909.83,0.0,3111.801
2021-02-15 23:20:00,2168.93,3015.35,0.0,4513.4995
2021-02-15 23:25:00,2155.37,2965.28,0.0,3214.4329
2021-02-15 23:30:00,2102.39,2990.02,0.0,3332.3618
2021-02-15 23:35:00,2321.69,3222.43,24.5,5200.7578
2021-02-15 23:40:00,2258.1,3024.87,0.0,4615.813
2021-02-15 23:45:00,2391.65,3227.51,116.5,4787.7104
2021-02-15 23:50:00,2374.55,3340.71,24.5,5156.8105
2021-02-15 23:55:00,2469.05,3360.0,24.5,5251.9922
2021-02-16 00:00:00,2522.46,3455.6,24.5,5664.7588
2021-02-16 00:05:00,2484.68,3447.85,24.5,5677.3608
2021-02-16 00:10:00,2577.89,3644.84,24.5,6013.7085
2021-02-16 00:15:00,2466.38,3499.24,24.5,5749.1924
2021-02-16 00:20:00,2472.46,3495.8,24.5,5737.4702
2021-02-16 00:25:00,2458.52,3384.53,24.5,5508.5132
2021-02-16 00:30:00,2495.45,3458.45,24.5,5656.167
2021-02-16 00:35:00,2513.87,3452.99,24.5,5643.5156
2021-02-16 00:40:00,2297.84,3061.27,0.0,4603.8955
2021-02-16 00:45:00,2251.26,3041.85,0.0,4276.4375
2021-02-16 00:50:00,2224.18,2918.11,0.0,3197.0916
2021-02-16 00:55:00,2316.91,2963.19,24.5,4109.3389
2021-02-16 01:00:00,2291.65,2986.23,0.0,3794.2656
2021-02-16 01:05:00,2156.89,2850.41,0.0,2930.5786
2021-02-16 01:10:00,2224.13,2998.97,0.0,3347.9512
2021-02-16 01:15:00,2258.56,3052.06,0.0,4095.0903
2021-02-16 01:20:00,2208.04,3118.11,0.0,4244.3745
2021-02-16 01:25:00,2190.01,3020.04,0.0,4486.1123
2021-02-16 01:30:00,2362.04,3312.58,24.5,5302.7471
2021-02-16 01:35:00,2381.8,3409.96,24.5,5484.0513
2021-02-16 01:40:00,2263.6,3278.99,0.0,5161.0762
2021-02-16 01:45:00,2234.96,3224.6,0.0,5052.5938
2021-02-16 01:50:00,2412.36,3406.76,24.5,5542.7974
2021-02-16 01:55:00,2427.39,3339.13,24.5,5376.938
2021-02-16 02:00:00,2296.61,3164.96,0.0,4908.9497
2021-02-16 02:05:00,1812.29,2429.9,0.0,11.3555
2021-02-16 02:10:00,1841.5,2437.63,0.0,0.0
2021-02-16 02:15:00,1848.54,2425.11,0.0,0.0
2021-02-16 02:20:00,1876.61,2352.95,0.0,0.0
2021-02-16 02:25:00,1997.91,2636.34,0.0,760.4041
2021-02-16 02:30:00,2119.55,2950.22,0.0,3113.917
2021-02-16 02:35:00,2095.49,3002.97,0.0,3990.0273
2021-02-16 02:40:00,2220.43,3166.56,0.0,4969.6597
2021-02-16 02:45:00,2184.12,3134.27,0.0,4816.7578
2021-02-16 02:50:00,2268.84,3290.29,0.0,5272.3013
2021-02-16 02:55:00,2254.99,3533.59,0.0,5078.3608
2021-02-16 03:00:00,1921.44,3027.68,0.0,0.0
2021-02-16 03:05:00,1774.39,2817.89,0.0,0.0
2021-02-16 03:10:00,1804.22,2712.98,0.0,0.0
2021-02-16 03:15:00,1795.47,2813.17,0.0,0.0
2021-02-16 03:20:00,1709.67,2666.98,0.0,0.0
2021-02-16 03:25:00,1736.58,2684.53,0.0,0.0
2021-02-16 03:30:00,1636.18,2475.05,0.0,20.3467
2021-02-16 03:35:00,1642.37,2523.42,0.0,694.1138
2021-02-16 03:40:00,1473.43,2135.66,0.0,0.0
2021-02-16 03:45:00,1356.0,1943.51,0.0,0.0
2021-02-16 03:50:00,1305.78,1946.07,0.0,0.0
2021-02-16 03:55:00,1449.17,2048.97,0.0,428.0404
2021-02-16 04:00:00,1303.47,1654.14,0.0,0.0
2021-02-16 04:05:00,938.38,893.18,0.0,0.0
2021-02-16 04:10:00,812.01,840.35,0.0,0.0
2021-02-16 04:15:00,1128.98,1683.86,0.0,0.0002
2021-02-16 04:20:00,1525.95,2180.03,0.0,2374.5806
2021-02-16 04:25:00,1636.51,2402.9,0.0,2993.0415
2021-02-16 04:30:00,1757.27,2521.91,0.0,3255.0547
2021-02-16 04:35:00,1835.4,2614.29,0.0,3543.4624
2021-02-16 04:40:00,1834.05,2457.01,0.0,3068.7107
2021-02-16 04:45:00,1772.17,2365.75,0.0,2694.4238
2021-02-16 04:50:00,1721.01,2307.2,0.0,2169.9565
2021-02-16 04:55:00,1700.85,2268.49,0.0,1810.6494
2021-02-16 05:00:00,1649.49,2031.38,0.0,17.7075
2021-02-16 05:05:00,1633.0,1920.33,0.0,0.0
2021-02-16 05:10:00,1736.17,1970.82,0.0,0.0
2021-02-16 05:15:00,1824.38,2178.36,0.0,1611.9617
2021-02-16 05:20:00,1728.78,2107.54,0.0,917.1033
2021-02-16 05:25:00,1844.71,2302.23,0.0,2002.6328
2021-02-16 05:30:00,1856.87,2473.76,0.0,3150.0957
2021-02-16 05:35:00,1803.58,2378.52,0.0,2833.2183
2021-02-16 05:40:00,1822.68,2445.38,0.0,3016.3528
2021-02-16 05:45:00,1872.19,2454.68,0.0,2660.9202
2021-02-16 05:50:00,1943.97,2468.42,0.0,2978.3062
2021-02-16 05:55:00,2116.74,2583.7,0.0,2932.4165
2021-02-16 06:00:00,2076.25,2765.59,0.0,3404.4253
2021-02-16 06:05:00,2094.63,2460.82,0.0,1631.8545
2021-02-16 06:10:00,2040.67,2208.16,0.0,3.1458
2021-02-16 06:15:00,1992.58,1995.13,0.0,0.0
2021-02-16 06:20:00,2006.76,2098.15,0.0,0.0
2021-02-16 06:25:00,2144.5,2350.63,0.0,1186.7699
2021-02-16 06:30:00,1931.2,2052.48,0.0,0.0
2021-02-16 06:35:00,2007.75,2153.44,0.0,0.0
2021-02-16 06:40:00,1740.36,1611.75,0.0,0.0
2021-02-16 06:45:00,1646.88,1451.13,0.0,0.0
2021-02-16 06:50:00,1455.42,1373.99,0.0,0.0
2021-02-16 06:55:00,1416.85,1395.67,0.0,0.0
2021-02-16 07:00:00,1385.29,1576.44,0.0,0.0
2021-02-16 07:05:00,1392.32,1693.0,0.0,0.0
2021-02-16 07:10:00,1453.83,1807.72,0.0,0.0
2021-02-16 07:15:00,1536.17,2225.3,0.0,32.1236
2021-02-16 07:20:00,1545.74,2261.09,0.0,23.1341
2021-02-16 07:25:00,1560.48,2187.96,0.0,21.7305
2021-02-16 07:30:00,1441.76,1946.75,0.0,0.0
2021-02-16 07:35:00,1330.22,1708.84,0.0,0.0
2021-02-16 07:40:00,1239.94,1703.62,0.0,0.0
2021-02-16 07:45:00,850.97,1339.79,0.0,0.0
2021-02-16 07:50:00,893.97,1408.98,0.0,0.0
2021-02-16 07:55:00,840.71,1488.26,0.0,0.0
2021-02-16 08:00:00,747.1,1404.66,0.0,0.0
2021-02-16 08:05:00,944.68,1671.75,0.0,0.0
2021-02-16 08:10:00,1058.18,1809.43,0.0,0.0
2021-02-16 08:15:00,1328.13,2180.72,0.0,2405.2126
2021-02-16 08:20:00,1506.33,2424.17,0.0,3135.0137
2021-02-16 08:25:00,1654.39,2747.54,0.0,4116.1772
2021-02-16 08:30:00,1639.68,2841.1,0.0,4260.1963
2021-02-16 08:35:00,1635.6,2872.75,0.0,4354.4336
2021-02-16 08:40:00,1671.82,2921.41,0.0,4476.9282
2021-02-16 08:45:00,1825.68,3161.24,0.0,5107.5967
2021-02-16 08:50:00,1829.85,3019.84,0.0,4739.0156
2021-02-16 08:55:00,1829.48,2996.96,0.0,4674.1191
2021-02-16 09:00:00,1768.98,3293.32,0.0,5297.3145
2021-02-16 09:05:00,1969.24,3458.53,0.0,5739.7939
2021-02-16 09:10:00,2198.21,3843.27,0.0,6492.2979
2021-02-16 09:15:00,2272.45,4158.99,0.0,6892.8252
2021-02-16 09:20:00,2288.63,4273.59,0.0,6971.1221
2021-02-16 09:25:00,2235.69,4288.99,0.0,7018.0288
2021-02-16 09:30:00,2300.01,4482.27,17.0,7242.7236
2021-02-16 09:35:00,2325.37,4694.56,17.0,7442.2417
2021-02-16 09:40:00,2234.2,3904.0,0.0,6753.0273
2021-02-16 09:45:00,2139.89,3781.63,0.0,6563.8145
2021-02-16 09:50:00,2129.92,3758.69,0.0,6428.104
2021-02-16 09:55:00,2213.36,3961.54,0.0,6819.9717
2021-02-16 10:00:00,2304.66,4611.18,17.0,7410.0034
2021-02-16 10:05:00,2274.32,4064.49,0.0,6945.5415
2021-02-16 10:10:00,2347.19,4081.01,17.0,7015.0566
2021-02-16 10:15:00,2600.4,4612.39,17.0,7558.9966
2021-02-16 10:20:00,2670.44,4864.09,17.0,7718.876
2021-02-16 10:25:00,2682.07,4871.84,17.0,7720.3755
2021-02-16 10:30:00,2623.51,4613.97,17.0,7532.3486
2021-02-16 10:35:00,2561.9,4525.56,17.0,7453.6489
2021-02-16 10:40:00,2636.9,4794.04,17.0,7687.0879
2021-02-16 10:45:00,2710.16,5132.13,17.0,7818.9297
2021-02-16 10:50:00,2776.55,5353.96,17.0,8023.019
2021-02-16 10:55:00,2700.02,5141.4,17.0,7839.8174
2021-02-16 11:00:00,2660.61,5541.96,17.0,8010.1592
2021-02-16 11:05:00,2858.62,4915.91,17.0,7767.5146
2021-02-16 11:10:00,2620.04,4681.05,17.0,7683.3018
2021-02-16 11:15:00,2897.53,5262.7,17.0,8200.3418
2021-02-16 11:20:00,3075.91,5569.88,17.0,8670.043
2021-02-16 11:25:00,3098.75,5622.62,17.0,8454.4805
2021-02-16 11:30:00,2989.88,5482.37,12.87,7963.9771
2021-02-16 11:35:00,2769.32,4888.19,17.0,7734.915
2021-02-16 11:40:00,2743.82,4952.74,17.0,7785.6113
2021-02-16 11:45:00,2775.01,5394.84,17.0,7953.2461
2021-02-16 11:50:00,2720.63,5135.67,17.0,7897.6758
2021-02-16 11:55:00,2875.88,5334.37,17.0,8413.9268
2021-02-16 12:00:00,3011.19,6341.82,17.0,8857.0508
2021-02-16 12:05:00,2649.75,5163.75,17.0,7844.6543
2021-02-16 12:10:00,2630.69,4733.63,17.0,7662.8521
2021-02-16 12:15:00,2310.25,4214.33,17.0,7275.1807
2021-02-16 12:20:00,2367.69,4479.07,356.73,7631.0767
2021-02-16 12:25:00,2534.68,4837.57,12.87,7761.1689
2021-02-16 12:30:00,2458.25,4771.41,17.0,7715.4639
2021-02-16 12:35:00,2543.73,4715.28,17.0,7695.9448
2021-02-16 12:40:00,2501.62,4553.37,17.0,7559.5791
2021-02-16 12:45:00,2185.99,3948.14,0.0,6657.8159
2021-02-16 12:50:00,2173.01,3862.58,0.0,6648.4771
2021-02-16 12:55:00,2069.97,3901.38,0.0,6602.8115
2021-02-16 13:00:00,2614.12,4986.36,64.0,7754.3096
2021-02-16 13:05:00,2672.59,5825.11,64.0,7975.1465
2021-02-16 13:10:00,2838.83,6250.28,64.0,8191.8164
2021-02-16 13:15:00,3044.53,6060.87,64.0,8340.8184
2021-02-16 13:20:00,3098.88,6546.03,64.0,8556.3145
2021-02-16 13:25:00,3015.57,6551.43,62.17,8464.3027
2021-02-16 13:30:00,3139.16,6709.66,64.0,8335.5156
2021-02-16 13:35:00,3156.17,6861.63,64.0,8114.7485
2021-02-16 13:40:00,2995.02,6184.7,62.17,7918.3921
2021-02-16 13:45:00,3113.56,6236.11,64.0,7922.2026
2021-02-16 13:50:00,3042.72,6196.27,64.0,7945.9609
2021-02-16 13:55:00,3077.86,6384.5,64.0,8154.083
2021-02-16 14:00:00,3192.42,6564.21,66.66,8496.1201
2021-02-16 14:05:00,3179.18,6841.19,64.0,8703.4414
2021-02-16 14:10:00,3025.56,6454.41,64.0,8111.2437
2021-02-16 14:15:00,2931.53,6043.66,64.0,7941.2896
2021-02-16 14:20:00,2808.69,5594.15,64.0,7815.2686
2021-02-16 14:25:00,2550.21,4949.56,64.0,7482.0288
2021-02-16 14:30:00,2503.34,4812.87,64.0,7403.9268
2021-02-16 14:35:00,2172.84,4309.47,0.0,6957.939
2021-02-16 14:40:00,2213.84,4266.02,0.0,6780.7593
2021-02-16 14:45:00,2275.85,4384.45,0.0,6978.7803
2021-02-16 14:50:00,2285.17,4470.45,0.0,7043.061
2021-02-16 14:55:00,2378.9,4621.12,64.0,7190.7412
2021-02-16 15:00:00,2391.74,4776.15,64.0,7351.0596
2021-02-16 15:05:00,2342.16,4731.74,64.0,7333.7969
2021-02-16 15:10:00,2313.55,4412.04,64.0,7019.1094
2021-02-16 15:15:00,2393.74,4372.39,64.0,6898.1162
2021-02-16 15:20:00,2458.94,4433.27,64.0,7037.1792
2021-02-16 15:25:00,2512.44,4719.4,64.0,7302.7637
2021-02-16 15:30:00,2392.93,4682.32,64.0,7339.707
2021-02-16 15:35:00,2391.71,4790.84,64.0,7420.2432
2021-02-16 15:40:00,2188.76,4284.03,0.0,6912.5098
2021-02-16 15:45:00,2044.93,3777.6,0.0,5136.7881
2021-02-16 15:50:00,2149.17,3704.67,0.0,5839.1909
2021-02-16 15:55:00,2218.37,3787.64,0.0,6235.6826
2021-02-16 16:00:00,2341.31,4111.1,64.0,6826.2544
2021-02-16 16:05:00,2101.82,3794.83,0.0,5811.4756
2021-02-16 16:10:00,2057.85,3579.99,0.0,4251.5215
2021-02-16 16:15:00,2030.92,3024.91,0.0,0.0
2021-02-16 16:20:00,2098.7,3068.69,0.0,1000.9453
2021-02-16 16:25:00,2103.36,3117.26,0.0,3076.49
2021-02-16 16:30:00,2017.68,3013.25,0.0,3114.5881
2021-02-16 16:35:00,2073.28,3056.15,0.0,3369.5376
2021-02-16 16:40:00,2045.87,3095.27,0.0,3437.1499
2021-02-16 16:45:00,1988.7,2967.51,0.0,3100.7842
2021-02-16 16:50:00,1883.78,2946.83,0.0,3003.1301
2021-02-16 16:55:00,1985.72,3122.93,0.0,3574.2239
2021-02-16 17:00:00,2073.31,3135.76,0.0,3505.6472
2021-02-16 17:05:00,1942.88,2819.55,0.0,1732.2698
2021-02-16 17:10:00,1901.84,2582.8,0.0,0.0
2021-02-16 17:15:00,1884.54,2612.02,0.0,0.0
2021-02-16 17:20:00,1964.38,2771.12,0.0,0.2484
2021-02-16 17:25:00,1848.81,2492.13,0.0,0.0
2021-02-16 17:30:00,1700.6,1995.28,0.0,0.0
2021-02-16 17:35:00,1523.1,1797.61,0.0,0.0
2021-02-16 17:40:00,1260.45,1624.44,0.0,0.0
2021-02-16 17:45:00,1487.72,1854.3,0.0,0.0
2021-02-16 17:50:00,1505.13,1873.49,0.0,0.0
2021-02-16 17:55:00,1673.67,2236.78,0.0,1586.4868
2021-02-16 18:00:00,1652.16,2741.46,0.0,2839.551
2021-02-16 18:05:00,1570.51,2620.92,0.0,751.371
2021-02-16 18:10:00,1417.8,2341.11,0.0,0.0
2021-02-16 18:15:00,1639.09,2717.81,0.0,807.857
2021-02-16 18:20:00,2116.75,3131.59,0.0,4759.1123
2021-02-16 18:25:00,2144.88,3127.51,0.0,4634.6553
2021-02-16 18:30:00,2188.69,3242.98,0.0,5251.666
2021-02-16 18:35:00,2168.91,3442.81,0.0,5812.0127
2021-02-16 18:40:00,2231.09,3633.12,0.0,6196.9243
2021-02-16 18:45:00,1985.19,3527.87,0.0,5970.8188
2021-02-16 18:50:00,2004.38,3537.24,0.0,5993.4136
2021-02-16 18:55:00,2024.58,3394.55,0.0,5532.311
2021-02-16 19:00:00,2289.36,4087.18,0.0,6795.8594
2021-02-16 19:05:00,2310.41,3558.96,17.0,5996.7314
2021-02-16 19:10:00,2383.08,3761.98,17.0,6354.8896
2021-02-16 19:15:00,2396.62,3802.23,17.0,6395.5337
2021-02-16 19:20:00,2397.54,3781.25,17.0,6371.3828
2021-02-16 19:25:00,2446.39,4011.69,17.0,6778.5977
2021-02-16 19:30:00,2508.8,4236.49,17.0,7013.9951
2021-02-16 19:35:00,2470.72,4236.47,17.0,6984.689
2021-02-16 19:40:00,2392.16,4138.98,17.0,6897.7944
2021-02-16 19:45:00,2371.52,4067.38,17.0,6826.8447
2021-02-16 19:50:00,2294.47,3860.56,0.0,6477.9902
2021-02-16 19:55:00,2143.41,3579.13,0.0,5649.5078
2021-02-16 20:00:00,2169.5,3589.59,0.0,5921.7676
2021-02-16 20:05:00,2283.77,3642.28,0.0,6076.2871
2021-02-16 20:10:00,2238.25,3619.9,0.0,6055.4385
2021-02-16 20:15:00,2159.78,3379.0,0.0,5563.2617
2021-02-16 20:20:00,2114.49,3208.11,0.0,4695.126
2021-02-16 20:25:00,2220.61,3312.28,0.0,5381.5078
2021-02-16 20:30:00,2105.02,3179.82,0.0,5032.3325
2021-02-16 20:35:00,2130.87,3214.49,0.0,5126.375
2021-02-16 20:40:00,2119.31,3106.41,0.0,4352.2827
2021-02-16 20:45:00,2218.72,3364.12,0.0,5486.5698
2021-02-16 20:50:00,2305.74,3533.85,138.0,6103.041
2021-02-16 20:55:00,2185.93,3537.57,0.0,5876.4756
2021-02-16 21:00:00,2297.96,3697.6,0.0,6261.3379
2021-02-16 21:05:00,2354.82,3731.11,138.0,6488.4033
2021-02-16 21:10:00,2425.39,4150.81,138.0,7086.7915
2021-02-16 21:15:00,2241.2,4065.72,0.0,6868.9756
2021-02-16 21:20:00,2356.52,4290.57,17.0,7211.6772
2021-02-16 21:25:00,2388.72,4445.52,17.0,7546.1304
2021-02-16 21:30:00,2472.48,4574.85,17.0,7614.7925
2021-02-16 21:35:00,2205.71,4096.86,0.0,6894.8359
2021-02-16 21:40:00,2200.3,4103.91,0.0,6918.8306
2021-02-16 21:45:00,2096.52,4032.21,0.0,6831.6406
2021-02-16 21:50:00,2204.46,4248.24,0.0,7119.8589
2021-02-16 21:55:00,2347.14,4600.73,17.0,7648.2202
2021-02-16 22:00:00,2650.41,5180.8,17.0,7889.7354
2021-02-16 22:05:00,2432.16,4765.2,17.0,7759.6934
2021-02-16 22:10:00,2422.99,4652.84,17.0,7666.3018
2021-02-16 22:15:00,2350.13,4505.99,62.0,7512.8076
2021-02-16 22:20:00,2408.2,4533.03,62.0,7528.2842
2021-02-16 22:25:00,2429.49,4693.24,62.0,7398.1831
2021-02-16 22:30:00,2432.48,4779.86,17.0,7482.1499
2021-02-16 22:35:00,2413.62,4856.86,17.0,7587.3369
2021-02-16 22:40:00,2539.55,4998.78,17.0,7728.9546
2021-02-16 22:45:00,2531.2,4958.23,42.0,7697.9863
2021-02-16 22:50:00,2340.61,4528.41,17.0,7503.8062
2021-02-16 22:55:00,2439.72,4772.92,17.0,7763.877
2021-02-16 23:00:00,2556.15,5018.48,17.0,8045.4805
2021-02-16 23:05:00,2764.55,5515.26,17.0,8196.5146
2021-02-16 23:10:00,2876.99,5818.71,17.0,8418.4746
2021-02-16 23:15:00,2919.83,6011.03,17.0,8528.1816
2021-02-16 23:20:00,2915.75,6081.51,17.0,8484.1064
2021-02-16 23:25:00,2760.31,5896.38,17.0,8175.9668
2021-02-16 23:30:00,2850.13,5957.58,17.0,8352.9365
2021-02-16 23:35:00,2962.09,6115.85,17.0,8366.1992
2021-02-16 23:40:00,2959.04,6184.71,17.0,8587.5957
2021-02-16 23:45:00,2694.79,5586.83,117.0,7917.8662
2021-02-16 23:50:00,2680.0,5375.85,117.0,7895.4766
2021-02-16 23:55:00,2874.64,5434.52,117.0,7968.3691
2021-02-17 00:00:00,2735.99,5275.01,182.0,7830.4448
2021-02-17 00:05:00,2560.94,4918.39,182.0,7478.127
2021-02-17 00:10:00,2459.01,4482.57,182.0,5842.2124
2021-02-17 00:15:00,2436.2,4396.96,82.0,6540.5391
2021-02-17 00:20:00,2534.96,4647.58,82.0,6898.6563
2021-02-17 00:25:00,2678.11,4829.11,82.0,7011.1274
2021-02-17 00:30:00,2715.45,4455.11,82.0,7152.1016
2021-02-17 00:35:00,2675.33,4459.33,82.0,7102.9009
2021-02-17 00:40:00,2831.24,4739.27,82.0,7410.2241
2021-02-17 00:45:00,2890.83,5034.46,82.0,7766.9873
2021-02-17 00:50:00,3190.35,5669.53,82.0,8264.3232
2021-02-17 00:55:00,3021.69,5210.41,82.0,7908.1377
2021-02-17 01:00:00,3017.21,5457.2,82.0,7945.1938
2021-02-17 01:05:00,2917.51,5243.21,82.0,7844.7554
2021-02-17 01:10:00,3020.47,5257.96,91.06,7846.9966
2021-02-17 01:15:00,3182.82,5514.53,91.06,7882.4321
2021-02-17 01:20:00,3230.64,5674.72,91.05,7958.0547
2021-02-17 01:25:00,3096.09,5493.98,91.05,7648.1602
2021-02-17 01:30:00,3002.34,5394.56,91.05,7639.5781
2021-02-17 01:35:00,2930.57,5151.21,91.05,7526.5864
2021-02-17 01:40:00,3040.52,5535.4,91.05,7640.5024
2021-02-17 01:45:00,2907.91,5080.14,91.05,7597.021
2021-02-17 01:50:00,2886.68,5027.51,91.05,7549.1904
2021-02-17 01:55:00,2896.08,5044.67,91.05,7572.4844
2021-02-17 02:00:00,2933.65,5110.05,91.05,7642.6704
2021-02-17 02:05:00,2918.54,5086.95,91.05,7571.5347
2021-02-17 02:10:00,2821.66,4894.84,91.05,7413.4951
2021-02-17 02:15:00,2851.64,4968.37,91.05,7434.0469
2021-02-17 02:20:00,2962.38,5042.34,91.05,7489.8701
2021-02-17 02:25:00,2946.23,5131.76,91.05,7471.3613
2021-02-17 02:30:00,2978.76,5191.47,91.05,7503.4497
2021-02-17 02:35:00,2825.11,4646.76,91.05,7052.2056
2021-02-17 02:40:00,2984.01,4762.52,91.05,7363.6523
2021-02-17 02:45:00,2895.11,4840.54,91.05,7375.752
2021-02-17 02:50:00,2763.35,4736.12,91.03,7259.7764
2021-02-17 02:55:00,2725.32,4660.28,91.03,6992.1445
2021-02-17 03:00:00,2790.64,4687.73,91.03,7296.6851
2021-02-17 03:05:00,2787.65,4710.84,91.03,7329.0386
2021-02-17 03:10:00,2686.51,4471.09,91.03,6652.9131
2021-02-17 03:15:00,2789.99,4549.38,91.03,6960.8496
2021-02-17 03:20:00,2804.98,4574.2,91.03,7147.4282
2021-02-17 03:25:00,2795.13,4555.94,91.03,7138.6265
2021-02-17 03:30:00,2820.14,4549.08,95.03,7257.7246
2021-02-17 03:35:00,2805.32,4593.54,95.03,7251.5117
2021-02-17 03:40:00,2722.55,4394.42,95.03,6612.5278
2021-02-17 03:45:00,2821.44,4559.39,95.03,7177.2075
2021-02-17 03:50:00,2905.21,4781.88,95.03,7726.6978
2021-02-17 03:55:00,2776.93,4540.4,95.03,7346.6182
2021-02-17 04:00:00,2812.44,4516.6,95.03,7256.8481
2021-02-17 04:05:00,2753.2,4239.25,95.03,6463.5786
2021-02-17 04:10:00,2815.54,4231.16,94.18,5811.5293
2021-02-17 04:15:00,2546.58,3599.08,95.03,4444.646
2021-02-17 04:20:00,2441.37,3416.12,95.03,4018.9141
2021-02-17 04:25:00,2399.31,3335.31,95.03,3612.5137
2021-02-17 04:30:00,2476.32,3242.12,78.18,1103.8464
2021-02-17 04:35:00,2279.93,2772.43,0.0,0.0
2021-02-17 04:40:00,2251.88,2801.88,0.0,157.8385
2021-02-17 04:45:00,2348.61,3106.23,95.0,2123.0166
2021-02-17 04:50:00,2502.63,3163.4,95.0,2254.7754
2021-02-17 04:55:00,2385.32,3026.01,95.0,2043.5366
2021-02-17 05:00:00,2276.08,2791.37,0.0,703.6055
2021-02-17 05:05:00,2082.37,2309.07,0.0,0.0
2021-02-17 05:10:00,2025.37,2236.13,0.0,71.67
2021-02-17 05:15:00,2037.19,2281.56,0.0,94.0697
2021-02-17 05:20:00,2230.99,2516.86,0.0,690.2619
2021-02-17 05:25:00,2126.42,2351.57,0.0,0.0
2021-02-17 05:30:00,2138.66,2418.86,0.0,1203.4548
2021-02-17 05:35:00,2018.17,2116.77,0.0,0.0
2021-02-17 05:40:00,2009.45,2263.04,0.0,543.5312
2021-02-17 05:45:00,2121.49,2473.28,0.0,1329.3778
2021-02-17 05:50:00,2138.33,2400.09,0.0,1243.9603
2021-02-17 05:55:00,1942.0,2129.19,0.0,9.0819
2021-02-17 06:00:00,1669.13,1474.42,0.0,0.0
2021-02-17 06:05:00,1566.07,1304.38,0.0,0.0
2021-02-17 06:10:00,1451.36,1216.32,0.0,0.0
2021-02-17 06:15:00,1452.69,1287.72,0.0,0.0
2021-02-17 06:20:00,1431.88,1401.49,0.0,0.0
2021-02-17 06:25:00,1529.34,1726.68,0.0,0.0
2021-02-17 06:30:00,1516.73,1711.21,0.0,0.0
2021-02-17 06:35:00,1443.97,1589.61,0.0,0.0
2021-02-17 06:40:00,1464.49,1491.41,0.0,0.0
2021-02-17 06:45:00,1710.46,2013.84,0.0,802.6826
2021-02-17 06:50:00,1538.14,1713.39,0.0,0.0
2021-02-17 06:55:00,1602.58,1825.83,0.0,0.0
2021-02-17 07:00:00,1619.28,2027.34,0.0,1251.0464
2021-02-17 07:05:00,1692.15,2087.42,0.0,1343.896
2021-02-17 07:10:00,1547.15,2030.88,0.0,815.7156
2021-02-17 07:15:00,1517.67,1957.48,0.0,0.0
2021-02-17 07:20:00,1408.69,1735.11,0.0,0.0
2021-02-17 07:25:00,1436.42,1797.45,0.0,0.0
2021-02-17 07:30:00,1295.04,1538.72,0.0,0.0
2021-02-17 07:35:00,1295.89,1527.57,0.0,0.0
2021-02-17 07:40:00,1283.26,1562.74,0.0,0.0
2021-02-17 07:45:00,1214.81,1541.23,0.0,0.0
2021-02-17 07:50:00,1272.65,1579.72,0.0,0.0
2021-02-17 07:55:00,1318.85,1653.73,0.0,0.0
2021-02-17 08:00:00,1669.1,2082.53,0.0,1336.2349
2021-02-17 08:05:00,1603.86,2011.83,0.0,1227.5676
2021-02-17 08:10:00,1648.01,2378.92,0.0,2135.01
2021-02-17 08:15:00,1872.38,2813.83,0.0,3965.2434
2021-02-17 08:20:00,1729.91,2685.3,0.0,3087.5515
2021-02-17 08:25:00,1757.35,2634.87,0.0,2663.3721
2021-02-17 08:30:00,1735.15,2554.84,0.0,2836.2634
2021-02-17 08:35:00,1823.55,2636.4,0.0,2978.0557
2021-02-17 08:40:00,1770.98,2678.47,0.0,3073.7568
2021-02-17 08:45:00,1926.08,2996.7,0.0,4734.522
2021-02-17 08:50:00,1895.05,3005.95,0.0,4405.9165
2021-02-17 08:55:00,1870.52,2999.27,0.0,4341.5
2021-02-17 09:00:00,2348.95,3697.0,26.78,6410.3271
2021-02-17 09:05:00,2336.91,3279.44,25.98,4883.5649
2021-02-17 09:10:00,2057.43,2997.02,0.0,3920.5295
2021-02-17 09:15:00,2297.14,3553.03,0.0,5345.248
2021-02-17 09:20:00,2260.09,3541.52,0.0,5326.7397
2021-02-17 09:25:00,2169.49,3335.72,0.0,4767.3965
2021-02-17 09:30:00,2313.16,3505.78,25.98,5355.6343
2021-02-17 09:35:00,2348.43,3569.15,65.97,5494.939
2021-02-17 09:40:00,2154.48,3300.44,0.0,4897.377
2021-02-17 09:45:00,2167.57,3399.87,0.0,5047.3379
2021-02-17 09:50:00,2216.99,3475.94,0.0,5218.7847
2021-02-17 09:55:00,2427.61,3771.36,25.97,6053.1265
2021-02-17 10:00:00,2424.72,4339.86,25.97,6773.3569
2021-02-17 10:05:00,2275.92,3468.73,0.0,5167.7656
2021-02-17 10:10:00,2240.31,3506.74,0.0,5231.3223
2021-02-17 10:15:00,2277.53,3582.8,0.0,5300.4844
2021-02-17 10:20:00,2157.57,3331.73,0.0,4572.0137
2021-02-17 10:25:00,2079.48,3247.22,0.0,4682.2056
2021-02-17 10:30:00,2306.03,3499.72,25.95,5345.4795
2021-02-17 10:35:00,2414.54,3801.24,20.63,5783.8911
2021-02-17 10:40:00,2364.03,3724.74,25.95,5619.9331
2021-02-17 10:45:00,2235.44,3510.29,0.0,5237.1553
2021-02-17 10:50:00,2464.58,3831.75,25.95,5754.4771
2021-02-17 10:55:00,2591.39,4196.52,25.95,6505.3452
2021-02-17 11:00:00,2826.13,4603.43,26.05,7638.3691
2021-02-17 11:05:00,2957.05,4994.12,25.95,8040.7261
2021-02-17 11:10:00,3066.31,5344.69,25.95,8120.1196
2021-02-17 11:15:00,2891.47,5171.95,25.95,8085.7402
2021-02-17 11:20:00,3085.02,5468.57,25.95,8377.8398
2021-02-17 11:25:00,3110.97,5958.32,25.95,8630.2412
2021-02-17 11:30:00,3366.6,6304.47,27.25,8816.8086
2021-02-17 11:35:00,3307.66,6309.77,27.25,8814.9434
2021-02-17 11:40:00,3198.22,6406.98,27.25,8700.8184
2021-02-17 11:45:00,3302.39,6497.89,27.25,8838.1797
2021-02-17 11:50:00,3278.61,6537.76,27.25,8819.3525
2021-02-17 11:55:00,3400.01,6846.19,25.95,8922.9736
2021-02-17 12:00:00,3651.99,7670.06,25.95,8924.8594
2021-02-17 12:05:00,3624.18,7366.64,25.95,8879.8105
2021-02-17 12:10:00,3687.44,7407.98,25.95,8877.248
2021-02-17 12:15:00,3810.43,7650.04,25.95,8924.8486
2021-02-17 12:20:00,3887.41,7952.86,25.95,8924.9521
2021-02-17 12:25:00,3828.04,7771.08,14.76,8889.1621
2021-02-17 12:30:00,3821.21,7727.98,25.95,8883.8506
2021-02-17 12:35:00,3838.14,7514.95,21.99,8712.6172
2021-02-17 12:40:00,3581.92,7177.87,25.93,8690.0361
2021-02-17 12:45:00,3711.58,7744.5,29.57,8872.1904
2021-02-17 12:50:00,3888.64,7953.6,30.15,8920.2998
2021-02-17 12:55:00,3927.88,8137.06,32.09,8920.3252
2021-02-17 13:00:00,4008.41,8212.34,33.89,8882.6709
2021-02-17 13:05:00,3897.49,7960.32,25.93,8874.2715
2021-02-17 13:10:00,3841.45,7797.05,25.93,8771.8906
2021-02-17 13:15:00,3911.05,7966.02,25.93,8874.9619
2021-02-17 13:20:00,3940.56,8063.2,25.93,8871.9365
2021-02-17 13:25:00,3978.51,8107.58,25.93,8771.7813
2021-02-17 13:30:00,4076.14,8250.84,25.92,8871.957
2021-02-17 13:35:00,4035.25,8087.85,25.92,8834.8779
2021-02-17 13:40:00,3910.81,7952.36,25.92,8778.5547
2021-02-17 13:45:00,3917.5,7951.43,25.92,8749.9492
2021-02-17 13:50:00,3851.62,7805.47,25.92,8734.6436
2021-02-17 13:55:00,3999.54,8102.55,25.92,8843.3193
2021-02-17 14:00:00,4060.03,8269.74,26.87,8926.1279
2021-02-17 14:05:00,3963.87,7853.92,25.92,8914.21
2021-02-17 14:10:00,4203.47,8363.81,25.92,8882.5723
2021-02-17 14:15:00,4452.06,9117.84,25.92,8926.1211
2021-02-17 14:20:00,4270.03,9061.91,25.92,8925.2666
2021-02-17 14:25:00,4149.78,8586.63,22.03,8882.1523
2021-02-17 14:30:00,4231.75,8655.86,25.92,8880.7217
2021-02-17 14:35:00,4196.86,8611.08,50.82,8881.9385
2021-02-17 14:40:00,4278.74,9089.11,25.92,8925.2842
2021-02-17 14:45:00,4347.12,9275.08,25.9,8931.8887
2021-02-17 14:50:00,4493.72,9443.97,25.9,8935.75
2021-02-17 14:55:00,4614.27,9709.19,25.9,8935.8955
2021-02-17 15:00:00,4666.22,9772.1,25.9,8932.0898
2021-02-17 15:05:00,4592.25,9618.58,25.9,8925.2988
2021-02-17 15:10:00,4562.0,9583.1,25.9,8927.8145
2021-02-17 15:15:00,4594.84,9576.37,33.6,8927.7695
2021-02-17 15:20:00,4628.1,9734.05,83.1,8927.7578
2021-02-17 15:25:00,4477.05,9196.6,113.1,8927.7256
2021-02-17 15:30:00,4468.64,9159.41,129.9,8888.7617
2021-02-17 15:35:00,4471.2,9134.31,85.9,8927.707
2021-02-17 15:40:00,4578.04,9354.56,85.8,8927.6543
2021-02-17 15:45:00,4658.64,9716.12,85.9,8934.5391
2021-02-17 15:50:00,4577.22,9064.02,85.9,8720.5332
2021-02-17 15:55:00,4202.55,8445.1,85.9,8697.8643
2021-02-17 16:00:00,4255.23,8697.87,85.9,8770.5996
2021-02-17 16:05:00,4219.58,8965.03,85.9,8869.376
2021-02-17 16:10:00,4333.96,9278.25,130.9,8871.167
2021-02-17 16:15:00,4279.01,9020.58,130.9,8854.4326
2021-02-17 16:20:00,4389.79,9272.37,130.9,8891.0205
2021-02-17 16:25:00,4365.09,9183.98,85.9,8927.5986
2021-02-17 16:30:00,4413.91,9147.39,85.9,8884.9785
2021-02-17 16:35:00,4281.8,8643.29,85.9,8835.3008
2021-02-17 16:40:00,3869.25,7863.04,85.9,8581.5146
2021-02-17 16:45:00,3718.71,7390.53,85.9,8505.9727
2021-02-17 16:50:00,3517.38,7028.69,85.9,8682.2002
2021-02-17 16:55:00,3645.07,7371.69,85.9,8772.7324
2021-02-17 17:00:00,3747.14,7808.39,85.9,8738.1543
2021-02-17 17:05:00,3737.99,7588.33,85.9,8824.749
2021-02-17 17:10:00,3357.09,6588.5,82.8,7536.9956
2021-02-17 17:15:00,3235.08,6030.9,85.9,7494.2607
2021-02-17 17:20:00,3271.07,6318.32,85.9,7970.8218
2021-02-17 17:25:00,3314.99,6644.31,85.9,8428.8584
2021-02-17 17:30:00,3384.57,6450.01,85.9,8569.3223
2021-02-17 17:35:00,3257.35,6262.91,85.9,7673.4478
2021-02-17 17:40:00,3134.96,5572.41,85.9,6912.9214
2021-02-17 17:45:00,3114.52,5399.06,25.9,6680.5752
2021-02-17 17:50:00,3041.94,5388.13,25.9,6887.7407
2021-02-17 17:55:00,3150.35,5523.38,25.9,7096.4033
2021-02-17 18:00:00,3188.15,5641.67,121.32,7230.4155
2021-02-17 18:05:00,3204.44,5466.09,110.92,6558.4849
2021-02-17 18:10:00,3077.22,5113.13,25.9,6079.1572
2021-02-17 18:15:00,2928.94,4948.38,25.9,5920.48
2021-02-17 18:20:00,2810.27,4723.44,25.9,5899.9546
2021-02-17 18:25:00,2760.59,4691.37,25.9,5740.9082
2021-02-17 18:30:00,2722.08,4582.87,25.9,5622.5024
2021-02-17 18:35:00,2704.33,4521.65,25.88,5539.1973
2021-02-17 18:40:00,2768.18,4640.29,25.88,5776.4385
2021-02-17 18:45:00,2839.09,4928.57,25.88,6413.5298
2021-02-17 18:50:00,2823.01,4924.34,25.88,6356.2197
2021-02-17 18:55:00,3029.94,5306.42,25.88,6681.6094
2021-02-17 19:00:00,2892.31,5319.41,25.88,7205.8301
2021-02-17 19:05:00,2625.15,4713.51,25.88,6107.0161
2021-02-17 19:10:00,2485.5,4412.72,25.88,6215.2026
2021-02-17 19:15:00,2648.59,4673.49,25.88,7109.9629
2021-02-17 19:20:00,2611.37,4600.21,25.88,6580.6279
2021-02-17 19:25:00,2625.62,4614.18,25.88,6759.8276
2021-02-17 19:30:00,2803.05,5092.09,25.88,7525.8687
2021-02-17 19:35:00,3018.61,5461.96,25.88,7939.0264
2021-02-17 19:40:00,2899.55,5165.33,21.75,7275.1577
2021-02-17 19:45:00,2766.32,4852.81,25.87,6675.7656
2021-02-17 19:50:00,2724.85,4700.09,25.87,6388.9121
2021-02-17 19:55:00,2653.39,4579.77,25.87,6319.6045
2021-02-17 20:00:00,2819.16,5005.9,25.87,7099.8887
2021-02-17 20:05:00,3137.58,5420.52,25.87,7882.8711
2021-02-17 20:10:00,3218.26,5593.88,25.87,7903.4341
2021-02-17 20:15:00,3026.82,5479.73,25.87,7577.1758
2021-02-17 20:20:00,2866.01,5252.71,25.87,7405.8252
2021-02-17 20:25:00,2931.9,5277.53,25.87,7381.6279
2021-02-17 20:30:00,2947.03,5272.1,25.87,7407.5342
2021-02-17 20:35:00,3048.69,5471.8,25.87,7615.0796
2021-02-17 20:40:00,2843.91,5409.58,25.87,7565.291
2021-02-17 20:45:00,2821.5,5303.16,25.87,7463.3472
2021-02-17 20:50:00,2872.14,5324.66,25.87,7491.876
2021-02-17 20:55:00,2901.51,5433.26,25.87,7570.7012
2021-02-17 21:00:00,2963.01,5699.56,25.87,7913.0044
2021-02-17 21:05:00,3065.11,5888.04,25.87,8395.7861
2021-02-17 21:10:00,3037.88,5888.53,25.87,8387.3398
2021-02-17 21:15:00,2980.88,5724.98,25.87,8368.9873
2021-02-17 21:20:00,3063.32,5919.19,25.87,8403.3311
2021-02-17 21:25:00,3046.15,5930.7,25.87,8437.3984
2021-02-17 21:30:00,3053.42,5993.26,25.87,8603.7295
2021-02-17 21:35:00,3072.0,6124.37,25.87,8616.084
2021-02-17 21:40:00,3105.7,6016.18,25.87,8417.3467
2021-02-17 21:45:00,3183.98,6159.78,25.87,8643.9531
2021-02-17 21:50:00,3249.51,6357.96,25.87,8756.7568
2021-02-17 21:55:00,3167.06,6291.47,25.87,8655.2969
2021-02-17 22:00:00,3287.03,6600.43,25.87,8847.8066
2021-02-17 22:05:00,3407.09,6949.55,25.87,8923.5137
2021-02-17 22:10:00,3161.0,6511.81,25.87,8818.6885
2021-02-17 22:15:00,3145.64,6360.99,17.67,8640.3096
2021-02-17 22:20:00,3061.13,6119.27,25.87,8417.6494
2021-02-17 22:25:00,3006.26,5802.02,25.87,7920.5313
2021-02-17 22:30:00,3139.86,6137.08,25.87,8398.502
2021-02-17 22:35:00,3250.77,6520.56,25.87,8765.668
2021-02-17 22:40:00,3390.69,6823.22,25.87,8853.7852
2021-02-17 22:45:00,3358.29,6859.33,25.87,8837.6895
2021-02-17 22:50:00,3240.08,6550.23,25.87,8673.0322
2021-02-17 22:55:00,3198.18,6367.94,25.86,8608.5703
2021-02-17 23:00:00,3269.4,6645.43,25.86,8698.5195
2021-02-17 23:05:00,3405.24,6892.51,25.86,8849.5137
2021-02-17 23:10:00,3351.51,6984.41,25.84,8838.0195
2021-02-17 23:15:00,3344.02,7066.85,25.84,8823.6465
2021-02-17 23:20:00,3448.29,7242.45,25.84,8855.1201
2021-02-17 23:25:00,3323.18,7094.46,25.84,8633.1875
2021-02-17 23:30:00,3341.89,6628.15,25.84,8196.4629
2021-02-17 23:35:00,3177.01,6201.76,25.84,7938.2573
2021-02-17 23:40:00,3175.75,6340.78,25.84,8400.8477
2021-02-17 23:45:00,3405.31,6600.57,25.84,8820.5908
2021-02-17 23:50:00,3499.3,6928.0,25.84,8923.4131
2021-02-17 23:55:00,3494.96,7268.12,25.84,8924.4531
2021-02-18 00:00:00,3430.88,7202.56,25.84,8775.8477
2021-02-18 00:05:00,3236.6,6595.53,25.84,8686.5576
2021-02-18 00:10:00,3192.41,6492.15,25.84,8681.1631
2021-02-18 00:15:00,3249.64,6643.17,25.84,8758.9404
2021-02-18 00:20:00,3283.52,6775.91,25.84,8774.0586
2021-02-18 00:25:00,3305.71,6981.68,25.84,8785.084
2021-02-18 00:30:00,3392.1,7049.57,25.84,8836.3301
2021-02-18 00:35:00,3443.73,7307.6,25.84,8860.5967
2021-02-18 00:40:00,3441.86,7363.84,25.84,8860.4277
2021-02-18 00:45:00,3449.23,7362.42,25.84,8860.3945
2021-02-18 00:50:00,3473.59,7413.51,25.84,8864.3604
2021-02-18 00:55:00,3483.94,7424.55,25.84,8864.8643
2021-02-18 01:00:00,3482.94,7351.46,25.84,8860.6484
2021-02-18 01:05:00,3435.66,7277.56,25.84,8843.002
2021-02-18 01:10:00,3491.14,7308.45,25.84,8845.8643
2021-02-18 01:15:00,3488.02,7339.64,25.84,8851.4424
2021-02-18 01:20:00,3483.83,7343.35,25.82,8832.1553
2021-02-18 01:25:00,3463.58,7200.23,25.82,8799.7744
2021-02-18 01:30:00,3575.92,7350.84,25.82,8823.4971
2021-02-18 01:35:00,3528.23,7457.47,25.82,8845.6709
2021-02-18 01:40:00,3571.5,7608.88,25.82,8870.4941
2021-02-18 01:45:00,3615.69,7601.29,25.82,8864.5078
2021-02-18 01:50:00,3578.98,7492.23,25.82,8829.501
2021-02-18 01:55:00,3686.19,7768.2,25.82,8876.1396
2021-02-18 02:00:00,3770.91,7907.49,25.82,8875.5186
2021-02-18 02:05:00,3857.77,8060.08,25.82,8882.5
2021-02-18 02:10:00,3905.04,8075.83,25.82,8880.834
2021-02-18 02:15:00,4019.28,8243.18,120.82,8878.2256
2021-02-18 02:20:00,4030.29,8354.47,120.82,8880.4697
2021-02-18 02:25:00,4062.02,8398.35,120.82,8883.668
2021-02-18 02:30:00,4112.55,8601.35,25.82,8891.6572
2021-02-18 02:35:00,4145.79,8841.57,25.82,8936.5234
2021-02-18 02:40:00,4210.28,9004.43,25.82,8946.4697
2021-02-18 02:45:00,4185.03,8950.65,25.82,8949.4063
2021-02-18 02:50:00,4289.38,8829.8,25.82,8951.5605
2021-02-18 02:55:00,4306.95,8779.97,25.82,8932.041
2021-02-18 03:00:00,4201.57,8636.91,25.82,8929.3281
2021-02-18 03:05:00,4160.06,8700.06,25.82,8930.6865
2021-02-18 03:10:00,4208.97,8850.26,25.82,8946.7598
2021-02-18 03:15:00,4253.91,8877.51,25.82,8941.375
2021-02-18 03:20:00,4276.29,8874.04,120.79,8937.0547
2021-02-18 03:25:00,4297.29,8659.86,120.79,8890.9912
2021-02-18 03:30:00,4181.79,8544.17,120.79,8892.791
2021-02-18 03:35:00,4123.14,8566.63,120.79,8890.2051
2021-02-18 03:40:00,4075.17,8381.89,120.79,8885.0889
2021-02-18 03:45:00,4050.86,8224.61,120.79,8881.6094
2021-02-18 03:50:00,4057.62,8237.32,25.79,8880.7451
2021-02-18 03:55:00,4047.63,8257.21,25.79,8880.1133
2021-02-18 04:00:00,4046.91,8199.33,25.79,8878.2305
2021-02-18 04:05:00,4038.92,8203.74,25.79,8880.1338
2021-02-18 04:10:00,4048.07,8209.15,25.79,8881.4951
2021-02-18 04:15:00,4035.32,8251.06,25.79,8883.3232
2021-02-18 04:20:00,4048.54,8357.81,25.79,8884.1445
2021-02-18 04:25:00,3995.4,8292.94,25.79,8884.2139
2021-02-18 04:30:00,4000.57,8307.18,25.79,8884.2891
2021-02-18 04:35:00,3996.46,8386.24,25.79,8886.7891
2021-02-18 04:40:00,4037.91,8389.08,25.79,8884.2939
2021-02-18 04:45:00,4039.1,8074.19,25.79,8875.25
2021-02-18 04:50:00,3830.48,7755.48,25.79,8785.0195
2021-02-18 04:55:00,3823.29,7651.84,25.79,8773.6172
2021-02-18 05:00:00,3829.76,7480.37,25.79,8767.7471
2021-02-18 05:05:00,3700.02,7236.83,25.79,8679.3398
2021-02-18 05:10:00,3674.76,7070.9,25.79,8635.0557
2021-02-18 05:15:00,3683.6,7052.6,25.79,8677.4717
2021-02-18 05:20:00,3692.48,7190.6,25.79,8673.0273
2021-02-18 05:25:00,3651.42,7200.4,25.77,8677.9443
2021-02-18 05:30:00,3696.34,7273.76,25.77,8720.7646
2021-02-18 05:35:00,3780.47,7293.21,25.77,8700.8535
2021-02-18 05:40:00,3717.56,7270.96,25.77,8702.4893
2021-02-18 05:45:00,3634.99,7149.18,25.77,8642.0117
2021-02-18 05:50:00,3520.77,6796.2,25.77,8433.4697
2021-02-18 05:55:00,3392.27,6313.26,25.77,7941.3696
2021-02-18 06:00:00,3482.54,6202.03,25.77,7515.1079
2021-02-18 06:05:00,3392.07,5806.3,25.77,7136.9082
2021-02-18 06:10:00,3334.6,5748.23,25.77,7286.4033
2021-02-18 06:15:00,3217.15,5587.07,25.77,7273.2251
2021-02-18 06:20:00,3141.17,5486.17,25.77,7145.6914
2021-02-18 06:25:00,3099.41,5296.52,25.77,6537.104
2021-02-18 06:30:00,3214.12,5343.26,25.77,6703.688
2021-02-18 06:35:00,3160.93,5391.97,25.77,6776.0234
2021-02-18 06:40:00,3088.0,5300.43,25.77,6594.561
2021-02-18 06:45:00,3067.95,5081.51,25.77,6359.7905
2021-02-18 06:50:00,3060.06,5054.29,25.77,6493.4712
2021-02-18 06:55:00,3000.2,4935.99,25.77,6337.3477
2021-02-18 07:00:00,2929.13,4809.27,25.77,6231.3291
2021-02-18 07:05:00,2885.49,4872.57,25.77,6148.8115
2021-02-18 07:10:00,2930.57,5065.75,25.77,6607.5142
2021-02-18 07:15:00,3074.16,5449.01,25.77,7219.605
2021-02-18 07:20:00,3235.53,5843.31,25.77,8542.1182
2021-02-18 07:25:00,3072.66,5598.97,17.0,7901.2021
2021-02-18 07:30:00,2906.24,5202.3,17.0,6666.2646
2021-02-18 07:35:00,2914.04,5131.98,17.0,6654.5908
2021-02-18 07:40:00,2879.14,5037.44,17.0,6550.8481
2021-02-18 07:45:00,2801.58,4940.15,17.0,6417.5542
2021-02-18 07:50:00,2808.77,4844.46,17.0,6195.3784
2021-02-18 07:55:00,2664.01,4551.04,17.0,5850.5098
2021-02-18 08:00:00,2635.23,4637.69,17.0,6015.5503
2021-02-18 08:05:00,2648.22,4683.88,17.0,5972.4053
2021-02-18 08:10:00,2719.54,4797.41,17.0,6147.5986
2021-02-18 08:15:00,2734.29,4872.74,17.0,6237.5073
2021-02-18 08:20:00,2722.67,4744.72,17.0,6056.0737
2021-02-18 08:25:00,2684.02,4754.34,17.0,6059.5073
2021-02-18 08:30:00,2677.86,4787.53,17.0,6070.3506
2021-02-18 08:35:00,2714.66,4910.33,17.0,6234.7471
2021-02-18 08:40:00,2773.38,4972.75,17.0,6354.9028
2021-02-18 08:45:00,2745.74,4903.42,17.0,6306.2725
2021-02-18 08:50:00,2741.2,4900.63,17.0,6302.7095
2021-02-18 08:55:00,2645.38,4757.53,17.0,6247.1514
2021-02-18 09:00:00,2467.78,4277.15,17.0,5763.8672
2021-02-18 09:05:00,2550.53,4432.35,17.0,6447.6113
2021-02-18 09:10:00,2550.87,4426.81,17.0,6358.9956
2021-02-18 09:15:00,2476.38,4405.56,17.0,6126.7231
2021-02-18 09:20:00,2447.05,4323.63,17.0,5792.9854
2021-02-18 09:25:00,2464.82,4324.93,17.0,5739.1313
2021-02-18 09:30:00,2764.61,5052.81,17.0,7178.6094
2021-02-18 09:35:00,2786.02,5110.94,17.0,6861.9482
2021-02-18 09:40:00,2594.63,4882.57,17.0,6248.5527
2021-02-18 09:45:00,2601.6,4799.58,17.0,6165.2134
2021-02-18 09:50:00,2612.51,4801.88,17.0,6028.0776
2021-02-18 09:55:00,2566.8,4854.53,17.0,6080.2559
2021-02-18 10:00:00,2620.6,4847.31,18.39,6325.5308
2021-02-18 10:05:00,2574.95,4707.07,17.0,6103.77
2021-02-18 10:10:00,2666.14,4755.83,17.0,6120.8184
2021-02-18 10:15:00,2650.03,4677.51,17.0,5906.4292
2021-02-18 10:20:00,2717.45,4702.18,17.0,5895.1211
2021-02-18 10:25:00,2942.57,5214.12,17.0,6435.5908
2021-02-18 10:30:00,2898.05,5072.99,17.0,6798.876
2021-02-18 10:35:00,2855.02,5298.11,17.0,6656.25
2021-02-18 10:40:00,2803.89,5140.02,17.0,6758.1528
2021-02-18 10:45:00,3080.55,5738.84,17.0,7547.3447
2021-02-18 10:50:00,3058.18,5564.02,17.0,7552.167
2021-02-18 10:55:00,3066.12,5617.59,17.0,7356.8789
2021-02-18 11:00:00,3048.85,5384.44,17.0,7324.4038
2021-02-18 11:05:00,3199.04,5765.78,17.0,8111.5913
2021-02-18 11:10:00,3414.0,6237.86,17.0,8489.3008
2021-02-18 11:15:00,3296.96,5981.14,17.0,8346.4668
2021-02-18 11:20:00,3478.1,6425.18,17.0,8633.8857
2021-02-18 11:25:00,3558.7,6801.3,17.0,8678.4063
2021-02-18 11:30:00,3645.03,7114.69,17.0,8694.707
2021-02-18 11:35:00,3503.3,7069.32,17.0,8675.3184
2021-02-18 11:40:00,3631.08,7232.81,17.0,8826.543
2021-02-18 11:45:00,3755.42,7622.68,17.0,8857.5967
2021-02-18 11:50:00,3911.97,7941.78,17.0,8913.3145
2021-02-18 11:55:00,4028.05,8332.13,17.0,8920.8486
2021-02-18 12:00:00,4240.56,8650.07,17.6,8922.8555
2021-02-18 12:05:00,4291.53,8959.57,17.0,8929.3496
2021-02-18 12:10:00,4669.49,9871.1,17.0,8936.0537
2021-02-18 12:15:00,4843.15,10007.18,17.0,8935.0488
2021-02-18 12:20:00,4957.29,10323.0,17.0,8935.6289
2021-02-18 12:25:00,5109.54,10460.93,17.0,8936.3701
2021-02-18 12:30:00,5026.28,10517.43,17.0,8939.6953
2021-02-18 12:35:00,5188.4,10876.95,17.0,8950.542
2021-02-18 12:40:00,5159.64,11170.5,17.0,8951.4971
2021-02-18 12:45:00,5106.78,10765.45,17.0,8957.1387
2021-02-18 12:50:00,5255.82,11145.18,17.0,8960.7588
2021-02-18 12:55:00,5497.44,11685.48,62.0,8960.8594
2021-02-18 13:00:00,5463.05,11656.99,17.0,8962.2158
2021-02-18 13:05:00,5498.92,11996.38,62.0,8971.5479
2021-02-18 13:10:00,5527.98,11703.95,62.0,8973.7471
2021-02-18 13:15:00,5519.81,11815.88,62.0,8971.5947
2021-02-18 13:20:00,5547.92,11688.62,17.0,8972.1504
2021-02-18 13:25:00,5644.43,11792.52,17.4,8975.6396
2021-02-18 13:30:00,5752.92,12510.24,18.3,8977.6641
2021-02-18 13:35:00,5880.7,12820.17,63.9,8974.3672
2021-02-18 13:40:00,6003.81,12839.91,63.0,8973.957
2021-02-18 13:45:00,6010.21,12804.06,63.4,8973.4053
2021-02-18 13:50:00,6030.26,13024.25,64.3,8973.5566
2021-02-18 13:55:00,6069.27,13191.22,63.4,8973.7188
2021-02-18 14:00:00,6222.5,13736.01,63.4,8975.4219
2021-02-18 14:05:00,6163.31,13708.93,17.4,8974.0156
2021-02-18 14:10:00,6180.37,13691.73,17.7,8974.2881
2021-02-18 14:15:00,6245.72,13894.71,17.8,8974.2959
2021-02-18 14:20:00,6084.53,13832.81,17.4,8975.1563
2021-02-18 14:25:00,6234.23,14165.98,17.6,8975.3369
2021-02-18 14:30:00,6319.71,14516.31,17.4,8974.7861
2021-02-18 14:35:00,6337.39,14673.04,17.4,8975.418
2021-02-18 14:40:00,6507.71,15059.63,24.3,8976.8408
2021-02-18 14:45:00,6520.42,15005.57,22.7,8976.8838
2021-02-18 14:50:00,6494.34,15282.21,20.7,8982.4492
2021-02-18 14:55:00,6384.83,14853.54,20.8,8979.957
2021-02-18 15:00:00,6672.35,15443.53,17.6,8989.2051
2021-02-18 15:05:00,6654.07,15428.28,18.9,8989.0967
2021-02-18 15:10:00,6627.27,15375.54,23.8,8988.8203
2021-02-18 15:15:00,6396.19,14947.56,25.7,8979.583
2021-02-18 15:20:00,6524.47,15467.39,26.6,8977.7158
2021-02-18 15:25:00,6074.99,14455.59,26.9,8979.4951
2021-02-18 15:30:00,6152.65,14487.58,26.0,8981.6406
2021-02-18 15:35:00,6273.03,14971.44,26.2,8988.7246
2021-02-18 15:40:00,6571.43,15293.07,26.8,8988.917
2021-02-18 15:45:00,6755.43,15396.42,27.7,8989.7891
2021-02-18 15:50:00,6777.32,15738.17,27.0,8989.0938
2021-02-18 15:55:00,6791.92,15793.31,43.3,8989.0469
2021-02-18 16:00:00,7080.72,16333.8,69.5,8990.1738
2021-02-18 16:05:00,6975.75,16176.29,77.0,8990.0391
2021-02-18 16:10:00,6852.16,15887.68,77.0,8993.6045
2021-02-18 16:15:00,6853.52,15959.89,77.0,8989.7412
2021-02-18 16:20:00,6887.63,15884.27,77.0,8989.7354
2021-02-18 16:25:00,6939.81,16306.1,77.0,8989.7314
2021-02-18 16:30:00,6961.5,16326.97,77.0,8989.6426
2021-02-18 16:35:00,7016.14,16309.79,77.0,8989.7734
2021-02-18 16:40:00,6963.64,16454.18,77.0,8987.7373
2021-02-18 16:45:00,6857.16,16170.68,77.0,8975.4736
2021-02-18 16:50:00,6812.45,16062.64,77.0,8976.2246
2021-02-18 16:55:00,6803.92,16250.85,77.0,8977.2002
2021-02-18 17:00:00,6877.08,15876.77,77.0,8974.9561
2021-02-18 17:05:00,6876.39,15662.11,77.0,8974.0908
2021-02-18 17:10:00,6725.42,15080.46,77.0,8973.8945
2021-02-18 17:15:00,6788.28,14865.47,77.0,8971.2256
2021-02-18 17:20:00,6658.87,14113.22,77.0,8970.6523
2021-02-18 17:25:00,6248.72,13670.7,77.0,8971.2275
2021-02-18 17:30:00,6253.3,13886.38,77.0,8979.9014
2021-02-18 17:35:00,6169.23,13691.75,77.0,8979.3467
2021-02-18 17:40:00,6060.71,13576.34,77.0,8975.5342
2021-02-18 17:45:00,5810.39,13199.32,77.0,8968.665
2021-02-18 17:50:00,5556.77,12347.54,77.0,8944.7666
2021-02-18 17:55:00,5672.71,11529.86,77.0,8943.0361
2021-02-18 18:00:00,5437.9,11516.62,77.0,8942.9131
2021-02-18 18:05:00,5368.47,11237.63,46.4,8944.2578
2021-02-18 18:10:00,5161.79,11326.27,17.5,8933.5654
2021-02-18 18:15:00,5047.65,10790.19,17.0,8835.1318
2021-02-18 18:20:00,4756.54,10263.71,17.0,8740.5
2021-02-18 18:25:00,4661.97,10208.71,17.6,8662.8359
2021-02-18 18:30:00,4402.35,9272.81,17.4,8662.4697
2021-02-18 18:35:00,4403.1,9286.18,17.0,8653.0771
2021-02-18 18:40:00,4442.96,9364.09,17.0,8639.1279
2021-02-18 18:45:00,4346.1,9072.17,17.0,8639.4004
2021-02-18 18:50:00,4266.54,8901.57,17.0,8633.5869
2021-02-18 18:55:00,4120.48,9028.48,17.0,8633.5371
2021-02-18 19:00:00,4074.63,9121.54,27.1,8666.4092
2021-02-18 19:05:00,4217.75,9323.19,80.0,8667.1768
2021-02-18 19:10:00,4124.02,9253.99,49.0,8671.2119
2021-02-18 19:15:00,4203.85,9513.06,49.0,8671.8477
2021-02-18 19:20:00,4175.65,9459.41,49.0,8669.7783
2021-02-18 19:25:00,4205.4,9594.02,49.0,8655.9102
2021-02-18 19:30:00,4045.03,9304.59,49.0,8473.4082
2021-02-18 19:35:00,4156.55,9250.36,49.0,8649.9268
2021-02-18 19:40:00,4259.41,9580.92,95.0,8657.3613
2021-02-18 19:45:00,4358.51,9811.35,95.0,8648.9531
2021-02-18 19:50:00,4249.04,9525.52,63.0,8667.9707
2021-02-18 19:55:00,4335.21,9550.49,63.0,8656.835
2021-02-18 20:00:00,4356.56,9627.53,18.45,8674.2012
2021-02-18 20:05:00,4444.31,9845.58,17.0,8675.4893
2021-02-18 20:10:00,4306.35,9745.91,17.0,8673.7031
2021-02-18 20:15:00,4354.36,9657.14,17.0,8674.3975
2021-02-18 20:20:00,4379.79,9987.48,17.0,8675.1826
2021-02-18 20:25:00,4419.44,10089.0,17.0,8682.252
2021-02-18 20:30:00,4354.94,10071.42,17.0,8672.8271
2021-02-18 20:35:00,4306.19,9757.25,17.0,8680.3574
2021-02-18 20:40:00,4403.75,9943.47,17.0,8680.7617
2021-02-18 20:45:00,4437.6,10140.61,17.0,8828.5488
2021-02-18 20:50:00,4469.58,10327.54,17.0,8820.8584
2021-02-18 20:55:00,4375.6,10072.23,17.0,8799.0439
2021-02-18 21:00:00,4446.97,10015.9,17.2,8831.1543
2021-02-18 21:05:00,4594.96,10293.35,17.0,8837.0195
2021-02-18 21:10:00,4565.97,10361.71,17.0,8835.1367
2021-02-18 21:15:00,4578.94,10360.24,17.0,8835.2129
2021-02-18 21:20:00,4580.44,10319.86,17.0,8837.25
2021-02-18 21:25:00,4625.42,10482.41,17.0,8839.2363
2021-02-18 21:30:00,4554.54,10422.36,17.0,8839.833
2021-02-18 21:35:00,4727.94,10678.42,17.0,8906.168
2021-02-18 21:40:00,4734.98,10597.4,17.0,8918.1895
2021-02-18 21:45:00,4808.74,10606.7,17.0,8919.6436
2021-02-18 21:50:00,4734.35,10714.16,17.0,8928.8467
2021-02-18 21:55:00,4742.6,10750.84,17.0,8931.6035
2021-02-18 22:00:00,4927.48,10773.83,17.0,8939.8135
2021-02-18 22:05:00,5261.33,11488.28,17.0,8940.4863
2021-02-18 22:10:00,5220.99,11548.75,17.0,8941.5479
2021-02-18 22:15:00,5248.64,11508.28,17.0,8941.7051
2021-02-18 22:20:00,5233.88,11466.61,17.0,8949.3809
2021-02-18 22:25:00,5197.63,11517.36,17.0,8952.4043
2021-02-18 22:30:00,5228.68,11701.43,17.0,8961.5977
2021-02-18 22:35:00,5205.19,11777.04,17.0,8957.8896
2021-02-18 22:40:00,5149.92,11503.76,17.0,8958.9287
2021-02-18 22:45:00,5186.57,11827.86,17.0,8960.3281
2021-02-18 22:50:00,5262.17,12018.13,17.0,8963.0693
2021-02-18 22:55:00,5276.67,12053.71,17.0,8963.4717
2021-02-18 23:00:00,5296.86,12111.64,17.0,8968.9063
2021-02-18 23:05:00,5222.4,11927.44,17.0,8970.3184
2021-02-18 23:10:00,5263.62,12117.96,17.0,8970.5928
2021-02-18 23:15:00,5040.8,11398.42,17.0,8962.8477
2021-02-18 23:20:00,4963.0,11508.3,17.0,8969.292
2021-02-18 23:25:00,5063.64,11811.28,17.0,8969.4043
2021-02-18 23:30:00,5062.37,11811.15,17.0,8970.7744
2021-02-18 23:35:00,5115.32,11891.83,17.0,8970.9199
2021-02-18 23:40:00,5125.75,11818.48,17.0,8970.9727
2021-02-18 23:45:00,5216.98,11947.34,17.0,8971.5811
2021-02-18 23:50:00,5206.83,11954.66,17.0,8971.7188
2021-02-18 23:55:00,5296.6,12074.45,17.0,8971.8447
2021-02-19 00:00:00,5321.2,12279.19,57.0,8971.791
2021-02-19 00:05:00,5514.39,12410.5,57.0,8972.1436
2021-02-19 00:10:00,5542.15,12432.13,57.0,8972.3154
2021-02-19 00:15:00,5535.6,12397.41,57.0,8972.1602
2021-02-19 00:20:00,5540.19,12211.04,57.0,8972.1016
2021-02-19 00:25:00,5505.39,12299.96,57.0,8971.9268
2021-02-19 00:30:00,5399.51,12154.36,17.0,8971.9766
2021-02-19 00:35:00,5428.21,12087.83,17.0,8972.1025
2021-02-19 00:40:00,5492.58,12111.42,17.0,8971.6924
2021-02-19 00:45:00,5603.17,12347.4,17.0,8971.5928
2021-02-19 00:50:00,5725.44,12538.28,17.0,8970.501
2021-02-19 00:55:00,5652.99,12443.62,17.0,8970.4727
2021-02-19 01:00:00,5626.52,12200.91,17.0,8970.4346
2021-02-19 01:05:00,5522.22,12118.38,17.0,8970.5117
2021-02-19 01:10:00,5594.87,12335.52,17.0,8970.5527
2021-02-19 01:15:00,5697.5,12630.36,17.0,8970.5068
2021-02-19 01:20:00,5675.97,12745.08,17.0,8970.4033
2021-02-19 01:25:00,5604.49,12315.36,17.0,8970.4277
2021-02-19 01:30:00,5652.77,12481.98,17.0,8970.334
2021-02-19 01:35:00,5661.1,12593.25,17.0,8970.3184
2021-02-19 01:40:00,5594.1,12513.25,17.0,8970.5244
2021-02-19 01:45:00,5564.66,12478.22,17.0,8970.373
2021-02-19 01:50:00,5650.59,12688.64,17.0,8970.3223
2021-02-19 01:55:00,5624.26,12526.5,17.0,8970.2451
2021-02-19 02:00:00,5609.38,12648.02,17.0,8970.3916
2021-02-19 02:05:00,5569.42,12486.16,17.0,8970.2607
2021-02-19 02:10:00,5552.67,12471.86,17.0,8970.1729
2021-02-19 02:15:00,5542.93,12400.26,17.0,8970.0313
2021-02-19 02:20:00,5445.49,12288.91,17.0,8970.042
2021-02-19 02:25:00,5373.7,12073.56,17.0,8967.9121
2021-02-19 02:30:00,5330.57,11996.94,17.0,8969.9814
2021-02-19 02:35:00,5406.27,12231.78,17.0,8964.752
2021-02-19 02:40:00,5374.09,12056.97,17.0,8967.1533
2021-02-19 02:45:00,5248.54,11827.54,17.0,8957.9639
2021-02-19 02:50:00,5275.3,11873.34,17.0,8956.2461
2021-02-19 02:55:00,5232.54,11664.8,26.9,8935.8223
2021-02-19 03:00:00,5256.55,11865.22,26.9,8949.8662
2021-02-19 03:05:00,5197.12,11623.88,26.9,8934.8438
2021-02-19 03:10:00,5182.68,11576.46,26.9,8943.4072
2021-02-19 03:15:00,5196.01,11770.94,26.9,8939.8467
2021-02-19 03:20:00,5179.12,11627.0,26.9,8934.7598
2021-02-19 03:25:00,5082.55,11473.51,26.9,8933.1436
2021-02-19 03:30:00,5047.16,11304.97,26.9,8931.6484
2021-02-19 03:35:00,5032.67,11282.0,26.9,8929.4941
2021-02-19 03:40:00,4937.73,11049.33,26.9,8927.0684
2021-02-19 03:45:00,4846.36,10643.29,26.9,8920.8936
2021-02-19 03:50:00,4882.29,10720.94,26.9,8920.5625
2021-02-19 03:55:00,4877.8,10575.18,26.9,8919.9824
2021-02-19 04:00:00,4861.78,10635.68,26.9,8917.0205
2021-02-19 04:05:00,4627.09,10075.32,26.9,8723.9912
2021-02-19 04:10:00,4536.69,9889.89,26.9,8712.0059
2021-02-19 04:15:00,4380.82,9474.1,26.9,8680.4404
2021-02-19 04:20:00,4371.08,9381.27,26.9,8686.3242
2021-02-19 04:25:00,4340.23,9262.78,26.9,8685.7979
2021-02-19 04:30:00,4274.14,9066.87,26.9,8670.5391
2021-02-19 04:35:00,4266.17,9015.59,26.9,8465.9229
2021-02-19 04:40:00,4203.06,8768.5,26.9,8274.4189
2021-02-19 04:45:00,4182.23,8619.3,26.9,8342.416
2021-02-19 04:50:00,4141.19,8509.9,26.9,8224.6504
2021-02-19 04:55:00,4082.45,8086.33,142.9,7917.6821
2021-02-19 05:00:00,4069.89,7872.65,142.9,7724.9321
2021-02-19 05:05:00,4095.62,7729.12,72.9,7920.4106
2021-02-19 05:10:00,4030.33,7698.87,72.9,7524.2769
2021-02-19 05:15:00,4011.64,7564.07,72.9,7568.3589
2021-02-19 05:20:00,3973.72,7492.29,72.9,7531.5024
2021-02-19 05:25:00,3796.23,7191.85,204.9,7304.2148
2021-02-19 05:30:00,3807.65,7158.77,26.9,7466.6455
2021-02-19 05:35:00,3711.19,6937.01,26.9,7293.2202
2021-02-19 05:40:00,3641.5,6682.74,26.9,6780.5688
2021-02-19 05:45:00,3615.54,6492.33,26.9,6801.0098
2021-02-19 05:50:00,3517.04,6248.59,26.9,6687.561
2021-02-19 05:55:00,3432.64,5941.51,26.9,6526.77
2021-02-19 06:00:00,3412.39,5649.61,26.9,6254.3003
2021-02-19 06:05:00,3259.59,5061.53,26.9,5972.5649
2021-02-19 06:10:00,2921.67,4867.26,26.9,5829.1069
2021-02-19 06:15:00,2913.14,4726.7,26.9,5794.6064
2021-02-19 06:20:00,2764.01,4481.7,26.9,5551.52
2021-02-19 06:25:00,2820.16,4414.32,26.9,5592.4863
2021-02-19 06:30:00,2821.86,4385.26,26.9,5577.1177
2021-02-19 06:35:00,2821.19,4360.88,26.9,5312.0552
2021-02-19 06:40:00,2705.91,4175.19,26.9,4993.9229
2021-02-19 06:45:00,2708.08,4129.24,26.9,4967.6753
2021-02-19 06:50:00,2706.45,4197.33,26.9,5036.1431
2021-02-19 06:55:00,2752.47,4247.66,26.9,5089.7827
2021-02-19 07:00:00,2955.59,4575.66,26.9,5744.7441
2021-02-19 07:05:00,2806.11,4409.92,26.9,5592.1699
2021-02-19 07:10:00,2855.87,4526.51,26.9,5723.5488
2021-02-19 07:15:00,2836.18,4567.19,26.9,5735.5059
2021-02-19 07:20:00,2872.48,4715.01,26.9,5915.6108
2021-02-19 07:25:00,2951.51,4843.44,26.9,5991.9653
2021-02-19 07:30:00,2855.99,4813.3,26.9,6038.8481
2021-02-19 07:35:00,2836.75,4810.07,26.9,5989.9663
2021-02-19 07:40:00,3105.88,5370.08,26.9,7228.7686
2021-02-19 07:45:00,3079.15,5497.18,26.9,7309.0347
2021-02-19 07:50:00,3108.47,5682.32,26.9,7405.7173
2021-02-19 07:55:00,3211.75,5856.53,26.9,7520.7007
2021-02-19 08:00:00,3232.78,6060.23,26.9,7908.8276
2021-02-19 08:05:00,3439.45,6454.38,26.9,7926.4116
2021-02-19 08:10:00,3543.55,6844.02,26.9,8239.7246
2021-02-19 08:15:00,3663.89,7416.51,26.9,8513.8467
2021-02-19 08:20:00,3922.22,8028.72,26.9,8655.7979
2021-02-19 08:25:00,4042.09,8325.75,26.9,8770.8096
2021-02-19 08:30:00,4162.89,8482.5,26.9,8899.002
2021-02-19 08:35:00,4329.2,9020.05,26.9,8919.9346
2021-02-19 08:40:00,4579.76,9604.94,26.9,8922.7773
2021-02-19 08:45:00,4835.37,10123.39,26.9,8925.8994
2021-02-19 08:50:00,4858.22,10466.67,26.9,8925.3125
2021-02-19 08:55:00,5078.99,11064.53,26.9,8925.5605
2021-02-19 09:00:00,5003.72,11246.12,26.9,8931.6279
2021-02-19 09:05:00,4948.41,11067.37,26.9,16.7632
2021-02-19 09:10:00,5174.08,11681.46,110.9,29.3993
2021-02-19 09:15:00,5139.95,12018.67,156.9,27.5486
2021-02-19 09:20:00,5328.87,12444.45,156.9,6.4422
2021-02-19 09:25:00,5582.58,12788.55,157.3,5.1975
2021-02-19 09:30:00,5621.48,13168.14,158.6,3.6484
2021-02-19 09:35:00,5704.12,13431.51,157.4,22.2625
2021-02-19 09:40:00,5725.32,13641.63,27.8,19.8682
2021-02-19 09:45:00,5851.07,14123.35,27.3,15.3363
2021-02-19 09:50:00,5898.69,14327.11,27.3,4.7702
2021-02-19 09:55:00,6198.46,14170.36,27.3,3.5349
2021-02-19 10:00:00,6506.42,15088.05,27.3,0.0
2021-02-19 10:05:00,6600.37,14971.26,27.3,2.3537
2021-02-19 10:10:00,6254.78,13837.33,157.6,10.2476
2021-02-19 10:15:00,5936.93,13254.91,643.97,4.5009
2021-02-19 10:20:00,5971.63,13834.91,1084.14,2.2105
2021-02-19 10:25:00,5887.93,13963.99,1564.39,2.3489
2021-02-19 10:30:00,5871.7,14432.21,1224.69,2.0484
2021-02-19 10:35:00,6066.88,15453.75,591.8,2.2862
2021-02-19 10:40:00,6056.13,15818.79,661.8,2.386
2021-02-19 10:45:00,6005.94,15838.51,802.9,3.1559
2021-02-19 10:50:00,6034.31,15683.56,1391.3,13.1948
2021-02-19 10:55:00,6096.19,15635.4,1594.86,5.9245
2021-02-19 11:00:00,6155.22,16148.98,1886.81,5.4666
2021-02-19 11:05:00,6075.5,15598.98,1946.0,4.9209
2021-02-19 11:10:00,6051.07,15597.95,2020.19,3.6726
2021-02-19 11:15:00,6216.69,15884.97,2222.16,1.7543
2021-02-19 11:20:00,6317.75,16249.98,2182.41,3.6723
2021-02-19 11:25:00,6351.26,16372.46,2235.38,3.9795
2021-02-19 11:30:00,6421.4,16379.34,2297.12,4.292
2021-02-19 11:35:00,6502.22,16494.57,2297.04,4.3184
2021-02-19 11:40:00,6613.73,16931.68,2297.05,2.7144
2021-02-19 11:45:00,6678.04,16996.15,2297.05,2.8974
2021-02-19 11:50:00,6535.56,17123.4,2297.27,2.6474
2021-02-19 11:55:00,6782.48,17476.08,2297.26,1.2748
2021-02-19 12:00:00,6949.84,18208.62,2293.71,1.1261
2021-02-19 12:05:00,6995.06,18425.55,2208.86,0.2961
2021-02-19 12:10:00,7032.5,18557.44,2178.79,0.3335
2021-02-19 12:15:00,7021.56,18618.34,2224.79,0.2713
2021-02-19 12:20:00,7088.56,18774.9,2225.02,0.1715
2021-02-19 12:25:00,7087.08,18972.58,2225.05,0.1873
2021-02-19 12:30:00,7151.23,19034.15,2221.83,0.0184
2021-02-19 12:35:00,7244.22,19169.43,2274.75,0.1969
2021-02-19 12:40:00,7261.28,19025.29,2274.8,0.5891
2021-02-19 12:45:00,7355.4,19631.64,2274.8,0.231
2021-02-19 12:50:00,7431.13,19958.54,2433.36,0.8967
2021-02-19 12:55:00,7496.77,19866.71,2680.48,11.2401
2021-02-19 13:00:00,7477.87,20015.66,2675.35,0.2619
2021-02-19 13:05:00,7535.8,20103.99,2923.23,0.3394
2021-02-19 13:10:00,7454.52,20240.04,2919.21,1.4033
2021-02-19 13:15:00,7403.27,19983.8,2919.23,4.5798
2021-02-19 13:20:00,7539.11,20545.42,2853.6,9.667
2021-02-19 13:25:00,7633.96,20847.33,2857.69,9.7612
2021-02-19 13:30:00,7829.65,21188.22,2854.72,9.2929
2021-02-19 13:35:00,7859.93,21069.42,2858.59,9.5822
2021-02-19 13:40:00,7928.71,21479.46,2858.37,9.3815
2021-02-19 13:45:00,8013.61,21365.81,2858.37,6.3337
2021-02-19 13:50:00,8019.14,21777.83,2854.6,2.3168
2021-02-19 13:55:00,8121.77,22317.61,2900.71,0.6056
2021-02-19 14:00:00,8095.42,22508.88,3441.02,0.637
2021-02-19 14:05:00,8068.61,22383.43,3440.56,0.5716
2021-02-19 14:10:00,8172.42,22760.07,3440.6,0.4329
2021-02-19 14:15:00,8158.92,22583.47,3440.56,0.5908
2021-02-19 14:20:00,8161.68,22544.21,3440.56,0.6514
2021-02-19 14:25:00,8185.59,22931.24,3444.55,0.687
2021-02-19 14:30:00,8116.62,22735.83,3444.6,0.5747
2021-02-19 14:35:00,8130.56,22757.68,3571.56,0.5692
2021-02-19 14:40:00,8030.5,22484.59,3572.38,0.5782
2021-02-19 14:45:00,8093.16,22776.46,3568.36,0.5723
2021-02-19 14:50:00,8106.66,22883.07,3573.55,0.5319
2021-02-19 14:55:00,8098.87,22701.38,3705.51,0.5392
2021-02-19 15:00:00,8119.43,22764.46,3802.21,0.4692
2021-02-19 15:05:00,8118.89,22942.95,3801.31,0.2354
2021-02-19 15:10:00,8194.77,22968.97,3798.29,0.2461
2021-02-19 15:15:00,8238.42,23001.19,3805.12,0.2394
2021-02-19 15:20:00,8192.6,23099.75,3805.1,0.381
2021-02-19 15:25:00,8169.23,23327.59,3797.11,0.7951
2021-02-19 15:30:00,8338.06,23397.79,3797.21,0.7923
2021-02-19 15:35:00,8342.78,23438.77,3801.29,0.7922
2021-02-19 15:40:00,8384.31,23552.42,3800.07,0.7906
2021-02-19 15:45:00,8406.35,23904.19,3702.92,0.7537
2021-02-19 15:50:00,8458.74,23795.68,3703.21,0.6877
2021-02-19 15:55:00,8487.41,23895.61,3706.18,0.6872
2021-02-19 16:00:00,8516.92,24062.93,3703.56,0.4523
2021-02-19 16:05:00,8493.43,24002.22,3784.45,0.8433
2021-02-19 16:10:00,8425.55,23796.87,3862.53,0.881
2021-02-19 16:15:00,8359.45,24086.2,3864.4,0.1516
2021-02-19 16:20:00,8457.45,23776.77,3884.39,0.0
2021-02-19 16:25:00,8361.5,23725.11,3883.42,0.0
2021-02-19 16:30:00,8384.37,23910.71,3886.45,0.0
2021-02-19 16:35:00,8303.96,23466.28,3886.39,0.0
2021-02-19 16:40:00,8254.17,23154.53,3882.18,0.0
2021-02-19 16:45:00,8252.52,22943.17,3886.23,0.0
2021-02-19 16:50:00,8139.78,22530.52,3886.36,0.0
2021-02-19 16:55:00,8110.71,22190.26,3883.22,0.0
2021-02-19 17:00:00,8077.86,22051.61,3887.68,0.0
2021-02-19 17:05:00,7986.82,21498.6,3883.92,0.0
2021-02-19 17:10:00,7892.69,20963.0,3882.84,0.0
2021-02-19 17:15:00,7907.08,20453.76,3886.69,0.0
2021-02-19 17:20:00,7925.93,20200.54,3887.63,0.0
2021-02-19 17:25:00,7787.84,19669.54,3883.85,0.0
2021-02-19 17:30:00,7644.75,18800.12,3891.9,0.0
2021-02-19 17:35:00,7540.41,18088.94,3890.95,0.0
2021-02-19 17:40:00,7464.08,17393.17,3650.73,0.0
2021-02-19 17:45:00,7437.8,17027.94,3650.71,0.0
2021-02-19 17:50:00,7372.66,16815.55,3650.84,0.0
2021-02-19 17:55:00,7135.63,16214.92,3659.87,0.0
2021-02-19 18:00:00,6871.09,15377.66,3666.39,0.0
2021-02-19 18:05:00,6517.24,14439.33,3755.08,0.0
2021-02-19 18:10:00,5961.1,13708.57,3753.97,0.0
2021-02-19 18:15:00,5643.83,13250.74,3753.86,0.0
2021-02-19 18:20:00,5452.48,12797.04,3753.82,0.0
2021-02-19 18:25:00,5389.24,12693.78,3753.9,0.0
2021-02-19 18:30:00,5136.23,12176.13,3754.02,0.0
2021-02-19 18:35:00,5151.91,11986.73,3753.99,0.0
2021-02-19 18:40:00,5096.48,11662.33,3753.66,0.0
2021-02-19 18:45:00,5299.84,12096.52,3753.68,0.0
2021-02-19 18:50:00,4985.52,11905.08,3752.92,0.0
2021-02-19 18:55:00,4903.16,11528.61,3753.04,0.0
2021-02-19 19:00:00,4827.42,11634.96,3756.47,0.0
2021-02-19 19:05:00,5131.01,11882.57,3755.91,0.0
2021-02-19 19:10:00,5002.07,11920.12,3757.7,0.0
2021-02-19 19:15:00,5079.59,12213.25,3756.77,0.0
2021-02-19 19:20:00,5088.67,12283.11,3756.2,0.0
2021-02-19 19:25:00,5116.51,12367.53,3755.86,0.0
2021-02-19 19:30:00,5141.24,12473.08,3756.66,0.0
2021-02-19 19:35:00,5061.38,12474.26,3755.79,0.0
2021-02-19 19:40:00,4990.42,12362.59,3755.72,0.0
2021-02-19 19:45:00,4989.03,12411.66,3755.33,0.0
2021-02-19 19:50:00,4976.34,12404.45,3757.81,0.0
2021-02-19 19:55:00,4953.88,12422.81,3757.7,0.0
2021-02-19 20:00:00,5073.08,12694.9,3758.2,0.0
2021-02-19 20:05:00,5072.91,12818.23,3758.18,0.0
2021-02-19 20:10:00,5013.52,12715.31,3758.22,0.0
2021-02-19 20:15:00,4985.28,12546.95,3758.01,0.0
2021-02-19 20:20:00,5159.3,12634.82,3758.02,0.0
2021-02-19 20:25:00,5244.27,12827.73,3758.11,0.0
2021-02-19 20:30:00,5194.51,12438.57,3758.18,0.0
2021-02-19 20:35:00,5350.58,12855.29,3758.15,0.0
2021-02-19 20:40:00,5292.29,12810.4,3757.95,0.0
2021-02-19 20:45:00,5611.01,13433.48,3757.92,0.0
2021-02-19 20:50:00,5639.33,13598.57,3761.12,0.0
2021-02-19 20:55:00,5571.53,13606.98,3761.15,0.0
2021-02-19 21:00:00,5549.9,13770.31,3762.01,0.0
2021-02-19 21:05:00,5633.16,13914.3,3761.51,0.0
2021-02-19 21:10:00,5604.19,13864.84,3761.42,0.0
2021-02-19 21:15:00,5705.7,13891.01,3761.27,0.0
2021-02-19 21:20:00,5795.51,13992.49,3761.26,0.0
2021-02-19 21:25:00,5815.7,14111.2,3761.36,0.0
2021-02-19 21:30:00,5853.62,14239.74,3761.4,0.0
2021-02-19 21:35:00,5891.63,14273.86,3761.41,0.0
2021-02-19 21:40:00,5809.44,14046.14,3761.18,0.0
2021-02-19 21:45:00,5767.26,14036.84,3761.2,0.0
2021-02-19 21:50:00,5809.81,14216.31,3761.56,0.0
2021-02-19 21:55:00,5810.95,14324.15,3761.55,0.0
2021-02-19 22:00:00,5894.54,14469.99,3762.08,0.0
2021-02-19 22:05:00,5878.06,14495.85,3761.98,0.0
2021-02-19 22:10:00,5826.5,14444.72,3761.98,0.0
2021-02-19 22:15:00,5818.93,14459.63,3761.83,0.0
2021-02-19 22:20:00,5874.75,14473.63,3761.83,0.0
2021-02-19 22:25:00,5881.42,14561.56,3761.91,0.0
2021-02-19 22:30:00,5847.53,14394.01,3753.01,0.0
2021-02-19 22:35:00,5891.53,14563.27,3753.98,0.0
2021-02-19 22:40:00,5907.89,14538.76,3753.78,0.0
2021-02-19 22:45:00,5963.39,14769.17,3753.75,0.0
2021-02-19 22:50:00,6059.01,14889.46,3753.95,0.0
2021-02-19 22:55:00,5978.79,14856.98,3753.98,0.0
2021-02-19 23:00:00,6184.8,15163.13,3754.82,0.0
2021-02-19 23:05:00,6247.85,15371.23,3755.43,0.0
2021-02-19 23:10:00,6267.98,15302.74,3756.42,0.0
2021-02-19 23:15:00,6263.53,15278.89,3756.22,0.0
2021-02-19 23:20:00,6288.96,15186.8,3754.42,0.0
2021-02-19 23:25:00,6377.87,15183.38,3755.61,0.0
2021-02-19 23:30:00,6401.88,15277.46,3755.61,0.0
2021-02-19 23:35:00,6334.82,15192.27,3754.6,0.0
2021-02-19 23:40:00,6329.37,15153.83,3754.85,0.0
2021-02-19 23:45:00,6359.97,15168.05,3755.42,0.0
2021-02-19 23:50:00,6383.44,15211.55,3699.71,0.0
2021-02-19 23:55:00,6396.5,15348.13,3700.01,0.0
2021-02-20 00:00:00,6586.14,15651.87,3803.82,0.0
2021-02-20 00:05:00,6551.75,15453.75,3780.6,0.0
2021-02-20 00:10:00,6487.12,15425.23,3779.87,0.0
2021-02-20 00:15:00,6427.09,15315.76,3816.23,0.0
2021-02-20 00:20:00,6367.49,15002.52,3814.31,0.0
2021-02-20 00:25:00,6367.44,14948.2,3814.16,0.0
2021-02-20 00:30:00,6451.6,15037.44,3814.01,0.0
2021-02-20 00:35:00,6416.76,15020.8,3814.22,0.0
2021-02-20 00:40:00,6459.75,15120.97,3813.27,0.0
2021-02-20 00:45:00,6411.59,14986.61,3813.52,0.0
2021-02-20 00:50:00,6379.9,14973.16,3813.11,0.0
2021-02-20 00:55:00,6268.64,14538.94,3812.64,0.0
2021-02-20 01:00:00,6152.23,14534.55,3767.67,0.0
2021-02-20 01:05:00,6180.62,14490.72,3878.26,0.0
2021-02-20 01:10:00,6274.92,14723.07,3880.45,0.0
2021-02-20 01:15:00,6299.72,14788.04,3879.17,0.0
2021-02-20 01:20:00,6264.36,14841.94,3882.95,0.0
2021-02-20 01:25:00,6306.94,14747.46,3921.53,0.0
2021-02-20 01:30:00,6296.41,14736.34,3925.19,0.0
2021-02-20 01:35:00,6152.97,14552.28,3925.21,0.0
2021-02-20 01:40:00,6059.68,14389.78,3924.15,0.0
2021-02-20 01:45:00,6101.26,14378.76,3924.58,0.0
2021-02-20 01:50:00,6078.76,14326.23,3925.21,0.0
2021-02-20 01:55:00,6069.4,14345.29,3924.51,0.0
2021-02-20 02:00:00,6032.66,14120.52,3884.67,0.0
2021-02-20 02:05:00,6021.25,14033.34,3884.8,0.0
2021-02-20 02:10:00,5972.9,13972.71,3885.61,0.0
2021-02-20 02:15:00,5902.16,13844.39,3884.14,0.0
2021-02-20 02:20:00,5868.98,13704.2,3884.24,0.0
2021-02-20 02:25:00,5791.6,13581.4,3884.55,0.0
2021-02-20 02:30:00,5743.17,13545.08,3929.8,0.0
2021-02-20 02:35:00,5705.47,13458.27,3884.32,0.0
2021-02-20 02:40:00,5584.18,13206.77,3884.85,0.0
2021-02-20 02:45:00,5484.7,12971.13,3883.89,0.0
2021-02-20 02:50:00,5425.56,12569.94,3884.12,0.0
2021-02-20 02:55:00,5398.36,12326.9,3884.52,0.0
2021-02-20 03:00:00,5372.81,12106.19,3884.29,0.0
2021-02-20 03:05:00,5325.53,12002.51,3885.02,0.0
2021-02-20 03:10:00,5290.37,11938.21,3884.24,0.0
2021-02-20 03:15:00,5236.18,11811.82,3884.49,0.0
2021-02-20 03:20:00,5160.33,11596.74,3888.11,0.0
2021-02-20 03:25:00,5066.46,11418.1,3888.49,0.0
2021-02-20 03:30:00,4976.0,11226.49,3887.32,0.0
2021-02-20 03:35:00,4914.41,11099.5,3824.04,0.0
2021-02-20 03:40:00,4830.61,11034.13,3823.72,0.0
2021-02-20 03:45:00,4674.21,10668.1,3822.36,0.0
2021-02-20 03:50:00,4602.17,10296.14,3800.02,0.0
2021-02-20 03:55:00,4705.16,10394.24,3701.07,0.0
2021-02-20 04:00:00,4714.62,10194.2,3825.67,0.0
2021-02-20 04:05:00,4682.42,10021.78,3825.65,0.0
2021-02-20 04:10:00,4560.77,9915.59,3825.66,0.0
2021-02-20 04:15:00,4405.44,9628.13,3825.53,0.0
2021-02-20 04:20:00,4408.5,9528.89,3825.51,0.0
2021-02-20 04:25:00,4364.35,9485.34,3825.72,0.0
2021-02-20 04:30:00,4312.83,9336.61,3825.67,0.0
2021-02-20 04:35:00,4196.15,9110.82,3825.66,0.0
2021-02-20 04:40:00,4189.99,8946.01,3825.45,0.0
2021-02-20 04:45:00,4197.99,8941.85,3779.45,0.0
2021-02-20 04:50:00,4200.61,8805.97,3733.69,0.0
2021-02-20 04:55:00,4234.82,8942.52,3637.72,0.0
2021-02-20 05:00:00,4372.56,9118.77,3636.86,0.0
2021-02-20 05:05:00,4280.34,8774.2,3636.81,0.0
2021-02-20 05:10:00,4189.58,8560.13,3636.86,0.0
2021-02-20 05:15:00,4276.95,8635.24,3636.71,0.0
2021-02-20 05:20:00,4217.09,8547.76,3644.68,0.0
2021-02-20 05:25:00,4333.18,8636.06,3644.83,0.0
2021-02-20 05:30:00,4384.67,8629.8,3644.89,0.0
2021-02-20 05:35:00,4272.67,8508.88,3644.92,0.0
2021-02-20 05:40:00,4262.15,8467.5,3549.7,0.0
2021-02-20 05:45:00,4229.84,8509.68,3549.63,0.0
2021-02-20 05:50:00,4296.12,8463.67,3549.71,0.0
2021-02-20 05:55:00,4279.92,8352.46,3499.86,0.0
2021-02-20 06:00:00,4234.31,8424.08,3484.13,0.0
2021-02-20 06:05:00,4005.37,7940.23,3468.77,0.0
2021-02-20 06:10:00,3886.45,7555.89,3468.75,0.0
2021-02-20 06:15:00,3920.01,7504.18,3413.25,0.0
2021-02-20 06:20:00,3922.22,7511.36,3413.22,0.0
2021-02-20 06:25:00,3887.31,7629.02,3274.22,0.0
2021-02-20 06:30:00,3890.39,7609.02,3274.24,0.0
2021-02-20 06:35:00,3848.68,7459.92,3274.34,0.0
2021-02-20 06:40:00,3705.45,7221.17,3226.22,0.0
2021-02-20 06:45:00,3651.06,7095.73,3226.23,0.0
2021-02-20 06:50:00,3476.37,6841.7,3194.7,0.0
2021-02-20 06:55:00,3552.38,6992.96,3102.7,0.0
2021-02-20 07:00:00,3558.15,7060.23,2939.7,0.0
2021-02-20 07:05:00,3559.87,6919.82,2939.7,0.0
2021-02-20 07:10:00,3512.7,6871.34,2939.7,0.0
2021-02-20 07:15:00,3460.67,6819.14,2939.7,0.0
2021-02-20 07:20:00,3444.43,6873.98,2939.7,0.0
2021-02-20 07:25:00,3501.67,6873.79,2840.7,0.0
2021-02-20 07:30:00,3511.43,6850.48,2840.7,0.0
2021-02-20 07:35:00,3515.01,6950.8,2746.7,0.0
2021-02-20 07:40:00,3626.41,7116.49,2746.7,0.0
2021-02-20 07:45:00,3805.98,7464.25,2698.7,0.0
2021-02-20 07:50:00,3924.85,7564.38,2695.7,0.0
2021-02-20 07:55:00,3981.26,7565.21,2695.7,0.0
2021-02-20 08:00:00,4113.23,7961.24,2726.6,0.0
2021-02-20 08:05:00,4277.48,8433.38,2845.1,0.0
2021-02-20 08:10:00,4439.56,8771.34,2935.73,0.0
2021-02-20 08:15:00,4597.21,9273.71,2935.73,0.0
2021-02-20 08:20:00,4636.26,9471.49,2935.73,0.0
2021-02-20 08:25:00,4646.17,9647.03,2935.95,0.0
2021-02-20 08:30:00,4758.68,9945.3,2935.95,0.0
2021-02-20 08:35:00,4782.23,10393.87,2935.73,0.0
2021-02-20 08:40:00,4751.57,10697.45,2982.83,0.0
2021-02-20 08:45:00,4688.9,10601.05,3119.71,0.0
2021-02-20 08:50:00,4800.14,11008.76,3274.66,0.0
2021-02-20 08:55:00,4735.74,11096.68,3264.98,0.0
2021-02-20 09:00:00,4747.79,11048.15,3361.8,0.0
2021-02-20 09:05:00,4606.75,10563.99,3457.7,0.0
2021-02-20 09:10:00,4591.9,10428.33,3457.7,0.0
2021-02-20 09:15:00,4462.01,10039.61,3457.57,0.0
2021-02-20 09:20:00,4346.19,9906.5,3597.58,0.0
2021-02-20 09:25:00,4495.29,10303.51,3597.77,0.0
2021-02-20 09:30:00,4653.11,10656.43,3689.79,0.0
2021-02-20 09:35:00,4526.31,10525.28,3689.72,0.0
2021-02-20 09:40:00,4500.63,10543.54,3689.72,0.0
2021-02-20 09:45:00,4421.22,10748.77,3735.6,0.0
2021-02-20 09:50:00,4616.96,11369.54,3685.52,0.0
2021-02-20 09:55:00,4800.1,11712.11,3639.73,0.0
2021-02-20 10:00:00,4964.3,12297.91,3611.37,0.0
2021-02-20 10:05:00,5187.49,12547.28,3612.37,0.0
2021-02-20 10:10:00,5357.95,12827.06,3566.36,0.0
2021-02-20 10:15:00,5377.84,13097.77,3566.36,0.0
2021-02-20 10:20:00,5348.53,13187.13,3566.37,0.0
2021-02-20 10:25:00,5384.53,13467.18,3567.36,0.0
2021-02-20 10:30:00,5402.81,13702.48,3567.36,0.0
2021-02-20 10:35:00,5536.41,13987.07,3567.36,0.0
2021-02-20 10:40:00,5719.28,14357.63,3567.37,0.0
2021-02-20 10:45:00,6043.02,14710.47,3567.15,0.0
2021-02-20 10:50:00,6229.48,14949.17,3564.14,0.0
2021-02-20 10:55:00,6262.36,15282.44,3564.36,0.0
2021-02-20 11:00:00,6471.06,15540.75,3551.96,0.0
2021-02-20 11:05:00,6421.12,15791.73,3551.97,0.0
2021-02-20 11:10:00,6453.96,15979.63,3551.96,0.0
2021-02-20 11:15:00,6654.74,16404.97,3551.96,0.0
2021-02-20 11:20:00,6674.86,16757.1,3551.96,0.0
2021-02-20 11:25:00,6913.16,17283.33,3551.96,0.0
2021-02-20 11:30:00,7046.45,17651.58,3551.96,0.0
2021-02-20 11:35:00,7081.87,17832.08,3551.96,0.0
2021-02-20 11:40:00,7125.42,18205.84,3551.94,0.0
2021-02-20 11:45:00,7112.74,18412.05,3551.72,0.0
2021-02-20 11:50:00,7052.97,18599.54,3551.64,0.0
2021-02-20 11:55:00,7108.84,18962.74,3551.86,0.0
2021-02-20 12:00:00,7118.78,18833.51,3544.41,0.0
2021-02-20 12:05:00,7287.25,19611.67,3544.41,0.0
2021-02-20 12:10:00,7223.69,19535.77,3541.34,0.0
2021-02-20 12:15:00,7128.83,19502.87,3541.38,0.0
2021-02-20 12:20:00,7371.25,20228.56,3587.38,0.0
2021-02-20 12:25:00,7392.56,20549.63,3586.32,0.0
2021-02-20 12:30:00,7542.53,21089.71,3586.28,0.0
2021-02-20 12:35:00,7437.36,21194.68,3586.29,0.0
2021-02-20 12:40:00,7309.8,20965.29,3586.25,0.0
2021-02-20 12:45:00,7419.09,21318.57,3586.16,0.0
2021-02-20 12:50:00,7540.81,21697.75,3586.09,0.0
2021-02-20 12:55:00,7572.75,21501.3,3585.23,0.0
2021-02-20 13:00:00,7608.92,21645.98,3579.29,0.0
2021-02-20 13:05:00,7513.14,21625.28,3579.25,0.0
2021-02-20 13:10:00,7563.71,21854.96,3579.28,0.0
2021-02-20 13:15:00,7610.43,22132.03,3578.32,0.0
2021-02-20 13:20:00,7634.22,22369.8,3579.26,0.0
2021-02-20 13:25:00,7632.87,22828.02,3578.25,0.0
2021-02-20 13:30:00,7788.97,23425.13,3579.17,0.0
2021-02-20 13:35:00,7768.83,23456.08,3577.23,0.0
2021-02-20 13:40:00,7803.26,23981.06,3578.32,0.0
2021-02-20 13:45:00,7894.54,24193.92,3577.12,0.0
2021-02-20 13:50:00,7857.48,24580.58,3577.1,0.0
2021-02-20 13:55:00,8026.71,25112.95,3576.23,0.0
2021-02-20 14:00:00,7978.15,25242.15,3570.92,0.0
2021-02-20 14:05:00,8137.04,25728.94,3570.98,0.0
2021-02-20 14:10:00,8092.7,25599.07,3569.9,0.0
2021-02-20 14:15:00,8364.29,26392.17,3569.96,0.0
2021-02-20 14:20:00,8434.39,26613.4,3570.04,0.0
2021-02-20 14:25:00,8552.34,26895.45,3569.92,0.0
2021-02-20 14:30:00,8588.78,27057.69,3569.99,0.0
2021-02-20 14:35:00,8501.22,26848.19,3569.96,0.0
2021-02-20 14:40:00,8677.27,27317.2,3569.83,0.0
2021-02-20 14:45:00,8599.44,27248.5,3569.79,0.0
2021-02-20 14:50:00,8549.17,27143.33,3568.82,0.0
2021-02-20 14:55:00,8620.89,27783.97,3568.92,0.0
2021-02-20 15:00:00,8756.49,28607.13,3567.7,0.0
2021-02-20 15:05:00,8803.73,28784.31,3567.73,0.0
2021-02-20 15:10:00,8936.24,29099.07,3568.73,0.0
2021-02-20 15:15:00,8847.03,29256.52,3566.78,0.0
2021-02-20 15:20:00,8876.47,29456.86,3566.81,0.0
2021-02-20 15:25:00,9056.44,29899.08,3566.79,0.0
2021-02-20 15:30:00,9105.68,30079.82,3566.73,0.0
2021-02-20 15:35:00,9194.94,30390.23,3792.75,0.0
2021-02-20 15:40:00,9200.39,30505.14,3856.78,0.0
2021-02-20 15:45:00,9152.88,30080.18,3852.54,0.0
2021-02-20 15:50:00,9335.14,30731.27,3852.59,0.0
2021-02-20 15:55:00,9307.88,30693.32,3852.78,0.0
2021-02-20 16:00:00,9258.44,30464.67,3879.16,0.0
2021-02-20 16:05:00,9329.65,30630.67,3874.16,0.0
2021-02-20 16:10:00,9413.91,30966.7,3880.12,0.0
2021-02-20 16:15:00,9176.36,30494.29,3880.15,0.0
2021-02-20 16:20:00,9173.71,30375.58,3874.19,0.0
2021-02-20 16:25:00,9111.92,30276.82,3879.21,0.0
2021-02-20 16:30:00,9298.91,30937.22,3879.21,0.0
2021-02-20 16:35:00,9403.42,30894.21,3879.15,0.0
2021-02-20 16:40:00,9401.98,31168.12,3879.13,0.0
2021-02-20 16:45:00,9418.78,31198.72,3879.95,0.0
2021-02-20 16:50:00,9396.42,31184.86,3879.9,0.0
2021-02-20 16:55:00,9411.88,30904.44,3880.06,0.0
2021-02-20 17:00:00,9415.14,30741.04,4257.93,0.0
2021-02-20 17:05:00,9373.93,30638.17,4253.02,0.0
2021-02-20 17:10:00,9287.11,30041.75,4257.98,0.0
2021-02-20 17:15:00,9274.36,29796.61,4302.04,0.0
2021-02-20 17:20:00,9313.83,29812.49,4301.9,0.0
2021-02-20 17:25:00,9137.04,29500.92,4301.87,0.0
2021-02-20 17:30:00,8929.07,28905.43,4304.92,0.0
2021-02-20 17:35:00,8873.3,28175.22,4304.99,0.0
2021-02-20 17:40:00,8794.08,28065.79,4304.96,0.0
2021-02-20 17:45:00,8791.69,28048.25,4309.75,0.0
2021-02-20 17:50:00,8501.36,27365.61,4309.67,0.0
2021-02-20 17:55:00,8452.33,26813.36,4304.96,0.0
2021-02-20 18:00:00,8319.81,26022.07,4349.93,0.0
2021-02-20 18:05:00,8235.66,25461.4,4349.87,0.0
2021-02-20 18:10:00,8207.45,25005.16,4344.84,0.0
2021-02-20 18:15:00,8043.43,24631.6,4344.9,0.0
2021-02-20 18:20:00,7792.08,23941.91,4344.99,0.0
2021-02-20 18:25:00,7570.19,22999.71,4351.1,0.0
2021-02-20 18:30:00,7385.09,22177.56,4351.95,0.0
2021-02-20 18:35:00,7262.61,21757.89,4351.89,0.0
2021-02-20 18:40:00,7190.01,21724.11,4351.88,0.0
2021-02-20 18:45:00,7072.94,20829.92,4351.61,0.0
2021-02-20 18:50:00,6983.07,21128.82,4351.71,0.0
2021-02-20 18:55:00,6946.01,21014.81,4354.9,0.0
2021-02-20 19:00:00,6967.96,21198.76,4334.0,0.0
2021-02-20 19:05:00,6953.38,21080.64,4335.0,0.0
2021-02-20 19:10:00,7132.17,21107.03,4335.03,0.0
2021-02-20 19:15:00,7091.77,21263.23,4335.0,0.0
2021-02-20 19:20:00,7130.41,21418.69,4340.06,0.0
2021-02-20 19:25:00,7132.82,21189.29,4345.03,0.0
2021-02-20 19:30:00,7130.64,21293.35,4344.86,0.0
2021-02-20 19:35:00,7111.33,20993.99,4344.8,0.0
2021-02-20 19:40:00,7102.65,21181.86,4328.89,0.0
2021-02-20 19:45:00,7084.89,21071.04,4344.72,0.0
2021-02-20 19:50:00,7033.96,21177.52,4344.84,0.0
2021-02-20 19:55:00,7082.35,21107.68,4344.99,0.0
2021-02-20 20:00:00,7073.63,21141.68,4347.7,0.0
2021-02-20 20:05:00,7110.38,21168.08,4347.73,0.0
2021-02-20 20:10:00,7141.89,21359.23,4348.71,0.0
2021-02-20 20:15:00,7158.36,21550.83,4348.62,0.0
2021-02-20 20:20:00,7162.89,21725.08,4348.65,0.0
2021-02-20 20:25:00,7177.6,22015.8,4348.68,0.0
2021-02-20 20:30:00,7190.7,22047.87,4348.62,0.0
2021-02-20 20:35:00,7203.14,22058.72,4348.67,0.0
2021-02-20 20:40:00,7212.61,22272.78,4349.68,0.0
2021-02-20 20:45:00,7223.57,22381.42,4349.43,0.0
2021-02-20 20:50:00,7278.28,22362.02,4349.45,0.0
2021-02-20 20:55:00,7207.85,22408.48,4349.67,0.0
2021-02-20 21:00:00,7063.8,22118.04,4349.76,0.0
2021-02-20 21:05:00,7066.78,22063.83,4349.71,0.0
2021-02-20 21:10:00,7062.13,22247.42,4349.62,0.0
2021-02-20 21:15:00,7156.66,22252.51,4349.61,0.0
2021-02-20 21:20:00,7155.55,22417.47,4349.65,0.0
2021-02-20 21:25:00,7124.72,22218.59,4350.62,0.0
2021-02-20 21:30:00,7193.93,22568.5,4350.67,0.0
2021-02-20 21:35:00,7186.33,22735.78,4351.76,0.0
2021-02-20 21:40:00,7220.0,22605.76,4351.68,0.0
2021-02-20 21:45:00,7189.92,22851.81,4351.4,0.0
2021-02-20 21:50:00,7240.61,22916.59,4303.39,0.0
2021-02-20 21:55:00,7235.6,22973.28,4303.63,0.0
2021-02-20 22:00:00,7271.95,23095.23,4302.38,0.0
2021-02-20 22:05:00,7302.38,23452.58,4302.37,0.0
2021-02-20 22:10:00,7227.54,23225.37,4302.32,0.0
2021-02-20 22:15:00,7241.67,23307.17,4302.38,0.0
2021-02-20 22:20:00,7249.75,23400.92,4302.38,0.0
2021-02-20 22:25:00,7244.86,23536.81,4302.4,0.0
2021-02-20 22:30:00,7282.11,23573.01,4302.4,0.0
2021-02-20 22:35:00,7280.75,23574.33,4302.35,0.0
2021-02-20 22:40:00,7298.62,23707.06,4302.32,0.0
2021-02-20 22:45:00,7329.49,23899.55,4301.12,0.0
2021-02-20 22:50:00,7354.24,23846.95,4306.18,0.0
2021-02-20 22:55:00,7365.77,23976.64,4300.35,0.0
2021-02-20 23:00:00,7387.36,24019.49,4299.44,0.0
2021-02-20 23:05:00,7567.05,24420.48,4299.47,0.0
2021-02-20 23:10:00,7563.99,24571.54,4299.45,0.0
2021-02-20 23:15:00,7574.59,24657.54,4299.42,0.0
2021-02-20 23:20:00,7630.43,24649.87,4299.41,0.0
2021-02-20 23:25:00,7625.16,24878.57,4299.56,0.0
2021-02-20 23:30:00,7633.6,24772.21,4299.5,0.0
2021-02-20 23:35:00,7635.06,24663.66,4299.47,0.0
2021-02-20 23:40:00,7618.51,24992.08,4299.41,0.0
2021-02-20 23:45:00,7719.21,25057.98,4299.22,0.0
2021-02-20 23:50:00,7719.15,25296.51,4299.19,0.0
2021-02-20 23:55:00,7720.36,25375.99,4299.44,0.0
2021-02-21 00:00:00,7850.65,25547.5,4236.81,0.0
2021-02-21 00:05:00,7916.86,25596.91,4236.82,0.0
2021-02-21 00:10:00,7911.87,25185.26,4196.82,0.0
2021-02-21 00:15:00,7977.85,25337.91,4274.87,0.0
2021-02-21 00:20:00,7997.37,25280.52,4274.93,0.0
2021-02-21 00:25:00,7992.7,25325.71,4274.87,0.0
2021-02-21 00:30:00,7965.06,25562.4,4196.84,0.0
2021-02-21 00:35:00,8015.88,25552.41,4196.9,0.0
2021-02-21 00:40:00,8018.39,25595.98,4196.84,0.0
2021-02-21 00:45:00,8035.78,25529.14,4196.58,0.0
2021-02-21 00:50:00,7959.13,25420.13,4196.59,0.0
2021-02-21 00:55:00,7943.43,25500.63,4196.81,0.0
2021-02-21 01:00:00,7966.51,25694.66,4196.82,0.0
2021-02-21 01:05:00,7995.47,25854.2,4196.84,0.0
2021-02-21 01:10:00,7980.67,25732.34,4196.84,0.0
2021-02-21 01:15:00,8009.22,25849.1,4196.81,0.0
2021-02-21 01:20:00,8006.94,25874.15,4196.84,0.0
2021-02-21 01:25:00,8007.75,25763.59,4196.87,0.0
2021-02-21 01:30:00,8019.57,25741.65,4196.87,0.0
2021-02-21 01:35:00,8017.88,25888.5,4196.84,0.0
2021-02-21 01:40:00,8039.81,25883.5,4196.85,0.0
2021-02-21 01:45:00,8036.09,25569.76,4196.61,0.0
2021-02-21 01:50:00,7952.15,25734.73,4201.61,0.0
2021-02-21 01:55:00,7981.1,25756.11,4201.81,0.0
2021-02-21 02:00:00,8028.17,25469.88,4202.02,0.0
2021-02-21 02:05:00,7945.81,25713.76,4200.1,0.0
2021-02-21 02:10:00,7981.05,25567.41,4200.07,0.0
2021-02-21 02:15:00,7997.03,25655.63,4200.01,0.0
2021-02-21 02:20:00,7992.61,25766.0,4200.02,0.0
2021-02-21 02:25:00,8018.35,25601.6,4200.02,0.0
2021-02-21 02:30:00,8003.54,25637.01,4200.02,0.0
2021-02-21 02:35:00,8022.36,25596.49,4200.01,0.0
2021-02-21 02:40:00,8002.69,25786.65,4200.05,0.0
2021-02-21 02:45:00,8054.88,25891.78,4199.69,0.0
2021-02-21 02:50:00,8093.27,26076.73,4199.69,0.0
2021-02-21 02:55:00,8120.75,25920.51,4200.01,0.0
2021-02-21 03:00:00,8119.96,25869.23,4195.82,0.0
2021-02-21 03:05:00,8065.94,25801.16,4195.82,0.0
2021-02-21 03:10:00,8011.24,25837.44,4195.85,0.0
2021-02-21 03:15:00,8025.58,25677.69,4195.84,0.0
2021-02-21 03:20:00,7999.44,25585.79,4195.84,0.0
2021-02-21 03:25:00,7987.65,25332.57,4195.82,0.0
2021-02-21 03:30:00,7946.29,25400.51,4195.82,0.0
2021-02-21 03:35:00,7968.1,25536.19,4195.81,0.0
2021-02-21 03:40:00,7981.67,25657.7,4195.81,0.0
2021-02-21 03:45:00,7973.86,25679.96,4194.64,0.0
2021-02-21 03:50:00,8031.04,25572.56,4194.61,0.0
2021-02-21 03:55:00,7995.0,25620.62,4194.82,0.0
2021-02-21 04:00:00,7978.24,25527.51,4195.31,0.0
2021-02-21 04:05:00,7965.94,25208.93,4195.12,0.0
2021-02-21 04:10:00,7900.95,25253.41,4195.12,0.0
2021-02-21 04:15:00,7901.99,25366.76,4198.12,0.0
2021-02-21 04:20:00,7925.41,25288.38,4198.11,0.0
2021-02-21 04:25:00,7914.73,24912.43,4195.17,0.0
2021-02-21 04:30:00,7851.62,24744.43,4198.12,0.0
2021-02-21 04:35:00,7798.19,24556.54,4276.14,0.0
2021-02-21 04:40:00,7766.36,24247.76,4273.12,0.0
2021-02-21 04:45:00,7736.67,24515.96,4272.88,0.0
2021-02-21 04:50:00,7780.58,24263.62,4272.89,0.0
2021-02-21 04:55:00,7732.94,23791.84,4273.12,0.0
2021-02-21 05:00:00,7660.74,23820.57,4302.42,0.0
2021-02-21 05:05:00,7661.51,23503.36,4304.41,0.0
2021-02-21 05:10:00,7607.81,23323.41,4301.42,0.0
2021-02-21 05:15:00,7572.12,23083.78,4299.42,0.0
2021-02-21 05:20:00,7584.92,23337.4,4299.42,0.0
2021-02-21 05:25:00,7563.5,23128.64,4221.42,0.0
2021-02-21 05:30:00,7578.28,23004.06,4221.44,0.0
2021-02-21 05:35:00,7590.85,22701.03,4221.45,0.0
2021-02-21 05:40:00,7505.6,22759.72,4221.42,0.0
2021-02-21 05:45:00,7592.85,22910.94,4221.19,0.0
2021-02-21 05:50:00,7561.0,22933.19,4221.18,0.0
2021-02-21 05:55:00,7545.83,22861.33,4221.42,0.0
2021-02-21 06:00:00,7521.19,22542.39,4235.92,0.0
2021-02-21 06:05:00,7482.2,22040.91,4220.32,0.0
2021-02-21 06:10:00,7354.04,21909.48,4220.31,0.0
2021-02-21 06:15:00,7330.63,21681.0,4220.32,0.0
2021-02-21 06:20:00,7262.97,21536.33,4220.32,0.0
2021-02-21 06:25:00,7267.91,21363.98,4220.35,0.0
2021-02-21 06:30:00,7200.41,21110.12,4220.35,0.0
2021-02-21 06:35:00,7089.38,20943.63,4220.34,0.0
2021-02-21 06:40:00,7106.15,20601.07,4215.35,0.0
2021-02-21 06:45:00,7040.35,20501.33,4220.12,0.0
2021-02-21 06:50:00,7025.79,20227.04,4220.11,0.0
2021-02-21 06:55:00,7026.14,20525.94,4215.32,0.0
2021-02-21 07:00:00,7051.86,20561.86,4219.92,0.0
2021-02-21 07:05:00,7052.56,20324.07,4219.93,0.0
2021-02-21 07:10:00,6897.08,19730.03,4219.93,0.0
2021-02-21 07:15:00,6906.83,19501.43,4219.94,0.0
2021-02-21 07:20:00,6892.47,19338.19,4219.94,0.0
2021-02-21 07:25:00,6907.76,19342.86,4219.95,0.0
2021-02-21 07:30:00,6909.42,19209.28,4219.95,0.0
2021-02-21 07:35:00,6878.6,19124.51,4219.95,0.0
2021-02-21 07:40:00,6884.62,18942.7,4219.95,0.0
2021-02-21 07:45:00,6809.24,19205.59,4219.74,0.0
2021-02-21 07:50:00,6877.75,19165.24,4220.71,0.0
2021-02-21 07:55:00,6849.46,18808.37,4217.95,0.0
2021-02-21 08:00:00,6772.62,18631.08,4211.25,0.0
2021-02-21 08:05:00,6758.16,18344.24,4212.25,0.0
2021-02-21 08:10:00,6767.15,18400.04,4212.25,0.0
2021-02-21 08:15:00,6739.11,18320.13,4211.41,0.0
2021-02-21 08:20:00,6777.34,18012.05,4212.25,0.0
2021-02-21 08:25:00,6852.68,18174.37,4212.25,0.0
2021-02-21 08:30:00,6875.59,18150.1,4212.23,0.0
2021-02-21 08:35:00,6905.44,18151.11,4211.25,0.0
2021-02-21 08:40:00,6936.36,18089.28,4211.28,0.0
2021-02-21 08:45:00,6917.87,18036.44,4211.04,0.0
2021-02-21 08:50:00,6932.53,18026.79,4211.01,0.0
2021-02-21 08:55:00,6952.37,18119.72,4212.25,0.0
2021-02-21 09:00:00,6957.65,18192.53,4210.55,0.0
2021-02-21 09:05:00,6963.87,18023.62,4205.55,0.0
2021-02-21 09:10:00,6947.3,17956.44,4205.55,0.0
2021-02-21 09:15:00,6906.79,18267.56,4204.54,0.0
2021-02-21 09:20:00,6996.51,18275.2,4204.58,0.0
2021-02-21 09:25:00,6989.55,18637.14,4204.58,0.0
2021-02-21 09:30:00,7005.53,19190.98,4200.58,0.0
2021-02-21 09:35:00,6992.15,19075.09,4193.8,0.0
2021-02-21 09:40:00,7012.31,19142.11,4201.55,0.0
2021-02-21 09:45:00,7003.21,19532.59,4200.31,0.0
2021-02-21 09:50:00,7091.49,19891.27,4248.31,0.0
2021-02-21 09:55:00,7347.16,20662.14,4248.55,0.0
2021-02-21 10:00:00,7395.14,20911.4,4247.35,0.0
2021-02-21 10:05:00,7482.51,21097.04,4246.35,0.0
2021-02-21 10:10:00,7500.06,21155.98,4246.38,0.0
2021-02-21 10:15:00,7491.25,21128.55,4240.35,0.0
2021-02-21 10:20:00,7386.57,20796.36,4241.35,0.0
2021-02-21 10:25:00,7513.43,21366.56,4240.35,0.0
2021-02-21 10:30:00,7540.1,21852.26,4239.35,0.0
2021-02-21 10:35:00,7540.16,21932.65,4239.38,0.0
2021-02-21 10:40:00,7611.55,22096.6,4240.43,0.0
2021-02-21 10:45:00,7691.37,22341.3,4240.17,0.0
2021-02-21 10:50:00,7726.15,22474.8,4240.11,0.0
2021-02-21 10:55:00,7741.15,22840.38,4240.34,0.0
2021-02-21 11:00:00,7758.06,22859.65,4235.15,0.0
2021-02-21 11:05:00,7770.32,23086.97,4233.65,0.0
2021-02-21 11:10:00,7779.63,23255.29,4234.65,0.0
2021-02-21 11:15:00,7821.65,23632.59,4232.65,0.0
2021-02-21 11:20:00,7830.39,23637.22,4232.67,0.0
2021-02-21 11:25:00,7765.06,23241.6,4232.73,0.0
2021-02-21 11:30:00,7803.66,23588.32,4232.68,0.0
2021-02-21 11:35:00,7792.98,23749.66,4232.67,0.0
2021-02-21 11:40:00,7880.17,23934.7,4231.67,0.0
2021-02-21 11:45:00,7897.27,23928.09,4231.41,0.0
2021-02-21 11:50:00,7897.27,24055.14,4231.41,0.0
2021-02-21 11:55:00,7883.52,24053.06,4232.65,0.0
2021-02-21 12:00:00,7943.06,24140.8,4283.63,0.0
2021-02-21 12:05:00,8002.78,24350.8,4282.0,0.0
2021-02-21 12:10:00,8000.72,24366.29,4280.94,0.0
2021-02-21 12:15:00,7988.99,24239.62,4280.94,0.0
2021-02-21 12:20:00,7966.51,24123.72,4281.03,0.0
2021-02-21 12:25:00,7973.28,24217.56,4279.96,0.0
2021-02-21 12:30:00,7968.94,24211.35,4280.97,0.0
2021-02-21 12:35:00,7953.22,23847.84,4280.94,0.0
2021-02-21 12:40:00,7985.31,23916.92,4274.88,0.0
2021-02-21 12:45:00,7988.67,24116.18,4277.65,0.0
2021-02-21 12:50:00,7966.36,24248.35,4278.73,0.0
2021-02-21 12:55:00,8006.93,24136.8,4278.96,0.0
2021-02-21 13:00:00,8023.44,24093.75,4275.19,0.0
2021-02-21 13:05:00,7995.57,24089.62,4274.0,0.0
2021-02-21 13:10:00,7855.85,23962.53,4269.05,0.0
2021-02-21 13:15:00,7898.76,23926.85,4268.96,0.0
2021-02-21 13:20:00,7883.74,23929.6,4268.93,0.0
2021-02-21 13:25:00,7906.76,23878.58,4271.99,0.0
2021-02-21 13:30:00,7877.74,23990.21,4265.99,0.0
2021-02-21 13:35:00,7924.68,24200.86,4268.01,0.0
2021-02-21 13:40:00,7928.06,24185.72,4267.01,0.0
2021-02-21 13:45:00,7951.88,24102.7,4265.82,0.0
2021-02-21 13:50:00,7902.94,24003.84,4265.74,0.0
2021-02-21 13:55:00,7896.47,23688.53,4266.92,0.0
2021-02-21 14:00:00,7851.8,23485.5,4263.71,0.0
2021-02-21 14:05:00,7814.57,23765.69,4263.35,0.0
2021-02-21 14:10:00,7846.19,23966.51,4264.38,0.0
2021-02-21 14:15:00,7835.35,23615.39,4264.41,0.0
2021-02-21 14:20:00,7783.01,23497.84,4263.35,0.0
2021-02-21 14:25:00,7795.43,23756.93,4265.35,0.0
2021-02-21 14:30:00,7643.77,23198.82,4264.41,0.0
2021-02-21 14:35:00,7788.03,23382.77,4264.46,0.0
2021-02-21 14:40:00,7772.08,23343.93,4263.4,0.0
2021-02-21 14:45:00,7764.55,23410.4,4263.18,0.0
2021-02-21 14:50:00,7743.76,23385.02,4262.07,0.0
2021-02-21 14:55:00,7775.52,23291.17,4263.35,0.0
2021-02-21 15:00:00,7785.87,23387.75,4259.72,0.0
2021-02-21 15:05:00,7783.76,23027.09,4167.75,0.0
2021-02-21 15:10:00,7706.32,22908.61,4167.84,0.0
2021-02-21 15:15:00,7677.95,22966.37,4167.8,0.0
2021-02-21 15:20:00,7694.87,22994.87,4167.77,0.0
2021-02-21 15:25:00,7535.35,22397.53,4167.78,0.0
2021-02-21 15:30:00,7499.41,22445.37,4167.84,0.0
2021-02-21 15:35:00,7473.52,22548.88,4165.77,0.0
2021-02-21 15:40:00,7526.26,22575.16,4166.8,0.0
2021-02-21 15:45:00,7516.36,22342.71,4167.6,0.0
2021-02-21 15:50:00,7548.7,22195.62,4167.54,0.0
2021-02-21 15:55:00,7472.57,22235.57,4167.74,0.0
2021-02-21 16:00:00,7486.99,22421.89,4117.0,0.0
2021-02-21 16:05:00,7488.13,22379.65,4117.01,0.0
2021-02-21 16:10:00,7580.01,22599.52,4116.95,0.0
2021-02-21 16:15:00,7561.79,22275.88,4115.96,0.0
2021-02-21 16:20:00,7508.3,22204.4,4114.99,0.0
2021-02-21 16:25:00,7458.75,22198.95,4115.94,0.0
2021-02-21 16:30:00,7441.41,22153.78,4114.99,0.0
2021-02-21 16:35:00,7466.48,22261.48,4115.96,0.0
2021-02-21 16:40:00,7446.62,22165.65,4115.02,0.0
2021-02-21 16:45:00,7469.62,21809.12,4114.85,0.0
2021-02-21 16:50:00,7417.66,21689.81,4115.76,0.0
2021-02-21 16:55:00,7391.98,21306.6,4116.91,0.0
2021-02-21 17:00:00,7331.29,21213.63,4123.34,0.0
2021-02-21 17:05:00,7282.87,20887.59,4123.37,0.0
2021-02-21 17:10:00,7226.97,20493.93,4123.35,0.0
2021-02-21 17:15:00,7177.28,20229.45,4123.34,0.0
2021-02-21 17:20:00,7100.97,19523.56,4123.4,0.0
2021-02-21 17:25:00,6991.44,19152.67,4123.46,0.0
2021-02-21 17:30:00,6826.45,18204.6,4123.44,0.0
2021-02-21 17:35:00,6783.03,17746.89,4123.37,0.0
2021-02-21 17:40:00,6773.78,17357.23,4127.4,0.0
2021-02-21 17:45:00,6678.7,16780.3,4128.14,0.0
2021-02-21 17:50:00,6496.42,16271.94,4128.15,0.0
2021-02-21 17:55:00,6411.01,15788.38,4128.35,0.0
2021-02-21 18:00:00,6208.0,15343.03,4134.52,0.0
2021-02-21 18:05:00,5959.32,14193.42,4138.6,0.0
2021-02-21 18:10:00,5929.94,13690.72,4138.62,0.0
2021-02-21 18:15:00,5779.1,13053.55,4138.62,0.0
2021-02-21 18:20:00,5398.37,12299.36,4139.62,0.0
2021-02-21 18:25:00,5305.7,12038.66,4139.59,0.0
2021-02-21 18:30:00,5223.44,11372.87,4139.61,0.0
2021-02-21 18:35:00,5182.65,10836.81,4139.69,0.0
2021-02-21 18:40:00,5138.81,10558.37,4140.59,0.0
2021-02-21 18:45:00,5061.11,10382.62,4140.33,0.0
2021-02-21 18:50:00,4971.23,10293.42,4134.29,0.0
2021-02-21 18:55:00,4987.01,10436.03,4044.42,0.0
2021-02-21 19:00:00,4994.25,10568.08,4039.48,0.0
2021-02-21 19:05:00,4884.27,10610.04,3998.16,0.0
2021-02-21 19:10:00,4733.43,10486.67,3998.13,0.0
2021-02-21 19:15:00,4650.02,10450.52,3998.18,0.0
2021-02-21 19:20:00,4581.27,10388.02,3998.19,0.0
2021-02-21 19:25:00,4676.76,10503.36,4001.13,0.0
2021-02-21 19:30:00,4601.55,10498.45,4002.18,0.0
2021-02-21 19:35:00,4691.27,10756.99,4003.18,0.0
2021-02-21 19:40:00,4697.06,10982.51,4003.16,0.0
2021-02-21 19:45:00,4757.71,10950.4,4002.92,0.0
2021-02-21 19:50:00,4789.14,11037.72,4002.95,0.0
2021-02-21 19:55:00,4884.67,11338.79,4023.19,0.0
2021-02-21 20:00:00,4887.06,11392.7,4016.36,0.0
2021-02-21 20:05:00,4905.04,11246.94,4080.4,0.0
2021-02-21 20:10:00,4880.98,11200.36,4080.55,0.0
2021-02-21 20:15:00,4748.17,11200.62,4081.54,0.0
2021-02-21 20:20:00,4808.19,11202.22,4081.46,0.0
2021-02-21 20:25:00,4837.75,11244.82,4082.46,0.0
2021-02-21 20:30:00,4786.52,11075.67,4082.46,0.0
2021-02-21 20:35:00,4755.82,10988.49,4082.43,0.0
2021-02-21 20:40:00,4814.13,11209.27,4082.56,0.0
2021-02-21 20:45:00,4781.43,11258.77,4083.39,0.0
2021-02-21 20:50:00,4705.82,10951.79,4083.32,0.0
2021-02-21 20:55:00,4681.21,11124.62,4171.43,0.0
2021-02-21 21:00:00,4679.15,11233.86,4173.86,0.0
2021-02-21 21:05:00,4626.9,11149.46,4173.69,0.0
2021-02-21 21:10:00,4572.64,10898.57,4178.66,0.0
2021-02-21 21:15:00,4574.4,10829.94,4178.63,0.0
2021-02-21 21:20:00,4824.65,11121.54,4178.63,0.0
2021-02-21 21:25:00,4908.72,11468.11,4178.63,0.0
2021-02-21 21:30:00,4936.91,11563.34,4179.6,0.0
2021-02-21 21:35:00,4988.29,11657.61,4179.59,0.0
2021-02-21 21:40:00,4970.98,11708.47,4182.71,0.0
2021-02-21 21:45:00,4974.63,11685.04,4179.5,0.0
2021-02-21 21:50:00,5013.22,11845.18,4180.43,0.0
2021-02-21 21:55:00,5100.7,11950.85,4180.59,0.0
2021-02-21 22:00:00,5064.91,11925.41,4180.62,0.0
2021-02-21 22:05:00,5041.58,11991.89,4183.63,0.0
2021-02-21 22:10:00,5060.89,12014.95,4183.62,0.0
2021-02-21 22:15:00,5095.08,12027.35,4183.63,0.0
2021-02-21 22:20:00,5114.43,12063.64,4183.72,0.0
2021-02-21 22:25:00,5155.59,12224.44,4184.69,0.0
2021-02-21 22:30:00,5186.52,12166.46,4184.63,0.0
2021-02-21 22:35:00,5191.07,12182.51,4184.6,0.0
2021-02-21 22:40:00,5272.81,12437.99,4184.68,0.0
2021-02-21 22:45:00,5257.31,12661.41,4184.38,0.0
2021-02-21 22:50:00,5247.21,12786.76,4184.42,0.0
2021-02-21 22:55:00,5242.7,12799.96,4185.63,0.0
2021-02-21 23:00:00,5215.04,12741.11,4186.53,0.0
2021-02-21 23:05:00,5276.25,12623.16,4185.89,0.0
2021-02-21 23:10:00,5245.4,12473.73,4185.94,0.0
2021-02-21 23:15:00,5265.68,12461.79,4186.09,0.0
2021-02-21 23:20:00,5310.35,12494.31,4200.94,0.0
2021-02-21 23:25:00,5323.37,12443.83,4200.92,0.0
2021-02-21 23:30:00,5311.0,12538.27,4195.9,0.0
2021-02-21 23:35:00,5254.57,12382.12,4195.96,0.0
2021-02-21 23:40:00,5230.96,12325.19,4195.98,0.0
2021-02-21 23:45:00,5267.32,12378.08,4196.73,0.0
2021-02-21 23:50:00,5307.86,12538.3,4196.69,0.0
2021-02-21 23:55:00,5306.31,12504.17,4178.65,0.0
