slot,prc_mw,rtolcap_mw,rtoffcap_mw,rtordpa,imputed
2022-12-20 00:00:00,6652.85000000,11974.85000000,7176.88000000,0.00000000,False
2022-12-20 00:05:00,6330.52000000,11535.17000000,7049.01000000,0.00000000,False
2022-12-20 00:10:00,6221.04000000,11373.15000000,7048.86000000,0.00000000,False
2022-12-20 00:15:00,6085.05000000,11310.35000000,7048.71000000,0.00000000,False
2022-12-20 00:20:00,6196.95000000,11452.89000000,7048.69000000,0.00000000,False
2022-12-20 00:25:00,6165.22000000,11526.47000000,7048.57000000,0.00000000,False
2022-12-20 00:30:00,6293.33000000,11804.69000000,7048.74000000,0.00000000,False
2022-12-20 00:35:00,6322.35000000,11805.84000000,7048.70000000,0.00000000,False
2022-12-20 00:40:00,6411.37000000,11863.17000000,7048.71000000,0.00000000,False
2022-12-20 00:45:00,6595.64000000,12139.71000000,7048.57000000,0.00000000,False
2022-12-20 00:50:00,6728.67000000,12341.95000000,7048.61000000,0.00000000,False
2022-12-20 00:55:00,6599.47000000,12148.13000000,7048.48000000,0.00000000,False
2022-12-20 01:00:00,6612.69000000,12164.93000000,7069.36000000,0.00000000,False
2022-12-20 01:05:00,6631.07000000,12297.54000000,7066.81000000,0.00000000,False
2022-12-20 01:10:00,6556.63000000,12181.26000000,7066.31000000,0.00000000,False
2022-12-20 01:15:00,6555.30000000,12246.16000000,7066.37000000,0.00000000,False
2022-12-20 01:20:00,6790.89000000,12624.84000000,7066.19000000,0.00000000,False
2022-12-20 01:25:00,6942.68000000,12786.22000000,7066.18000000,0.00000000,False
2022-12-20 01:30:00,6860.47000000,12705.75000000,7066.19000000,0.00000000,False
2022-12-20 01:35:00,6869.59000000,12712.40000000,7066.09000000,0.00000000,False
2022-12-20 01:40:00,7015.86000000,12861.61000000,7066.12000000,0.00000000,False
2022-12-20 01:45:00,7117.56000000,13074.50000000,7065.98000000,0.00000000,False
2022-12-20 01:50:00,7058.64000000,13093.92000000,7065.93000000,0.00000000,False
2022-12-20 01:55:00,6967.73000000,12983.60000000,7066.13000000,0.00000000,False
2022-12-20 02:00:00,7120.40000000,13152.71000000,7072.25000000,0.00000000,False
2022-12-20 02:05:00,7219.74000000,13262.07000000,7073.75000000,0.00000000,False
2022-12-20 02:10:00,7251.50000000,13470.73000000,7073.96000000,0.00000000,False
2022-12-20 02:15:00,7418.84000000,13574.75000000,7073.98000000,0.00000000,False
2022-12-20 02:20:00,7404.63000000,13798.82000000,7073.67000000,0.00000000,False
2022-12-20 02:25:00,7583.12000000,14046.65000000,7073.81000000,0.00000000,False
2022-12-20 02:30:00,7459.53000000,14050.37000000,7073.88000000,0.00000000,False
2022-12-20 02:35:00,7477.51000000,14117.06000000,7073.68000000,0.00000000,False
2022-12-20 02:40:00,7447.91000000,13991.72000000,7073.80000000,0.00000000,False
2022-12-20 02:45:00,7608.56000000,14181.02000000,7073.67000000,0.00000000,False
2022-12-20 02:50:00,7512.25000000,14214.28000000,7073.65000000,0.00000000,False
2022-12-20 02:55:00,7549.20000000,14260.69000000,7074.75000000,0.00000000,False
2022-12-20 03:00:00,7728.58000000,14482.13000000,7081.61000000,0.00000000,False
2022-12-20 03:05:00,7803.25000000,14681.31000000,7085.71000000,0.00000000,False
2022-12-20 03:10:00,7950.33000000,14848.67000000,7085.70000000,0.00000000,False
2022-12-20 03:15:00,8102.86000000,15078.66000000,7085.79000000,0.00000000,False
2022-12-20 03:20:00,8277.06000000,15290.42000000,7086.67000000,0.00000000,False
2022-12-20 03:25:00,8368.30000000,15549.10000000,7086.65000000,0.00000000,False
2022-12-20 03:30:00,8366.86000000,15621.60000000,7086.79000000,0.00000000,False
2022-12-20 03:35:00,8368.72000000,15657.60000000,7086.66000000,0.00000000,False
2022-12-20 03:40:00,8381.71000000,15757.22000000,7086.58000000,0.00000000,False
2022-12-20 03:45:00,8427.62000000,15880.90000000,7086.45000000,0.00000000,False
2022-12-20 03:50:00,8492.06000000,15875.98000000,7086.63000000,0.00000000,False
2022-12-20 03:55:00,8571.46000000,15939.44000000,7086.59000000,0.00000000,False
2022-12-20 04:00:00,8942.57000000,17025.86000000,7090.87000000,0.00000000,False
2022-12-20 04:05:00,8934.73000000,16865.73000000,7087.95000000,0.00000000,False
2022-12-20 04:10:00,8889.43000000,16735.53000000,7087.74000000,0.00000000,False
2022-12-20 04:15:00,8835.68000000,16602.83000000,7088.76000000,0.00000000,False
2022-12-20 04:20:00,8711.66000000,16543.41000000,7088.69000000,0.00000000,False
2022-12-20 04:25:00,8821.98000000,16705.17000000,7088.63000000,0.00000000,False
2022-12-20 04:30:00,8797.64000000,16620.74000000,7088.82000000,0.00000000,False
2022-12-20 04:35:00,8671.26000000,16271.94000000,7088.73000000,0.00000000,False
2022-12-20 04:40:00,8702.89000000,16389.32000000,7088.68000000,0.00000000,False
2022-12-20 04:45:00,8742.09000000,16685.21000000,7088.47000000,0.00000000,False
2022-12-20 04:50:00,8804.22000000,16573.25000000,7088.62000000,0.00000000,False
2022-12-20 04:55:00,8676.37000000,16177.11000000,7088.63000000,0.00000000,False
2022-12-20 05:00:00,8777.53000000,16390.55000000,7054.65000000,0.00000000,False
2022-12-20 05:05:00,8452.83000000,15752.88000000,7057.88000000,0.00000000,False
2022-12-20 05:10:00,8304.59000000,15623.90000000,7058.82000000,0.00000000,False
2022-12-20 05:15:00,8327.32000000,15528.38000000,7057.76000000,0.00000000,False
2022-12-20 05:20:00,8132.83000000,15293.96000000,7069.51000000,0.00000000,False
2022-12-20 05:25:00,8214.86000000,15268.14000000,7070.62000000,0.00000000,False
2022-12-20 05:30:00,8327.02000000,15428.12000000,7070.80000000,0.00000000,False
2022-12-20 05:35:00,8324.31000000,15328.22000000,7071.59000000,0.00000000,False
2022-12-20 05:40:00,8225.61000000,15013.00000000,7071.47000000,0.00000000,False
2022-12-20 05:45:00,8115.61000000,14889.14000000,7071.67000000,0.00000000,False
2022-12-20 05:50:00,8169.10000000,15128.25000000,7071.59000000,0.00000000,False
2022-12-20 05:55:00,7976.40000000,14807.86000000,7071.52000000,0.00000000,False
2022-12-20 06:00:00,8116.99000000,14746.66000000,6952.50000000,0.00000000,False
2022-12-20 06:05:00,7848.40000000,14076.97000000,6949.53000000,0.00000000,False
2022-12-20 06:10:00,7766.67000000,13972.38000000,6769.52000000,0.00000000,False
2022-12-20 06:15:00,7824.43000000,14159.97000000,6769.60000000,0.00000000,False
2022-12-20 06:20:00,7823.12000000,14286.79000000,6769.46000000,0.00000000,False
2022-12-20 06:25:00,7852.83000000,14233.66000000,6769.60000000,0.00000000,False
2022-12-20 06:30:00,7638.60000000,14004.17000000,6769.58000000,0.00000000,False
2022-12-20 06:35:00,7344.10000000,13534.81000000,6769.26000000,0.00000000,False
2022-12-20 06:40:00,7268.87000000,13288.35000000,6769.34000000,0.00000000,False
2022-12-20 06:45:00,7129.69000000,13187.94000000,6769.20000000,0.00000000,False
2022-12-20 06:50:00,6956.37000000,12982.95000000,6769.58000000,0.00000000,False
2022-12-20 06:55:00,6848.14000000,12837.78000000,6769.55000000,0.00000000,False
2022-12-20 07:00:00,6619.97000000,12292.75000000,6850.05000000,0.00000000,False
2022-12-20 07:05:00,6345.44000000,11842.92000000,6854.85000000,0.00000000,False
2022-12-20 07:10:00,6289.51000000,11617.77000000,6854.89000000,0.00000000,False
2022-12-20 07:15:00,6146.05000000,11537.17000000,6854.83000000,0.00000000,False
2022-12-20 07:20:00,5965.06000000,11329.80000000,6854.73000000,0.00000000,False
2022-12-20 07:25:00,5769.65000000,10557.37000000,6854.10000000,0.00000000,False
2022-12-20 07:30:00,5581.31000000,10287.74000000,6854.96000000,0.00000000,False
2022-12-20 07:35:00,5491.00000000,10130.28000000,6854.82000000,0.00000000,False
2022-12-20 07:40:00,5561.03000000,10183.08000000,6854.73000000,0.00000000,False
2022-12-20 07:45:00,5481.93000000,10101.63000000,6854.57000000,0.00000000,False
2022-12-20 07:50:00,5627.43000000,10183.23000000,6632.30000000,0.00000000,False
2022-12-20 07:55:00,5414.50000000,9911.81000000,6632.74000000,0.00000000,False
2022-12-20 08:00:00,5345.18000000,9942.98000000,6575.08000000,0.00000000,False
2022-12-20 08:05:00,5370.34000000,9873.34000000,6599.03000000,0.00000000,False
2022-12-20 08:10:00,5489.57000000,10025.39000000,6597.02000000,0.00000000,False
2022-12-20 08:15:00,5643.42000000,10298.85000000,6597.03000000,0.00000000,False
2022-12-20 08:20:00,5708.30000000,10504.56000000,6596.83000000,0.00000000,False
2022-12-20 08:25:00,5684.44000000,10472.35000000,6596.74000000,0.00000000,False
2022-12-20 08:30:00,5652.73000000,10503.25000000,6597.00000000,0.00000000,False
2022-12-20 08:35:00,5597.30000000,10544.08000000,6597.01000000,0.00000000,False
2022-12-20 08:40:00,5753.69000000,10789.20000000,6596.86000000,0.00000000,False
2022-12-20 08:45:00,5837.03000000,11067.98000000,6596.54000000,0.00000000,False
2022-12-20 08:50:00,5760.20000000,11005.28000000,6596.69000000,0.00000000,False
2022-12-20 08:55:00,5624.46000000,10539.31000000,6596.91000000,0.00000000,False
2022-12-20 09:00:00,5713.06000000,10693.66000000,6517.08000000,0.00000000,False
2022-12-20 09:05:00,5913.87000000,10770.37000000,6519.20000000,0.00000000,False
2022-12-20 09:10:00,6022.60000000,11008.44000000,6518.90000000,0.00000000,False
2022-12-20 09:15:00,6068.03000000,11150.73000000,6518.24000000,0.00000000,False
2022-12-20 09:20:00,6083.82000000,11547.01000000,6519.04000000,0.00000000,False
2022-12-20 09:25:00,6124.48000000,11487.93000000,6518.02000000,0.00000000,False
2022-12-20 09:30:00,6264.26000000,11774.61000000,6518.31000000,0.00000000,False
2022-12-20 09:35:00,6146.40000000,11849.90000000,6518.22000000,0.00000000,False
2022-12-20 09:40:00,6114.09000000,11637.15000000,6518.18000000,0.00000000,False
2022-12-20 09:45:00,6249.48000000,11713.46000000,6414.02000000,0.00000000,False
2022-12-20 09:50:00,6346.32000000,11675.61000000,6414.13000000,0.00000000,False
2022-12-20 09:55:00,6341.24000000,11650.74000000,6414.69000000,0.00000000,False
2022-12-20 10:00:00,6291.63000000,11486.44000000,6517.68000000,0.00000000,False
2022-12-20 10:05:00,5997.30000000,11188.99000000,6460.09000000,0.00000000,False
2022-12-20 10:10:00,5912.98000000,11134.07000000,6460.44000000,0.00000000,False
2022-12-20 10:15:00,5952.45000000,11261.18000000,6333.93000000,0.00000000,False
2022-12-20 10:20:00,6004.74000000,11156.04000000,6407.74000000,0.00000000,False
2022-12-20 10:25:00,5938.10000000,11063.15000000,6515.92000000,0.00000000,False
2022-12-20 10:30:00,5865.38000000,11016.23000000,6520.83000000,0.00000000,False
2022-12-20 10:35:00,5872.93000000,11185.74000000,6520.67000000,0.00000000,False
2022-12-20 10:40:00,5827.90000000,11147.12000000,6519.84000000,0.00000000,False
2022-12-20 10:45:00,5683.82000000,10929.57000000,6447.68000000,0.00000000,False
2022-12-20 10:50:00,5657.68000000,10761.25000000,6448.02000000,0.00000000,False
2022-12-20 10:55:00,5788.19000000,10856.24000000,6448.12000000,0.00000000,False
2022-12-20 11:00:00,5820.25000000,11037.01000000,6329.64000000,0.00000000,False
2022-12-20 11:05:00,5980.04000000,11298.30000000,6255.03000000,0.00000000,False
2022-12-20 11:10:00,5912.45000000,11261.04000000,6375.47000000,0.00000000,False
2022-12-20 11:15:00,5871.89000000,11225.66000000,6375.40000000,0.00000000,False
2022-12-20 11:20:00,5830.25000000,11121.64000000,6393.89000000,0.00000000,False
2022-12-20 11:25:00,5884.30000000,11089.79000000,6401.94000000,0.00000000,False
2022-12-20 11:30:00,6060.89000000,11321.09000000,6402.17000000,0.00000000,False
2022-12-20 11:35:00,5864.09000000,11071.29000000,6402.13000000,0.00000000,False
2022-12-20 11:40:00,5920.04000000,11011.50000000,6400.85000000,0.00000000,False
2022-12-20 11:45:00,6075.67000000,11254.07000000,6400.96000000,0.00000000,False
2022-12-20 11:50:00,5776.09000000,11114.28000000,6400.07000000,0.00000000,False
2022-12-20 11:55:00,5838.48000000,11053.96000000,6449.13000000,0.00000000,False
2022-12-20 12:00:00,5922.66000000,11004.31000000,6457.53000000,0.00000000,False
2022-12-20 12:05:00,5932.93000000,11000.75000000,6458.19000000,0.00000000,False
2022-12-20 12:10:00,5942.10000000,11078.97000000,6458.05000000,0.00000000,False
2022-12-20 12:15:00,5916.58000000,11157.27000000,6457.06000000,0.00000000,False
2022-12-20 12:20:00,5976.86000000,11281.89000000,6674.96000000,0.00000000,False
2022-12-20 12:25:00,5914.14000000,11294.78000000,6675.97000000,0.00000000,False
2022-12-20 12:30:00,5904.92000000,11286.93000000,6675.18000000,0.00000000,False
2022-12-20 12:35:00,5950.65000000,11431.00000000,6674.17000000,0.00000000,False
2022-12-20 12:40:00,5860.30000000,11355.98000000,6601.42000000,0.00000000,False
2022-12-20 12:45:00,5993.83000000,11506.89000000,6601.33000000,0.00000000,False
2022-12-20 12:50:00,6165.23000000,11857.48000000,6579.44000000,0.00000000,False
2022-12-20 12:55:00,6153.66000000,11815.33000000,6579.47000000,0.00000000,False
2022-12-20 13:00:00,6167.69000000,11848.86000000,6519.94000000,0.00000000,False
2022-12-20 13:05:00,6275.64000000,12058.71000000,6563.54000000,0.00000000,False
2022-12-20 13:10:00,6268.55000000,11958.15000000,6563.64000000,0.00000000,False
2022-12-20 13:15:00,6173.92000000,11954.19000000,6561.53000000,0.00000000,False
2022-12-20 13:20:00,6152.77000000,11962.11000000,6561.53000000,0.00000000,False
2022-12-20 13:25:00,5915.25000000,11510.96000000,6561.54000000,0.00000000,False
2022-12-20 13:30:00,6043.13000000,11589.93000000,6561.57000000,0.00000000,False
2022-12-20 13:35:00,6178.37000000,11889.88000000,6561.58000000,0.00000000,False
2022-12-20 13:40:00,6226.86000000,12175.24000000,6561.40000000,0.00000000,False
2022-12-20 13:45:00,6225.11000000,12101.61000000,6560.25000000,0.00000000,False
2022-12-20 13:50:00,6418.62000000,12391.51000000,6557.49000000,0.00000000,False
2022-12-20 13:55:00,6447.87000000,12365.44000000,6559.50000000,0.00000000,False
2022-12-20 14:00:00,6360.23000000,12198.47000000,6618.02000000,0.00000000,False
2022-12-20 14:05:00,6404.32000000,12254.97000000,6619.17000000,0.00000000,False
2022-12-20 14:10:00,6573.00000000,12584.07000000,6622.10000000,0.00000000,False
2022-12-20 14:15:00,6621.07000000,12626.87000000,6619.14000000,0.00000000,False
2022-12-20 14:20:00,6653.50000000,12787.36000000,6618.04000000,0.00000000,False
2022-12-20 14:25:00,6852.80000000,13064.82000000,6599.25000000,0.00000000,False
2022-12-20 14:30:00,6879.50000000,13235.91000000,6660.45000000,0.00000000,False
2022-12-20 14:35:00,6910.60000000,13185.20000000,6660.41000000,0.00000000,False
2022-12-20 14:40:00,6853.43000000,13074.03000000,6593.38000000,0.00000000,False
2022-12-20 14:45:00,6689.53000000,12810.01000000,6636.27000000,0.00000000,False
2022-12-20 14:50:00,6687.15000000,12806.00000000,6595.33000000,0.00000000,False
2022-12-20 14:55:00,6978.38000000,13306.26000000,6596.29000000,0.00000000,False
2022-12-20 15:00:00,7019.75000000,13296.92000000,6806.33000000,0.00000000,False
2022-12-20 15:05:00,6951.07000000,13204.51000000,6802.59000000,0.00000000,False
2022-12-20 15:10:00,6872.20000000,12849.13000000,6802.83000000,0.00000000,False
2022-12-20 15:15:00,6736.60000000,12622.47000000,6805.87000000,0.00000000,False
2022-12-20 15:20:00,6711.40000000,12604.48000000,6804.80000000,0.00000000,False
2022-12-20 15:25:00,6863.16000000,12890.60000000,6802.79000000,0.00000000,False
2022-12-20 15:30:00,6900.12000000,12915.94000000,6802.81000000,0.00000000,False
2022-12-20 15:35:00,7002.98000000,13130.75000000,6802.74000000,0.00000000,False
2022-12-20 15:40:00,6581.30000000,12372.54000000,6802.83000000,0.00000000,False
2022-12-20 15:45:00,6513.09000000,11884.57000000,6805.70000000,0.00000000,False
2022-12-20 15:50:00,6502.20000000,11920.07000000,6802.79000000,0.00000000,False
2022-12-20 15:55:00,6541.89000000,12290.73000000,6803.81000000,0.00000000,False
2022-12-20 16:00:00,6611.72000000,12448.42000000,6733.47000000,0.00000000,False
2022-12-20 16:05:00,6242.94000000,11815.50000000,6738.01000000,0.00000000,False
2022-12-20 16:10:00,5957.49000000,11184.79000000,6809.01000000,0.00000000,False
2022-12-20 16:15:00,5945.73000000,10932.15000000,6696.17000000,0.00000000,False
2022-12-20 16:20:00,5667.62000000,10491.35000000,6695.97000000,0.00000000,False
2022-12-20 16:25:00,5336.02000000,9923.68000000,6695.87000000,0.00000000,False
2022-12-20 16:30:00,5281.12000000,9735.44000000,6697.03000000,0.00000000,False
2022-12-20 16:35:00,5092.56000000,9212.22000000,6696.98000000,0.00000000,False
2022-12-20 16:40:00,5011.18000000,8925.63000000,6697.01000000,0.00000000,False
2022-12-20 16:45:00,5019.27000000,8723.05000000,6604.28000000,0.00000000,False
2022-12-20 16:50:00,5089.52000000,8642.78000000,6549.38000000,0.00000000,False
2022-12-20 16:55:00,4825.57000000,8004.45000000,6549.45000000,0.00000000,False
2022-12-20 17:00:00,4928.02000000,7866.09000000,6560.97000000,0.00000000,False
2022-12-20 17:05:00,5103.41000000,8240.01000000,5993.84000000,0.00000000,False
2022-12-20 17:10:00,5054.38000000,7804.93000000,5861.25000000,0.00000000,False
2022-12-20 17:15:00,4803.68000000,7433.24000000,5864.63000000,0.00000000,False
2022-12-20 17:20:00,4911.34000000,7383.71000000,5863.83000000,0.00000000,False
2022-12-20 17:25:00,5156.91000000,7560.87000000,5775.80000000,0.00000000,False
2022-12-20 17:30:00,5061.25000000,7374.81000000,5771.56000000,0.00000000,False
2022-12-20 17:35:00,4889.34000000,6909.02000000,5741.54000000,0.00000000,False
2022-12-20 17:40:00,4964.35000000,6830.05000000,5740.45000000,0.00000000,False
2022-12-20 17:45:00,4706.79000000,6551.33000000,5644.37000000,0.00000000,False
2022-12-20 17:50:00,4870.88000000,6651.78000000,5462.81000000,0.00000000,False
2022-12-20 17:55:00,4839.09000000,6625.35000000,5429.44000000,0.00000000,False
2022-12-20 18:00:00,4809.14000000,6781.77000000,5305.72000000,0.00000000,False
2022-12-20 18:05:00,4927.45000000,7278.86000000,5107.25000000,0.00000000,False
2022-12-20 18:10:00,4814.63000000,7150.71000000,5151.27000000,0.00000000,False
2022-12-20 18:15:00,4766.21000000,7109.39000000,5153.27000000,0.00000000,False
2022-12-20 18:20:00,4929.71000000,7089.34000000,5154.12000000,0.00000000,False
2022-12-20 18:25:00,4938.02000000,7259.63000000,5154.13000000,0.00000000,False
2022-12-20 18:30:00,4935.37000000,7354.71000000,5228.28000000,0.00000000,False
2022-12-20 18:35:00,4879.27000000,7301.70000000,5228.17000000,0.00000000,False
2022-12-20 18:40:00,4871.86000000,7454.85000000,5184.27000000,0.00000000,False
2022-12-20 18:45:00,4883.56000000,7518.39000000,5274.24000000,0.00000000,False
2022-12-20 18:50:00,5052.32000000,7772.93000000,5274.25000000,0.00000000,False
2022-12-20 18:55:00,5054.15000000,7733.85000000,5275.20000000,0.00000000,False
2022-12-20 19:00:00,5009.95000000,7724.81000000,5390.97000000,0.00000000,False
2022-12-20 19:05:00,5067.61000000,7773.93000000,5432.55000000,0.00000000,False
2022-12-20 19:10:00,4984.98000000,7613.92000000,5433.53000000,0.00000000,False
2022-12-20 19:15:00,4999.34000000,7555.99000000,5434.55000000,0.00000000,False
2022-12-20 19:20:00,5102.70000000,7726.31000000,5434.42000000,0.00000000,False
2022-12-20 19:25:00,4889.16000000,7478.03000000,5534.80000000,0.00000000,False
2022-12-20 19:30:00,4980.91000000,7585.98000000,5534.96000000,0.00000000,False
2022-12-20 19:35:00,4893.28000000,7533.13000000,5535.82000000,0.00000000,False
2022-12-20 19:40:00,4968.38000000,7575.99000000,5535.94000000,0.00000000,False
2022-12-20 19:45:00,4980.35000000,7522.06000000,5535.92000000,0.00000000,False
2022-12-20 19:50:00,4895.44000000,7410.75000000,5536.96000000,0.00000000,False
2022-12-20 19:55:00,5028.61000000,7582.07000000,5535.88000000,0.00000000,False
2022-12-20 20:00:00,4911.36000000,7639.77000000,5404.04000000,0.00000000,False
2022-12-20 20:05:00,4961.46000000,7700.79000000,5400.67000000,0.00000000,False
2022-12-20 20:10:00,5003.91000000,7834.69000000,5400.63000000,0.00000000,False
2022-12-20 20:15:00,4955.84000000,7761.61000000,5439.66000000,0.00000000,False
2022-12-20 20:20:00,4954.50000000,7587.00000000,5486.51000000,0.00000000,False
2022-12-20 20:25:00,4926.52000000,7463.72000000,5519.52000000,0.00000000,False
2022-12-20 20:30:00,4900.13000000,7258.81000000,5675.64000000,0.00000000,False
2022-12-20 20:35:00,4923.35000000,7156.11000000,5680.54000000,0.00000000,False
2022-12-20 20:40:00,4969.39000000,7096.30000000,5680.65000000,0.00000000,False
2022-12-20 20:45:00,4964.66000000,7004.19000000,5675.65000000,0.00000000,False
2022-12-20 20:50:00,5025.71000000,7118.96000000,5726.06000000,0.00000000,False
2022-12-20 20:55:00,4946.07000000,7124.26000000,5977.97000000,0.00000000,False
2022-12-20 21:00:00,4821.24000000,6990.49000000,5862.98000000,0.00000000,False
2022-12-20 21:05:00,4953.24000000,7216.85000000,5940.26000000,0.00000000,False
2022-12-20 21:10:00,4946.20000000,7179.27000000,5940.25000000,0.00000000,False
2022-12-20 21:15:00,4918.82000000,7136.50000000,5867.02000000,0.00000000,False
2022-12-20 21:20:00,4923.96000000,7122.37000000,6000.88000000,0.00000000,False
2022-12-20 21:25:00,4992.33000000,7274.28000000,6073.43000000,0.00000000,False
2022-12-20 21:30:00,5076.66000000,7464.89000000,6001.05000000,0.00000000,False
2022-12-20 21:35:00,5003.62000000,7369.91000000,6000.95000000,0.00000000,False
2022-12-20 21:40:00,5057.93000000,7417.78000000,6001.03000000,0.00000000,False
2022-12-20 21:45:00,5273.01000000,7883.61000000,6000.93000000,0.00000000,False
2022-12-20 21:50:00,5171.94000000,7794.08000000,6000.96000000,0.00000000,False
2022-12-20 21:55:00,5103.87000000,7817.67000000,6000.98000000,0.00000000,False
2022-12-20 22:00:00,4995.75000000,7677.47000000,6012.01000000,0.00000000,False
2022-12-20 22:05:00,5212.00000000,7938.65000000,5991.29000000,0.00000000,False
2022-12-20 22:10:00,5200.10000000,7847.30000000,5990.54000000,0.00000000,False
2022-12-20 22:15:00,5166.02000000,7815.43000000,5990.53000000,0.00000000,False
2022-12-20 22:20:00,5376.23000000,7976.70000000,5992.42000000,0.00000000,False
2022-12-20 22:25:00,5379.14000000,7984.13000000,5992.43000000,0.00000000,False
2022-12-20 22:30:00,5258.30000000,7917.53000000,5992.55000000,0.00000000,False
2022-12-20 22:35:00,5246.49000000,8041.64000000,5992.42000000,0.00000000,False
2022-12-20 22:40:00,5383.83000000,8232.00000000,5992.51000000,0.00000000,False
2022-12-20 22:45:00,5312.59000000,8137.52000000,5992.55000000,0.00000000,False
2022-12-20 22:50:00,5374.12000000,8054.36000000,5992.54000000,0.00000000,False
2022-12-20 22:55:00,5535.81000000,8344.45000000,5993.48000000,0.00000000,False
2022-12-20 23:00:00,5390.12000000,8288.74000000,6021.58000000,0.00000000,False
2022-12-20 23:05:00,5353.65000000,8523.89000000,6021.66000000,0.00000000,False
2022-12-20 23:10:00,5377.52000000,8830.92000000,6021.64000000,0.00000000,False
2022-12-20 23:15:00,5319.19000000,8693.55000000,6021.65000000,0.00000000,False
2022-12-20 23:20:00,5364.75000000,8739.51000000,6021.49000000,0.00000000,False
2022-12-20 23:25:00,5365.91000000,8704.63000000,6021.53000000,0.00000000,False
2022-12-20 23:30:00,5486.36000000,8986.11000000,6021.64000000,0.00000000,False
2022-12-20 23:35:00,5504.28000000,9035.84000000,6126.87000000,0.00000000,False
2022-12-20 23:40:00,5435.85000000,9003.05000000,6219.34000000,0.00000000,False
2022-12-20 23:45:00,5487.11000000,8946.79000000,6219.37000000,0.00000000,False
2022-12-20 23:50:00,5515.79000000,8994.03000000,6219.36000000,0.00000000,False
2022-12-20 23:55:00,5465.70000000,9115.65000000,6219.55000000,0.00000000,False
2022-12-21 00:00:00,5161.75000000,8699.27000000,6327.10000000,0.00000000,False
2022-12-21 00:05:00,5080.17000000,8473.87000000,6585.39000000,0.00000000,False
2022-12-21 00:10:00,5018.30000000,8382.59000000,6757.57000000,0.00000000,False
2022-12-21 00:15:00,4903.88000000,8344.25000000,6758.56000000,0.00000000,False
2022-12-21 00:20:00,5028.15000000,8386.00000000,6757.58000000,0.00000000,False
2022-12-21 00:25:00,4928.40000000,8327.63000000,6756.50000000,0.00000000,False
2022-12-21 00:30:00,4953.70000000,8348.38000000,6950.76000000,0.00000000,False
2022-12-21 00:35:00,4999.67000000,8377.33000000,6947.54000000,0.00000000,False
2022-12-21 00:40:00,5170.11000000,8513.82000000,6948.54000000,0.00000000,False
2022-12-21 00:45:00,5078.39000000,8431.94000000,6948.57000000,0.00000000,False
2022-12-21 00:50:00,4982.48000000,8465.00000000,6948.79000000,0.00000000,False
2022-12-21 00:55:00,5003.09000000,8451.93000000,6946.84000000,0.00000000,False
2022-12-21 01:00:00,5191.81000000,8714.06000000,6990.16000000,0.00000000,False
2022-12-21 01:05:00,5239.31000000,8922.42000000,7001.50000000,0.00000000,False
2022-12-21 01:10:00,5171.93000000,8588.06000000,7002.90000000,0.00000000,False
2022-12-21 01:15:00,5054.41000000,8738.50000000,7083.78000000,0.00000000,False
2022-12-21 01:20:00,5052.45000000,8789.27000000,7085.77000000,0.00000000,False
2022-12-21 01:25:00,5078.52000000,8727.45000000,7085.84000000,0.00000000,False
2022-12-21 01:30:00,5260.66000000,9097.04000000,7085.73000000,0.00000000,False
2022-12-21 01:35:00,5224.84000000,8966.33000000,7085.71000000,0.00000000,False
2022-12-21 01:40:00,5297.33000000,9236.16000000,7085.76000000,0.00000000,False
2022-12-21 01:45:00,5398.85000000,9311.85000000,7084.92000000,0.00000000,False
2022-12-21 01:50:00,5365.44000000,9283.08000000,7084.89000000,0.00000000,False
2022-12-21 01:55:00,5278.46000000,9120.32000000,7084.82000000,0.00000000,False
2022-12-21 02:00:00,5359.46000000,9424.00000000,7089.63000000,0.00000000,False
2022-12-21 02:05:00,5345.80000000,9387.75000000,7102.01000000,0.00000000,False
2022-12-21 02:10:00,5159.08000000,9086.38000000,7170.39000000,0.00000000,False
2022-12-21 02:15:00,5071.67000000,8901.46000000,7415.38000000,0.00000000,False
2022-12-21 02:20:00,4969.82000000,8624.09000000,7426.03000000,0.00000000,False
2022-12-21 02:25:00,4990.71000000,8579.28000000,7434.91000000,0.00000000,False
2022-12-21 02:30:00,5000.21000000,8518.12000000,7434.00000000,0.00000000,False
2022-12-21 02:35:00,4958.40000000,8447.43000000,7434.97000000,0.00000000,False
2022-12-21 02:40:00,4977.08000000,8529.57000000,7433.17000000,0.00000000,False
2022-12-21 02:45:00,5012.63000000,8551.25000000,7433.22000000,0.00000000,False
2022-12-21 02:50:00,4964.03000000,8642.74000000,7433.86000000,0.00000000,False
2022-12-21 02:55:00,4961.49000000,8622.03000000,7435.02000000,0.00000000,False
2022-12-21 03:00:00,5218.80000000,9249.72000000,7376.45000000,0.00000000,False
2022-12-21 03:05:00,5160.44000000,9250.38000000,7376.44000000,0.00000000,False
2022-12-21 03:10:00,5065.92000000,8996.89000000,7378.14000000,0.00000000,False
2022-12-21 03:15:00,4975.58000000,8858.83000000,7378.69000000,0.00000000,False
2022-12-21 03:20:00,4915.66000000,8710.79000000,7378.50000000,0.00000000,False
2022-12-21 03:25:00,5015.29000000,8768.89000000,7378.56000000,0.00000000,False
2022-12-21 03:30:00,4990.10000000,8738.95000000,7377.69000000,0.00000000,False
2022-12-21 03:35:00,4966.93000000,8627.80000000,7378.58000000,0.00000000,False
2022-12-21 03:40:00,4808.57000000,8184.32000000,7378.59000000,0.00000000,False
2022-12-21 03:45:00,4793.68000000,8286.85000000,7378.58000000,0.00000000,False
2022-12-21 03:50:00,4778.82000000,8080.80000000,7378.84000000,0.00000000,False
2022-12-21 03:55:00,4911.25000000,8093.44000000,7328.33000000,0.00000000,False
2022-12-21 04:00:00,5472.77000000,9305.28000000,7164.56000000,0.00000000,False
2022-12-21 04:05:00,5344.20000000,8889.00000000,7162.58000000,0.00000000,False
2022-12-21 04:10:00,5175.44000000,8529.79000000,7163.82000000,0.00000000,False
2022-12-21 04:15:00,5273.06000000,8461.24000000,7163.31000000,0.00000000,False
2022-12-21 04:20:00,5260.57000000,8321.50000000,7073.63000000,0.00000000,False
2022-12-21 04:25:00,5155.10000000,8359.33000000,7054.72000000,0.00000000,False
2022-12-21 04:30:00,5098.98000000,8523.13000000,7073.98000000,0.00000000,False
2022-12-21 04:35:00,5008.11000000,8572.24000000,7073.63000000,0.00000000,False
2022-12-21 04:40:00,4940.82000000,8372.33000000,7073.74000000,0.00000000,False
2022-12-21 04:45:00,5120.64000000,8818.31000000,7073.89000000,0.00000000,False
2022-12-21 04:50:00,5161.22000000,9122.38000000,7077.00000000,0.00000000,False
2022-12-21 04:55:00,5051.93000000,8885.83000000,7076.91000000,0.00000000,False
2022-12-21 05:00:00,5050.92000000,8999.01000000,7116.50000000,0.00000000,False
2022-12-21 05:05:00,5052.33000000,8823.80000000,7115.10000000,0.00000000,False
2022-12-21 05:10:00,4872.47000000,8356.79000000,7137.07000000,0.00000000,False
2022-12-21 05:15:00,4974.46000000,8412.46000000,6992.96000000,0.00000000,False
2022-12-21 05:20:00,5031.92000000,8276.23000000,6992.85000000,0.00000000,False
2022-12-21 05:25:00,5056.42000000,8266.47000000,6942.82000000,0.00000000,False
2022-12-21 05:30:00,5027.39000000,8088.55000000,6846.95000000,0.00000000,False
2022-12-21 05:35:00,4957.82000000,7836.38000000,6585.97000000,0.00000000,False
2022-12-21 05:40:00,5060.41000000,8164.77000000,6310.17000000,0.00000000,False
2022-12-21 05:45:00,5040.41000000,8311.64000000,6170.32000000,0.00000000,False
2022-12-21 05:50:00,5133.54000000,8350.94000000,6157.40000000,0.00000000,False
2022-12-21 05:55:00,5010.48000000,8176.70000000,6157.32000000,0.00000000,False
2022-12-21 06:00:00,4968.06000000,7834.09000000,6108.90000000,0.00000000,False
2022-12-21 06:05:00,4662.17000000,7346.41000000,6018.87000000,0.00000000,False
2022-12-21 06:10:00,4725.59000000,7636.06000000,5630.83000000,0.00000000,False
2022-12-21 06:15:00,5018.77000000,7565.12000000,5527.75000000,0.00000000,False
2022-12-21 06:20:00,4993.42000000,7648.42000000,5381.69000000,0.00000000,False
2022-12-21 06:25:00,5026.99000000,7739.87000000,5381.67000000,0.00000000,False
2022-12-21 06:30:00,4716.35000000,7398.29000000,5381.71000000,0.00000000,False
2022-12-21 06:35:00,4682.82000000,7287.36000000,5245.88000000,0.00000000,False
2022-12-21 06:40:00,4698.58000000,7161.47000000,5245.98000000,0.00000000,False
2022-12-21 06:45:00,4555.49000000,7063.35000000,5190.13000000,0.00000000,False
2022-12-21 06:50:00,4494.22000000,6820.89000000,5190.14000000,0.00000000,False
2022-12-21 06:55:00,4650.02000000,6880.32000000,5190.09000000,0.00000000,False
2022-12-21 07:00:00,4632.94000000,6913.78000000,5098.73000000,0.00000000,False
2022-12-21 07:05:00,4204.44000000,6323.82000000,5152.73000000,0.00000000,False
2022-12-21 07:10:00,4258.81000000,6275.21000000,5119.73000000,0.00000000,False
2022-12-21 07:15:00,4220.77000000,6340.40000000,5079.73000000,0.00000000,False
2022-12-21 07:20:00,4349.26000000,6560.96000000,5079.73000000,0.00000000,False
2022-12-21 07:25:00,4161.06000000,6302.12000000,5079.73000000,0.00000000,False
2022-12-21 07:30:00,4220.26000000,6334.48000000,5079.73000000,0.00000000,False
2022-12-21 07:35:00,4211.73000000,6327.77000000,5079.73000000,0.00000000,False
2022-12-21 07:40:00,4088.75000000,6189.03000000,5079.73000000,0.00000000,False
2022-12-21 07:45:00,4083.48000000,6103.39000000,5079.73000000,0.00000000,False
2022-12-21 07:50:00,4169.01000000,6225.02000000,5079.73000000,0.00000000,False
2022-12-21 07:55:00,4248.11000000,6153.76000000,5023.73000000,0.00000000,False
2022-12-21 08:00:00,4179.05000000,6039.74000000,5074.73000000,0.00000000,False
2022-12-21 08:05:00,4325.66000000,6433.40000000,4892.63000000,0.00000000,False
2022-12-21 08:10:00,4625.11000000,6996.80000000,4841.73000000,0.00000000,False
2022-12-21 08:15:00,4433.14000000,6979.62000000,4715.53000000,0.00000000,False
2022-12-21 08:20:00,4409.83000000,6699.49000000,4788.40000000,0.00000000,False
2022-12-21 08:25:00,4609.82000000,7081.83000000,4788.40000000,0.00000000,False
2022-12-21 08:30:00,4911.51000000,7704.75000000,4654.53000000,0.00000000,False
2022-12-21 08:35:00,5124.22000000,8066.87000000,4907.83000000,0.00000000,False
2022-12-21 08:40:00,5048.77000000,8160.90000000,4907.83000000,0.00000000,False
2022-12-21 08:45:00,4941.14000000,8133.85000000,4907.83000000,0.00000000,False
2022-12-21 08:50:00,4885.81000000,8084.31000000,5015.83000000,0.00000000,False
2022-12-21 08:55:00,4950.34000000,8155.96000000,5111.83000000,0.00000000,False
2022-12-21 09:00:00,5000.04000000,8139.30000000,5183.73000000,0.00000000,False
2022-12-21 09:05:00,5032.42000000,8641.48000000,5259.05000000,0.00000000,False
2022-12-21 09:10:00,5271.51000000,9054.68000000,5263.05000000,0.00000000,False
2022-12-21 09:15:00,5432.38000000,9148.12000000,5447.60000000,0.00000000,False
2022-12-21 09:20:00,5597.46000000,9586.88000000,5705.20000000,0.00000000,False
2022-12-21 09:25:00,5769.65000000,9984.34000000,5620.05000000,0.00000000,False
2022-12-21 09:30:00,5587.35000000,9628.82000000,5790.45000000,0.00000000,False
2022-12-21 09:35:00,5175.01000000,9144.73000000,6328.37000000,0.00000000,False
2022-12-21 09:40:00,5190.41000000,9023.39000000,6328.37000000,0.00000000,False
2022-12-21 09:45:00,5223.53000000,9142.80000000,6326.37000000,0.00000000,False
2022-12-21 09:50:00,5305.48000000,9506.37000000,6197.45000000,0.00000000,False
2022-12-21 09:55:00,5320.55000000,9404.84000000,6306.45000000,0.00000000,False
2022-12-21 10:00:00,5362.92000000,9466.90000000,6715.22000000,0.00000000,False
2022-12-21 10:05:00,5404.84000000,9776.14000000,6631.53000000,0.00000000,False
2022-12-21 10:10:00,5670.49000000,10347.80000000,6585.82000000,0.00000000,False
2022-12-21 10:15:00,5720.88000000,10501.93000000,6525.82000000,0.00000000,False
2022-12-21 10:20:00,5816.44000000,10860.08000000,6570.64000000,0.00000000,False
2022-12-21 10:25:00,5827.76000000,11098.98000000,6858.88000000,0.00000000,False
2022-12-21 10:30:00,5913.32000000,11333.16000000,6974.65000000,0.00000000,False
2022-12-21 10:35:00,6058.75000000,11657.97000000,7061.51000000,0.00000000,False
2022-12-21 10:40:00,6054.88000000,11974.36000000,7112.28000000,0.00000000,False
2022-12-21 10:45:00,6147.79000000,12286.04000000,7236.86000000,0.00000000,False
2022-12-21 10:50:00,6280.86000000,12471.61000000,7105.24000000,0.00000000,False
2022-12-21 10:55:00,6258.00000000,12419.86000000,7104.45000000,0.00000000,False
2022-12-21 11:00:00,6238.67000000,12319.41000000,7008.58000000,0.00000000,False
2022-12-21 11:05:00,6334.35000000,12502.14000000,6934.69000000,0.00000000,False
2022-12-21 11:10:00,6277.78000000,12430.20000000,6934.67000000,0.00000000,False
2022-12-21 11:15:00,6404.15000000,12794.74000000,6932.53000000,0.00000000,False
2022-12-21 11:20:00,6489.06000000,12959.54000000,6934.34000000,0.00000000,False
2022-12-21 11:25:00,6558.15000000,13227.69000000,6930.61000000,0.00000000,False
2022-12-21 11:30:00,6488.39000000,13212.23000000,6932.56000000,0.00000000,False
2022-12-21 11:35:00,6646.58000000,13439.04000000,6929.37000000,0.00000000,False
2022-12-21 11:40:00,6593.95000000,13548.30000000,6927.54000000,0.00000000,False
2022-12-21 11:45:00,6836.62000000,14148.13000000,6929.64000000,0.00000000,False
2022-12-21 11:50:00,6962.76000000,14634.27000000,6932.41000000,0.00000000,False
2022-12-21 11:55:00,7147.20000000,15022.48000000,6930.45000000,0.00000000,False
2022-12-21 12:00:00,7503.16000000,15432.61000000,6959.36000000,0.00000000,False
2022-12-21 12:05:00,7794.85000000,15657.78000000,7002.69000000,0.00000000,False
2022-12-21 12:10:00,7893.28000000,16250.60000000,6965.98000000,0.00000000,False
2022-12-21 12:15:00,8103.12000000,16538.26000000,6967.83000000,0.00000000,False
2022-12-21 12:20:00,8214.76000000,17004.61000000,7023.93000000,0.00000000,False
2022-12-21 12:25:00,8270.55000000,17203.63000000,7021.05000000,0.00000000,False
2022-12-21 12:30:00,8369.21000000,17433.64000000,7021.18000000,0.00000000,False
2022-12-21 12:35:00,8493.98000000,17710.62000000,7021.19000000,0.00000000,False
2022-12-21 12:40:00,8521.58000000,17805.99000000,7021.09000000,0.00000000,False
2022-12-21 12:45:00,8477.03000000,17839.64000000,7023.06000000,0.00000000,False
2022-12-21 12:50:00,8739.07000000,18316.46000000,7021.14000000,0.00000000,False
2022-12-21 12:55:00,8774.90000000,18627.70000000,7021.26000000,0.00000000,False
2022-12-21 13:00:00,9054.70000000,19013.98000000,6926.41000000,0.00000000,False
2022-12-21 13:05:00,9037.64000000,18590.80000000,6925.45000000,0.00000000,False
2022-12-21 13:10:00,8858.85000000,17990.49000000,6965.23000000,0.00000000,False
2022-12-21 13:15:00,8653.90000000,17771.95000000,6964.93000000,0.00000000,False
2022-12-21 13:20:00,8607.19000000,17930.74000000,6964.90000000,0.00000000,False
2022-12-21 13:25:00,8790.06000000,18216.25000000,6964.94000000,0.00000000,False
2022-12-21 13:30:00,8884.10000000,18662.18000000,6963.83000000,0.00000000,False
2022-12-21 13:35:00,9208.25000000,18944.59000000,6962.96000000,0.00000000,False
2022-12-21 13:40:00,8991.83000000,18557.99000000,7035.08000000,0.00000000,False
2022-12-21 13:45:00,8791.88000000,18130.12000000,7036.97000000,0.00000000,False
2022-12-21 13:50:00,8728.06000000,18012.52000000,7032.81000000,0.00000000,False
2022-12-21 13:55:00,8693.50000000,18127.91000000,7034.91000000,0.00000000,False
2022-12-21 14:00:00,8970.20000000,18647.65000000,6974.46000000,0.00000000,False
2022-12-21 14:05:00,9037.88000000,18531.94000000,6977.19000000,0.00000000,False
2022-12-21 14:10:00,9204.25000000,18963.98000000,6977.72000000,0.00000000,False
2022-12-21 14:15:00,9244.35000000,19349.21000000,6978.70000000,0.00000000,False
2022-12-21 14:20:00,9341.12000000,19680.21000000,6978.59000000,0.00000000,False
2022-12-21 14:25:00,9383.90000000,20189.19000000,6978.67000000,0.00000000,False
2022-12-21 14:30:00,9378.98000000,19833.54000000,6928.73000000,0.00000000,False
2022-12-21 14:35:00,9258.43000000,19779.00000000,6928.81000000,0.00000000,False
2022-12-21 14:40:00,9470.91000000,19992.18000000,6978.63000000,0.00000000,False
2022-12-21 14:45:00,9431.94000000,20302.37000000,6978.60000000,0.00000000,False
2022-12-21 14:50:00,9387.55000000,19865.04000000,6978.36000000,0.00000000,False
2022-12-21 14:55:00,9557.46000000,20134.22000000,6978.76000000,0.00000000,False
2022-12-21 15:00:00,9640.90000000,20256.88000000,7176.33000000,0.00000000,False
2022-12-21 15:05:00,9457.62000000,20354.79000000,7176.17000000,0.00000000,False
2022-12-21 15:10:00,9563.79000000,20592.51000000,7176.44000000,0.00000000,False
2022-12-21 15:15:00,9578.28000000,20545.58000000,7176.13000000,0.00000000,False
2022-12-21 15:20:00,9496.72000000,20326.18000000,7176.20000000,0.00000000,False
2022-12-21 15:25:00,9417.08000000,20172.11000000,7176.10000000,0.00000000,False
2022-12-21 15:30:00,9517.66000000,20160.52000000,7225.83000000,0.00000000,False
2022-12-21 15:35:00,9367.75000000,19886.06000000,7225.97000000,0.00000000,False
2022-12-21 15:40:00,9401.50000000,19814.38000000,7225.98000000,0.00000000,False
2022-12-21 15:45:00,9480.98000000,19639.98000000,7227.01000000,0.00000000,False
2022-12-21 15:50:00,9404.61000000,19466.31000000,7225.99000000,0.00000000,False
2022-12-21 15:55:00,9303.85000000,19227.19000000,7228.11000000,0.00000000,False
2022-12-21 16:00:00,9446.09000000,19577.78000000,7159.91000000,0.00000000,False
2022-12-21 16:05:00,9261.38000000,19196.78000000,7157.33000000,0.00000000,False
2022-12-21 16:10:00,9093.40000000,18881.47000000,7158.54000000,0.00000000,False
2022-12-21 16:15:00,9214.48000000,18874.74000000,7157.32000000,0.00000000,False
2022-12-21 16:20:00,9192.13000000,18776.01000000,7155.53000000,0.00000000,False
2022-12-21 16:25:00,9102.02000000,18752.26000000,7155.44000000,0.00000000,False
2022-12-21 16:30:00,8963.24000000,18335.72000000,7158.34000000,0.00000000,False
2022-12-21 16:35:00,8824.01000000,17976.20000000,7157.63000000,0.00000000,False
2022-12-21 16:40:00,8586.90000000,17384.87000000,7157.40000000,0.00000000,False
2022-12-21 16:45:00,8509.82000000,17115.80000000,7044.34000000,0.00000000,False
2022-12-21 16:50:00,8249.27000000,16687.23000000,7045.45000000,0.00000000,False
2022-12-21 16:55:00,8093.34000000,16395.21000000,7045.55000000,0.00000000,False
2022-12-21 17:00:00,7753.48000000,15498.19000000,7058.26000000,0.00000000,False
2022-12-21 17:05:00,7568.95000000,15145.96000000,7057.76000000,0.00000000,False
2022-12-21 17:10:00,7473.50000000,14685.02000000,7058.04000000,0.00000000,False
2022-12-21 17:15:00,7012.43000000,13945.53000000,7056.76000000,0.00000000,False
2022-12-21 17:20:00,6937.82000000,13534.98000000,7056.79000000,0.00000000,False
2022-12-21 17:25:00,6829.72000000,13259.00000000,7056.87000000,0.00000000,False
2022-12-21 17:30:00,6591.60000000,12860.57000000,7057.80000000,0.00000000,False
2022-12-21 17:35:00,6491.12000000,12575.27000000,7058.95000000,0.00000000,False
2022-12-21 17:40:00,6374.11000000,12488.37000000,7054.98000000,0.00000000,False
2022-12-21 17:45:00,6311.36000000,12487.60000000,7054.84000000,0.00000000,False
2022-12-21 17:50:00,6183.45000000,12356.74000000,7054.83000000,0.00000000,False
2022-12-21 17:55:00,6163.51000000,12372.80000000,7054.81000000,0.00000000,False
2022-12-21 18:00:00,6244.48000000,12662.01000000,7061.78000000,0.00000000,False
2022-12-21 18:05:00,6466.64000000,13109.43000000,7062.45000000,0.00000000,False
2022-12-21 18:10:00,6545.43000000,13438.10000000,7062.53000000,0.00000000,False
2022-12-21 18:15:00,6562.44000000,13645.30000000,7062.49000000,0.00000000,False
2022-12-21 18:20:00,6655.75000000,13742.07000000,7062.51000000,0.00000000,False
2022-12-21 18:25:00,6766.57000000,13880.07000000,7066.34000000,0.00000000,False
2022-12-21 18:30:00,6880.62000000,14284.08000000,7066.44000000,0.00000000,False
2022-12-21 18:35:00,7035.36000000,14590.76000000,7067.51000000,0.00000000,False
2022-12-21 18:40:00,7097.96000000,14735.76000000,7066.43000000,0.00000000,False
2022-12-21 18:45:00,7158.94000000,15093.25000000,7066.43000000,0.00000000,False
2022-12-21 18:50:00,7349.63000000,15399.63000000,7066.33000000,0.00000000,False
2022-12-21 18:55:00,7513.11000000,15958.25000000,7067.46000000,0.00000000,False
2022-12-21 19:00:00,7766.17000000,16467.25000000,7057.81000000,0.00000000,False
2022-12-21 19:05:00,7940.90000000,16723.23000000,7077.23000000,0.00000000,False
2022-12-21 19:10:00,8046.23000000,16970.39000000,7077.47000000,0.00000000,False
2022-12-21 19:15:00,7818.25000000,16773.35000000,7077.33000000,0.00000000,False
2022-12-21 19:20:00,7943.24000000,17047.08000000,7077.21000000,0.00000000,False
2022-12-21 19:25:00,8057.26000000,17288.56000000,7077.32000000,0.00000000,False
2022-12-21 19:30:00,8325.19000000,17640.32000000,7077.26000000,0.00000000,False
2022-12-21 19:35:00,8564.61000000,18032.28000000,7077.30000000,0.00000000,False
2022-12-21 19:40:00,8665.14000000,18589.35000000,7077.28000000,0.00000000,False
2022-12-21 19:45:00,8656.19000000,18739.66000000,7077.41000000,0.00000000,False
2022-12-21 19:50:00,8474.75000000,18595.79000000,7077.39000000,0.00000000,False
2022-12-21 19:55:00,8579.60000000,18794.15000000,7077.33000000,0.00000000,False
2022-12-21 20:00:00,8252.67000000,17314.60000000,6924.81000000,0.00000000,False
2022-12-21 20:05:00,8296.21000000,17079.30000000,7040.32000000,0.00000000,False
2022-12-21 20:10:00,7961.96000000,16733.15000000,7040.68000000,0.00000000,False
2022-12-21 20:15:00,8077.56000000,16925.10000000,7040.51000000,0.00000000,False
2022-12-21 20:20:00,8226.10000000,17254.29000000,7040.64000000,0.00000000,False
2022-12-21 20:25:00,8228.95000000,17392.20000000,7040.46000000,0.00000000,False
2022-12-21 20:30:00,8212.05000000,17482.32000000,7040.31000000,0.00000000,False
2022-12-21 20:35:00,8327.53000000,17801.79000000,7040.68000000,0.00000000,False
2022-12-21 20:40:00,8408.41000000,17888.77000000,7040.81000000,0.00000000,False
2022-12-21 20:45:00,8374.80000000,17908.88000000,7042.64000000,0.00000000,False
2022-12-21 20:50:00,8501.82000000,18247.46000000,7041.60000000,0.00000000,False
2022-12-21 20:55:00,8579.51000000,18042.69000000,7042.75000000,0.00000000,False
2022-12-21 21:00:00,8815.72000000,18770.64000000,7048.70000000,0.00000000,False
2022-12-21 21:05:00,8787.18000000,18972.83000000,7048.73000000,0.00000000,False
2022-12-21 21:10:00,8785.83000000,18983.21000000,7048.74000000,0.00000000,False
2022-12-21 21:15:00,8799.49000000,19106.13000000,7048.70000000,0.00000000,False
2022-12-21 21:20:00,8869.52000000,19088.43000000,7051.80000000,0.00000000,False
2022-12-21 21:25:00,8848.61000000,19021.36000000,7053.70000000,0.00000000,False
2022-12-21 21:30:00,8886.46000000,19082.92000000,7050.74000000,0.00000000,False
2022-12-21 21:35:00,8783.95000000,18891.39000000,7049.82000000,0.00000000,False
2022-12-21 21:40:00,8849.63000000,18875.31000000,7049.87000000,0.00000000,False
2022-12-21 21:45:00,8887.01000000,18879.21000000,7051.88000000,0.00000000,False
2022-12-21 21:50:00,8959.99000000,19258.31000000,7051.80000000,0.00000000,False
2022-12-21 21:55:00,9048.52000000,19570.62000000,7050.74000000,0.00000000,False
2022-12-21 22:00:00,9184.80000000,20142.95000000,7138.54000000,0.00000000,False
2022-12-21 22:05:00,9181.58000000,20323.77000000,7138.15000000,0.00000000,False
2022-12-21 22:10:00,9186.83000000,20304.25000000,7138.26000000,0.00000000,False
2022-12-21 22:15:00,9157.57000000,20204.27000000,7138.11000000,0.00000000,False
2022-12-21 22:20:00,9211.31000000,20214.30000000,7140.10000000,0.00000000,False
2022-12-21 22:25:00,9326.76000000,20559.51000000,7140.14000000,0.00000000,False
2022-12-21 22:30:00,9385.62000000,20696.86000000,7140.15000000,0.00000000,False
2022-12-21 22:35:00,9420.13000000,20577.46000000,7138.35000000,0.00000000,False
2022-12-21 22:40:00,9374.94000000,20876.56000000,7138.37000000,0.00000000,False
2022-12-21 22:45:00,9544.75000000,21229.50000000,7137.16000000,0.00000000,False
2022-12-21 22:50:00,9635.92000000,21591.73000000,7136.24000000,0.00000000,False
2022-12-21 22:55:00,9659.16000000,21566.48000000,7135.32000000,0.00000000,False
2022-12-21 23:00:00,9711.11000000,21487.68000000,7259.35000000,0.00000000,False
2022-12-21 23:05:00,9763.97000000,21527.04000000,7259.95000000,0.00000000,False
2022-12-21 23:10:00,9794.44000000,21597.47000000,7260.06000000,0.00000000,False
2022-12-21 23:15:00,9787.95000000,21418.80000000,7260.02000000,0.00000000,False
2022-12-21 23:20:00,9909.47000000,21583.63000000,7262.00000000,0.00000000,False
2022-12-21 23:25:00,10004.32000000,21846.66000000,7260.86000000,0.00000000,False
2022-12-21 23:30:00,9686.80000000,21556.52000000,7261.82000000,0.00000000,False
2022-12-21 23:35:00,9794.79000000,22008.50000000,7262.17000000,0.00000000,False
2022-12-21 23:40:00,9939.30000000,21903.51000000,7262.12000000,0.00000000,False
2022-12-21 23:45:00,9895.13000000,21959.63000000,7263.01000000,0.00000000,False
2022-12-21 23:50:00,10082.20000000,22299.59000000,7264.94000000,0.00000000,False
2022-12-21 23:55:00,10314.78000000,22866.34000000,7264.95000000,0.00000000,False
2022-12-22 00:00:00,9771.75000000,21307.83000000,7810.64000000,0.00000000,False
2022-12-22 00:05:00,9648.03000000,21564.19000000,7810.68000000,0.00000000,False
2022-12-22 00:10:00,9822.54000000,22025.51000000,7810.65000000,0.00000000,False
2022-12-22 00:15:00,9708.39000000,21941.13000000,7812.43000000,0.00000000,False
2022-12-22 00:20:00,9784.86000000,22317.92000000,7812.59000000,0.00000000,False
2022-12-22 00:25:00,9891.56000000,22288.24000000,7812.68000000,0.00000000,False
2022-12-22 00:30:00,9928.73000000,22223.80000000,7812.67000000,0.00000000,False
2022-12-22 00:35:00,9951.30000000,22417.69000000,7812.70000000,0.00000000,False
2022-12-22 00:40:00,9928.92000000,22393.77000000,7812.79000000,0.00000000,False
2022-12-22 00:45:00,9816.43000000,22317.89000000,7812.71000000,0.00000000,False
2022-12-22 00:50:00,9996.55000000,22604.14000000,7812.71000000,0.00000000,False
2022-12-22 00:55:00,9917.46000000,22715.25000000,7812.78000000,0.00000000,False
2022-12-22 01:00:00,9735.09000000,22457.37000000,7813.04000000,0.00000000,False
2022-12-22 01:05:00,9810.54000000,22572.99000000,7814.52000000,0.00000000,False
2022-12-22 01:10:00,9817.99000000,22765.37000000,7814.61000000,0.00000000,False
2022-12-22 01:15:00,9855.90000000,22867.39000000,7813.58000000,0.00000000,False
2022-12-22 01:20:00,9925.34000000,22843.19000000,7814.52000000,0.00000000,False
2022-12-22 01:25:00,10119.11000000,22945.05000000,7814.50000000,0.00000000,False
2022-12-22 01:30:00,10051.89000000,22931.63000000,7814.57000000,0.00000000,False
2022-12-22 01:35:00,10046.52000000,22791.07000000,7814.70000000,0.00000000,False
2022-12-22 01:40:00,10120.61000000,22816.12000000,7814.71000000,0.00000000,False
2022-12-22 01:45:00,10244.92000000,22941.24000000,7814.59000000,0.00000000,False
2022-12-22 01:50:00,10277.29000000,23079.38000000,7814.54000000,0.00000000,False
2022-12-22 01:55:00,10273.40000000,23233.95000000,7814.75000000,0.00000000,False
2022-12-22 02:00:00,10164.76000000,23145.67000000,7817.49000000,0.00000000,False
2022-12-22 02:05:00,10186.17000000,23160.00000000,7817.58000000,0.00000000,False
2022-12-22 02:10:00,10185.40000000,23058.30000000,7817.82000000,0.00000000,False
2022-12-22 02:15:00,10329.74000000,23353.11000000,7817.63000000,0.00000000,False
2022-12-22 02:20:00,10197.89000000,23344.09000000,7817.57000000,0.00000000,False
2022-12-22 02:25:00,10180.94000000,23211.21000000,7817.55000000,0.00000000,False
2022-12-22 02:30:00,10281.46000000,23364.62000000,7817.50000000,0.00000000,False
2022-12-22 02:35:00,10180.81000000,23093.71000000,7817.71000000,0.00000000,False
2022-12-22 02:40:00,10236.49000000,23240.76000000,7817.72000000,0.00000000,False
2022-12-22 02:45:00,10285.73000000,23421.94000000,7817.58000000,0.00000000,False
2022-12-22 02:50:00,10311.77000000,23749.01000000,7817.60000000,0.00000000,False
2022-12-22 02:55:00,10365.64000000,23914.04000000,7817.92000000,0.00000000,False
2022-12-22 03:00:00,10428.14000000,24177.90000000,7820.44000000,0.00000000,False
2022-12-22 03:05:00,10358.92000000,23998.23000000,7820.44000000,0.00000000,False
2022-12-22 03:10:00,10350.26000000,23877.67000000,7820.35000000,0.00000000,False
2022-12-22 03:15:00,10352.33000000,23592.68000000,7820.14000000,0.00000000,False
2022-12-22 03:20:00,10346.89000000,23759.63000000,7820.39000000,0.00000000,False
2022-12-22 03:25:00,10331.79000000,23569.32000000,7820.37000000,0.00000000,False
2022-12-22 03:30:00,10422.53000000,23838.85000000,7820.12000000,0.00000000,False
2022-12-22 03:35:00,10222.08000000,23721.33000000,7820.34000000,0.00000000,False
2022-12-22 03:40:00,10256.63000000,23546.17000000,7818.45000000,0.00000000,False
2022-12-22 03:45:00,10228.11000000,23491.47000000,7820.41000000,0.00000000,False
2022-12-22 03:50:00,10225.90000000,23547.57000000,7818.27000000,0.00000000,False
2022-12-22 03:55:00,10290.62000000,23596.96000000,7818.28000000,0.00000000,False
2022-12-22 04:00:00,10451.27000000,24053.59000000,7818.13000000,0.00000000,False
2022-12-22 04:05:00,10380.87000000,23712.16000000,7818.16000000,0.00000000,False
2022-12-22 04:10:00,10266.04000000,23408.10000000,7820.22000000,0.00000000,False
2022-12-22 04:15:00,10302.87000000,23214.37000000,7820.13000000,0.00000000,False
2022-12-22 04:20:00,10302.08000000,23200.03000000,7820.13000000,0.00000000,False
2022-12-22 04:25:00,10132.46000000,22823.90000000,7820.07000000,0.00000000,False
2022-12-22 04:30:00,10154.78000000,22825.89000000,7820.04000000,0.00000000,False
2022-12-22 04:35:00,10253.65000000,23009.74000000,7820.22000000,0.00000000,False
2022-12-22 04:40:00,10245.31000000,23201.70000000,7650.36000000,0.00000000,False
2022-12-22 04:45:00,10277.50000000,23562.34000000,7648.24000000,0.00000000,False
2022-12-22 04:50:00,10229.60000000,23570.87000000,7648.08000000,0.00000000,False
2022-12-22 04:55:00,10271.78000000,23658.76000000,7659.23000000,0.00000000,False
2022-12-22 05:00:00,10345.78000000,23577.39000000,7656.92000000,0.00000000,False
2022-12-22 05:05:00,10723.02000000,24312.39000000,7654.00000000,0.00000000,False
2022-12-22 05:10:00,10722.78000000,24289.57000000,7655.04000000,0.00000000,False
2022-12-22 05:15:00,10688.22000000,24199.10000000,7654.84000000,0.00000000,False
2022-12-22 05:20:00,10489.79000000,23652.77000000,7654.03000000,0.00000000,False
2022-12-22 05:25:00,10504.18000000,23320.17000000,7654.05000000,0.00000000,False
2022-12-22 05:30:00,10566.76000000,23183.52000000,7653.83000000,0.00000000,False
2022-12-22 05:35:00,10384.90000000,22990.25000000,7653.04000000,0.00000000,False
2022-12-22 05:40:00,10173.36000000,22605.84000000,7653.09000000,0.00000000,False
2022-12-22 05:45:00,10266.67000000,23001.49000000,7651.99000000,0.00000000,False
2022-12-22 05:50:00,10307.15000000,23186.65000000,7651.91000000,0.00000000,False
2022-12-22 05:55:00,10362.11000000,23678.84000000,7652.01000000,0.00000000,False
2022-12-22 06:00:00,10520.62000000,24140.25000000,7420.80000000,2.12820000,False
2022-12-22 06:05:00,10738.73000000,24295.91000000,7502.12000000,3.62580000,False
2022-12-22 06:10:00,10382.75000000,23819.78000000,7502.41000000,3.28170000,False
2022-12-22 06:15:00,10272.65000000,23869.69000000,7502.38000000,0.00000000,False
2022-12-22 06:20:00,10344.79000000,24060.76000000,7502.41000000,8.72650000,False
2022-12-22 06:25:00,10314.04000000,23633.23000000,7502.27000000,0.00000000,False
2022-12-22 06:30:00,10279.76000000,23455.92000000,7502.24000000,0.00000000,False
2022-12-22 06:35:00,10103.75000000,23340.38000000,7502.53000000,0.00000000,False
2022-12-22 06:40:00,10250.01000000,23505.82000000,7502.50000000,0.00000000,False
2022-12-22 06:45:00,10209.68000000,23604.56000000,7502.36000000,0.00000000,False
2022-12-22 06:50:00,10069.80000000,23544.79000000,7502.32000000,0.00000000,False
2022-12-22 06:55:00,10045.25000000,23561.84000000,7501.52000000,0.49810000,False
2022-12-22 07:00:00,10123.68000000,23863.14000000,7503.66000000,10.46640000,False
2022-12-22 07:05:00,10147.34000000,23830.45000000,7507.57000000,10.18140000,False
2022-12-22 07:10:00,10059.38000000,23834.45000000,7509.51000000,8.62480000,False
2022-12-22 07:15:00,9890.81000000,23472.61000000,7508.42000000,0.00000000,False
2022-12-22 07:20:00,9965.69000000,23282.76000000,7509.49000000,0.00000000,False
2022-12-22 07:25:00,10041.18000000,23377.13000000,7508.44000000,0.00000000,False
2022-12-22 07:30:00,10030.87000000,23371.44000000,7508.37000000,0.00000000,False
2022-12-22 07:35:00,9837.70000000,23222.62000000,7508.64000000,0.00000000,False
2022-12-22 07:40:00,9961.06000000,23336.48000000,7508.76000000,0.00000000,False
2022-12-22 07:45:00,9899.52000000,23261.61000000,7508.54000000,0.00000000,False
2022-12-22 07:50:00,10040.37000000,23593.39000000,7508.48000000,0.00000000,False
2022-12-22 07:55:00,10232.40000000,24223.90000000,7508.63000000,13.58220000,False
2022-12-22 08:00:00,10664.66000000,24961.27000000,7566.23000000,14.32570000,False
2022-12-22 08:05:00,10666.17000000,24752.31000000,7572.71000000,9.85910000,False
2022-12-22 08:10:00,10726.61000000,24929.81000000,7572.78000000,13.76190000,False
2022-12-22 08:15:00,10731.77000000,24872.51000000,7570.71000000,7.30540000,False
2022-12-22 08:20:00,10958.86000000,25451.05000000,7557.90000000,7.32720000,False
2022-12-22 08:25:00,11151.86000000,25702.52000000,7555.87000000,2.51660000,False
2022-12-22 08:30:00,11438.91000000,26701.85000000,7556.77000000,2.00790000,False
2022-12-22 08:35:00,11271.54000000,26646.43000000,7554.88000000,1.10260000,False
2022-12-22 08:40:00,11409.23000000,26856.47000000,7556.90000000,1.18370000,False
2022-12-22 08:45:00,11618.06000000,27558.36000000,7555.93000000,1.58940000,False
2022-12-22 08:50:00,11782.02000000,27893.86000000,7555.83000000,0.34370000,False
2022-12-22 08:55:00,12092.39000000,28480.52000000,7556.09000000,0.53920000,False
2022-12-22 09:00:00,12437.96000000,29317.13000000,7703.21000000,2.03660000,False
2022-12-22 09:05:00,12468.77000000,29565.50000000,7581.03000000,0.00000000,False
2022-12-22 09:10:00,12458.75000000,29634.44000000,7581.04000000,0.00000000,False
2022-12-22 09:15:00,12474.91000000,29945.92000000,7580.81000000,0.00000000,False
2022-12-22 09:20:00,12685.74000000,30609.36000000,7580.91000000,0.00000000,False
2022-12-22 09:25:00,12931.36000000,31559.80000000,7578.73000000,8.46180000,False
2022-12-22 09:30:00,12742.90000000,31531.84000000,7578.75000000,3.79760000,False
2022-12-22 09:35:00,12789.15000000,31708.98000000,7578.99000000,1.12300000,False
2022-12-22 09:40:00,12733.81000000,31505.72000000,7579.04000000,0.00000000,False
2022-12-22 09:45:00,12864.98000000,31857.63000000,7578.83000000,0.00000000,False
2022-12-22 09:50:00,13042.46000000,32331.61000000,7578.90000000,5.57730000,False
2022-12-22 09:55:00,13025.01000000,32327.93000000,7578.94000000,0.00000000,False
2022-12-22 10:00:00,12939.21000000,32449.29000000,7513.93000000,0.00000000,False
2022-12-22 10:05:00,13020.91000000,32465.68000000,7573.36000000,0.00000000,False
2022-12-22 10:10:00,13010.51000000,32450.27000000,7573.53000000,2.32250000,False
2022-12-22 10:15:00,13104.58000000,32512.28000000,7572.34000000,3.26460000,False
2022-12-22 10:20:00,13163.11000000,32959.02000000,7572.00000000,0.22070000,False
2022-12-22 10:25:00,13185.49000000,32997.64000000,7571.36000000,0.24660000,False
2022-12-22 10:30:00,13187.96000000,32829.76000000,7571.26000000,0.00000000,False
2022-12-22 10:35:00,13309.64000000,33073.42000000,7570.37000000,0.00000000,False
2022-12-22 10:40:00,13292.08000000,33158.98000000,7571.55000000,0.05150000,False
2022-12-22 10:45:00,13268.86000000,33250.77000000,7571.47000000,1.79720000,False
2022-12-22 10:50:00,13234.46000000,33418.49000000,7570.35000000,1.24740000,False
2022-12-22 10:55:00,13387.60000000,34124.19000000,7570.56000000,0.64350000,False
2022-12-22 11:00:00,13410.77000000,33555.38000000,7521.26000000,0.56010000,False
2022-12-22 11:05:00,13321.42000000,33357.65000000,7523.40000000,0.69330000,False
2022-12-22 11:10:00,13455.65000000,33791.82000000,7523.73000000,0.62100000,False
2022-12-22 11:15:00,13448.66000000,33601.73000000,7522.64000000,0.00600000,False
2022-12-22 11:20:00,13464.25000000,33442.23000000,7522.48000000,0.00000000,False
2022-12-22 11:25:00,13517.78000000,33453.43000000,7522.51000000,0.01840000,False
2022-12-22 11:30:00,13447.94000000,33460.41000000,7522.54000000,0.38010000,False
2022-12-22 11:35:00,13337.14000000,33311.37000000,7522.67000000,0.30720000,False
2022-12-22 11:40:00,13306.99000000,33134.70000000,7522.76000000,0.40990000,False
2022-12-22 11:45:00,13487.50000000,33895.36000000,7522.67000000,1.87730000,False
2022-12-22 11:50:00,13395.25000000,33647.29000000,7522.54000000,0.46940000,False
2022-12-22 11:55:00,13431.30000000,33743.76000000,7522.73000000,2.81580000,False
2022-12-22 12:00:00,13297.90000000,32930.29000000,7581.26000000,0.20670000,False
2022-12-22 12:05:00,13028.42000000,32153.56000000,7580.11000000,0.00000000,False
2022-12-22 12:10:00,12912.40000000,31722.76000000,7580.21000000,0.00000000,False
2022-12-22 12:15:00,12964.12000000,31936.88000000,7641.50000000,0.41080000,False
2022-12-22 12:20:00,13024.93000000,31643.99000000,7610.14000000,0.00240000,False
2022-12-22 12:25:00,13054.10000000,32001.20000000,7382.30000000,0.00000000,False
2022-12-22 12:30:00,13033.98000000,31964.04000000,7383.17000000,0.03260000,False
2022-12-22 12:35:00,12925.13000000,31749.03000000,7384.32000000,0.00000000,False
2022-12-22 12:40:00,12960.32000000,31276.97000000,7384.37000000,0.00000000,False
2022-12-22 12:45:00,13039.71000000,31477.96000000,7385.26000000,0.00000000,False
2022-12-22 12:50:00,13199.27000000,31628.55000000,7385.30000000,0.00000000,False
2022-12-22 12:55:00,13092.32000000,31250.24000000,7384.34000000,0.00000000,False
2022-12-22 13:00:00,12996.95000000,31302.24000000,7327.08000000,0.00000000,False
2022-12-22 13:05:00,12963.06000000,30920.15000000,7380.97000000,0.00000000,False
2022-12-22 13:10:00,12940.12000000,30978.88000000,7381.01000000,0.00000000,False
2022-12-22 13:15:00,12919.71000000,30919.33000000,7267.95000000,0.00000000,False
2022-12-22 13:20:00,12922.98000000,31266.67000000,7161.93000000,0.00000000,False
2022-12-22 13:25:00,13020.26000000,31308.42000000,7162.14000000,0.00000000,False
2022-12-22 13:30:00,12945.24000000,31002.51000000,7161.04000000,0.00000000,False
2022-12-22 13:35:00,12820.39000000,30756.53000000,7160.23000000,0.00000000,False
2022-12-22 13:40:00,12842.44000000,30625.44000000,7158.20000000,0.00000000,False
2022-12-22 13:45:00,12966.72000000,30790.11000000,7157.98000000,0.00000000,False
2022-12-22 13:50:00,12875.38000000,30764.87000000,7158.04000000,0.00000000,False
2022-12-22 13:55:00,12855.48000000,30905.82000000,7045.09000000,0.00000000,False
2022-12-22 14:00:00,12835.59000000,30930.96000000,7057.09000000,0.00000000,False
2022-12-22 14:05:00,12945.90000000,31028.55000000,7040.52000000,0.00000000,False
2022-12-22 14:10:00,12973.13000000,31233.62000000,7041.52000000,0.00000000,False
2022-12-22 14:15:00,13029.58000000,31186.11000000,6548.47000000,0.00000000,False
2022-12-22 14:20:00,12968.58000000,31339.27000000,6548.46000000,0.34690000,False
2022-12-22 14:25:00,13044.23000000,31125.53000000,6548.52000000,0.03990000,False
2022-12-22 14:30:00,13090.28000000,31172.66000000,6548.37000000,0.06130000,False
2022-12-22 14:35:00,13016.27000000,31381.65000000,6548.51000000,0.00000000,False
2022-12-22 14:40:00,12923.99000000,31428.89000000,6548.59000000,0.00000000,False
2022-12-22 14:45:00,12912.92000000,31404.34000000,6548.43000000,0.00000000,False
2022-12-22 14:50:00,12841.54000000,30974.54000000,6548.51000000,0.00000000,False
2022-12-22 14:55:00,12829.16000000,30646.58000000,6548.49000000,0.00000000,False
2022-12-22 15:00:00,12791.81000000,31055.84000000,6556.94000000,0.00000000,False
2022-12-22 15:05:00,12763.70000000,31076.84000000,6563.27000000,0.00000000,False
2022-12-22 15:10:00,12825.67000000,31274.73000000,6563.80000000,0.00000000,False
2022-12-22 15:15:00,12699.23000000,30903.79000000,6563.82000000,0.00000000,False
2022-12-22 15:20:00,12712.07000000,30727.29000000,6563.77000000,0.00000000,False
2022-12-22 15:25:00,12670.68000000,30428.99000000,6563.74000000,0.00000000,False
2022-12-22 15:30:00,12789.53000000,30988.28000000,6563.67000000,0.00000000,False
2022-12-22 15:35:00,12525.31000000,30133.28000000,6563.74000000,0.00000000,False
2022-12-22 15:40:00,12704.70000000,30324.47000000,6563.87000000,0.00000000,False
2022-12-22 15:45:00,12941.23000000,30940.17000000,6594.79000000,0.00310000,False
2022-12-22 15:50:00,12953.51000000,30655.04000000,6594.62000000,0.00000000,False
2022-12-22 15:55:00,12920.87000000,30868.40000000,6235.78000000,0.54770000,False
2022-12-22 16:00:00,13139.29000000,30625.35000000,6145.06000000,0.07290000,False
2022-12-22 16:05:00,13025.28000000,30860.71000000,6146.53000000,0.23570000,False
2022-12-22 16:10:00,13011.91000000,30454.20000000,6002.85000000,0.03930000,False
2022-12-22 16:15:00,13036.54000000,30686.64000000,6002.60000000,0.03770000,False
2022-12-22 16:20:00,12961.60000000,30505.61000000,6002.73000000,0.00000000,False
2022-12-22 16:25:00,12827.82000000,29956.42000000,6002.75000000,0.00000000,False
2022-12-22 16:30:00,12830.49000000,29185.01000000,6002.73000000,0.00000000,False
2022-12-22 16:35:00,12757.77000000,29100.44000000,6146.94000000,0.00000000,False
2022-12-22 16:40:00,12636.29000000,28552.31000000,6002.88000000,0.00000000,False
2022-12-22 16:45:00,12641.42000000,28540.14000000,6002.89000000,0.00000000,False
2022-12-22 16:50:00,12421.33000000,27649.03000000,5806.81000000,0.21660000,False
2022-12-22 16:55:00,12085.26000000,26922.64000000,5781.20000000,0.00000000,False
2022-12-22 17:00:00,11997.72000000,26234.63000000,6085.17000000,0.00000000,False
2022-12-22 17:05:00,11987.17000000,26116.90000000,6131.69000000,0.00000000,False
2022-12-22 17:10:00,11806.48000000,25305.00000000,6131.86000000,0.00000000,False
2022-12-22 17:15:00,11715.84000000,24470.91000000,6227.81000000,0.00000000,False
2022-12-22 17:20:00,11424.15000000,23609.65000000,6227.84000000,0.00000000,False
2022-12-22 17:25:00,11434.32000000,23209.58000000,6227.90000000,0.00000000,False
2022-12-22 17:30:00,10889.87000000,22355.77000000,6227.87000000,0.00000000,False
2022-12-22 17:35:00,10719.27000000,21598.74000000,6226.86000000,0.39340000,False
2022-12-22 17:40:00,10545.40000000,21218.27000000,6226.97000000,0.00000000,False
2022-12-22 17:45:00,10160.09000000,20882.67000000,6222.08000000,0.00000000,False
2022-12-22 17:50:00,10056.48000000,20503.39000000,6065.40000000,0.00000000,False
2022-12-22 17:55:00,9984.30000000,20643.89000000,6067.81000000,2.91930000,False
2022-12-22 18:00:00,10047.48000000,20883.90000000,6064.17000000,0.00000000,False
2022-12-22 18:05:00,9969.41000000,20768.14000000,6064.44000000,0.51230000,False
2022-12-22 18:10:00,9893.90000000,20661.17000000,6117.31000000,1.69150000,False
2022-12-22 18:15:00,9789.13000000,20049.46000000,6117.81000000,0.00000000,False
2022-12-22 18:20:00,9781.23000000,19782.06000000,6141.38000000,0.00000000,False
2022-12-22 18:25:00,9780.96000000,19907.47000000,6141.14000000,0.40020000,False
2022-12-22 18:30:00,9509.93000000,19809.73000000,6140.71000000,0.38170000,False
2022-12-22 18:35:00,9413.67000000,19575.85000000,6143.63000000,0.66840000,False
2022-12-22 18:40:00,9496.52000000,19949.55000000,6193.41000000,0.56560000,False
2022-12-22 18:45:00,9607.92000000,20115.15000000,6190.85000000,0.00000000,False
2022-12-22 18:50:00,9487.78000000,20051.74000000,6191.13000000,0.35610000,False
2022-12-22 18:55:00,9367.95000000,20030.56000000,6193.37000000,0.09470000,False
2022-12-22 19:00:00,9222.32000000,19804.88000000,6211.57000000,0.00000000,False
2022-12-22 19:05:00,9354.53000000,20041.74000000,6053.36000000,10.92650000,False
2022-12-22 19:10:00,9243.47000000,19104.04000000,6052.69000000,3.48180000,False
2022-12-22 19:15:00,9100.68000000,18597.15000000,6050.80000000,0.37430000,False
2022-12-22 19:20:00,8893.43000000,17818.80000000,6052.96000000,0.00000000,False
2022-12-22 19:25:00,8886.32000000,18051.50000000,6053.13000000,0.00000000,False
2022-12-22 19:30:00,8890.78000000,18197.00000000,6053.34000000,0.00000000,False
2022-12-22 19:35:00,8738.28000000,17966.21000000,6053.24000000,0.00000000,False
2022-12-22 19:40:00,8789.33000000,18415.89000000,6088.12000000,0.35660000,False
2022-12-22 19:45:00,8711.20000000,18191.65000000,6038.97000000,0.46040000,False
2022-12-22 19:50:00,8663.45000000,17878.55000000,6039.63000000,0.00000000,False
2022-12-22 19:55:00,8693.44000000,18059.21000000,5761.16000000,9.86250000,False
2022-12-22 20:00:00,8821.03000000,17994.13000000,5725.03000000,1.53180000,False
2022-12-22 20:05:00,8689.30000000,18168.77000000,5677.07000000,1.90340000,False
2022-12-22 20:10:00,8701.88000000,18177.92000000,5676.50000000,0.93870000,False
2022-12-22 20:15:00,8730.92000000,18293.09000000,5629.08000000,0.74090000,False
2022-12-22 20:20:00,8629.84000000,18137.06000000,5677.30000000,0.00000000,False
2022-12-22 20:25:00,8656.75000000,18183.62000000,5676.95000000,0.00000000,False
2022-12-22 20:30:00,8568.24000000,17946.11000000,5677.22000000,1.66100000,False
2022-12-22 20:35:00,8636.33000000,17655.74000000,5701.21000000,0.00000000,False
2022-12-22 20:40:00,8547.91000000,17766.04000000,5703.08000000,0.00000000,False
2022-12-22 20:45:00,8427.58000000,17575.88000000,5627.50000000,0.07330000,False
2022-12-22 20:50:00,8341.19000000,17412.65000000,5579.50000000,0.04310000,False
2022-12-22 20:55:00,8571.36000000,17493.03000000,5581.18000000,0.00000000,False
2022-12-22 21:00:00,8490.41000000,17138.23000000,5609.91000000,0.52250000,False
2022-12-22 21:05:00,8417.04000000,16980.92000000,5637.09000000,0.68200000,False
2022-12-22 21:10:00,8331.08000000,16948.78000000,5637.48000000,0.34010000,False
2022-12-22 21:15:00,8371.02000000,16912.04000000,5589.49000000,0.71150000,False
2022-12-22 21:20:00,8343.13000000,17151.77000000,5489.93000000,0.74560000,False
2022-12-22 21:25:00,8351.88000000,17047.35000000,5489.71000000,1.82020000,False
2022-12-22 21:30:00,8269.30000000,16870.67000000,5489.65000000,0.00000000,False
2022-12-22 21:35:00,8172.33000000,16777.64000000,5489.72000000,1.04890000,False
2022-12-22 21:40:00,8145.88000000,16632.56000000,5489.73000000,0.40230000,False
2022-12-22 21:45:00,8014.52000000,16342.06000000,5389.44000000,0.00000000,False
2022-12-22 21:50:00,8082.52000000,16376.85000000,5389.60000000,0.00000000,False
2022-12-22 21:55:00,8106.79000000,16038.41000000,5389.62000000,3.79680000,False
2022-12-22 22:00:00,8132.29000000,16072.73000000,5143.80000000,0.40660000,False
2022-12-22 22:05:00,8284.76000000,16370.23000000,5112.24000000,2.34330000,False
2022-12-22 22:10:00,8306.07000000,16770.55000000,5112.53000000,0.00000000,False
2022-12-22 22:15:00,8091.64000000,16695.99000000,5112.46000000,1.97330000,False
2022-12-22 22:20:00,8199.37000000,16809.33000000,5112.48000000,0.00000000,False
2022-12-22 22:25:00,8216.27000000,16821.28000000,5112.50000000,0.45300000,False
2022-12-22 22:30:00,8193.69000000,16531.86000000,5112.49000000,0.41000000,False
2022-12-22 22:35:00,8110.05000000,16551.05000000,5111.46000000,2.77600000,False
2022-12-22 22:40:00,8222.45000000,16768.64000000,5111.63000000,4.59260000,False
2022-12-22 22:45:00,8177.04000000,16703.29000000,5111.59000000,4.87140000,False
2022-12-22 22:50:00,8244.68000000,16638.65000000,5111.52000000,3.84620000,False
2022-12-22 22:55:00,8133.87000000,16568.65000000,5111.54000000,0.18230000,False
2022-12-22 23:00:00,8079.44000000,16595.75000000,5109.96000000,1.69060000,False
2022-12-22 23:05:00,7933.33000000,16390.90000000,5110.00000000,1.68290000,False
2022-12-22 23:10:00,7985.24000000,16176.84000000,5110.07000000,2.62590000,False
2022-12-22 23:15:00,7976.32000000,16043.36000000,5110.07000000,1.25280000,False
2022-12-22 23:20:00,7903.68000000,15648.78000000,5110.15000000,0.00000000,False
2022-12-22 23:25:00,7819.09000000,15621.37000000,5110.11000000,0.00000000,False
2022-12-22 23:30:00,7842.62000000,15947.52000000,5110.20000000,0.33700000,False
2022-12-22 23:35:00,7771.47000000,15492.33000000,5110.31000000,0.90430000,False
2022-12-22 23:40:00,7866.17000000,15788.99000000,5110.39000000,1.06520000,False
2022-12-22 23:45:00,7930.70000000,16013.12000000,5110.37000000,0.82240000,False
2022-12-22 23:50:00,7942.84000000,15808.72000000,5110.37000000,0.74510000,False
2022-12-22 23:55:00,7964.19000000,15807.16000000,5084.77000000,1.01930000,False
2022-12-23 00:00:00,7576.63000000,16096.27000000,4783.36000000,0.00000000,False
2022-12-23 00:05:00,7840.20000000,16427.76000000,4785.10000000,0.00000000,False
2022-12-23 00:10:00,7834.74000000,16195.70000000,4877.19000000,0.00000000,False
2022-12-23 00:15:00,7936.54000000,16199.11000000,4972.14000000,0.00000000,False
2022-12-23 00:20:00,7838.63000000,16135.64000000,4972.14000000,0.00000000,False
2022-12-23 00:25:00,7687.18000000,15832.96000000,5156.17000000,0.00000000,False
2022-12-23 00:30:00,7645.94000000,15661.58000000,5069.92000000,0.00000000,False
2022-12-23 00:35:00,7754.22000000,16069.38000000,5069.91000000,0.00000000,False
2022-12-23 00:40:00,7787.43000000,15695.39000000,4908.25000000,0.16670000,False
2022-12-23 00:45:00,7680.03000000,15619.18000000,4908.21000000,0.27130000,False
2022-12-23 00:50:00,7605.42000000,15115.36000000,4908.20000000,0.00000000,False
2022-12-23 00:55:00,7270.53000000,14355.16000000,4892.38000000,0.00000000,False
2022-12-23 01:00:00,6838.16000000,14199.09000000,5041.60000000,0.00000000,False
2022-12-23 01:05:00,6927.19000000,14115.99000000,5031.80000000,0.00000000,False
2022-12-23 01:10:00,6914.91000000,14289.28000000,5031.78000000,0.00000000,False
2022-12-23 01:15:00,6598.04000000,13660.79000000,4433.64000000,0.00000000,False
2022-12-23 01:20:00,6655.74000000,13450.32000000,4433.65000000,0.00000000,False
2022-12-23 01:25:00,6485.19000000,13453.29000000,4433.63000000,0.00000000,False
2022-12-23 01:30:00,6535.92000000,13521.14000000,4433.69000000,0.00000000,False
2022-12-23 01:35:00,6524.82000000,13360.42000000,4433.71000000,0.00000000,False
2022-12-23 01:40:00,6522.83000000,13445.40000000,4206.73000000,0.00000000,False
2022-12-23 01:45:00,6574.01000000,13324.92000000,4203.23000000,0.00000000,False
2022-12-23 01:50:00,6646.89000000,13332.72000000,4197.67000000,0.00000000,False
2022-12-23 01:55:00,6627.56000000,13264.50000000,4243.62000000,0.00000000,False
2022-12-23 02:00:00,6582.42000000,13335.51000000,4170.60000000,0.00000000,False
2022-12-23 02:05:00,6581.12000000,13228.98000000,4138.08000000,0.00000000,False
2022-12-23 02:10:00,6311.77000000,12858.40000000,4178.09000000,0.00000000,False
2022-12-23 02:15:00,6507.26000000,12939.52000000,4178.06000000,0.00000000,False
2022-12-23 02:20:00,6402.00000000,12764.40000000,3983.05000000,0.00000000,False
2022-12-23 02:25:00,6420.33000000,12768.74000000,3834.61000000,0.00000000,False
2022-12-23 02:30:00,6428.78000000,12837.38000000,3834.55000000,0.00000000,False
2022-12-23 02:35:00,6446.49000000,12713.38000000,3776.71000000,0.00000000,False
2022-12-23 02:40:00,6237.07000000,12426.49000000,3674.71000000,0.00000000,False
2022-12-23 02:45:00,6160.84000000,12597.92000000,3527.68000000,0.00000000,False
2022-12-23 02:50:00,6234.97000000,12766.31000000,3419.71000000,0.00000000,False
2022-12-23 02:55:00,6055.68000000,12314.31000000,3320.71000000,0.00000000,False
2022-12-23 03:00:00,6025.78000000,12177.95000000,3152.80000000,0.00000000,False
2022-12-23 03:05:00,5567.32000000,11160.57000000,3152.80000000,0.00000000,False
2022-12-23 03:10:00,5732.16000000,11672.82000000,3053.95000000,0.00000000,False
2022-12-23 03:15:00,5964.61000000,11772.20000000,2937.52000000,0.00000000,False
2022-12-23 03:20:00,5871.45000000,11695.23000000,2991.98000000,0.00000000,False
2022-12-23 03:25:00,5697.97000000,11420.24000000,2953.99000000,0.00000000,False
2022-12-23 03:30:00,5707.17000000,11071.81000000,2805.49000000,0.00000000,False
2022-12-23 03:35:00,5883.84000000,11361.15000000,2805.48000000,0.00000000,False
2022-12-23 03:40:00,5793.98000000,11226.92000000,2805.49000000,0.00000000,False
2022-12-23 03:45:00,5901.35000000,11230.00000000,2835.44000000,0.00000000,False
2022-12-23 03:50:00,5715.70000000,11004.86000000,2759.04000000,0.00000000,False
2022-12-23 03:55:00,5574.46000000,10678.35000000,2754.04000000,0.00000000,False
2022-12-23 04:00:00,5650.33000000,10500.13000000,2975.63000000,0.00000000,False
2022-12-23 04:05:00,5764.79000000,10914.81000000,2403.64000000,0.00000000,False
2022-12-23 04:10:00,5969.91000000,11625.28000000,2456.62000000,0.00000000,False
2022-12-23 04:15:00,6208.94000000,12004.16000000,2456.58000000,0.00000000,False
2022-12-23 04:20:00,5769.04000000,11034.57000000,2411.63000000,0.00000000,False
2022-12-23 04:25:00,5740.49000000,10516.75000000,2411.63000000,0.00000000,False
2022-12-23 04:30:00,5814.62000000,10888.55000000,2399.37000000,0.00000000,False
2022-12-23 04:35:00,5682.38000000,10417.35000000,1944.50000000,0.00000000,False
2022-12-23 04:40:00,5852.51000000,10563.61000000,1874.59000000,0.00000000,False
2022-12-23 04:45:00,5829.76000000,10264.45000000,1735.59000000,0.00000000,False
2022-12-23 04:50:00,5991.11000000,10373.17000000,1735.60000000,0.00000000,False
2022-12-23 04:55:00,5990.79000000,10334.31000000,1897.57000000,0.00000000,False
2022-12-23 05:00:00,5928.14000000,10020.09000000,1700.40000000,0.00000000,False
2022-12-23 05:05:00,5732.86000000,9682.97000000,1652.00000000,0.00000000,False
2022-12-23 05:10:00,5746.74000000,9395.63000000,1652.00000000,0.00000000,False
2022-12-23 05:15:00,5622.65000000,9268.78000000,1652.00000000,0.00000000,False
2022-12-23 05:20:00,5322.70000000,8795.39000000,1652.00000000,0.00000000,False
2022-12-23 05:25:00,5439.29000000,8557.29000000,1813.23000000,0.00000000,False
2022-12-23 05:30:00,5344.52000000,8397.62000000,1648.00000000,0.00000000,False
2022-12-23 05:35:00,5710.85000000,8800.50000000,1648.00000000,0.00000000,False
2022-12-23 05:40:00,5480.26000000,8393.20000000,2050.16000000,0.00000000,False
2022-12-23 05:45:00,5551.93000000,8269.21000000,1486.00000000,0.00000000,False
2022-12-23 05:50:00,5348.84000000,7716.22000000,1486.00000000,0.00000000,False
2022-12-23 05:55:00,5288.25000000,7375.17000000,1486.00000000,0.00000000,False
2022-12-23 06:00:00,5459.72000000,7584.93000000,2186.84000000,0.00000000,False
2022-12-23 06:05:00,5545.76000000,7707.90000000,2017.80000000,0.00000000,False
2022-12-23 06:10:00,5278.86000000,7317.60000000,1329.60000000,0.00000000,False
2022-12-23 06:15:00,5412.12000000,7329.87000000,1314.60000000,0.00000000,False
2022-12-23 06:20:00,5343.06000000,7076.00000000,1245.60000000,0.00000000,False
2022-12-23 06:25:00,5290.03000000,6759.05000000,1199.60000000,0.00000000,False
2022-12-23 06:30:00,5220.12000000,6443.49000000,1199.60000000,0.00000000,False
2022-12-23 06:35:00,5110.15000000,6475.17000000,1291.37000000,0.00000000,False
2022-12-23 06:40:00,5368.60000000,6562.61000000,1199.60000000,0.00000000,False
2022-12-23 06:45:00,5316.62000000,6510.62000000,1199.60000000,0.00000000,False
2022-12-23 06:50:00,4932.48000000,5675.10000000,1199.60000000,0.00000000,False
2022-12-23 06:55:00,5094.33000000,5840.58000000,703.63000000,0.00000000,False
2022-12-23 07:00:00,5138.52000000,5966.91000000,267.30000000,0.00000000,False
2022-12-23 07:05:00,5132.63000000,6518.78000000,195.30000000,0.00000000,False
2022-12-23 07:10:00,4872.23000000,5761.40000000,195.30000000,0.00000000,False
2022-12-23 07:15:00,5003.14000000,5876.21000000,267.30000000,0.00000000,False
2022-12-23 07:20:00,5201.54000000,6307.19000000,267.30000000,0.00000000,False
2022-12-23 07:25:00,5004.67000000,5874.40000000,267.30000000,0.00000000,False
2022-12-23 07:30:00,4855.39000000,5553.13000000,267.30000000,0.00000000,False
2022-12-23 07:35:00,4981.43000000,5913.94000000,316.70000000,0.00000000,False
2022-12-23 07:40:00,4870.86000000,5780.11000000,316.70000000,0.00000000,False
2022-12-23 07:45:00,4665.95000000,5333.26000000,244.70000000,0.00000000,False
2022-12-23 07:50:00,4877.76000000,5968.90000000,244.70000000,0.00000000,False
2022-12-23 07:55:00,4910.88000000,6250.64000000,244.70000000,0.00000000,False
2022-12-23 08:00:00,4767.50000000,5916.41000000,256.70000000,0.00000000,False
2022-12-23 08:05:00,4824.63000000,6311.45000000,244.70000000,0.00000000,False
2022-12-23 08:10:00,4883.47000000,6431.46000000,244.70000000,0.00000000,False
2022-12-23 08:15:00,5051.14000000,7120.12000000,244.70000000,0.00000000,False
2022-12-23 08:20:00,4941.70000000,7219.63000000,244.70000000,0.00000000,False
2022-12-23 08:25:00,5093.95000000,7399.01000000,244.70000000,0.00000000,False
2022-12-23 08:30:00,5374.14000000,7704.40000000,195.30000000,0.00000000,False
2022-12-23 08:35:00,5648.80000000,8444.48000000,215.30000000,0.00000000,False
2022-12-23 08:40:00,5926.66000000,8837.73000000,278.30000000,0.00000000,False
2022-12-23 08:45:00,6227.88000000,8985.85000000,350.40000000,0.00000000,False
2022-12-23 08:50:00,6060.43000000,9120.15000000,413.40000000,0.00000000,False
2022-12-23 08:55:00,6080.18000000,9282.15000000,461.40000000,0.00000000,False
2022-12-23 09:00:00,5986.32000000,9326.87000000,620.90000000,0.00000000,False
2022-12-23 09:05:00,6227.24000000,9479.52000000,620.90000000,0.00000000,False
2022-12-23 09:10:00,6608.67000000,10247.61000000,689.50000000,0.00000000,False
2022-12-23 09:15:00,6902.85000000,10928.99000000,691.50000000,0.00000000,False
2022-12-23 09:20:00,7178.53000000,11437.75000000,818.50000000,0.00000000,False
2022-12-23 09:25:00,7370.70000000,11840.88000000,996.50000000,0.00000000,False
2022-12-23 09:30:00,7516.12000000,12093.38000000,893.50000000,0.00000000,False
2022-12-23 09:35:00,7352.18000000,12199.06000000,821.90000000,0.00000000,False
2022-12-23 09:40:00,7123.79000000,11881.04000000,964.90000000,0.00000000,False
2022-12-23 09:45:00,7232.17000000,11820.15000000,924.90000000,0.00000000,False
2022-12-23 09:50:00,6959.83000000,11457.97000000,984.90000000,0.00000000,False
2022-12-23 09:55:00,6789.68000000,11175.73000000,881.90000000,5.33110000,False
2022-12-23 10:00:00,6867.60000000,11152.78000000,1263.18000000,8.96260000,False
2022-12-23 10:05:00,6910.16000000,11273.81000000,1394.17000000,7.98060000,False
2022-12-23 10:10:00,6986.61000000,11294.89000000,1270.78000000,3.24100000,False
2022-12-23 10:15:00,7068.41000000,11534.41000000,1589.76000000,5.93800000,False
2022-12-23 10:20:00,6875.43000000,11437.18000000,2104.32000000,10.07810000,False
2022-12-23 10:25:00,6893.91000000,11681.43000000,2062.16000000,4.97300000,False
2022-12-23 10:30:00,6958.05000000,11822.85000000,1960.18000000,4.64690000,False
2022-12-23 10:35:00,6792.36000000,11764.95000000,2021.78000000,5.52370000,False
2022-12-23 10:40:00,6666.83000000,11829.95000000,2066.69000000,2.92320000,False
2022-12-23 10:45:00,6646.16000000,11574.44000000,2121.28000000,11.25510000,False
2022-12-23 10:50:00,6777.78000000,11983.55000000,2313.82000000,10.11300000,False
2022-12-23 10:55:00,6876.97000000,12200.60000000,2194.13000000,16.52920000,False
2022-12-23 11:00:00,6862.31000000,12283.08000000,2140.03000000,0.00000000,False
2022-12-23 11:05:00,6683.85000000,12118.03000000,2320.14000000,0.00000000,False
2022-12-23 11:10:00,6720.57000000,12226.40000000,2167.17000000,0.00000000,False
2022-12-23 11:15:00,6792.14000000,12277.11000000,1974.00000000,0.00000000,False
2022-12-23 11:20:00,6719.00000000,12202.93000000,1924.40000000,0.00000000,False
2022-12-23 11:25:00,6370.66000000,11635.52000000,1971.40000000,0.00000000,False
2022-12-23 11:30:00,6246.99000000,11894.16000000,2014.80000000,0.00000000,False
2022-12-23 11:35:00,6378.54000000,12320.44000000,2038.20000000,0.00000000,False
2022-12-23 11:40:00,6510.22000000,12467.50000000,2052.30000000,0.00000000,False
2022-12-23 11:45:00,6617.47000000,12385.95000000,2065.60000000,0.00000000,False
2022-12-23 11:50:00,6372.15000000,12152.56000000,2066.90000000,0.00000000,False
2022-12-23 11:55:00,6321.69000000,12033.49000000,2071.71000000,0.00000000,False
2022-12-23 12:00:00,6545.10000000,12380.18000000,2071.00000000,0.00000000,False
2022-12-23 12:05:00,6822.46000000,12579.08000000,2084.71000000,0.00000000,False
2022-12-23 12:10:00,6855.53000000,12842.20000000,2097.90000000,0.00000000,False
2022-12-23 12:15:00,6897.79000000,12511.20000000,2217.70000000,0.00000000,False
2022-12-23 12:20:00,6906.57000000,12584.32000000,2129.50000000,0.00000000,False
2022-12-23 12:25:00,6860.05000000,12979.37000000,2327.83000000,0.00000000,False
2022-12-23 12:30:00,6978.34000000,13361.33000000,2248.52000000,0.00000000,False
2022-12-23 12:35:00,7019.96000000,13119.90000000,2281.00000000,0.00000000,False
2022-12-23 12:40:00,6980.28000000,12937.71000000,2257.79000000,0.00000000,False
2022-12-23 12:45:00,7101.63000000,13211.14000000,2219.90000000,0.00000000,False
2022-12-23 12:50:00,7223.66000000,13411.51000000,2322.90000000,0.00000000,False
2022-12-23 12:55:00,7273.69000000,13693.63000000,2172.90000000,0.00000000,False
2022-12-23 13:00:00,7130.61000000,13397.75000000,2253.99000000,0.00000000,False
2022-12-23 13:05:00,7022.93000000,13029.16000000,2253.48000000,0.00000000,False
2022-12-23 13:10:00,6952.26000000,13088.50000000,2357.80000000,0.00000000,False
2022-12-23 13:15:00,7011.32000000,12788.69000000,2383.29000000,0.00000000,False
2022-12-23 13:20:00,7066.32000000,13137.51000000,2199.18000000,0.00000000,False
2022-12-23 13:25:00,7092.45000000,13233.43000000,2094.18000000,0.00000000,False
2022-12-23 13:30:00,7164.64000000,13244.43000000,2204.28000000,0.00000000,False
2022-12-23 13:35:00,7211.81000000,13366.60000000,2153.28000000,0.00000000,False
2022-12-23 13:40:00,7153.31000000,13358.67000000,2359.68000000,0.00000000,False
2022-12-23 13:45:00,7187.70000000,13042.45000000,2358.88000000,0.00000000,False
2022-12-23 13:50:00,7059.25000000,12538.11000000,2219.60000000,0.00000000,False
2022-12-23 13:55:00,7131.69000000,12559.17000000,2319.98000000,0.00000000,False
2022-12-23 14:00:00,7428.21000000,13177.68000000,2220.61000000,0.00000000,False
2022-12-23 14:05:00,7377.86000000,12965.77000000,2274.81000000,0.00000000,False
2022-12-23 14:10:00,7601.69000000,13640.97000000,2403.90000000,0.00000000,False
2022-12-23 14:15:00,7746.90000000,13989.56000000,2698.90000000,0.00000000,False
2022-12-23 14:20:00,7785.04000000,14276.69000000,2801.90000000,0.00000000,False
2022-12-23 14:25:00,7794.88000000,14194.22000000,2508.79000000,0.00000000,False
2022-12-23 14:30:00,7858.52000000,14572.05000000,2611.79000000,0.00000000,False
2022-12-23 14:35:00,7838.12000000,14432.74000000,2508.79000000,0.00000000,False
2022-12-23 14:40:00,7578.83000000,14185.46000000,2611.79000000,0.00000000,False
2022-12-23 14:45:00,7740.67000000,14766.17000000,2611.79000000,0.00000000,False
2022-12-23 14:50:00,7643.42000000,14552.03000000,2611.79000000,0.00000000,False
2022-12-23 14:55:00,7536.74000000,13928.84000000,2561.79000000,0.00000000,False
2022-12-23 15:00:00,7413.36000000,13851.06000000,2779.61000000,0.00000000,False
2022-12-23 15:05:00,7409.36000000,14222.44000000,2699.41000000,0.00000000,False
2022-12-23 15:10:00,7462.12000000,14579.36000000,2936.11000000,0.00000000,False
2022-12-23 15:15:00,7381.07000000,14389.99000000,3039.11000000,0.00000000,False
2022-12-23 15:20:00,7353.95000000,14386.60000000,3241.11000000,0.00000000,False
2022-12-23 15:25:00,7428.21000000,14681.99000000,3376.11000000,0.00000000,False
2022-12-23 15:30:00,7263.68000000,14445.74000000,3376.11000000,0.00000000,False
2022-12-23 15:35:00,7197.21000000,14262.17000000,3273.11000000,0.00000000,False
2022-12-23 15:40:00,7119.44000000,14105.68000000,3376.11000000,0.00000000,False
2022-12-23 15:45:00,7019.18000000,13610.37000000,3280.11000000,0.00000000,False
2022-12-23 15:50:00,6804.31000000,13086.79000000,3241.11000000,0.00000000,False
2022-12-23 15:55:00,6805.56000000,13163.13000000,3241.11000000,0.00000000,False
2022-12-23 16:00:00,6811.76000000,12814.29000000,3234.43000000,0.00000000,False
2022-12-23 16:05:00,6912.63000000,12920.54000000,3323.73000000,0.00000000,False
2022-12-23 16:10:00,6850.08000000,12619.26000000,3308.53000000,0.00000000,False
2022-12-23 16:15:00,6633.08000000,11882.45000000,3308.53000000,0.00000000,False
2022-12-23 16:20:00,6200.65000000,11041.58000000,3206.73000000,0.00000000,False
2022-12-23 16:25:00,5972.60000000,10665.94000000,3206.93000000,0.00000000,False
2022-12-23 16:30:00,5743.03000000,10312.50000000,3003.33000000,0.00000000,False
2022-12-23 16:35:00,5542.41000000,9853.38000000,3003.33000000,0.00000000,False
2022-12-23 16:40:00,5321.39000000,9219.59000000,3071.53000000,0.00000000,False
2022-12-23 16:45:00,5031.33000000,8947.17000000,2889.00000000,0.00000000,False
2022-12-23 16:50:00,5071.30000000,8876.51000000,2835.00000000,0.00000000,False
2022-12-23 16:55:00,4748.00000000,8462.22000000,2948.00000000,0.00000000,False
2022-12-23 17:00:00,4621.08000000,7551.40000000,2850.40000000,0.00000000,False
2022-12-23 17:05:00,4499.25000000,7005.31000000,2738.50000000,0.00000000,False
2022-12-23 17:10:00,4720.48000000,6416.17000000,2443.70000000,0.00000000,False
2022-12-23 17:15:00,5229.35000000,6651.52000000,2196.20000000,0.00000000,False
2022-12-23 17:20:00,5553.69000000,7218.80000000,1845.80000000,0.00000000,False
2022-12-23 17:25:00,5208.47000000,6728.67000000,1790.10000000,0.00000000,False
2022-12-23 17:30:00,4978.60000000,6175.79000000,1695.30000000,0.00000000,False
2022-12-23 17:35:00,4919.94000000,5596.14000000,1693.10000000,0.00000000,False
2022-12-23 17:40:00,4861.00000000,5108.91000000,1599.80000000,0.00000000,False
2022-12-23 17:45:00,4786.94000000,5011.17000000,1552.60000000,0.00000000,False
2022-12-23 17:50:00,4746.29000000,4887.42000000,1542.90000000,0.00000000,False
2022-12-23 17:55:00,4621.53000000,4891.50000000,1433.20000000,0.00000000,False
2022-12-23 18:00:00,4711.16000000,5027.97000000,1331.80000000,0.00000000,False
2022-12-23 18:05:00,4628.94000000,5067.31000000,1356.80000000,0.00000000,False
2022-12-23 18:10:00,4456.41000000,4911.52000000,1310.80000000,0.00000000,False
2022-12-23 18:15:00,4484.63000000,5155.55000000,1172.80000000,0.00000000,False
2022-12-23 18:20:00,4428.58000000,5056.44000000,1172.80000000,0.00000000,False
2022-12-23 18:25:00,4435.35000000,4988.30000000,1240.20000000,0.00000000,False
2022-12-23 18:30:00,4376.66000000,4839.80000000,1242.80000000,0.00000000,False
2022-12-23 18:35:00,4374.81000000,4906.36000000,1242.80000000,0.00000000,False
2022-12-23 18:40:00,4347.56000000,4844.23000000,1287.80000000,0.00000000,False
2022-12-23 18:45:00,4352.56000000,4813.76000000,1040.80000000,0.00000000,False
2022-12-23 18:50:00,4348.78000000,4871.68000000,1040.80000000,0.00000000,False
2022-12-23 18:55:00,4312.35000000,4853.00000000,1040.80000000,0.00000000,False
2022-12-23 19:00:00,4344.42000000,4884.98000000,994.10000000,0.00000000,False
2022-12-23 19:05:00,4353.05000000,4966.28000000,994.10000000,0.00000000,False
2022-12-23 19:10:00,4279.18000000,4857.45000000,994.10000000,0.00000000,False
2022-12-23 19:15:00,4223.30000000,4729.19000000,994.10000000,0.00000000,False
2022-12-23 19:20:00,4218.40000000,4572.90000000,994.10000000,0.00000000,False
2022-12-23 19:25:00,4239.47000000,4571.24000000,994.10000000,0.00000000,False
2022-12-23 19:30:00,4183.43000000,4503.88000000,994.10000000,0.00000000,False
2022-12-23 19:35:00,4243.10000000,4715.05000000,994.10000000,0.00000000,False
2022-12-23 19:40:00,4209.22000000,4809.27000000,994.10000000,0.00000000,False
2022-12-23 19:45:00,4229.41000000,4769.73000000,994.10000000,0.00000000,False
2022-12-23 19:50:00,4283.58000000,4783.71000000,994.10000000,0.00000000,False
2022-12-23 19:55:00,4244.58000000,4741.49000000,994.10000000,0.00000000,False
2022-12-23 20:00:00,4341.25000000,4879.38000000,995.90000000,0.00000000,False
2022-12-23 20:05:00,4437.48000000,4889.69000000,995.90000000,0.00000000,False
2022-12-23 20:10:00,4352.13000000,4787.08000000,1015.90000000,0.00000000,False
2022-12-23 20:15:00,4335.25000000,4505.65000000,1015.90000000,0.00000000,False
2022-12-23 20:20:00,4248.23000000,4496.70000000,1015.90000000,0.00000000,False
2022-12-23 20:25:00,4273.62000000,4507.94000000,1107.90000000,0.00000000,False
2022-12-23 20:30:00,4075.55000000,4275.01000000,1199.90000000,0.00000000,False
2022-12-23 20:35:00,4072.63000000,4294.53000000,1199.90000000,0.00000000,False
2022-12-23 20:40:00,4159.25000000,4301.10000000,1199.90000000,0.00000000,False
2022-12-23 20:45:00,4212.75000000,4247.42000000,1199.90000000,0.00000000,False
2022-12-23 20:50:00,4266.21000000,4311.88000000,1199.90000000,0.00000000,False
2022-12-23 20:55:00,4356.20000000,4515.72000000,1199.90000000,0.00000000,False
2022-12-23 21:00:00,4325.72000000,4519.43000000,1200.90000000,0.00000000,False
2022-12-23 21:05:00,4429.12000000,4620.11000000,1155.90000000,0.00000000,False
2022-12-23 21:10:00,4387.70000000,4713.61000000,1155.90000000,0.00000000,False
2022-12-23 21:15:00,4451.21000000,4903.06000000,1155.90000000,0.00000000,False
2022-12-23 21:20:00,4460.44000000,4997.10000000,1155.90000000,0.00000000,False
2022-12-23 21:25:00,4426.03000000,5020.89000000,1155.90000000,0.00000000,False
2022-12-23 21:30:00,4540.89000000,5192.88000000,1155.90000000,0.00000000,False
2022-12-23 21:35:00,4731.87000000,5647.14000000,1155.90000000,0.00000000,False
2022-12-23 21:40:00,4758.57000000,5826.74000000,1155.90000000,0.00000000,False
2022-12-23 21:45:00,4740.41000000,5913.98000000,1187.90000000,0.00000000,False
2022-12-23 21:50:00,4782.38000000,5776.10000000,1187.90000000,0.00000000,False
2022-12-23 21:55:00,4823.28000000,5706.59000000,1187.90000000,0.00000000,False
2022-12-23 22:00:00,4849.36000000,5605.15000000,1187.90000000,0.00000000,False
2022-12-23 22:05:00,5022.65000000,6160.08000000,1155.90000000,0.00000000,False
2022-12-23 22:10:00,5195.76000000,6252.35000000,1155.90000000,0.00000000,False
2022-12-23 22:15:00,5119.59000000,6048.58000000,1188.90000000,0.00000000,False
2022-12-23 22:20:00,5066.23000000,6186.85000000,1188.90000000,0.00000000,False
2022-12-23 22:25:00,5011.21000000,6113.70000000,1188.90000000,0.00000000,False
2022-12-23 22:30:00,5133.87000000,6341.59000000,1188.90000000,0.00000000,False
2022-12-23 22:35:00,5180.64000000,6429.30000000,1188.90000000,0.00000000,False
2022-12-23 22:40:00,5277.01000000,6505.25000000,1228.90000000,0.00000000,False
2022-12-23 22:45:00,5285.05000000,6493.93000000,1228.90000000,0.00000000,False
2022-12-23 22:50:00,5261.66000000,6464.60000000,1228.90000000,0.00000000,False
2022-12-23 22:55:00,5273.93000000,6547.92000000,1228.90000000,0.00000000,False
2022-12-23 23:00:00,5164.92000000,6283.72000000,1248.90000000,0.00000000,False
2022-12-23 23:05:00,5090.90000000,6425.89000000,1391.30000000,0.00000000,False
2022-12-23 23:10:00,5095.84000000,6534.19000000,1391.30000000,0.00000000,False
2022-12-23 23:15:00,4895.20000000,6030.68000000,1344.30000000,0.00000000,False
2022-12-23 23:20:00,4964.97000000,6168.95000000,1391.30000000,0.00000000,False
2022-12-23 23:25:00,4981.59000000,6276.05000000,1390.90000000,0.00000000,False
2022-12-23 23:30:00,4984.99000000,6625.73000000,1391.30000000,0.00000000,False
2022-12-23 23:35:00,5035.70000000,6818.62000000,1391.30000000,0.00000000,False
2022-12-23 23:40:00,5165.80000000,7253.92000000,1344.30000000,0.00000000,False
2022-12-23 23:45:00,5138.04000000,7378.02000000,1344.30000000,0.00000000,False
2022-12-23 23:50:00,5188.43000000,7474.96000000,1376.30000000,0.00000000,False
2022-12-23 23:55:00,5257.42000000,7708.74000000,1376.30000000,0.00000000,False
2022-12-24 00:00:00,5540.04000000,9040.85000000,1379.80000000,10.02960000,False
2022-12-24 00:05:00,5542.20000000,7956.07000000,1429.80000000,14.31710000,False
2022-12-24 00:10:00,5670.01000000,8107.83000000,1519.80000000,12.46060000,False
2022-12-24 00:15:00,5858.02000000,8151.15000000,1519.80000000,10.07140000,False
2022-12-24 00:20:00,5893.78000000,8183.05000000,1596.18000000,10.75290000,False
2022-12-24 00:25:00,5814.54000000,8129.90000000,1679.38000000,10.11720000,False
2022-12-24 00:30:00,5860.68000000,8283.87000000,1553.70000000,6.84510000,False
2022-12-24 00:35:00,5842.11000000,8397.45000000,1470.50000000,12.10600000,False
2022-12-24 00:40:00,5913.73000000,8469.12000000,1517.50000000,5.90350000,False
2022-12-24 00:45:00,6021.30000000,8588.10000000,1596.63000000,3.91800000,False
2022-12-24 00:50:00,6007.88000000,8685.25000000,1680.10000000,3.34650000,False
2022-12-24 00:55:00,5928.83000000,8828.61000000,1600.77000000,3.32040000,False
2022-12-24 01:00:00,5915.15000000,8796.72000000,1558.34000000,3.56990000,False
2022-12-24 01:05:00,5843.42000000,8789.36000000,1613.09000000,1.07140000,False
2022-12-24 01:10:00,5873.90000000,8920.97000000,1613.89000000,0.85420000,False
2022-12-24 01:15:00,5910.50000000,8963.15000000,1452.80000000,0.13880000,False
2022-12-24 01:20:00,5944.40000000,9193.50000000,1615.25000000,2.87600000,False
2022-12-24 01:25:00,5789.64000000,8960.91000000,1750.62000000,2.09720000,False
2022-12-24 01:30:00,5966.34000000,9615.28000000,1499.80000000,1.86100000,False
2022-12-24 01:35:00,5929.98000000,9603.84000000,1580.08000000,1.77200000,False
2022-12-24 01:40:00,5909.31000000,9515.69000000,1791.88000000,0.18270000,False
2022-12-24 01:45:00,5780.05000000,9228.90000000,1635.42000000,0.66410000,False
2022-12-24 01:50:00,5678.64000000,9101.43000000,1584.80000000,2.28490000,False
2022-12-24 01:55:00,5951.44000000,9528.93000000,1674.09000000,2.13400000,False
2022-12-24 02:00:00,5997.43000000,9694.15000000,1587.40000000,0.72220000,False
2022-12-24 02:05:00,5672.20000000,9108.04000000,1597.40000000,1.23540000,False
2022-12-24 02:10:00,5717.16000000,9121.79000000,1604.10000000,0.00000000,False
2022-12-24 02:15:00,5688.88000000,9067.10000000,1604.10000000,0.00000000,False
2022-12-24 02:20:00,5650.83000000,9132.35000000,1604.10000000,0.87870000,False
2022-12-24 02:25:00,5747.84000000,9415.04000000,1604.10000000,0.00000000,False
2022-12-24 02:30:00,5679.90000000,8987.42000000,1604.10000000,0.00000000,False
2022-12-24 02:35:00,5622.84000000,9032.33000000,1604.10000000,0.00000000,False
2022-12-24 02:40:00,5510.29000000,9010.31000000,1604.10000000,0.00000000,False
2022-12-24 02:45:00,5503.88000000,9049.91000000,1604.10000000,0.00000000,False
2022-12-24 02:50:00,5522.16000000,9071.48000000,1604.10000000,0.00000000,False
2022-12-24 02:55:00,5641.49000000,9335.87000000,1604.10000000,0.00000000,False
2022-12-24 03:00:00,5519.82000000,8971.24000000,1585.70000000,0.00000000,False
2022-12-24 03:05:00,5523.69000000,9023.82000000,1584.80000000,0.23130000,False
2022-12-24 03:10:00,5467.27000000,8979.75000000,1585.70000000,0.00000000,False
2022-12-24 03:15:00,5451.86000000,9018.10000000,1585.70000000,0.00000000,False
2022-12-24 03:20:00,5520.90000000,8960.37000000,1585.70000000,0.00000000,False
2022-12-24 03:25:00,5604.30000000,9160.12000000,1585.70000000,0.05680000,False
2022-12-24 03:30:00,5662.27000000,9120.05000000,1585.70000000,0.05100000,False
2022-12-24 03:35:00,5678.95000000,9304.47000000,1585.70000000,0.00000000,False
2022-12-24 03:40:00,5776.77000000,9448.44000000,1585.70000000,0.00000000,False
2022-12-24 03:45:00,5521.22000000,8867.20000000,1585.70000000,0.00000000,False
2022-12-24 03:50:00,5544.44000000,9214.15000000,1585.70000000,0.00000000,False
2022-12-24 03:55:00,5666.72000000,9327.13000000,1585.70000000,0.00000000,False
2022-12-24 04:00:00,5665.03000000,9138.88000000,1586.60000000,0.00000000,False
2022-12-24 04:05:00,5660.07000000,9076.11000000,1655.60000000,0.00240000,False
2022-12-24 04:10:00,5572.57000000,9460.74000000,1655.60000000,0.00000000,False
2022-12-24 04:15:00,5624.83000000,9361.02000000,1655.60000000,0.00000000,False
2022-12-24 04:20:00,5574.45000000,9176.48000000,1655.60000000,0.00000000,False
2022-12-24 04:25:00,5660.41000000,9234.44000000,1650.10000000,0.00000000,False
2022-12-24 04:30:00,5569.67000000,9055.81000000,1637.10000000,0.00000000,False
2022-12-24 04:35:00,5537.72000000,9055.42000000,1636.40000000,0.01500000,False
2022-12-24 04:40:00,5544.02000000,8897.14000000,1655.60000000,0.00000000,False
2022-12-24 04:45:00,5432.65000000,8807.95000000,1655.60000000,0.00000000,False
2022-12-24 04:50:00,5427.55000000,8790.39000000,1655.60000000,0.00000000,False
2022-12-24 04:55:00,5458.31000000,8701.48000000,1655.60000000,0.00000000,False
2022-12-24 05:00:00,5550.74000000,8846.17000000,1654.30000000,0.00000000,False
2022-12-24 05:05:00,5465.23000000,8846.90000000,1586.50000000,0.00000000,False
2022-12-24 05:10:00,5450.44000000,8828.75000000,1548.50000000,0.00000000,False
2022-12-24 05:15:00,5576.67000000,9078.84000000,1548.50000000,0.35050000,False
2022-12-24 05:20:00,5431.51000000,8706.29000000,1548.50000000,0.71330000,False
2022-12-24 05:25:00,5424.76000000,8710.16000000,1548.50000000,0.00000000,False
2022-12-24 05:30:00,5383.69000000,8575.38000000,1548.50000000,1.49870000,False
2022-12-24 05:35:00,5275.92000000,8314.21000000,1548.50000000,0.00000000,False
2022-12-24 05:40:00,5201.04000000,8054.07000000,1548.50000000,0.00000000,False
2022-12-24 05:45:00,5265.01000000,8070.47000000,1501.50000000,0.00000000,False
2022-12-24 05:50:00,5336.20000000,8222.65000000,1501.50000000,1.31310000,False
2022-12-24 05:55:00,5305.56000000,8468.71000000,1393.50000000,1.98670000,False
2022-12-24 06:00:00,5515.28000000,8892.20000000,1321.00000000,1.53580000,False
2022-12-24 06:05:00,5418.49000000,8539.09000000,1312.60000000,0.00000000,False
2022-12-24 06:10:00,5413.82000000,8380.27000000,1312.60000000,7.25800000,False
2022-12-24 06:15:00,5350.06000000,8410.22000000,1312.60000000,1.72160000,False
2022-12-24 06:20:00,5545.01000000,8695.86000000,1312.60000000,0.00000000,False
2022-12-24 06:25:00,5499.76000000,8719.53000000,1289.60000000,0.06070000,False
2022-12-24 06:30:00,5503.21000000,8753.77000000,1289.60000000,0.72260000,False
2022-12-24 06:35:00,5529.45000000,8561.92000000,1289.60000000,21.53060000,False
2022-12-24 06:40:00,5580.31000000,8624.93000000,1289.60000000,6.66640000,False
2022-12-24 06:45:00,5436.17000000,8385.82000000,1289.60000000,33.90530000,False
2022-12-24 06:50:00,5482.58000000,8437.80000000,1343.60000000,20.24300000,False
2022-12-24 06:55:00,5405.51000000,8395.63000000,1451.60000000,37.64790000,False
2022-12-24 07:00:00,5492.97000000,8635.14000000,1450.70000000,7.51800000,False
2022-12-24 07:05:00,5310.63000000,8376.96000000,1450.70000000,21.47420000,False
2022-12-24 07:10:00,5334.00000000,8358.92000000,1450.70000000,35.15210000,False
2022-12-24 07:15:00,5345.19000000,8366.93000000,1450.70000000,19.37540000,False
2022-12-24 07:20:00,5322.46000000,8348.39000000,1450.70000000,17.78490000,False
2022-12-24 07:25:00,5250.64000000,8208.25000000,1450.70000000,0.00000000,False
2022-12-24 07:30:00,5215.32000000,8049.02000000,1450.70000000,0.00000000,False
2022-12-24 07:35:00,5252.48000000,7989.25000000,1450.70000000,0.41020000,False
2022-12-24 07:40:00,5307.59000000,8101.97000000,1358.70000000,37.78060000,False
2022-12-24 07:45:00,5273.25000000,8087.77000000,1358.70000000,1.51510000,False
2022-12-24 07:50:00,5171.17000000,8367.63000000,1311.70000000,7.65720000,False
2022-12-24 07:55:00,5302.91000000,8678.44000000,1311.70000000,9.21680000,False
2022-12-24 08:00:00,5378.12000000,9017.28000000,1311.00000000,6.70020000,False
2022-12-24 08:05:00,5862.83000000,9831.66000000,1311.00000000,0.41410000,False
2022-12-24 08:10:00,6130.82000000,10515.30000000,1311.00000000,0.53580000,False
2022-12-24 08:15:00,6289.21000000,10992.66000000,1311.00000000,3.33210000,False
2022-12-24 08:20:00,6592.25000000,11612.34000000,1375.20000000,8.71400000,False
2022-12-24 08:25:00,6837.90000000,11851.44000000,1389.30000000,6.05090000,False
2022-12-24 08:30:00,6908.77000000,12275.56000000,1414.90000000,2.57180000,False
2022-12-24 08:35:00,6958.70000000,12755.01000000,1428.80000000,1.50660000,False
2022-12-24 08:40:00,7149.18000000,13356.06000000,1432.70000000,3.93930000,False
2022-12-24 08:45:00,7318.24000000,13786.07000000,1434.00000000,2.77860000,False
2022-12-24 08:50:00,7521.42000000,14349.67000000,1584.00000000,2.53410000,False
2022-12-24 08:55:00,7600.96000000,14456.36000000,1584.00000000,1.29380000,False
2022-12-24 09:00:00,7545.38000000,13957.20000000,1694.17000000,5.98200000,False
2022-12-24 09:05:00,7796.22000000,14207.47000000,1686.65000000,6.62940000,False
2022-12-24 09:10:00,7827.33000000,14175.63000000,1715.20000000,4.53310000,False
2022-12-24 09:15:00,7748.57000000,14151.61000000,1874.20000000,4.15960000,False
2022-12-24 09:20:00,7799.87000000,14075.27000000,2248.20000000,2.97830000,False
2022-12-24 09:25:00,7784.91000000,14166.16000000,2531.20000000,2.23730000,False
2022-12-24 09:30:00,7799.48000000,14624.27000000,2992.20000000,1.41840000,False
2022-12-24 09:35:00,7738.49000000,14906.65000000,2992.20000000,0.93250000,False
2022-12-24 09:40:00,7767.96000000,14985.11000000,3130.40000000,0.74750000,False
2022-12-24 09:45:00,7973.89000000,15416.40000000,3225.40000000,3.03580000,False
2022-12-24 09:50:00,7920.51000000,15493.73000000,3393.40000000,2.13120000,False
2022-12-24 09:55:00,8108.84000000,15888.26000000,3515.40000000,2.82080000,False
2022-12-24 10:00:00,8135.91000000,15615.50000000,3832.99000000,2.81090000,False
2022-12-24 10:05:00,7814.21000000,15312.36000000,3968.60000000,1.52350000,False
2022-12-24 10:10:00,7759.91000000,15285.71000000,4018.20000000,1.84690000,False
2022-12-24 10:15:00,7961.54000000,15678.44000000,4058.20000000,2.96350000,False
2022-12-24 10:20:00,8072.74000000,16237.68000000,4058.20000000,3.73250000,False
2022-12-24 10:25:00,8132.04000000,16504.20000000,4011.20000000,2.94690000,False
2022-12-24 10:30:00,8203.92000000,16771.47000000,4059.20000000,3.13780000,False
2022-12-24 10:35:00,8301.60000000,16795.38000000,4107.20000000,2.67380000,False
2022-12-24 10:40:00,8325.63000000,16992.74000000,4256.60000000,2.34130000,False
2022-12-24 10:45:00,8415.27000000,17174.08000000,4306.40000000,2.26890000,False
2022-12-24 10:50:00,8500.17000000,17363.76000000,4400.40000000,2.06230000,False
2022-12-24 10:55:00,8609.94000000,17674.33000000,4352.40000000,1.84750000,False
2022-12-24 11:00:00,8536.69000000,17571.55000000,4294.50000000,1.43470000,False
2022-12-24 11:05:00,8774.83000000,17581.13000000,4405.20000000,1.33350000,False
2022-12-24 11:10:00,8758.50000000,17390.39000000,4404.50000000,1.58270000,False
2022-12-24 11:15:00,8812.97000000,17573.81000000,4357.20000000,1.33320000,False
2022-12-24 11:20:00,8799.05000000,17422.75000000,4357.20000000,1.28080000,False
2022-12-24 11:25:00,8876.80000000,17662.61000000,4357.50000000,1.25460000,False
2022-12-24 11:30:00,8959.88000000,17280.11000000,4357.90000000,0.74220000,False
2022-12-24 11:35:00,9109.93000000,17193.51000000,4407.90000000,0.17300000,False
2022-12-24 11:40:00,9041.78000000,16940.12000000,4399.50000000,0.00000000,False
2022-12-24 11:45:00,8818.02000000,17171.15000000,4447.50000000,1.83740000,False
2022-12-24 11:50:00,9142.03000000,17827.61000000,4448.00000000,1.58830000,False
2022-12-24 11:55:00,9316.45000000,18260.08000000,4448.00000000,2.48140000,False
2022-12-24 12:00:00,9418.26000000,18102.94000000,4398.30000000,3.64930000,False
2022-12-24 12:05:00,9324.58000000,18105.20000000,4467.00000000,2.60820000,False
2022-12-24 12:10:00,9526.85000000,18114.00000000,4519.20000000,3.41060000,False
2022-12-24 12:15:00,9613.54000000,18229.68000000,4519.20000000,3.81390000,False
2022-12-24 12:20:00,9540.72000000,18445.39000000,4690.40000000,4.16560000,False
2022-12-24 12:25:00,9634.80000000,18618.36000000,4690.40000000,3.78640000,False
2022-12-24 12:30:00,9792.81000000,18759.14000000,4690.40000000,3.23040000,False
2022-12-24 12:35:00,9875.31000000,18970.82000000,4790.60000000,1.86410000,False
2022-12-24 12:40:00,9836.84000000,19120.96000000,4790.60000000,2.87870000,False
2022-12-24 12:45:00,9743.53000000,18963.38000000,4890.80000000,2.00720000,False
2022-12-24 12:50:00,9810.53000000,19321.65000000,4890.80000000,0.89170000,False
2022-12-24 12:55:00,10004.78000000,19675.44000000,4890.80000000,1.14950000,False
2022-12-24 13:00:00,10192.53000000,19753.35000000,4985.70000000,0.88060000,False
2022-12-24 13:05:00,10158.38000000,19796.85000000,4907.70000000,0.88050000,False
2022-12-24 13:10:00,10054.36000000,19720.15000000,5008.10000000,0.88050000,False
2022-12-24 13:15:00,10187.31000000,19871.44000000,5158.70000000,1.36440000,False
2022-12-24 13:20:00,10154.91000000,20008.21000000,5259.10000000,1.28930000,False
2022-12-24 13:25:00,10130.39000000,20038.04000000,5459.90000000,0.77830000,False
2022-12-24 13:30:00,10175.62000000,20208.54000000,5560.30000000,0.85860000,False
2022-12-24 13:35:00,10170.87000000,20413.94000000,5560.30000000,1.75230000,False
2022-12-24 13:40:00,10243.41000000,20445.76000000,5560.30000000,1.75210000,False
2022-12-24 13:45:00,10299.42000000,20402.61000000,5560.30000000,1.79220000,False
2022-12-24 13:50:00,10419.96000000,20752.19000000,5560.30000000,1.74940000,False
2022-12-24 13:55:00,10404.97000000,20785.89000000,5560.30000000,1.72060000,False
2022-12-24 14:00:00,10537.95000000,20839.67000000,5716.40000000,1.75830000,False
2022-12-24 14:05:00,10240.56000000,20695.27000000,5716.40000000,1.75690000,False
2022-12-24 14:10:00,10272.02000000,20856.81000000,5851.40000000,1.41440000,False
2022-12-24 14:15:00,10265.88000000,21067.26000000,5852.40000000,1.75360000,False
2022-12-24 14:20:00,10306.30000000,21037.31000000,5852.40000000,1.90860000,False
2022-12-24 14:25:00,10410.77000000,21331.52000000,5852.40000000,1.39770000,False
2022-12-24 14:30:00,10410.07000000,21282.45000000,5852.40000000,1.55610000,False
2022-12-24 14:35:00,10380.65000000,21515.96000000,5852.40000000,1.15970000,False
2022-12-24 14:40:00,10422.82000000,21649.96000000,5852.40000000,0.70680000,False
2022-12-24 14:45:00,10456.42000000,21686.69000000,5852.40000000,1.19860000,False
2022-12-24 14:50:00,10444.61000000,21624.24000000,5852.40000000,1.99260000,False
2022-12-24 14:55:00,10473.53000000,21726.23000000,5852.40000000,2.14620000,False
2022-12-24 15:00:00,10541.35000000,21711.12000000,5855.80000000,1.03380000,False
2022-12-24 15:05:00,10569.55000000,21820.41000000,5854.80000000,1.59230000,False
2022-12-24 15:10:00,10568.13000000,21740.21000000,5854.80000000,0.58380000,False
2022-12-24 15:15:00,10532.88000000,21546.94000000,5854.80000000,0.62310000,False
2022-12-24 15:20:00,10532.08000000,21534.40000000,5854.80000000,0.95590000,False
2022-12-24 15:25:00,10596.51000000,21557.94000000,5854.80000000,0.99480000,False
2022-12-24 15:30:00,10520.29000000,21485.14000000,5854.80000000,1.02660000,False
2022-12-24 15:35:00,10482.75000000,21240.56000000,5854.80000000,0.83710000,False
2022-12-24 15:40:00,10476.46000000,21156.93000000,5854.80000000,1.19200000,False
2022-12-24 15:45:00,10427.83000000,20921.54000000,5854.80000000,0.60630000,False
2022-12-24 15:50:00,10317.95000000,20684.07000000,5854.80000000,0.76640000,False
2022-12-24 15:55:00,10288.98000000,20625.62000000,5829.10000000,0.41360000,False
2022-12-24 16:00:00,10253.28000000,20335.43000000,5801.30000000,0.91050000,False
2022-12-24 16:05:00,9933.20000000,19951.17000000,5801.30000000,0.34190000,False
2022-12-24 16:10:00,9750.57000000,19533.83000000,5801.30000000,0.66010000,False
2022-12-24 16:15:00,9693.39000000,19155.20000000,5801.30000000,1.20010000,False
2022-12-24 16:20:00,9514.68000000,18696.23000000,5801.30000000,2.65060000,False
2022-12-24 16:25:00,9123.40000000,17795.68000000,5801.30000000,0.00350000,False
2022-12-24 16:30:00,8895.22000000,17003.85000000,5801.30000000,0.14510000,False
2022-12-24 16:35:00,8635.15000000,16528.79000000,5801.30000000,0.00000000,False
2022-12-24 16:40:00,8367.82000000,16021.19000000,5801.30000000,1.37540000,False
2022-12-24 16:45:00,8101.45000000,15335.77000000,5747.30000000,0.63910000,False
2022-12-24 16:50:00,7794.19000000,14608.44000000,5639.30000000,0.00000000,False
2022-12-24 16:55:00,7529.71000000,13889.80000000,5639.30000000,0.00000000,False
2022-12-24 17:00:00,7248.42000000,13402.69000000,5691.89000000,0.38320000,False
2022-12-24 17:05:00,7251.86000000,12907.14000000,5578.00000000,0.00000000,False
2022-12-24 17:10:00,6794.11000000,12738.60000000,4779.70000000,5.09920000,False
2022-12-24 17:15:00,6634.52000000,12332.58000000,4732.40000000,2.45220000,False
2022-12-24 17:20:00,6483.43000000,11300.83000000,4729.00000000,0.00000000,False
2022-12-24 17:25:00,6592.15000000,11750.59000000,4312.40000000,0.00000000,False
2022-12-24 17:30:00,6773.61000000,11276.63000000,4162.30000000,0.00000000,False
2022-12-24 17:35:00,6805.57000000,10901.82000000,4104.80000000,0.00000000,False
2022-12-24 17:40:00,6759.13000000,10793.92000000,3916.80000000,0.00000000,False
2022-12-24 17:45:00,6688.41000000,10309.65000000,3861.40000000,0.00000000,False
2022-12-24 17:50:00,6621.22000000,10145.86000000,3459.20000000,0.00000000,False
2022-12-24 17:55:00,6861.19000000,10289.53000000,3294.40000000,0.00020000,False
2022-12-24 18:00:00,6766.54000000,10409.90000000,3108.50000000,2.10830000,False
2022-12-24 18:05:00,6474.56000000,10006.71000000,3166.20000000,1.18960000,False
2022-12-24 18:10:00,6326.64000000,9792.53000000,3166.20000000,0.00040000,False
2022-12-24 18:15:00,6274.26000000,9745.03000000,3066.00000000,0.00040000,False
2022-12-24 18:20:00,6287.20000000,9755.26000000,3066.00000000,0.00060000,False
2022-12-24 18:25:00,6258.62000000,9739.08000000,3066.00000000,0.65610000,False
2022-12-24 18:30:00,6167.02000000,9630.88000000,3146.00000000,0.48360000,False
2022-12-24 18:35:00,6079.87000000,9346.56000000,3193.00000000,0.03920000,False
2022-12-24 18:40:00,6024.76000000,9266.52000000,3145.00000000,1.24930000,False
2022-12-24 18:45:00,6081.77000000,9208.73000000,3145.00000000,1.42560000,False
2022-12-24 18:50:00,6067.60000000,9234.61000000,3098.00000000,1.27590000,False
2022-12-24 18:55:00,6057.63000000,9277.32000000,3098.00000000,0.68090000,False
2022-12-24 19:00:00,6008.30000000,9333.09000000,3111.70000000,0.20070000,False
2022-12-24 19:05:00,6083.22000000,9368.96000000,3111.90000000,0.01570000,False
2022-12-24 19:10:00,6049.86000000,9214.88000000,3110.90000000,0.51670000,False
2022-12-24 19:15:00,6103.33000000,9186.85000000,3204.40000000,0.40500000,False
2022-12-24 19:20:00,6134.81000000,9318.59000000,3202.80000000,0.87580000,False
2022-12-24 19:25:00,6078.71000000,9213.86000000,3206.10000000,0.01900000,False
2022-12-24 19:30:00,6131.29000000,9263.93000000,3204.70000000,0.26190000,False
2022-12-24 19:35:00,6156.60000000,9225.83000000,3203.00000000,0.47880000,False
2022-12-24 19:40:00,6163.71000000,9252.44000000,3125.20000000,0.00970000,False
2022-12-24 19:45:00,6127.83000000,9239.93000000,3124.20000000,0.24300000,False
2022-12-24 19:50:00,6165.08000000,9352.04000000,3124.40000000,1.01630000,False
2022-12-24 19:55:00,6161.44000000,9415.94000000,3124.50000000,1.90640000,False
2022-12-24 20:00:00,6043.87000000,9244.38000000,3092.50000000,0.22200000,False
2022-12-24 20:05:00,6043.63000000,9261.80000000,3092.50000000,0.53450000,False
2022-12-24 20:10:00,6069.67000000,9215.18000000,3092.50000000,0.53200000,False
2022-12-24 20:15:00,6067.93000000,9321.87000000,3092.50000000,0.10810000,False
2022-12-24 20:20:00,6112.54000000,9373.27000000,3092.50000000,0.00500000,False
2022-12-24 20:25:00,6145.81000000,9411.06000000,3092.50000000,0.37730000,False
2022-12-24 20:30:00,5998.56000000,9359.36000000,3092.50000000,0.00560000,False
2022-12-24 20:35:00,5963.55000000,9260.69000000,3092.50000000,0.01030000,False
2022-12-24 20:40:00,5939.81000000,9119.30000000,3092.50000000,0.80470000,False
2022-12-24 20:45:00,5982.72000000,9051.96000000,3092.50000000,1.58500000,False
2022-12-24 20:50:00,5903.74000000,8834.29000000,3092.50000000,2.43380000,False
2022-12-24 20:55:00,6025.98000000,8983.54000000,3044.50000000,3.04370000,False
2022-12-24 21:00:00,6100.88000000,9104.12000000,3032.60000000,0.48410000,False
2022-12-24 21:05:00,6217.62000000,9537.23000000,3032.60000000,1.63310000,False
2022-12-24 21:10:00,6191.64000000,9739.96000000,3032.60000000,2.78590000,False
2022-12-24 21:15:00,6128.14000000,9751.37000000,3032.60000000,2.38950000,False
2022-12-24 21:20:00,6201.98000000,9748.70000000,3032.60000000,1.87850000,False
2022-12-24 21:25:00,6199.92000000,9600.48000000,3032.60000000,1.42390000,False
2022-12-24 21:30:00,6246.65000000,9782.75000000,3227.60000000,3.42070000,False
2022-12-24 21:35:00,6346.77000000,10030.71000000,3227.60000000,6.16530000,False
2022-12-24 21:40:00,6385.23000000,10292.44000000,3227.60000000,8.76540000,False
2022-12-24 21:45:00,6220.62000000,9724.76000000,3227.60000000,11.19350000,False
2022-12-24 21:50:00,6355.22000000,10158.58000000,3227.60000000,9.19380000,False
2022-12-24 21:55:00,6412.80000000,10445.18000000,3227.60000000,9.02070000,False
2022-12-24 22:00:00,6398.42000000,10205.53000000,3311.01000000,10.86680000,False
2022-12-24 22:05:00,6593.22000000,10608.66000000,3311.91000000,13.27120000,False
2022-12-24 22:10:00,6802.27000000,11158.98000000,3367.41000000,10.39790000,False
2022-12-24 22:15:00,6889.59000000,11328.70000000,3384.91000000,12.25390000,False
2022-12-24 22:20:00,6840.85000000,11404.77000000,3377.78000000,11.43590000,False
2022-12-24 22:25:00,6867.55000000,11435.78000000,3416.10000000,10.14320000,False
2022-12-24 22:30:00,6852.19000000,11531.54000000,3424.08000000,11.15330000,False
2022-12-24 22:35:00,6755.83000000,11331.15000000,3435.58000000,8.69740000,False
2022-12-24 22:40:00,6786.16000000,11271.31000000,3585.58000000,7.50520000,False
2022-12-24 22:45:00,6800.15000000,11353.53000000,3643.88000000,8.26320000,False
2022-12-24 22:50:00,6868.08000000,11453.69000000,3654.61000000,9.70560000,False
2022-12-24 22:55:00,6904.31000000,11485.50000000,3697.43000000,10.00760000,False
2022-12-24 23:00:00,6834.05000000,11181.25000000,3614.93000000,7.75390000,False
2022-12-24 23:05:00,6819.37000000,11380.31000000,3744.20000000,11.14070000,False
2022-12-24 23:10:00,6788.46000000,11449.40000000,3759.40000000,10.75700000,False
2022-12-24 23:15:00,7000.27000000,11847.00000000,3759.20000000,6.00970000,False
2022-12-24 23:20:00,7158.11000000,12155.27000000,3809.20000000,4.24210000,False
2022-12-24 23:25:00,6981.01000000,11973.11000000,3906.10000000,5.14410000,False
2022-12-24 23:30:00,6905.55000000,11957.15000000,4098.40000000,4.90240000,False
2022-12-24 23:35:00,7037.33000000,12157.86000000,4150.90000000,4.04050000,False
2022-12-24 23:40:00,7041.88000000,12108.57000000,4254.40000000,3.85220000,False
2022-12-24 23:45:00,7051.58000000,12211.06000000,4252.90000000,2.68930000,False
2022-12-24 23:50:00,7155.75000000,12508.93000000,4255.00000000,2.38840000,False
2022-12-24 23:55:00,7177.64000000,12588.57000000,4255.00000000,1.91050000,False
2022-12-25 00:00:00,7028.34000000,12010.99000000,4548.14000000,3.38540000,False
2022-12-25 00:05:00,6709.42000000,11078.72000000,4845.53000000,1.76320000,False
2022-12-25 00:10:00,6545.99000000,10845.70000000,4803.20000000,3.44440000,False
2022-12-25 00:15:00,6492.92000000,11017.69000000,4819.38000000,2.72880000,False
2022-12-25 00:20:00,6450.04000000,11052.62000000,5542.36000000,2.57480000,False
2022-12-25 00:25:00,6565.57000000,11134.55000000,5546.78000000,1.84510000,False
2022-12-25 00:30:00,6643.73000000,11138.73000000,5546.04000000,1.68260000,False
2022-12-25 00:35:00,6473.44000000,10928.23000000,5594.43000000,3.62830000,False
2022-12-25 00:40:00,6485.37000000,10797.35000000,5596.38000000,4.72360000,False
2022-12-25 00:45:00,6456.47000000,10714.70000000,5671.96000000,4.92680000,False
2022-12-25 00:50:00,6471.35000000,10712.94000000,5672.64000000,4.93300000,False
2022-12-25 00:55:00,6507.93000000,10731.78000000,5671.34000000,4.44550000,False
2022-12-25 01:00:00,6471.51000000,10753.92000000,5673.86000000,5.99800000,False
2022-12-25 01:05:00,6672.41000000,10843.63000000,5700.49000000,5.08020000,False
2022-12-25 01:10:00,6893.67000000,11112.05000000,5712.97000000,3.33650000,False
2022-12-25 01:15:00,6860.80000000,11271.63000000,5712.85000000,2.55470000,False
2022-12-25 01:20:00,6791.65000000,11065.51000000,5712.73000000,2.72380000,False
2022-12-25 01:25:00,6746.55000000,11240.27000000,5661.68000000,2.65600000,False
2022-12-25 01:30:00,6774.20000000,11220.83000000,5718.65000000,2.66610000,False
2022-12-25 01:35:00,6772.24000000,11090.09000000,5768.33000000,2.37380000,False
2022-12-25 01:40:00,6761.44000000,11133.77000000,5817.93000000,2.47240000,False
2022-12-25 01:45:00,6775.76000000,11160.20000000,5819.32000000,2.49860000,False
2022-12-25 01:50:00,6751.22000000,11094.02000000,5867.86000000,2.47860000,False
2022-12-25 01:55:00,6785.11000000,11264.92000000,5868.12000000,2.56440000,False
2022-12-25 02:00:00,6765.14000000,11180.27000000,5868.34000000,2.37140000,False
2022-12-25 02:05:00,6627.39000000,11041.27000000,5891.29000000,1.75010000,False
2022-12-25 02:10:00,6452.82000000,10769.50000000,5905.62000000,3.57290000,False
2022-12-25 02:15:00,6381.55000000,10438.79000000,5917.94000000,1.95240000,False
2022-12-25 02:20:00,6273.02000000,10110.84000000,5930.05000000,8.06710000,False
2022-12-25 02:25:00,6313.93000000,10173.46000000,5929.93000000,9.65040000,False
2022-12-25 02:30:00,6454.99000000,10451.43000000,5930.15000000,5.09800000,False
2022-12-25 02:35:00,6509.84000000,10576.25000000,5927.76000000,4.80600000,False
2022-12-25 02:40:00,6410.73000000,10575.87000000,5928.77000000,4.77640000,False
2022-12-25 02:45:00,6404.46000000,10554.97000000,5780.68000000,5.07820000,False
2022-12-25 02:50:00,6419.89000000,10624.18000000,5778.04000000,4.87290000,False
2022-12-25 02:55:00,6386.24000000,10631.45000000,5780.79000000,4.83090000,False
2022-12-25 03:00:00,6399.83000000,10755.97000000,5780.81000000,5.25110000,False
2022-12-25 03:05:00,6459.37000000,10891.70000000,5806.78000000,3.92360000,False
2022-12-25 03:10:00,6431.44000000,10755.08000000,5820.01000000,4.76870000,False
2022-12-25 03:15:00,6470.65000000,11000.09000000,5400.01000000,4.55370000,False
2022-12-25 03:20:00,6453.74000000,10925.51000000,5400.12000000,8.39300000,False
2022-12-25 03:25:00,6436.86000000,10942.26000000,5400.11000000,7.87690000,False
2022-12-25 03:30:00,6475.27000000,11033.85000000,5400.19000000,4.60510000,False
2022-12-25 03:35:00,6506.97000000,11170.43000000,5400.25000000,4.39650000,False
2022-12-25 03:40:00,6387.53000000,11034.96000000,5400.25000000,4.90140000,False
2022-12-25 03:45:00,6432.61000000,11053.83000000,5400.22000000,5.19100000,False
2022-12-25 03:50:00,6393.89000000,11088.77000000,5400.26000000,4.90680000,False
2022-12-25 03:55:00,6485.66000000,11218.06000000,5400.11000000,5.04980000,False
2022-12-25 04:00:00,6473.61000000,11234.94000000,5385.18000000,4.42900000,False
2022-12-25 04:05:00,6512.87000000,11204.93000000,5328.14000000,4.52340000,False
2022-12-25 04:10:00,6348.01000000,11020.13000000,5378.00000000,6.77790000,False
2022-12-25 04:15:00,6262.51000000,10865.33000000,5378.02000000,10.13140000,False
2022-12-25 04:20:00,6314.66000000,11175.11000000,5151.91000000,7.89220000,False
2022-12-25 04:25:00,6236.71000000,11071.14000000,5151.92000000,9.13230000,False
2022-12-25 04:30:00,6198.42000000,10951.72000000,5102.19000000,8.54960000,False
2022-12-25 04:35:00,6160.97000000,10764.14000000,5102.25000000,8.58190000,False
2022-12-25 04:40:00,6167.73000000,10783.73000000,5102.17000000,8.64380000,False
2022-12-25 04:45:00,6175.39000000,10736.32000000,5112.21000000,9.29830000,False
2022-12-25 04:50:00,6143.80000000,10656.81000000,5112.20000000,9.79140000,False
2022-12-25 04:55:00,6092.04000000,10435.26000000,5112.08000000,3.77720000,False
2022-12-25 05:00:00,6182.07000000,10421.08000000,5133.66000000,4.73370000,False
2022-12-25 05:05:00,6216.08000000,10173.82000000,5098.77000000,5.61340000,False
2022-12-25 05:10:00,6211.03000000,10032.01000000,5086.55000000,1.31720000,False
2022-12-25 05:15:00,6189.44000000,10068.42000000,4931.14000000,2.14060000,False
2022-12-25 05:20:00,6186.02000000,9936.42000000,4930.99000000,5.35320000,False
2022-12-25 05:25:00,6109.14000000,9769.08000000,4930.98000000,6.67260000,False
2022-12-25 05:30:00,6059.37000000,9744.26000000,4884.10000000,6.60190000,False
2022-12-25 05:35:00,5983.97000000,9385.09000000,4884.09000000,2.28130000,False
2022-12-25 05:40:00,5911.17000000,9362.76000000,4840.52000000,2.51270000,False
2022-12-25 05:45:00,5875.30000000,9419.84000000,4841.08000000,5.53720000,False
2022-12-25 05:50:00,5829.72000000,9321.64000000,4736.51000000,5.26040000,False
2022-12-25 05:55:00,5826.87000000,9245.53000000,4592.47000000,5.34460000,False
2022-12-25 06:00:00,5940.43000000,9245.39000000,4608.70000000,6.18640000,False
2022-12-25 06:05:00,5740.55000000,9023.40000000,4617.93000000,0.74300000,False
2022-12-25 06:10:00,5734.72000000,9094.48000000,4436.03000000,1.30040000,False
2022-12-25 06:15:00,5606.61000000,8994.38000000,4423.02000000,0.00060000,False
2022-12-25 06:20:00,5691.08000000,9085.29000000,4185.90000000,0.28010000,False
2022-12-25 06:25:00,5715.89000000,8963.68000000,4197.51000000,0.34370000,False
2022-12-25 06:30:00,5639.15000000,8691.97000000,4210.07000000,0.31160000,False
2022-12-25 06:35:00,5518.76000000,8727.69000000,4039.27000000,0.88930000,False
2022-12-25 06:40:00,5509.12000000,8529.83000000,3993.47000000,1.22760000,False
2022-12-25 06:45:00,5543.33000000,8335.48000000,3994.29000000,1.43350000,False
2022-12-25 06:50:00,5515.70000000,8166.01000000,3994.27000000,1.70940000,False
2022-12-25 06:55:00,5453.73000000,7935.79000000,4048.74000000,0.65940000,False
2022-12-25 07:00:00,5296.02000000,7786.82000000,4118.59000000,0.00000000,False
2022-12-25 07:05:00,5265.47000000,7324.48000000,4010.66000000,2.29990000,False
2022-12-25 07:10:00,5238.05000000,7268.75000000,3977.52000000,1.94760000,False
2022-12-25 07:15:00,5132.54000000,7147.45000000,3977.52000000,2.15010000,False
2022-12-25 07:20:00,5165.89000000,7197.34000000,3977.52000000,3.86370000,False
2022-12-25 07:25:00,5197.08000000,7182.67000000,3928.02000000,4.09750000,False
2022-12-25 07:30:00,5119.34000000,6964.85000000,3976.02000000,4.53870000,False
2022-12-25 07:35:00,5157.73000000,6877.93000000,3931.02000000,7.24370000,False
2022-12-25 07:40:00,5138.79000000,7011.88000000,3931.02000000,7.75630000,False
2022-12-25 07:45:00,5269.22000000,7174.88000000,3931.02000000,2.67130000,False
2022-12-25 07:50:00,5241.13000000,7326.65000000,3931.02000000,1.40030000,False
2022-12-25 07:55:00,5335.76000000,7802.58000000,3884.02000000,2.45160000,False
2022-12-25 08:00:00,5572.00000000,8324.22000000,3881.68000000,7.23750000,False
2022-12-25 08:05:00,5875.76000000,8819.60000000,3874.32000000,10.37800000,False
2022-12-25 08:10:00,5933.79000000,9030.36000000,3875.32000000,14.19270000,False
2022-12-25 08:15:00,6093.42000000,9371.19000000,3876.52000000,15.54220000,False
2022-12-25 08:20:00,6353.59000000,10066.21000000,3876.52000000,15.47070000,False
2022-12-25 08:25:00,6407.51000000,10192.93000000,4064.22000000,14.21760000,False
2022-12-25 08:30:00,6575.73000000,10967.32000000,4153.39000000,12.57600000,False
2022-12-25 08:35:00,6613.79000000,11103.31000000,4340.87000000,7.22330000,False
2022-12-25 08:40:00,6862.24000000,11699.53000000,4556.43000000,3.42270000,False
2022-12-25 08:45:00,7131.92000000,12337.46000000,4529.55000000,4.03290000,False
2022-12-25 08:50:00,7427.66000000,13008.54000000,4498.03000000,6.63780000,False
2022-12-25 08:55:00,7667.66000000,13600.77000000,4501.00000000,8.05850000,False
2022-12-25 09:00:00,7843.63000000,13859.72000000,4551.23000000,6.68020000,False
2022-12-25 09:05:00,7876.03000000,13767.92000000,4780.15000000,5.81480000,False
2022-12-25 09:10:00,7903.24000000,13929.39000000,4781.16000000,6.79380000,False
2022-12-25 09:15:00,8085.07000000,14339.09000000,5259.56000000,6.45740000,False
2022-12-25 09:20:00,8441.97000000,14958.42000000,5266.88000000,4.70560000,False
2022-12-25 09:25:00,8548.77000000,15139.90000000,5640.62000000,4.26630000,False
2022-12-25 09:30:00,8457.87000000,15301.06000000,5669.04000000,3.56790000,False
2022-12-25 09:35:00,8495.19000000,15243.33000000,6006.52000000,2.75840000,False
2022-12-25 09:40:00,8601.98000000,15484.99000000,6063.58000000,2.40920000,False
2022-12-25 09:45:00,8652.50000000,15595.08000000,6263.57000000,2.22550000,False
2022-12-25 09:50:00,8639.16000000,15617.08000000,6416.73000000,2.01680000,False
2022-12-25 09:55:00,8696.25000000,15849.34000000,6617.27000000,1.58710000,False
2022-12-25 10:00:00,8703.06000000,15820.96000000,6563.86000000,1.68930000,False
2022-12-25 10:05:00,8677.07000000,15922.65000000,6696.90000000,1.67700000,False
2022-12-25 10:10:00,8668.77000000,16068.51000000,6696.93000000,1.93620000,False
2022-12-25 10:15:00,8765.39000000,16316.65000000,6741.85000000,2.29450000,False
2022-12-25 10:20:00,8706.99000000,16391.45000000,6741.85000000,2.31590000,False
2022-12-25 10:25:00,8824.72000000,16748.28000000,6742.04000000,2.38520000,False
2022-12-25 10:30:00,8946.18000000,17023.62000000,6695.08000000,2.18000000,False
2022-12-25 10:35:00,8983.66000000,17093.85000000,6694.80000000,1.95190000,False
2022-12-25 10:40:00,9219.98000000,17633.28000000,6649.80000000,4.01750000,False
2022-12-25 10:45:00,9096.50000000,17455.29000000,6649.79000000,3.96630000,False
2022-12-25 10:50:00,9108.58000000,17826.10000000,6649.78000000,3.87210000,False
2022-12-25 10:55:00,9376.84000000,18292.83000000,6745.97000000,3.78880000,False
2022-12-25 11:00:00,9509.25000000,18322.35000000,6847.37000000,3.83960000,False
2022-12-25 11:05:00,9334.71000000,18288.42000000,6845.79000000,3.71210000,False
2022-12-25 11:10:00,9599.45000000,18756.36000000,6845.87000000,3.14800000,False
2022-12-25 11:15:00,9802.70000000,19171.64000000,6857.76000000,1.92170000,False
2022-12-25 11:20:00,9839.64000000,19542.27000000,6857.73000000,1.84320000,False
2022-12-25 11:25:00,10134.23000000,19860.06000000,6858.02000000,2.06170000,False
2022-12-25 11:30:00,10425.69000000,20324.39000000,6857.94000000,2.11010000,False
2022-12-25 11:35:00,10414.18000000,20762.44000000,6857.90000000,2.12160000,False
2022-12-25 11:40:00,10440.17000000,20957.95000000,6857.88000000,2.19630000,False
2022-12-25 11:45:00,10648.63000000,21563.13000000,6857.92000000,20.18310000,False
2022-12-25 11:50:00,10808.02000000,21900.76000000,6857.92000000,20.59390000,False
2022-12-25 11:55:00,11032.80000000,22213.30000000,6858.03000000,19.55260000,False
2022-12-25 12:00:00,10719.67000000,22885.92000000,6845.51000000,0.00000000,False
2022-12-25 12:05:00,10601.50000000,23136.83000000,6788.49000000,0.00000000,False
2022-12-25 12:10:00,10564.00000000,22943.68000000,6883.53000000,0.00000000,False
2022-12-25 12:15:00,10593.99000000,23329.16000000,7105.44000000,0.00000000,False
2022-12-25 12:20:00,10663.07000000,23768.30000000,7105.44000000,0.00000000,False
2022-12-25 12:25:00,10905.20000000,24177.69000000,7105.51000000,0.00000000,False
2022-12-25 12:30:00,10944.69000000,24432.91000000,7105.50000000,0.00000000,False
2022-12-25 12:35:00,10920.63000000,24686.24000000,7103.52000000,0.00000000,False
2022-12-25 12:40:00,10871.16000000,24642.07000000,7105.51000000,0.00000000,False
2022-12-25 12:45:00,11075.46000000,25497.43000000,7104.38000000,0.00000000,False
2022-12-25 12:50:00,10969.11000000,25181.46000000,7103.40000000,0.00000000,False
2022-12-25 12:55:00,11127.53000000,25492.12000000,7105.52000000,0.00000000,False
2022-12-25 13:00:00,11148.44000000,25533.04000000,7130.05000000,0.00000000,False
2022-12-25 13:05:00,11199.57000000,25984.04000000,7130.08000000,0.00000000,False
2022-12-25 13:10:00,11112.65000000,25834.85000000,7125.59000000,0.00000000,False
2022-12-25 13:15:00,11130.51000000,26078.41000000,7125.52000000,0.00000000,False
2022-12-25 13:20:00,11120.62000000,26285.23000000,7125.53000000,0.00000000,False
2022-12-25 13:25:00,11067.32000000,26318.70000000,7125.64000000,0.00000000,False
2022-12-25 13:30:00,11192.56000000,26614.95000000,7128.52000000,0.00000000,False
2022-12-25 13:35:00,11181.63000000,26827.76000000,7127.59000000,0.00000000,False
2022-12-25 13:40:00,11172.68000000,26774.66000000,7126.58000000,0.00000000,False
2022-12-25 13:45:00,11224.88000000,26996.94000000,7124.42000000,0.00000000,False
2022-12-25 13:50:00,11225.78000000,27216.84000000,7125.42000000,0.00000000,False
2022-12-25 13:55:00,11297.91000000,27562.68000000,7124.54000000,0.00000000,False
2022-12-25 14:00:00,11380.60000000,27232.25000000,7383.99000000,0.00000000,False
2022-12-25 14:05:00,11381.98000000,27474.37000000,7384.27000000,0.00000000,False
2022-12-25 14:10:00,11362.05000000,27421.30000000,7386.29000000,0.00000000,False
2022-12-25 14:15:00,11416.11000000,27409.79000000,7391.33000000,0.00000000,False
2022-12-25 14:20:00,11374.81000000,27439.77000000,7393.24000000,0.00000000,False
2022-12-25 14:25:00,11273.83000000,27260.38000000,7393.28000000,0.00000000,False
2022-12-25 14:30:00,11324.76000000,27643.54000000,7084.04000000,0.00000000,False
2022-12-25 14:35:00,11352.92000000,27858.93000000,7086.10000000,0.00000000,False
2022-12-25 14:40:00,11382.32000000,28152.70000000,7084.08000000,0.00000000,False
2022-12-25 14:45:00,11382.89000000,28404.46000000,7084.07000000,0.00000000,False
2022-12-25 14:50:00,11377.66000000,28197.79000000,7083.99000000,0.00000000,False
2022-12-25 14:55:00,11389.46000000,28102.00000000,7086.09000000,0.00000000,False
2022-12-25 15:00:00,11533.86000000,28710.04000000,7080.67000000,0.00000000,False
2022-12-25 15:05:00,11543.21000000,29031.30000000,7098.72000000,0.00000000,False
2022-12-25 15:10:00,11651.24000000,29312.07000000,7098.71000000,0.00000000,False
2022-12-25 15:15:00,11644.12000000,29558.38000000,6956.38000000,0.00000000,False
2022-12-25 15:20:00,11590.71000000,29498.33000000,6955.37000000,0.00000000,False
2022-12-25 15:25:00,11737.83000000,29818.42000000,6956.66000000,0.00000000,False
2022-12-25 15:30:00,11766.47000000,29819.58000000,6953.68000000,0.00000000,False
2022-12-25 15:35:00,11655.83000000,29716.13000000,6953.71000000,0.00000000,False
2022-12-25 15:40:00,11729.02000000,29552.65000000,6952.69000000,0.00000000,False
2022-12-25 15:45:00,11687.84000000,29611.01000000,6952.55000000,0.00000000,False
2022-12-25 15:50:00,11670.81000000,29405.21000000,6953.44000000,0.00000000,False
2022-12-25 15:55:00,11594.08000000,29043.13000000,6951.59000000,0.00000000,False
2022-12-25 16:00:00,11569.45000000,28639.01000000,6943.16000000,0.00000000,False
2022-12-25 16:05:00,11435.64000000,28348.86000000,6942.87000000,0.00000000,False
2022-12-25 16:10:00,11377.76000000,27788.40000000,6939.96000000,0.00000000,False
2022-12-25 16:15:00,11198.53000000,27446.49000000,6938.80000000,0.00000000,False
2022-12-25 16:20:00,11140.18000000,27381.49000000,6940.86000000,0.00000000,False
2022-12-25 16:25:00,11100.83000000,26586.36000000,6940.95000000,0.00000000,False
2022-12-25 16:30:00,10891.54000000,25920.99000000,6939.87000000,0.00000000,False
2022-12-25 16:35:00,10840.94000000,25317.48000000,6940.83000000,0.00000000,False
2022-12-25 16:40:00,10752.97000000,24877.63000000,6940.88000000,0.00000000,False
2022-12-25 16:45:00,10722.11000000,24756.10000000,6940.85000000,0.00000000,False
2022-12-25 16:50:00,10558.39000000,23998.42000000,6940.88000000,0.00000000,False
2022-12-25 16:55:00,10533.11000000,23489.32000000,6942.93000000,0.00000000,False
2022-12-25 17:00:00,10271.70000000,22661.59000000,7255.70000000,0.00000000,False
2022-12-25 17:05:00,10172.54000000,22029.78000000,7083.01000000,0.00000000,False
2022-12-25 17:10:00,9894.18000000,21676.90000000,7084.96000000,0.00000000,False
2022-12-25 17:15:00,9550.96000000,20718.68000000,7084.89000000,0.00000000,False
2022-12-25 17:20:00,9394.94000000,20430.96000000,6964.93000000,0.00000000,False
2022-12-25 17:25:00,9244.09000000,20068.66000000,6964.98000000,0.00000000,False
2022-12-25 17:30:00,9429.94000000,20018.75000000,6964.94000000,0.00000000,False
2022-12-25 17:35:00,9207.15000000,19631.57000000,6964.92000000,0.00000000,False
2022-12-25 17:40:00,9195.48000000,19268.79000000,6964.97000000,0.00000000,False
2022-12-25 17:45:00,9144.17000000,19124.74000000,6965.85000000,0.00000000,False
2022-12-25 17:50:00,9320.80000000,18994.14000000,6965.79000000,0.00000000,False
2022-12-25 17:55:00,9263.43000000,19100.88000000,6985.41000000,0.00000000,False
2022-12-25 18:00:00,9336.25000000,19203.22000000,7158.21000000,0.00000000,False
2022-12-25 18:05:00,9472.59000000,19640.63000000,7091.69000000,0.00000000,False
2022-12-25 18:10:00,9404.76000000,20116.50000000,7091.74000000,0.00000000,False
2022-12-25 18:15:00,9443.28000000,20473.86000000,7091.56000000,0.00000000,False
2022-12-25 18:20:00,9433.78000000,20664.37000000,7096.54000000,0.00000000,False
2022-12-25 18:25:00,9433.32000000,20937.83000000,7096.63000000,0.00000000,False
2022-12-25 18:30:00,9439.08000000,21304.37000000,7094.58000000,0.00000000,False
2022-12-25 18:35:00,9533.03000000,21516.45000000,7093.64000000,0.00000000,False
2022-12-25 18:40:00,9689.87000000,21655.50000000,7094.69000000,0.00000000,False
2022-12-25 18:45:00,9755.81000000,21803.86000000,7093.59000000,0.00000000,False
2022-12-25 18:50:00,9791.95000000,21885.78000000,7094.54000000,0.00000000,False
2022-12-25 18:55:00,9833.48000000,21898.03000000,7094.64000000,0.00000000,False
2022-12-25 19:00:00,9853.06000000,22024.62000000,7077.39000000,0.00000000,False
2022-12-25 19:05:00,9858.79000000,22095.65000000,7083.01000000,0.00000000,False
2022-12-25 19:10:00,9825.50000000,21969.75000000,7083.03000000,0.00000000,False
2022-12-25 19:15:00,9887.52000000,22005.39000000,7083.05000000,0.00000000,False
2022-12-25 19:20:00,9869.56000000,21962.60000000,7083.08000000,0.00000000,False
2022-12-25 19:25:00,9811.66000000,21972.29000000,7083.15000000,0.00000000,False
2022-12-25 19:30:00,9900.64000000,22309.19000000,7083.00000000,0.00000000,False
2022-12-25 19:35:00,9971.65000000,22552.48000000,7033.12000000,0.00000000,False
2022-12-25 19:40:00,9969.14000000,22693.21000000,7033.08000000,0.00000000,False
2022-12-25 19:45:00,10010.38000000,22739.18000000,7033.20000000,0.00000000,False
2022-12-25 19:50:00,9987.99000000,22783.61000000,7052.18000000,0.00000000,False
2022-12-25 19:55:00,9989.37000000,22516.66000000,7052.19000000,0.00000000,False
2022-12-25 20:00:00,9992.86000000,22380.13000000,7155.01000000,0.00000000,False
2022-12-25 20:05:00,9878.50000000,22271.27000000,7152.45000000,0.00000000,False
2022-12-25 20:10:00,9889.78000000,22317.84000000,7202.37000000,0.00000000,False
2022-12-25 20:15:00,9858.82000000,22283.58000000,7202.24000000,0.00000000,False
2022-12-25 20:20:00,9799.34000000,22381.59000000,7202.41000000,0.00000000,False
2022-12-25 20:25:00,9818.39000000,22300.58000000,7202.45000000,0.00000000,False
2022-12-25 20:30:00,9916.31000000,22185.19000000,7202.49000000,0.00000000,False
2022-12-25 20:35:00,9768.86000000,22091.58000000,7202.46000000,0.00000000,False
2022-12-25 20:40:00,9710.96000000,21859.97000000,7197.50000000,0.00000000,False
2022-12-25 20:45:00,9785.43000000,21726.25000000,7197.37000000,0.00000000,False
2022-12-25 20:50:00,9872.31000000,21913.13000000,7197.56000000,0.00000000,False
2022-12-25 20:55:00,9995.38000000,22238.01000000,7197.43000000,0.00000000,False
2022-12-25 21:00:00,9959.14000000,22195.91000000,7278.35000000,0.00000000,False
2022-12-25 21:05:00,9702.23000000,22167.29000000,7278.17000000,0.00000000,False
2022-12-25 21:10:00,9726.95000000,21794.86000000,7278.13000000,0.00000000,False
2022-12-25 21:15:00,9769.89000000,21735.57000000,7278.14000000,0.00000000,False
2022-12-25 21:20:00,9683.96000000,21402.99000000,7278.18000000,0.00000000,False
2022-12-25 21:25:00,9719.02000000,21439.54000000,7278.35000000,0.00000000,False
2022-12-25 21:30:00,9607.49000000,21226.29000000,7278.15000000,0.00000000,False
2022-12-25 21:35:00,9721.66000000,21477.73000000,7278.35000000,0.00000000,False
2022-12-25 21:40:00,9672.04000000,21542.45000000,7217.22000000,0.00000000,False
2022-12-25 21:45:00,9703.47000000,21833.48000000,7217.25000000,0.00000000,False
2022-12-25 21:50:00,9701.68000000,21786.93000000,7217.25000000,0.00000000,False
2022-12-25 21:55:00,9665.24000000,21820.26000000,7217.26000000,0.00000000,False
2022-12-25 22:00:00,9731.36000000,21764.88000000,7220.31000000,0.00000000,False
2022-12-25 22:05:00,9785.02000000,21964.17000000,7216.27000000,0.00000000,False
2022-12-25 22:10:00,9676.20000000,21716.38000000,7270.29000000,0.00000000,False
2022-12-25 22:15:00,9693.27000000,21683.71000000,7270.21000000,0.00000000,False
2022-12-25 22:20:00,9672.69000000,21485.26000000,7270.33000000,0.00000000,False
2022-12-25 22:25:00,9717.98000000,21511.22000000,7270.30000000,0.00000000,False
2022-12-25 22:30:00,9740.99000000,21890.42000000,7270.24000000,0.00000000,False
2022-12-25 22:35:00,9818.19000000,21905.05000000,7270.28000000,0.00000000,False
2022-12-25 22:40:00,9755.92000000,21759.19000000,7270.27000000,0.00000000,False
2022-12-25 22:45:00,9781.27000000,21872.83000000,7270.17000000,0.00000000,False
2022-12-25 22:50:00,9789.79000000,22093.19000000,7270.22000000,0.00000000,False
2022-12-25 22:55:00,9835.23000000,22222.45000000,7270.21000000,0.00000000,False
2022-12-25 23:00:00,9871.82000000,22240.93000000,7137.05000000,0.00000000,False
2022-12-25 23:05:00,9826.74000000,22451.07000000,7090.75000000,0.00000000,False
2022-12-25 23:10:00,9939.59000000,22779.30000000,7146.93000000,0.00000000,False
2022-12-25 23:15:00,10126.19000000,22959.82000000,7146.94000000,0.00000000,False
2022-12-25 23:20:00,10117.72000000,22830.43000000,7147.08000000,0.00000000,False
2022-12-25 23:25:00,10122.22000000,22747.98000000,7147.12000000,0.00000000,False
2022-12-25 23:30:00,10199.33000000,23012.63000000,7147.03000000,0.00000000,False
2022-12-25 23:35:00,10173.43000000,22900.61000000,7147.10000000,0.00000000,False
2022-12-25 23:40:00,10229.01000000,22903.82000000,7146.88000000,0.00000000,False
2022-12-25 23:45:00,10315.21000000,23079.49000000,7146.17000000,0.00000000,False
2022-12-25 23:50:00,10223.87000000,22743.20000000,7146.16000000,0.00000000,False
2022-12-25 23:55:00,10167.59000000,22417.65000000,7090.32000000,0.00000000,False
2022-12-26 00:00:00,9826.86000000,21391.55000000,6923.29000000,0.00000000,False
2022-12-26 00:05:00,9779.09000000,21446.25000000,6921.92000000,0.00000000,False
2022-12-26 00:10:00,9667.93000000,21223.13000000,6921.93000000,0.00000000,False
2022-12-26 00:15:00,9653.09000000,21083.81000000,6921.85000000,0.00000000,False
2022-12-26 00:20:00,9436.97000000,20678.41000000,6921.76000000,0.00000000,False
2022-12-26 00:25:00,9398.95000000,20552.18000000,6921.87000000,0.00000000,False
2022-12-26 00:30:00,9409.59000000,20584.74000000,6828.85000000,0.00000000,False
2022-12-26 00:35:00,9327.82000000,20681.56000000,6828.89000000,0.00000000,False
2022-12-26 00:40:00,9308.93000000,20683.15000000,6928.73000000,0.00000000,False
2022-12-26 00:45:00,9289.65000000,20710.36000000,6928.83000000,0.00000000,False
2022-12-26 00:50:00,9239.87000000,20632.31000000,6929.36000000,0.00000000,False
2022-12-26 00:55:00,9217.40000000,20526.46000000,6929.31000000,0.00000000,False
2022-12-26 01:00:00,9100.43000000,20184.09000000,6942.71000000,0.00000000,False
2022-12-26 01:05:00,9177.44000000,20203.27000000,6942.73000000,0.00000000,False
2022-12-26 01:10:00,9184.97000000,20263.87000000,6942.65000000,0.00000000,False
2022-12-26 01:15:00,9172.43000000,20247.65000000,6942.56000000,0.00000000,False
2022-12-26 01:20:00,9094.27000000,20155.35000000,6942.61000000,0.00000000,False
2022-12-26 01:25:00,9117.83000000,20047.19000000,6942.57000000,0.00000000,False
2022-12-26 01:30:00,9125.17000000,20022.07000000,6942.66000000,0.00000000,False
2022-12-26 01:35:00,9121.17000000,20049.13000000,6931.74000000,0.00000000,False
2022-12-26 01:40:00,9089.64000000,19913.53000000,6931.49000000,0.00000000,False
2022-12-26 01:45:00,8994.49000000,19599.57000000,6931.49000000,0.00000000,False
2022-12-26 01:50:00,8885.50000000,19418.48000000,6931.64000000,0.00000000,False
2022-12-26 01:55:00,8932.14000000,19396.75000000,6931.61000000,0.00000000,False
2022-12-26 02:00:00,8813.70000000,19262.52000000,6881.59000000,0.00000000,False
2022-12-26 02:05:00,8742.17000000,18881.66000000,6856.49000000,0.00000000,False
2022-12-26 02:10:00,8670.88000000,18512.49000000,6856.37000000,0.00000000,False
2022-12-26 02:15:00,8668.71000000,18266.62000000,6856.32000000,0.00000000,False
2022-12-26 02:20:00,8606.17000000,17901.14000000,6856.30000000,0.00000000,False
2022-12-26 02:25:00,8613.12000000,17735.21000000,6856.40000000,0.00000000,False
2022-12-26 02:30:00,8571.50000000,17650.48000000,6856.69000000,0.00000000,False
2022-12-26 02:35:00,8466.90000000,17377.34000000,6856.70000000,0.00000000,False
2022-12-26 02:40:00,8229.79000000,17069.00000000,6856.56000000,0.00000000,False
2022-12-26 02:45:00,8116.75000000,16829.95000000,6856.43000000,0.00000000,False
2022-12-26 02:50:00,8034.21000000,16516.74000000,6856.48000000,0.00000000,False
2022-12-26 02:55:00,7993.29000000,16350.21000000,6856.49000000,0.00000000,False
2022-12-26 03:00:00,7997.96000000,16029.40000000,6911.80000000,0.00000000,False
2022-12-26 03:05:00,7769.75000000,15682.84000000,6909.14000000,0.00000000,False
2022-12-26 03:10:00,7632.96000000,15468.34000000,6909.26000000,0.00000000,False
2022-12-26 03:15:00,7575.38000000,15246.90000000,6909.11000000,0.00000000,False
2022-12-26 03:20:00,7488.64000000,15009.90000000,6908.90000000,0.00000000,False
2022-12-26 03:25:00,7325.66000000,14766.22000000,6909.03000000,0.00000000,False
2022-12-26 03:30:00,7327.60000000,14736.94000000,6859.10000000,0.00000000,False
2022-12-26 03:35:00,7418.57000000,14605.16000000,6858.99000000,0.00000000,False
2022-12-26 03:40:00,7409.27000000,14717.09000000,6858.94000000,0.00000000,False
2022-12-26 03:45:00,7355.73000000,14725.39000000,6858.24000000,0.00000000,False
2022-12-26 03:50:00,7354.23000000,14846.20000000,6783.34000000,0.00000000,False
2022-12-26 03:55:00,7262.05000000,14698.72000000,6783.36000000,0.00000000,False
2022-12-26 04:00:00,7180.96000000,14575.58000000,6601.73000000,0.00000000,False
2022-12-26 04:05:00,7056.73000000,14250.25000000,6524.07000000,0.00000000,False
2022-12-26 04:10:00,6906.38000000,14202.19000000,6524.18000000,0.00000000,False
2022-12-26 04:15:00,6786.52000000,14126.21000000,6524.03000000,0.00000000,False
2022-12-26 04:20:00,6830.06000000,13880.08000000,6524.00000000,0.00000000,False
2022-12-26 04:25:00,6850.19000000,13905.57000000,6476.08000000,0.00000000,False
2022-12-26 04:30:00,6712.93000000,13588.27000000,6458.06000000,0.00000000,False
2022-12-26 04:35:00,6773.22000000,13814.27000000,6410.03000000,0.00000000,False
2022-12-26 04:40:00,6648.36000000,13307.36000000,6409.97000000,0.00000000,False
2022-12-26 04:45:00,6702.38000000,13227.31000000,6409.95000000,0.00000000,False
2022-12-26 04:50:00,6671.92000000,13184.72000000,6410.06000000,0.00000000,False
2022-12-26 04:55:00,6512.96000000,12958.44000000,6409.94000000,0.00000000,False
2022-12-26 05:00:00,6529.89000000,12732.32000000,6503.52000000,0.00000000,False
2022-12-26 05:05:00,6486.83000000,12256.38000000,6391.22000000,0.00000000,False
2022-12-26 05:10:00,6457.76000000,12170.06000000,6391.18000000,0.00000000,False
2022-12-26 05:15:00,6507.09000000,12401.19000000,6391.13000000,0.00000000,False
2022-12-26 05:20:00,6417.47000000,12161.37000000,6391.16000000,0.00000000,False
2022-12-26 05:25:00,6200.20000000,12294.37000000,6391.20000000,0.00000000,False
2022-12-26 05:30:00,6189.25000000,12217.66000000,6391.19000000,0.00000000,False
2022-12-26 05:35:00,6123.36000000,11854.63000000,6391.23000000,0.00000000,False
2022-12-26 05:40:00,6025.45000000,11586.25000000,6391.08000000,0.00000000,False
2022-12-26 05:45:00,6010.90000000,11523.71000000,6391.09000000,0.00000000,False
2022-12-26 05:50:00,5988.43000000,11388.95000000,6391.20000000,0.00000000,False
2022-12-26 05:55:00,5883.38000000,11396.01000000,6391.23000000,0.00000000,False
2022-12-26 06:00:00,5783.24000000,10909.69000000,6692.63000000,0.00000000,False
2022-12-26 06:05:00,5725.09000000,10570.83000000,6718.63000000,0.00000000,False
2022-12-26 06:10:00,5675.41000000,10514.25000000,6748.18000000,0.00000000,False
2022-12-26 06:15:00,5653.56000000,10403.80000000,6761.18000000,0.00000000,False
2022-12-26 06:20:00,5676.03000000,10536.14000000,6716.38000000,0.00000000,False
2022-12-26 06:25:00,5574.27000000,10485.34000000,6717.05000000,0.00000000,False
2022-12-26 06:30:00,5714.24000000,10725.50000000,6716.85000000,0.00000000,False
2022-12-26 06:35:00,5659.40000000,10628.81000000,6716.70000000,0.00000000,False
2022-12-26 06:40:00,5664.37000000,10606.79000000,6715.51000000,0.00000000,False
2022-12-26 06:45:00,5740.05000000,10834.59000000,6716.19000000,0.00000000,False
2022-12-26 06:50:00,5804.00000000,10973.92000000,6717.09000000,0.00000000,False
2022-12-26 06:55:00,5854.46000000,11049.51000000,6716.70000000,0.00000000,False
2022-12-26 07:00:00,5888.42000000,11381.13000000,6402.47000000,0.00000000,False
2022-12-26 07:05:00,5820.22000000,11388.30000000,6402.49000000,0.00000000,False
2022-12-26 07:10:00,5867.62000000,11529.62000000,6402.51000000,0.00000000,False
2022-12-26 07:15:00,5891.83000000,11608.86000000,6402.36000000,0.00000000,False
2022-12-26 07:20:00,5926.00000000,11683.16000000,6402.35000000,0.00000000,False
2022-12-26 07:25:00,5961.15000000,11740.67000000,6402.54000000,0.00000000,False
2022-12-26 07:30:00,6121.56000000,12137.43000000,6402.41000000,0.00000000,False
2022-12-26 07:35:00,6156.87000000,12405.36000000,6458.40000000,0.00000000,False
2022-12-26 07:40:00,6276.42000000,12728.16000000,6458.44000000,0.00000000,False
2022-12-26 07:45:00,6366.99000000,12965.68000000,6458.49000000,0.00000000,False
2022-12-26 07:50:00,6511.42000000,13306.51000000,6458.59000000,0.00000000,False
2022-12-26 07:55:00,6657.23000000,13688.50000000,6514.59000000,0.00000000,False
2022-12-26 08:00:00,6952.18000000,13920.52000000,6665.72000000,0.00000000,False
2022-12-26 08:05:00,7224.88000000,14471.99000000,6594.68000000,0.00000000,False
2022-12-26 08:10:00,7532.67000000,14998.97000000,6594.71000000,0.00000000,False
2022-12-26 08:15:00,7842.80000000,15631.07000000,6594.69000000,0.00000000,False
2022-12-26 08:20:00,8229.31000000,16287.84000000,6639.73000000,0.00000000,False
2022-12-26 08:25:00,8382.56000000,16785.70000000,6639.64000000,0.00000000,False
2022-12-26 08:30:00,8549.00000000,17230.85000000,6639.59000000,0.00000000,False
2022-12-26 08:35:00,8679.06000000,17840.20000000,6639.62000000,0.00000000,False
2022-12-26 08:40:00,8870.78000000,18475.89000000,6639.50000000,0.00000000,False
2022-12-26 08:45:00,9077.86000000,19259.56000000,6594.54000000,0.00000000,False
2022-12-26 08:50:00,9152.04000000,20098.58000000,6538.59000000,0.00000000,False
2022-12-26 08:55:00,9423.21000000,20761.55000000,6538.54000000,0.00000000,False
2022-12-26 09:00:00,9523.88000000,20844.53000000,6501.58000000,0.00000000,False
2022-12-26 09:05:00,9759.56000000,20969.73000000,6501.59000000,0.00000000,False
2022-12-26 09:10:00,9834.30000000,21286.30000000,6549.75000000,0.00000000,False
2022-12-26 09:15:00,9835.41000000,21653.97000000,6549.59000000,0.00000000,False
2022-12-26 09:20:00,9858.11000000,21609.89000000,6682.52000000,0.00000000,False
2022-12-26 09:25:00,9849.46000000,21472.36000000,6727.57000000,0.00000000,False
2022-12-26 09:30:00,9554.05000000,20976.75000000,6727.67000000,0.00000000,False
2022-12-26 09:35:00,9453.51000000,20992.69000000,6727.74000000,0.00000000,False
2022-12-26 09:40:00,9447.18000000,20971.52000000,6727.60000000,0.00000000,False
2022-12-26 09:45:00,9436.01000000,20949.88000000,6727.69000000,0.00000000,False
2022-12-26 09:50:00,9442.09000000,21096.40000000,6671.64000000,0.00000000,False
2022-12-26 09:55:00,9547.68000000,21449.44000000,6671.62000000,0.00000000,False
2022-12-26 10:00:00,9602.73000000,21405.45000000,6649.05000000,0.00000000,False
2022-12-26 10:05:00,9515.73000000,21371.36000000,6673.51000000,0.00000000,False
2022-12-26 10:10:00,9561.01000000,21615.89000000,6737.55000000,0.00000000,False
2022-12-26 10:15:00,9781.38000000,21959.61000000,6736.42000000,0.00000000,False
2022-12-26 10:20:00,9942.13000000,22617.29000000,6836.38000000,0.00000000,False
2022-12-26 10:25:00,10114.13000000,23031.76000000,6836.59000000,0.00000000,False
2022-12-26 10:30:00,10122.46000000,23325.46000000,6836.78000000,0.00000000,False
2022-12-26 10:35:00,10253.22000000,23727.45000000,6836.74000000,0.00000000,False
2022-12-26 10:40:00,10360.57000000,24045.01000000,6834.39000000,0.00000000,False
2022-12-26 10:45:00,10551.89000000,24807.96000000,6833.41000000,0.00000000,False
2022-12-26 10:50:00,10690.70000000,25462.05000000,6830.55000000,0.00000000,False
2022-12-26 10:55:00,10803.08000000,25894.38000000,6829.65000000,0.00000000,False
2022-12-26 11:00:00,10799.95000000,25747.86000000,6827.96000000,0.00000000,False
2022-12-26 11:05:00,10807.48000000,26158.03000000,6825.63000000,0.00000000,False
2022-12-26 11:10:00,10841.54000000,26486.04000000,6825.44000000,0.00000000,False
2022-12-26 11:15:00,10818.08000000,26672.08000000,6825.34000000,0.00000000,False
2022-12-26 11:20:00,10879.10000000,26925.76000000,6824.38000000,0.00000000,False
2022-12-26 11:25:00,10990.06000000,27238.96000000,6825.42000000,0.00000000,False
2022-12-26 11:30:00,11125.52000000,27926.76000000,6823.62000000,0.00000000,False
2022-12-26 11:35:00,11258.50000000,28160.93000000,6822.53000000,0.00000000,False
2022-12-26 11:40:00,11298.72000000,28621.76000000,6822.22000000,0.00000000,False
2022-12-26 11:45:00,11343.02000000,29009.49000000,6824.23000000,0.00000000,False
2022-12-26 11:50:00,11470.74000000,29388.17000000,6822.31000000,0.00000000,False
2022-12-26 11:55:00,11416.57000000,29357.79000000,6822.34000000,0.00000000,False
2022-12-26 12:00:00,11471.62000000,29329.31000000,6795.17000000,0.00000000,False
2022-12-26 12:05:00,11468.17000000,29942.69000000,6798.01000000,0.00000000,False
2022-12-26 12:10:00,11552.31000000,29872.55000000,6798.05000000,0.00000000,False
2022-12-26 12:15:00,11388.52000000,29873.98000000,6693.54000000,0.00000000,False
2022-12-26 12:20:00,11411.53000000,29994.15000000,6695.61000000,0.00000000,False
2022-12-26 12:25:00,11467.01000000,29715.64000000,6693.67000000,0.00000000,False
2022-12-26 12:30:00,11538.21000000,30187.25000000,6771.38000000,0.00000000,False
2022-12-26 12:35:00,11637.13000000,30803.99000000,6673.07000000,0.00000000,False
2022-12-26 12:40:00,11607.09000000,31158.66000000,6673.86000000,0.00000000,False
2022-12-26 12:45:00,11656.59000000,31083.59000000,6672.87000000,0.00000000,False
2022-12-26 12:50:00,11577.35000000,31126.33000000,6673.04000000,0.00000000,False
2022-12-26 12:55:00,11531.70000000,30828.13000000,6673.03000000,0.00000000,False
2022-12-26 13:00:00,11609.05000000,30872.36000000,6645.61000000,0.00000000,False
2022-12-26 13:05:00,11649.03000000,30992.77000000,6534.69000000,0.00000000,False
2022-12-26 13:10:00,11570.02000000,31196.44000000,6533.73000000,0.00000000,False
2022-12-26 13:15:00,11548.97000000,31023.78000000,6533.63000000,0.00000000,False
2022-12-26 13:20:00,11500.06000000,30913.91000000,6533.62000000,0.00000000,False
2022-12-26 13:25:00,11461.49000000,30816.63000000,6533.70000000,0.00000000,False
2022-12-26 13:30:00,11538.92000000,31191.04000000,6533.67000000,0.00000000,False
2022-12-26 13:35:00,11621.47000000,31092.61000000,6533.72000000,0.00000000,False
2022-12-26 13:40:00,11499.98000000,31309.86000000,6533.54000000,0.00000000,False
2022-12-26 13:45:00,11515.48000000,31309.28000000,6534.59000000,0.00000000,False
2022-12-26 13:50:00,11574.97000000,31424.01000000,6533.68000000,0.00000000,False
2022-12-26 13:55:00,11476.20000000,31117.47000000,6533.69000000,0.00000000,False
2022-12-26 14:00:00,11481.57000000,31028.26000000,6682.81000000,0.00000000,False
2022-12-26 14:05:00,11495.77000000,30790.46000000,6681.70000000,0.00000000,False
2022-12-26 14:10:00,11462.70000000,30696.62000000,6680.74000000,0.00000000,False
2022-12-26 14:15:00,11459.65000000,30780.43000000,6653.55000000,0.00000000,False
2022-12-26 14:20:00,11421.16000000,30846.06000000,6493.57000000,0.00000000,False
2022-12-26 14:25:00,11418.99000000,30831.67000000,6495.66000000,0.00000000,False
2022-12-26 14:30:00,11427.52000000,30757.43000000,6495.63000000,0.00000000,False
2022-12-26 14:35:00,11354.83000000,30512.56000000,6491.69000000,0.00000000,False
2022-12-26 14:40:00,11352.21000000,30219.95000000,6493.50000000,0.00000000,False
2022-12-26 14:45:00,11292.90000000,30232.99000000,6495.57000000,0.00000000,False
2022-12-26 14:50:00,11256.74000000,29773.32000000,6495.68000000,0.00000000,False
2022-12-26 14:55:00,11164.52000000,29576.04000000,6495.74000000,0.00000000,False
2022-12-26 15:00:00,11223.88000000,29625.35000000,6511.25000000,0.00000000,False
2022-12-26 15:05:00,11226.53000000,29206.97000000,6452.94000000,0.00000000,False
2022-12-26 15:10:00,11121.20000000,28915.36000000,6434.00000000,0.00000000,False
2022-12-26 15:15:00,11143.82000000,28606.26000000,6433.84000000,0.00000000,False
2022-12-26 15:20:00,11155.09000000,28839.22000000,6432.86000000,0.00000000,False
2022-12-26 15:25:00,11084.55000000,28570.11000000,6433.98000000,0.00000000,False
2022-12-26 15:30:00,11017.41000000,28251.83000000,6433.91000000,0.00000000,False
2022-12-26 15:35:00,10953.57000000,27914.13000000,6433.86000000,0.00000000,False
2022-12-26 15:40:00,10902.96000000,27569.86000000,6433.88000000,0.00000000,False
2022-12-26 15:45:00,10821.76000000,27070.69000000,6433.93000000,0.00000000,False
2022-12-26 15:50:00,10846.19000000,27056.53000000,6434.07000000,0.00000000,False
2022-12-26 15:55:00,10817.30000000,26940.94000000,6435.02000000,0.00000000,False
2022-12-26 16:00:00,10806.46000000,26650.20000000,6585.03000000,0.00000000,False
2022-12-26 16:05:00,10737.80000000,26486.66000000,6586.15000000,0.00000000,False
2022-12-26 16:10:00,10593.40000000,25653.80000000,6586.26000000,0.00000000,False
2022-12-26 16:15:00,10381.93000000,24931.90000000,6586.14000000,0.00000000,False
2022-12-26 16:20:00,10340.58000000,24638.92000000,6586.09000000,0.00000000,False
2022-12-26 16:25:00,10146.56000000,23691.87000000,6586.17000000,0.00000000,False
2022-12-26 16:30:00,10006.27000000,22963.10000000,6586.14000000,0.00000000,False
2022-12-26 16:35:00,9732.48000000,22060.08000000,6586.13000000,0.00000000,False
2022-12-26 16:40:00,9569.94000000,20893.41000000,6587.01000000,0.00000000,False
2022-12-26 16:45:00,9469.69000000,20695.31000000,6587.03000000,0.00000000,False
2022-12-26 16:50:00,9409.84000000,20711.04000000,6530.03000000,0.00000000,False
2022-12-26 16:55:00,9417.77000000,19951.34000000,6530.01000000,0.00000000,False
2022-12-26 17:00:00,9301.82000000,19019.63000000,6787.42000000,0.00000000,False
2022-12-26 17:05:00,9007.74000000,18312.04000000,6647.58000000,0.00000000,False
2022-12-26 17:10:00,8825.15000000,17546.67000000,6647.73000000,0.00000000,False
2022-12-26 17:15:00,8530.88000000,17096.43000000,6648.68000000,0.00000000,False
2022-12-26 17:20:00,8053.46000000,15977.10000000,6647.59000000,0.00000000,False
2022-12-26 17:25:00,7731.61000000,15239.10000000,6648.66000000,0.00000000,False
2022-12-26 17:30:00,7285.16000000,14472.89000000,6553.67000000,0.00000000,False
2022-12-26 17:35:00,7027.89000000,13868.28000000,6555.67000000,0.00000000,False
2022-12-26 17:40:00,7034.04000000,13370.78000000,6603.54000000,0.00000000,False
2022-12-26 17:45:00,6825.33000000,13051.13000000,6603.56000000,0.00000000,False
2022-12-26 17:50:00,6637.37000000,12821.61000000,6604.16000000,0.00000000,False
2022-12-26 17:55:00,6364.45000000,12472.53000000,6605.30000000,0.00000000,False
2022-12-26 18:00:00,6141.82000000,12401.71000000,6615.05000000,0.00000000,False
2022-12-26 18:05:00,6123.26000000,12379.35000000,6612.51000000,0.00000000,False
2022-12-26 18:10:00,5907.72000000,12235.98000000,6613.52000000,0.00000000,False
2022-12-26 18:15:00,5796.16000000,11984.26000000,6613.47000000,0.00000000,False
2022-12-26 18:20:00,5762.03000000,11792.92000000,6613.55000000,0.00000000,False
2022-12-26 18:25:00,5824.44000000,11837.37000000,6613.61000000,0.00000000,False
2022-12-26 18:30:00,5721.08000000,11824.90000000,6613.46000000,0.00000000,False
2022-12-26 18:35:00,5771.32000000,12006.88000000,6612.93000000,0.00000000,False
2022-12-26 18:40:00,5751.47000000,12098.89000000,6613.39000000,0.00000000,False
2022-12-26 18:45:00,5688.84000000,11990.45000000,6613.32000000,0.00000000,False
2022-12-26 18:50:00,5618.81000000,11730.17000000,6612.98000000,0.00000000,False
2022-12-26 18:55:00,5596.94000000,11723.77000000,6613.51000000,0.00000000,False
2022-12-26 19:00:00,5569.75000000,11727.94000000,6630.55000000,0.00000000,False
2022-12-26 19:05:00,5589.17000000,11698.47000000,6631.73000000,0.00000000,False
2022-12-26 19:10:00,5572.53000000,11897.98000000,6631.74000000,0.00000000,False
2022-12-26 19:15:00,5650.33000000,11878.58000000,6629.53000000,0.00000000,False
2022-12-26 19:20:00,5715.66000000,11956.15000000,6631.67000000,0.00000000,False
2022-12-26 19:25:00,5780.63000000,12122.34000000,6631.78000000,0.00000000,False
2022-12-26 19:30:00,5739.01000000,12038.27000000,6633.69000000,0.00000000,False
2022-12-26 19:35:00,5769.99000000,12089.20000000,6634.76000000,0.00000000,False
2022-12-26 19:40:00,5722.11000000,12004.26000000,6634.58000000,0.00000000,False
2022-12-26 19:45:00,5613.66000000,11740.00000000,6633.56000000,0.00000000,False
2022-12-26 19:50:00,5552.65000000,11827.91000000,6633.70000000,0.00000000,False
2022-12-26 19:55:00,5574.14000000,11808.84000000,6638.71000000,0.00000000,False
2022-12-26 20:00:00,5703.71000000,12097.14000000,6654.18000000,0.00000000,False
2022-12-26 20:05:00,5682.28000000,11979.08000000,6649.33000000,0.00000000,False
2022-12-26 20:10:00,5604.75000000,11990.18000000,6650.25000000,0.00000000,False
2022-12-26 20:15:00,5512.55000000,11708.72000000,6649.19000000,0.00000000,False
2022-12-26 20:20:00,5468.99000000,11443.47000000,6650.13000000,0.00000000,False
2022-12-26 20:25:00,5381.69000000,11386.99000000,6651.13000000,0.00000000,False
2022-12-26 20:30:00,5394.52000000,11227.65000000,6652.96000000,0.00000000,False
2022-12-26 20:35:00,5294.96000000,11024.30000000,6650.35000000,0.00000000,False
2022-12-26 20:40:00,5226.07000000,10939.56000000,6651.00000000,0.00000000,False
2022-12-26 20:45:00,5112.03000000,10546.62000000,6651.14000000,0.00000000,False
2022-12-26 20:50:00,5065.98000000,10413.70000000,6652.96000000,0.00000000,False
2022-12-26 20:55:00,5018.83000000,10432.14000000,6652.97000000,0.00000000,False
2022-12-26 21:00:00,4987.70000000,10532.16000000,6665.90000000,0.00000000,False
2022-12-26 21:05:00,4958.29000000,10599.35000000,6665.91000000,0.00000000,False
2022-12-26 21:10:00,4997.30000000,10553.95000000,6666.04000000,0.00000000,False
2022-12-26 21:15:00,4989.47000000,10409.70000000,6664.48000000,0.00000000,False
2022-12-26 21:20:00,5035.69000000,10697.91000000,6665.91000000,0.00000000,False
2022-12-26 21:25:00,5029.40000000,10543.57000000,6667.05000000,0.00000000,False
2022-12-26 21:30:00,5033.06000000,10609.18000000,6666.03000000,0.00000000,False
2022-12-26 21:35:00,5034.46000000,10519.46000000,6662.05000000,0.00000000,False
2022-12-26 21:40:00,5054.67000000,10477.18000000,6663.61000000,0.00000000,False
2022-12-26 21:45:00,5084.34000000,10346.74000000,6667.97000000,0.00000000,False
2022-12-26 21:50:00,5068.12000000,10441.40000000,6662.05000000,0.00000000,False
2022-12-26 21:55:00,4953.19000000,10567.55000000,6662.03000000,0.00000000,False
2022-12-26 22:00:00,4849.17000000,10478.18000000,6493.03000000,0.00000000,False
2022-12-26 22:05:00,4934.43000000,10499.49000000,6594.07000000,0.00000000,False
2022-12-26 22:10:00,4940.29000000,10361.01000000,6594.31000000,0.00000000,False
2022-12-26 22:15:00,5150.96000000,10491.53000000,6594.22000000,0.00000000,False
2022-12-26 22:20:00,5037.80000000,10419.39000000,6594.23000000,0.00000000,False
2022-12-26 22:25:00,5138.08000000,10582.27000000,6594.60000000,0.00000000,False
2022-12-26 22:30:00,5246.59000000,10720.05000000,6594.52000000,0.00000000,False
2022-12-26 22:35:00,5589.01000000,11032.48000000,6593.17000000,0.00000000,False
2022-12-26 22:40:00,5520.88000000,11082.17000000,6594.13000000,0.00000000,False
2022-12-26 22:45:00,5575.64000000,11002.72000000,6594.15000000,0.00000000,False
2022-12-26 22:50:00,5493.80000000,11019.14000000,6595.44000000,0.00000000,False
2022-12-26 22:55:00,5354.62000000,10596.77000000,6594.48000000,0.00000000,False
2022-12-26 23:00:00,5335.15000000,10481.95000000,6661.56000000,0.00000000,False
2022-12-26 23:05:00,5295.68000000,10483.20000000,6684.15000000,0.00000000,False
2022-12-26 23:10:00,5325.18000000,10681.72000000,6691.68000000,0.00000000,False
2022-12-26 23:15:00,5342.59000000,10563.02000000,6691.06000000,0.00000000,False
2022-12-26 23:20:00,5277.95000000,10493.49000000,6691.06000000,0.00000000,False
2022-12-26 23:25:00,5293.02000000,10365.95000000,6717.56000000,0.00000000,False
2022-12-26 23:30:00,5365.25000000,10551.99000000,6740.81000000,0.00000000,False
2022-12-26 23:35:00,5322.76000000,10497.47000000,6742.77000000,0.00000000,False
2022-12-26 23:40:00,5264.19000000,10409.05000000,6742.59000000,0.00000000,False
2022-12-26 23:45:00,5336.33000000,10510.58000000,6743.51000000,0.00000000,False
2022-12-26 23:50:00,5323.11000000,10608.28000000,6744.61000000,0.00000000,False
2022-12-26 23:55:00,5425.15000000,10671.24000000,6744.81000000,0.00000000,False
2022-12-27 00:00:00,5418.97000000,10262.68000000,6791.27000000,0.00000000,False
2022-12-27 00:05:00,5303.00000000,10273.12000000,6812.78000000,0.00000000,False
2022-12-27 00:10:00,5230.44000000,10093.75000000,7007.84000000,0.00000000,False
2022-12-27 00:15:00,5077.03000000,9801.96000000,7007.79000000,0.00000000,False
2022-12-27 00:20:00,4877.12000000,9347.92000000,7002.10000000,0.00000000,False
2022-12-27 00:25:00,4822.24000000,9009.67000000,7007.05000000,0.00000000,False
2022-12-27 00:30:00,4877.46000000,9273.53000000,6951.99000000,0.00000000,False
2022-12-27 00:35:00,4918.50000000,9347.12000000,6952.17000000,0.00000000,False
2022-12-27 00:40:00,5041.61000000,9364.91000000,6951.39000000,0.00000000,False
2022-12-27 00:45:00,5081.92000000,9473.53000000,6951.81000000,0.00000000,False
2022-12-27 00:50:00,4972.48000000,9350.36000000,6951.77000000,0.00000000,False
2022-12-27 00:55:00,4919.15000000,9142.79000000,6901.93000000,0.00000000,False
2022-12-27 01:00:00,5042.59000000,9478.49000000,6876.20000000,0.00000000,False
2022-12-27 01:05:00,5132.18000000,9556.03000000,6874.93000000,0.00000000,False
2022-12-27 01:10:00,5143.95000000,9504.16000000,6873.68000000,0.00000000,False
2022-12-27 01:15:00,5423.51000000,9803.72000000,6773.50000000,0.00000000,False
2022-12-27 01:20:00,5449.16000000,10007.60000000,6774.46000000,0.00000000,False
2022-12-27 01:25:00,5353.91000000,9927.04000000,6774.56000000,0.00000000,False
2022-12-27 01:30:00,5519.41000000,10163.68000000,6774.49000000,0.00000000,False
2022-12-27 01:35:00,5395.35000000,10074.33000000,6818.56000000,0.00000000,False
2022-12-27 01:40:00,5417.59000000,10141.29000000,6861.99000000,0.00000000,False
2022-12-27 01:45:00,5585.65000000,10333.28000000,6862.42000000,0.00000000,False
2022-12-27 01:50:00,5642.98000000,10478.90000000,6862.57000000,0.00000000,False
2022-12-27 01:55:00,5589.05000000,10521.07000000,6862.13000000,0.00000000,False
2022-12-27 02:00:00,5426.60000000,10426.58000000,6863.76000000,0.00000000,False
2022-12-27 02:05:00,5428.75000000,10342.33000000,6889.49000000,0.00000000,False
2022-12-27 02:10:00,5484.00000000,10556.95000000,6888.67000000,0.00000000,False
2022-12-27 02:15:00,5500.61000000,10654.11000000,6888.99000000,0.00000000,False
2022-12-27 02:20:00,5453.95000000,10467.62000000,6888.98000000,0.00000000,False
2022-12-27 02:25:00,5561.73000000,10624.28000000,6889.27000000,0.00000000,False
2022-12-27 02:30:00,5599.89000000,10878.43000000,6889.39000000,0.00000000,False
2022-12-27 02:35:00,5591.38000000,10796.49000000,6888.51000000,0.00000000,False
2022-12-27 02:40:00,5605.40000000,10890.30000000,6889.23000000,0.00000000,False
2022-12-27 02:45:00,5698.62000000,11015.66000000,6888.77000000,0.00000000,False
2022-12-27 02:50:00,5603.81000000,10885.44000000,6888.29000000,0.00000000,False
2022-12-27 02:55:00,5691.33000000,11057.79000000,6889.48000000,0.00000000,False
2022-12-27 03:00:00,5811.31000000,11184.60000000,6933.07000000,0.00000000,False
2022-12-27 03:05:00,5851.83000000,11197.81000000,6890.88000000,0.00000000,False
2022-12-27 03:10:00,5759.03000000,11089.62000000,6891.47000000,0.00000000,False
2022-12-27 03:15:00,5970.43000000,11312.20000000,6942.02000000,0.00000000,False
2022-12-27 03:20:00,5966.84000000,11269.47000000,6941.32000000,0.00000000,False
2022-12-27 03:25:00,5932.97000000,11305.87000000,6942.09000000,0.00000000,False
2022-12-27 03:30:00,6059.17000000,11579.52000000,7041.53000000,0.00000000,False
2022-12-27 03:35:00,5962.65000000,11475.31000000,7041.71000000,0.00000000,False
2022-12-27 03:40:00,6013.02000000,11643.46000000,7041.99000000,0.00000000,False
2022-12-27 03:45:00,6093.18000000,11867.07000000,7042.08000000,0.00000000,False
2022-12-27 03:50:00,6229.26000000,11935.91000000,7098.01000000,0.00000000,False
2022-12-27 03:55:00,6201.60000000,11983.73000000,7251.96000000,0.00000000,False
2022-12-27 04:00:00,6245.54000000,12107.61000000,7215.39000000,0.00000000,False
2022-12-27 04:05:00,5912.00000000,11543.20000000,7257.95000000,0.00000000,False
2022-12-27 04:10:00,5856.23000000,11284.43000000,7257.92000000,0.00000000,False
2022-12-27 04:15:00,5986.54000000,11516.88000000,7257.93000000,0.00000000,False
2022-12-27 04:20:00,6085.73000000,11669.78000000,7258.08000000,0.00000000,False
2022-12-27 04:25:00,6107.16000000,11785.91000000,7258.17000000,0.00000000,False
2022-12-27 04:30:00,6146.79000000,11928.00000000,7257.87000000,0.00000000,False
2022-12-27 04:35:00,6175.83000000,12073.90000000,7256.97000000,0.00000000,False
2022-12-27 04:40:00,6189.92000000,12118.17000000,7257.84000000,0.00000000,False
2022-12-27 04:45:00,6120.09000000,12031.21000000,7257.19000000,0.00000000,False
2022-12-27 04:50:00,6287.11000000,12330.99000000,7257.00000000,0.00000000,False
2022-12-27 04:55:00,6386.24000000,12550.40000000,7258.19000000,0.00000000,False
2022-12-27 05:00:00,6507.08000000,12884.79000000,7136.74000000,0.00000000,False
2022-12-27 05:05:00,6799.94000000,13227.72000000,7105.63000000,0.00000000,False
2022-12-27 05:10:00,6513.28000000,12834.62000000,7105.67000000,0.00000000,False
2022-12-27 05:15:00,6485.70000000,12872.12000000,7105.65000000,0.00000000,False
2022-12-27 05:20:00,6550.51000000,13020.40000000,7105.73000000,0.00000000,False
2022-12-27 05:25:00,6512.58000000,12985.57000000,7105.92000000,0.00000000,False
2022-12-27 05:30:00,6468.83000000,12865.65000000,7105.90000000,0.00000000,False
2022-12-27 05:35:00,6539.49000000,13036.81000000,7105.95000000,0.00000000,False
2022-12-27 05:40:00,6667.28000000,13246.70000000,7105.87000000,0.00000000,False
2022-12-27 05:45:00,6635.95000000,13251.88000000,6973.83000000,0.00000000,False
2022-12-27 05:50:00,6518.10000000,13164.34000000,6861.68000000,0.00000000,False
2022-12-27 05:55:00,6647.10000000,13400.33000000,6861.57000000,0.00000000,False
2022-12-27 06:00:00,6748.37000000,13431.69000000,6913.45000000,0.00000000,False
2022-12-27 06:05:00,6596.10000000,13189.93000000,6826.22000000,0.00000000,False
2022-12-27 06:10:00,6502.97000000,12871.36000000,6826.11000000,0.00000000,False
2022-12-27 06:15:00,6492.66000000,12786.69000000,6826.10000000,0.00000000,False
2022-12-27 06:20:00,6487.85000000,12808.52000000,6826.23000000,0.00000000,False
2022-12-27 06:25:00,6473.38000000,12878.78000000,6826.17000000,0.00000000,False
2022-12-27 06:30:00,6521.86000000,12923.66000000,6826.18000000,0.00000000,False
2022-12-27 06:35:00,6647.85000000,13186.63000000,6826.20000000,0.00000000,False
2022-12-27 06:40:00,6754.29000000,13410.33000000,6826.08000000,0.00000000,False
2022-12-27 06:45:00,6774.76000000,13445.08000000,6826.17000000,0.00000000,False
2022-12-27 06:50:00,6874.95000000,13583.14000000,6870.24000000,0.00000000,False
2022-12-27 06:55:00,6873.28000000,13628.51000000,6870.16000000,0.00000000,False
2022-12-27 07:00:00,6768.92000000,13572.08000000,6847.65000000,0.00000000,False
2022-12-27 07:05:00,6722.44000000,13606.66000000,6866.77000000,0.00000000,False
2022-12-27 07:10:00,6665.08000000,13621.24000000,6906.65000000,0.00000000,False
2022-12-27 07:15:00,6650.96000000,13570.09000000,6906.40000000,0.00000000,False
2022-12-27 07:20:00,6592.63000000,13591.49000000,6906.52000000,0.00000000,False
2022-12-27 07:25:00,6527.72000000,13475.24000000,6906.55000000,0.00000000,False
2022-12-27 07:30:00,6557.72000000,13610.78000000,6948.50000000,0.00000000,False
2022-12-27 07:35:00,6593.23000000,13663.15000000,7004.59000000,0.00000000,False
2022-12-27 07:40:00,6623.71000000,13782.01000000,7004.52000000,0.00000000,False
2022-12-27 07:45:00,6397.86000000,13485.31000000,7004.57000000,0.00000000,False
2022-12-27 07:50:00,6626.43000000,13954.93000000,7004.64000000,0.00000000,False
2022-12-27 07:55:00,6618.57000000,14012.11000000,7004.68000000,0.00000000,False
2022-12-27 08:00:00,6720.16000000,14158.76000000,7227.32000000,0.00000000,False
2022-12-27 08:05:00,6975.88000000,14716.76000000,7226.00000000,0.00000000,False
2022-12-27 08:10:00,7356.37000000,15394.60000000,7225.90000000,0.00000000,False
2022-12-27 08:15:00,7683.79000000,16076.38000000,7176.85000000,0.00000000,False
2022-12-27 08:20:00,7805.74000000,16325.52000000,7176.96000000,0.00000000,False
2022-12-27 08:25:00,8100.85000000,16781.33000000,7177.04000000,0.00000000,False
2022-12-27 08:30:00,8353.23000000,17286.36000000,7177.17000000,0.00000000,False
2022-12-27 08:35:00,8356.91000000,17659.56000000,7177.21000000,0.00000000,False
2022-12-27 08:40:00,8396.75000000,17982.93000000,7224.87000000,0.00000000,False
2022-12-27 08:45:00,8685.72000000,18727.62000000,7224.83000000,0.00000000,False
2022-12-27 08:50:00,8847.96000000,19332.42000000,7272.96000000,0.00000000,False
2022-12-27 08:55:00,8743.97000000,19694.28000000,7272.96000000,0.00000000,False
2022-12-27 09:00:00,8631.69000000,19237.21000000,7187.47000000,0.00000000,False
2022-12-27 09:05:00,8484.50000000,18956.53000000,7257.45000000,0.00000000,False
2022-12-27 09:10:00,8205.24000000,18415.05000000,7257.36000000,0.00000000,False
2022-12-27 09:15:00,7748.16000000,17938.87000000,7257.37000000,0.00000000,False
2022-12-27 09:20:00,7572.31000000,17227.31000000,7257.29000000,0.00000000,False
2022-12-27 09:25:00,7696.43000000,17464.90000000,7257.39000000,0.00000000,False
2022-12-27 09:30:00,7712.50000000,17392.99000000,7213.42000000,0.00000000,False
2022-12-27 09:35:00,7713.82000000,17350.62000000,7213.50000000,0.00000000,False
2022-12-27 09:40:00,7664.16000000,17031.72000000,7213.34000000,0.00000000,False
2022-12-27 09:45:00,7776.03000000,17237.04000000,7213.18000000,0.00000000,False
2022-12-27 09:50:00,7711.56000000,17355.46000000,7213.39000000,0.00000000,False
2022-12-27 09:55:00,7842.48000000,17555.25000000,7213.11000000,0.00000000,False
2022-12-27 10:00:00,7922.79000000,17269.47000000,7266.50000000,0.00000000,False
2022-12-27 10:05:00,7965.76000000,17332.64000000,7265.24000000,0.00000000,False
2022-12-27 10:10:00,8039.23000000,17493.01000000,7265.21000000,0.00000000,False
2022-12-27 10:15:00,7915.08000000,17286.60000000,7265.07000000,0.00000000,False
2022-12-27 10:20:00,7759.72000000,17266.21000000,7265.08000000,0.00000000,False
2022-12-27 10:25:00,7871.36000000,17140.13000000,7265.25000000,0.00000000,False
2022-12-27 10:30:00,8097.91000000,17635.69000000,7265.13000000,0.00000000,False
2022-12-27 10:35:00,8149.08000000,17903.42000000,7265.06000000,0.00000000,False
2022-12-27 10:40:00,8092.82000000,18167.09000000,7185.03000000,0.00000000,False
2022-12-27 10:45:00,8218.37000000,18477.80000000,7184.94000000,0.00000000,False
2022-12-27 10:50:00,8311.93000000,19172.90000000,7159.46000000,0.00000000,False
2022-12-27 10:55:00,8501.71000000,19606.54000000,7159.52000000,0.00000000,False
2022-12-27 11:00:00,8515.52000000,20022.37000000,7125.79000000,0.00000000,False
2022-12-27 11:05:00,8765.75000000,20282.04000000,7124.54000000,0.00000000,False
2022-12-27 11:10:00,8858.59000000,20693.96000000,7086.53000000,0.00000000,False
2022-12-27 11:15:00,8935.57000000,20983.79000000,7088.42000000,0.00000000,False
2022-12-27 11:20:00,8907.99000000,21068.18000000,7086.49000000,0.00000000,False
2022-12-27 11:25:00,8980.81000000,21395.04000000,7085.60000000,0.00000000,False
2022-12-27 11:30:00,8749.78000000,20953.10000000,7122.59000000,0.00000000,False
2022-12-27 11:35:00,8807.16000000,21195.35000000,7118.73000000,0.00000000,False
2022-12-27 11:40:00,9076.84000000,21593.52000000,7144.23000000,0.00000000,False
2022-12-27 11:45:00,9246.57000000,21991.42000000,7144.24000000,0.00000000,False
2022-12-27 11:50:00,9137.54000000,22040.71000000,7144.06000000,0.00000000,False
2022-12-27 11:55:00,9224.27000000,22160.93000000,7143.16000000,0.00000000,False
2022-12-27 12:00:00,8993.02000000,21469.22000000,7171.89000000,0.00000000,False
2022-12-27 12:05:00,8767.47000000,20917.74000000,7172.04000000,0.00000000,False
2022-12-27 12:10:00,8679.40000000,20708.15000000,7172.03000000,0.00000000,False
2022-12-27 12:15:00,8745.90000000,20652.74000000,7171.73000000,0.00000000,False
2022-12-27 12:20:00,8719.51000000,20625.42000000,7170.84000000,0.00000000,False
2022-12-27 12:25:00,8958.79000000,21253.95000000,7169.97000000,0.00000000,False
2022-12-27 12:30:00,8877.12000000,21315.84000000,7168.87000000,0.00000000,False
2022-12-27 12:35:00,8875.07000000,21738.94000000,7166.83000000,0.00000000,False
2022-12-27 12:40:00,8961.89000000,22319.35000000,7164.74000000,0.00000000,False
2022-12-27 12:45:00,9248.93000000,23088.77000000,7165.83000000,0.00000000,False
2022-12-27 12:50:00,9198.71000000,23286.12000000,7164.86000000,0.00000000,False
2022-12-27 12:55:00,9290.84000000,23413.43000000,7139.12000000,0.00000000,False
2022-12-27 13:00:00,9323.20000000,23394.13000000,7062.00000000,0.00000000,False
2022-12-27 13:05:00,9202.78000000,23502.50000000,7060.86000000,0.00000000,False
2022-12-27 13:10:00,9367.84000000,23820.79000000,7075.83000000,0.00000000,False
2022-12-27 13:15:00,9358.03000000,24219.07000000,7074.80000000,0.00000000,False
2022-12-27 13:20:00,9388.70000000,24311.31000000,7073.78000000,0.00000000,False
2022-12-27 13:25:00,9377.69000000,24246.31000000,7074.91000000,0.00000000,False
2022-12-27 13:30:00,9425.45000000,24280.28000000,7073.81000000,0.00000000,False
2022-12-27 13:35:00,9281.59000000,24033.71000000,7048.12000000,0.00000000,False
2022-12-27 13:40:00,9547.63000000,24406.57000000,7049.97000000,0.00000000,False
2022-12-27 13:45:00,9488.07000000,24533.41000000,7049.95000000,0.00000000,False
2022-12-27 13:50:00,9685.59000000,25066.15000000,7049.96000000,0.00000000,False
2022-12-27 13:55:00,9689.08000000,25098.65000000,7047.98000000,0.00000000,False
2022-12-27 14:00:00,9703.81000000,24950.63000000,7069.91000000,0.00000000,False
2022-12-27 14:05:00,9728.23000000,24975.84000000,7058.67000000,0.00000000,False
2022-12-27 14:10:00,9932.20000000,25674.53000000,7060.54000000,0.00000000,False
2022-12-27 14:15:00,9989.12000000,26031.45000000,7062.49000000,0.00000000,False
2022-12-27 14:20:00,9771.89000000,25608.58000000,7059.43000000,0.00000000,False
2022-12-27 14:25:00,9894.82000000,25572.06000000,7033.73000000,0.00000000,False
2022-12-27 14:30:00,9912.93000000,25859.08000000,7060.47000000,0.00000000,False
2022-12-27 14:35:00,9876.14000000,26033.62000000,7059.55000000,0.00000000,False
2022-12-27 14:40:00,9942.69000000,26028.77000000,7106.29000000,0.00000000,False
2022-12-27 14:45:00,10064.38000000,26058.46000000,7104.26000000,0.00000000,False
2022-12-27 14:50:00,10103.93000000,26353.28000000,7104.41000000,0.00000000,False
2022-12-27 14:55:00,10009.53000000,26734.42000000,7102.40000000,0.00000000,False
2022-12-27 15:00:00,10181.11000000,26430.81000000,7084.49000000,0.00000000,False
2022-12-27 15:05:00,10196.94000000,26867.16000000,7085.43000000,0.00000000,False
2022-12-27 15:10:00,10153.70000000,27003.49000000,7070.56000000,0.00000000,False
2022-12-27 15:15:00,10079.76000000,27002.77000000,7072.33000000,0.00000000,False
2022-12-27 15:20:00,10104.36000000,26978.36000000,7098.22000000,0.00000000,False
2022-12-27 15:25:00,10117.38000000,26896.74000000,7097.31000000,0.00000000,False
2022-12-27 15:30:00,10242.06000000,27184.16000000,7095.45000000,0.00000000,False
2022-12-27 15:35:00,10154.09000000,27089.68000000,7095.56000000,0.00000000,False
2022-12-27 15:40:00,10103.48000000,26932.20000000,7098.45000000,0.00000000,False
2022-12-27 15:45:00,10081.38000000,26793.56000000,7094.26000000,0.00000000,False
2022-12-27 15:50:00,10193.87000000,26451.39000000,7095.26000000,0.00000000,False
2022-12-27 15:55:00,10162.71000000,26696.26000000,7095.31000000,0.00000000,False
2022-12-27 16:00:00,10208.09000000,26959.78000000,7232.90000000,0.00000000,False
2022-12-27 16:05:00,10000.39000000,26426.74000000,7231.97000000,0.00000000,False
2022-12-27 16:10:00,9923.82000000,25933.22000000,7232.95000000,0.00000000,False
2022-12-27 16:15:00,9737.51000000,25346.57000000,7232.81000000,0.00000000,False
2022-12-27 16:20:00,9729.57000000,24970.11000000,7231.94000000,0.00000000,False
2022-12-27 16:25:00,9464.28000000,24347.99000000,7231.96000000,0.00000000,False
2022-12-27 16:30:00,9480.55000000,24173.54000000,7232.78000000,0.00000000,False
2022-12-27 16:35:00,9549.31000000,23885.40000000,7234.88000000,0.00000000,False
2022-12-27 16:40:00,9307.21000000,23447.43000000,7235.77000000,0.00000000,False
2022-12-27 16:45:00,9383.91000000,22874.11000000,7234.78000000,0.00000000,False
2022-12-27 16:50:00,9293.04000000,22811.36000000,7234.91000000,0.00000000,False
2022-12-27 16:55:00,9306.16000000,22228.05000000,7234.98000000,0.00000000,False
2022-12-27 17:00:00,9293.25000000,21673.48000000,7329.97000000,0.00000000,False
2022-12-27 17:05:00,9312.53000000,21341.65000000,7330.86000000,0.00000000,False
2022-12-27 17:10:00,9124.20000000,20742.43000000,7331.71000000,0.00000000,False
2022-12-27 17:15:00,9039.81000000,20136.39000000,7418.66000000,0.00000000,False
2022-12-27 17:20:00,8987.18000000,19706.73000000,7420.78000000,0.00000000,False
2022-12-27 17:25:00,8616.06000000,18727.88000000,7421.91000000,0.00000000,False
2022-12-27 17:30:00,8281.25000000,17784.19000000,7422.93000000,0.00000000,False
2022-12-27 17:35:00,8107.34000000,17295.95000000,7421.04000000,0.00000000,False
2022-12-27 17:40:00,8221.25000000,17330.29000000,7422.71000000,0.00000000,False
2022-12-27 17:45:00,8047.66000000,17053.05000000,7422.64000000,0.00000000,False
2022-12-27 17:50:00,8151.77000000,17396.96000000,7422.71000000,0.00000000,False
2022-12-27 17:55:00,7958.96000000,17066.29000000,7422.83000000,0.00000000,False
2022-12-27 18:00:00,7900.90000000,17229.44000000,7218.01000000,0.00000000,False
2022-12-27 18:05:00,7964.61000000,17575.60000000,7217.96000000,0.00000000,False
2022-12-27 18:10:00,7812.17000000,17401.35000000,7217.81000000,0.00000000,False
2022-12-27 18:15:00,7787.07000000,17327.10000000,7217.70000000,0.00000000,False
2022-12-27 18:20:00,7735.10000000,17259.75000000,7217.77000000,0.00000000,False
2022-12-27 18:25:00,7861.08000000,17612.59000000,7217.95000000,0.00000000,False
2022-12-27 18:30:00,7847.58000000,17543.28000000,7217.81000000,0.00000000,False
2022-12-27 18:35:00,7684.94000000,17540.84000000,7217.86000000,0.00000000,False
2022-12-27 18:40:00,7907.59000000,17604.25000000,7220.62000000,0.00000000,False
2022-12-27 18:45:00,8003.28000000,17848.80000000,7217.62000000,0.00000000,False
2022-12-27 18:50:00,7793.68000000,17975.64000000,7220.74000000,0.00000000,False
2022-12-27 18:55:00,7706.05000000,18078.20000000,7217.79000000,0.00000000,False
2022-12-27 19:00:00,7737.02000000,18116.49000000,7237.22000000,0.00000000,False
2022-12-27 19:05:00,7720.96000000,18185.90000000,7238.23000000,0.00000000,False
2022-12-27 19:10:00,7799.51000000,18182.29000000,7239.95000000,0.00000000,False
2022-12-27 19:15:00,7713.02000000,18132.08000000,7239.82000000,0.00000000,False
2022-12-27 19:20:00,7666.47000000,18096.99000000,7240.90000000,0.00000000,False
2022-12-27 19:25:00,7979.50000000,18386.12000000,7240.23000000,0.00000000,False
2022-12-27 19:30:00,7732.46000000,18438.94000000,7240.14000000,0.00000000,False
2022-12-27 19:35:00,7841.23000000,18494.51000000,7240.13000000,0.00000000,False
2022-12-27 19:40:00,8049.26000000,18697.43000000,7237.88000000,0.00000000,False
2022-12-27 19:45:00,7997.18000000,18857.09000000,7239.85000000,0.00000000,False
2022-12-27 19:50:00,7898.26000000,18539.54000000,7240.00000000,0.00000000,False
2022-12-27 19:55:00,7938.01000000,18437.37000000,7241.00000000,0.00000000,False
2022-12-27 20:00:00,7920.12000000,18794.73000000,7285.39000000,0.00000000,False
2022-12-27 20:05:00,7955.38000000,18877.46000000,7285.30000000,0.00000000,False
2022-12-27 20:10:00,7959.65000000,18517.73000000,7285.24000000,0.00000000,False
2022-12-27 20:15:00,7831.28000000,18584.95000000,7287.12000000,0.00000000,False
2022-12-27 20:20:00,7766.43000000,18345.43000000,7288.29000000,0.00000000,False
2022-12-27 20:25:00,7787.14000000,18577.88000000,7288.41000000,0.00000000,False
2022-12-27 20:30:00,7803.72000000,18558.10000000,7288.23000000,0.00000000,False
2022-12-27 20:35:00,7793.49000000,18523.16000000,7287.35000000,0.00000000,False
2022-12-27 20:40:00,7789.88000000,18474.97000000,7288.22000000,0.00000000,False
2022-12-27 20:45:00,7764.23000000,18402.35000000,7287.21000000,0.00000000,False
2022-12-27 20:50:00,7799.20000000,18335.23000000,7287.27000000,0.00000000,False
2022-12-27 20:55:00,7767.94000000,18475.37000000,7288.14000000,0.00000000,False
2022-12-27 21:00:00,7799.64000000,18491.11000000,7303.27000000,0.00000000,False
2022-12-27 21:05:00,7860.45000000,18803.07000000,7301.18000000,0.00000000,False
2022-12-27 21:10:00,7923.62000000,18355.12000000,7301.21000000,0.00000000,False
2022-12-27 21:15:00,7902.17000000,18381.57000000,7301.07000000,0.00000000,False
2022-12-27 21:20:00,7959.51000000,18514.84000000,7302.07000000,0.00000000,False
2022-12-27 21:25:00,7982.10000000,18536.35000000,7301.12000000,0.00000000,False
2022-12-27 21:30:00,8082.25000000,18642.63000000,7302.20000000,0.00000000,False
2022-12-27 21:35:00,8339.79000000,18981.96000000,7304.23000000,0.00000000,False
2022-12-27 21:40:00,8353.81000000,18994.98000000,7304.02000000,0.00000000,False
2022-12-27 21:45:00,8466.55000000,19174.02000000,7303.93000000,0.00000000,False
2022-12-27 21:50:00,8475.92000000,19390.21000000,7304.05000000,0.00000000,False
2022-12-27 21:55:00,8407.36000000,19239.34000000,7304.16000000,0.00000000,False
2022-12-27 22:00:00,8065.20000000,18966.03000000,7240.85000000,0.00000000,False
2022-12-27 22:05:00,8224.25000000,19065.66000000,7240.76000000,0.00000000,False
2022-12-27 22:10:00,8136.99000000,18848.19000000,7240.69000000,0.00000000,False
2022-12-27 22:15:00,7884.43000000,18316.50000000,7240.64000000,0.00000000,False
2022-12-27 22:20:00,7930.61000000,18161.97000000,7240.79000000,0.00000000,False
2022-12-27 22:25:00,7948.64000000,18423.31000000,7240.93000000,0.00000000,False
2022-12-27 22:30:00,8030.50000000,18710.90000000,7240.75000000,0.00000000,False
2022-12-27 22:35:00,8102.27000000,19012.15000000,7240.82000000,0.00000000,False
2022-12-27 22:40:00,8114.92000000,19253.21000000,7240.64000000,0.00000000,False
2022-12-27 22:45:00,8296.43000000,19671.32000000,7240.56000000,0.00000000,False
2022-12-27 22:50:00,8314.02000000,19663.98000000,7240.63000000,0.00000000,False
2022-12-27 22:55:00,8404.40000000,19820.76000000,7240.74000000,0.00000000,False
2022-12-27 23:00:00,8357.10000000,19920.87000000,7260.02000000,0.00000000,False
2022-12-27 23:05:00,8404.27000000,19933.18000000,7257.81000000,0.00000000,False
2022-12-27 23:10:00,8226.25000000,19790.80000000,7257.75000000,0.00000000,False
2022-12-27 23:15:00,8275.91000000,19872.25000000,7257.67000000,0.00000000,False
2022-12-27 23:20:00,8287.14000000,19963.06000000,7257.77000000,0.00000000,False
2022-12-27 23:25:00,8497.54000000,20332.55000000,7257.79000000,0.00000000,False
2022-12-27 23:30:00,8585.03000000,20431.49000000,7257.76000000,0.00000000,False
2022-12-27 23:35:00,8665.66000000,20648.46000000,7257.93000000,0.00000000,False
2022-12-27 23:40:00,8687.40000000,20262.56000000,7257.79000000,0.00000000,False
2022-12-27 23:45:00,8741.07000000,20424.15000000,7257.73000000,0.00000000,False
2022-12-27 23:50:00,8883.42000000,20692.84000000,7257.71000000,0.00000000,False
2022-12-27 23:55:00,8600.95000000,19708.76000000,7257.78000000,0.00000000,False
2022-12-28 00:00:00,8074.92000000,18598.95000000,7362.04000000,0.00000000,False
2022-12-28 00:05:00,8216.43000000,18325.90000000,7364.45000000,0.00000000,False
2022-12-28 00:10:00,8181.03000000,18040.49000000,7364.30000000,0.00000000,False
2022-12-28 00:15:00,8150.59000000,18008.37000000,7276.14000000,0.00000000,False
2022-12-28 00:20:00,8009.90000000,18017.96000000,7276.26000000,0.00000000,False
2022-12-28 00:25:00,8038.42000000,18140.14000000,7276.38000000,0.00000000,False
2022-12-28 00:30:00,8157.54000000,18635.83000000,7276.44000000,0.00000000,False
2022-12-28 00:35:00,8047.50000000,18607.46000000,7276.48000000,0.00000000,False
2022-12-28 00:40:00,8017.29000000,18709.00000000,7276.24000000,0.00000000,False
2022-12-28 00:45:00,7952.84000000,18493.55000000,7276.30000000,0.00000000,False
2022-12-28 00:50:00,8016.81000000,18582.35000000,7276.39000000,0.00000000,False
2022-12-28 00:55:00,7988.30000000,18631.19000000,7276.37000000,0.00000000,False
2022-12-28 01:00:00,8164.64000000,18893.02000000,7275.04000000,0.00000000,False
2022-12-28 01:05:00,8179.31000000,18837.75000000,7272.69000000,0.00000000,False
2022-12-28 01:10:00,8214.58000000,18890.35000000,7272.49000000,0.00000000,False
2022-12-28 01:15:00,8296.57000000,18943.79000000,7272.38000000,0.00000000,False
2022-12-28 01:20:00,8174.30000000,18939.94000000,7272.51000000,0.00000000,False
2022-12-28 01:25:00,8217.26000000,18942.70000000,7272.69000000,0.00000000,False
2022-12-28 01:30:00,8345.30000000,19153.80000000,7272.54000000,0.00000000,False
2022-12-28 01:35:00,8274.54000000,19022.27000000,7272.58000000,0.00000000,False
2022-12-28 01:40:00,8300.85000000,19069.62000000,7272.48000000,0.00000000,False
2022-12-28 01:45:00,8489.51000000,19164.12000000,7272.52000000,0.00000000,False
2022-12-28 01:50:00,8519.28000000,19247.62000000,7272.54000000,0.00000000,False
2022-12-28 01:55:00,8508.51000000,19240.29000000,7272.56000000,0.00000000,False
2022-12-28 02:00:00,8640.87000000,19325.37000000,7273.15000000,0.00000000,False
2022-12-28 02:05:00,8568.89000000,19029.02000000,7271.90000000,0.00000000,False
2022-12-28 02:10:00,8519.16000000,19097.02000000,7271.88000000,0.00000000,False
2022-12-28 02:15:00,8608.69000000,19186.47000000,7271.64000000,0.00000000,False
2022-12-28 02:20:00,8557.17000000,19240.79000000,7271.82000000,0.00000000,False
2022-12-28 02:25:00,8443.24000000,19155.93000000,7272.05000000,0.00000000,False
2022-12-28 02:30:00,8472.43000000,19328.73000000,7271.90000000,0.00000000,False
2022-12-28 02:35:00,8488.94000000,19310.35000000,7271.99000000,0.00000000,False
2022-12-28 02:40:00,8527.61000000,19435.07000000,7271.81000000,0.00000000,False
2022-12-28 02:45:00,8473.52000000,19324.87000000,7271.93000000,0.00000000,False
2022-12-28 02:50:00,8469.29000000,19251.22000000,7271.94000000,0.00000000,False
2022-12-28 02:55:00,8495.05000000,19136.88000000,7271.93000000,0.00000000,False
2022-12-28 03:00:00,8522.50000000,19160.31000000,7271.72000000,0.00000000,False
2022-12-28 03:05:00,8494.54000000,18982.39000000,7271.73000000,0.00000000,False
2022-12-28 03:10:00,8455.91000000,18958.38000000,7271.71000000,0.00000000,False
2022-12-28 03:15:00,8434.15000000,19009.21000000,7271.68000000,0.00000000,False
2022-12-28 03:20:00,8435.77000000,19038.51000000,7271.75000000,0.00000000,False
2022-12-28 03:25:00,8444.76000000,19105.14000000,7271.83000000,0.00000000,False
2022-12-28 03:30:00,8309.30000000,18910.96000000,7271.74000000,0.00000000,False
2022-12-28 03:35:00,8268.13000000,18815.28000000,7271.80000000,0.00000000,False
2022-12-28 03:40:00,8348.20000000,18893.21000000,7271.68000000,0.00000000,False
2022-12-28 03:45:00,8262.11000000,18787.52000000,7271.77000000,0.00000000,False
2022-12-28 03:50:00,8204.93000000,18781.42000000,7271.77000000,0.00000000,False
2022-12-28 03:55:00,8137.08000000,18610.76000000,7271.71000000,0.00000000,False
2022-12-28 04:00:00,8018.19000000,18358.56000000,7236.31000000,0.00000000,False
2022-12-28 04:05:00,7978.50000000,17998.63000000,7238.74000000,0.00000000,False
2022-12-28 04:10:00,8082.80000000,17917.74000000,7238.79000000,0.00000000,False
2022-12-28 04:15:00,7978.03000000,17616.02000000,7238.67000000,0.00000000,False
2022-12-28 04:20:00,8019.29000000,17636.71000000,7238.67000000,0.00000000,False
2022-12-28 04:25:00,7826.22000000,17403.75000000,7238.77000000,0.00000000,False
2022-12-28 04:30:00,7892.72000000,17493.54000000,7238.72000000,0.00000000,False
2022-12-28 04:35:00,7845.91000000,17528.46000000,7238.89000000,0.00000000,False
2022-12-28 04:40:00,7853.69000000,17436.14000000,7238.73000000,0.00000000,False
2022-12-28 04:45:00,7804.85000000,17396.52000000,7238.67000000,0.00000000,False
2022-12-28 04:50:00,7701.38000000,17395.68000000,7238.64000000,0.00000000,False
2022-12-28 04:55:00,7789.85000000,17178.99000000,7238.63000000,0.00000000,False
2022-12-28 05:00:00,7938.82000000,17099.00000000,7361.70000000,0.00000000,False
2022-12-28 05:05:00,7724.12000000,16594.86000000,7358.07000000,0.00000000,False
2022-12-28 05:10:00,7594.39000000,16387.14000000,7358.11000000,0.00000000,False
2022-12-28 05:15:00,7517.55000000,16115.38000000,7358.05000000,0.00000000,False
2022-12-28 05:20:00,7632.21000000,16161.41000000,7358.01000000,0.00000000,False
2022-12-28 05:25:00,7534.91000000,15774.47000000,7358.14000000,0.00000000,False
2022-12-28 05:30:00,7576.37000000,16147.86000000,7358.11000000,0.00000000,False
2022-12-28 05:35:00,7365.65000000,15747.37000000,7358.28000000,0.00000000,False
2022-12-28 05:40:00,7275.31000000,15529.55000000,7358.16000000,0.00000000,False
2022-12-28 05:45:00,7201.16000000,15364.42000000,7358.07000000,0.00000000,False
2022-12-28 05:50:00,7158.58000000,15282.11000000,7358.09000000,0.00000000,False
2022-12-28 05:55:00,6980.33000000,15021.65000000,7195.00000000,0.00000000,False
2022-12-28 06:00:00,7075.89000000,15072.32000000,7143.61000000,0.00000000,False
2022-12-28 06:05:00,6749.69000000,14266.90000000,7219.51000000,0.00000000,False
2022-12-28 06:10:00,6810.28000000,14093.54000000,7219.45000000,0.00000000,False
2022-12-28 06:15:00,6822.70000000,14064.44000000,7219.38000000,0.00000000,False
2022-12-28 06:20:00,6830.85000000,14152.75000000,7219.33000000,0.00000000,False
2022-12-28 06:25:00,6823.33000000,14164.02000000,7219.48000000,0.00000000,False
2022-12-28 06:30:00,6634.42000000,13992.68000000,7219.42000000,0.00000000,False
2022-12-28 06:35:00,6474.06000000,13631.04000000,7219.59000000,0.00000000,False
2022-12-28 06:40:00,6445.67000000,13586.11000000,7219.45000000,0.00000000,False
2022-12-28 06:45:00,6376.39000000,13483.27000000,7219.36000000,0.00000000,False
2022-12-28 06:50:00,6267.75000000,13284.16000000,7219.41000000,0.00000000,False
2022-12-28 06:55:00,6274.78000000,13299.17000000,7219.39000000,0.00000000,False
2022-12-28 07:00:00,6247.11000000,13179.69000000,7215.38000000,0.00000000,False
2022-12-28 07:05:00,6096.33000000,12944.43000000,7215.43000000,0.00000000,False
2022-12-28 07:10:00,5980.93000000,12869.05000000,7122.30000000,0.00000000,False
2022-12-28 07:15:00,6084.55000000,13000.68000000,7020.94000000,0.00000000,False
2022-12-28 07:20:00,6096.01000000,13000.76000000,7002.28000000,0.00000000,False
2022-12-28 07:25:00,6030.18000000,12902.43000000,7002.30000000,0.00000000,False
2022-12-28 07:30:00,6095.27000000,13022.53000000,7002.29000000,0.00000000,False
2022-12-28 07:35:00,6158.17000000,13240.72000000,7002.42000000,0.00000000,False
2022-12-28 07:40:00,6247.24000000,13429.18000000,7002.21000000,0.00000000,False
2022-12-28 07:45:00,6261.21000000,13455.95000000,7002.22000000,0.00000000,False
2022-12-28 07:50:00,6245.67000000,13625.20000000,7002.39000000,0.00000000,False
2022-12-28 07:55:00,6225.90000000,13569.59000000,7002.24000000,0.00000000,False
2022-12-28 08:00:00,6377.90000000,13985.39000000,6991.00000000,0.00000000,False
2022-12-28 08:05:00,6479.26000000,14174.72000000,6992.00000000,0.00000000,False
2022-12-28 08:10:00,6692.48000000,14541.59000000,6989.04000000,0.00000000,False
2022-12-28 08:15:00,6880.27000000,14973.04000000,6988.08000000,0.00000000,False
2022-12-28 08:20:00,7039.22000000,15213.18000000,7037.04000000,0.00000000,False
2022-12-28 08:25:00,7310.03000000,15852.49000000,7037.11000000,0.00000000,False
2022-12-28 08:30:00,7637.28000000,16197.84000000,7036.28000000,0.00000000,False
2022-12-28 08:35:00,7769.87000000,16835.66000000,7036.28000000,0.00000000,False
2022-12-28 08:40:00,7711.40000000,17141.94000000,7137.50000000,0.00000000,False
2022-12-28 08:45:00,7753.24000000,17357.74000000,7135.36000000,0.00000000,False
2022-12-28 08:50:00,7778.59000000,17356.91000000,7135.35000000,0.00000000,False
2022-12-28 08:55:00,7672.18000000,17110.09000000,7132.38000000,0.00000000,False
2022-12-28 09:00:00,7219.12000000,15655.04000000,7119.79000000,0.00000000,False
2022-12-28 09:05:00,7246.80000000,15181.55000000,7119.94000000,0.00000000,False
2022-12-28 09:10:00,7179.11000000,15607.71000000,7119.86000000,0.00000000,False
2022-12-28 09:15:00,6946.47000000,15502.54000000,7072.75000000,0.00000000,False
2022-12-28 09:20:00,7010.59000000,15688.91000000,7070.71000000,0.00000000,False
2022-12-28 09:25:00,6958.72000000,15957.36000000,7067.80000000,0.00000000,False
2022-12-28 09:30:00,7183.28000000,16398.42000000,7064.82000000,0.00000000,False
2022-12-28 09:35:00,7398.40000000,16919.69000000,7064.97000000,0.00000000,False
2022-12-28 09:40:00,7294.39000000,17030.51000000,7063.75000000,0.00000000,False
2022-12-28 09:45:00,7479.87000000,17386.41000000,7061.69000000,0.00000000,False
2022-12-28 09:50:00,7465.53000000,17652.17000000,7046.74000000,0.00000000,False
2022-12-28 09:55:00,7229.58000000,16913.81000000,7043.89000000,0.00000000,False
2022-12-28 10:00:00,6940.67000000,16369.61000000,6905.95000000,0.00000000,False
2022-12-28 10:05:00,7134.63000000,16777.35000000,6950.78000000,0.00000000,False
2022-12-28 10:10:00,7549.41000000,17615.59000000,6950.77000000,0.00000000,False
2022-12-28 10:15:00,7165.43000000,17113.25000000,6950.66000000,0.00000000,False
2022-12-28 10:20:00,6978.61000000,16450.21000000,6948.68000000,0.00000000,False
2022-12-28 10:25:00,7049.37000000,16671.97000000,6947.85000000,0.00000000,False
2022-12-28 10:30:00,7219.88000000,16971.40000000,6998.60000000,0.00000000,False
2022-12-28 10:35:00,7399.85000000,17253.29000000,6998.74000000,0.00000000,False
2022-12-28 10:40:00,7336.42000000,17400.30000000,6998.62000000,0.00000000,False
2022-12-28 10:45:00,7494.91000000,17561.74000000,6998.57000000,0.00000000,False
2022-12-28 10:50:00,7466.21000000,17461.60000000,6998.62000000,0.00000000,False
2022-12-28 10:55:00,7584.70000000,17492.08000000,6998.66000000,0.00000000,False
2022-12-28 11:00:00,7632.44000000,17835.26000000,6916.41000000,0.00000000,False
2022-12-28 11:05:00,7864.87000000,18404.64000000,6917.60000000,0.00000000,False
2022-12-28 11:10:00,7771.77000000,18706.92000000,6917.59000000,0.00000000,False
2022-12-28 11:15:00,7847.75000000,18941.45000000,6916.39000000,0.00000000,False
2022-12-28 11:20:00,7848.04000000,19054.49000000,6916.54000000,0.00000000,False
2022-12-28 11:25:00,7911.18000000,19313.34000000,6913.69000000,0.00000000,False
2022-12-28 11:30:00,7829.71000000,19305.54000000,6911.56000000,0.00000000,False
2022-12-28 11:35:00,7684.09000000,19206.92000000,6911.76000000,0.00000000,False
2022-12-28 11:40:00,7745.76000000,19361.37000000,6911.59000000,0.00000000,False
2022-12-28 11:45:00,7830.88000000,19506.50000000,6930.28000000,0.00000000,False
2022-12-28 11:50:00,7865.85000000,19535.65000000,6930.33000000,0.00000000,False
2022-12-28 11:55:00,7940.42000000,19954.02000000,6930.22000000,0.00000000,False
2022-12-28 12:00:00,7883.93000000,19985.04000000,6885.58000000,0.00000000,False
2022-12-28 12:05:00,7950.53000000,19847.78000000,6886.62000000,0.00000000,False
2022-12-28 12:10:00,8159.10000000,20204.05000000,6886.48000000,0.00000000,False
2022-12-28 12:15:00,7923.24000000,19905.50000000,6886.62000000,0.00000000,False
2022-12-28 12:20:00,7820.52000000,20038.44000000,6886.57000000,0.00000000,False
2022-12-28 12:25:00,7716.98000000,19507.22000000,6886.70000000,0.00000000,False
2022-12-28 12:30:00,7704.81000000,19254.61000000,6886.47000000,0.00000000,False
2022-12-28 12:35:00,7722.18000000,18996.80000000,6886.66000000,0.00000000,False
2022-12-28 12:40:00,7688.32000000,18863.82000000,6886.61000000,0.00000000,False
2022-12-28 12:45:00,7845.64000000,19206.38000000,6885.44000000,0.00000000,False
2022-12-28 12:50:00,7771.56000000,19219.41000000,6885.54000000,0.00000000,False
2022-12-28 12:55:00,7707.43000000,19069.34000000,6885.35000000,0.00000000,False
2022-12-28 13:00:00,7616.49000000,18842.52000000,6855.19000000,0.00000000,False
2022-12-28 13:05:00,7653.27000000,18883.27000000,6855.23000000,0.00000000,False
2022-12-28 13:10:00,7748.29000000,18884.11000000,6855.18000000,0.00000000,False
2022-12-28 13:15:00,7758.20000000,19033.73000000,6855.16000000,0.00000000,False
2022-12-28 13:20:00,7602.91000000,18796.86000000,6855.09000000,0.00000000,False
2022-12-28 13:25:00,7772.41000000,18983.04000000,6855.20000000,0.00000000,False
2022-12-28 13:30:00,7619.60000000,18827.62000000,6855.15000000,0.00000000,False
2022-12-28 13:35:00,7593.55000000,18590.88000000,6853.24000000,0.00000000,False
2022-12-28 13:40:00,7622.61000000,18700.30000000,6855.09000000,0.00000000,False
2022-12-28 13:45:00,7569.88000000,18542.18000000,6855.15000000,0.00000000,False
2022-12-28 13:50:00,7550.22000000,18367.09000000,6854.03000000,0.00000000,False
2022-12-28 13:55:00,7468.36000000,18409.58000000,6853.10000000,0.00000000,False
2022-12-28 14:00:00,7317.31000000,18042.06000000,6962.54000000,0.00000000,False
2022-12-28 14:05:00,7296.82000000,17288.83000000,6958.52000000,0.00000000,False
2022-12-28 14:10:00,7278.91000000,17244.58000000,6959.69000000,0.00000000,False
2022-12-28 14:15:00,7496.69000000,17336.88000000,6959.60000000,0.00000000,False
2022-12-28 14:20:00,7256.02000000,17171.09000000,6961.67000000,0.00000000,False
2022-12-28 14:25:00,7226.08000000,17155.85000000,6876.51000000,0.00000000,False
2022-12-28 14:30:00,7238.84000000,17119.13000000,6876.57000000,0.00000000,False
2022-12-28 14:35:00,7244.43000000,17163.61000000,6875.58000000,0.00000000,False
2022-12-28 14:40:00,7252.71000000,16975.78000000,6876.51000000,0.00000000,False
2022-12-28 14:45:00,7223.25000000,16593.75000000,6875.47000000,0.00000000,False
2022-12-28 14:50:00,7389.52000000,16859.07000000,6876.48000000,0.00000000,False
2022-12-28 14:55:00,7124.52000000,16716.16000000,6876.44000000,0.00000000,False
2022-12-28 15:00:00,7261.86000000,17077.22000000,6940.01000000,0.00000000,False
2022-12-28 15:05:00,7351.58000000,17198.96000000,6942.93000000,0.00000000,False
2022-12-28 15:10:00,7231.75000000,16833.26000000,6942.82000000,0.00000000,False
2022-12-28 15:15:00,7203.23000000,16639.23000000,6940.89000000,0.00000000,False
2022-12-28 15:20:00,7307.61000000,16864.46000000,6940.93000000,0.00000000,False
2022-12-28 15:25:00,7164.65000000,16499.79000000,6945.12000000,0.00000000,False
2022-12-28 15:30:00,7088.87000000,16078.80000000,6943.97000000,0.00000000,False
2022-12-28 15:35:00,7038.07000000,15905.97000000,6944.86000000,0.00000000,False
2022-12-28 15:40:00,7002.25000000,15584.54000000,6942.87000000,0.00000000,False
2022-12-28 15:45:00,7025.03000000,15524.70000000,6942.80000000,0.00000000,False
2022-12-28 15:50:00,7144.75000000,15552.87000000,6944.71000000,0.00000000,False
2022-12-28 15:55:00,6876.17000000,15160.48000000,6944.60000000,0.00000000,False
2022-12-28 16:00:00,6754.39000000,14797.41000000,6790.28000000,0.00000000,False
2022-12-28 16:05:00,6830.85000000,14688.06000000,6733.71000000,0.00000000,False
2022-12-28 16:10:00,6622.21000000,14423.31000000,6733.69000000,0.00000000,False
2022-12-28 16:15:00,6605.43000000,14075.98000000,6733.59000000,0.00000000,False
2022-12-28 16:20:00,6616.75000000,13880.00000000,6734.54000000,0.00000000,False
2022-12-28 16:25:00,6551.91000000,13455.97000000,6678.87000000,0.00000000,False
2022-12-28 16:30:00,6443.83000000,12746.75000000,6678.79000000,0.00000000,False
2022-12-28 16:35:00,6310.42000000,12602.33000000,6678.81000000,0.00000000,False
2022-12-28 16:40:00,6274.44000000,12590.42000000,6678.70000000,0.00000000,False
2022-12-28 16:45:00,5912.86000000,11909.78000000,6678.64000000,0.00000000,False
2022-12-28 16:50:00,5701.85000000,11524.30000000,6678.64000000,0.00000000,False
2022-12-28 16:55:00,5817.66000000,11504.15000000,6678.67000000,0.00000000,False
2022-12-28 17:00:00,5963.36000000,11747.06000000,6702.61000000,0.00000000,False
2022-12-28 17:05:00,5844.59000000,11919.72000000,6635.04000000,0.00000000,False
2022-12-28 17:10:00,5827.39000000,11820.62000000,6634.90000000,0.00000000,False
2022-12-28 17:15:00,5489.81000000,11465.58000000,6634.92000000,0.00000000,False
2022-12-28 17:20:00,5420.41000000,11233.70000000,6635.01000000,0.00000000,False
2022-12-28 17:25:00,5321.71000000,11070.13000000,6636.13000000,0.00000000,False
2022-12-28 17:30:00,5433.44000000,10919.98000000,6636.13000000,0.00000000,False
2022-12-28 17:35:00,5174.86000000,10559.70000000,6638.02000000,0.00000000,False
2022-12-28 17:40:00,5276.15000000,10503.46000000,6637.94000000,0.00000000,False
2022-12-28 17:45:00,5390.31000000,10640.24000000,6637.91000000,0.00000000,False
2022-12-28 17:50:00,5197.02000000,10477.17000000,6694.55000000,0.00000000,False
2022-12-28 17:55:00,5406.50000000,10629.09000000,6696.95000000,0.00000000,False
2022-12-28 18:00:00,5510.41000000,10971.23000000,6728.77000000,0.00000000,False
2022-12-28 18:05:00,5673.55000000,11610.86000000,6729.02000000,0.00000000,False
2022-12-28 18:10:00,5637.40000000,11769.98000000,6728.92000000,0.00000000,False
2022-12-28 18:15:00,5409.75000000,11552.06000000,6729.81000000,0.00000000,False
2022-12-28 18:20:00,5602.98000000,11838.98000000,6729.87000000,0.00000000,False
2022-12-28 18:25:00,5738.25000000,12243.85000000,6729.98000000,0.00000000,False
2022-12-28 18:30:00,5766.76000000,12605.23000000,6729.93000000,0.00000000,False
2022-12-28 18:35:00,5809.99000000,12940.66000000,6572.72000000,0.00000000,False
2022-12-28 18:40:00,6031.41000000,13196.38000000,6572.66000000,0.00000000,False
2022-12-28 18:45:00,5935.43000000,13285.42000000,6572.57000000,0.00000000,False
2022-12-28 18:50:00,6044.56000000,13388.77000000,6572.56000000,0.00000000,False
2022-12-28 18:55:00,5972.72000000,13475.44000000,6572.52000000,0.00000000,False
2022-12-28 19:00:00,6177.76000000,13768.65000000,6636.24000000,0.00000000,False
2022-12-28 19:05:00,6137.59000000,14003.52000000,6637.21000000,0.00000000,False
2022-12-28 19:10:00,6022.91000000,14067.50000000,6637.36000000,0.00000000,False
2022-12-28 19:15:00,6160.91000000,14198.12000000,6637.26000000,0.00000000,False
2022-12-28 19:20:00,6244.04000000,14491.51000000,6637.27000000,0.00000000,False
2022-12-28 19:25:00,6258.95000000,14543.15000000,6637.39000000,0.00000000,False
2022-12-28 19:30:00,6302.10000000,14704.08000000,6637.22000000,0.00000000,False
2022-12-28 19:35:00,6340.34000000,14903.22000000,6637.42000000,0.00000000,False
2022-12-28 19:40:00,6393.29000000,15316.42000000,6687.26000000,0.00000000,False
2022-12-28 19:45:00,6311.25000000,15208.92000000,6643.27000000,0.00000000,False
2022-12-28 19:50:00,6401.35000000,15362.64000000,6643.21000000,0.00000000,False
2022-12-28 19:55:00,6488.71000000,15491.95000000,6643.35000000,0.00000000,False
2022-12-28 20:00:00,6499.85000000,15479.06000000,6822.82000000,0.00000000,False
2022-12-28 20:05:00,6501.13000000,15434.17000000,6818.42000000,0.00000000,False
2022-12-28 20:10:00,6416.98000000,15514.69000000,6818.11000000,0.00000000,False
2022-12-28 20:15:00,6469.29000000,15439.04000000,6818.13000000,0.00000000,False
2022-12-28 20:20:00,6539.87000000,15570.17000000,6818.00000000,0.00000000,False
2022-12-28 20:25:00,6469.37000000,15452.34000000,6818.37000000,0.00000000,False
2022-12-28 20:30:00,6488.55000000,15055.72000000,6818.24000000,0.00000000,False
2022-12-28 20:35:00,6521.29000000,15158.50000000,6818.27000000,0.00000000,False
2022-12-28 20:40:00,6944.78000000,16152.41000000,6818.24000000,0.00000000,False
2022-12-28 20:45:00,6631.72000000,15784.79000000,6818.06000000,0.00000000,False
2022-12-28 20:50:00,6694.92000000,15743.98000000,6818.20000000,0.00000000,False
2022-12-28 20:55:00,6787.40000000,15587.82000000,6818.03000000,0.00000000,False
2022-12-28 21:00:00,6974.77000000,15917.15000000,6826.90000000,0.00000000,False
2022-12-28 21:05:00,6975.18000000,16095.49000000,6827.92000000,0.00000000,False
2022-12-28 21:10:00,7034.36000000,16272.18000000,6827.87000000,0.00000000,False
2022-12-28 21:15:00,6946.40000000,16351.89000000,6826.74000000,0.00000000,False
2022-12-28 21:20:00,6942.24000000,16350.16000000,6827.84000000,0.00000000,False
2022-12-28 21:25:00,7045.36000000,16391.29000000,6827.89000000,0.00000000,False
2022-12-28 21:30:00,7094.82000000,16513.42000000,6829.90000000,0.00000000,False
2022-12-28 21:35:00,6997.88000000,16189.77000000,6830.86000000,0.00000000,False
2022-12-28 21:40:00,7006.63000000,16278.66000000,6830.85000000,0.00000000,False
2022-12-28 21:45:00,7097.64000000,16503.77000000,6831.73000000,0.00000000,False
2022-12-28 21:50:00,7071.41000000,16488.77000000,6832.79000000,0.00000000,False
2022-12-28 21:55:00,7115.55000000,16419.03000000,6832.85000000,0.00000000,False
2022-12-28 22:00:00,7238.83000000,16668.34000000,6659.81000000,0.00000000,False
2022-12-28 22:05:00,7159.82000000,16695.24000000,6659.94000000,0.00000000,False
2022-12-28 22:10:00,7261.53000000,17070.17000000,6659.95000000,0.00000000,False
2022-12-28 22:15:00,7051.75000000,16872.51000000,6809.86000000,0.00000000,False
2022-12-28 22:20:00,7165.39000000,17010.66000000,6809.76000000,0.00000000,False
2022-12-28 22:25:00,7180.96000000,17123.06000000,6809.90000000,0.00000000,False
2022-12-28 22:30:00,7155.13000000,17028.74000000,6809.79000000,0.00000000,False
2022-12-28 22:35:00,7240.35000000,17143.96000000,6809.95000000,0.00000000,False
2022-12-28 22:40:00,7397.16000000,17168.33000000,6808.76000000,0.00000000,False
2022-12-28 22:45:00,7474.40000000,17207.96000000,6809.90000000,0.00000000,False
2022-12-28 22:50:00,7524.58000000,17352.55000000,6809.80000000,0.00000000,False
2022-12-28 22:55:00,7442.55000000,17333.03000000,6808.93000000,0.00000000,False
2022-12-28 23:00:00,7252.18000000,17195.86000000,6983.05000000,0.00000000,False
2022-12-28 23:05:00,7262.37000000,16903.32000000,6984.16000000,0.00000000,False
2022-12-28 23:10:00,7430.13000000,17294.64000000,6985.01000000,0.00000000,False
2022-12-28 23:15:00,7403.40000000,17430.15000000,6983.88000000,0.00000000,False
2022-12-28 23:20:00,7253.68000000,17448.41000000,6983.01000000,0.00000000,False
2022-12-28 23:25:00,7442.88000000,17943.55000000,6983.12000000,0.00000000,False
2022-12-28 23:30:00,7330.26000000,17972.57000000,6981.00000000,0.00000000,False
2022-12-28 23:35:00,7713.88000000,18545.70000000,6981.02000000,0.00000000,False
2022-12-28 23:40:00,7756.37000000,18405.85000000,6983.04000000,0.00000000,False
2022-12-28 23:45:00,7900.14000000,18633.93000000,6983.73000000,0.00000000,False
2022-12-28 23:50:00,7691.61000000,18672.81000000,6983.96000000,0.00000000,False
2022-12-28 23:55:00,7535.59000000,18398.52000000,6984.99000000,0.00000000,False
