slot,prc_mw,rtolcap_mw,rtoffcap_mw,rtordpa,imputed
2022-02-01 00:00:00,7032.51000000,19265.71000000,6351.00000000,0.00000000,False
2022-02-01 00:05:00,6970.82000000,19166.12000000,6353.84000000,0.00000000,False
2022-02-01 00:10:00,6862.60000000,19207.81000000,6353.73000000,0.00000000,False
2022-02-01 00:15:00,6919.39000000,19398.72000000,6353.65000000,0.00000000,False
2022-02-01 00:20:00,6945.37000000,19589.12000000,6353.67000000,0.00000000,False
2022-02-01 00:25:00,7090.44000000,19813.31000000,6352.68000000,0.00000000,False
2022-02-01 00:30:00,7207.17000000,19872.56000000,6353.60000000,0.00000000,False
2022-02-01 00:35:00,7222.40000000,20030.79000000,6353.59000000,0.00000000,False
2022-02-01 00:40:00,7215.76000000,20241.31000000,6353.64000000,0.00000000,False
2022-02-01 00:45:00,7207.80000000,20383.12000000,6353.68000000,0.00000000,False
2022-02-01 00:50:00,7274.18000000,20206.14000000,6353.58000000,0.00000000,False
2022-02-01 00:55:00,7137.54000000,20010.12000000,6352.49000000,0.00000000,False
2022-02-01 01:00:00,7266.99000000,19975.30000000,6361.41000000,0.00000000,False
2022-02-01 01:05:00,7258.96000000,20043.73000000,6359.54000000,0.00000000,False
2022-02-01 01:10:00,7377.97000000,20189.06000000,6359.55000000,0.00000000,False
2022-02-01 01:15:00,7366.73000000,20288.72000000,6359.55000000,0.00000000,False
2022-02-01 01:20:00,7386.48000000,20463.16000000,6359.61000000,0.00000000,False
2022-02-01 01:25:00,7420.76000000,20098.83000000,6358.79000000,0.00000000,False
2022-02-01 01:30:00,7377.95000000,20179.72000000,6358.77000000,0.00000000,False
2022-02-01 01:35:00,7393.99000000,20372.36000000,6359.70000000,0.00000000,False
2022-02-01 01:40:00,7410.27000000,20270.02000000,6359.68000000,0.00000000,False
2022-02-01 01:45:00,7404.75000000,20128.08000000,6359.62000000,0.00000000,False
2022-02-01 01:50:00,7366.19000000,20089.87000000,6359.52000000,0.00000000,False
2022-02-01 01:55:00,7381.99000000,19869.51000000,6359.47000000,0.00000000,False
2022-02-01 02:00:00,7296.49000000,19791.97000000,6365.99000000,0.00000000,False
2022-02-01 02:05:00,7194.25000000,19699.55000000,6364.62000000,0.00000000,False
2022-02-01 02:10:00,7261.97000000,19557.30000000,6364.61000000,0.00000000,False
2022-02-01 02:15:00,7189.29000000,19684.14000000,6364.44000000,0.00000000,False
2022-02-01 02:20:00,7331.17000000,19644.20000000,6364.64000000,0.00000000,False
2022-02-01 02:25:00,7270.04000000,19520.44000000,6364.73000000,0.00000000,False
2022-02-01 02:30:00,7279.41000000,19476.46000000,6364.54000000,0.00000000,False
2022-02-01 02:35:00,7280.14000000,19430.23000000,6364.48000000,0.00000000,False
2022-02-01 02:40:00,7250.20000000,19330.59000000,6364.62000000,0.00000000,False
2022-02-01 02:45:00,7244.03000000,19206.63000000,6364.54000000,0.00000000,False
2022-02-01 02:50:00,7233.67000000,19263.33000000,6364.52000000,0.00000000,False
2022-02-01 02:55:00,7234.57000000,19294.48000000,6364.58000000,0.00000000,False
2022-02-01 03:00:00,7320.38000000,19361.08000000,6370.25000000,0.00000000,False
2022-02-01 03:05:00,7332.95000000,19293.00000000,6372.95000000,0.00000000,False
2022-02-01 03:10:00,7353.53000000,19394.02000000,6372.94000000,0.00000000,False
2022-02-01 03:15:00,7381.76000000,19384.14000000,6372.87000000,0.00000000,False
2022-02-01 03:20:00,7359.99000000,19336.56000000,6373.04000000,0.00000000,False
2022-02-01 03:25:00,7356.86000000,19427.69000000,6373.21000000,0.00000000,False
2022-02-01 03:30:00,7346.62000000,19586.87000000,6373.10000000,0.00000000,False
2022-02-01 03:35:00,7313.42000000,19373.77000000,6372.09000000,0.00000000,False
2022-02-01 03:40:00,7288.55000000,19390.89000000,6372.15000000,0.00000000,False
2022-02-01 03:45:00,7274.25000000,19269.05000000,6373.04000000,0.00000000,False
2022-02-01 03:50:00,7237.07000000,19172.48000000,6373.02000000,0.00000000,False
2022-02-01 03:55:00,7352.54000000,19520.72000000,6373.01000000,0.00000000,False
2022-02-01 04:00:00,7429.30000000,19484.29000000,6374.83000000,0.00000000,False
2022-02-01 04:05:00,7385.41000000,19116.63000000,6372.02000000,0.00000000,False
2022-02-01 04:10:00,7361.28000000,18920.25000000,6371.90000000,0.00000000,False
2022-02-01 04:15:00,7393.00000000,19013.24000000,6370.82000000,0.00000000,False
2022-02-01 04:20:00,7368.59000000,18942.31000000,6371.97000000,0.00000000,False
2022-02-01 04:25:00,7325.68000000,18614.03000000,6371.98000000,0.00000000,False
2022-02-01 04:30:00,7225.56000000,18641.60000000,6372.06000000,0.00000000,False
2022-02-01 04:35:00,7240.65000000,18580.38000000,6371.84000000,0.00000000,False
2022-02-01 04:40:00,7166.05000000,18520.76000000,6371.89000000,0.00000000,False
2022-02-01 04:45:00,7114.67000000,18392.62000000,6372.13000000,0.00000000,False
2022-02-01 04:50:00,7033.47000000,18532.83000000,6371.87000000,0.00000000,False
2022-02-01 04:55:00,6990.53000000,18420.16000000,6370.86000000,0.00000000,False
2022-02-01 05:00:00,7094.38000000,18222.94000000,6272.14000000,0.00000000,False
2022-02-01 05:05:00,6985.32000000,17802.81000000,6274.64000000,0.00000000,False
2022-02-01 05:10:00,6931.57000000,17618.58000000,6259.59000000,0.00000000,False
2022-02-01 05:15:00,6882.60000000,17399.58000000,6259.33000000,0.00000000,False
2022-02-01 05:20:00,6856.51000000,17364.58000000,6259.41000000,0.00000000,False
2022-02-01 05:25:00,6708.24000000,16396.71000000,6259.52000000,0.00000000,False
2022-02-01 05:30:00,6568.72000000,16189.73000000,6258.57000000,0.00000000,False
2022-02-01 05:35:00,6603.40000000,16604.56000000,6258.61000000,0.00000000,False
2022-02-01 05:40:00,6572.06000000,16635.07000000,6258.81000000,0.00000000,False
2022-02-01 05:45:00,6454.32000000,16567.77000000,6259.79000000,0.00000000,False
2022-02-01 05:50:00,6833.32000000,17741.65000000,6259.56000000,0.00000000,False
2022-02-01 05:55:00,7150.47000000,17874.37000000,6259.62000000,0.00000000,False
2022-02-01 06:00:00,7593.29000000,18642.37000000,6192.12000000,0.00000000,False
2022-02-01 06:05:00,7444.78000000,17755.92000000,6191.14000000,0.00000000,False
2022-02-01 06:10:00,7090.22000000,17214.33000000,6206.90000000,0.00000000,False
2022-02-01 06:15:00,6932.89000000,17244.23000000,6206.84000000,0.00000000,False
2022-02-01 06:20:00,6946.29000000,17356.79000000,6188.29000000,0.00000000,False
2022-02-01 06:25:00,6828.31000000,16741.96000000,6188.46000000,0.00000000,False
2022-02-01 06:30:00,6762.16000000,16545.48000000,6188.41000000,0.00000000,False
2022-02-01 06:35:00,6624.66000000,16193.64000000,6188.36000000,0.00000000,False
2022-02-01 06:40:00,6481.44000000,16069.61000000,6188.48000000,0.00000000,False
2022-02-01 06:45:00,6416.18000000,15741.36000000,6188.38000000,0.00000000,False
2022-02-01 06:50:00,6288.32000000,15328.93000000,6188.13000000,0.00000000,False
2022-02-01 06:55:00,6184.94000000,15011.71000000,6188.07000000,0.00000000,False
2022-02-01 07:00:00,6317.75000000,15344.86000000,6181.84000000,0.00000000,False
2022-02-01 07:05:00,6161.88000000,15162.86000000,6184.76000000,0.00000000,False
2022-02-01 07:10:00,6122.06000000,15071.61000000,6184.83000000,0.00000000,False
2022-02-01 07:15:00,6084.05000000,14969.94000000,6184.82000000,0.00000000,False
2022-02-01 07:20:00,6077.48000000,15046.53000000,6184.91000000,0.00000000,False
2022-02-01 07:25:00,6013.42000000,14889.09000000,6185.10000000,0.00000000,False
2022-02-01 07:30:00,5981.23000000,14699.66000000,6185.02000000,0.00000000,False
2022-02-01 07:35:00,5973.73000000,14638.75000000,6184.81000000,0.00000000,False
2022-02-01 07:40:00,6094.43000000,14796.48000000,6184.96000000,0.00000000,False
2022-02-01 07:45:00,6055.30000000,14484.38000000,6184.98000000,0.00000000,False
2022-02-01 07:50:00,6128.73000000,14373.70000000,6184.79000000,0.00000000,False
2022-02-01 07:55:00,6188.34000000,14175.88000000,6184.75000000,0.00000000,False
2022-02-01 08:00:00,6226.30000000,14310.01000000,6194.71000000,0.00000000,False
2022-02-01 08:05:00,6210.08000000,14002.17000000,6148.23000000,0.00000000,False
2022-02-01 08:10:00,6220.26000000,14153.54000000,6148.15000000,0.00000000,False
2022-02-01 08:15:00,6296.50000000,14589.23000000,6148.16000000,0.00000000,False
2022-02-01 08:20:00,6322.69000000,14701.94000000,6148.21000000,0.00000000,False
2022-02-01 08:25:00,6224.83000000,14523.99000000,6148.23000000,0.00000000,False
2022-02-01 08:30:00,6210.53000000,14595.11000000,6300.31000000,0.00000000,False
2022-02-01 08:35:00,6279.46000000,15176.56000000,6300.10000000,0.00000000,False
2022-02-01 08:40:00,6380.70000000,15535.66000000,6148.21000000,0.00000000,False
2022-02-01 08:45:00,6419.82000000,15584.89000000,6300.37000000,0.00000000,False
2022-02-01 08:50:00,6413.93000000,15440.17000000,6224.09000000,0.00000000,False
2022-02-01 08:55:00,6497.58000000,15642.36000000,6224.03000000,0.00000000,False
2022-02-01 09:00:00,6200.63000000,14535.63000000,6307.52000000,0.00000000,False
2022-02-01 09:05:00,6136.36000000,14388.52000000,6547.36000000,0.00000000,False
2022-02-01 09:10:00,6319.64000000,15119.19000000,6603.79000000,0.00000000,False
2022-02-01 09:15:00,6398.54000000,15141.73000000,6531.01000000,0.00000000,False
2022-02-01 09:20:00,6225.44000000,14512.03000000,6530.16000000,0.00000000,False
2022-02-01 09:25:00,6207.35000000,14577.48000000,6436.27000000,0.00000000,False
2022-02-01 09:30:00,6435.79000000,15381.34000000,6435.24000000,0.00000000,False
2022-02-01 09:35:00,6542.64000000,15915.76000000,6433.23000000,0.00000000,False
2022-02-01 09:40:00,6631.05000000,16016.67000000,6286.62000000,0.00000000,False
2022-02-01 09:45:00,6655.60000000,15832.98000000,6287.68000000,0.00000000,False
2022-02-01 09:50:00,6579.60000000,15944.85000000,6286.48000000,0.00000000,False
2022-02-01 09:55:00,6636.22000000,16555.33000000,6286.53000000,0.00000000,False
2022-02-01 10:00:00,6619.97000000,16082.04000000,6236.60000000,0.00000000,False
2022-02-01 10:05:00,6497.78000000,15838.55000000,6236.89000000,0.00000000,False
2022-02-01 10:10:00,6354.15000000,15368.50000000,6236.98000000,0.00000000,False
2022-02-01 10:15:00,6372.95000000,15384.68000000,6236.81000000,0.00000000,False
2022-02-01 10:20:00,6350.50000000,15406.13000000,6236.94000000,0.00000000,False
2022-02-01 10:25:00,6345.00000000,15203.99000000,6237.07000000,0.00000000,False
2022-02-01 10:30:00,6315.71000000,15047.38000000,6238.00000000,0.00000000,False
2022-02-01 10:35:00,6387.18000000,15660.61000000,6239.06000000,0.00000000,False
2022-02-01 10:40:00,6625.45000000,16046.94000000,6239.09000000,0.00000000,False
2022-02-01 10:45:00,6722.46000000,15678.96000000,6238.95000000,0.00000000,False
2022-02-01 10:50:00,6481.27000000,14888.17000000,6238.89000000,0.00000000,False
2022-02-01 10:55:00,6349.05000000,14886.82000000,6238.88000000,0.00000000,False
2022-02-01 11:00:00,6338.68000000,15163.69000000,6266.11000000,0.00000000,False
2022-02-01 11:05:00,6382.90000000,15390.57000000,6269.49000000,0.00000000,False
2022-02-01 11:10:00,6406.41000000,15358.94000000,6274.06000000,0.00000000,False
2022-02-01 11:15:00,6402.55000000,15436.01000000,6197.47000000,0.00000000,False
2022-02-01 11:20:00,6417.91000000,15205.18000000,6197.54000000,0.00000000,False
2022-02-01 11:25:00,6425.95000000,14930.47000000,6272.47000000,0.00000000,False
2022-02-01 11:30:00,6355.07000000,14792.81000000,6274.31000000,0.00000000,False
2022-02-01 11:35:00,6469.14000000,14881.22000000,6196.36000000,0.00000000,False
2022-02-01 11:40:00,6390.10000000,14803.10000000,6195.42000000,0.00000000,False
2022-02-01 11:45:00,6286.89000000,14282.91000000,6272.58000000,0.00000000,False
2022-02-01 11:50:00,6292.70000000,14336.68000000,6195.44000000,0.00000000,False
2022-02-01 11:55:00,6240.19000000,14429.19000000,6193.40000000,0.00000000,False
2022-02-01 12:00:00,6224.14000000,14161.47000000,6098.25000000,0.00000000,False
2022-02-01 12:05:00,6260.98000000,14195.91000000,6176.13000000,0.00000000,False
2022-02-01 12:10:00,6312.43000000,14086.85000000,6100.27000000,0.00000000,False
2022-02-01 12:15:00,6301.04000000,14000.30000000,6101.08000000,0.00000000,False
2022-02-01 12:20:00,6380.39000000,14496.55000000,6101.25000000,0.00000000,False
2022-02-01 12:25:00,6360.92000000,14463.78000000,6099.32000000,0.00000000,False
2022-02-01 12:30:00,6287.45000000,14465.35000000,6098.19000000,0.00000000,False
2022-02-01 12:35:00,6279.44000000,14216.27000000,6099.24000000,0.00000000,False
2022-02-01 12:40:00,6275.29000000,14074.97000000,6099.27000000,0.00000000,False
2022-02-01 12:45:00,6224.01000000,14164.48000000,6101.26000000,0.00000000,False
2022-02-01 12:50:00,6282.37000000,14458.15000000,6101.24000000,0.00000000,False
2022-02-01 12:55:00,6200.05000000,14280.23000000,6098.27000000,0.00000000,False
2022-02-01 13:00:00,6378.63000000,14642.72000000,6092.42000000,0.00000000,False
2022-02-01 13:05:00,6379.83000000,14573.24000000,6093.29000000,0.00000000,False
2022-02-01 13:10:00,6314.72000000,14513.08000000,6093.57000000,0.00000000,False
2022-02-01 13:15:00,6307.35000000,14243.22000000,6093.40000000,0.00000000,False
2022-02-01 13:20:00,6328.34000000,14191.29000000,6093.44000000,0.00000000,False
2022-02-01 13:25:00,6144.24000000,14164.40000000,6092.80000000,0.00000000,False
2022-02-01 13:30:00,6131.09000000,13849.36000000,6093.81000000,0.00000000,False
2022-02-01 13:35:00,6054.29000000,13458.45000000,6093.70000000,0.00000000,False
2022-02-01 13:40:00,6167.29000000,13861.05000000,6093.64000000,0.00000000,False
2022-02-01 13:45:00,6218.75000000,13895.88000000,6092.65000000,0.00000000,False
2022-02-01 13:50:00,6210.60000000,13876.96000000,6159.94000000,0.00000000,False
2022-02-01 13:55:00,6032.36000000,13254.52000000,6092.64000000,0.00000000,False
2022-02-01 14:00:00,6383.62000000,13844.67000000,6143.61000000,0.00000000,False
2022-02-01 14:05:00,6343.48000000,13590.70000000,6143.60000000,0.00000000,False
2022-02-01 14:10:00,6151.99000000,13373.08000000,6143.54000000,0.00000000,False
2022-02-01 14:15:00,6085.25000000,13239.89000000,6143.44000000,0.00000000,False
2022-02-01 14:20:00,6076.48000000,13192.15000000,6143.60000000,0.00000000,False
2022-02-01 14:25:00,6052.60000000,13237.24000000,6143.68000000,0.00000000,False
2022-02-01 14:30:00,6084.17000000,13194.58000000,6143.66000000,0.00000000,False
2022-02-01 14:35:00,6289.37000000,13295.63000000,6143.51000000,0.00000000,False
2022-02-01 14:40:00,6154.32000000,13153.95000000,6211.13000000,0.00000000,False
2022-02-01 14:45:00,6139.22000000,13242.68000000,6211.16000000,0.00000000,False
2022-02-01 14:50:00,6052.73000000,13032.99000000,6211.10000000,0.00000000,False
2022-02-01 14:55:00,6232.38000000,13419.24000000,6209.01000000,0.00000000,False
2022-02-01 15:00:00,6404.38000000,14050.74000000,6128.20000000,0.00000000,False
2022-02-01 15:05:00,6339.39000000,13576.98000000,6124.80000000,0.00000000,False
2022-02-01 15:10:00,6330.84000000,13479.84000000,6125.78000000,0.00000000,False
2022-02-01 15:15:00,6214.92000000,13570.01000000,6085.95000000,0.00000000,False
2022-02-01 15:20:00,6237.76000000,13419.01000000,6083.93000000,0.00000000,False
2022-02-01 15:25:00,6179.08000000,13325.56000000,6084.21000000,0.00000000,False
2022-02-01 15:30:00,6049.47000000,12856.88000000,6083.12000000,0.00000000,False
2022-02-01 15:35:00,6063.19000000,12986.59000000,6084.12000000,0.00000000,False
2022-02-01 15:40:00,5998.22000000,12943.22000000,6084.17000000,0.00000000,False
2022-02-01 15:45:00,5925.30000000,12547.06000000,6084.30000000,0.00000000,False
2022-02-01 15:50:00,5961.90000000,12416.55000000,6132.10000000,0.00000000,False
2022-02-01 15:55:00,6048.10000000,12823.59000000,6132.05000000,0.00000000,False
2022-02-01 16:00:00,6151.15000000,13200.43000000,6116.89000000,0.00000000,False
2022-02-01 16:05:00,6199.66000000,13549.81000000,6117.67000000,0.00000000,False
2022-02-01 16:10:00,6441.01000000,14146.71000000,6080.84000000,0.00000000,False
2022-02-01 16:15:00,6542.18000000,13815.05000000,6080.83000000,0.00000000,False
2022-02-01 16:20:00,6420.88000000,13404.32000000,6080.92000000,0.00000000,False
2022-02-01 16:25:00,6224.24000000,13229.39000000,6080.97000000,0.00000000,False
2022-02-01 16:30:00,6224.89000000,13451.99000000,6136.86000000,0.00000000,False
2022-02-01 16:35:00,6293.65000000,13435.58000000,6136.86000000,0.00000000,False
2022-02-01 16:40:00,6275.98000000,13159.42000000,6136.99000000,0.00000000,False
2022-02-01 16:45:00,6243.14000000,12704.58000000,6136.87000000,0.00000000,False
2022-02-01 16:50:00,6199.67000000,12937.88000000,5994.92000000,0.00000000,False
2022-02-01 16:55:00,6320.66000000,13401.38000000,5841.04000000,0.00000000,False
2022-02-01 17:00:00,6259.23000000,13440.08000000,5788.65000000,0.00000000,False
2022-02-01 17:05:00,6386.32000000,13349.59000000,5788.58000000,0.00000000,False
2022-02-01 17:10:00,6323.80000000,12792.82000000,5788.54000000,0.00000000,False
2022-02-01 17:15:00,6137.44000000,12311.05000000,5776.61000000,0.00000000,False
2022-02-01 17:20:00,6117.85000000,11925.25000000,5788.57000000,0.00000000,False
2022-02-01 17:25:00,5985.18000000,11211.47000000,5788.64000000,0.00000000,False
2022-02-01 17:30:00,5791.25000000,10961.55000000,5776.55000000,0.00000000,False
2022-02-01 17:35:00,5535.72000000,10693.53000000,5769.36000000,0.00000000,False
2022-02-01 17:40:00,5337.51000000,10627.32000000,5743.55000000,0.00000000,False
2022-02-01 17:45:00,5202.55000000,10038.73000000,5739.57000000,0.00000000,False
2022-02-01 17:50:00,4975.47000000,9739.65000000,5740.40000000,0.00000000,False
2022-02-01 17:55:00,4841.44000000,9506.25000000,5740.68000000,0.00000000,False
2022-02-01 18:00:00,4740.40000000,9427.72000000,5678.38000000,0.00000000,False
2022-02-01 18:05:00,4668.45000000,9317.59000000,5804.12000000,0.00000000,False
2022-02-01 18:10:00,4632.51000000,9060.46000000,5825.75000000,0.00000000,False
2022-02-01 18:15:00,4588.13000000,9138.56000000,5826.28000000,0.00000000,False
2022-02-01 18:20:00,4649.50000000,9214.20000000,5825.48000000,0.00000000,False
2022-02-01 18:25:00,4657.88000000,9255.94000000,5825.75000000,0.00000000,False
2022-02-01 18:30:00,4689.30000000,9264.31000000,5825.81000000,0.00000000,False
2022-02-01 18:35:00,4774.27000000,9563.00000000,5825.82000000,0.00000000,False
2022-02-01 18:40:00,4962.00000000,9987.20000000,5832.70000000,0.00000000,False
2022-02-01 18:45:00,5114.81000000,10234.76000000,5831.65000000,0.00000000,False
2022-02-01 18:50:00,5351.72000000,10459.68000000,5831.61000000,0.00000000,False
2022-02-01 18:55:00,5303.49000000,10710.21000000,5830.76000000,0.00000000,False
2022-02-01 19:00:00,5397.94000000,11000.91000000,5860.28000000,0.00000000,False
2022-02-01 19:05:00,5486.71000000,11326.68000000,5860.44000000,0.00000000,False
2022-02-01 19:10:00,5545.96000000,11373.39000000,5916.69000000,0.00000000,False
2022-02-01 19:15:00,5583.94000000,11683.17000000,5916.69000000,0.00000000,False
2022-02-01 19:20:00,5754.31000000,12272.34000000,6128.70000000,0.00000000,False
2022-02-01 19:25:00,5854.36000000,12381.75000000,6128.89000000,0.00000000,False
2022-02-01 19:30:00,5961.58000000,12454.74000000,6128.92000000,0.00000000,False
2022-02-01 19:35:00,5978.30000000,12346.70000000,6129.08000000,0.00000000,False
2022-02-01 19:40:00,5991.00000000,12724.21000000,6129.17000000,0.00000000,False
2022-02-01 19:45:00,6071.33000000,12841.51000000,6129.21000000,0.00000000,False
2022-02-01 19:50:00,6097.47000000,12717.60000000,6128.94000000,0.00000000,False
2022-02-01 19:55:00,6157.97000000,12980.26000000,6129.06000000,0.00000000,False
2022-02-01 20:00:00,6213.74000000,13540.39000000,6266.94000000,0.00000000,False
2022-02-01 20:05:00,6478.60000000,13694.99000000,6267.06000000,0.00000000,False
2022-02-01 20:10:00,6525.93000000,13929.22000000,6267.18000000,0.00000000,False
2022-02-01 20:15:00,6585.84000000,14174.93000000,6268.35000000,0.00000000,False
2022-02-01 20:20:00,6710.55000000,14447.27000000,6268.09000000,0.00000000,False
2022-02-01 20:25:00,6809.19000000,14780.87000000,6268.02000000,0.00000000,False
2022-02-01 20:30:00,6821.48000000,15088.08000000,6268.03000000,0.00000000,False
2022-02-01 20:35:00,6856.97000000,15339.67000000,6267.95000000,0.00000000,False
2022-02-01 20:40:00,6826.46000000,15482.32000000,6268.23000000,0.00000000,False
2022-02-01 20:45:00,6831.44000000,15598.18000000,6268.38000000,0.00000000,False
2022-02-01 20:50:00,6836.83000000,15387.95000000,6267.89000000,0.00000000,False
2022-02-01 20:55:00,6805.23000000,15465.03000000,6268.01000000,0.00000000,False
2022-02-01 21:00:00,6521.95000000,14999.36000000,6191.13000000,0.00000000,False
2022-02-01 21:05:00,6474.00000000,14738.29000000,6191.93000000,0.00000000,False
2022-02-01 21:10:00,6481.70000000,14813.99000000,6193.45000000,0.00000000,False
2022-02-01 21:15:00,6595.08000000,15332.71000000,6194.44000000,0.00000000,False
2022-02-01 21:20:00,6598.44000000,15396.16000000,6195.76000000,0.00000000,False
2022-02-01 21:25:00,6639.78000000,15488.76000000,6194.72000000,0.00000000,False
2022-02-01 21:30:00,6691.10000000,15610.54000000,6193.51000000,0.00000000,False
2022-02-01 21:35:00,7005.73000000,16398.49000000,6193.58000000,0.00000000,False
2022-02-01 21:40:00,7234.57000000,16887.39000000,6193.76000000,0.00000000,False
2022-02-01 21:45:00,7438.59000000,17181.04000000,6194.51000000,0.00000000,False
2022-02-01 21:50:00,7539.39000000,17597.59000000,6197.24000000,0.00000000,False
2022-02-01 21:55:00,7438.90000000,17198.29000000,6196.52000000,0.00000000,False
2022-02-01 22:00:00,7275.32000000,17176.29000000,6174.85000000,0.00000000,False
2022-02-01 22:05:00,7191.87000000,16328.22000000,6174.76000000,0.00000000,False
2022-02-01 22:10:00,7037.89000000,15708.04000000,6174.56000000,0.00000000,False
2022-02-01 22:15:00,7031.29000000,15516.86000000,6174.50000000,0.00000000,False
2022-02-01 22:20:00,6950.05000000,15445.26000000,6173.65000000,0.00000000,False
2022-02-01 22:25:00,6857.72000000,15131.14000000,6174.57000000,0.00000000,False
2022-02-01 22:30:00,6737.20000000,15316.76000000,6174.51000000,0.00000000,False
2022-02-01 22:35:00,6835.22000000,15388.58000000,6224.57000000,0.00000000,False
2022-02-01 22:40:00,6687.93000000,15103.76000000,6224.60000000,0.00000000,False
2022-02-01 22:45:00,6748.67000000,15266.76000000,6224.45000000,0.00000000,False
2022-02-01 22:50:00,6842.77000000,15429.11000000,6224.29000000,0.00000000,False
2022-02-01 22:55:00,6857.57000000,15622.91000000,6224.37000000,0.00000000,False
2022-02-01 23:00:00,6923.21000000,15986.11000000,6228.50000000,0.00000000,False
2022-02-01 23:05:00,6968.60000000,16127.02000000,6226.72000000,0.00000000,False
2022-02-01 23:10:00,7010.78000000,16273.65000000,6236.93000000,0.00000000,False
2022-02-01 23:15:00,7031.27000000,16335.14000000,6237.26000000,0.00000000,False
2022-02-01 23:20:00,6985.20000000,16372.82000000,6235.08000000,0.00000000,False
2022-02-01 23:25:00,6945.68000000,16159.34000000,6262.79000000,0.00000000,False
2022-02-01 23:30:00,6941.21000000,16283.43000000,6263.78000000,0.00000000,False
2022-02-01 23:35:00,7008.83000000,16640.39000000,6263.53000000,0.00000000,False
2022-02-01 23:40:00,7020.16000000,16424.39000000,6263.68000000,0.00000000,False
2022-02-01 23:45:00,7006.55000000,16343.85000000,6263.65000000,0.00000000,False
2022-02-01 23:50:00,7008.98000000,16500.19000000,6263.78000000,0.00000000,False
2022-02-01 23:55:00,6946.72000000,16757.17000000,6263.44000000,0.00000000,False
2022-02-02 00:00:00,6908.24000000,16247.20000000,6141.47000000,0.00000000,False
2022-02-02 00:05:00,6865.37000000,16334.69000000,6151.49000000,0.00000000,False
2022-02-02 00:10:00,6823.39000000,16178.02000000,6152.66000000,0.00000000,False
2022-02-02 00:15:00,6886.50000000,16663.71000000,6152.38000000,0.00000000,False
2022-02-02 00:20:00,6909.58000000,16763.68000000,6152.50000000,0.00000000,False
2022-02-02 00:25:00,6962.27000000,17008.63000000,6153.10000000,0.00000000,False
2022-02-02 00:30:00,7055.11000000,17478.32000000,6152.04000000,0.00000000,False
2022-02-02 00:35:00,7014.14000000,17499.43000000,6151.93000000,0.00000000,False
2022-02-02 00:40:00,7105.65000000,17840.59000000,6142.54000000,0.00000000,False
2022-02-02 00:45:00,7158.17000000,17851.29000000,6132.67000000,0.00000000,False
2022-02-02 00:50:00,7212.21000000,18024.33000000,6133.28000000,0.00000000,False
2022-02-02 00:55:00,7239.81000000,18010.64000000,6132.99000000,0.00000000,False
2022-02-02 01:00:00,7290.97000000,18217.15000000,6201.41000000,0.00000000,False
2022-02-02 01:05:00,7345.10000000,18385.08000000,6201.12000000,0.00000000,False
2022-02-02 01:10:00,7344.21000000,18421.51000000,6202.22000000,0.00000000,False
2022-02-02 01:15:00,7313.68000000,18440.56000000,6200.53000000,0.00000000,False
2022-02-02 01:20:00,7339.01000000,18567.72000000,6201.65000000,0.00000000,False
2022-02-02 01:25:00,7459.36000000,19088.13000000,6200.86000000,0.00000000,False
2022-02-02 01:30:00,7459.36000000,19312.86000000,6201.58000000,0.00000000,False
2022-02-02 01:35:00,7593.31000000,19789.77000000,6201.74000000,0.00000000,False
2022-02-02 01:40:00,7606.96000000,19871.46000000,6202.71000000,0.00000000,False
2022-02-02 01:45:00,7612.11000000,19902.38000000,6203.12000000,0.00000000,False
2022-02-02 01:50:00,7606.10000000,19792.39000000,6204.00000000,0.00000000,False
2022-02-02 01:55:00,7588.18000000,19693.46000000,6203.77000000,0.00000000,False
2022-02-02 02:00:00,7627.18000000,20122.80000000,6208.63000000,0.00000000,False
2022-02-02 02:05:00,7664.37000000,20368.21000000,6209.66000000,0.00000000,False
2022-02-02 02:10:00,7671.76000000,20007.68000000,6210.43000000,0.00000000,False
2022-02-02 02:15:00,7620.18000000,19988.27000000,6210.67000000,0.00000000,False
2022-02-02 02:20:00,7630.44000000,19975.27000000,6210.88000000,0.00000000,False
2022-02-02 02:25:00,7567.86000000,19896.93000000,6210.57000000,0.00000000,False
2022-02-02 02:30:00,7622.72000000,20214.67000000,6209.09000000,0.00000000,False
2022-02-02 02:35:00,7652.04000000,20157.11000000,6209.68000000,0.00000000,False
2022-02-02 02:40:00,7677.68000000,20285.25000000,6208.75000000,0.00000000,False
2022-02-02 02:45:00,7702.03000000,20567.29000000,6211.49000000,0.00000000,False
2022-02-02 02:50:00,7770.46000000,20688.91000000,6210.40000000,0.00000000,False
2022-02-02 02:55:00,7744.75000000,20639.21000000,6209.70000000,0.00000000,False
2022-02-02 03:00:00,7886.83000000,20856.95000000,6213.72000000,0.00000000,False
2022-02-02 03:05:00,7807.28000000,20597.54000000,6216.65000000,0.00000000,False
2022-02-02 03:10:00,7828.21000000,20583.16000000,6217.37000000,0.00000000,False
2022-02-02 03:15:00,7784.96000000,20416.38000000,6216.30000000,0.00000000,False
2022-02-02 03:20:00,7762.44000000,20483.45000000,6217.75000000,0.00000000,False
2022-02-02 03:25:00,7777.49000000,20605.97000000,6217.38000000,0.00000000,False
2022-02-02 03:30:00,7775.49000000,20486.70000000,6218.02000000,0.00000000,False
2022-02-02 03:35:00,7767.84000000,20787.33000000,6219.20000000,0.00000000,False
2022-02-02 03:40:00,7758.71000000,20670.24000000,6219.21000000,0.00000000,False
2022-02-02 03:45:00,7819.48000000,20972.27000000,6218.16000000,0.00000000,False
2022-02-02 03:50:00,7875.37000000,21462.95000000,6218.54000000,0.00000000,False
2022-02-02 03:55:00,7892.46000000,21430.71000000,6217.76000000,0.00000000,False
2022-02-02 04:00:00,8028.03000000,21701.74000000,6222.21000000,0.00000000,False
2022-02-02 04:05:00,8005.85000000,21345.27000000,6219.28000000,0.00000000,False
2022-02-02 04:10:00,7960.61000000,21597.21000000,6221.39000000,0.00000000,False
2022-02-02 04:15:00,7995.08000000,21843.60000000,6221.82000000,0.00000000,False
2022-02-02 04:20:00,8074.34000000,21573.11000000,6221.05000000,0.00000000,False
2022-02-02 04:25:00,8001.60000000,21799.08000000,6222.81000000,0.00000000,False
2022-02-02 04:30:00,7985.85000000,21950.30000000,6222.44000000,0.00000000,False
2022-02-02 04:35:00,8013.73000000,21623.84000000,6221.51000000,0.00000000,False
2022-02-02 04:40:00,7972.26000000,21782.20000000,6221.27000000,0.00000000,False
2022-02-02 04:45:00,7942.02000000,21528.28000000,6221.61000000,0.00000000,False
2022-02-02 04:50:00,7869.50000000,21318.98000000,6271.97000000,0.00000000,False
2022-02-02 04:55:00,7846.33000000,21156.10000000,6278.23000000,0.00000000,False
2022-02-02 05:00:00,7958.51000000,20946.61000000,6287.44000000,0.00000000,False
2022-02-02 05:05:00,7897.49000000,20681.91000000,6289.47000000,0.00000000,False
2022-02-02 05:10:00,7761.91000000,20317.71000000,6288.92000000,0.00000000,False
2022-02-02 05:15:00,7714.96000000,19819.77000000,6289.95000000,0.00000000,False
2022-02-02 05:20:00,7662.20000000,19720.62000000,6290.85000000,0.00000000,False
2022-02-02 05:25:00,7605.50000000,19561.11000000,6291.41000000,0.00000000,False
2022-02-02 05:30:00,7635.51000000,19764.14000000,6290.62000000,0.00000000,False
2022-02-02 05:35:00,7635.37000000,19943.34000000,6289.62000000,0.00000000,False
2022-02-02 05:40:00,7636.67000000,19757.63000000,6291.35000000,0.00000000,False
2022-02-02 05:45:00,7611.45000000,19810.38000000,6290.58000000,0.00000000,False
2022-02-02 05:50:00,7728.86000000,20677.09000000,6291.58000000,0.00000000,False
2022-02-02 05:55:00,8177.39000000,22110.08000000,6293.80000000,0.00000000,False
2022-02-02 06:00:00,8422.02000000,22204.16000000,6415.03000000,0.00000000,False
2022-02-02 06:05:00,8303.98000000,21372.56000000,6359.31000000,0.00000000,False
2022-02-02 06:10:00,8219.31000000,20830.96000000,6362.07000000,0.00000000,False
2022-02-02 06:15:00,8178.07000000,20575.99000000,6362.94000000,0.00000000,False
2022-02-02 06:20:00,8120.46000000,20170.61000000,6363.03000000,0.00000000,False
2022-02-02 06:25:00,8004.57000000,20377.71000000,6362.00000000,0.00000000,False
2022-02-02 06:30:00,8021.77000000,19832.51000000,6363.21000000,0.00000000,False
2022-02-02 06:35:00,7992.06000000,19466.81000000,6363.13000000,0.00000000,False
2022-02-02 06:40:00,8030.18000000,20011.17000000,6362.13000000,0.00000000,False
2022-02-02 06:45:00,8039.95000000,20132.84000000,6363.06000000,0.00000000,False
2022-02-02 06:50:00,7937.40000000,19682.52000000,6361.31000000,0.00000000,False
2022-02-02 06:55:00,7982.10000000,19820.47000000,6362.87000000,0.00000000,False
2022-02-02 07:00:00,7982.05000000,19589.56000000,6373.93000000,0.00000000,False
2022-02-02 07:05:00,7891.98000000,19576.28000000,6376.96000000,0.00000000,False
2022-02-02 07:10:00,7899.64000000,19648.17000000,6376.17000000,0.00000000,False
2022-02-02 07:15:00,7870.66000000,20028.87000000,6375.55000000,0.00000000,False
2022-02-02 07:20:00,7884.29000000,20248.99000000,6376.28000000,0.00000000,False
2022-02-02 07:25:00,7937.39000000,20277.68000000,6376.32000000,0.00000000,False
2022-02-02 07:30:00,7910.89000000,20300.92000000,6376.22000000,0.00000000,False
2022-02-02 07:35:00,7927.32000000,19995.21000000,6376.07000000,0.00000000,False
2022-02-02 07:40:00,7855.78000000,20189.53000000,6376.15000000,0.00000000,False
2022-02-02 07:45:00,7887.68000000,20697.80000000,6375.00000000,0.00000000,False
2022-02-02 07:50:00,8061.20000000,20809.82000000,6373.16000000,0.00000000,False
2022-02-02 07:55:00,8052.05000000,20665.49000000,6375.16000000,0.00000000,False
2022-02-02 08:00:00,7779.14000000,19954.74000000,6359.55000000,0.00000000,False
2022-02-02 08:05:00,7770.33000000,19819.18000000,6356.61000000,0.00000000,False
2022-02-02 08:10:00,7702.77000000,19569.50000000,6355.74000000,0.00000000,False
2022-02-02 08:15:00,7717.00000000,19575.69000000,6356.73000000,0.00000000,False
2022-02-02 08:20:00,7580.60000000,19231.74000000,6355.81000000,0.00000000,False
2022-02-02 08:25:00,7428.97000000,19018.39000000,6352.69000000,0.00000000,False
2022-02-02 08:30:00,7511.63000000,19510.53000000,6353.73000000,0.00000000,False
2022-02-02 08:35:00,7675.89000000,20040.15000000,6352.61000000,0.00000000,False
2022-02-02 08:40:00,7886.83000000,21100.93000000,6352.70000000,0.00000000,False
2022-02-02 08:45:00,8149.62000000,21717.69000000,6352.73000000,0.00000000,False
2022-02-02 08:50:00,8177.11000000,21694.62000000,6351.68000000,0.00000000,False
2022-02-02 08:55:00,8195.71000000,21601.93000000,6351.74000000,0.00000000,False
2022-02-02 09:00:00,8463.49000000,22225.00000000,6400.61000000,0.00000000,False
2022-02-02 09:05:00,8552.27000000,22663.95000000,6450.90000000,0.00000000,False
2022-02-02 09:10:00,8578.52000000,22496.24000000,6451.12000000,0.00000000,False
2022-02-02 09:15:00,8663.96000000,22887.48000000,6450.31000000,0.00000000,False
2022-02-02 09:20:00,8667.53000000,22690.80000000,6451.29000000,0.00000000,False
2022-02-02 09:25:00,8753.64000000,22712.74000000,6451.13000000,0.00000000,False
2022-02-02 09:30:00,8681.92000000,22614.04000000,6451.17000000,0.00000000,False
2022-02-02 09:35:00,8655.30000000,22561.59000000,6451.09000000,0.00000000,False
2022-02-02 09:40:00,8664.39000000,22581.95000000,6450.08000000,0.00000000,False
2022-02-02 09:45:00,8674.22000000,22927.15000000,6448.60000000,0.00000000,False
2022-02-02 09:50:00,8696.51000000,23041.57000000,6447.65000000,0.00000000,False
2022-02-02 09:55:00,8732.58000000,22753.91000000,6449.98000000,0.00000000,False
2022-02-02 10:00:00,8631.35000000,22666.48000000,6431.03000000,0.00000000,False
2022-02-02 10:05:00,8559.18000000,22512.55000000,6484.51000000,0.00000000,False
2022-02-02 10:10:00,8599.19000000,22645.60000000,6485.50000000,0.00000000,False
2022-02-02 10:15:00,8567.48000000,22608.05000000,6484.76000000,0.00000000,False
2022-02-02 10:20:00,8576.71000000,22766.25000000,6484.26000000,0.00000000,False
2022-02-02 10:25:00,8668.87000000,22539.64000000,6484.50000000,0.00000000,False
2022-02-02 10:30:00,8641.75000000,22091.14000000,6480.44000000,0.00000000,False
2022-02-02 10:35:00,8659.99000000,22142.32000000,6481.43000000,0.00000000,False
2022-02-02 10:40:00,8610.50000000,21678.33000000,6483.35000000,0.00000000,False
2022-02-02 10:45:00,8612.38000000,21658.60000000,6482.31000000,0.00000000,False
2022-02-02 10:50:00,8675.87000000,22320.09000000,6480.05000000,0.00000000,False
2022-02-02 10:55:00,8675.49000000,22444.43000000,6478.19000000,0.00000000,False
2022-02-02 11:00:00,8695.33000000,22089.23000000,6439.99000000,0.00000000,False
2022-02-02 11:05:00,8655.60000000,21759.76000000,6445.60000000,0.00000000,False
2022-02-02 11:10:00,8616.17000000,21476.02000000,6445.83000000,0.00000000,False
2022-02-02 11:15:00,8579.68000000,21396.76000000,6445.91000000,0.00000000,False
2022-02-02 11:20:00,8643.28000000,21304.44000000,6443.58000000,0.00000000,False
2022-02-02 11:25:00,8479.13000000,21314.86000000,6444.08000000,0.00000000,False
2022-02-02 11:30:00,8606.71000000,20881.74000000,6444.30000000,0.00000000,False
2022-02-02 11:35:00,8448.16000000,20691.99000000,6441.29000000,0.00000000,False
2022-02-02 11:40:00,8451.60000000,20516.02000000,6440.08000000,0.00000000,False
2022-02-02 11:45:00,8618.10000000,21102.56000000,6438.70000000,0.00000000,False
2022-02-02 11:50:00,8610.10000000,20978.40000000,6436.76000000,0.00000000,False
2022-02-02 11:55:00,8616.75000000,20632.88000000,6436.88000000,0.00000000,False
2022-02-02 12:00:00,8500.92000000,20438.96000000,6380.42000000,0.00000000,False
2022-02-02 12:05:00,8489.18000000,20619.65000000,6477.19000000,0.00000000,False
2022-02-02 12:10:00,8472.55000000,20774.89000000,6486.37000000,0.00000000,False
2022-02-02 12:15:00,8408.53000000,20945.24000000,6487.97000000,0.00000000,False
2022-02-02 12:20:00,8443.31000000,21369.37000000,6487.16000000,0.00000000,False
2022-02-02 12:25:00,8498.17000000,21309.52000000,6487.63000000,0.00000000,False
2022-02-02 12:30:00,8487.62000000,21308.26000000,6486.37000000,0.00000000,False
2022-02-02 12:35:00,8481.56000000,20918.00000000,6483.26000000,0.00000000,False
2022-02-02 12:40:00,8448.71000000,20803.96000000,6484.43000000,0.00000000,False
2022-02-02 12:45:00,8398.92000000,20827.32000000,6484.11000000,0.00000000,False
2022-02-02 12:50:00,8375.68000000,21032.51000000,6485.03000000,0.00000000,False
2022-02-02 12:55:00,8394.52000000,21435.12000000,6485.65000000,0.00000000,False
2022-02-02 13:00:00,8346.14000000,20945.75000000,6502.86000000,0.00000000,False
2022-02-02 13:05:00,8335.49000000,20637.32000000,6503.11000000,0.00000000,False
2022-02-02 13:10:00,8239.26000000,20664.64000000,6505.72000000,0.00000000,False
2022-02-02 13:15:00,8213.59000000,20930.38000000,6502.21000000,0.00000000,False
2022-02-02 13:20:00,8317.81000000,21000.65000000,6499.22000000,0.00000000,False
2022-02-02 13:25:00,8300.07000000,20685.80000000,6502.90000000,0.00000000,False
2022-02-02 13:30:00,8311.70000000,20440.06000000,6498.76000000,0.00000000,False
2022-02-02 13:35:00,8181.70000000,20227.57000000,6499.27000000,0.00000000,False
2022-02-02 13:40:00,8236.45000000,20093.99000000,6499.93000000,0.00000000,False
2022-02-02 13:45:00,8085.96000000,20029.55000000,6499.97000000,0.00000000,False
2022-02-02 13:50:00,8145.82000000,20443.20000000,6499.56000000,0.00000000,False
2022-02-02 13:55:00,8493.74000000,21046.91000000,6499.68000000,0.00000000,False
2022-02-02 14:00:00,8598.61000000,21021.67000000,6543.98000000,0.00000000,False
2022-02-02 14:05:00,8695.55000000,21636.66000000,6422.87000000,0.00000000,False
2022-02-02 14:10:00,8696.69000000,21852.07000000,6411.58000000,0.00000000,False
2022-02-02 14:15:00,8721.05000000,21318.77000000,6539.25000000,0.00000000,False
2022-02-02 14:20:00,8647.03000000,21290.50000000,6537.58000000,0.00000000,False
2022-02-02 14:25:00,8530.03000000,21275.25000000,6537.77000000,0.00000000,False
2022-02-02 14:30:00,8502.05000000,20924.08000000,6537.18000000,0.00000000,False
2022-02-02 14:35:00,8494.75000000,20758.91000000,6538.62000000,0.00000000,False
2022-02-02 14:40:00,8488.54000000,20562.64000000,6538.94000000,0.00000000,False
2022-02-02 14:45:00,8527.04000000,20620.45000000,6579.48000000,0.00000000,False
2022-02-02 14:50:00,8467.30000000,20739.80000000,6538.85000000,0.00000000,False
2022-02-02 14:55:00,8500.22000000,21425.65000000,6538.23000000,0.00000000,False
2022-02-02 15:00:00,8903.84000000,22175.85000000,6539.46000000,10.00930000,False
2022-02-02 15:05:00,9158.16000000,22995.55000000,6489.40000000,2.12520000,False
2022-02-02 15:10:00,9150.51000000,22942.00000000,6449.67000000,2.12520000,False
2022-02-02 15:15:00,9173.23000000,22509.23000000,6504.24000000,9.50860000,False
2022-02-02 15:20:00,9101.07000000,22005.60000000,6450.77000000,0.09750000,False
2022-02-02 15:25:00,8995.20000000,22100.77000000,6452.72000000,3.94190000,False
2022-02-02 15:30:00,9000.00000000,22275.73000000,6509.97000000,9.42680000,False
2022-02-02 15:35:00,8949.72000000,22002.20000000,6514.39000000,0.02960000,False
2022-02-02 15:40:00,9004.09000000,22356.00000000,6515.78000000,3.50620000,False
2022-02-02 15:45:00,8941.36000000,22160.56000000,6516.77000000,0.00000000,False
2022-02-02 15:50:00,9053.69000000,22624.27000000,6518.24000000,0.00000000,False
2022-02-02 15:55:00,9317.34000000,23697.52000000,6520.53000000,8.66910000,False
2022-02-02 16:00:00,9746.56000000,24711.95000000,6524.03000000,11.21220000,False
2022-02-02 16:05:00,9744.48000000,24626.65000000,6523.39000000,0.00000000,False
2022-02-02 16:10:00,9595.95000000,24241.73000000,6530.74000000,0.06670000,False
2022-02-02 16:15:00,9718.51000000,24738.87000000,6530.23000000,11.89160000,False
2022-02-02 16:20:00,9743.32000000,24673.95000000,6527.05000000,0.69350000,False
2022-02-02 16:25:00,9716.60000000,24408.21000000,6530.79000000,0.00000000,False
2022-02-02 16:30:00,9640.63000000,24070.18000000,6528.98000000,0.00000000,False
2022-02-02 16:35:00,9659.08000000,23876.41000000,6531.82000000,0.00000000,False
2022-02-02 16:40:00,9701.91000000,24022.60000000,6530.21000000,0.00000000,False
2022-02-02 16:45:00,9693.64000000,23765.76000000,6572.09000000,0.00000000,False
2022-02-02 16:50:00,9728.19000000,23737.68000000,6532.20000000,0.00000000,False
2022-02-02 16:55:00,9906.62000000,23751.56000000,6430.95000000,0.00000000,False
2022-02-02 17:00:00,10096.97000000,23436.52000000,6440.45000000,0.00000000,False
2022-02-02 17:05:00,10185.58000000,23714.78000000,6441.58000000,0.00000000,False
2022-02-02 17:10:00,10076.42000000,23956.04000000,6440.48000000,0.00000000,False
2022-02-02 17:15:00,10074.76000000,23573.83000000,6524.59000000,0.00000000,False
2022-02-02 17:20:00,9899.50000000,22813.79000000,6527.05000000,0.00000000,False
2022-02-02 17:25:00,9819.69000000,22862.38000000,6567.64000000,0.00000000,False
2022-02-02 17:30:00,9647.04000000,22275.35000000,6567.97000000,0.00000000,False
2022-02-02 17:35:00,9589.20000000,22013.46000000,6525.14000000,0.00000000,False
2022-02-02 17:40:00,9571.85000000,22004.38000000,6523.87000000,0.00000000,False
2022-02-02 17:45:00,9279.32000000,21466.87000000,6525.52000000,0.00000000,False
2022-02-02 17:50:00,9129.19000000,21182.44000000,6523.73000000,0.00000000,False
2022-02-02 17:55:00,9014.53000000,20849.94000000,6466.56000000,0.00000000,False
2022-02-02 18:00:00,9188.19000000,21083.80000000,6435.91000000,0.00000000,False
2022-02-02 18:05:00,9175.58000000,21159.78000000,6435.96000000,0.00000000,False
2022-02-02 18:10:00,9400.01000000,20855.95000000,6435.77000000,0.00000000,False
2022-02-02 18:15:00,9337.68000000,20916.30000000,6435.88000000,0.00000000,False
2022-02-02 18:20:00,9435.01000000,20976.58000000,6435.84000000,0.00000000,False
2022-02-02 18:25:00,9466.72000000,20797.12000000,6435.89000000,0.00000000,False
2022-02-02 18:30:00,9416.47000000,20836.54000000,6393.26000000,0.04800000,False
2022-02-02 18:35:00,9519.91000000,21083.61000000,6393.36000000,0.08590000,False
2022-02-02 18:40:00,9515.03000000,21152.64000000,6393.27000000,0.12250000,False
2022-02-02 18:45:00,9349.19000000,21000.21000000,6437.39000000,0.12270000,False
2022-02-02 18:50:00,9356.56000000,20597.48000000,6437.11000000,0.14010000,False
2022-02-02 18:55:00,9337.70000000,21197.21000000,6437.34000000,0.21470000,False
2022-02-02 19:00:00,9420.37000000,21444.02000000,6448.63000000,0.57530000,False
2022-02-02 19:05:00,9316.29000000,21341.23000000,6249.49000000,0.40930000,False
2022-02-02 19:10:00,9264.51000000,21294.12000000,6249.54000000,0.44090000,False
2022-02-02 19:15:00,9298.04000000,21390.37000000,6349.39000000,0.25980000,False
2022-02-02 19:20:00,9369.82000000,21559.69000000,6349.60000000,0.32200000,False
2022-02-02 19:25:00,9354.89000000,21604.40000000,6349.54000000,0.61410000,False
2022-02-02 19:30:00,9246.55000000,22228.09000000,6349.48000000,1.78320000,False
2022-02-02 19:35:00,9196.97000000,22212.92000000,6349.11000000,1.37490000,False
2022-02-02 19:40:00,9030.64000000,21187.50000000,6349.74000000,1.45110000,False
2022-02-02 19:45:00,9132.83000000,21734.53000000,6349.61000000,2.87350000,False
2022-02-02 19:50:00,9182.34000000,21767.46000000,6233.44000000,2.92360000,False
2022-02-02 19:55:00,9121.07000000,21799.08000000,6233.52000000,2.88400000,False
2022-02-02 20:00:00,9133.39000000,21746.57000000,6176.82000000,1.78440000,False
2022-02-02 20:05:00,9115.44000000,21545.78000000,6225.40000000,2.88960000,False
2022-02-02 20:10:00,9057.41000000,21686.26000000,6225.27000000,1.58120000,False
2022-02-02 20:15:00,8976.46000000,21792.49000000,6225.00000000,1.73510000,False
2022-02-02 20:20:00,9085.00000000,21613.41000000,6225.05000000,0.89040000,False
2022-02-02 20:25:00,9062.07000000,21029.62000000,6225.10000000,0.57890000,False
2022-02-02 20:30:00,9243.97000000,21354.85000000,6225.08000000,0.80400000,False
2022-02-02 20:35:00,9280.96000000,21630.31000000,6225.32000000,2.93250000,False
2022-02-02 20:40:00,9381.34000000,21974.71000000,6225.38000000,2.67020000,False
2022-02-02 20:45:00,9395.15000000,21298.72000000,6225.12000000,0.93320000,False
2022-02-02 20:50:00,9443.17000000,21827.23000000,6224.96000000,1.21930000,False
2022-02-02 20:55:00,9496.09000000,22141.07000000,6225.00000000,2.93340000,False
2022-02-02 21:00:00,9339.54000000,22031.65000000,6217.95000000,2.34790000,False
2022-02-02 21:05:00,9336.22000000,22017.79000000,6219.56000000,4.55890000,False
2022-02-02 21:10:00,9576.25000000,22392.58000000,6276.27000000,2.49670000,False
2022-02-02 21:15:00,9595.51000000,22353.47000000,6276.27000000,2.39320000,False
2022-02-02 21:20:00,9709.72000000,22287.45000000,6276.48000000,2.01610000,False
2022-02-02 21:25:00,9837.96000000,22972.29000000,6277.46000000,2.75700000,False
2022-02-02 21:30:00,9881.83000000,22861.01000000,6279.04000000,0.06620000,False
2022-02-02 21:35:00,9881.43000000,22863.75000000,6279.47000000,0.48190000,False
2022-02-02 21:40:00,9777.30000000,22661.51000000,6279.48000000,0.06710000,False
2022-02-02 21:45:00,9875.65000000,22975.13000000,6280.48000000,0.06430000,False
2022-02-02 21:50:00,9891.33000000,22938.37000000,6281.17000000,0.37840000,False
2022-02-02 21:55:00,9843.35000000,22739.62000000,6281.00000000,1.89850000,False
2022-02-02 22:00:00,9869.63000000,22907.69000000,6281.35000000,1.45120000,False
2022-02-02 22:05:00,9898.62000000,23236.50000000,6284.67000000,3.81890000,False
2022-02-02 22:10:00,10027.94000000,23892.09000000,6291.47000000,5.14970000,False
2022-02-02 22:15:00,10388.61000000,24600.12000000,6295.53000000,5.31540000,False
2022-02-02 22:20:00,10453.34000000,24957.10000000,6297.74000000,5.29860000,False
2022-02-02 22:25:00,10639.45000000,25015.45000000,6298.63000000,2.67360000,False
2022-02-02 22:30:00,10645.41000000,24732.78000000,6298.56000000,2.01010000,False
2022-02-02 22:35:00,10794.05000000,24791.13000000,6300.63000000,2.09720000,False
2022-02-02 22:40:00,10670.98000000,25187.00000000,6301.73000000,1.96250000,False
2022-02-02 22:45:00,10667.36000000,25087.80000000,6304.71000000,1.89830000,False
2022-02-02 22:50:00,10729.57000000,25524.47000000,6305.34000000,7.86790000,False
2022-02-02 22:55:00,10859.89000000,26138.94000000,6305.15000000,15.97730000,False
2022-02-02 23:00:00,10993.25000000,26543.60000000,6307.63000000,15.98310000,False
2022-02-02 23:05:00,11087.27000000,26690.47000000,6307.84000000,2.18990000,False
2022-02-02 23:10:00,11176.99000000,26675.31000000,6307.71000000,1.66110000,False
2022-02-02 23:15:00,11111.84000000,26428.98000000,6307.58000000,1.73430000,False
2022-02-02 23:20:00,11158.60000000,26655.25000000,6307.54000000,1.38560000,False
2022-02-02 23:25:00,11097.90000000,26968.91000000,6307.62000000,1.26850000,False
2022-02-02 23:30:00,11060.57000000,26840.97000000,6307.59000000,8.12520000,False
2022-02-02 23:35:00,11060.24000000,26976.45000000,6308.67000000,8.01450000,False
2022-02-02 23:40:00,11215.89000000,27003.96000000,6309.55000000,1.06630000,False
2022-02-02 23:45:00,11211.13000000,27203.24000000,6309.53000000,1.05900000,False
2022-02-02 23:50:00,11174.20000000,27628.56000000,6262.36000000,15.81400000,False
2022-02-02 23:55:00,11171.67000000,27637.43000000,6261.24000000,16.05410000,False
2022-02-03 00:00:00,10895.85000000,27153.67000000,6389.16000000,7.90550000,False
2022-02-03 00:05:00,11003.34000000,27378.36000000,6391.10000000,16.45550000,False
2022-02-03 00:10:00,10989.93000000,27495.38000000,6392.09000000,15.39270000,False
2022-02-03 00:15:00,10996.81000000,27351.29000000,6393.88000000,7.74560000,False
2022-02-03 00:20:00,10957.93000000,27086.55000000,6394.31000000,1.87380000,False
2022-02-03 00:25:00,11007.60000000,27524.53000000,6394.23000000,7.64090000,False
2022-02-03 00:30:00,11027.35000000,27994.10000000,6395.23000000,16.79010000,False
2022-02-03 00:35:00,10943.39000000,27373.38000000,6394.27000000,0.03830000,False
2022-02-03 00:40:00,10981.70000000,27405.18000000,6395.26000000,1.80190000,False
2022-02-03 00:45:00,11017.77000000,27781.88000000,6395.12000000,6.50950000,False
2022-02-03 00:50:00,11004.38000000,27857.66000000,6394.87000000,15.70700000,False
2022-02-03 00:55:00,10975.63000000,27836.19000000,6395.21000000,15.72070000,False
2022-02-03 01:00:00,11018.30000000,27858.40000000,6403.73000000,2.37720000,False
2022-02-03 01:05:00,11067.43000000,28111.32000000,6180.57000000,0.68870000,False
2022-02-03 01:10:00,11010.82000000,28190.13000000,6180.61000000,0.61970000,False
2022-02-03 01:15:00,10970.86000000,27905.51000000,6180.66000000,0.17290000,False
2022-02-03 01:20:00,11034.37000000,27779.29000000,6182.74000000,0.00000000,False
2022-02-03 01:25:00,11039.06000000,27920.05000000,6181.80000000,0.00000000,False
2022-02-03 01:30:00,11105.53000000,27659.29000000,6181.66000000,0.00000000,False
2022-02-03 01:35:00,11100.60000000,27870.50000000,6183.44000000,0.00000000,False
2022-02-03 01:40:00,11193.44000000,28204.89000000,6184.69000000,0.79730000,False
2022-02-03 01:45:00,11249.33000000,28625.38000000,6184.80000000,2.24750000,False
2022-02-03 01:50:00,11197.43000000,28870.70000000,6185.56000000,2.03230000,False
2022-02-03 01:55:00,11229.72000000,28833.94000000,6185.32000000,1.88310000,False
2022-02-03 02:00:00,11371.88000000,28847.79000000,6202.85000000,0.83840000,False
2022-02-03 02:05:00,11338.29000000,28678.20000000,6094.25000000,15.26810000,False
2022-02-03 02:10:00,11306.76000000,28896.25000000,6092.06000000,16.43080000,False
2022-02-03 02:15:00,11239.30000000,28394.38000000,6094.32000000,11.00430000,False
2022-02-03 02:20:00,11181.53000000,28490.15000000,6094.10000000,15.33120000,False
2022-02-03 02:25:00,11294.59000000,28566.34000000,6094.98000000,14.78400000,False
2022-02-03 02:30:00,11304.40000000,28786.62000000,6094.87000000,14.58980000,False
2022-02-03 02:35:00,11295.73000000,28571.35000000,6093.79000000,8.23170000,False
2022-02-03 02:40:00,11223.54000000,28513.66000000,6094.60000000,2.22680000,False
2022-02-03 02:45:00,11131.69000000,28095.30000000,6093.87000000,0.00000000,False
2022-02-03 02:50:00,11181.77000000,28583.86000000,6091.57000000,2.66940000,False
2022-02-03 02:55:00,11256.46000000,28821.33000000,6092.53000000,7.53010000,False
2022-02-03 03:00:00,11370.47000000,28826.38000000,6064.83000000,1.00900000,False
2022-02-03 03:05:00,11482.52000000,28778.80000000,6059.43000000,0.00000000,False
2022-02-03 03:10:00,11508.39000000,29122.82000000,6059.73000000,2.63950000,False
2022-02-03 03:15:00,11431.84000000,29088.93000000,6059.01000000,1.02690000,False
2022-02-03 03:20:00,11373.24000000,29100.53000000,6059.23000000,2.69340000,False
2022-02-03 03:25:00,11418.11000000,29348.02000000,6060.34000000,4.66390000,False
2022-02-03 03:30:00,11392.91000000,29218.41000000,6060.87000000,9.88590000,False
2022-02-03 03:35:00,11332.52000000,29096.09000000,6060.81000000,1.22320000,False
2022-02-03 03:40:00,11415.88000000,29185.56000000,6060.84000000,0.90830000,False
2022-02-03 03:45:00,11487.63000000,29030.25000000,6060.20000000,0.00000000,False
2022-02-03 03:50:00,11414.83000000,29123.87000000,6061.27000000,0.66410000,False
2022-02-03 03:55:00,11493.39000000,29247.80000000,6014.40000000,0.93670000,False
2022-02-03 04:00:00,11573.49000000,28860.03000000,6025.08000000,0.74810000,False
2022-02-03 04:05:00,11669.00000000,29137.90000000,6023.13000000,0.84930000,False
2022-02-03 04:10:00,11665.79000000,29057.58000000,6023.20000000,0.97800000,False
2022-02-03 04:15:00,11664.45000000,29049.74000000,6023.08000000,1.02080000,False
2022-02-03 04:20:00,11685.31000000,28873.55000000,6023.31000000,0.95060000,False
2022-02-03 04:25:00,11737.28000000,28807.98000000,6023.35000000,0.57580000,False
2022-02-03 04:30:00,11672.86000000,28861.13000000,6023.16000000,1.32010000,False
2022-02-03 04:35:00,11656.17000000,28359.57000000,6023.26000000,0.00000000,False
2022-02-03 04:40:00,11481.41000000,28350.41000000,6023.22000000,1.56720000,False
2022-02-03 04:45:00,11477.67000000,28562.29000000,6023.27000000,1.52230000,False
2022-02-03 04:50:00,11676.02000000,28758.15000000,5972.92000000,0.93500000,False
2022-02-03 04:55:00,11738.30000000,28367.69000000,5973.11000000,1.02810000,False
2022-02-03 05:00:00,11613.26000000,27846.58000000,5946.69000000,1.15370000,False
2022-02-03 05:05:00,11328.54000000,27255.64000000,5896.08000000,0.00000000,False
2022-02-03 05:10:00,11579.64000000,27695.28000000,5895.91000000,0.00000000,False
2022-02-03 05:15:00,11632.20000000,27617.06000000,5895.92000000,0.67020000,False
2022-02-03 05:20:00,11590.66000000,27724.39000000,5895.90000000,1.47050000,False
2022-02-03 05:25:00,11509.55000000,27884.61000000,5895.88000000,2.81200000,False
2022-02-03 05:30:00,11498.60000000,27655.51000000,5896.12000000,2.95610000,False
2022-02-03 05:35:00,11330.97000000,27176.10000000,5895.96000000,0.00000000,False
2022-02-03 05:40:00,11244.50000000,26995.35000000,5398.10000000,0.00000000,False
2022-02-03 05:45:00,11495.13000000,27532.16000000,5398.22000000,0.03810000,False
2022-02-03 05:50:00,11621.56000000,28023.12000000,5397.93000000,2.15380000,False
2022-02-03 05:55:00,11477.10000000,27437.44000000,5397.92000000,0.02260000,False
2022-02-03 06:00:00,11331.36000000,26648.97000000,5660.87000000,0.00000000,False
2022-02-03 06:05:00,11477.86000000,26706.70000000,5660.69000000,0.00000000,False
2022-02-03 06:10:00,11484.48000000,26423.14000000,5660.59000000,0.00000000,False
2022-02-03 06:15:00,11428.63000000,26048.55000000,5660.62000000,0.00000000,False
2022-02-03 06:20:00,11207.21000000,25917.79000000,5461.42000000,1.84100000,False
2022-02-03 06:25:00,11347.46000000,25814.28000000,5461.20000000,2.06250000,False
2022-02-03 06:30:00,11054.98000000,25711.07000000,5461.20000000,2.42270000,False
2022-02-03 06:35:00,10796.74000000,25033.73000000,5511.24000000,2.58340000,False
2022-02-03 06:40:00,10765.78000000,25105.55000000,5511.26000000,1.81230000,False
2022-02-03 06:45:00,10576.45000000,24698.28000000,5511.24000000,1.41670000,False
2022-02-03 06:50:00,10571.77000000,24085.56000000,5511.14000000,1.95110000,False
2022-02-03 06:55:00,10762.44000000,24464.78000000,5511.04000000,2.28670000,False
2022-02-03 07:00:00,10659.15000000,24123.73000000,5661.96000000,2.34730000,False
2022-02-03 07:05:00,10569.81000000,23913.72000000,5408.00000000,1.83690000,False
2022-02-03 07:10:00,10547.63000000,23796.18000000,5407.88000000,1.91200000,False
2022-02-03 07:15:00,10406.27000000,23573.87000000,5407.82000000,2.44130000,False
2022-02-03 07:20:00,10435.32000000,23452.34000000,5407.85000000,4.15330000,False
2022-02-03 07:25:00,10442.79000000,23049.18000000,5407.87000000,2.86180000,False
2022-02-03 07:30:00,10197.85000000,22902.59000000,5407.93000000,2.33960000,False
2022-02-03 07:35:00,9960.48000000,22198.68000000,5407.98000000,2.01340000,False
2022-02-03 07:40:00,10014.12000000,22866.46000000,5407.90000000,2.28410000,False
2022-02-03 07:45:00,10074.74000000,23058.50000000,5407.93000000,2.16830000,False
2022-02-03 07:50:00,10063.11000000,22815.66000000,5407.74000000,2.26820000,False
2022-02-03 07:55:00,9995.68000000,22817.72000000,5407.71000000,2.60470000,False
2022-02-03 08:00:00,9612.13000000,21824.75000000,5328.84000000,2.66720000,False
2022-02-03 08:05:00,9806.38000000,22163.02000000,5328.83000000,2.06360000,False
2022-02-03 08:10:00,9735.25000000,22216.48000000,5336.86000000,2.59890000,False
2022-02-03 08:15:00,9586.87000000,21775.82000000,5336.84000000,1.77650000,False
2022-02-03 08:20:00,9544.87000000,21730.43000000,5336.96000000,1.60520000,False
2022-02-03 08:25:00,9459.88000000,21597.09000000,5436.85000000,2.06980000,False
2022-02-03 08:30:00,9470.83000000,21472.97000000,5437.01000000,1.77440000,False
2022-02-03 08:35:00,9394.83000000,21213.04000000,5436.92000000,1.67870000,False
2022-02-03 08:40:00,9355.78000000,21198.78000000,5436.97000000,1.72490000,False
2022-02-03 08:45:00,9339.18000000,21114.66000000,5437.31000000,1.86610000,False
2022-02-03 08:50:00,9154.85000000,20956.35000000,5437.88000000,2.02890000,False
2022-02-03 08:55:00,9136.81000000,21065.64000000,5437.91000000,2.02040000,False
2022-02-03 09:00:00,9077.75000000,20780.42000000,5420.58000000,3.92760000,False
2022-02-03 09:05:00,9015.88000000,20675.66000000,5436.46000000,1.64330000,False
2022-02-03 09:10:00,8786.26000000,20509.50000000,5436.38000000,3.63620000,False
2022-02-03 09:15:00,8860.22000000,20774.80000000,5436.59000000,5.04180000,False
2022-02-03 09:20:00,8822.36000000,20793.39000000,5436.90000000,4.59180000,False
2022-02-03 09:25:00,8808.18000000,20890.88000000,5435.41000000,4.66230000,False
2022-02-03 09:30:00,8826.17000000,20921.02000000,5436.58000000,5.51500000,False
2022-02-03 09:35:00,8859.81000000,20872.21000000,5265.60000000,5.03430000,False
2022-02-03 09:40:00,9020.63000000,21066.05000000,5265.57000000,3.30770000,False
2022-02-03 09:45:00,8912.53000000,21036.54000000,5264.78000000,4.15230000,False
2022-02-03 09:50:00,8964.06000000,20760.58000000,5264.51000000,2.65040000,False
2022-02-03 09:55:00,8846.56000000,20957.27000000,5264.33000000,3.50640000,False
2022-02-03 10:00:00,8788.32000000,20934.26000000,5176.87000000,4.63520000,False
2022-02-03 10:05:00,8885.59000000,20758.38000000,5174.95000000,2.10920000,False
2022-02-03 10:10:00,8816.68000000,20948.41000000,5165.01000000,3.72440000,False
2022-02-03 10:15:00,8833.01000000,20835.04000000,5165.10000000,3.31950000,False
2022-02-03 10:20:00,8698.53000000,20390.08000000,5165.22000000,2.81050000,False
2022-02-03 10:25:00,8717.68000000,20490.52000000,5165.18000000,2.49340000,False
2022-02-03 10:30:00,8630.84000000,20315.10000000,5114.87000000,2.60010000,False
2022-02-03 10:35:00,8661.22000000,20198.94000000,5115.03000000,2.29990000,False
2022-02-03 10:40:00,8758.93000000,20439.09000000,5096.38000000,4.53420000,False
2022-02-03 10:45:00,8604.76000000,20274.26000000,5096.36000000,5.21040000,False
2022-02-03 10:50:00,8683.79000000,20516.14000000,5096.20000000,5.10410000,False
2022-02-03 10:55:00,8717.47000000,20287.45000000,5046.31000000,3.66020000,False
2022-02-03 11:00:00,8709.27000000,20561.33000000,5138.82000000,2.86870000,False
2022-02-03 11:05:00,8822.48000000,20999.71000000,5032.36000000,3.66850000,False
2022-02-03 11:10:00,8863.12000000,20891.50000000,5032.29000000,4.64760000,False
2022-02-03 11:15:00,8881.44000000,20740.98000000,5033.21000000,3.67440000,False
2022-02-03 11:20:00,8882.52000000,20786.03000000,5033.22000000,3.34060000,False
2022-02-03 11:25:00,8632.85000000,20323.16000000,5033.36000000,3.21950000,False
2022-02-03 11:30:00,8594.70000000,20130.48000000,5033.39000000,3.33300000,False
2022-02-03 11:35:00,8545.89000000,19996.54000000,5033.28000000,3.22770000,False
2022-02-03 11:40:00,8506.81000000,20034.30000000,5033.29000000,5.08270000,False
2022-02-03 11:45:00,8589.12000000,20037.63000000,5033.46000000,5.11580000,False
2022-02-03 11:50:00,8421.81000000,19781.41000000,5032.94000000,2.38420000,False
2022-02-03 11:55:00,8537.48000000,19897.28000000,5033.19000000,4.81600000,False
2022-02-03 12:00:00,8424.48000000,19712.89000000,5155.54000000,2.47740000,False
2022-02-03 12:05:00,8492.61000000,19827.84000000,4894.27000000,6.16250000,False
2022-02-03 12:10:00,8478.63000000,20086.90000000,4896.29000000,5.68700000,False
2022-02-03 12:15:00,8427.63000000,20260.40000000,4896.22000000,6.88060000,False
2022-02-03 12:20:00,8622.83000000,20462.23000000,4896.14000000,4.96740000,False
2022-02-03 12:25:00,8907.20000000,20890.29000000,4896.38000000,5.89880000,False
2022-02-03 12:30:00,8777.86000000,20537.91000000,4894.33000000,4.72950000,False
2022-02-03 12:35:00,8840.37000000,20426.95000000,4914.88000000,4.87840000,False
2022-02-03 12:40:00,8827.37000000,20751.60000000,4912.84000000,4.60070000,False
2022-02-03 12:45:00,8970.41000000,20916.82000000,4912.90000000,5.60540000,False
2022-02-03 12:50:00,8972.17000000,21005.13000000,4912.67000000,5.17150000,False
2022-02-03 12:55:00,8773.96000000,20788.70000000,4912.87000000,5.32110000,False
2022-02-03 13:00:00,8871.68000000,20854.82000000,4917.07000000,5.02080000,False
2022-02-03 13:05:00,8854.47000000,20468.91000000,4916.99000000,4.17320000,False
2022-02-03 13:10:00,8778.77000000,20435.32000000,4916.98000000,4.38600000,False
2022-02-03 13:15:00,8875.89000000,20609.95000000,4916.98000000,4.27290000,False
2022-02-03 13:20:00,8902.59000000,20821.08000000,4917.10000000,4.70180000,False
2022-02-03 13:25:00,9031.68000000,21091.45000000,4918.20000000,6.40740000,False
2022-02-03 13:30:00,8972.45000000,20693.42000000,4917.12000000,5.45080000,False
2022-02-03 13:35:00,9028.52000000,21214.12000000,4917.13000000,6.27270000,False
2022-02-03 13:40:00,9088.76000000,21104.25000000,4917.13000000,4.49190000,False
2022-02-03 13:45:00,9018.18000000,21156.69000000,4916.99000000,3.63590000,False
2022-02-03 13:50:00,8916.23000000,21003.24000000,4964.71000000,4.02000000,False
2022-02-03 13:55:00,9011.98000000,21224.50000000,4967.01000000,3.59090000,False
2022-02-03 14:00:00,9059.03000000,21086.34000000,5121.98000000,1.65610000,False
2022-02-03 14:05:00,8882.97000000,20919.53000000,5019.91000000,0.94440000,False
2022-02-03 14:10:00,8898.27000000,21011.70000000,5019.98000000,2.16800000,False
2022-02-03 14:15:00,8973.93000000,21274.35000000,5019.99000000,4.16100000,False
2022-02-03 14:20:00,9021.54000000,21647.04000000,5019.87000000,4.24880000,False
2022-02-03 14:25:00,9049.96000000,21284.68000000,5019.96000000,2.88880000,False
2022-02-03 14:30:00,8946.83000000,21155.26000000,5019.93000000,2.32750000,False
2022-02-03 14:35:00,8634.86000000,20515.18000000,5017.94000000,2.61110000,False
2022-02-03 14:40:00,8699.97000000,20638.91000000,5020.08000000,2.92980000,False
2022-02-03 14:45:00,8756.11000000,20508.33000000,5019.76000000,2.48130000,False
2022-02-03 14:50:00,8722.67000000,20794.23000000,5020.48000000,2.21440000,False
2022-02-03 14:55:00,8634.86000000,20591.28000000,5020.71000000,1.76300000,False
2022-02-03 15:00:00,8667.36000000,20915.73000000,5026.52000000,4.69220000,False
2022-02-03 15:05:00,8758.37000000,20878.21000000,4971.49000000,2.49800000,False
2022-02-03 15:10:00,8546.59000000,20815.15000000,4971.60000000,3.31030000,False
2022-02-03 15:15:00,8623.60000000,20816.60000000,4973.76000000,3.35790000,False
2022-02-03 15:20:00,8694.59000000,20625.20000000,4971.60000000,1.41090000,False
2022-02-03 15:25:00,8655.08000000,20605.53000000,4973.60000000,3.12560000,False
2022-02-03 15:30:00,8660.98000000,20498.93000000,4775.49000000,3.16830000,False
2022-02-03 15:35:00,8588.40000000,20372.34000000,4775.49000000,2.89090000,False
2022-02-03 15:40:00,8685.05000000,20275.93000000,4775.59000000,3.40000000,False
2022-02-03 15:45:00,8794.46000000,20725.80000000,4775.55000000,4.91410000,False
2022-02-03 15:50:00,8799.21000000,20671.48000000,4775.34000000,3.88180000,False
2022-02-03 15:55:00,8529.42000000,19846.26000000,4775.46000000,3.49000000,False
2022-02-03 16:00:00,8930.82000000,20649.52000000,4685.93000000,3.65220000,False
2022-02-03 16:05:00,9040.29000000,21197.47000000,4397.92000000,3.20530000,False
2022-02-03 16:10:00,9423.72000000,22179.09000000,4397.90000000,2.95510000,False
2022-02-03 16:15:00,9395.80000000,22255.25000000,4397.92000000,1.37060000,False
2022-02-03 16:20:00,9449.39000000,22173.14000000,4397.97000000,3.19850000,False
2022-02-03 16:25:00,9235.67000000,21680.20000000,4397.93000000,1.29840000,False
2022-02-03 16:30:00,9165.87000000,21825.55000000,4397.87000000,1.34560000,False
2022-02-03 16:35:00,9190.84000000,21851.30000000,4397.84000000,1.12540000,False
2022-02-03 16:40:00,9044.97000000,21584.36000000,4397.91000000,1.83130000,False
2022-02-03 16:45:00,8976.63000000,20968.41000000,4235.77000000,0.36920000,False
2022-02-03 16:50:00,8816.28000000,20529.83000000,4235.60000000,0.56880000,False
2022-02-03 16:55:00,8766.77000000,20624.67000000,4235.77000000,1.46170000,False
2022-02-03 17:00:00,8623.52000000,20256.88000000,4584.55000000,1.91310000,False
2022-02-03 17:05:00,8473.60000000,19644.94000000,4344.67000000,1.65520000,False
2022-02-03 17:10:00,8558.45000000,19377.32000000,4390.64000000,2.03370000,False
2022-02-03 17:15:00,8549.14000000,19014.75000000,4390.67000000,1.80200000,False
2022-02-03 17:20:00,8313.20000000,18756.74000000,4195.66000000,1.81820000,False
2022-02-03 17:25:00,8139.50000000,18849.58000000,3819.25000000,3.03110000,False
2022-02-03 17:30:00,7955.27000000,18284.93000000,3569.31000000,5.61190000,False
2022-02-03 17:35:00,7777.15000000,17798.81000000,3519.21000000,6.00730000,False
2022-02-03 17:40:00,7371.20000000,17439.83000000,3460.35000000,4.12000000,False
2022-02-03 17:45:00,7077.97000000,17111.05000000,3460.18000000,3.17610000,False
2022-02-03 17:50:00,7145.48000000,16502.71000000,3460.15000000,1.70020000,False
2022-02-03 17:55:00,6872.11000000,16177.23000000,3055.55000000,2.89890000,False
2022-02-03 18:00:00,7010.52000000,15919.50000000,3181.92000000,0.74350000,False
2022-02-03 18:05:00,7267.49000000,16161.30000000,3181.95000000,0.51800000,False
2022-02-03 18:10:00,7090.67000000,15978.90000000,3131.77000000,1.43500000,False
2022-02-03 18:15:00,7234.50000000,15933.48000000,3041.80000000,2.39230000,False
2022-02-03 18:20:00,7256.65000000,15647.10000000,3041.81000000,1.54020000,False
2022-02-03 18:25:00,7154.01000000,15719.28000000,2991.17000000,1.72200000,False
2022-02-03 18:30:00,6898.99000000,15510.96000000,2769.18000000,3.37860000,False
2022-02-03 18:35:00,6938.27000000,15405.91000000,2814.18000000,3.24870000,False
2022-02-03 18:40:00,6924.31000000,15261.03000000,2740.18000000,2.88800000,False
2022-02-03 18:45:00,6829.02000000,15344.71000000,2740.13000000,3.66680000,False
2022-02-03 18:50:00,6718.59000000,14955.14000000,2621.08000000,3.92250000,False
2022-02-03 18:55:00,6810.32000000,14926.39000000,2621.18000000,4.91400000,False
2022-02-03 19:00:00,6922.41000000,15275.10000000,2763.73000000,5.71300000,False
2022-02-03 19:05:00,6889.18000000,15531.95000000,2528.85000000,6.64910000,False
2022-02-03 19:10:00,6832.71000000,15446.29000000,2579.42000000,7.09640000,False
2022-02-03 19:15:00,6806.39000000,15250.48000000,2579.41000000,5.04900000,False
2022-02-03 19:20:00,6757.83000000,15575.72000000,2534.39000000,6.71490000,False
2022-02-03 19:25:00,6636.93000000,15594.02000000,2534.34000000,6.61640000,False
2022-02-03 19:30:00,6784.16000000,15680.87000000,2534.40000000,4.64190000,False
2022-02-03 19:35:00,6665.42000000,15600.35000000,2534.28000000,6.44830000,False
2022-02-03 19:40:00,6755.58000000,15157.72000000,2534.27000000,4.81370000,False
2022-02-03 19:45:00,6530.48000000,15339.15000000,2579.30000000,5.39200000,False
2022-02-03 19:50:00,6719.76000000,15492.30000000,2624.29000000,5.42400000,False
2022-02-03 19:55:00,6605.45000000,15534.42000000,2730.99000000,5.36100000,False
2022-02-03 20:00:00,6748.66000000,15371.24000000,2787.39000000,1.98350000,False
2022-02-03 20:05:00,6800.92000000,15604.73000000,2742.42000000,2.05200000,False
2022-02-03 20:10:00,6825.06000000,15866.72000000,2692.01000000,2.76000000,False
2022-02-03 20:15:00,6901.97000000,15777.41000000,2686.97000000,2.60150000,False
2022-02-03 20:20:00,6809.10000000,15614.35000000,2630.46000000,2.59370000,False
2022-02-03 20:25:00,6809.06000000,15642.85000000,2676.41000000,4.23640000,False
2022-02-03 20:30:00,6883.52000000,15609.75000000,2722.44000000,4.01200000,False
2022-02-03 20:35:00,6884.25000000,15713.54000000,2767.47000000,4.43720000,False
2022-02-03 20:40:00,6833.43000000,15740.33000000,2767.46000000,4.01040000,False
2022-02-03 20:45:00,6752.83000000,15900.40000000,2721.43000000,4.17570000,False
2022-02-03 20:50:00,6651.24000000,15067.55000000,2767.39000000,2.30490000,False
2022-02-03 20:55:00,6495.08000000,15318.32000000,3068.93000000,2.41220000,False
2022-02-03 21:00:00,6675.91000000,15466.96000000,3275.29000000,2.64850000,False
2022-02-03 21:05:00,6750.49000000,16083.88000000,3091.27000000,6.89060000,False
2022-02-03 21:10:00,6815.32000000,16177.49000000,3137.42000000,5.58360000,False
2022-02-03 21:15:00,6888.51000000,16497.97000000,3045.45000000,10.25380000,False
2022-02-03 21:20:00,7090.33000000,16831.53000000,3062.46000000,7.30760000,False
2022-02-03 21:25:00,7075.71000000,16876.35000000,3062.47000000,9.46350000,False
2022-02-03 21:30:00,7137.88000000,16774.96000000,3062.44000000,7.32830000,False
2022-02-03 21:35:00,7345.48000000,17042.12000000,3062.44000000,7.21580000,False
2022-02-03 21:40:00,7513.44000000,17397.83000000,3112.75000000,5.12710000,False
2022-02-03 21:45:00,7616.08000000,17374.30000000,3112.70000000,3.73820000,False
2022-02-03 21:50:00,7723.28000000,17242.20000000,3112.69000000,4.22480000,False
2022-02-03 21:55:00,7669.21000000,17276.06000000,3162.77000000,4.74220000,False
2022-02-03 22:00:00,7682.80000000,17556.44000000,3424.43000000,3.05130000,False
2022-02-03 22:05:00,7891.04000000,18106.21000000,3450.40000000,2.27270000,False
2022-02-03 22:10:00,7995.05000000,18638.01000000,3450.42000000,2.58100000,False
2022-02-03 22:15:00,8074.67000000,18270.47000000,3450.44000000,1.87880000,False
2022-02-03 22:20:00,8009.63000000,18266.20000000,3450.44000000,1.81080000,False
2022-02-03 22:25:00,8041.06000000,18312.97000000,3450.43000000,1.75070000,False
2022-02-03 22:30:00,8058.90000000,18424.99000000,3450.45000000,1.79650000,False
2022-02-03 22:35:00,8140.94000000,18371.43000000,3450.42000000,2.36560000,False
2022-02-03 22:40:00,8230.61000000,18716.42000000,3450.40000000,3.07420000,False
2022-02-03 22:45:00,8261.99000000,18874.40000000,3450.40000000,3.11160000,False
2022-02-03 22:50:00,8273.19000000,19385.38000000,3450.41000000,4.01700000,False
2022-02-03 22:55:00,8168.84000000,19237.30000000,3450.45000000,3.13720000,False
2022-02-03 23:00:00,8293.57000000,19400.44000000,3402.88000000,5.04860000,False
2022-02-03 23:05:00,8386.88000000,19430.32000000,3403.92000000,3.75880000,False
2022-02-03 23:10:00,8430.23000000,19571.14000000,3512.02000000,4.40490000,False
2022-02-03 23:15:00,8591.66000000,19662.46000000,3611.98000000,4.02380000,False
2022-02-03 23:20:00,8604.45000000,19659.86000000,3612.07000000,3.87630000,False
2022-02-03 23:25:00,8681.66000000,19616.45000000,3849.93000000,3.60060000,False
2022-02-03 23:30:00,8718.86000000,20352.12000000,3650.05000000,5.51030000,False
2022-02-03 23:35:00,8777.24000000,20397.84000000,3650.07000000,4.50590000,False
2022-02-03 23:40:00,8785.73000000,20492.93000000,3650.08000000,3.51070000,False
2022-02-03 23:45:00,8856.13000000,20621.25000000,3649.88000000,3.27740000,False
2022-02-03 23:50:00,8904.22000000,20672.95000000,3593.95000000,3.02020000,False
2022-02-03 23:55:00,8936.78000000,20848.76000000,3276.51000000,3.90900000,False
2022-02-04 00:00:00,8890.27000000,22540.21000000,4186.39000000,0.00000000,False
2022-02-04 00:05:00,9186.64000000,22561.57000000,4186.33000000,0.84620000,False
2022-02-04 00:10:00,9193.13000000,22102.14000000,4186.32000000,0.34870000,False
2022-02-04 00:15:00,9241.60000000,22750.30000000,4186.33000000,0.00670000,False
2022-02-04 00:20:00,9306.89000000,22421.25000000,4186.33000000,0.00000000,False
2022-02-04 00:25:00,9254.14000000,22580.71000000,4186.23000000,0.39820000,False
2022-02-04 00:30:00,9222.89000000,22591.25000000,4186.33000000,0.00120000,False
2022-02-04 00:35:00,9336.23000000,22932.84000000,4186.23000000,0.01290000,False
2022-02-04 00:40:00,9137.75000000,22463.96000000,4186.22000000,0.00000000,False
2022-02-04 00:45:00,9368.66000000,23049.23000000,4186.36000000,0.01840000,False
2022-02-04 00:50:00,9354.53000000,23382.31000000,4186.25000000,0.06490000,False
2022-02-04 00:55:00,9463.70000000,23374.20000000,4186.25000000,0.06880000,False
2022-02-04 01:00:00,9307.61000000,23098.11000000,4189.41000000,0.20650000,False
2022-02-04 01:05:00,9023.84000000,22484.10000000,4189.62000000,0.10210000,False
2022-02-04 01:10:00,9149.81000000,22914.51000000,4189.51000000,0.12170000,False
2022-02-04 01:15:00,9313.23000000,22703.76000000,4125.16000000,0.15630000,False
2022-02-04 01:20:00,9239.16000000,22434.08000000,4125.50000000,0.10500000,False
2022-02-04 01:25:00,9055.57000000,22357.83000000,4189.44000000,1.95460000,False
2022-02-04 01:30:00,9176.42000000,23060.16000000,3970.48000000,0.16570000,False
2022-02-04 01:35:00,9248.92000000,23078.85000000,3970.39000000,0.10140000,False
2022-02-04 01:40:00,9175.34000000,22701.07000000,3970.38000000,0.08540000,False
2022-02-04 01:45:00,9010.39000000,22483.60000000,3970.55000000,0.11630000,False
2022-02-04 01:50:00,8956.93000000,22607.59000000,3970.38000000,0.62460000,False
2022-02-04 01:55:00,9026.76000000,22621.62000000,3970.42000000,0.42610000,False
2022-02-04 02:00:00,9049.04000000,22333.94000000,4331.12000000,0.65450000,False
2022-02-04 02:05:00,8932.63000000,22123.65000000,4326.11000000,0.00000000,False
2022-02-04 02:10:00,8845.00000000,21915.51000000,4326.10000000,0.00000000,False
2022-02-04 02:15:00,8781.28000000,21907.05000000,4326.10000000,0.10700000,False
2022-02-04 02:20:00,8724.57000000,21716.08000000,4326.01000000,0.27650000,False
2022-02-04 02:25:00,8793.71000000,21594.94000000,4325.96000000,0.00000000,False
2022-02-04 02:30:00,8720.76000000,21433.89000000,4326.08000000,0.00000000,False
2022-02-04 02:35:00,8779.16000000,21323.16000000,4325.98000000,0.00000000,False
2022-02-04 02:40:00,8793.25000000,21271.00000000,4325.90000000,0.00000000,False
2022-02-04 02:45:00,8572.93000000,20843.87000000,4325.95000000,0.00000000,False
2022-02-04 02:50:00,8436.97000000,20177.08000000,4325.95000000,0.00000000,False
2022-02-04 02:55:00,8451.65000000,20714.97000000,4325.89000000,0.00000000,False
2022-02-04 03:00:00,8601.60000000,20584.64000000,4326.06000000,0.00000000,False
2022-02-04 03:05:00,8626.85000000,20600.28000000,4203.03000000,0.00000000,False
2022-02-04 03:10:00,8494.60000000,20640.10000000,4202.99000000,0.00000000,False
2022-02-04 03:15:00,8360.87000000,20376.38000000,4203.04000000,0.00000000,False
2022-02-04 03:20:00,8217.92000000,20268.26000000,4062.88000000,0.00000000,False
2022-02-04 03:25:00,8135.79000000,20176.84000000,4062.90000000,0.00000000,False
2022-02-04 03:30:00,8089.94000000,20340.77000000,3964.00000000,0.00000000,False
2022-02-04 03:35:00,8103.28000000,20006.95000000,3963.86000000,0.00000000,False
2022-02-04 03:40:00,8073.74000000,20185.92000000,3963.86000000,0.00000000,False
2022-02-04 03:45:00,8028.26000000,20194.98000000,3963.93000000,0.09570000,False
2022-02-04 03:50:00,7977.68000000,20225.75000000,3963.85000000,0.00000000,False
2022-02-04 03:55:00,8045.44000000,20217.73000000,3963.88000000,0.00000000,False
2022-02-04 04:00:00,8305.11000000,20712.87000000,3832.18000000,1.33710000,False
2022-02-04 04:05:00,8169.22000000,20202.01000000,3934.78000000,0.00000000,False
2022-02-04 04:10:00,8328.37000000,20324.18000000,3934.14000000,0.00000000,False
2022-02-04 04:15:00,8191.54000000,20318.29000000,3935.01000000,0.00000000,False
2022-02-04 04:20:00,8241.54000000,20391.41000000,3934.91000000,0.83670000,False
2022-02-04 04:25:00,8053.79000000,19879.25000000,3935.15000000,0.00000000,False
2022-02-04 04:30:00,8083.73000000,19937.59000000,3934.45000000,0.00000000,False
2022-02-04 04:35:00,8102.46000000,20077.67000000,3934.96000000,0.00000000,False
2022-02-04 04:40:00,8113.09000000,20094.95000000,3935.18000000,0.00000000,False
2022-02-04 04:45:00,8105.84000000,19647.32000000,3935.11000000,0.00000000,False
2022-02-04 04:50:00,8003.46000000,19522.40000000,3934.53000000,0.00000000,False
2022-02-04 04:55:00,7980.81000000,19232.18000000,3934.12000000,0.00000000,False
2022-02-04 05:00:00,7947.80000000,19274.27000000,4042.77000000,0.00000000,False
2022-02-04 05:05:00,7669.79000000,18953.39000000,3780.91000000,0.00000000,False
2022-02-04 05:10:00,7584.56000000,18761.17000000,3779.89000000,0.00000000,False
2022-02-04 05:15:00,7685.08000000,18749.16000000,3780.86000000,0.00000000,False
2022-02-04 05:20:00,7602.77000000,18821.51000000,3780.81000000,0.00000000,False
2022-02-04 05:25:00,7622.57000000,18425.33000000,3780.59000000,0.00000000,False
2022-02-04 05:30:00,7288.84000000,17587.79000000,4214.48000000,0.00000000,False
2022-02-04 05:35:00,7037.81000000,17104.03000000,4218.80000000,0.00000000,False
2022-02-04 05:40:00,6800.44000000,16767.41000000,4120.81000000,0.00000000,False
2022-02-04 05:45:00,6818.89000000,16823.60000000,4120.88000000,0.00000000,False
2022-02-04 05:50:00,6729.91000000,16697.23000000,4070.68000000,0.00000000,False
2022-02-04 05:55:00,6887.81000000,17492.58000000,3280.31000000,0.39930000,False
2022-02-04 06:00:00,6855.07000000,17339.15000000,3183.06000000,3.22230000,False
2022-02-04 06:05:00,6720.82000000,17232.65000000,2887.02000000,0.00000000,False
2022-02-04 06:10:00,6646.71000000,17189.26000000,2716.02000000,0.00000000,False
2022-02-04 06:15:00,6881.42000000,17632.45000000,2715.97000000,2.16930000,False
2022-02-04 06:20:00,6827.34000000,17434.06000000,2715.99000000,2.33420000,False
2022-02-04 06:25:00,6937.38000000,17820.85000000,2716.05000000,1.05160000,False
2022-02-04 06:30:00,6776.13000000,17426.46000000,2716.05000000,0.00000000,False
2022-02-04 06:35:00,6674.57000000,16845.75000000,2716.01000000,0.00000000,False
2022-02-04 06:40:00,6638.56000000,17247.29000000,2716.04000000,0.00000000,False
2022-02-04 06:45:00,6527.26000000,17116.07000000,2716.08000000,0.00000000,False
2022-02-04 06:50:00,6537.70000000,17173.77000000,2716.08000000,0.00000000,False
2022-02-04 06:55:00,6555.40000000,17054.90000000,2716.00000000,0.00000000,False
2022-02-04 07:00:00,6543.44000000,16688.57000000,2972.38000000,0.00000000,False
2022-02-04 07:05:00,6368.76000000,16103.11000000,3018.60000000,0.00000000,False
2022-02-04 07:10:00,6427.93000000,16511.07000000,3018.59000000,0.00000000,False
2022-02-04 07:15:00,6396.20000000,16556.21000000,3018.56000000,0.00000000,False
2022-02-04 07:20:00,6299.85000000,16621.55000000,2822.95000000,0.00000000,False
2022-02-04 07:25:00,6311.12000000,16541.08000000,2385.05000000,0.00000000,False
2022-02-04 07:30:00,6436.23000000,16493.76000000,2385.05000000,0.00000000,False
2022-02-04 07:35:00,6367.69000000,16612.24000000,2385.02000000,0.00000000,False
2022-02-04 07:40:00,6381.66000000,16421.62000000,2384.97000000,0.00000000,False
2022-02-04 07:45:00,6334.60000000,16407.75000000,2385.02000000,0.25080000,False
2022-02-04 07:50:00,6406.63000000,16436.40000000,2384.93000000,0.00000000,False
2022-02-04 07:55:00,6412.85000000,16508.97000000,2385.05000000,0.00000000,False
2022-02-04 08:00:00,6379.46000000,15887.81000000,2379.29000000,0.00000000,False
2022-02-04 08:05:00,6339.56000000,15873.97000000,2379.27000000,0.00000000,False
2022-02-04 08:10:00,6435.92000000,15968.18000000,2379.29000000,0.00000000,False
2022-02-04 08:15:00,6533.62000000,16102.08000000,2379.20000000,0.00000000,False
2022-02-04 08:20:00,6706.88000000,16424.14000000,2379.21000000,0.00000000,False
2022-02-04 08:25:00,6828.88000000,16757.63000000,2429.22000000,1.71120000,False
2022-02-04 08:30:00,6748.41000000,16766.98000000,2429.11000000,2.21520000,False
2022-02-04 08:35:00,6803.00000000,16749.41000000,2467.29000000,2.75240000,False
2022-02-04 08:40:00,6742.19000000,17030.99000000,2403.54000000,3.44780000,False
2022-02-04 08:45:00,6730.73000000,16990.98000000,2461.04000000,1.77990000,False
2022-02-04 08:50:00,6665.03000000,16444.71000000,2669.61000000,2.34550000,False
2022-02-04 08:55:00,6895.54000000,17070.44000000,2684.19000000,0.79020000,False
2022-02-04 09:00:00,7138.90000000,17558.33000000,2848.76000000,0.00000000,False
2022-02-04 09:05:00,7097.52000000,17154.75000000,2744.37000000,0.00000000,False
2022-02-04 09:10:00,7087.87000000,17498.34000000,2752.52000000,0.00000000,False
2022-02-04 09:15:00,6992.95000000,17461.01000000,2749.06000000,0.00000000,False
2022-02-04 09:20:00,7029.97000000,17145.94000000,2850.69000000,0.00000000,False
2022-02-04 09:25:00,6780.26000000,17155.63000000,3125.80000000,0.00000000,False
2022-02-04 09:30:00,6785.48000000,16981.77000000,3224.69000000,0.00000000,False
2022-02-04 09:35:00,6724.74000000,16985.67000000,3320.12000000,0.00000000,False
2022-02-04 09:40:00,6761.71000000,17214.61000000,3321.32000000,0.00000000,False
2022-02-04 09:45:00,6741.56000000,17282.42000000,3321.40000000,0.00000000,False
2022-02-04 09:50:00,6611.28000000,16701.44000000,3320.82000000,0.00000000,False
2022-02-04 09:55:00,6634.91000000,16672.29000000,3470.81000000,0.00000000,False
2022-02-04 10:00:00,6619.35000000,16836.47000000,3673.41000000,0.00000000,False
2022-02-04 10:05:00,6432.40000000,16009.38000000,3671.25000000,0.00000000,False
2022-02-04 10:10:00,6460.33000000,16433.99000000,3672.13000000,0.00000000,False
2022-02-04 10:15:00,6404.13000000,15914.44000000,3670.47000000,0.00000000,False
2022-02-04 10:20:00,6309.73000000,16064.14000000,3722.44000000,0.00000000,False
2022-02-04 10:25:00,6459.04000000,16526.73000000,4087.81000000,0.00000000,False
2022-02-04 10:30:00,6490.98000000,16509.10000000,4086.75000000,0.00000000,False
2022-02-04 10:35:00,6493.62000000,16343.79000000,4087.05000000,0.00000000,False
2022-02-04 10:40:00,6578.77000000,16757.16000000,4087.17000000,0.00000000,False
2022-02-04 10:45:00,6516.65000000,16744.45000000,4035.77000000,0.00000000,False
2022-02-04 10:50:00,6456.18000000,16982.24000000,4087.78000000,0.00000000,False
2022-02-04 10:55:00,6615.88000000,17068.76000000,4036.97000000,0.00000000,False
2022-02-04 11:00:00,6804.41000000,16001.99000000,3988.01000000,4.09540000,False
2022-02-04 11:05:00,6767.76000000,15922.58000000,3985.82000000,3.03880000,False
2022-02-04 11:10:00,6905.21000000,16090.25000000,3986.62000000,3.77040000,False
2022-02-04 11:15:00,7041.70000000,16402.47000000,3996.13000000,4.47840000,False
2022-02-04 11:20:00,7175.52000000,16683.78000000,3996.03000000,3.60300000,False
2022-02-04 11:25:00,7255.21000000,16914.19000000,3996.38000000,3.69530000,False
2022-02-04 11:30:00,7339.51000000,17325.75000000,4046.03000000,4.53780000,False
2022-02-04 11:35:00,7384.38000000,17485.31000000,4045.23000000,2.48970000,False
2022-02-04 11:40:00,7528.50000000,17691.73000000,4096.22000000,2.25010000,False
2022-02-04 11:45:00,7639.63000000,17829.17000000,4086.44000000,2.42180000,False
2022-02-04 11:50:00,7710.89000000,18174.82000000,4086.54000000,2.76860000,False
2022-02-04 11:55:00,7835.67000000,18137.04000000,4085.95000000,2.46160000,False
2022-02-04 12:00:00,7782.34000000,18143.02000000,4091.06000000,2.67110000,False
2022-02-04 12:05:00,8026.94000000,18129.60000000,4136.15000000,2.01560000,False
2022-02-04 12:10:00,8150.45000000,18510.47000000,4186.66000000,1.45760000,False
2022-02-04 12:15:00,8271.29000000,19007.38000000,4185.95000000,1.43850000,False
2022-02-04 12:20:00,8396.80000000,19022.26000000,4185.90000000,1.26720000,False
2022-02-04 12:25:00,8418.93000000,19402.23000000,4187.63000000,1.18200000,False
2022-02-04 12:30:00,8693.32000000,19780.25000000,4243.50000000,1.20160000,False
2022-02-04 12:35:00,8814.06000000,20071.84000000,4243.32000000,1.70850000,False
2022-02-04 12:40:00,8921.26000000,20261.76000000,4243.43000000,1.87270000,False
2022-02-04 12:45:00,9036.27000000,20602.68000000,4293.73000000,1.97420000,False
2022-02-04 12:50:00,9018.05000000,20833.48000000,4243.38000000,2.58160000,False
2022-02-04 12:55:00,9002.49000000,21034.21000000,4243.60000000,2.66730000,False
2022-02-04 13:00:00,8832.61000000,21033.91000000,4323.98000000,2.69260000,False
2022-02-04 13:05:00,8906.33000000,20948.59000000,4290.09000000,3.20000000,False
2022-02-04 13:10:00,8804.84000000,20895.36000000,4292.06000000,2.70070000,False
2022-02-04 13:15:00,8884.98000000,21451.97000000,4291.91000000,4.57070000,False
2022-02-04 13:20:00,8993.52000000,21593.86000000,4292.24000000,2.71540000,False
2022-02-04 13:25:00,8898.19000000,21809.15000000,4292.37000000,1.92590000,False
2022-02-04 13:30:00,8889.08000000,21697.65000000,4292.41000000,1.68700000,False
2022-02-04 13:35:00,9000.94000000,21685.58000000,4292.41000000,1.64240000,False
2022-02-04 13:40:00,9062.65000000,21989.11000000,4292.40000000,6.63150000,False
2022-02-04 13:45:00,9333.27000000,22453.63000000,4292.41000000,5.80830000,False
2022-02-04 13:50:00,9509.86000000,22858.56000000,4292.38000000,5.20290000,False
2022-02-04 13:55:00,9674.04000000,22785.76000000,4192.07000000,3.53690000,False
2022-02-04 14:00:00,9621.39000000,22734.25000000,4201.25000000,3.85190000,False
2022-02-04 14:05:00,9454.96000000,22747.20000000,4201.22000000,3.57680000,False
2022-02-04 14:10:00,9552.63000000,22941.58000000,4201.42000000,2.20280000,False
2022-02-04 14:15:00,9620.45000000,23179.44000000,4183.37000000,2.41480000,False
2022-02-04 14:20:00,9485.24000000,23034.61000000,4183.47000000,2.41230000,False
2022-02-04 14:25:00,9573.69000000,23520.12000000,4543.38000000,1.83540000,False
2022-02-04 14:30:00,9475.28000000,23454.66000000,4543.37000000,1.66510000,False
2022-02-04 14:35:00,9529.05000000,23732.00000000,4543.47000000,1.61950000,False
2022-02-04 14:40:00,9586.63000000,23770.19000000,4615.34000000,1.61440000,False
2022-02-04 14:45:00,9681.44000000,23791.84000000,4615.37000000,1.62770000,False
2022-02-04 14:50:00,9715.86000000,23912.20000000,4665.40000000,1.94660000,False
2022-02-04 14:55:00,9631.67000000,23906.02000000,4665.35000000,2.03450000,False
2022-02-04 15:00:00,9793.79000000,24035.63000000,4667.23000000,2.05310000,False
2022-02-04 15:05:00,9633.11000000,23894.61000000,4667.25000000,1.85940000,False
2022-02-04 15:10:00,9873.41000000,24201.08000000,4702.30000000,2.03650000,False
2022-02-04 15:15:00,9988.00000000,24051.71000000,4702.39000000,1.80940000,False
2022-02-04 15:20:00,9865.81000000,24117.16000000,4702.28000000,1.98580000,False
2022-02-04 15:25:00,9903.21000000,24264.08000000,4702.34000000,1.59170000,False
2022-02-04 15:30:00,10089.67000000,24292.11000000,4667.45000000,1.43600000,False
2022-02-04 15:35:00,10102.87000000,24337.71000000,4777.32000000,1.23260000,False
2022-02-04 15:40:00,10122.92000000,24230.23000000,4777.30000000,1.47570000,False
2022-02-04 15:45:00,10090.54000000,24184.69000000,4777.43000000,1.65040000,False
2022-02-04 15:50:00,9926.14000000,24249.16000000,4777.18000000,1.46960000,False
2022-02-04 15:55:00,9953.67000000,24043.92000000,4777.42000000,1.68020000,False
2022-02-04 16:00:00,9862.61000000,23901.11000000,4777.96000000,1.98480000,False
2022-02-04 16:05:00,9987.63000000,23931.71000000,4659.02000000,1.66650000,False
2022-02-04 16:10:00,9855.79000000,23853.94000000,4778.12000000,1.98910000,False
2022-02-04 16:15:00,9969.10000000,23983.06000000,4778.07000000,1.41940000,False
2022-02-04 16:20:00,9842.96000000,23684.24000000,4778.19000000,1.77130000,False
2022-02-04 16:25:00,9824.37000000,23522.13000000,4778.12000000,1.52990000,False
2022-02-04 16:30:00,9870.30000000,23535.25000000,4778.12000000,1.44830000,False
2022-02-04 16:35:00,9685.79000000,23343.36000000,4778.03000000,1.72670000,False
2022-02-04 16:40:00,9650.49000000,22916.20000000,4778.04000000,1.11150000,False
2022-02-04 16:45:00,9588.42000000,22797.91000000,4610.37000000,2.24070000,False
2022-02-04 16:50:00,9600.03000000,22836.74000000,4610.24000000,2.20340000,False
2022-02-04 16:55:00,9482.58000000,22442.47000000,4610.30000000,3.82600000,False
2022-02-04 17:00:00,9334.29000000,22123.66000000,4538.93000000,0.00000000,False
2022-02-04 17:05:00,9144.33000000,21420.31000000,4538.92000000,0.13270000,False
2022-02-04 17:10:00,9032.45000000,20756.53000000,4539.15000000,0.81270000,False
2022-02-04 17:15:00,8842.82000000,19912.95000000,4538.99000000,0.27080000,False
2022-02-04 17:20:00,8561.33000000,19092.98000000,4759.99000000,0.00000000,False
2022-02-04 17:25:00,8303.37000000,18253.64000000,4760.04000000,0.00000000,False
2022-02-04 17:30:00,7915.87000000,17332.07000000,4760.04000000,0.00000000,False
2022-02-04 17:35:00,7456.37000000,16680.07000000,4587.12000000,0.50290000,False
2022-02-04 17:40:00,7051.27000000,15846.87000000,4587.01000000,0.45880000,False
2022-02-04 17:45:00,6662.17000000,14921.47000000,4587.16000000,0.15530000,False
2022-02-04 17:50:00,6431.97000000,14235.78000000,4586.91000000,0.00000000,False
2022-02-04 17:55:00,6124.06000000,13483.40000000,4497.98000000,0.00000000,False
2022-02-04 18:00:00,6078.58000000,13556.03000000,3635.19000000,0.52190000,False
2022-02-04 18:05:00,6179.90000000,13505.18000000,3636.38000000,0.00000000,False
2022-02-04 18:10:00,5863.17000000,12787.31000000,3586.66000000,0.00000000,False
2022-02-04 18:15:00,5713.76000000,12137.13000000,3584.77000000,0.00000000,False
2022-02-04 18:20:00,5027.31000000,9823.78000000,3932.01000000,0.00000000,False
2022-02-04 18:25:00,5210.85000000,9858.97000000,4010.94000000,0.00000000,False
2022-02-04 18:30:00,5265.43000000,9772.42000000,3867.26000000,0.00000000,False
2022-02-04 18:35:00,5383.07000000,9679.42000000,3838.65000000,0.00000000,False
2022-02-04 18:40:00,5254.05000000,9656.19000000,3726.40000000,0.64500000,False
2022-02-04 18:45:00,5234.75000000,9815.70000000,3586.45000000,0.00000000,False
2022-02-04 18:50:00,5119.50000000,9705.28000000,3530.61000000,0.00000000,False
2022-02-04 18:55:00,5028.11000000,9488.07000000,3616.06000000,0.46540000,False
2022-02-04 19:00:00,5125.13000000,9676.17000000,3741.95000000,0.61470000,False
2022-02-04 19:05:00,5216.63000000,9841.20000000,3661.35000000,1.97130000,False
2022-02-04 19:10:00,5306.73000000,9834.01000000,3561.46000000,1.99710000,False
2022-02-04 19:15:00,5396.44000000,9841.34000000,3513.86000000,1.92450000,False
2022-02-04 19:20:00,5316.90000000,9904.10000000,3525.15000000,4.36990000,False
2022-02-04 19:25:00,5335.03000000,9636.12000000,3527.65000000,2.28170000,False
2022-02-04 19:30:00,5231.14000000,9330.84000000,3601.25000000,1.45550000,False
2022-02-04 19:35:00,5309.38000000,9666.42000000,3606.06000000,1.46770000,False
2022-02-04 19:40:00,5241.54000000,9648.99000000,3582.25000000,2.66730000,False
2022-02-04 19:45:00,5244.88000000,9636.81000000,3584.65000000,3.70270000,False
2022-02-04 19:50:00,5213.81000000,9461.32000000,3585.05000000,4.84610000,False
2022-02-04 19:55:00,5296.73000000,9670.00000000,3585.60000000,4.88220000,False
2022-02-04 20:00:00,5316.43000000,9731.07000000,3743.51000000,5.97780000,False
2022-02-04 20:05:00,5239.38000000,9950.07000000,3459.25000000,3.68460000,False
2022-02-04 20:10:00,5171.91000000,9964.85000000,3462.00000000,5.60270000,False
2022-02-04 20:15:00,5184.41000000,10177.87000000,2959.06000000,4.16990000,False
2022-02-04 20:20:00,5205.56000000,10164.08000000,2957.56000000,4.43900000,False
2022-02-04 20:25:00,5063.38000000,10170.73000000,2959.90000000,4.34310000,False
2022-02-04 20:30:00,5216.04000000,10473.81000000,2958.76000000,1.60740000,False
2022-02-04 20:35:00,5222.86000000,10518.00000000,2959.64000000,2.39230000,False
2022-02-04 20:40:00,5244.64000000,10233.36000000,3004.90000000,2.40410000,False
2022-02-04 20:45:00,5346.03000000,10775.80000000,3044.95000000,2.55110000,False
2022-02-04 20:50:00,5501.74000000,10946.18000000,3092.60000000,4.08000000,False
2022-02-04 20:55:00,5421.68000000,10904.14000000,3229.01000000,4.57400000,False
2022-02-04 21:00:00,5311.52000000,10808.46000000,3287.00000000,3.21220000,False
2022-02-04 21:05:00,5394.09000000,10875.49000000,3355.62000000,4.53150000,False
2022-02-04 21:10:00,5397.67000000,10894.68000000,3392.95000000,4.33160000,False
2022-02-04 21:15:00,5452.31000000,10997.10000000,3414.30000000,3.29840000,False
2022-02-04 21:20:00,5417.12000000,11135.38000000,3378.85000000,3.88690000,False
2022-02-04 21:25:00,5300.67000000,11228.24000000,3296.15000000,3.53080000,False
2022-02-04 21:30:00,5448.08000000,11533.32000000,3298.31000000,2.77290000,False
2022-02-04 21:35:00,5444.55000000,11612.70000000,3300.36000000,3.17730000,False
2022-02-04 21:40:00,5488.13000000,11830.69000000,3308.56000000,2.92670000,False
2022-02-04 21:45:00,5449.00000000,11784.76000000,3322.11000000,2.67840000,False
2022-02-04 21:50:00,5516.49000000,11806.84000000,3339.55000000,2.87540000,False
2022-02-04 21:55:00,5489.67000000,11859.33000000,3346.83000000,2.11530000,False
2022-02-04 22:00:00,5496.31000000,11995.16000000,3977.11000000,1.45430000,False
2022-02-04 22:05:00,5517.44000000,12348.65000000,4107.02000000,1.17190000,False
2022-02-04 22:10:00,5422.86000000,11906.37000000,4462.77000000,0.96890000,False
2022-02-04 22:15:00,5437.25000000,12026.37000000,4496.99000000,0.76200000,False
2022-02-04 22:20:00,5447.61000000,12113.31000000,4499.40000000,0.71610000,False
2022-02-04 22:25:00,5402.91000000,12079.47000000,4553.24000000,1.09940000,False
2022-02-04 22:30:00,5532.94000000,12186.54000000,4554.44000000,0.88810000,False
2022-02-04 22:35:00,5379.94000000,11992.23000000,4554.07000000,0.75620000,False
2022-02-04 22:40:00,5477.96000000,12391.27000000,4506.55000000,0.94450000,False
2022-02-04 22:45:00,5593.66000000,12582.42000000,4508.90000000,0.89710000,False
2022-02-04 22:50:00,5451.27000000,12494.11000000,4462.00000000,0.72980000,False
2022-02-04 22:55:00,5541.79000000,12809.39000000,4462.73000000,1.12500000,False
2022-02-04 23:00:00,5534.21000000,12728.38000000,4521.56000000,0.83500000,False
2022-02-04 23:05:00,5684.79000000,13125.02000000,4522.03000000,2.25310000,False
2022-02-04 23:10:00,5665.18000000,13164.56000000,4693.26000000,2.10770000,False
2022-02-04 23:15:00,5674.45000000,13342.27000000,4691.37000000,2.60730000,False
2022-02-04 23:20:00,5786.49000000,13304.97000000,4692.06000000,2.42790000,False
2022-02-04 23:25:00,5744.08000000,13193.10000000,4693.91000000,0.70000000,False
2022-02-04 23:30:00,5797.93000000,13381.46000000,4693.30000000,0.13650000,False
2022-02-04 23:35:00,5750.74000000,13522.31000000,4692.98000000,0.65660000,False
2022-02-04 23:40:00,5734.21000000,13348.64000000,4692.28000000,2.45530000,False
2022-02-04 23:45:00,5827.47000000,13537.18000000,4391.14000000,1.20060000,False
2022-02-04 23:50:00,5824.46000000,13735.79000000,4190.94000000,3.03820000,False
2022-02-04 23:55:00,5997.92000000,14333.92000000,4191.85000000,5.33480000,False
2022-02-05 00:00:00,5978.17000000,13875.86000000,4033.93000000,2.41830000,False
2022-02-05 00:05:00,6248.29000000,14155.88000000,4101.90000000,2.68880000,False
2022-02-05 00:10:00,6144.91000000,14262.28000000,4256.21000000,3.25780000,False
2022-02-05 00:15:00,6170.52000000,14418.16000000,4254.07000000,5.19550000,False
2022-02-05 00:20:00,6143.11000000,14161.51000000,4256.70000000,2.67820000,False
2022-02-05 00:25:00,6154.18000000,14230.58000000,4255.47000000,2.85200000,False
2022-02-05 00:30:00,6112.85000000,14256.34000000,4256.43000000,2.84160000,False
2022-02-05 00:35:00,6168.16000000,14376.87000000,4256.54000000,3.23940000,False
2022-02-05 00:40:00,6127.80000000,14207.51000000,4527.38000000,2.04880000,False
2022-02-05 00:45:00,6064.53000000,14091.24000000,4527.68000000,2.16250000,False
2022-02-05 00:50:00,6078.57000000,14293.13000000,4527.71000000,2.43030000,False
2022-02-05 00:55:00,6129.77000000,14316.83000000,4527.15000000,3.38510000,False
2022-02-05 01:00:00,6125.00000000,14292.99000000,4595.26000000,2.96600000,False
2022-02-05 01:05:00,6144.15000000,14282.75000000,4595.03000000,2.56580000,False
2022-02-05 01:10:00,6063.50000000,14124.47000000,4795.88000000,2.66970000,False
2022-02-05 01:15:00,6167.48000000,14174.33000000,5021.68000000,3.03260000,False
2022-02-05 01:20:00,6135.84000000,14136.78000000,5022.46000000,2.97710000,False
2022-02-05 01:25:00,6197.75000000,14212.53000000,5020.07000000,2.78680000,False
2022-02-05 01:30:00,6223.01000000,14295.28000000,5023.11000000,3.45170000,False
2022-02-05 01:35:00,6211.64000000,14393.79000000,4930.63000000,3.56210000,False
2022-02-05 01:40:00,6219.86000000,14330.11000000,4931.72000000,3.09720000,False
2022-02-05 01:45:00,6216.97000000,14163.98000000,4931.25000000,1.89270000,False
2022-02-05 01:50:00,6034.63000000,13977.49000000,4930.54000000,2.14140000,False
2022-02-05 01:55:00,6034.65000000,14104.24000000,4930.08000000,2.31790000,False
2022-02-05 02:00:00,6169.81000000,14083.71000000,4955.80000000,2.27710000,False
2022-02-05 02:05:00,6136.40000000,14075.61000000,4955.93000000,2.08150000,False
2022-02-05 02:10:00,6071.82000000,14011.26000000,4955.36000000,2.01430000,False
2022-02-05 02:15:00,6196.54000000,14095.62000000,4955.08000000,2.55870000,False
2022-02-05 02:20:00,6200.80000000,14157.10000000,4956.12000000,3.10380000,False
2022-02-05 02:25:00,6095.73000000,14199.62000000,4955.04000000,2.54520000,False
2022-02-05 02:30:00,6131.57000000,13804.65000000,4957.84000000,1.67040000,False
2022-02-05 02:35:00,6147.96000000,13735.24000000,4955.88000000,1.53710000,False
2022-02-05 02:40:00,6152.19000000,13927.13000000,4957.63000000,2.10360000,False
2022-02-05 02:45:00,6138.79000000,13824.77000000,4957.37000000,1.77810000,False
2022-02-05 02:50:00,6088.86000000,13664.61000000,4957.07000000,1.75060000,False
2022-02-05 02:55:00,6133.53000000,13833.45000000,4958.00000000,2.06980000,False
2022-02-05 03:00:00,6044.92000000,13571.74000000,4958.61000000,1.97940000,False
2022-02-05 03:05:00,6067.80000000,13566.38000000,4956.86000000,2.08960000,False
2022-02-05 03:10:00,6110.24000000,13662.05000000,4957.02000000,2.45410000,False
2022-02-05 03:15:00,6047.90000000,13581.22000000,4957.64000000,2.27130000,False
2022-02-05 03:20:00,6104.92000000,13609.06000000,4958.81000000,1.93210000,False
2022-02-05 03:25:00,6061.50000000,13458.57000000,4958.70000000,1.41720000,False
2022-02-05 03:30:00,6006.64000000,13466.49000000,4958.65000000,1.41990000,False
2022-02-05 03:35:00,5981.45000000,13375.17000000,4955.59000000,1.08080000,False
2022-02-05 03:40:00,6063.59000000,13467.27000000,4956.79000000,1.16620000,False
2022-02-05 03:45:00,5963.64000000,13406.29000000,4954.73000000,1.08690000,False
2022-02-05 03:50:00,5945.77000000,13276.74000000,4957.51000000,1.86340000,False
2022-02-05 03:55:00,5922.77000000,13086.50000000,4955.46000000,2.73690000,False
2022-02-05 04:00:00,5919.01000000,13051.92000000,4956.50000000,1.74480000,False
2022-02-05 04:05:00,5768.99000000,12586.64000000,4957.63000000,4.50640000,False
2022-02-05 04:10:00,5784.85000000,12691.27000000,4908.65000000,4.09300000,False
2022-02-05 04:15:00,5727.21000000,12212.94000000,4907.44000000,6.47830000,False
2022-02-05 04:20:00,5644.98000000,12425.11000000,4908.60000000,6.44260000,False
2022-02-05 04:25:00,5601.58000000,12385.81000000,4907.67000000,5.77330000,False
2022-02-05 04:30:00,5791.82000000,12840.58000000,4909.01000000,2.86700000,False
2022-02-05 04:35:00,5677.97000000,12725.04000000,4908.98000000,3.06680000,False
2022-02-05 04:40:00,5787.43000000,12641.91000000,4909.11000000,3.16370000,False
2022-02-05 04:45:00,5918.93000000,12840.47000000,4911.98000000,2.59580000,False
2022-02-05 04:50:00,5905.66000000,12897.41000000,4911.76000000,2.77390000,False
2022-02-05 04:55:00,5776.31000000,12647.68000000,4862.49000000,4.60130000,False
2022-02-05 05:00:00,5839.69000000,12673.96000000,5301.32000000,2.00890000,False
2022-02-05 05:05:00,5752.60000000,12251.46000000,5245.49000000,4.94280000,False
2022-02-05 05:10:00,5663.95000000,12010.86000000,5245.03000000,5.40510000,False
2022-02-05 05:15:00,5690.63000000,12115.33000000,4984.45000000,5.46850000,False
2022-02-05 05:20:00,5687.64000000,11860.75000000,5076.36000000,5.64240000,False
2022-02-05 05:25:00,5648.56000000,12071.80000000,5075.19000000,5.46380000,False
2022-02-05 05:30:00,5630.72000000,12005.25000000,4777.41000000,5.86280000,False
2022-02-05 05:35:00,5601.36000000,12139.38000000,4413.41000000,6.20620000,False
2022-02-05 05:40:00,5700.54000000,11882.60000000,4410.96000000,5.42730000,False
2022-02-05 05:45:00,5597.20000000,11731.76000000,4360.58000000,3.43770000,False
2022-02-05 05:50:00,5634.68000000,11814.57000000,4359.30000000,2.93070000,False
2022-02-05 05:55:00,5596.50000000,11829.03000000,4260.10000000,2.89090000,False
2022-02-05 06:00:00,5620.60000000,11687.53000000,4297.49000000,3.52040000,False
2022-02-05 06:05:00,5316.54000000,11571.27000000,3771.81000000,2.35990000,False
2022-02-05 06:10:00,5390.42000000,11596.53000000,3769.36000000,3.27950000,False
2022-02-05 06:15:00,5417.34000000,11352.42000000,3611.26000000,1.19480000,False
2022-02-05 06:20:00,5296.58000000,11417.60000000,3600.60000000,1.25690000,False
2022-02-05 06:25:00,5366.34000000,11282.20000000,3591.40000000,0.53980000,False
2022-02-05 06:30:00,5227.18000000,11080.55000000,3531.30000000,0.50850000,False
2022-02-05 06:35:00,5170.60000000,10687.67000000,3506.96000000,0.00000000,False
2022-02-05 06:40:00,5172.82000000,10464.03000000,3507.91000000,0.00000000,False
2022-02-05 06:45:00,5119.23000000,10099.93000000,3508.31000000,0.73630000,False
2022-02-05 06:50:00,5138.94000000,10092.63000000,3505.50000000,2.35100000,False
2022-02-05 06:55:00,5065.28000000,10000.65000000,3505.61000000,1.58280000,False
2022-02-05 07:00:00,5143.98000000,9946.43000000,3506.95000000,1.86620000,False
2022-02-05 07:05:00,5108.45000000,10089.44000000,3507.30000000,2.81400000,False
2022-02-05 07:10:00,5039.93000000,10056.78000000,3506.75000000,3.08170000,False
2022-02-05 07:15:00,5012.06000000,10070.29000000,3508.25000000,2.70540000,False
2022-02-05 07:20:00,5032.67000000,9980.30000000,3507.31000000,2.62910000,False
2022-02-05 07:25:00,4871.81000000,9887.30000000,3507.85000000,1.24620000,False
2022-02-05 07:30:00,4995.22000000,9704.93000000,3508.94000000,3.09720000,False
2022-02-05 07:35:00,4914.49000000,9686.83000000,3508.16000000,1.77640000,False
2022-02-05 07:40:00,5035.66000000,9763.11000000,3505.34000000,3.17310000,False
2022-02-05 07:45:00,5113.89000000,10126.29000000,3505.02000000,3.01560000,False
2022-02-05 07:50:00,5245.11000000,10407.13000000,3506.34000000,2.97810000,False
2022-02-05 07:55:00,5218.45000000,10659.48000000,3507.80000000,5.34550000,False
2022-02-05 08:00:00,5328.21000000,10902.05000000,3628.30000000,7.55280000,False
2022-02-05 08:05:00,5436.05000000,11306.85000000,3648.65000000,8.57560000,False
2022-02-05 08:10:00,5708.80000000,11713.07000000,3696.84000000,8.45450000,False
2022-02-05 08:15:00,5783.96000000,12046.55000000,3700.70000000,7.03090000,False
2022-02-05 08:20:00,5978.03000000,12454.19000000,3724.65000000,3.42150000,False
2022-02-05 08:25:00,6073.31000000,12907.00000000,3751.45000000,6.18940000,False
2022-02-05 08:30:00,6308.13000000,13558.61000000,3759.20000000,8.04100000,False
2022-02-05 08:35:00,6599.34000000,14276.43000000,3757.72000000,6.44710000,False
2022-02-05 08:40:00,6559.36000000,14588.93000000,3762.70000000,6.73190000,False
2022-02-05 08:45:00,6653.86000000,14834.77000000,3761.45000000,5.71530000,False
2022-02-05 08:50:00,7001.92000000,15378.58000000,4006.78000000,6.44190000,False
2022-02-05 08:55:00,7208.99000000,15950.21000000,4120.40000000,5.23550000,False
2022-02-05 09:00:00,7090.94000000,15345.44000000,4316.00000000,3.96420000,False
2022-02-05 09:05:00,6874.06000000,14533.47000000,4922.62000000,3.76050000,False
2022-02-05 09:10:00,6675.87000000,14646.87000000,5457.52000000,3.26030000,False
2022-02-05 09:15:00,6843.92000000,14886.61000000,5812.51000000,3.10880000,False
2022-02-05 09:20:00,6808.50000000,14895.91000000,5860.64000000,2.57680000,False
2022-02-05 09:25:00,6927.82000000,15293.21000000,5966.33000000,2.54000000,False
2022-02-05 09:30:00,6939.97000000,15553.45000000,5963.15000000,2.86290000,False
2022-02-05 09:35:00,6972.03000000,15782.36000000,5963.25000000,2.64470000,False
2022-02-05 09:40:00,6964.93000000,15921.79000000,6013.46000000,2.50770000,False
2022-02-05 09:45:00,7066.83000000,16242.55000000,6013.35000000,1.92390000,False
2022-02-05 09:50:00,7069.17000000,16158.03000000,6058.43000000,1.67080000,False
2022-02-05 09:55:00,7147.47000000,16295.05000000,6056.37000000,1.29460000,False
2022-02-05 10:00:00,6891.35000000,15991.53000000,6167.54000000,0.00000000,False
2022-02-05 10:05:00,6568.76000000,15574.48000000,6167.42000000,0.00000000,False
2022-02-05 10:10:00,6557.60000000,15583.65000000,6167.64000000,0.00000000,False
2022-02-05 10:15:00,6450.41000000,16034.92000000,6121.53000000,0.00000000,False
2022-02-05 10:20:00,6504.06000000,15962.19000000,6120.63000000,0.00000000,False
2022-02-05 10:25:00,6613.49000000,16286.70000000,6120.56000000,0.00000000,False
2022-02-05 10:30:00,6795.99000000,16656.01000000,6120.41000000,0.00000000,False
2022-02-05 10:35:00,7007.68000000,17150.73000000,6119.42000000,0.00000000,False
2022-02-05 10:40:00,6965.59000000,16670.55000000,6118.63000000,0.00000000,False
2022-02-05 10:45:00,7014.49000000,16733.80000000,6117.55000000,0.00000000,False
2022-02-05 10:50:00,7008.89000000,17045.19000000,6117.66000000,0.00000000,False
2022-02-05 10:55:00,7034.16000000,17207.83000000,6117.57000000,0.00000000,False
2022-02-05 11:00:00,6866.40000000,16627.95000000,6116.32000000,0.00000000,False
2022-02-05 11:05:00,6971.55000000,17029.61000000,6116.18000000,0.00000000,False
2022-02-05 11:10:00,7084.82000000,17313.25000000,6115.42000000,0.00000000,False
2022-02-05 11:15:00,7308.57000000,17728.07000000,6114.24000000,0.00000000,False
2022-02-05 11:20:00,7540.74000000,17994.31000000,6214.37000000,0.00000000,False
2022-02-05 11:25:00,7677.85000000,18669.57000000,6214.33000000,0.00000000,False
2022-02-05 11:30:00,7855.70000000,19145.30000000,6214.46000000,0.00000000,False
2022-02-05 11:35:00,7938.83000000,19220.98000000,6214.56000000,0.00000000,False
2022-02-05 11:40:00,8034.08000000,19964.56000000,6214.46000000,0.00000000,False
2022-02-05 11:45:00,8240.23000000,20438.95000000,6214.35000000,0.00000000,False
2022-02-05 11:50:00,8407.11000000,20775.20000000,6214.43000000,0.00000000,False
2022-02-05 11:55:00,8582.59000000,21419.64000000,6164.29000000,0.00000000,False
2022-02-05 12:00:00,8423.75000000,20553.67000000,6315.37000000,0.00000000,False
2022-02-05 12:05:00,8299.12000000,20546.29000000,6315.38000000,0.00000000,False
2022-02-05 12:10:00,8275.88000000,20904.02000000,6315.63000000,0.00000000,False
2022-02-05 12:15:00,8553.92000000,21594.81000000,6427.44000000,0.00000000,False
2022-02-05 12:20:00,8789.62000000,21937.24000000,6427.70000000,0.00000000,False
2022-02-05 12:25:00,8997.30000000,22222.87000000,6424.46000000,0.00000000,False
2022-02-05 12:30:00,9101.03000000,22418.33000000,6424.40000000,0.00000000,False
2022-02-05 12:35:00,9388.58000000,23460.06000000,6427.45000000,0.00000000,False
2022-02-05 12:40:00,9582.30000000,23580.43000000,6423.44000000,0.00000000,False
2022-02-05 12:45:00,9441.89000000,23432.93000000,6426.39000000,0.00000000,False
2022-02-05 12:50:00,9492.13000000,23978.94000000,6423.25000000,0.00000000,False
2022-02-05 12:55:00,9297.65000000,23587.72000000,6423.39000000,0.00000000,False
2022-02-05 13:00:00,9238.09000000,23682.74000000,6440.14000000,0.00000000,False
2022-02-05 13:05:00,9020.27000000,22525.66000000,6491.23000000,0.00000000,False
2022-02-05 13:10:00,9124.22000000,23231.71000000,6377.38000000,0.00000000,False
2022-02-05 13:15:00,9123.11000000,23670.56000000,6377.27000000,0.00000000,False
2022-02-05 13:20:00,9309.76000000,23761.25000000,6379.49000000,0.00000000,False
2022-02-05 13:25:00,9214.93000000,23956.24000000,6379.62000000,0.00000000,False
2022-02-05 13:30:00,9239.87000000,24297.06000000,6377.58000000,0.00000000,False
2022-02-05 13:35:00,9369.42000000,24549.19000000,6378.47000000,0.00000000,False
2022-02-05 13:40:00,9429.83000000,24543.12000000,6377.30000000,0.00000000,False
2022-02-05 13:45:00,9400.47000000,24816.82000000,6377.26000000,0.00000000,False
2022-02-05 13:50:00,9419.29000000,24988.57000000,6379.30000000,0.00000000,False
2022-02-05 13:55:00,9714.71000000,25519.63000000,6377.44000000,0.00000000,False
2022-02-05 14:00:00,9765.89000000,25295.35000000,6558.10000000,0.00000000,False
2022-02-05 14:05:00,9809.04000000,25662.59000000,6555.19000000,0.00000000,False
2022-02-05 14:10:00,9875.97000000,25846.14000000,6558.43000000,0.00000000,False
2022-02-05 14:15:00,9853.49000000,25588.87000000,6558.19000000,0.00000000,False
2022-02-05 14:20:00,9901.02000000,25739.63000000,6558.27000000,0.00000000,False
2022-02-05 14:25:00,9935.41000000,25995.36000000,6555.44000000,0.00000000,False
2022-02-05 14:30:00,9944.07000000,26103.58000000,6558.24000000,0.00000000,False
2022-02-05 14:35:00,9991.85000000,26512.70000000,6558.35000000,0.00000000,False
2022-02-05 14:40:00,10006.95000000,26701.76000000,6558.13000000,0.00000000,False
2022-02-05 14:45:00,10008.39000000,26876.50000000,6558.05000000,0.00000000,False
2022-02-05 14:50:00,9924.87000000,26570.78000000,6558.26000000,0.00000000,False
2022-02-05 14:55:00,10048.66000000,27243.48000000,6551.19000000,0.00000000,False
2022-02-05 15:00:00,10125.54000000,27384.74000000,6557.05000000,0.00000000,False
2022-02-05 15:05:00,10259.89000000,27819.10000000,6557.13000000,0.00000000,False
2022-02-05 15:10:00,10252.59000000,27922.55000000,6557.22000000,0.00000000,False
2022-02-05 15:15:00,10286.41000000,28268.78000000,6554.08000000,0.00000000,False
2022-02-05 15:20:00,10285.11000000,28277.27000000,6555.22000000,0.00000000,False
2022-02-05 15:25:00,10272.24000000,28244.30000000,6555.30000000,0.00000000,False
2022-02-05 15:30:00,10233.54000000,28028.97000000,6553.14000000,0.00000000,False
2022-02-05 15:35:00,10220.11000000,28223.85000000,6554.21000000,0.00000000,False
2022-02-05 15:40:00,10240.59000000,28210.99000000,6553.97000000,0.00000000,False
2022-02-05 15:45:00,10261.65000000,28190.64000000,6556.83000000,0.00000000,False
2022-02-05 15:50:00,10188.44000000,28078.02000000,6550.00000000,0.00000000,False
2022-02-05 15:55:00,10155.67000000,27902.89000000,6551.88000000,0.00000000,False
2022-02-05 16:00:00,10188.39000000,27937.45000000,6578.11000000,0.00000000,False
2022-02-05 16:05:00,10214.10000000,27948.86000000,6580.30000000,0.00000000,False
2022-02-05 16:10:00,10227.10000000,28128.07000000,6576.27000000,0.00000000,False
2022-02-05 16:15:00,10238.55000000,28005.43000000,6583.27000000,0.00000000,False
2022-02-05 16:20:00,10240.67000000,28182.25000000,6579.28000000,0.00000000,False
2022-02-05 16:25:00,10263.78000000,28035.17000000,6577.19000000,0.00000000,False
2022-02-05 16:30:00,10246.50000000,27692.74000000,6582.29000000,0.00000000,False
2022-02-05 16:35:00,10165.70000000,27527.16000000,6581.26000000,0.00000000,False
2022-02-05 16:40:00,10136.42000000,27277.00000000,6581.20000000,0.00000000,False
2022-02-05 16:45:00,10054.63000000,27000.64000000,6626.09000000,0.00000000,False
2022-02-05 16:50:00,10100.30000000,27174.99000000,6630.12000000,0.00000000,False
2022-02-05 16:55:00,10093.19000000,27094.44000000,6628.21000000,0.00000000,False
2022-02-05 17:00:00,10292.24000000,26441.20000000,6643.85000000,0.00000000,False
2022-02-05 17:05:00,10238.76000000,26240.97000000,6642.83000000,0.00000000,False
2022-02-05 17:10:00,10130.98000000,25672.15000000,6648.04000000,0.00000000,False
2022-02-05 17:15:00,9992.28000000,24897.10000000,6645.91000000,0.00000000,False
2022-02-05 17:20:00,9803.90000000,24370.71000000,6646.12000000,0.00000000,False
2022-02-05 17:25:00,9496.71000000,23731.75000000,6647.93000000,0.00000000,False
2022-02-05 17:30:00,9309.59000000,23001.58000000,6645.82000000,0.00000000,False
2022-02-05 17:35:00,9321.75000000,22264.66000000,6645.98000000,0.00000000,False
2022-02-05 17:40:00,9313.65000000,21618.72000000,6647.73000000,0.00000000,False
2022-02-05 17:45:00,9229.08000000,20797.54000000,6647.63000000,0.00000000,False
2022-02-05 17:50:00,9193.97000000,20261.83000000,6647.76000000,0.00000000,False
2022-02-05 17:55:00,9159.46000000,19891.02000000,6647.80000000,0.00000000,False
2022-02-05 18:00:00,8950.44000000,19435.42000000,6423.06000000,0.00000000,False
2022-02-05 18:05:00,8863.97000000,19215.30000000,6423.17000000,0.00000000,False
2022-02-05 18:10:00,8786.79000000,18681.59000000,6423.16000000,0.00000000,False
2022-02-05 18:15:00,8440.79000000,18100.09000000,6423.21000000,0.00000000,False
2022-02-05 18:20:00,8290.47000000,18023.18000000,6423.21000000,0.00000000,False
2022-02-05 18:25:00,8145.03000000,17689.12000000,6423.00000000,0.00000000,False
2022-02-05 18:30:00,7908.00000000,17652.77000000,6423.13000000,0.00000000,False
2022-02-05 18:35:00,8036.96000000,17845.36000000,6422.90000000,0.00000000,False
2022-02-05 18:40:00,8117.46000000,18126.93000000,6422.73000000,0.00000000,False
2022-02-05 18:45:00,8105.87000000,18389.21000000,6422.90000000,0.00000000,False
2022-02-05 18:50:00,7923.90000000,18466.03000000,6422.96000000,0.00000000,False
2022-02-05 18:55:00,7946.13000000,18695.63000000,6422.95000000,0.00000000,False
2022-02-05 19:00:00,8102.53000000,19280.02000000,6197.02000000,0.00000000,False
2022-02-05 19:05:00,8103.89000000,19474.38000000,6200.01000000,0.00000000,False
2022-02-05 19:10:00,8071.39000000,19595.51000000,6199.03000000,0.00000000,False
2022-02-05 19:15:00,8118.23000000,19946.58000000,6204.13000000,0.00000000,False
2022-02-05 19:20:00,8098.00000000,20257.44000000,6202.00000000,0.00000000,False
2022-02-05 19:25:00,8122.96000000,20472.26000000,6204.16000000,0.00000000,False
2022-02-05 19:30:00,8328.08000000,20543.69000000,6203.18000000,0.00000000,False
2022-02-05 19:35:00,8341.65000000,20674.63000000,6200.04000000,0.00000000,False
2022-02-05 19:40:00,8451.19000000,20867.06000000,6200.00000000,0.00000000,False
2022-02-05 19:45:00,8599.71000000,20898.97000000,6200.95000000,0.00000000,False
2022-02-05 19:50:00,8538.87000000,20903.84000000,6199.83000000,0.00000000,False
2022-02-05 19:55:00,8554.49000000,20873.62000000,6199.92000000,0.00000000,False
2022-02-05 20:00:00,8521.74000000,21062.19000000,6258.77000000,0.00000000,False
2022-02-05 20:05:00,8519.15000000,21127.73000000,6258.94000000,0.00000000,False
2022-02-05 20:10:00,8576.91000000,20950.72000000,6316.48000000,0.00000000,False
2022-02-05 20:15:00,8569.68000000,21139.05000000,6314.55000000,0.00000000,False
2022-02-05 20:20:00,8606.27000000,21125.48000000,6314.57000000,0.00000000,False
2022-02-05 20:25:00,8624.98000000,21169.68000000,6314.46000000,0.00000000,False
2022-02-05 20:30:00,8548.79000000,20731.23000000,6172.45000000,0.00000000,False
2022-02-05 20:35:00,8598.31000000,20793.23000000,6173.57000000,0.00000000,False
2022-02-05 20:40:00,8466.20000000,20990.17000000,6173.37000000,0.00000000,False
2022-02-05 20:45:00,8511.62000000,20833.48000000,6173.21000000,0.00000000,False
2022-02-05 20:50:00,8411.75000000,20910.24000000,6173.24000000,0.00000000,False
2022-02-05 20:55:00,8320.33000000,20735.37000000,6173.38000000,0.00000000,False
2022-02-05 21:00:00,7962.34000000,20213.14000000,6289.83000000,0.00000000,False
2022-02-05 21:05:00,8026.95000000,19820.35000000,6290.87000000,0.00000000,False
2022-02-05 21:10:00,7981.28000000,19704.28000000,6337.09000000,0.00000000,False
2022-02-05 21:15:00,7976.80000000,19682.77000000,6337.14000000,0.00000000,False
2022-02-05 21:20:00,7997.20000000,19657.10000000,6412.14000000,0.00000000,False
2022-02-05 21:25:00,7857.52000000,19622.46000000,6411.01000000,0.00000000,False
2022-02-05 21:30:00,7912.32000000,19820.50000000,6412.04000000,0.00000000,False
2022-02-05 21:35:00,7914.76000000,19896.68000000,6368.10000000,0.00000000,False
2022-02-05 21:40:00,7903.31000000,19721.48000000,6368.91000000,0.00000000,False
2022-02-05 21:45:00,7881.12000000,19621.68000000,6322.86000000,0.00000000,False
2022-02-05 21:50:00,7869.47000000,19709.49000000,6322.84000000,0.00000000,False
2022-02-05 21:55:00,7865.40000000,19702.09000000,6322.37000000,0.00000000,False
2022-02-05 22:00:00,7664.92000000,19257.20000000,6365.89000000,0.00000000,False
2022-02-05 22:05:00,7657.89000000,19450.43000000,6366.02000000,0.00000000,False
2022-02-05 22:10:00,7700.94000000,19513.00000000,6417.96000000,0.00000000,False
2022-02-05 22:15:00,7711.28000000,19435.10000000,6417.86000000,0.00000000,False
2022-02-05 22:20:00,7781.55000000,19591.49000000,6417.90000000,0.00000000,False
2022-02-05 22:25:00,7774.43000000,19401.70000000,6419.06000000,0.00000000,False
2022-02-05 22:30:00,7853.30000000,19493.90000000,6419.13000000,0.00000000,False
2022-02-05 22:35:00,7872.68000000,19598.38000000,6419.12000000,0.00000000,False
2022-02-05 22:40:00,7917.85000000,19703.21000000,6418.80000000,0.00000000,False
2022-02-05 22:45:00,7891.15000000,19394.55000000,6417.75000000,0.00000000,False
2022-02-05 22:50:00,7970.18000000,19432.07000000,6418.72000000,0.00000000,False
2022-02-05 22:55:00,7982.91000000,19605.43000000,6419.01000000,0.00000000,False
2022-02-05 23:00:00,7849.01000000,19531.17000000,6417.44000000,0.00000000,False
2022-02-05 23:05:00,7972.66000000,19729.09000000,6417.48000000,0.00000000,False
2022-02-05 23:10:00,8005.84000000,19771.91000000,6417.64000000,0.00000000,False
2022-02-05 23:15:00,8042.51000000,19545.17000000,6417.73000000,0.00000000,False
2022-02-05 23:20:00,8048.60000000,19360.66000000,6417.76000000,0.00000000,False
2022-02-05 23:25:00,8001.02000000,19519.58000000,6417.76000000,0.00000000,False
2022-02-05 23:30:00,7988.90000000,19699.48000000,6417.63000000,0.00000000,False
2022-02-05 23:35:00,7980.94000000,19654.69000000,6417.63000000,0.00000000,False
2022-02-05 23:40:00,7977.70000000,19405.76000000,6417.52000000,0.00000000,False
2022-02-05 23:45:00,7896.04000000,19373.45000000,6417.49000000,0.00000000,False
2022-02-05 23:50:00,7842.17000000,19381.20000000,6417.59000000,0.00000000,False
2022-02-05 23:55:00,7770.26000000,19004.68000000,6417.56000000,0.00000000,False
2022-02-06 00:00:00,7832.01000000,19199.94000000,6491.06000000,0.00000000,False
2022-02-06 00:05:00,7808.74000000,18809.95000000,6482.17000000,0.00000000,False
2022-02-06 00:10:00,7971.08000000,18996.36000000,6482.49000000,0.00000000,False
2022-02-06 00:15:00,7932.41000000,18751.54000000,6483.39000000,0.00000000,False
2022-02-06 00:20:00,8084.05000000,18649.73000000,6483.42000000,0.00000000,False
2022-02-06 00:25:00,8013.22000000,18509.17000000,6483.42000000,0.00000000,False
2022-02-06 00:30:00,7941.98000000,18310.43000000,6483.40000000,0.00000000,False
2022-02-06 00:35:00,7927.26000000,18392.66000000,6483.33000000,0.00000000,False
2022-02-06 00:40:00,7935.16000000,18511.17000000,6483.21000000,0.00000000,False
2022-02-06 00:45:00,7879.05000000,18484.19000000,6483.15000000,0.00000000,False
2022-02-06 00:50:00,7715.10000000,18242.65000000,6483.27000000,0.00000000,False
2022-02-06 00:55:00,7730.95000000,18377.15000000,6483.31000000,0.00000000,False
2022-02-06 01:00:00,7719.38000000,18405.44000000,6484.27000000,0.00000000,False
2022-02-06 01:05:00,7646.30000000,18432.42000000,6482.74000000,0.00000000,False
2022-02-06 01:10:00,7653.38000000,18540.02000000,6484.41000000,0.00000000,False
2022-02-06 01:15:00,7675.43000000,18274.46000000,6576.35000000,0.00000000,False
2022-02-06 01:20:00,7704.49000000,18198.08000000,6576.51000000,0.00000000,False
2022-02-06 01:25:00,7625.18000000,17981.64000000,6576.52000000,0.00000000,False
2022-02-06 01:30:00,7617.65000000,17880.17000000,6576.52000000,0.00000000,False
2022-02-06 01:35:00,7565.92000000,17969.54000000,6578.41000000,0.00000000,False
2022-02-06 01:40:00,7596.60000000,17915.12000000,6578.13000000,0.00000000,False
2022-02-06 01:45:00,7664.40000000,18395.30000000,6579.13000000,0.00000000,False
2022-02-06 01:50:00,7610.64000000,18142.00000000,6487.21000000,0.00000000,False
2022-02-06 01:55:00,7616.23000000,17895.47000000,6487.21000000,0.00000000,False
2022-02-06 02:00:00,7574.10000000,17782.31000000,6488.92000000,0.00000000,False
2022-02-06 02:05:00,7439.26000000,17713.32000000,6488.20000000,0.00000000,False
2022-02-06 02:10:00,7324.47000000,17406.67000000,6488.29000000,0.00000000,False
2022-02-06 02:15:00,7218.36000000,17338.13000000,6488.18000000,0.00000000,False
2022-02-06 02:20:00,7189.71000000,17508.55000000,6485.19000000,0.00000000,False
2022-02-06 02:25:00,7170.05000000,17497.33000000,6485.53000000,0.00000000,False
2022-02-06 02:30:00,7095.48000000,17297.17000000,6486.98000000,0.00000000,False
2022-02-06 02:35:00,7102.53000000,17146.97000000,6489.15000000,0.00000000,False
2022-02-06 02:40:00,7101.73000000,17099.33000000,6488.30000000,0.00000000,False
2022-02-06 02:45:00,7056.94000000,16935.97000000,6486.52000000,0.00000000,False
2022-02-06 02:50:00,7084.47000000,16954.93000000,6486.14000000,0.00000000,False
2022-02-06 02:55:00,7052.44000000,16893.61000000,6487.95000000,0.00000000,False
2022-02-06 03:00:00,7090.59000000,16678.78000000,6462.33000000,0.00000000,False
2022-02-06 03:05:00,7069.00000000,16360.01000000,6463.13000000,0.00000000,False
2022-02-06 03:10:00,6900.84000000,16140.99000000,6353.29000000,0.00000000,False
2022-02-06 03:15:00,6776.98000000,15881.55000000,6351.77000000,0.00000000,False
2022-02-06 03:20:00,6698.02000000,15768.15000000,6352.63000000,0.00000000,False
2022-02-06 03:25:00,6567.83000000,15626.25000000,6353.42000000,0.00000000,False
2022-02-06 03:30:00,6529.53000000,15668.64000000,6352.26000000,0.00000000,False
2022-02-06 03:35:00,6448.85000000,15242.08000000,6352.62000000,0.00000000,False
2022-02-06 03:40:00,6400.89000000,15052.62000000,6352.83000000,0.00000000,False
2022-02-06 03:45:00,6373.27000000,15286.53000000,6353.25000000,0.00000000,False
2022-02-06 03:50:00,6319.42000000,15423.69000000,6352.52000000,0.00000000,False
2022-02-06 03:55:00,6235.90000000,15226.29000000,6352.41000000,0.00000000,False
2022-02-06 04:00:00,6418.08000000,15359.40000000,6333.34000000,0.00000000,False
2022-02-06 04:05:00,6578.85000000,15176.22000000,6333.49000000,0.00000000,False
2022-02-06 04:10:00,6496.90000000,14660.94000000,6334.50000000,0.00000000,False
2022-02-06 04:15:00,6330.28000000,14495.31000000,6333.19000000,0.00000000,False
2022-02-06 04:20:00,6289.87000000,14434.85000000,6334.43000000,0.00000000,False
2022-02-06 04:25:00,6398.84000000,14757.41000000,6333.51000000,0.00000000,False
2022-02-06 04:30:00,6334.73000000,14589.46000000,6333.74000000,0.00000000,False
2022-02-06 04:35:00,6278.43000000,14472.22000000,6331.98000000,0.00000000,False
2022-02-06 04:40:00,6163.61000000,14333.31000000,6333.42000000,0.00000000,False
2022-02-06 04:45:00,6201.55000000,14264.41000000,6333.45000000,0.00000000,False
2022-02-06 04:50:00,6159.22000000,14033.74000000,6220.45000000,0.00000000,False
2022-02-06 04:55:00,6032.27000000,13780.32000000,6221.77000000,0.00000000,False
2022-02-06 05:00:00,6162.98000000,13883.97000000,6156.10000000,0.00000000,False
2022-02-06 05:05:00,6018.92000000,13875.69000000,6155.41000000,0.00000000,False
2022-02-06 05:10:00,6023.39000000,13648.70000000,6247.81000000,0.00000000,False
2022-02-06 05:15:00,5885.59000000,13620.78000000,6248.13000000,0.00000000,False
2022-02-06 05:20:00,5787.89000000,13650.57000000,6246.74000000,0.00000000,False
2022-02-06 05:25:00,5796.78000000,13584.00000000,6247.47000000,0.00000000,False
2022-02-06 05:30:00,5712.80000000,13540.95000000,6248.87000000,0.00000000,False
2022-02-06 05:35:00,5690.09000000,13590.31000000,6247.76000000,0.00000000,False
2022-02-06 05:40:00,5623.61000000,13202.88000000,6246.99000000,0.00000000,False
2022-02-06 05:45:00,5557.14000000,12829.53000000,6248.46000000,0.00000000,False
2022-02-06 05:50:00,5537.43000000,12665.23000000,6155.87000000,0.00000000,False
2022-02-06 05:55:00,5478.89000000,12877.47000000,6102.15000000,0.00000000,False
2022-02-06 06:00:00,5768.49000000,13454.92000000,6230.51000000,0.00000000,False
2022-02-06 06:05:00,5795.98000000,13342.03000000,6226.82000000,0.00000000,False
2022-02-06 06:10:00,5751.32000000,12976.40000000,6253.07000000,0.00000000,False
2022-02-06 06:15:00,5599.05000000,12748.51000000,6275.43000000,0.00000000,False
2022-02-06 06:20:00,5680.10000000,12848.24000000,6283.70000000,0.00000000,False
2022-02-06 06:25:00,5577.40000000,12661.63000000,6284.89000000,0.00000000,False
2022-02-06 06:30:00,5495.00000000,12601.01000000,6283.25000000,0.00000000,False
2022-02-06 06:35:00,5380.53000000,12137.57000000,6284.22000000,0.00000000,False
2022-02-06 06:40:00,5242.43000000,11731.19000000,6284.00000000,0.00000000,False
2022-02-06 06:45:00,5071.08000000,11726.57000000,6283.43000000,0.00000000,False
2022-02-06 06:50:00,5117.20000000,11794.99000000,6284.15000000,0.00000000,False
2022-02-06 06:55:00,5084.40000000,11765.58000000,6195.20000000,0.00000000,False
2022-02-06 07:00:00,5034.87000000,11778.42000000,6203.22000000,0.00000000,False
2022-02-06 07:05:00,5082.51000000,11639.76000000,6203.08000000,0.00000000,False
2022-02-06 07:10:00,4922.56000000,11516.70000000,6202.85000000,0.00000000,False
2022-02-06 07:15:00,4855.52000000,11368.79000000,6203.23000000,0.00000000,False
2022-02-06 07:20:00,4759.52000000,11163.57000000,6202.84000000,0.00000000,False
2022-02-06 07:25:00,4715.66000000,11302.45000000,6202.17000000,0.00000000,False
2022-02-06 07:30:00,4775.13000000,11395.85000000,6202.30000000,0.00000000,False
2022-02-06 07:35:00,4722.72000000,11024.37000000,6202.34000000,0.00000000,False
2022-02-06 07:40:00,4565.65000000,10894.70000000,6201.13000000,0.00000000,False
2022-02-06 07:45:00,4500.22000000,10942.64000000,6202.17000000,0.00000000,False
2022-02-06 07:50:00,4531.50000000,10922.66000000,6202.38000000,0.00000000,False
2022-02-06 07:55:00,4544.90000000,11026.92000000,6201.44000000,0.00000000,False
2022-02-06 08:00:00,4661.32000000,11176.01000000,6192.03000000,0.00000000,False
2022-02-06 08:05:00,4813.03000000,11472.66000000,6372.94000000,0.00000000,False
2022-02-06 08:10:00,5115.10000000,11871.09000000,6385.74000000,0.00000000,False
2022-02-06 08:15:00,5188.60000000,11896.17000000,6383.23000000,0.00000000,False
2022-02-06 08:20:00,5205.93000000,12000.28000000,6385.56000000,0.00000000,False
2022-02-06 08:25:00,5430.40000000,12598.50000000,6385.66000000,0.00000000,False
2022-02-06 08:30:00,5766.11000000,13237.83000000,6385.64000000,0.00000000,False
2022-02-06 08:35:00,5891.39000000,13792.09000000,6383.34000000,0.00000000,False
2022-02-06 08:40:00,6124.34000000,14378.87000000,6383.38000000,0.00000000,False
2022-02-06 08:45:00,6467.55000000,15129.33000000,6381.04000000,0.00000000,False
2022-02-06 08:50:00,6658.76000000,15508.23000000,6376.22000000,0.00000000,False
2022-02-06 08:55:00,6708.66000000,15598.50000000,6380.64000000,0.00000000,False
2022-02-06 09:00:00,6804.47000000,15851.86000000,6212.88000000,0.00000000,False
2022-02-06 09:05:00,6878.78000000,15913.56000000,6219.04000000,0.00000000,False
2022-02-06 09:10:00,6739.97000000,15877.18000000,6224.28000000,0.00000000,False
2022-02-06 09:15:00,6784.09000000,16139.51000000,6285.51000000,0.00000000,False
2022-02-06 09:20:00,6783.83000000,16069.43000000,6286.57000000,0.00000000,False
2022-02-06 09:25:00,6831.05000000,16261.45000000,6286.58000000,0.00000000,False
2022-02-06 09:30:00,6849.75000000,16293.53000000,6283.67000000,0.00000000,False
2022-02-06 09:35:00,6996.18000000,16183.80000000,6283.72000000,0.00000000,False
2022-02-06 09:40:00,6786.19000000,16203.06000000,6282.72000000,0.00000000,False
2022-02-06 09:45:00,6975.27000000,16737.16000000,6282.70000000,0.00000000,False
2022-02-06 09:50:00,7092.04000000,16897.58000000,6282.76000000,0.00000000,False
2022-02-06 09:55:00,7308.91000000,17237.68000000,6282.80000000,0.00000000,False
2022-02-06 10:00:00,7192.50000000,16525.26000000,6494.41000000,0.00000000,False
2022-02-06 10:05:00,7285.65000000,16869.83000000,6491.63000000,0.00000000,False
2022-02-06 10:10:00,7131.60000000,16819.34000000,6491.74000000,0.00000000,False
2022-02-06 10:15:00,7151.92000000,16748.61000000,6488.72000000,0.00000000,False
2022-02-06 10:20:00,7191.02000000,16765.80000000,6488.75000000,0.00000000,False
2022-02-06 10:25:00,7322.66000000,17180.39000000,6700.96000000,0.00000000,False
2022-02-06 10:30:00,7359.25000000,17327.88000000,6700.94000000,0.00000000,False
2022-02-06 10:35:00,7439.81000000,17530.65000000,6697.92000000,0.00000000,False
2022-02-06 10:40:00,7493.01000000,17738.05000000,6696.02000000,0.00000000,False
2022-02-06 10:45:00,7578.29000000,18123.47000000,6695.13000000,0.00000000,False
2022-02-06 10:50:00,7724.43000000,18415.11000000,6694.04000000,0.00000000,False
2022-02-06 10:55:00,7936.60000000,18626.06000000,6693.92000000,0.00000000,False
2022-02-06 11:00:00,7677.67000000,18027.18000000,6718.18000000,0.00000000,False
2022-02-06 11:05:00,7766.75000000,18280.36000000,6718.02000000,0.00000000,False
2022-02-06 11:10:00,7766.28000000,18405.12000000,6718.36000000,0.00000000,False
2022-02-06 11:15:00,7775.26000000,18479.89000000,6717.48000000,0.00000000,False
2022-02-06 11:20:00,7760.51000000,18245.62000000,6718.26000000,0.00000000,False
2022-02-06 11:25:00,7978.29000000,18995.51000000,6718.35000000,0.00000000,False
2022-02-06 11:30:00,8189.78000000,19338.48000000,6718.28000000,0.00000000,False
2022-02-06 11:35:00,8294.67000000,19112.74000000,6717.26000000,0.00000000,False
2022-02-06 11:40:00,8321.62000000,19320.20000000,6718.48000000,0.00000000,False
2022-02-06 11:45:00,8314.77000000,19527.90000000,6695.19000000,0.00000000,False
2022-02-06 11:50:00,8249.89000000,19674.66000000,6694.86000000,0.00000000,False
2022-02-06 11:55:00,8265.82000000,19935.30000000,6694.12000000,0.00000000,False
2022-02-06 12:00:00,7847.35000000,18461.86000000,6710.43000000,0.00000000,False
2022-02-06 12:05:00,7802.27000000,18880.62000000,6709.54000000,0.00000000,False
2022-02-06 12:10:00,7794.89000000,18020.33000000,6698.32000000,0.00000000,False
2022-02-06 12:15:00,7879.38000000,18384.09000000,6699.16000000,0.00000000,False
2022-02-06 12:20:00,7816.17000000,18709.90000000,6699.31000000,0.00000000,False
2022-02-06 12:25:00,7707.62000000,18250.61000000,6655.84000000,0.00000000,False
2022-02-06 12:30:00,7495.41000000,18049.97000000,6659.94000000,0.00000000,False
2022-02-06 12:35:00,7565.70000000,18251.78000000,6655.88000000,0.00000000,False
2022-02-06 12:40:00,7654.50000000,18346.50000000,6660.84000000,0.00000000,False
2022-02-06 12:45:00,7691.62000000,18662.46000000,6659.87000000,0.00000000,False
2022-02-06 12:50:00,7712.28000000,18920.91000000,6660.83000000,0.00000000,False
2022-02-06 12:55:00,7566.16000000,18954.44000000,6659.98000000,0.00000000,False
2022-02-06 13:00:00,7523.38000000,18904.72000000,6650.31000000,0.00000000,False
2022-02-06 13:05:00,7489.48000000,19273.58000000,6646.37000000,0.00000000,False
2022-02-06 13:10:00,7634.51000000,19465.12000000,6646.64000000,0.00000000,False
2022-02-06 13:15:00,7760.39000000,19807.21000000,6645.72000000,0.00000000,False
2022-02-06 13:20:00,8023.48000000,20187.01000000,6646.60000000,0.00000000,False
2022-02-06 13:25:00,8185.18000000,20414.27000000,6646.70000000,0.00000000,False
2022-02-06 13:30:00,8364.67000000,20975.05000000,6645.41000000,0.00000000,False
2022-02-06 13:35:00,8319.76000000,20801.63000000,6645.56000000,0.00000000,False
2022-02-06 13:40:00,8447.13000000,21061.80000000,6645.44000000,0.00000000,False
2022-02-06 13:45:00,8418.12000000,21067.03000000,6645.57000000,0.00000000,False
2022-02-06 13:50:00,8469.41000000,21300.95000000,6646.38000000,0.00000000,False
2022-02-06 13:55:00,8517.38000000,21597.95000000,6645.68000000,0.00000000,False
2022-02-06 14:00:00,8545.34000000,21955.10000000,6721.81000000,0.00000000,False
2022-02-06 14:05:00,8456.59000000,20945.69000000,6722.83000000,0.00000000,False
2022-02-06 14:10:00,8448.06000000,20800.36000000,6723.13000000,0.00000000,False
2022-02-06 14:15:00,8451.58000000,20992.19000000,6724.22000000,0.00000000,False
2022-02-06 14:20:00,8458.64000000,20874.20000000,6723.13000000,0.00000000,False
2022-02-06 14:25:00,8431.37000000,21145.44000000,6723.20000000,0.00000000,False
2022-02-06 14:30:00,8451.72000000,21320.80000000,6722.12000000,0.00000000,False
2022-02-06 14:35:00,8523.21000000,21569.64000000,6722.21000000,0.00000000,False
2022-02-06 14:40:00,8512.27000000,21483.45000000,6722.96000000,0.00000000,False
2022-02-06 14:45:00,8482.20000000,21512.31000000,6722.97000000,0.00000000,False
2022-02-06 14:50:00,8526.61000000,21870.29000000,6721.89000000,0.00000000,False
2022-02-06 14:55:00,8487.23000000,22002.80000000,6722.06000000,0.00000000,False
2022-02-06 15:00:00,8744.57000000,22741.07000000,6717.17000000,0.00000000,False
2022-02-06 15:05:00,8842.55000000,22963.01000000,6716.09000000,0.00000000,False
2022-02-06 15:10:00,9004.68000000,23205.58000000,6716.57000000,0.00000000,False
2022-02-06 15:15:00,9006.89000000,23400.35000000,6716.48000000,0.00000000,False
2022-02-06 15:20:00,9010.18000000,23506.32000000,6716.56000000,0.00000000,False
2022-02-06 15:25:00,9001.54000000,23726.48000000,6717.39000000,0.00000000,False
2022-02-06 15:30:00,9085.85000000,24264.97000000,6716.50000000,0.00000000,False
2022-02-06 15:35:00,9052.94000000,24421.56000000,6716.53000000,0.00000000,False
2022-02-06 15:40:00,8995.07000000,24463.79000000,6716.22000000,0.00000000,False
2022-02-06 15:45:00,9034.58000000,24680.01000000,6716.40000000,0.00000000,False
2022-02-06 15:50:00,9024.49000000,24935.23000000,6716.38000000,0.00000000,False
2022-02-06 15:55:00,9061.07000000,24951.94000000,6717.41000000,0.00000000,False
2022-02-06 16:00:00,9228.00000000,24969.85000000,6717.82000000,0.00000000,False
2022-02-06 16:05:00,9257.28000000,25168.52000000,6717.61000000,0.00000000,False
2022-02-06 16:10:00,9309.33000000,25280.97000000,6717.02000000,0.00000000,False
2022-02-06 16:15:00,9285.29000000,25193.78000000,6717.99000000,0.00000000,False
2022-02-06 16:20:00,9275.01000000,25285.80000000,6717.91000000,0.00000000,False
2022-02-06 16:25:00,9277.03000000,25412.76000000,6718.11000000,0.00000000,False
2022-02-06 16:30:00,9261.85000000,25383.50000000,6718.14000000,0.00000000,False
2022-02-06 16:35:00,9237.96000000,25279.82000000,6717.02000000,0.00000000,False
2022-02-06 16:40:00,9188.52000000,25166.17000000,6717.82000000,0.00000000,False
2022-02-06 16:45:00,9181.78000000,25346.07000000,6717.80000000,0.00000000,False
2022-02-06 16:50:00,9248.04000000,26016.16000000,6606.01000000,0.00000000,False
2022-02-06 16:55:00,9533.60000000,26693.51000000,6607.18000000,0.00000000,False
2022-02-06 17:00:00,10159.17000000,26875.49000000,6638.03000000,0.00000000,False
2022-02-06 17:05:00,9809.57000000,26161.02000000,6694.62000000,0.00000000,False
2022-02-06 17:10:00,9698.84000000,25454.78000000,6694.92000000,0.00000000,False
2022-02-06 17:15:00,9618.19000000,24644.08000000,6638.28000000,0.00000000,False
2022-02-06 17:20:00,9535.06000000,23951.40000000,6638.48000000,0.00000000,False
2022-02-06 17:25:00,9227.50000000,23120.37000000,6638.53000000,0.00000000,False
2022-02-06 17:30:00,8958.00000000,21996.26000000,6638.33000000,0.00000000,False
2022-02-06 17:35:00,8819.26000000,21212.63000000,6638.44000000,0.00000000,False
2022-02-06 17:40:00,8776.71000000,21026.13000000,6638.29000000,0.00000000,False
2022-02-06 17:45:00,8720.05000000,20198.90000000,6638.32000000,0.00000000,False
2022-02-06 17:50:00,8633.59000000,19523.28000000,6639.51000000,0.00000000,False
2022-02-06 17:55:00,8590.96000000,18849.01000000,6639.41000000,0.00000000,False
2022-02-06 18:00:00,8436.57000000,18525.96000000,6398.63000000,0.00000000,False
2022-02-06 18:05:00,8193.41000000,18042.18000000,6396.44000000,0.00000000,False
2022-02-06 18:10:00,8083.55000000,17619.95000000,6395.91000000,0.00000000,False
2022-02-06 18:15:00,7936.85000000,17264.85000000,6398.78000000,0.00000000,False
2022-02-06 18:20:00,7813.88000000,16568.05000000,6400.95000000,0.00000000,False
2022-02-06 18:25:00,7549.71000000,16183.39000000,6399.89000000,0.00000000,False
2022-02-06 18:30:00,7327.51000000,15737.52000000,6399.78000000,0.00000000,False
2022-02-06 18:35:00,7102.81000000,15602.13000000,6397.85000000,0.00000000,False
2022-02-06 18:40:00,7112.06000000,15417.96000000,6400.56000000,0.00000000,False
2022-02-06 18:45:00,7183.42000000,15626.63000000,6400.68000000,0.00000000,False
2022-02-06 18:50:00,7124.48000000,15525.05000000,6401.65000000,0.00000000,False
2022-02-06 18:55:00,7050.45000000,15704.21000000,6401.79000000,0.00000000,False
2022-02-06 19:00:00,7123.86000000,16149.45000000,6350.55000000,0.00000000,False
2022-02-06 19:05:00,7128.44000000,16595.48000000,6350.60000000,0.00000000,False
2022-02-06 19:10:00,7283.69000000,16792.58000000,6349.86000000,0.00000000,False
2022-02-06 19:15:00,7102.29000000,16402.45000000,6350.95000000,0.00000000,False
2022-02-06 19:20:00,6958.50000000,16101.16000000,6350.90000000,0.00000000,False
2022-02-06 19:25:00,6952.38000000,16386.56000000,6241.97000000,0.00000000,False
2022-02-06 19:30:00,6989.07000000,16528.91000000,6241.90000000,0.00000000,False
2022-02-06 19:35:00,6981.98000000,16487.63000000,6241.97000000,0.00000000,False
2022-02-06 19:40:00,6956.49000000,16501.05000000,6241.84000000,0.00000000,False
2022-02-06 19:45:00,6990.89000000,16620.77000000,6241.80000000,0.00000000,False
2022-02-06 19:50:00,6913.71000000,16461.75000000,6242.00000000,0.00000000,False
2022-02-06 19:55:00,6897.38000000,16306.31000000,6241.82000000,0.00000000,False
2022-02-06 20:00:00,6908.47000000,16390.58000000,6348.05000000,0.00000000,False
2022-02-06 20:05:00,6947.41000000,16600.29000000,6348.03000000,0.00000000,False
2022-02-06 20:10:00,6881.84000000,16315.91000000,6404.86000000,0.00000000,False
2022-02-06 20:15:00,6831.75000000,16196.34000000,6404.98000000,0.00000000,False
2022-02-06 20:20:00,6981.60000000,16530.78000000,6404.96000000,0.00000000,False
2022-02-06 20:25:00,6966.19000000,16710.72000000,6405.02000000,0.00000000,False
2022-02-06 20:30:00,6890.67000000,16401.59000000,6404.81000000,0.00000000,False
2022-02-06 20:35:00,6879.81000000,16228.87000000,6404.95000000,0.00000000,False
2022-02-06 20:40:00,6886.19000000,16236.25000000,6404.67000000,0.00000000,False
2022-02-06 20:45:00,6907.53000000,16514.77000000,6404.77000000,0.00000000,False
2022-02-06 20:50:00,7057.02000000,16702.60000000,6404.75000000,0.00000000,False
2022-02-06 20:55:00,7008.18000000,16633.07000000,6405.03000000,0.00000000,False
2022-02-06 21:00:00,6973.11000000,16540.17000000,6401.98000000,0.00000000,False
2022-02-06 21:05:00,6882.17000000,16391.83000000,6401.94000000,0.00000000,False
2022-02-06 21:10:00,6845.66000000,16225.79000000,6407.32000000,0.00000000,False
2022-02-06 21:15:00,6819.45000000,16166.26000000,6309.22000000,0.00000000,False
2022-02-06 21:20:00,6808.94000000,16116.75000000,6310.44000000,0.00000000,False
2022-02-06 21:25:00,6856.70000000,16246.32000000,6309.36000000,0.00000000,False
2022-02-06 21:30:00,6833.66000000,16245.80000000,6310.54000000,0.00000000,False
2022-02-06 21:35:00,6820.48000000,16210.02000000,6309.51000000,0.00000000,False
2022-02-06 21:40:00,6826.58000000,16233.72000000,6310.26000000,0.00000000,False
2022-02-06 21:45:00,6916.27000000,16455.63000000,6310.36000000,0.00000000,False
2022-02-06 21:50:00,6995.68000000,16685.95000000,6310.40000000,0.00000000,False
2022-02-06 21:55:00,7049.04000000,16971.07000000,6310.43000000,0.00000000,False
2022-02-06 22:00:00,6971.50000000,17041.79000000,6219.73000000,0.00000000,False
2022-02-06 22:05:00,6932.38000000,16719.63000000,6219.59000000,0.00000000,False
2022-02-06 22:10:00,6881.76000000,16622.68000000,6220.04000000,0.00000000,False
2022-02-06 22:15:00,6885.79000000,16685.53000000,6219.94000000,0.00000000,False
2022-02-06 22:20:00,6871.51000000,16904.34000000,6220.10000000,0.00000000,False
2022-02-06 22:25:00,6896.61000000,16839.45000000,6220.12000000,0.00000000,False
2022-02-06 22:30:00,6887.28000000,16959.56000000,6332.07000000,0.00000000,False
2022-02-06 22:35:00,6970.90000000,17354.96000000,6332.26000000,0.00000000,False
2022-02-06 22:40:00,7090.23000000,17705.27000000,6332.07000000,0.00000000,False
2022-02-06 22:45:00,7204.46000000,17722.16000000,6332.09000000,0.00000000,False
2022-02-06 22:50:00,7191.18000000,17567.13000000,6332.23000000,0.00000000,False
2022-02-06 22:55:00,6985.80000000,17242.48000000,6332.14000000,0.00000000,False
2022-02-06 23:00:00,6860.07000000,17244.09000000,6337.03000000,0.00000000,False
2022-02-06 23:05:00,6942.07000000,17069.96000000,6337.92000000,0.00000000,False
2022-02-06 23:10:00,6955.30000000,17085.80000000,6339.26000000,0.00000000,False
2022-02-06 23:15:00,6992.33000000,17135.15000000,6339.33000000,0.00000000,False
2022-02-06 23:20:00,7061.57000000,17253.01000000,6340.29000000,0.00000000,False
2022-02-06 23:25:00,7014.82000000,17279.50000000,6340.34000000,0.00000000,False
2022-02-06 23:30:00,6989.95000000,17324.93000000,6340.48000000,0.00000000,False
2022-02-06 23:35:00,6994.51000000,17515.78000000,6340.24000000,0.00000000,False
2022-02-06 23:40:00,6989.01000000,17463.57000000,6340.28000000,0.00000000,False
2022-02-06 23:45:00,6968.15000000,17259.13000000,6339.29000000,0.00000000,False
2022-02-06 23:50:00,6951.08000000,17099.16000000,6339.16000000,0.00000000,False
2022-02-06 23:55:00,6775.70000000,16468.74000000,6340.16000000,0.00000000,False
2022-02-07 00:00:00,6909.66000000,16926.56000000,6535.49000000,0.00000000,False
2022-02-07 00:05:00,6828.39000000,16342.26000000,6527.18000000,0.00000000,False
2022-02-07 00:10:00,6483.72000000,15761.19000000,6527.58000000,0.00000000,False
2022-02-07 00:15:00,6375.24000000,15614.92000000,6527.45000000,0.00000000,False
2022-02-07 00:20:00,6276.25000000,15595.67000000,6527.68000000,0.00000000,False
2022-02-07 00:25:00,6282.96000000,15871.08000000,6526.51000000,0.00000000,False
2022-02-07 00:30:00,6357.83000000,15860.26000000,6526.54000000,0.00000000,False
2022-02-07 00:35:00,6400.31000000,15858.04000000,6526.51000000,0.00000000,False
2022-02-07 00:40:00,6400.31000000,15940.24000000,6526.22000000,0.00000000,False
2022-02-07 00:45:00,6368.23000000,15725.40000000,6527.32000000,0.00000000,False
2022-02-07 00:50:00,6275.17000000,15602.02000000,6527.31000000,0.00000000,False
2022-02-07 00:55:00,6166.83000000,15416.91000000,6528.37000000,0.00000000,False
2022-02-07 01:00:00,6211.14000000,15615.56000000,6526.35000000,0.00000000,False
2022-02-07 01:05:00,6182.01000000,15518.46000000,6526.23000000,0.00000000,False
2022-02-07 01:10:00,6254.62000000,15720.67000000,6526.63000000,0.00000000,False
2022-02-07 01:15:00,6325.07000000,15839.50000000,6526.56000000,0.00000000,False
2022-02-07 01:20:00,6384.75000000,15881.44000000,6528.43000000,0.00000000,False
2022-02-07 01:25:00,6408.25000000,15996.64000000,6527.60000000,0.00000000,False
2022-02-07 01:30:00,6504.60000000,16223.61000000,6526.54000000,0.00000000,False
2022-02-07 01:35:00,6539.93000000,16397.59000000,6525.50000000,0.00000000,False
2022-02-07 01:40:00,6548.46000000,16288.17000000,6526.42000000,0.00000000,False
2022-02-07 01:45:00,6531.22000000,16121.27000000,6526.34000000,0.00000000,False
2022-02-07 01:50:00,6522.07000000,16224.45000000,6527.45000000,0.00000000,False
2022-02-07 01:55:00,6543.40000000,16173.41000000,6529.45000000,0.00000000,False
2022-02-07 02:00:00,6498.19000000,15975.53000000,6617.28000000,0.00000000,False
2022-02-07 02:05:00,6369.82000000,15659.65000000,6617.35000000,0.00000000,False
2022-02-07 02:10:00,6243.97000000,15530.40000000,6617.73000000,0.00000000,False
2022-02-07 02:15:00,6252.30000000,15448.68000000,6621.61000000,0.00000000,False
2022-02-07 02:20:00,6179.39000000,15005.10000000,6620.71000000,0.00000000,False
2022-02-07 02:25:00,6268.89000000,15261.67000000,6619.55000000,0.00000000,False
2022-02-07 02:30:00,6235.79000000,14916.76000000,6700.73000000,0.00000000,False
2022-02-07 02:35:00,6247.54000000,14972.06000000,6617.67000000,0.00000000,False
2022-02-07 02:40:00,6278.16000000,14941.43000000,6618.48000000,0.00000000,False
2022-02-07 02:45:00,6280.75000000,14874.52000000,6620.54000000,0.00000000,False
2022-02-07 02:50:00,6255.98000000,14688.84000000,6620.69000000,0.00000000,False
2022-02-07 02:55:00,6256.52000000,14527.30000000,6620.51000000,0.00000000,False
2022-02-07 03:00:00,6372.28000000,14697.93000000,6622.48000000,0.00000000,False
2022-02-07 03:05:00,6308.75000000,14487.91000000,6622.50000000,0.00000000,False
2022-02-07 03:10:00,6223.74000000,14121.60000000,6622.80000000,0.00000000,False
2022-02-07 03:15:00,6039.59000000,13953.66000000,6622.96000000,0.00000000,False
2022-02-07 03:20:00,5866.30000000,13757.04000000,6622.95000000,0.00000000,False
2022-02-07 03:25:00,5791.09000000,13622.84000000,6622.91000000,0.00000000,False
2022-02-07 03:30:00,5703.88000000,13564.52000000,6623.03000000,0.00000000,False
2022-02-07 03:35:00,5651.44000000,13436.61000000,6623.01000000,0.00000000,False
2022-02-07 03:40:00,5537.75000000,13134.86000000,6622.79000000,0.00000000,False
2022-02-07 03:45:00,5465.52000000,13124.98000000,6622.89000000,0.00000000,False
2022-02-07 03:50:00,5417.16000000,13052.48000000,6622.93000000,0.00000000,False
2022-02-07 03:55:00,5389.08000000,12942.71000000,6620.84000000,0.00000000,False
2022-02-07 04:00:00,5392.56000000,12874.65000000,6618.55000000,0.00000000,False
2022-02-07 04:05:00,5273.61000000,12471.16000000,6618.54000000,0.00000000,False
2022-02-07 04:10:00,5165.73000000,12204.80000000,6618.78000000,0.00000000,False
2022-02-07 04:15:00,5038.84000000,11783.56000000,6617.87000000,0.00000000,False
2022-02-07 04:20:00,5012.18000000,11698.71000000,6618.89000000,0.00000000,False
2022-02-07 04:25:00,4891.12000000,11474.96000000,6619.83000000,0.00000000,False
2022-02-07 04:30:00,4854.41000000,11307.97000000,6618.90000000,0.00000000,False
2022-02-07 04:35:00,4842.63000000,11511.02000000,6617.89000000,0.00000000,False
2022-02-07 04:40:00,4832.60000000,11437.43000000,6619.69000000,0.00000000,False
2022-02-07 04:45:00,4727.78000000,11525.07000000,6619.79000000,0.00000000,False
2022-02-07 04:50:00,4977.78000000,12019.15000000,6618.66000000,0.00000000,False
2022-02-07 04:55:00,5371.37000000,12051.07000000,6519.83000000,0.00000000,False
2022-02-07 05:00:00,5317.49000000,11655.23000000,6501.87000000,0.00000000,False
2022-02-07 05:05:00,5200.15000000,10911.49000000,6502.00000000,0.00000000,False
2022-02-07 05:10:00,4840.54000000,10324.07000000,6502.01000000,0.00000000,False
2022-02-07 05:15:00,4583.16000000,10244.20000000,6501.97000000,0.00000000,False
2022-02-07 05:20:00,4537.94000000,10258.54000000,6502.02000000,0.00000000,False
2022-02-07 05:25:00,4396.98000000,9996.46000000,6502.01000000,0.00000000,False
2022-02-07 05:30:00,4278.09000000,9647.12000000,6502.01000000,0.00000000,False
2022-02-07 05:35:00,4087.50000000,9023.90000000,6502.01000000,0.00000000,False
2022-02-07 05:40:00,4128.41000000,9041.23000000,6501.85000000,0.00000000,False
2022-02-07 05:45:00,4089.07000000,9271.03000000,6331.51000000,0.00000000,False
2022-02-07 05:50:00,4219.70000000,9445.95000000,6163.36000000,0.00000000,False
2022-02-07 05:55:00,4495.14000000,10067.19000000,5925.12000000,0.00000000,False
2022-02-07 06:00:00,4516.46000000,9774.27000000,5797.93000000,0.00000000,False
2022-02-07 06:05:00,4500.29000000,10019.29000000,5798.93000000,0.00000000,False
2022-02-07 06:10:00,4474.51000000,10157.85000000,5597.06000000,0.00000000,False
2022-02-07 06:15:00,4443.58000000,9916.25000000,5597.15000000,0.00000000,False
2022-02-07 06:20:00,4325.38000000,9510.86000000,5594.70000000,0.00000000,False
2022-02-07 06:25:00,4131.66000000,8925.71000000,5596.52000000,0.00000000,False
2022-02-07 06:30:00,3954.75000000,8603.47000000,5535.56000000,0.00000000,False
2022-02-07 06:35:00,3842.57000000,8356.36000000,5450.75000000,0.00000000,False
2022-02-07 06:40:00,3724.69000000,8151.77000000,5450.95000000,0.00000000,False
2022-02-07 06:45:00,3685.60000000,7832.05000000,5400.58000000,0.00000000,False
2022-02-07 06:50:00,3552.98000000,7586.82000000,5401.03000000,0.00000000,False
2022-02-07 06:55:00,3717.97000000,7882.67000000,5400.38000000,0.00000000,False
2022-02-07 07:00:00,3705.70000000,7641.52000000,5468.39000000,0.00000000,False
2022-02-07 07:05:00,3558.65000000,7344.97000000,5434.23000000,0.00000000,False
2022-02-07 07:10:00,3485.02000000,7706.85000000,5325.78000000,0.00000000,False
2022-02-07 07:15:00,3498.23000000,7611.06000000,5235.67000000,0.00000000,False
2022-02-07 07:20:00,3588.40000000,7733.51000000,5209.60000000,0.00000000,False
2022-02-07 07:25:00,3560.39000000,7611.58000000,5211.00000000,0.00000000,False
2022-02-07 07:30:00,3577.88000000,7403.72000000,5207.35000000,0.00000000,False
2022-02-07 07:35:00,3595.74000000,7226.48000000,5234.63000000,0.00000000,False
2022-02-07 07:40:00,3756.63000000,7575.96000000,5237.64000000,0.00000000,False
2022-02-07 07:45:00,3731.05000000,7710.67000000,5309.93000000,0.00000000,False
2022-02-07 07:50:00,3821.67000000,7974.20000000,5238.98000000,0.00000000,False
2022-02-07 07:55:00,3850.31000000,8000.66000000,5238.90000000,0.00000000,False
2022-02-07 08:00:00,3846.60000000,8177.19000000,5565.38000000,0.00000000,False
2022-02-07 08:05:00,4121.51000000,8639.29000000,5500.01000000,0.00000000,False
2022-02-07 08:10:00,4296.17000000,8880.94000000,5690.53000000,0.00000000,False
2022-02-07 08:15:00,4254.18000000,9003.85000000,5668.89000000,0.00000000,False
2022-02-07 08:20:00,4282.62000000,9245.80000000,5756.96000000,0.00000000,False
2022-02-07 08:25:00,4291.96000000,9795.69000000,5948.92000000,0.00000000,False
2022-02-07 08:30:00,4629.69000000,10534.88000000,5997.24000000,0.00000000,False
2022-02-07 08:35:00,4923.62000000,11289.56000000,6052.70000000,0.00000000,False
2022-02-07 08:40:00,5064.26000000,11502.52000000,5973.35000000,0.00000000,False
2022-02-07 08:45:00,5013.67000000,11849.26000000,5973.32000000,0.00000000,False
2022-02-07 08:50:00,5016.24000000,12129.44000000,6065.41000000,0.00000000,False
2022-02-07 08:55:00,5294.67000000,12500.75000000,6018.30000000,0.00000000,False
2022-02-07 09:00:00,5417.66000000,12530.69000000,6173.77000000,0.00000000,False
2022-02-07 09:05:00,5392.46000000,12448.00000000,6398.66000000,0.00000000,False
2022-02-07 09:10:00,5289.34000000,12484.38000000,6397.87000000,0.00000000,False
2022-02-07 09:15:00,5426.49000000,12840.72000000,6396.92000000,0.00000000,False
2022-02-07 09:20:00,5561.61000000,13151.06000000,6304.90000000,0.00000000,False
2022-02-07 09:25:00,5771.18000000,13143.82000000,6378.69000000,0.00000000,False
2022-02-07 09:30:00,5864.91000000,13404.53000000,6304.68000000,0.00000000,False
2022-02-07 09:35:00,6141.35000000,13705.20000000,6302.63000000,0.00000000,False
2022-02-07 09:40:00,6259.14000000,13460.64000000,6487.62000000,0.00000000,False
2022-02-07 09:45:00,6247.74000000,13384.30000000,6512.47000000,0.00000000,False
2022-02-07 09:50:00,6146.15000000,13289.73000000,6511.29000000,0.00000000,False
2022-02-07 09:55:00,6135.70000000,13677.14000000,6509.34000000,0.00000000,False
2022-02-07 10:00:00,6146.16000000,12736.33000000,7064.42000000,0.00000000,False
2022-02-07 10:05:00,5986.34000000,12524.39000000,7062.29000000,0.00000000,False
2022-02-07 10:10:00,5963.81000000,12764.17000000,7062.46000000,0.00000000,False
2022-02-07 10:15:00,6022.60000000,13094.13000000,7112.32000000,0.00000000,False
2022-02-07 10:20:00,6124.39000000,12750.04000000,7112.39000000,0.00000000,False
2022-02-07 10:25:00,6170.38000000,13173.34000000,7112.39000000,0.00000000,False
2022-02-07 10:30:00,6190.87000000,13139.48000000,7111.46000000,0.00000000,False
2022-02-07 10:35:00,6229.13000000,13497.64000000,7060.39000000,0.00000000,False
2022-02-07 10:40:00,6405.44000000,13860.63000000,7059.27000000,0.00000000,False
2022-02-07 10:45:00,6535.92000000,13891.41000000,7060.29000000,0.00000000,False
2022-02-07 10:50:00,6442.99000000,14013.67000000,7056.26000000,0.00000000,False
2022-02-07 10:55:00,6390.40000000,13891.80000000,7055.41000000,0.00000000,False
2022-02-07 11:00:00,6283.64000000,13829.57000000,6973.88000000,0.00000000,False
2022-02-07 11:05:00,6279.53000000,13276.46000000,6971.31000000,0.00000000,False
2022-02-07 11:10:00,6197.90000000,13656.73000000,6971.48000000,0.00000000,False
2022-02-07 11:15:00,6402.82000000,14547.83000000,6971.29000000,0.00000000,False
2022-02-07 11:20:00,6485.20000000,14891.83000000,6971.36000000,0.00000000,False
2022-02-07 11:25:00,6639.43000000,14936.28000000,6979.96000000,0.00000000,False
2022-02-07 11:30:00,6669.12000000,15174.98000000,6979.94000000,0.00000000,False
2022-02-07 11:35:00,6748.55000000,15273.48000000,6979.91000000,0.00000000,False
2022-02-07 11:40:00,6799.11000000,15486.17000000,6979.76000000,0.00000000,False
2022-02-07 11:45:00,6999.85000000,16076.62000000,6979.70000000,0.00000000,False
2022-02-07 11:50:00,7154.65000000,16570.52000000,6979.67000000,0.00000000,False
2022-02-07 11:55:00,7094.70000000,16126.33000000,6979.84000000,0.00000000,False
2022-02-07 12:00:00,6992.63000000,16028.82000000,6964.81000000,0.00000000,False
2022-02-07 12:05:00,6968.34000000,15992.12000000,6964.73000000,0.00000000,False
2022-02-07 12:10:00,6984.24000000,15842.34000000,6965.00000000,0.00000000,False
2022-02-07 12:15:00,7018.66000000,15950.27000000,6964.94000000,0.00000000,False
2022-02-07 12:20:00,7048.07000000,16185.18000000,6964.88000000,0.00000000,False
2022-02-07 12:25:00,7047.48000000,16250.78000000,6980.79000000,0.00000000,False
2022-02-07 12:30:00,6917.73000000,16053.65000000,6952.87000000,0.00000000,False
2022-02-07 12:35:00,6951.50000000,16383.75000000,6981.86000000,0.00000000,False
2022-02-07 12:40:00,7043.63000000,16502.01000000,6981.69000000,0.00000000,False
2022-02-07 12:45:00,7002.28000000,16465.84000000,6981.89000000,0.00000000,False
2022-02-07 12:50:00,6970.17000000,16318.47000000,6980.83000000,0.00000000,False
2022-02-07 12:55:00,7015.01000000,16562.88000000,6980.84000000,0.00000000,False
2022-02-07 13:00:00,7062.07000000,16832.18000000,6968.57000000,0.00000000,False
2022-02-07 13:05:00,7143.44000000,16983.55000000,6968.57000000,0.00000000,False
2022-02-07 13:10:00,7161.82000000,16879.58000000,6968.80000000,0.00000000,False
2022-02-07 13:15:00,7124.64000000,17002.36000000,6968.57000000,0.00000000,False
2022-02-07 13:20:00,7215.38000000,17402.60000000,6968.69000000,0.00000000,False
2022-02-07 13:25:00,7316.18000000,17150.86000000,6968.82000000,0.00000000,False
2022-02-07 13:30:00,7382.37000000,17412.93000000,6968.71000000,0.00000000,False
2022-02-07 13:35:00,7465.91000000,17407.51000000,6968.85000000,0.00000000,False
2022-02-07 13:40:00,7594.54000000,17584.22000000,6968.59000000,0.00000000,False
2022-02-07 13:45:00,7501.20000000,17937.01000000,6968.76000000,0.00000000,False
2022-02-07 13:50:00,7613.36000000,18188.98000000,6968.81000000,0.00000000,False
2022-02-07 13:55:00,7755.16000000,18684.41000000,6967.63000000,0.00000000,False
2022-02-07 14:00:00,8009.44000000,18804.53000000,7012.68000000,0.00000000,False
2022-02-07 14:05:00,8277.59000000,19017.05000000,7018.31000000,0.00000000,False
2022-02-07 14:10:00,8409.99000000,19141.76000000,7015.23000000,0.00000000,False
2022-02-07 14:15:00,8412.99000000,19270.20000000,7059.25000000,0.00000000,False
2022-02-07 14:20:00,8403.48000000,19345.27000000,6960.37000000,0.00000000,False
2022-02-07 14:25:00,8405.39000000,19587.53000000,6964.22000000,0.00000000,False
2022-02-07 14:30:00,8381.84000000,19593.61000000,6964.58000000,0.00000000,False
2022-02-07 14:35:00,8346.15000000,19642.87000000,6964.50000000,0.00000000,False
2022-02-07 14:40:00,8317.41000000,19829.61000000,6962.58000000,0.00000000,False
2022-02-07 14:45:00,8275.93000000,19887.18000000,6959.69000000,0.00000000,False
2022-02-07 14:50:00,8234.99000000,19634.43000000,6958.53000000,0.00000000,False
2022-02-07 14:55:00,8165.10000000,19577.89000000,6945.05000000,0.00000000,False
2022-02-07 15:00:00,8198.77000000,19776.92000000,6939.68000000,0.00000000,False
2022-02-07 15:05:00,8186.39000000,19888.52000000,6936.04000000,0.00000000,False
2022-02-07 15:10:00,8160.17000000,19925.74000000,6934.31000000,0.00000000,False
2022-02-07 15:15:00,8254.12000000,20102.98000000,6933.11000000,0.00000000,False
2022-02-07 15:20:00,8252.00000000,19765.66000000,6876.17000000,0.00000000,False
2022-02-07 15:25:00,8183.16000000,19407.48000000,6934.35000000,0.00000000,False
2022-02-07 15:30:00,8083.10000000,19383.66000000,6936.14000000,0.00000000,False
2022-02-07 15:35:00,8102.69000000,19928.13000000,6937.35000000,0.00000000,False
2022-02-07 15:40:00,8188.41000000,19887.19000000,6936.10000000,0.00000000,False
2022-02-07 15:45:00,8212.99000000,19573.58000000,6936.29000000,0.00000000,False
2022-02-07 15:50:00,8159.60000000,19663.50000000,6879.79000000,0.00000000,False
2022-02-07 15:55:00,8082.46000000,19434.83000000,6880.71000000,0.00000000,False
2022-02-07 16:00:00,8181.41000000,19513.18000000,6896.91000000,0.00000000,False
2022-02-07 16:05:00,8219.91000000,19803.37000000,6895.20000000,0.00000000,False
2022-02-07 16:10:00,8194.56000000,19816.24000000,6897.27000000,0.00000000,False
2022-02-07 16:15:00,8223.62000000,19870.90000000,6899.23000000,0.00000000,False
2022-02-07 16:20:00,8250.97000000,19633.62000000,6899.17000000,0.00000000,False
2022-02-07 16:25:00,8210.78000000,19291.79000000,6899.33000000,0.00000000,False
2022-02-07 16:30:00,8156.67000000,19138.76000000,6899.20000000,0.00000000,False
2022-02-07 16:35:00,8137.93000000,19342.16000000,6900.32000000,0.00000000,False
2022-02-07 16:40:00,8124.38000000,18619.33000000,6900.07000000,0.00000000,False
2022-02-07 16:45:00,7974.74000000,18334.16000000,6900.30000000,0.00000000,False
2022-02-07 16:50:00,7977.07000000,18769.44000000,6806.98000000,0.00000000,False
2022-02-07 16:55:00,8160.75000000,19293.26000000,6657.14000000,0.00000000,False
2022-02-07 17:00:00,7990.69000000,18403.09000000,6871.36000000,0.00000000,False
2022-02-07 17:05:00,8020.99000000,18119.35000000,6871.42000000,0.00000000,False
2022-02-07 17:10:00,7772.70000000,17581.62000000,6871.61000000,0.00000000,False
2022-02-07 17:15:00,7676.15000000,16725.33000000,6871.43000000,0.00000000,False
2022-02-07 17:20:00,7309.37000000,15900.46000000,6871.60000000,0.00000000,False
2022-02-07 17:25:00,6936.05000000,14996.70000000,6872.54000000,0.00000000,False
2022-02-07 17:30:00,6813.72000000,13932.69000000,6872.62000000,0.00000000,False
2022-02-07 17:35:00,6349.26000000,13155.47000000,6872.53000000,0.00000000,False
2022-02-07 17:40:00,5942.14000000,12304.16000000,6872.53000000,0.00000000,False
2022-02-07 17:45:00,5270.61000000,11051.60000000,6868.84000000,0.00000000,False
2022-02-07 17:50:00,4857.68000000,10333.81000000,6837.62000000,0.00000000,False
2022-02-07 17:55:00,4571.19000000,9706.63000000,6689.64000000,0.00000000,False
2022-02-07 18:00:00,4412.33000000,9592.57000000,6224.20000000,0.00000000,False
2022-02-07 18:05:00,4315.40000000,9608.66000000,6192.62000000,0.00000000,False
2022-02-07 18:10:00,4120.61000000,9323.63000000,5922.25000000,0.00000000,False
2022-02-07 18:15:00,4025.31000000,8760.46000000,5922.32000000,0.00000000,False
2022-02-07 18:20:00,3877.09000000,8150.76000000,5750.98000000,0.00000000,False
2022-02-07 18:25:00,3940.90000000,7892.41000000,5752.54000000,0.00000000,False
2022-02-07 18:30:00,3910.07000000,7409.42000000,5794.83000000,0.00000000,False
2022-02-07 18:35:00,3881.64000000,7095.16000000,5793.27000000,0.00000000,False
2022-02-07 18:40:00,3739.16000000,6785.96000000,5793.27000000,0.00000000,False
2022-02-07 18:45:00,3668.99000000,6696.88000000,5794.01000000,0.00000000,False
2022-02-07 18:50:00,3912.84000000,7039.58000000,5687.88000000,0.00000000,False
2022-02-07 18:55:00,3734.60000000,6723.48000000,5688.88000000,0.00000000,False
2022-02-07 19:00:00,3641.94000000,6866.81000000,5663.44000000,0.00000000,False
2022-02-07 19:05:00,3530.26000000,6816.70000000,5708.44000000,0.00000000,False
2022-02-07 19:10:00,3430.68000000,6806.30000000,5765.48000000,0.00000000,False
2022-02-07 19:15:00,3403.65000000,6764.11000000,5765.44000000,0.00000000,False
2022-02-07 19:20:00,3471.26000000,6776.71000000,5766.49000000,0.00000000,False
2022-02-07 19:25:00,3421.96000000,6844.52000000,5766.48000000,0.00000000,False
2022-02-07 19:30:00,3439.02000000,6878.42000000,5766.48000000,0.00000000,False
2022-02-07 19:35:00,3443.06000000,6944.88000000,5766.48000000,0.00000000,False
2022-02-07 19:40:00,3519.88000000,7264.42000000,5766.49000000,0.00000000,False
2022-02-07 19:45:00,3502.96000000,7310.10000000,5766.48000000,0.00000000,False
2022-02-07 19:50:00,3499.54000000,7073.07000000,5806.48000000,0.00000000,False
2022-02-07 19:55:00,3481.06000000,7166.22000000,6008.29000000,0.00000000,False
2022-02-07 20:00:00,3470.96000000,7144.83000000,6097.17000000,0.00000000,False
2022-02-07 20:05:00,3407.28000000,7208.95000000,6097.17000000,0.00000000,False
2022-02-07 20:10:00,3469.91000000,7161.58000000,6097.18000000,0.00000000,False
2022-02-07 20:15:00,3448.03000000,7278.86000000,6097.13000000,0.00000000,False
2022-02-07 20:20:00,3478.97000000,7433.08000000,6097.17000000,0.00000000,False
2022-02-07 20:25:00,3426.38000000,7384.27000000,6147.15000000,0.00000000,False
2022-02-07 20:30:00,3530.41000000,7495.24000000,6147.15000000,0.00000000,False
2022-02-07 20:35:00,3606.69000000,7778.42000000,6148.15000000,0.00000000,False
2022-02-07 20:40:00,3597.39000000,7856.73000000,6272.04000000,0.00000000,False
2022-02-07 20:45:00,3568.74000000,7681.94000000,6377.99000000,0.00000000,False
2022-02-07 20:50:00,3586.81000000,7714.70000000,6377.97000000,0.00000000,False
2022-02-07 20:55:00,3618.42000000,7762.06000000,6378.08000000,0.00000000,False
2022-02-07 21:00:00,3691.83000000,8186.28000000,6629.24000000,0.00000000,False
2022-02-07 21:05:00,3708.28000000,8293.66000000,6669.84000000,0.00000000,False
2022-02-07 21:10:00,3704.01000000,8350.79000000,6677.60000000,0.00000000,False
2022-02-07 21:15:00,3688.63000000,8263.02000000,6677.42000000,0.00000000,False
2022-02-07 21:20:00,3698.20000000,8110.42000000,6842.10000000,0.00000000,False
2022-02-07 21:25:00,3900.58000000,8974.91000000,6843.56000000,0.00000000,False
2022-02-07 21:30:00,3982.46000000,9257.64000000,6843.68000000,0.00000000,False
2022-02-07 21:35:00,4084.05000000,9421.31000000,6843.64000000,0.00000000,False
2022-02-07 21:40:00,4161.21000000,9471.96000000,6803.68000000,0.00000000,False
2022-02-07 21:45:00,4206.64000000,9601.27000000,6803.68000000,0.00000000,False
2022-02-07 21:50:00,4303.71000000,9933.24000000,6910.37000000,0.00000000,False
2022-02-07 21:55:00,4480.15000000,10138.86000000,6911.52000000,0.00000000,False
2022-02-07 22:00:00,4418.93000000,9676.81000000,6893.18000000,0.00000000,False
2022-02-07 22:05:00,4371.47000000,9857.08000000,6894.66000000,0.00000000,False
2022-02-07 22:10:00,4432.39000000,10006.10000000,6894.90000000,0.00000000,False
2022-02-07 22:15:00,4421.61000000,9846.18000000,6894.87000000,0.00000000,False
2022-02-07 22:20:00,4287.69000000,9937.75000000,6969.68000000,0.00000000,False
2022-02-07 22:25:00,4355.20000000,10010.95000000,6969.65000000,0.00000000,False
2022-02-07 22:30:00,4410.90000000,9884.72000000,6969.69000000,0.00000000,False
2022-02-07 22:35:00,4629.47000000,10756.41000000,6969.82000000,0.00000000,False
2022-02-07 22:40:00,4816.10000000,10978.41000000,6970.03000000,0.00000000,False
2022-02-07 22:45:00,4948.87000000,11270.01000000,6969.92000000,0.00000000,False
2022-02-07 22:50:00,5158.25000000,11740.27000000,6969.57000000,0.00000000,False
2022-02-07 22:55:00,5288.48000000,11992.43000000,6969.79000000,0.00000000,False
2022-02-07 23:00:00,5108.54000000,11312.58000000,7076.35000000,0.00000000,False
2022-02-07 23:05:00,5239.41000000,11086.68000000,7102.42000000,0.00000000,False
2022-02-07 23:10:00,5108.14000000,10646.29000000,7127.40000000,0.00000000,False
2022-02-07 23:15:00,5135.24000000,10742.20000000,7129.37000000,0.00000000,False
2022-02-07 23:20:00,5149.76000000,10506.79000000,7129.17000000,0.00000000,False
2022-02-07 23:25:00,5113.15000000,10631.47000000,7129.16000000,0.00000000,False
2022-02-07 23:30:00,5150.78000000,10942.55000000,7129.41000000,0.00000000,False
2022-02-07 23:35:00,5399.50000000,10856.58000000,7129.39000000,0.00000000,False
2022-02-07 23:40:00,5416.64000000,11219.05000000,7129.42000000,0.00000000,False
2022-02-07 23:45:00,5475.44000000,11387.90000000,7127.60000000,0.00000000,False
2022-02-07 23:50:00,5545.12000000,11444.28000000,7129.28000000,0.00000000,False
2022-02-07 23:55:00,5590.04000000,11803.07000000,7126.83000000,0.00000000,False
