batch,stamp,repeat,prc_mw,rtolcap_mw,rtoffcap_mw,rtordpa,slot
6374480,2022-02-01 00:00:26,N,7032.51,19265.71,6351.0,0.0,2022-02-01 00:00:00
6374488,2022-02-01 00:05:23,N,6970.82,19166.12,6353.84,0.0,2022-02-01 00:05:00
6374490,2022-02-01 00:10:16,N,6862.6,19207.81,6353.73,0.0,2022-02-01 00:10:00
6374492,2022-02-01 00:15:17,N,6919.39,19398.72,6353.65,0.0,2022-02-01 00:15:00
6374496,2022-02-01 00:20:18,N,6945.37,19589.12,6353.67,0.0,2022-02-01 00:20:00
6374498,2022-02-01 00:25:16,N,7090.44,19813.31,6352.68,0.0,2022-02-01 00:25:00
6374500,2022-02-01 00:30:17,N,7207.17,19872.56,6353.6,0.0,2022-02-01 00:30:00
6374504,2022-02-01 00:35:18,N,7222.4,20030.79,6353.59,0.0,2022-02-01 00:35:00
6374506,2022-02-01 00:40:19,N,7215.76,20241.31,6353.64,0.0,2022-02-01 00:40:00
6374508,2022-02-01 00:45:19,N,7207.8,20383.12,6353.68,0.0,2022-02-01 00:45:00
6374512,2022-02-01 00:50:18,N,7274.18,20206.14,6353.58,0.0,2022-02-01 00:50:00
6374514,2022-02-01 00:55:18,N,7137.54,20010.12,6352.49,0.0,2022-02-01 00:55:00
6374516,2022-02-01 01:00:25,N,7266.99,19975.3,6361.41,0.0,2022-02-01 01:00:00
6374525,2022-02-01 01:05:17,N,7258.96,20043.73,6359.54,0.0,2022-02-01 01:05:00
6374528,2022-02-01 01:10:18,N,7377.97,20189.06,6359.55,0.0,2022-02-01 01:10:00
6374530,2022-02-01 01:15:18,N,7366.73,20288.72,6359.55,0.0,2022-02-01 01:15:00
6374534,2022-02-01 01:20:18,N,7386.48,20463.16,6359.61,0.0,2022-02-01 01:20:00
6374536,2022-02-01 01:25:16,N,7420.76,20098.83,6358.79,0.0,2022-02-01 01:25:00
6374538,2022-02-01 01:30:17,N,7377.95,20179.72,6358.77,0.0,2022-02-01 01:30:00
6374542,2022-02-01 01:35:17,N,7393.99,20372.36,6359.7,0.0,2022-02-01 01:35:00
6374544,2022-02-01 01:40:17,N,7410.27,20270.02,6359.68,0.0,2022-02-01 01:40:00
6374546,2022-02-01 01:45:16,N,7404.75,20128.08,6359.62,0.0,2022-02-01 01:45:00
6374550,2022-02-01 01:50:17,N,7366.19,20089.87,6359.52,0.0,2022-02-01 01:50:00
6374552,2022-02-01 01:55:16,N,7381.99,19869.51,6359.47,0.0,2022-02-01 01:55:00
6374554,2022-02-01 02:00:23,N,7296.49,19791.97,6365.99,0.0,2022-02-01 02:00:00
6374562,2022-02-01 02:05:16,N,7194.25,19699.55,6364.62,0.0,2022-02-01 02:05:00
6374564,2022-02-01 02:10:17,N,7261.97,19557.3,6364.61,0.0,2022-02-01 02:10:00
6374566,2022-02-01 02:15:21,N,7189.29,19684.14,6364.44,0.0,2022-02-01 02:15:00
6374570,2022-02-01 02:20:21,N,7331.17,19644.2,6364.64,0.0,2022-02-01 02:20:00
6374572,2022-02-01 02:25:17,N,7270.04,19520.44,6364.73,0.0,2022-02-01 02:25:00
6374574,2022-02-01 02:30:20,N,7279.41,19476.46,6364.54,0.0,2022-02-01 02:30:00
6374578,2022-02-01 02:35:22,N,7280.14,19430.23,6364.48,0.0,2022-02-01 02:35:00
6374580,2022-02-01 02:40:17,N,7250.2,19330.59,6364.62,0.0,2022-02-01 02:40:00
6374582,2022-02-01 02:45:17,N,7244.03,19206.63,6364.54,0.0,2022-02-01 02:45:00
6374586,2022-02-01 02:50:21,N,7233.67,19263.33,6364.52,0.0,2022-02-01 02:50:00
6374588,2022-02-01 02:55:18,N,7234.57,19294.48,6364.58,0.0,2022-02-01 02:55:00
6374590,2022-02-01 03:00:21,N,7320.38,19361.08,6370.25,0.0,2022-02-01 03:00:00
6374598,2022-02-01 03:05:18,N,7332.95,19293.0,6372.95,0.0,2022-02-01 03:05:00
6374600,2022-02-01 03:10:15,N,7353.53,19394.02,6372.94,0.0,2022-02-01 03:10:00
6374602,2022-02-01 03:15:24,N,7381.76,19384.14,6372.87,0.0,2022-02-01 03:15:00
6374606,2022-02-01 03:20:17,N,7359.99,19336.56,6373.04,0.0,2022-02-01 03:20:00
6374608,2022-02-01 03:25:16,N,7356.86,19427.69,6373.21,0.0,2022-02-01 03:25:00
6374610,2022-02-01 03:30:16,N,7346.62,19586.87,6373.1,0.0,2022-02-01 03:30:00
6374614,2022-02-01 03:35:17,N,7313.42,19373.77,6372.09,0.0,2022-02-01 03:35:00
6374616,2022-02-01 03:40:17,N,7288.55,19390.89,6372.15,0.0,2022-02-01 03:40:00
6374618,2022-02-01 03:45:19,N,7274.25,19269.05,6373.04,0.0,2022-02-01 03:45:00
6374622,2022-02-01 03:50:18,N,7237.07,19172.48,6373.02,0.0,2022-02-01 03:50:00
6374624,2022-02-01 03:55:20,N,7352.54,19520.72,6373.01,0.0,2022-02-01 03:55:00
6374626,2022-02-01 04:00:23,N,7429.3,19484.29,6374.83,0.0,2022-02-01 04:00:00
6374634,2022-02-01 04:05:18,N,7385.41,19116.63,6372.02,0.0,2022-02-01 04:05:00
6374636,2022-02-01 04:10:17,N,7361.28,18920.25,6371.9,0.0,2022-02-01 04:10:00
6374638,2022-02-01 04:15:17,N,7393.0,19013.24,6370.82,0.0,2022-02-01 04:15:00
6374642,2022-02-01 04:20:17,N,7368.59,18942.31,6371.97,0.0,2022-02-01 04:20:00
6374644,2022-02-01 04:25:15,N,7325.68,18614.03,6371.98,0.0,2022-02-01 04:25:00
6374646,2022-02-01 04:30:17,N,7225.56,18641.6,6372.06,0.0,2022-02-01 04:30:00
6374650,2022-02-01 04:35:18,N,7240.65,18580.38,6371.84,0.0,2022-02-01 04:35:00
6374652,2022-02-01 04:40:18,N,7166.05,18520.76,6371.89,0.0,2022-02-01 04:40:00
6374654,2022-02-01 04:45:17,N,7114.67,18392.62,6372.13,0.0,2022-02-01 04:45:00
6374658,2022-02-01 04:50:17,N,7033.47,18532.83,6371.87,0.0,2022-02-01 04:50:00
6374660,2022-02-01 04:55:17,N,6990.53,18420.16,6370.86,0.0,2022-02-01 04:55:00
6374662,2022-02-01 05:00:21,N,7094.38,18222.94,6272.14,0.0,2022-02-01 05:00:00
6374670,2022-02-01 05:05:18,N,6985.32,17802.81,6274.64,0.0,2022-02-01 05:05:00
6374672,2022-02-01 05:10:17,N,6931.57,17618.58,6259.59,0.0,2022-02-01 05:10:00
6374674,2022-02-01 05:15:17,N,6882.6,17399.58,6259.33,0.0,2022-02-01 05:15:00
6374678,2022-02-01 05:20:30,N,6856.51,17364.58,6259.41,0.0,2022-02-01 05:20:00
6374681,2022-02-01 05:25:16,N,6708.24,16396.71,6259.52,0.0,2022-02-01 05:25:00
6374683,2022-02-01 05:30:17,N,6568.72,16189.73,6258.57,0.0,2022-02-01 05:30:00
6374687,2022-02-01 05:35:18,N,6603.4,16604.56,6258.61,0.0,2022-02-01 05:35:00
6374689,2022-02-01 05:40:16,N,6572.06,16635.07,6258.81,0.0,2022-02-01 05:40:00
6374691,2022-02-01 05:45:19,N,6454.32,16567.77,6259.79,0.0,2022-02-01 05:45:00
6374695,2022-02-01 05:50:17,N,6833.32,17741.65,6259.56,0.0,2022-02-01 05:50:00
6374697,2022-02-01 05:55:18,N,7150.47,17874.37,6259.62,0.0,2022-02-01 05:55:00
6374699,2022-02-01 06:00:22,N,7593.29,18642.37,6192.12,0.0,2022-02-01 06:00:00
6374707,2022-02-01 06:05:18,N,7444.78,17755.92,6191.14,0.0,2022-02-01 06:05:00
6374709,2022-02-01 06:10:16,N,7090.22,17214.33,6206.9,0.0,2022-02-01 06:10:00
6374711,2022-02-01 06:15:18,N,6932.89,17244.23,6206.84,0.0,2022-02-01 06:15:00
6374715,2022-02-01 06:20:17,N,6946.29,17356.79,6188.29,0.0,2022-02-01 06:20:00
6374717,2022-02-01 06:25:18,N,6828.31,16741.96,6188.46,0.0,2022-02-01 06:25:00
6374719,2022-02-01 06:30:20,N,6762.16,16545.48,6188.41,0.0,2022-02-01 06:30:00
6374723,2022-02-01 06:35:18,N,6624.66,16193.64,6188.36,0.0,2022-02-01 06:35:00
6374725,2022-02-01 06:40:17,N,6481.44,16069.61,6188.48,0.0,2022-02-01 06:40:00
6374727,2022-02-01 06:45:17,N,6416.18,15741.36,6188.38,0.0,2022-02-01 06:45:00
6374731,2022-02-01 06:50:16,N,6288.32,15328.93,6188.13,0.0,2022-02-01 06:50:00
6374733,2022-02-01 06:55:19,N,6184.94,15011.71,6188.07,0.0,2022-02-01 06:55:00
6374735,2022-02-01 07:00:23,N,6317.75,15344.86,6181.84,0.0,2022-02-01 07:00:00
6374743,2022-02-01 07:05:16,N,6161.88,15162.86,6184.76,0.0,2022-02-01 07:05:00
6374745,2022-02-01 07:10:17,N,6122.06,15071.61,6184.83,0.0,2022-02-01 07:10:00
6374747,2022-02-01 07:15:17,N,6084.05,14969.94,6184.82,0.0,2022-02-01 07:15:00
6374751,2022-02-01 07:20:19,N,6077.48,15046.53,6184.91,0.0,2022-02-01 07:20:00
6374753,2022-02-01 07:25:19,N,6013.42,14889.09,6185.1,0.0,2022-02-01 07:25:00
6374755,2022-02-01 07:30:17,N,5981.23,14699.66,6185.02,0.0,2022-02-01 07:30:00
6374759,2022-02-01 07:35:17,N,5973.73,14638.75,6184.81,0.0,2022-02-01 07:35:00
6374761,2022-02-01 07:40:17,N,6094.43,14796.48,6184.96,0.0,2022-02-01 07:40:00
6374763,2022-02-01 07:45:18,N,6055.3,14484.38,6184.98,0.0,2022-02-01 07:45:00
6374767,2022-02-01 07:50:17,N,6128.73,14373.7,6184.79,0.0,2022-02-01 07:50:00
6374769,2022-02-01 07:55:18,N,6188.34,14175.88,6184.75,0.0,2022-02-01 07:55:00
6374771,2022-02-01 08:00:22,N,6226.3,14310.01,6194.71,0.0,2022-02-01 08:00:00
6374779,2022-02-01 08:05:18,N,6210.08,14002.17,6148.23,0.0,2022-02-01 08:05:00
6374781,2022-02-01 08:10:18,N,6220.26,14153.54,6148.15,0.0,2022-02-01 08:10:00
6374783,2022-02-01 08:15:18,N,6296.5,14589.23,6148.16,0.0,2022-02-01 08:15:00
6374787,2022-02-01 08:20:17,N,6322.69,14701.94,6148.21,0.0,2022-02-01 08:20:00
6374789,2022-02-01 08:25:16,N,6224.83,14523.99,6148.23,0.0,2022-02-01 08:25:00
6374791,2022-02-01 08:30:17,N,6210.53,14595.11,6300.31,0.0,2022-02-01 08:30:00
6374795,2022-02-01 08:35:18,N,6279.46,15176.56,6300.1,0.0,2022-02-01 08:35:00
6374797,2022-02-01 08:40:17,N,6380.7,15535.66,6148.21,0.0,2022-02-01 08:40:00
6374799,2022-02-01 08:45:16,N,6419.82,15584.89,6300.37,0.0,2022-02-01 08:45:00
6374803,2022-02-01 08:50:18,N,6413.93,15440.17,6224.09,0.0,2022-02-01 08:50:00
6374805,2022-02-01 08:55:17,N,6497.58,15642.36,6224.03,0.0,2022-02-01 08:55:00
6374807,2022-02-01 09:00:26,N,6200.63,14535.63,6307.52,0.0,2022-02-01 09:00:00
6374815,2022-02-01 09:05:19,N,6136.36,14388.52,6547.36,0.0,2022-02-01 09:05:00
6374817,2022-02-01 09:10:19,N,6319.64,15119.19,6603.79,0.0,2022-02-01 09:10:00
6374820,2022-02-01 09:15:18,N,6398.54,15141.73,6531.01,0.0,2022-02-01 09:15:00
6374824,2022-02-01 09:20:19,N,6225.44,14512.03,6530.16,0.0,2022-02-01 09:20:00
6374826,2022-02-01 09:25:17,N,6207.35,14577.48,6436.27,0.0,2022-02-01 09:25:00
6374828,2022-02-01 09:30:18,N,6435.79,15381.34,6435.24,0.0,2022-02-01 09:30:00
6374832,2022-02-01 09:35:18,N,6542.64,15915.76,6433.23,0.0,2022-02-01 09:35:00
6374834,2022-02-01 09:40:18,N,6631.05,16016.67,6286.62,0.0,2022-02-01 09:40:00
6374836,2022-02-01 09:45:17,N,6655.6,15832.98,6287.68,0.0,2022-02-01 09:45:00
6374840,2022-02-01 09:50:17,N,6579.6,15944.85,6286.48,0.0,2022-02-01 09:50:00
6374842,2022-02-01 09:55:19,N,6636.22,16555.33,6286.53,0.0,2022-02-01 09:55:00
6374846,2022-02-01 10:00:27,N,6619.97,16082.04,6236.6,0.0,2022-02-01 10:00:00
6374855,2022-02-01 10:05:17,N,6497.78,15838.55,6236.89,0.0,2022-02-01 10:05:00
6374858,2022-02-01 10:10:16,N,6354.15,15368.5,6236.98,0.0,2022-02-01 10:10:00
6374861,2022-02-01 10:15:17,N,6372.95,15384.68,6236.81,0.0,2022-02-01 10:15:00
6374865,2022-02-01 10:20:18,N,6350.5,15406.13,6236.94,0.0,2022-02-01 10:20:00
6374867,2022-02-01 10:25:16,N,6345.0,15203.99,6237.07,0.0,2022-02-01 10:25:00
6374869,2022-02-01 10:30:16,N,6315.71,15047.38,6238.0,0.0,2022-02-01 10:30:00
6374873,2022-02-01 10:35:17,N,6387.18,15660.61,6239.06,0.0,2022-02-01 10:35:00
6374875,2022-02-01 10:40:16,N,6625.45,16046.94,6239.09,0.0,2022-02-01 10:40:00
6374877,2022-02-01 10:45:17,N,6722.46,15678.96,6238.95,0.0,2022-02-01 10:45:00
6374881,2022-02-01 10:50:17,N,6481.27,14888.17,6238.89,0.0,2022-02-01 10:50:00
6374883,2022-02-01 10:55:17,N,6349.05,14886.82,6238.88,0.0,2022-02-01 10:55:00
6374885,2022-02-01 11:00:25,N,6338.68,15163.69,6266.11,0.0,2022-02-01 11:00:00
6374893,2022-02-01 11:05:18,N,6382.9,15390.57,6269.49,0.0,2022-02-01 11:05:00
6374895,2022-02-01 11:10:16,N,6406.41,15358.94,6274.06,0.0,2022-02-01 11:10:00
6374897,2022-02-01 11:15:18,N,6402.55,15436.01,6197.47,0.0,2022-02-01 11:15:00
6374902,2022-02-01 11:20:18,N,6417.91,15205.18,6197.54,0.0,2022-02-01 11:20:00
6374904,2022-02-01 11:25:18,N,6425.95,14930.47,6272.47,0.0,2022-02-01 11:25:00
6374906,2022-02-01 11:30:18,N,6355.07,14792.81,6274.31,0.0,2022-02-01 11:30:00
6374910,2022-02-01 11:35:17,N,6469.14,14881.22,6196.36,0.0,2022-02-01 11:35:00
6374912,2022-02-01 11:40:17,N,6390.1,14803.1,6195.42,0.0,2022-02-01 11:40:00
6374914,2022-02-01 11:45:18,N,6286.89,14282.91,6272.58,0.0,2022-02-01 11:45:00
6374918,2022-02-01 11:50:18,N,6292.7,14336.68,6195.44,0.0,2022-02-01 11:50:00
6374920,2022-02-01 11:55:17,N,6240.19,14429.19,6193.4,0.0,2022-02-01 11:55:00
6374922,2022-02-01 12:00:22,N,6224.14,14161.47,6098.25,0.0,2022-02-01 12:00:00
6374930,2022-02-01 12:05:19,N,6260.98,14195.91,6176.13,0.0,2022-02-01 12:05:00
6374932,2022-02-01 12:10:18,N,6312.43,14086.85,6100.27,0.0,2022-02-01 12:10:00
6374934,2022-02-01 12:15:17,N,6301.04,14000.3,6101.08,0.0,2022-02-01 12:15:00
6374938,2022-02-01 12:20:18,N,6380.39,14496.55,6101.25,0.0,2022-02-01 12:20:00
6374940,2022-02-01 12:25:17,N,6360.92,14463.78,6099.32,0.0,2022-02-01 12:25:00
6374942,2022-02-01 12:30:19,N,6287.45,14465.35,6098.19,0.0,2022-02-01 12:30:00
6374946,2022-02-01 12:35:18,N,6279.44,14216.27,6099.24,0.0,2022-02-01 12:35:00
6374948,2022-02-01 12:40:16,N,6275.29,14074.97,6099.27,0.0,2022-02-01 12:40:00
6374951,2022-02-01 12:45:17,N,6224.01,14164.48,6101.26,0.0,2022-02-01 12:45:00
6374955,2022-02-01 12:50:17,N,6282.37,14458.15,6101.24,0.0,2022-02-01 12:50:00
6374957,2022-02-01 12:55:19,N,6200.05,14280.23,6098.27,0.0,2022-02-01 12:55:00
6374959,2022-02-01 13:00:21,N,6378.63,14642.72,6092.42,0.0,2022-02-01 13:00:00
6374967,2022-02-01 13:05:18,N,6379.83,14573.24,6093.29,0.0,2022-02-01 13:05:00
6374970,2022-02-01 13:10:17,N,6314.72,14513.08,6093.57,0.0,2022-02-01 13:10:00
6374972,2022-02-01 13:15:21,N,6307.35,14243.22,6093.4,0.0,2022-02-01 13:15:00
6374976,2022-02-01 13:20:19,N,6328.34,14191.29,6093.44,0.0,2022-02-01 13:20:00
6374978,2022-02-01 13:25:19,N,6144.24,14164.4,6092.8,0.0,2022-02-01 13:25:00
6374980,2022-02-01 13:30:20,N,6131.09,13849.36,6093.81,0.0,2022-02-01 13:30:00
6374984,2022-02-01 13:35:17,N,6054.29,13458.45,6093.7,0.0,2022-02-01 13:35:00
6374986,2022-02-01 13:40:18,N,6167.29,13861.05,6093.64,0.0,2022-02-01 13:40:00
6374988,2022-02-01 13:45:19,N,6218.75,13895.88,6092.65,0.0,2022-02-01 13:45:00
6374992,2022-02-01 13:50:17,N,6210.6,13876.96,6159.94,0.0,2022-02-01 13:50:00
6374994,2022-02-01 13:55:19,N,6032.36,13254.52,6092.64,0.0,2022-02-01 13:55:00
6374996,2022-02-01 14:00:24,N,6383.62,13844.67,6143.61,0.0,2022-02-01 14:00:00
6375004,2022-02-01 14:05:18,N,6343.48,13590.7,6143.6,0.0,2022-02-01 14:05:00
6375006,2022-02-01 14:10:17,N,6151.99,13373.08,6143.54,0.0,2022-02-01 14:10:00
6375008,2022-02-01 14:15:17,N,6085.25,13239.89,6143.44,0.0,2022-02-01 14:15:00
6375012,2022-02-01 14:20:18,N,6076.48,13192.15,6143.6,0.0,2022-02-01 14:20:00
6375014,2022-02-01 14:25:18,N,6052.6,13237.24,6143.68,0.0,2022-02-01 14:25:00
6375016,2022-02-01 14:30:21,N,6084.17,13194.58,6143.66,0.0,2022-02-01 14:30:00
6375020,2022-02-01 14:35:17,N,6289.37,13295.63,6143.51,0.0,2022-02-01 14:35:00
6375022,2022-02-01 14:40:17,N,6154.32,13153.95,6211.13,0.0,2022-02-01 14:40:00
6375024,2022-02-01 14:45:18,N,6139.22,13242.68,6211.16,0.0,2022-02-01 14:45:00
6375028,2022-02-01 14:50:17,N,6052.73,13032.99,6211.1,0.0,2022-02-01 14:50:00
6375030,2022-02-01 14:55:20,N,6232.38,13419.24,6209.01,0.0,2022-02-01 14:55:00
6375033,2022-02-01 15:00:23,N,6404.38,14050.74,6128.2,0.0,2022-02-01 15:00:00
6375041,2022-02-01 15:05:21,N,6339.39,13576.98,6124.8,0.0,2022-02-01 15:05:00
6375043,2022-02-01 15:10:16,N,6330.84,13479.84,6125.78,0.0,2022-02-01 15:10:00
6375045,2022-02-01 15:15:17,N,6214.92,13570.01,6085.95,0.0,2022-02-01 15:15:00
6375049,2022-02-01 15:20:18,N,6237.76,13419.01,6083.93,0.0,2022-02-01 15:20:00
6375051,2022-02-01 15:25:17,N,6179.08,13325.56,6084.21,0.0,2022-02-01 15:25:00
6375053,2022-02-01 15:30:19,N,6049.47,12856.88,6083.12,0.0,2022-02-01 15:30:00
6375057,2022-02-01 15:35:18,N,6063.19,12986.59,6084.12,0.0,2022-02-01 15:35:00
6375059,2022-02-01 15:40:18,N,5998.22,12943.22,6084.17,0.0,2022-02-01 15:40:00
6375061,2022-02-01 15:45:17,N,5925.3,12547.06,6084.3,0.0,2022-02-01 15:45:00
6375065,2022-02-01 15:50:19,N,5961.9,12416.55,6132.1,0.0,2022-02-01 15:50:00
6375067,2022-02-01 15:55:17,N,6048.1,12823.59,6132.05,0.0,2022-02-01 15:55:00
6375069,2022-02-01 16:00:21,N,6151.15,13200.43,6116.89,0.0,2022-02-01 16:00:00
6375077,2022-02-01 16:05:18,N,6199.66,13549.81,6117.67,0.0,2022-02-01 16:05:00
6375079,2022-02-01 16:10:17,N,6441.01,14146.71,6080.84,0.0,2022-02-01 16:10:00
6375081,2022-02-01 16:15:18,N,6542.18,13815.05,6080.83,0.0,2022-02-01 16:15:00
6375085,2022-02-01 16:20:17,N,6420.88,13404.32,6080.92,0.0,2022-02-01 16:20:00
6375087,2022-02-01 16:25:18,N,6224.24,13229.39,6080.97,0.0,2022-02-01 16:25:00
6375089,2022-02-01 16:30:19,N,6224.89,13451.99,6136.86,0.0,2022-02-01 16:30:00
6375093,2022-02-01 16:35:18,N,6293.65,13435.58,6136.86,0.0,2022-02-01 16:35:00
6375095,2022-02-01 16:40:18,N,6275.98,13159.42,6136.99,0.0,2022-02-01 16:40:00
6375097,2022-02-01 16:45:17,N,6243.14,12704.58,6136.87,0.0,2022-02-01 16:45:00
6375101,2022-02-01 16:50:17,N,6199.67,12937.88,5994.92,0.0,2022-02-01 16:50:00
6375103,2022-02-01 16:55:17,N,6320.66,13401.38,5841.04,0.0,2022-02-01 16:55:00
6375105,2022-02-01 17:00:28,N,6259.23,13440.08,5788.65,0.0,2022-02-01 17:00:00
6375113,2022-02-01 17:05:22,N,6386.32,13349.59,5788.58,0.0,2022-02-01 17:05:00
6375115,2022-02-01 17:10:18,N,6323.8,12792.82,5788.54,0.0,2022-02-01 17:10:00
6375117,2022-02-01 17:15:16,N,6137.44,12311.05,5776.61,0.0,2022-02-01 17:15:00
6375121,2022-02-01 17:20:18,N,6117.85,11925.25,5788.57,0.0,2022-02-01 17:20:00
6375123,2022-02-01 17:25:17,N,5985.18,11211.47,5788.64,0.0,2022-02-01 17:25:00
6375125,2022-02-01 17:30:23,N,5791.25,10961.55,5776.55,0.0,2022-02-01 17:30:00
6375129,2022-02-01 17:35:17,N,5535.72,10693.53,5769.36,0.0,2022-02-01 17:35:00
6375131,2022-02-01 17:40:17,N,5337.51,10627.32,5743.55,0.0,2022-02-01 17:40:00
6375133,2022-02-01 17:45:17,N,5202.55,10038.73,5739.57,0.0,2022-02-01 17:45:00
6375137,2022-02-01 17:50:16,N,4975.47,9739.65,5740.4,0.0,2022-02-01 17:50:00
6375139,2022-02-01 17:55:17,N,4841.44,9506.25,5740.68,0.0,2022-02-01 17:55:00
6375141,2022-02-01 18:00:24,N,4740.4,9427.72,5678.38,0.0,2022-02-01 18:00:00
6375149,2022-02-01 18:05:18,N,4668.45,9317.59,5804.12,0.0,2022-02-01 18:05:00
6375151,2022-02-01 18:10:18,N,4632.51,9060.46,5825.75,0.0,2022-02-01 18:10:00
6375153,2022-02-01 18:15:16,N,4588.13,9138.56,5826.28,0.0,2022-02-01 18:15:00
6375157,2022-02-01 18:20:18,N,4649.5,9214.2,5825.48,0.0,2022-02-01 18:20:00
6375159,2022-02-01 18:25:09,N,4657.88,9255.94,5825.75,0.0,2022-02-01 18:25:00
6375161,2022-02-01 18:30:10,N,4689.3,9264.31,5825.81,0.0,2022-02-01 18:30:00
6375165,2022-02-01 18:35:10,N,4774.27,9563.0,5825.82,0.0,2022-02-01 18:35:00
6375167,2022-02-01 18:40:09,N,4962.0,9987.2,5832.7,0.0,2022-02-01 18:40:00
6375169,2022-02-01 18:45:09,N,5114.81,10234.76,5831.65,0.0,2022-02-01 18:45:00
6375173,2022-02-01 18:50:09,N,5351.72,10459.68,5831.61,0.0,2022-02-01 18:50:00
6375175,2022-02-01 18:55:09,N,5303.49,10710.21,5830.76,0.0,2022-02-01 18:55:00
6375177,2022-02-01 19:00:20,N,5397.94,11000.91,5860.28,0.0,2022-02-01 19:00:00
6375185,2022-02-01 19:05:16,N,5486.71,11326.68,5860.44,0.0,2022-02-01 19:05:00
6375187,2022-02-01 19:10:16,N,5545.96,11373.39,5916.69,0.0,2022-02-01 19:10:00
6375189,2022-02-01 19:15:17,N,5583.94,11683.17,5916.69,0.0,2022-02-01 19:15:00
6375193,2022-02-01 19:20:16,N,5754.31,12272.34,6128.7,0.0,2022-02-01 19:20:00
6375195,2022-02-01 19:25:18,N,5854.36,12381.75,6128.89,0.0,2022-02-01 19:25:00
6375197,2022-02-01 19:30:15,N,5961.58,12454.74,6128.92,0.0,2022-02-01 19:30:00
6375201,2022-02-01 19:35:18,N,5978.3,12346.7,6129.08,0.0,2022-02-01 19:35:00
6375204,2022-02-01 19:40:15,N,5991.0,12724.21,6129.17,0.0,2022-02-01 19:40:00
6375206,2022-02-01 19:45:16,N,6071.33,12841.51,6129.21,0.0,2022-02-01 19:45:00
6375210,2022-02-01 19:50:17,N,6097.47,12717.6,6128.94,0.0,2022-02-01 19:50:00
6375212,2022-02-01 19:55:17,N,6157.97,12980.26,6129.06,0.0,2022-02-01 19:55:00
6375214,2022-02-01 20:00:22,N,6213.74,13540.39,6266.94,0.0,2022-02-01 20:00:00
6375222,2022-02-01 20:05:16,N,6478.6,13694.99,6267.06,0.0,2022-02-01 20:05:00
6375224,2022-02-01 20:10:16,N,6525.93,13929.22,6267.18,0.0,2022-02-01 20:10:00
6375226,2022-02-01 20:15:18,N,6585.84,14174.93,6268.35,0.0,2022-02-01 20:15:00
6375230,2022-02-01 20:20:17,N,6710.55,14447.27,6268.09,0.0,2022-02-01 20:20:00
6375232,2022-02-01 20:25:16,N,6809.19,14780.87,6268.02,0.0,2022-02-01 20:25:00
6375234,2022-02-01 20:30:17,N,6821.48,15088.08,6268.03,0.0,2022-02-01 20:30:00
6375238,2022-02-01 20:35:16,N,6856.97,15339.67,6267.95,0.0,2022-02-01 20:35:00
6375240,2022-02-01 20:40:16,N,6826.46,15482.32,6268.23,0.0,2022-02-01 20:40:00
6375242,2022-02-01 20:45:17,N,6831.44,15598.18,6268.38,0.0,2022-02-01 20:45:00
6375246,2022-02-01 20:50:16,N,6836.83,15387.95,6267.89,0.0,2022-02-01 20:50:00
6375248,2022-02-01 20:55:17,N,6805.23,15465.03,6268.01,0.0,2022-02-01 20:55:00
6375250,2022-02-01 21:00:21,N,6521.95,14999.36,6191.13,0.0,2022-02-01 21:00:00
6375258,2022-02-01 21:05:17,N,6474.0,14738.29,6191.93,0.0,2022-02-01 21:05:00
6375260,2022-02-01 21:10:17,N,6481.7,14813.99,6193.45,0.0,2022-02-01 21:10:00
6375262,2022-02-01 21:15:16,N,6595.08,15332.71,6194.44,0.0,2022-02-01 21:15:00
6375266,2022-02-01 21:20:16,N,6598.44,15396.16,6195.76,0.0,2022-02-01 21:20:00
6375268,2022-02-01 21:25:16,N,6639.78,15488.76,6194.72,0.0,2022-02-01 21:25:00
6375270,2022-02-01 21:30:16,N,6691.1,15610.54,6193.51,0.0,2022-02-01 21:30:00
6375274,2022-02-01 21:35:18,N,7005.73,16398.49,6193.58,0.0,2022-02-01 21:35:00
6375276,2022-02-01 21:40:17,N,7234.57,16887.39,6193.76,0.0,2022-02-01 21:40:00
6375278,2022-02-01 21:45:16,N,7438.59,17181.04,6194.51,0.0,2022-02-01 21:45:00
6375282,2022-02-01 21:50:15,N,7539.39,17597.59,6197.24,0.0,2022-02-01 21:50:00
6375284,2022-02-01 21:55:18,N,7438.9,17198.29,6196.52,0.0,2022-02-01 21:55:00
6375286,2022-02-01 22:00:24,N,7275.32,17176.29,6174.85,0.0,2022-02-01 22:00:00
6375294,2022-02-01 22:05:19,N,7191.87,16328.22,6174.76,0.0,2022-02-01 22:05:00
6375296,2022-02-01 22:10:16,N,7037.89,15708.04,6174.56,0.0,2022-02-01 22:10:00
6375298,2022-02-01 22:15:18,N,7031.29,15516.86,6174.5,0.0,2022-02-01 22:15:00
6375302,2022-02-01 22:20:18,N,6950.05,15445.26,6173.65,0.0,2022-02-01 22:20:00
6375304,2022-02-01 22:25:18,N,6857.72,15131.14,6174.57,0.0,2022-02-01 22:25:00
6375306,2022-02-01 22:30:18,N,6737.2,15316.76,6174.51,0.0,2022-02-01 22:30:00
6375310,2022-02-01 22:35:18,N,6835.22,15388.58,6224.57,0.0,2022-02-01 22:35:00
6375312,2022-02-01 22:40:20,N,6687.93,15103.76,6224.6,0.0,2022-02-01 22:40:00
6375314,2022-02-01 22:45:19,N,6748.67,15266.76,6224.45,0.0,2022-02-01 22:45:00
6375318,2022-02-01 22:50:23,N,6842.77,15429.11,6224.29,0.0,2022-02-01 22:50:00
6375320,2022-02-01 22:55:19,N,6857.57,15622.91,6224.37,0.0,2022-02-01 22:55:00
6375322,2022-02-01 23:00:25,N,6923.21,15986.11,6228.5,0.0,2022-02-01 23:00:00
6375330,2022-02-01 23:05:21,N,6968.6,16127.02,6226.72,0.0,2022-02-01 23:05:00
6375332,2022-02-01 23:10:16,N,7010.78,16273.65,6236.93,0.0,2022-02-01 23:10:00
6375334,2022-02-01 23:15:20,N,7031.27,16335.14,6237.26,0.0,2022-02-01 23:15:00
6375338,2022-02-01 23:20:19,N,6985.2,16372.82,6235.08,0.0,2022-02-01 23:20:00
6375340,2022-02-01 23:25:19,N,6945.68,16159.34,6262.79,0.0,2022-02-01 23:25:00
6375342,2022-02-01 23:30:18,N,6941.21,16283.43,6263.78,0.0,2022-02-01 23:30:00
6375346,2022-02-01 23:35:18,N,6961.4,16400.27,6262.55,0.0,2022-02-01 23:35:00
6375348,2022-02-01 23:38:21,N,7008.83,16640.39,6263.53,0.0,2022-02-01 23:35:00
6375349,2022-02-01 23:40:18,N,7020.16,16424.39,6263.68,0.0,2022-02-01 23:40:00
6375351,2022-02-01 23:45:17,N,7006.55,16343.85,6263.65,0.0,2022-02-01 23:45:00
6375355,2022-02-01 23:50:18,N,7008.98,16500.19,6263.78,0.0,2022-02-01 23:50:00
6375357,2022-02-01 23:55:19,N,6946.72,16757.17,6263.44,0.0,2022-02-01 23:55:00
6375364,2022-02-02 00:00:48,N,6908.24,16247.2,6141.47,0.0,2022-02-02 00:00:00
6375367,2022-02-02 00:05:21,N,6865.37,16334.69,6151.49,0.0,2022-02-02 00:05:00
6375370,2022-02-02 00:10:17,N,6823.39,16178.02,6152.66,0.0,2022-02-02 00:10:00
6375372,2022-02-02 00:15:18,N,6886.5,16663.71,6152.38,0.0,2022-02-02 00:15:00
6375376,2022-02-02 00:20:18,N,6909.58,16763.68,6152.5,0.0,2022-02-02 00:20:00
6375378,2022-02-02 00:25:16,N,6962.27,17008.63,6153.1,0.0,2022-02-02 00:25:00
6375380,2022-02-02 00:30:17,N,7055.11,17478.32,6152.04,0.0,2022-02-02 00:30:00
6375384,2022-02-02 00:35:18,N,7014.14,17499.43,6151.93,0.0,2022-02-02 00:35:00
6375386,2022-02-02 00:40:16,N,7105.65,17840.59,6142.54,0.0,2022-02-02 00:40:00
6375388,2022-02-02 00:45:25,N,7158.17,17851.29,6132.67,0.0,2022-02-02 00:45:00
6375392,2022-02-02 00:50:19,N,7212.21,18024.33,6133.28,0.0,2022-02-02 00:50:00
6375394,2022-02-02 00:55:17,N,7239.81,18010.64,6132.99,0.0,2022-02-02 00:55:00
6375396,2022-02-02 01:00:23,N,7290.97,18217.15,6201.41,0.0,2022-02-02 01:00:00
6375405,2022-02-02 01:05:20,N,7345.1,18385.08,6201.12,0.0,2022-02-02 01:05:00
6375408,2022-02-02 01:10:20,N,7344.21,18421.51,6202.22,0.0,2022-02-02 01:10:00
6375410,2022-02-02 01:15:17,N,7313.68,18440.56,6200.53,0.0,2022-02-02 01:15:00
6375414,2022-02-02 01:20:16,N,7339.01,18567.72,6201.65,0.0,2022-02-02 01:20:00
6375416,2022-02-02 01:25:18,N,7459.36,19088.13,6200.86,0.0,2022-02-02 01:25:00
6375418,2022-02-02 01:30:16,N,7459.36,19312.86,6201.58,0.0,2022-02-02 01:30:00
6375422,2022-02-02 01:35:17,N,7593.31,19789.77,6201.74,0.0,2022-02-02 01:35:00
6375424,2022-02-02 01:40:16,N,7606.96,19871.46,6202.71,0.0,2022-02-02 01:40:00
6375426,2022-02-02 01:45:17,N,7612.11,19902.38,6203.12,0.0,2022-02-02 01:45:00
6375430,2022-02-02 01:50:18,N,7606.1,19792.39,6204.0,0.0,2022-02-02 01:50:00
6375432,2022-02-02 01:55:18,N,7588.18,19693.46,6203.77,0.0,2022-02-02 01:55:00
6375434,2022-02-02 02:00:22,N,7627.18,20122.8,6208.63,0.0,2022-02-02 02:00:00
6375442,2022-02-02 02:05:18,N,7664.37,20368.21,6209.66,0.0,2022-02-02 02:05:00
6375444,2022-02-02 02:10:17,N,7671.76,20007.68,6210.43,0.0,2022-02-02 02:10:00
6375446,2022-02-02 02:15:19,N,7620.18,19988.27,6210.67,0.0,2022-02-02 02:15:00
6375450,2022-02-02 02:20:20,N,7630.44,19975.27,6210.88,0.0,2022-02-02 02:20:00
6375452,2022-02-02 02:25:16,N,7567.86,19896.93,6210.57,0.0,2022-02-02 02:25:00
6375454,2022-02-02 02:30:19,N,7622.72,20214.67,6209.09,0.0,2022-02-02 02:30:00
6375458,2022-02-02 02:35:20,N,7652.04,20157.11,6209.68,0.0,2022-02-02 02:35:00
6375460,2022-02-02 02:40:18,N,7677.68,20285.25,6208.75,0.0,2022-02-02 02:40:00
6375462,2022-02-02 02:45:18,N,7702.03,20567.29,6211.49,0.0,2022-02-02 02:45:00
6375466,2022-02-02 02:50:19,N,7770.46,20688.91,6210.4,0.0,2022-02-02 02:50:00
6375468,2022-02-02 02:55:17,N,7744.75,20639.21,6209.7,0.0,2022-02-02 02:55:00
6375470,2022-02-02 03:00:21,N,7886.83,20856.95,6213.72,0.0,2022-02-02 03:00:00
6375478,2022-02-02 03:05:19,N,7807.28,20597.54,6216.65,0.0,2022-02-02 03:05:00
6375480,2022-02-02 03:10:20,N,7828.21,20583.16,6217.37,0.0,2022-02-02 03:10:00
6375482,2022-02-02 03:15:16,N,7784.96,20416.38,6216.3,0.0,2022-02-02 03:15:00
6375486,2022-02-02 03:20:19,N,7762.44,20483.45,6217.75,0.0,2022-02-02 03:20:00
6375488,2022-02-02 03:25:17,N,7777.49,20605.97,6217.38,0.0,2022-02-02 03:25:00
6375490,2022-02-02 03:30:17,N,7775.49,20486.7,6218.02,0.0,2022-02-02 03:30:00
6375494,2022-02-02 03:35:20,N,7767.84,20787.33,6219.2,0.0,2022-02-02 03:35:00
6375496,2022-02-02 03:40:17,N,7758.71,20670.24,6219.21,0.0,2022-02-02 03:40:00
6375498,2022-02-02 03:45:19,N,7819.48,20972.27,6218.16,0.0,2022-02-02 03:45:00
6375502,2022-02-02 03:50:21,N,7875.37,21462.95,6218.54,0.0,2022-02-02 03:50:00
6375504,2022-02-02 03:55:19,N,7892.46,21430.71,6217.76,0.0,2022-02-02 03:55:00
6375506,2022-02-02 04:00:24,N,8028.03,21701.74,6222.21,0.0,2022-02-02 04:00:00
6375514,2022-02-02 04:05:17,N,8005.85,21345.27,6219.28,0.0,2022-02-02 04:05:00
6375516,2022-02-02 04:10:17,N,7960.61,21597.21,6221.39,0.0,2022-02-02 04:10:00
6375518,2022-02-02 04:15:16,N,7995.08,21843.6,6221.82,0.0,2022-02-02 04:15:00
6375522,2022-02-02 04:20:17,N,8074.34,21573.11,6221.05,0.0,2022-02-02 04:20:00
6375524,2022-02-02 04:25:15,N,8001.6,21799.08,6222.81,0.0,2022-02-02 04:25:00
6375526,2022-02-02 04:30:16,N,7985.85,21950.3,6222.44,0.0,2022-02-02 04:30:00
6375530,2022-02-02 04:35:18,N,8013.73,21623.84,6221.51,0.0,2022-02-02 04:35:00
6375532,2022-02-02 04:40:17,N,7972.26,21782.2,6221.27,0.0,2022-02-02 04:40:00
6375534,2022-02-02 04:45:16,N,7942.02,21528.28,6221.61,0.0,2022-02-02 04:45:00
6375538,2022-02-02 04:50:16,N,7869.5,21318.98,6271.97,0.0,2022-02-02 04:50:00
6375540,2022-02-02 04:55:16,N,7846.33,21156.1,6278.23,0.0,2022-02-02 04:55:00
6375542,2022-02-02 05:00:23,N,7958.51,20946.61,6287.44,0.0,2022-02-02 05:00:00
6375550,2022-02-02 05:05:18,N,7897.49,20681.91,6289.47,0.0,2022-02-02 05:05:00
6375552,2022-02-02 05:10:16,N,7761.91,20317.71,6288.92,0.0,2022-02-02 05:10:00
6375554,2022-02-02 05:15:16,N,7714.96,19819.77,6289.95,0.0,2022-02-02 05:15:00
6375558,2022-02-02 05:20:22,N,7662.2,19720.62,6290.85,0.0,2022-02-02 05:20:00
6375561,2022-02-02 05:25:17,N,7605.5,19561.11,6291.41,0.0,2022-02-02 05:25:00
6375563,2022-02-02 05:30:17,N,7635.51,19764.14,6290.62,0.0,2022-02-02 05:30:00
6375567,2022-02-02 05:35:17,N,7635.37,19943.34,6289.62,0.0,2022-02-02 05:35:00
6375569,2022-02-02 05:40:16,N,7636.67,19757.63,6291.35,0.0,2022-02-02 05:40:00
6375571,2022-02-02 05:45:16,N,7611.45,19810.38,6290.58,0.0,2022-02-02 05:45:00
6375575,2022-02-02 05:50:16,N,7728.86,20677.09,6291.58,0.0,2022-02-02 05:50:00
6375577,2022-02-02 05:55:18,N,8177.39,22110.08,6293.8,0.0,2022-02-02 05:55:00
6375579,2022-02-02 06:00:20,N,8422.02,22204.16,6415.03,0.0,2022-02-02 06:00:00
6375587,2022-02-02 06:05:17,N,8303.98,21372.56,6359.31,0.0,2022-02-02 06:05:00
6375589,2022-02-02 06:10:18,N,8219.31,20830.96,6362.07,0.0,2022-02-02 06:10:00
6375591,2022-02-02 06:15:16,N,8178.07,20575.99,6362.94,0.0,2022-02-02 06:15:00
6375595,2022-02-02 06:20:17,N,8120.46,20170.61,6363.03,0.0,2022-02-02 06:20:00
6375597,2022-02-02 06:25:17,N,8004.57,20377.71,6362.0,0.0,2022-02-02 06:25:00
6375599,2022-02-02 06:30:18,N,8021.77,19832.51,6363.21,0.0,2022-02-02 06:30:00
6375603,2022-02-02 06:35:18,N,7992.06,19466.81,6363.13,0.0,2022-02-02 06:35:00
6375605,2022-02-02 06:40:16,N,8030.18,20011.17,6362.13,0.0,2022-02-02 06:40:00
6375607,2022-02-02 06:45:18,N,8039.95,20132.84,6363.06,0.0,2022-02-02 06:45:00
6375611,2022-02-02 06:50:18,N,7937.4,19682.52,6361.31,0.0,2022-02-02 06:50:00
6375613,2022-02-02 06:55:17,N,7982.1,19820.47,6362.87,0.0,2022-02-02 06:55:00
6375615,2022-02-02 07:00:27,N,7982.05,19589.56,6373.93,0.0,2022-02-02 07:00:00
6375623,2022-02-02 07:05:18,N,7891.98,19576.28,6376.96,0.0,2022-02-02 07:05:00
6375625,2022-02-02 07:10:16,N,7899.64,19648.17,6376.17,0.0,2022-02-02 07:10:00
6375627,2022-02-02 07:15:18,N,7870.66,20028.87,6375.55,0.0,2022-02-02 07:15:00
6375631,2022-02-02 07:20:18,N,7884.29,20248.99,6376.28,0.0,2022-02-02 07:20:00
6375633,2022-02-02 07:25:18,N,7937.39,20277.68,6376.32,0.0,2022-02-02 07:25:00
6375635,2022-02-02 07:30:17,N,7910.89,20300.92,6376.22,0.0,2022-02-02 07:30:00
6375639,2022-02-02 07:35:19,N,7927.32,19995.21,6376.07,0.0,2022-02-02 07:35:00
6375641,2022-02-02 07:40:17,N,7855.78,20189.53,6376.15,0.0,2022-02-02 07:40:00
6375643,2022-02-02 07:45:18,N,7887.68,20697.8,6375.0,0.0,2022-02-02 07:45:00
6375647,2022-02-02 07:50:16,N,8061.2,20809.82,6373.16,0.0,2022-02-02 07:50:00
6375649,2022-02-02 07:55:19,N,8052.05,20665.49,6375.16,0.0,2022-02-02 07:55:00
6375651,2022-02-02 08:00:21,N,7779.14,19954.74,6359.55,0.0,2022-02-02 08:00:00
6375659,2022-02-02 08:05:18,N,7770.33,19819.18,6356.61,0.0,2022-02-02 08:05:00
6375661,2022-02-02 08:10:17,N,7702.77,19569.5,6355.74,0.0,2022-02-02 08:10:00
6375663,2022-02-02 08:15:19,N,7717.0,19575.69,6356.73,0.0,2022-02-02 08:15:00
6375667,2022-02-02 08:20:17,N,7580.6,19231.74,6355.81,0.0,2022-02-02 08:20:00
6375669,2022-02-02 08:25:16,N,7428.97,19018.39,6352.69,0.0,2022-02-02 08:25:00
6375671,2022-02-02 08:30:16,N,7511.63,19510.53,6353.73,0.0,2022-02-02 08:30:00
6375675,2022-02-02 08:35:17,N,7675.89,20040.15,6352.61,0.0,2022-02-02 08:35:00
6375677,2022-02-02 08:40:16,N,7886.83,21100.93,6352.7,0.0,2022-02-02 08:40:00
6375679,2022-02-02 08:45:18,N,8149.62,21717.69,6352.73,0.0,2022-02-02 08:45:00
6375683,2022-02-02 08:50:17,N,8177.11,21694.62,6351.68,0.0,2022-02-02 08:50:00
6375685,2022-02-02 08:55:17,N,8195.71,21601.93,6351.74,0.0,2022-02-02 08:55:00
6375687,2022-02-02 09:00:21,N,8463.49,22225.0,6400.61,0.0,2022-02-02 09:00:00
6375695,2022-02-02 09:05:19,N,8552.27,22663.95,6450.9,0.0,2022-02-02 09:05:00
6375697,2022-02-02 09:10:18,N,8578.52,22496.24,6451.12,0.0,2022-02-02 09:10:00
6375699,2022-02-02 09:15:17,N,8663.96,22887.48,6450.31,0.0,2022-02-02 09:15:00
6375703,2022-02-02 09:20:19,N,8667.53,22690.8,6451.29,0.0,2022-02-02 09:20:00
6375705,2022-02-02 09:25:17,N,8753.64,22712.74,6451.13,0.0,2022-02-02 09:25:00
6375707,2022-02-02 09:30:16,N,8681.92,22614.04,6451.17,0.0,2022-02-02 09:30:00
6375711,2022-02-02 09:35:17,N,8655.3,22561.59,6451.09,0.0,2022-02-02 09:35:00
6375713,2022-02-02 09:40:17,N,8664.39,22581.95,6450.08,0.0,2022-02-02 09:40:00
6375715,2022-02-02 09:45:18,N,8674.22,22927.15,6448.6,0.0,2022-02-02 09:45:00
6375719,2022-02-02 09:50:19,N,8696.51,23041.57,6447.65,0.0,2022-02-02 09:50:00
6375721,2022-02-02 09:55:17,N,8732.58,22753.91,6449.98,0.0,2022-02-02 09:55:00
6375723,2022-02-02 10:00:24,N,8631.35,22666.48,6431.03,0.0,2022-02-02 10:00:00
6375734,2022-02-02 10:05:20,N,8559.18,22512.55,6484.51,0.0,2022-02-02 10:05:00
6375736,2022-02-02 10:10:21,N,8599.19,22645.6,6485.5,0.0,2022-02-02 10:10:00
6375738,2022-02-02 10:15:17,N,8567.48,22608.05,6484.76,0.0,2022-02-02 10:15:00
6375742,2022-02-02 10:20:25,N,8576.71,22766.25,6484.26,0.0,2022-02-02 10:20:00
6375744,2022-02-02 10:25:16,N,8668.87,22539.64,6484.5,0.0,2022-02-02 10:25:00
6375746,2022-02-02 10:30:18,N,8641.75,22091.14,6480.44,0.0,2022-02-02 10:30:00
6375750,2022-02-02 10:35:17,N,8659.99,22142.32,6481.43,0.0,2022-02-02 10:35:00
6375752,2022-02-02 10:40:16,N,8610.5,21678.33,6483.35,0.0,2022-02-02 10:40:00
6375754,2022-02-02 10:45:18,N,8612.38,21658.6,6482.31,0.0,2022-02-02 10:45:00
6375758,2022-02-02 10:50:17,N,8675.87,22320.09,6480.05,0.0,2022-02-02 10:50:00
6375760,2022-02-02 10:55:18,N,8675.49,22444.43,6478.19,0.0,2022-02-02 10:55:00
6375762,2022-02-02 11:00:25,N,8695.33,22089.23,6439.99,0.0,2022-02-02 11:00:00
6375770,2022-02-02 11:05:17,N,8655.6,21759.76,6445.6,0.0,2022-02-02 11:05:00
6375773,2022-02-02 11:10:18,N,8616.17,21476.02,6445.83,0.0,2022-02-02 11:10:00
6375775,2022-02-02 11:15:18,N,8579.68,21396.76,6445.91,0.0,2022-02-02 11:15:00
6375779,2022-02-02 11:20:19,N,8643.28,21304.44,6443.58,0.0,2022-02-02 11:20:00
6375781,2022-02-02 11:25:18,N,8479.13,21314.86,6444.08,0.0,2022-02-02 11:25:00
6375783,2022-02-02 11:30:18,N,8606.71,20881.74,6444.3,0.0,2022-02-02 11:30:00
6375787,2022-02-02 11:35:16,N,8448.16,20691.99,6441.29,0.0,2022-02-02 11:35:00
6375789,2022-02-02 11:40:16,N,8451.6,20516.02,6440.08,0.0,2022-02-02 11:40:00
6375791,2022-02-02 11:45:18,N,8618.1,21102.56,6438.7,0.0,2022-02-02 11:45:00
6375795,2022-02-02 11:50:17,N,8610.1,20978.4,6436.76,0.0,2022-02-02 11:50:00
6375797,2022-02-02 11:55:20,N,8616.75,20632.88,6436.88,0.0,2022-02-02 11:55:00
6375799,2022-02-02 12:00:27,N,8500.92,20438.96,6380.42,0.0,2022-02-02 12:00:00
6375807,2022-02-02 12:05:18,N,8489.18,20619.65,6477.19,0.0,2022-02-02 12:05:00
6375809,2022-02-02 12:10:17,N,8472.55,20774.89,6486.37,0.0,2022-02-02 12:10:00
6375811,2022-02-02 12:15:19,N,8408.53,20945.24,6487.97,0.0,2022-02-02 12:15:00
6375815,2022-02-02 12:20:20,N,8443.31,21369.37,6487.16,0.0,2022-02-02 12:20:00
6375817,2022-02-02 12:25:17,N,8498.17,21309.52,6487.63,0.0,2022-02-02 12:25:00
6375819,2022-02-02 12:30:21,N,8487.62,21308.26,6486.37,0.0,2022-02-02 12:30:00
6375823,2022-02-02 12:35:19,N,8481.56,20918.0,6483.26,0.0,2022-02-02 12:35:00
6375825,2022-02-02 12:40:17,N,8448.71,20803.96,6484.43,0.0,2022-02-02 12:40:00
6375827,2022-02-02 12:45:19,N,8398.92,20827.32,6484.11,0.0,2022-02-02 12:45:00
6375831,2022-02-02 12:50:18,N,8375.68,21032.51,6485.03,0.0,2022-02-02 12:50:00
6375833,2022-02-02 12:55:18,N,8394.52,21435.12,6485.65,0.0,2022-02-02 12:55:00
6375835,2022-02-02 13:00:21,N,8346.14,20945.75,6502.86,0.0,2022-02-02 13:00:00
6375843,2022-02-02 13:05:19,N,8335.49,20637.32,6503.11,0.0,2022-02-02 13:05:00
6375845,2022-02-02 13:10:18,N,8239.26,20664.64,6505.72,0.0,2022-02-02 13:10:00
6375847,2022-02-02 13:15:16,N,8213.59,20930.38,6502.21,0.0,2022-02-02 13:15:00
6375851,2022-02-02 13:20:21,N,8317.81,21000.65,6499.22,0.0,2022-02-02 13:20:00
6375853,2022-02-02 13:25:20,N,8300.07,20685.8,6502.9,0.0,2022-02-02 13:25:00
6375855,2022-02-02 13:30:16,N,8311.7,20440.06,6498.76,0.0,2022-02-02 13:30:00
6375859,2022-02-02 13:35:19,N,8181.7,20227.57,6499.27,0.0,2022-02-02 13:35:00
6375861,2022-02-02 13:40:17,N,8236.45,20093.99,6499.93,0.0,2022-02-02 13:40:00
6375863,2022-02-02 13:45:18,N,8085.96,20029.55,6499.97,0.0,2022-02-02 13:45:00
6375867,2022-02-02 13:50:18,N,8145.82,20443.2,6499.56,0.0,2022-02-02 13:50:00
6375869,2022-02-02 13:55:18,N,8493.74,21046.91,6499.68,0.0,2022-02-02 13:55:00
6375871,2022-02-02 14:00:22,N,8598.61,21021.67,6543.98,0.0,2022-02-02 14:00:00
6375879,2022-02-02 14:05:19,N,8695.55,21636.66,6422.87,0.0,2022-02-02 14:05:00
6375881,2022-02-02 14:10:17,N,8696.69,21852.07,6411.58,0.0,2022-02-02 14:10:00
6375883,2022-02-02 14:15:18,N,8721.05,21318.77,6539.25,0.0,2022-02-02 14:15:00
6375887,2022-02-02 14:20:19,N,8647.03,21290.5,6537.58,0.0,2022-02-02 14:20:00
6375889,2022-02-02 14:25:16,N,8530.03,21275.25,6537.77,0.0,2022-02-02 14:25:00
6375892,2022-02-02 14:30:21,N,8502.05,20924.08,6537.18,0.0,2022-02-02 14:30:00
6375898,2022-02-02 14:35:16,N,8494.75,20758.91,6538.62,0.0,2022-02-02 14:35:00
6375900,2022-02-02 14:40:17,N,8488.54,20562.64,6538.94,0.0,2022-02-02 14:40:00
6375902,2022-02-02 14:45:20,N,8527.04,20620.45,6579.48,0.0,2022-02-02 14:45:00
6375906,2022-02-02 14:50:18,N,8467.3,20739.8,6538.85,0.0,2022-02-02 14:50:00
6375908,2022-02-02 14:55:20,N,8500.22,21425.65,6538.23,0.0,2022-02-02 14:55:00
6375910,2022-02-02 15:00:25,N,8903.84,22175.85,6539.46,10.0093,2022-02-02 15:00:00
6375918,2022-02-02 15:05:21,N,9158.16,22995.55,6489.4,2.1252,2022-02-02 15:05:00
6375920,2022-02-02 15:10:19,N,9150.51,22942.0,6449.67,2.1252,2022-02-02 15:10:00
6375922,2022-02-02 15:15:20,N,9173.23,22509.23,6504.24,9.5086,2022-02-02 15:15:00
6375926,2022-02-02 15:20:19,N,9101.07,22005.6,6450.77,0.0975,2022-02-02 15:20:00
6375928,2022-02-02 15:25:17,N,8995.2,22100.77,6452.72,3.9419,2022-02-02 15:25:00
6375930,2022-02-02 15:30:18,N,9000.0,22275.73,6509.97,9.4268,2022-02-02 15:30:00
6375934,2022-02-02 15:35:18,N,8949.72,22002.2,6514.39,0.0296,2022-02-02 15:35:00
6375936,2022-02-02 15:40:18,N,9004.09,22356.0,6515.78,3.5062,2022-02-02 15:40:00
6375938,2022-02-02 15:45:18,N,8941.36,22160.56,6516.77,0.0,2022-02-02 15:45:00
6375942,2022-02-02 15:50:18,N,9053.69,22624.27,6518.24,0.0,2022-02-02 15:50:00
6375944,2022-02-02 15:55:18,N,9317.34,23697.52,6520.53,8.6691,2022-02-02 15:55:00
6375946,2022-02-02 16:00:21,N,9746.56,24711.95,6524.03,11.2122,2022-02-02 16:00:00
6375954,2022-02-02 16:05:19,N,9744.48,24626.65,6523.39,0.0,2022-02-02 16:05:00
6375956,2022-02-02 16:10:17,N,9595.95,24241.73,6530.74,0.0667,2022-02-02 16:10:00
6375958,2022-02-02 16:15:17,N,9718.51,24738.87,6530.23,11.8916,2022-02-02 16:15:00
6375962,2022-02-02 16:20:19,N,9743.32,24673.95,6527.05,0.6935,2022-02-02 16:20:00
6375964,2022-02-02 16:25:17,N,9716.6,24408.21,6530.79,0.0,2022-02-02 16:25:00
6375966,2022-02-02 16:30:17,N,9640.63,24070.18,6528.98,0.0,2022-02-02 16:30:00
6375970,2022-02-02 16:35:17,N,9659.08,23876.41,6531.82,0.0,2022-02-02 16:35:00
6375972,2022-02-02 16:40:17,N,9701.91,24022.6,6530.21,0.0,2022-02-02 16:40:00
6375974,2022-02-02 16:45:17,N,9693.64,23765.76,6572.09,0.0,2022-02-02 16:45:00
6375978,2022-02-02 16:50:19,N,9728.19,23737.68,6532.2,0.0,2022-02-02 16:50:00
6375980,2022-02-02 16:55:16,N,9906.62,23751.56,6430.95,0.0,2022-02-02 16:55:00
6375982,2022-02-02 17:00:22,N,10096.97,23436.52,6440.45,0.0,2022-02-02 17:00:00
6375990,2022-02-02 17:05:18,N,10185.58,23714.78,6441.58,0.0,2022-02-02 17:05:00
6375992,2022-02-02 17:10:17,N,10076.42,23956.04,6440.48,0.0,2022-02-02 17:10:00
6375994,2022-02-02 17:15:18,N,10074.76,23573.83,6524.59,0.0,2022-02-02 17:15:00
6375998,2022-02-02 17:20:18,N,9899.5,22813.79,6527.05,0.0,2022-02-02 17:20:00
6376000,2022-02-02 17:25:18,N,9819.69,22862.38,6567.64,0.0,2022-02-02 17:25:00
6376002,2022-02-02 17:30:16,N,9647.04,22275.35,6567.97,0.0,2022-02-02 17:30:00
6376006,2022-02-02 17:35:19,N,9589.2,22013.46,6525.14,0.0,2022-02-02 17:35:00
6376008,2022-02-02 17:40:17,N,9571.85,22004.38,6523.87,0.0,2022-02-02 17:40:00
6376010,2022-02-02 17:45:16,N,9279.32,21466.87,6525.52,0.0,2022-02-02 17:45:00
6376014,2022-02-02 17:50:16,N,9129.19,21182.44,6523.73,0.0,2022-02-02 17:50:00
6376016,2022-02-02 17:55:17,N,9014.53,20849.94,6466.56,0.0,2022-02-02 17:55:00
6376018,2022-02-02 18:00:23,N,9188.19,21083.8,6435.91,0.0,2022-02-02 18:00:00
6376026,2022-02-02 18:05:17,N,9175.58,21159.78,6435.96,0.0,2022-02-02 18:05:00
6376028,2022-02-02 18:10:17,N,9400.01,20855.95,6435.77,0.0,2022-02-02 18:10:00
6376030,2022-02-02 18:15:18,N,9337.68,20916.3,6435.88,0.0,2022-02-02 18:15:00
6376034,2022-02-02 18:20:16,N,9435.01,20976.58,6435.84,0.0,2022-02-02 18:20:00
6376036,2022-02-02 18:25:17,N,9466.72,20797.12,6435.89,0.0,2022-02-02 18:25:00
6376038,2022-02-02 18:30:18,N,9416.47,20836.54,6393.26,0.048,2022-02-02 18:30:00
6376042,2022-02-02 18:35:20,N,9519.91,21083.61,6393.36,0.0859,2022-02-02 18:35:00
6376044,2022-02-02 18:40:18,N,9515.03,21152.64,6393.27,0.1225,2022-02-02 18:40:00
6376046,2022-02-02 18:45:17,N,9349.19,21000.21,6437.39,0.1227,2022-02-02 18:45:00
6376050,2022-02-02 18:50:16,N,9356.56,20597.48,6437.11,0.1401,2022-02-02 18:50:00
6376052,2022-02-02 18:55:18,N,9337.7,21197.21,6437.34,0.2147,2022-02-02 18:55:00
6376054,2022-02-02 19:00:23,N,9420.37,21444.02,6448.63,0.5753,2022-02-02 19:00:00
6376062,2022-02-02 19:05:18,N,9316.29,21341.23,6249.49,0.4093,2022-02-02 19:05:00
6376064,2022-02-02 19:10:19,N,9264.51,21294.12,6249.54,0.4409,2022-02-02 19:10:00
6376066,2022-02-02 19:15:19,N,9298.04,21390.37,6349.39,0.2598,2022-02-02 19:15:00
6376070,2022-02-02 19:20:18,N,9369.82,21559.69,6349.6,0.322,2022-02-02 19:20:00
6376072,2022-02-02 19:25:16,N,9354.89,21604.4,6349.54,0.6141,2022-02-02 19:25:00
6376074,2022-02-02 19:30:17,N,9246.55,22228.09,6349.48,1.7832,2022-02-02 19:30:00
6376078,2022-02-02 19:35:18,N,9196.97,22212.92,6349.11,1.3749,2022-02-02 19:35:00
6376080,2022-02-02 19:40:16,N,9030.64,21187.5,6349.74,1.4511,2022-02-02 19:40:00
6376082,2022-02-02 19:45:18,N,9132.83,21734.53,6349.61,2.8735,2022-02-02 19:45:00
6376086,2022-02-02 19:50:18,N,9182.34,21767.46,6233.44,2.9236,2022-02-02 19:50:00
6376088,2022-02-02 19:55:16,N,9121.07,21799.08,6233.52,2.884,2022-02-02 19:55:00
6376090,2022-02-02 20:00:22,N,9133.39,21746.57,6176.82,1.7844,2022-02-02 20:00:00
6376098,2022-02-02 20:05:17,N,9115.44,21545.78,6225.4,2.8896,2022-02-02 20:05:00
6376100,2022-02-02 20:10:16,N,9057.41,21686.26,6225.27,1.5812,2022-02-02 20:10:00
6376102,2022-02-02 20:15:19,N,8976.46,21792.49,6225.0,1.7351,2022-02-02 20:15:00
6376106,2022-02-02 20:20:18,N,9085.0,21613.41,6225.05,0.8904,2022-02-02 20:20:00
6376108,2022-02-02 20:25:19,N,9062.07,21029.62,6225.1,0.5789,2022-02-02 20:25:00
6376110,2022-02-02 20:30:17,N,9243.97,21354.85,6225.08,0.804,2022-02-02 20:30:00
6376114,2022-02-02 20:35:16,N,9280.96,21630.31,6225.32,2.9325,2022-02-02 20:35:00
6376116,2022-02-02 20:40:16,N,9381.34,21974.71,6225.38,2.6702,2022-02-02 20:40:00
6376118,2022-02-02 20:45:18,N,9395.15,21298.72,6225.12,0.9332,2022-02-02 20:45:00
6376122,2022-02-02 20:50:16,N,9443.17,21827.23,6224.96,1.2193,2022-02-02 20:50:00
6376124,2022-02-02 20:55:18,N,9496.09,22141.07,6225.0,2.9334,2022-02-02 20:55:00
6376126,2022-02-02 21:00:22,N,9339.54,22031.65,6217.95,2.3479,2022-02-02 21:00:00
6376134,2022-02-02 21:05:18,N,9336.22,22017.79,6219.56,4.5589,2022-02-02 21:05:00
6376136,2022-02-02 21:10:16,N,9576.25,22392.58,6276.27,2.4967,2022-02-02 21:10:00
6376138,2022-02-02 21:15:17,N,9595.51,22353.47,6276.27,2.3932,2022-02-02 21:15:00
6376142,2022-02-02 21:20:19,N,9709.72,22287.45,6276.48,2.0161,2022-02-02 21:20:00
6376144,2022-02-02 21:25:16,N,9837.96,22972.29,6277.46,2.757,2022-02-02 21:25:00
6376146,2022-02-02 21:30:16,N,9881.83,22861.01,6279.04,0.0662,2022-02-02 21:30:00
6376150,2022-02-02 21:35:17,N,9881.43,22863.75,6279.47,0.4819,2022-02-02 21:35:00
6376152,2022-02-02 21:40:17,N,9777.3,22661.51,6279.48,0.0671,2022-02-02 21:40:00
6376154,2022-02-02 21:45:16,N,9875.65,22975.13,6280.48,0.0643,2022-02-02 21:45:00
6376158,2022-02-02 21:50:17,N,9891.33,22938.37,6281.17,0.3784,2022-02-02 21:50:00
6376160,2022-02-02 21:55:19,N,9843.35,22739.62,6281.0,1.8985,2022-02-02 21:55:00
6376162,2022-02-02 22:00:23,N,9869.63,22907.69,6281.35,1.4512,2022-02-02 22:00:00
6376170,2022-02-02 22:05:18,N,9898.62,23236.5,6284.67,3.8189,2022-02-02 22:05:00
6376172,2022-02-02 22:10:18,N,10027.94,23892.09,6291.47,5.1497,2022-02-02 22:10:00
6376174,2022-02-02 22:15:21,N,10388.61,24600.12,6295.53,5.3154,2022-02-02 22:15:00
6376178,2022-02-02 22:20:19,N,10453.34,24957.1,6297.74,5.2986,2022-02-02 22:20:00
6376180,2022-02-02 22:25:18,N,10639.45,25015.45,6298.63,2.6736,2022-02-02 22:25:00
6376182,2022-02-02 22:30:21,N,10645.41,24732.78,6298.56,2.0101,2022-02-02 22:30:00
6376186,2022-02-02 22:35:19,N,10794.05,24791.13,6300.63,2.0972,2022-02-02 22:35:00
6376188,2022-02-02 22:40:19,N,10670.98,25187.0,6301.73,1.9625,2022-02-02 22:40:00
6376190,2022-02-02 22:45:20,N,10667.36,25087.8,6304.71,1.8983,2022-02-02 22:45:00
6376194,2022-02-02 22:50:21,N,10729.57,25524.47,6305.34,7.8679,2022-02-02 22:50:00
6376196,2022-02-02 22:55:19,N,10859.89,26138.94,6305.15,15.9773,2022-02-02 22:55:00
6376198,2022-02-02 23:00:25,N,10993.25,26543.6,6307.63,15.9831,2022-02-02 23:00:00
6376206,2022-02-02 23:05:22,N,11087.27,26690.47,6307.84,2.1899,2022-02-02 23:05:00
6376208,2022-02-02 23:10:17,N,11176.99,26675.31,6307.71,1.6611,2022-02-02 23:10:00
6376210,2022-02-02 23:15:18,N,11111.84,26428.98,6307.58,1.7343,2022-02-02 23:15:00
6376214,2022-02-02 23:20:20,N,11158.6,26655.25,6307.54,1.3856,2022-02-02 23:20:00
6376216,2022-02-02 23:25:18,N,11097.9,26968.91,6307.62,1.2685,2022-02-02 23:25:00
6376218,2022-02-02 23:30:18,N,11060.57,26840.97,6307.59,8.1252,2022-02-02 23:30:00
6376222,2022-02-02 23:35:19,N,11060.24,26976.45,6308.67,8.0145,2022-02-02 23:35:00
6376224,2022-02-02 23:40:17,N,11215.89,27003.96,6309.55,1.0663,2022-02-02 23:40:00
6376226,2022-02-02 23:45:17,N,11211.13,27203.24,6309.53,1.059,2022-02-02 23:45:00
6376230,2022-02-02 23:50:20,N,11174.2,27628.56,6262.36,15.814,2022-02-02 23:50:00
6376232,2022-02-02 23:55:19,N,11171.67,27637.43,6261.24,16.0541,2022-02-02 23:55:00
6376234,2022-02-03 00:00:26,N,10895.85,27153.67,6389.16,7.9055,2022-02-03 00:00:00
6376242,2022-02-03 00:05:20,N,11003.34,27378.36,6391.1,16.4555,2022-02-03 00:05:00
6376244,2022-02-03 00:10:18,N,10989.93,27495.38,6392.09,15.3927,2022-02-03 00:10:00
6376246,2022-02-03 00:15:19,N,10996.81,27351.29,6393.88,7.7456,2022-02-03 00:15:00
6376250,2022-02-03 00:20:20,N,10957.93,27086.55,6394.31,1.8738,2022-02-03 00:20:00
6376252,2022-02-03 00:25:17,N,11007.6,27524.53,6394.23,7.6409,2022-02-03 00:25:00
6376254,2022-02-03 00:30:18,N,11027.35,27994.1,6395.23,16.7901,2022-02-03 00:30:00
6376258,2022-02-03 00:35:17,N,10943.39,27373.38,6394.27,0.0383,2022-02-03 00:35:00
6376260,2022-02-03 00:40:20,N,10981.7,27405.18,6395.26,1.8019,2022-02-03 00:40:00
6376262,2022-02-03 00:45:18,N,11017.77,27781.88,6395.12,6.5095,2022-02-03 00:45:00
6376266,2022-02-03 00:50:17,N,11004.38,27857.66,6394.87,15.707,2022-02-03 00:50:00
6376268,2022-02-03 00:55:17,N,10975.63,27836.19,6395.21,15.7207,2022-02-03 00:55:00
6376270,2022-02-03 01:00:25,N,11018.3,27858.4,6403.73,2.3772,2022-02-03 01:00:00
6376279,2022-02-03 01:05:20,N,11067.43,28111.32,6180.57,0.6887,2022-02-03 01:05:00
6376282,2022-02-03 01:10:18,N,11010.82,28190.13,6180.61,0.6197,2022-02-03 01:10:00
6376284,2022-02-03 01:15:19,N,10970.86,27905.51,6180.66,0.1729,2022-02-03 01:15:00
6376288,2022-02-03 01:20:17,N,11034.37,27779.29,6182.74,0.0,2022-02-03 01:20:00
6376290,2022-02-03 01:25:18,N,11039.06,27920.05,6181.8,0.0,2022-02-03 01:25:00
6376292,2022-02-03 01:30:18,N,11105.53,27659.29,6181.66,0.0,2022-02-03 01:30:00
6376296,2022-02-03 01:35:18,N,11100.6,27870.5,6183.44,0.0,2022-02-03 01:35:00
6376298,2022-02-03 01:40:16,N,11193.44,28204.89,6184.69,0.7973,2022-02-03 01:40:00
6376300,2022-02-03 01:45:18,N,11249.33,28625.38,6184.8,2.2475,2022-02-03 01:45:00
6376304,2022-02-03 01:50:18,N,11197.43,28870.7,6185.56,2.0323,2022-02-03 01:50:00
6376306,2022-02-03 01:55:17,N,11229.72,28833.94,6185.32,1.8831,2022-02-03 01:55:00
6376308,2022-02-03 02:00:23,N,11371.88,28847.79,6202.85,0.8384,2022-02-03 02:00:00
6376316,2022-02-03 02:05:20,N,11338.29,28678.2,6094.25,15.2681,2022-02-03 02:05:00
6376318,2022-02-03 02:10:17,N,11306.76,28896.25,6092.06,16.4308,2022-02-03 02:10:00
6376320,2022-02-03 02:15:17,N,11239.3,28394.38,6094.32,11.0043,2022-02-03 02:15:00
6376324,2022-02-03 02:20:22,N,11181.53,28490.15,6094.1,15.3312,2022-02-03 02:20:00
6376326,2022-02-03 02:25:17,N,11294.59,28566.34,6094.98,14.784,2022-02-03 02:25:00
6376328,2022-02-03 02:30:18,N,11304.4,28786.62,6094.87,14.5898,2022-02-03 02:30:00
6376332,2022-02-03 02:35:21,N,11295.73,28571.35,6093.79,8.2317,2022-02-03 02:35:00
6376334,2022-02-03 02:40:17,N,11223.54,28513.66,6094.6,2.2268,2022-02-03 02:40:00
6376336,2022-02-03 02:45:18,N,11131.69,28095.3,6093.87,0.0,2022-02-03 02:45:00
6376340,2022-02-03 02:50:18,N,11181.77,28583.86,6091.57,2.6694,2022-02-03 02:50:00
6376342,2022-02-03 02:55:16,N,11256.46,28821.33,6092.53,7.5301,2022-02-03 02:55:00
6376344,2022-02-03 03:00:22,N,11370.47,28826.38,6064.83,1.009,2022-02-03 03:00:00
6376352,2022-02-03 03:05:17,N,11482.52,28778.8,6059.43,0.0,2022-02-03 03:05:00
6376354,2022-02-03 03:10:17,N,11508.39,29122.82,6059.73,2.6395,2022-02-03 03:10:00
6376356,2022-02-03 03:15:17,N,11431.84,29088.93,6059.01,1.0269,2022-02-03 03:15:00
6376360,2022-02-03 03:20:17,N,11373.24,29100.53,6059.23,2.6934,2022-02-03 03:20:00
6376362,2022-02-03 03:25:17,N,11418.11,29348.02,6060.34,4.6639,2022-02-03 03:25:00
6376364,2022-02-03 03:30:18,N,11392.91,29218.41,6060.87,9.8859,2022-02-03 03:30:00
6376368,2022-02-03 03:35:18,N,11332.52,29096.09,6060.81,1.2232,2022-02-03 03:35:00
6376370,2022-02-03 03:40:17,N,11415.88,29185.56,6060.84,0.9083,2022-02-03 03:40:00
6376372,2022-02-03 03:45:18,N,11487.63,29030.25,6060.2,0.0,2022-02-03 03:45:00
6376376,2022-02-03 03:50:21,N,11414.83,29123.87,6061.27,0.6641,2022-02-03 03:50:00
6376378,2022-02-03 03:55:21,N,11493.39,29247.8,6014.4,0.9367,2022-02-03 03:55:00
6376380,2022-02-03 04:00:25,N,11573.49,28860.03,6025.08,0.7481,2022-02-03 04:00:00
6376388,2022-02-03 04:05:19,N,11669.0,29137.9,6023.13,0.8493,2022-02-03 04:05:00
6376390,2022-02-03 04:10:17,N,11665.79,29057.58,6023.2,0.978,2022-02-03 04:10:00
6376392,2022-02-03 04:15:19,N,11664.45,29049.74,6023.08,1.0208,2022-02-03 04:15:00
6376396,2022-02-03 04:20:18,N,11685.31,28873.55,6023.31,0.9506,2022-02-03 04:20:00
6376398,2022-02-03 04:25:18,N,11737.28,28807.98,6023.35,0.5758,2022-02-03 04:25:00
6376400,2022-02-03 04:30:19,N,11672.86,28861.13,6023.16,1.3201,2022-02-03 04:30:00
6376404,2022-02-03 04:35:19,N,11656.17,28359.57,6023.26,0.0,2022-02-03 04:35:00
6376406,2022-02-03 04:40:17,N,11481.41,28350.41,6023.22,1.5672,2022-02-03 04:40:00
6376408,2022-02-03 04:45:18,N,11477.67,28562.29,6023.27,1.5223,2022-02-03 04:45:00
6376412,2022-02-03 04:50:18,N,11676.02,28758.15,5972.92,0.935,2022-02-03 04:50:00
6376414,2022-02-03 04:55:18,N,11738.3,28367.69,5973.11,1.0281,2022-02-03 04:55:00
6376416,2022-02-03 05:00:23,N,11613.26,27846.58,5946.69,1.1537,2022-02-03 05:00:00
6376424,2022-02-03 05:05:21,N,11328.54,27255.64,5896.08,0.0,2022-02-03 05:05:00
6376426,2022-02-03 05:10:17,N,11579.64,27695.28,5895.91,0.0,2022-02-03 05:10:00
6376428,2022-02-03 05:15:16,N,11632.2,27617.06,5895.92,0.6702,2022-02-03 05:15:00
6376432,2022-02-03 05:20:28,N,11590.66,27724.39,5895.9,1.4705,2022-02-03 05:20:00
6376435,2022-02-03 05:25:17,N,11509.55,27884.61,5895.88,2.812,2022-02-03 05:25:00
6376437,2022-02-03 05:30:17,N,11498.6,27655.51,5896.12,2.9561,2022-02-03 05:30:00
6376441,2022-02-03 05:35:18,N,11330.97,27176.1,5895.96,0.0,2022-02-03 05:35:00
6376443,2022-02-03 05:40:18,N,11244.5,26995.35,5398.1,0.0,2022-02-03 05:40:00
6376445,2022-02-03 05:45:17,N,11495.13,27532.16,5398.22,0.0381,2022-02-03 05:45:00
6376449,2022-02-03 05:50:18,N,11621.56,28023.12,5397.93,2.1538,2022-02-03 05:50:00
6376451,2022-02-03 05:55:17,N,11477.1,27437.44,5397.92,0.0226,2022-02-03 05:55:00
6376453,2022-02-03 06:00:21,N,11331.36,26648.97,5660.87,0.0,2022-02-03 06:00:00
6376461,2022-02-03 06:05:19,N,11477.86,26706.7,5660.69,0.0,2022-02-03 06:05:00
6376463,2022-02-03 06:10:18,N,11484.48,26423.14,5660.59,0.0,2022-02-03 06:10:00
6376465,2022-02-03 06:15:17,N,11428.63,26048.55,5660.62,0.0,2022-02-03 06:15:00
6376469,2022-02-03 06:20:16,N,11207.21,25917.79,5461.42,1.841,2022-02-03 06:20:00
6376471,2022-02-03 06:25:16,N,11347.46,25814.28,5461.2,2.0625,2022-02-03 06:25:00
6376473,2022-02-03 06:30:17,N,11054.98,25711.07,5461.2,2.4227,2022-02-03 06:30:00
6376477,2022-02-03 06:35:18,N,10796.74,25033.73,5511.24,2.5834,2022-02-03 06:35:00
6376479,2022-02-03 06:40:17,N,10765.78,25105.55,5511.26,1.8123,2022-02-03 06:40:00
6376481,2022-02-03 06:45:18,N,10576.45,24698.28,5511.24,1.4167,2022-02-03 06:45:00
6376485,2022-02-03 06:50:17,N,10571.77,24085.56,5511.14,1.9511,2022-02-03 06:50:00
6376487,2022-02-03 06:55:16,N,10762.44,24464.78,5511.04,2.2867,2022-02-03 06:55:00
6376489,2022-02-03 07:00:25,N,10659.15,24123.73,5661.96,2.3473,2022-02-03 07:00:00
6376497,2022-02-03 07:05:17,N,10569.81,23913.72,5408.0,1.8369,2022-02-03 07:05:00
6376499,2022-02-03 07:10:18,N,10547.63,23796.18,5407.88,1.912,2022-02-03 07:10:00
6376501,2022-02-03 07:15:18,N,10406.27,23573.87,5407.82,2.4413,2022-02-03 07:15:00
6376505,2022-02-03 07:20:19,N,10435.32,23452.34,5407.85,4.1533,2022-02-03 07:20:00
6376507,2022-02-03 07:25:18,N,10442.79,23049.18,5407.87,2.8618,2022-02-03 07:25:00
6376509,2022-02-03 07:30:19,N,10197.85,22902.59,5407.93,2.3396,2022-02-03 07:30:00
6376513,2022-02-03 07:35:19,N,9960.48,22198.68,5407.98,2.0134,2022-02-03 07:35:00
6376515,2022-02-03 07:40:18,N,10014.12,22866.46,5407.9,2.2841,2022-02-03 07:40:00
6376517,2022-02-03 07:45:20,N,10074.74,23058.5,5407.93,2.1683,2022-02-03 07:45:00
6376521,2022-02-03 07:50:17,N,10063.11,22815.66,5407.74,2.2682,2022-02-03 07:50:00
6376523,2022-02-03 07:55:18,N,9995.68,22817.72,5407.71,2.6047,2022-02-03 07:55:00
6376525,2022-02-03 08:00:26,N,9612.13,21824.75,5328.84,2.6672,2022-02-03 08:00:00
6376533,2022-02-03 08:05:19,N,9806.38,22163.02,5328.83,2.0636,2022-02-03 08:05:00
6376535,2022-02-03 08:10:18,N,9735.25,22216.48,5336.86,2.5989,2022-02-03 08:10:00
6376537,2022-02-03 08:15:20,N,9586.87,21775.82,5336.84,1.7765,2022-02-03 08:15:00
6376541,2022-02-03 08:20:18,N,9544.87,21730.43,5336.96,1.6052,2022-02-03 08:20:00
6376543,2022-02-03 08:25:17,N,9459.88,21597.09,5436.85,2.0698,2022-02-03 08:25:00
6376545,2022-02-03 08:30:19,N,9470.83,21472.97,5437.01,1.7744,2022-02-03 08:30:00
6376549,2022-02-03 08:35:18,N,9394.83,21213.04,5436.92,1.6787,2022-02-03 08:35:00
6376551,2022-02-03 08:40:17,N,9355.78,21198.78,5436.97,1.7249,2022-02-03 08:40:00
6376553,2022-02-03 08:45:19,N,9339.18,21114.66,5437.31,1.8661,2022-02-03 08:45:00
6376557,2022-02-03 08:50:18,N,9154.85,20956.35,5437.88,2.0289,2022-02-03 08:50:00
6376559,2022-02-03 08:55:18,N,9136.81,21065.64,5437.91,2.0204,2022-02-03 08:55:00
6376561,2022-02-03 09:00:24,N,9077.75,20780.42,5420.58,3.9276,2022-02-03 09:00:00
6376569,2022-02-03 09:05:17,N,9015.88,20675.66,5436.46,1.6433,2022-02-03 09:05:00
6376571,2022-02-03 09:10:17,N,8786.26,20509.5,5436.38,3.6362,2022-02-03 09:10:00
6376573,2022-02-03 09:15:20,N,8860.22,20774.8,5436.59,5.0418,2022-02-03 09:15:00
6376577,2022-02-03 09:20:18,N,8822.36,20793.39,5436.9,4.5918,2022-02-03 09:20:00
6376579,2022-02-03 09:25:18,N,8808.18,20890.88,5435.41,4.6623,2022-02-03 09:25:00
6376581,2022-02-03 09:30:17,N,8826.17,20921.02,5436.58,5.515,2022-02-03 09:30:00
6376585,2022-02-03 09:35:21,N,8859.81,20872.21,5265.6,5.0343,2022-02-03 09:35:00
6376587,2022-02-03 09:40:18,N,9020.63,21066.05,5265.57,3.3077,2022-02-03 09:40:00
6376589,2022-02-03 09:45:18,N,8912.53,21036.54,5264.78,4.1523,2022-02-03 09:45:00
6376593,2022-02-03 09:50:19,N,8964.06,20760.58,5264.51,2.6504,2022-02-03 09:50:00
6376595,2022-02-03 09:55:24,N,8846.56,20957.27,5264.33,3.5064,2022-02-03 09:55:00
6376597,2022-02-03 10:00:25,N,8788.32,20934.26,5176.87,4.6352,2022-02-03 10:00:00
6376607,2022-02-03 10:05:20,N,8885.59,20758.38,5174.95,2.1092,2022-02-03 10:05:00
6376610,2022-02-03 10:10:19,N,8816.68,20948.41,5165.01,3.7244,2022-02-03 10:10:00
6376612,2022-02-03 10:15:20,N,8833.01,20835.04,5165.1,3.3195,2022-02-03 10:15:00
6376616,2022-02-03 10:20:23,N,8698.53,20390.08,5165.22,2.8105,2022-02-03 10:20:00
6376618,2022-02-03 10:25:18,N,8717.68,20490.52,5165.18,2.4934,2022-02-03 10:25:00
6376620,2022-02-03 10:30:20,N,8630.84,20315.1,5114.87,2.6001,2022-02-03 10:30:00
6376624,2022-02-03 10:35:21,N,8661.22,20198.94,5115.03,2.2999,2022-02-03 10:35:00
6376626,2022-02-03 10:40:17,N,8758.93,20439.09,5096.38,4.5342,2022-02-03 10:40:00
6376628,2022-02-03 10:45:19,N,8604.76,20274.26,5096.36,5.2104,2022-02-03 10:45:00
6376632,2022-02-03 10:50:25,N,8683.79,20516.14,5096.2,5.1041,2022-02-03 10:50:00
6376634,2022-02-03 10:55:19,N,8717.47,20287.45,5046.31,3.6602,2022-02-03 10:55:00
6376636,2022-02-03 11:00:24,N,8709.27,20561.33,5138.82,2.8687,2022-02-03 11:00:00
6376644,2022-02-03 11:05:23,N,8822.48,20999.71,5032.36,3.6685,2022-02-03 11:05:00
6376646,2022-02-03 11:10:19,N,8863.12,20891.5,5032.29,4.6476,2022-02-03 11:10:00
6376648,2022-02-03 11:15:20,N,8881.44,20740.98,5033.21,3.6744,2022-02-03 11:15:00
6376652,2022-02-03 11:20:21,N,8882.52,20786.03,5033.22,3.3406,2022-02-03 11:20:00
6376654,2022-02-03 11:25:23,N,8632.85,20323.16,5033.36,3.2195,2022-02-03 11:25:00
6376656,2022-02-03 11:30:18,N,8594.7,20130.48,5033.39,3.333,2022-02-03 11:30:00
6376660,2022-02-03 11:35:19,N,8545.89,19996.54,5033.28,3.2277,2022-02-03 11:35:00
6376662,2022-02-03 11:40:19,N,8506.81,20034.3,5033.29,5.0827,2022-02-03 11:40:00
6376664,2022-02-03 11:45:19,N,8589.12,20037.63,5033.46,5.1158,2022-02-03 11:45:00
6376668,2022-02-03 11:50:19,N,8421.81,19781.41,5032.94,2.3842,2022-02-03 11:50:00
6376670,2022-02-03 11:55:19,N,8537.48,19897.28,5033.19,4.816,2022-02-03 11:55:00
6376672,2022-02-03 12:00:24,N,8424.48,19712.89,5155.54,2.4774,2022-02-03 12:00:00
6376680,2022-02-03 12:05:21,N,8492.61,19827.84,4894.27,6.1625,2022-02-03 12:05:00
6376682,2022-02-03 12:10:19,N,8478.63,20086.9,4896.29,5.687,2022-02-03 12:10:00
6376684,2022-02-03 12:15:20,N,8427.63,20260.4,4896.22,6.8806,2022-02-03 12:15:00
6376688,2022-02-03 12:20:21,N,8622.83,20462.23,4896.14,4.9674,2022-02-03 12:20:00
6376690,2022-02-03 12:25:20,N,8907.2,20890.29,4896.38,5.8988,2022-02-03 12:25:00
6376692,2022-02-03 12:30:19,N,8777.86,20537.91,4894.33,4.7295,2022-02-03 12:30:00
6376696,2022-02-03 12:35:20,N,8840.37,20426.95,4914.88,4.8784,2022-02-03 12:35:00
6376698,2022-02-03 12:40:18,N,8827.37,20751.6,4912.84,4.6007,2022-02-03 12:40:00
6376700,2022-02-03 12:45:19,N,8970.41,20916.82,4912.9,5.6054,2022-02-03 12:45:00
6376704,2022-02-03 12:50:19,N,8972.17,21005.13,4912.67,5.1715,2022-02-03 12:50:00
6376706,2022-02-03 12:55:20,N,8773.96,20788.7,4912.87,5.3211,2022-02-03 12:55:00
6376708,2022-02-03 13:00:26,N,8871.68,20854.82,4917.07,5.0208,2022-02-03 13:00:00
6376716,2022-02-03 13:05:19,N,8854.47,20468.91,4916.99,4.1732,2022-02-03 13:05:00
6376718,2022-02-03 13:10:21,N,8778.77,20435.32,4916.98,4.386,2022-02-03 13:10:00
6376720,2022-02-03 13:15:18,N,8875.89,20609.95,4916.98,4.2729,2022-02-03 13:15:00
6376724,2022-02-03 13:20:18,N,8902.59,20821.08,4917.1,4.7018,2022-02-03 13:20:00
6376726,2022-02-03 13:25:20,N,9031.68,21091.45,4918.2,6.4074,2022-02-03 13:25:00
6376728,2022-02-03 13:30:21,N,8972.45,20693.42,4917.12,5.4508,2022-02-03 13:30:00
6376732,2022-02-03 13:35:21,N,9028.52,21214.12,4917.13,6.2727,2022-02-03 13:35:00
6376734,2022-02-03 13:40:19,N,9088.76,21104.25,4917.13,4.4919,2022-02-03 13:40:00
6376736,2022-02-03 13:45:19,N,9018.18,21156.69,4916.99,3.6359,2022-02-03 13:45:00
6376740,2022-02-03 13:50:19,N,8916.23,21003.24,4964.71,4.02,2022-02-03 13:50:00
6376742,2022-02-03 13:55:21,N,9011.98,21224.5,4967.01,3.5909,2022-02-03 13:55:00
6376744,2022-02-03 14:00:26,N,9059.03,21086.34,5121.98,1.6561,2022-02-03 14:00:00
6376752,2022-02-03 14:05:21,N,8882.97,20919.53,5019.91,0.9444,2022-02-03 14:05:00
6376754,2022-02-03 14:10:20,N,8898.27,21011.7,5019.98,2.168,2022-02-03 14:10:00
6376756,2022-02-03 14:15:20,N,8973.93,21274.35,5019.99,4.161,2022-02-03 14:15:00
6376760,2022-02-03 14:20:18,N,9021.54,21647.04,5019.87,4.2488,2022-02-03 14:20:00
6376762,2022-02-03 14:25:19,N,9049.96,21284.68,5019.96,2.8888,2022-02-03 14:25:00
6376764,2022-02-03 14:30:20,N,8946.83,21155.26,5019.93,2.3275,2022-02-03 14:30:00
6376772,2022-02-03 14:35:19,N,8634.86,20515.18,5017.94,2.6111,2022-02-03 14:35:00
6376774,2022-02-03 14:40:19,N,8699.97,20638.91,5020.08,2.9298,2022-02-03 14:40:00
6376776,2022-02-03 14:45:20,N,8756.11,20508.33,5019.76,2.4813,2022-02-03 14:45:00
6376780,2022-02-03 14:50:19,N,8722.67,20794.23,5020.48,2.2144,2022-02-03 14:50:00
6376782,2022-02-03 14:55:19,N,8634.86,20591.28,5020.71,1.763,2022-02-03 14:55:00
6376784,2022-02-03 15:00:31,N,8667.36,20915.73,5026.52,4.6922,2022-02-03 15:00:00
6376792,2022-02-03 15:05:21,N,8758.37,20878.21,4971.49,2.498,2022-02-03 15:05:00
6376794,2022-02-03 15:10:19,N,8546.59,20815.15,4971.6,3.3103,2022-02-03 15:10:00
6376796,2022-02-03 15:15:20,N,8623.6,20816.6,4973.76,3.3579,2022-02-03 15:15:00
6376800,2022-02-03 15:20:19,N,8694.59,20625.2,4971.6,1.4109,2022-02-03 15:20:00
6376802,2022-02-03 15:25:19,N,8655.08,20605.53,4973.6,3.1256,2022-02-03 15:25:00
6376804,2022-02-03 15:30:20,N,8660.98,20498.93,4775.49,3.1683,2022-02-03 15:30:00
6376808,2022-02-03 15:35:18,N,8588.4,20372.34,4775.49,2.8909,2022-02-03 15:35:00
6376810,2022-02-03 15:40:19,N,8685.05,20275.93,4775.59,3.4,2022-02-03 15:40:00
6376812,2022-02-03 15:45:20,N,8794.46,20725.8,4775.55,4.9141,2022-02-03 15:45:00
6376816,2022-02-03 15:50:20,N,8799.21,20671.48,4775.34,3.8818,2022-02-03 15:50:00
6376818,2022-02-03 15:55:19,N,8529.42,19846.26,4775.46,3.49,2022-02-03 15:55:00
6376820,2022-02-03 16:00:24,N,8930.82,20649.52,4685.93,3.6522,2022-02-03 16:00:00
6376828,2022-02-03 16:05:20,N,9040.29,21197.47,4397.92,3.2053,2022-02-03 16:05:00
6376830,2022-02-03 16:10:19,N,9423.72,22179.09,4397.9,2.9551,2022-02-03 16:10:00
6376832,2022-02-03 16:15:18,N,9395.8,22255.25,4397.92,1.3706,2022-02-03 16:15:00
6376836,2022-02-03 16:20:20,N,9449.39,22173.14,4397.97,3.1985,2022-02-03 16:20:00
6376838,2022-02-03 16:25:20,N,9235.67,21680.2,4397.93,1.2984,2022-02-03 16:25:00
6376840,2022-02-03 16:30:20,N,9165.87,21825.55,4397.87,1.3456,2022-02-03 16:30:00
6376844,2022-02-03 16:35:20,N,9190.84,21851.3,4397.84,1.1254,2022-02-03 16:35:00
6376846,2022-02-03 16:40:18,N,9044.97,21584.36,4397.91,1.8313,2022-02-03 16:40:00
6376848,2022-02-03 16:45:19,N,8976.63,20968.41,4235.77,0.3692,2022-02-03 16:45:00
6376853,2022-02-03 16:50:18,N,8816.28,20529.83,4235.6,0.5688,2022-02-03 16:50:00
6376856,2022-02-03 16:55:18,N,8766.77,20624.67,4235.77,1.4617,2022-02-03 16:55:00
6376858,2022-02-03 17:00:25,N,8623.52,20256.88,4584.55,1.9131,2022-02-03 17:00:00
6376866,2022-02-03 17:05:21,N,8473.6,19644.94,4344.67,1.6552,2022-02-03 17:05:00
6376868,2022-02-03 17:10:19,N,8558.45,19377.32,4390.64,2.0337,2022-02-03 17:10:00
6376870,2022-02-03 17:15:19,N,8549.14,19014.75,4390.67,1.802,2022-02-03 17:15:00
6376874,2022-02-03 17:20:20,N,8313.2,18756.74,4195.66,1.8182,2022-02-03 17:20:00
6376876,2022-02-03 17:25:19,N,8139.5,18849.58,3819.25,3.0311,2022-02-03 17:25:00
6376878,2022-02-03 17:30:19,N,7955.27,18284.93,3569.31,5.6119,2022-02-03 17:30:00
6376882,2022-02-03 17:35:19,N,7777.15,17798.81,3519.21,6.0073,2022-02-03 17:35:00
6376884,2022-02-03 17:40:17,N,7371.2,17439.83,3460.35,4.12,2022-02-03 17:40:00
6376886,2022-02-03 17:45:18,N,7077.97,17111.05,3460.18,3.1761,2022-02-03 17:45:00
6376890,2022-02-03 17:50:21,N,7145.48,16502.71,3460.15,1.7002,2022-02-03 17:50:00
6376892,2022-02-03 17:55:20,N,6872.11,16177.23,3055.55,2.8989,2022-02-03 17:55:00
6376894,2022-02-03 18:00:24,N,7010.52,15919.5,3181.92,0.7435,2022-02-03 18:00:00
6376902,2022-02-03 18:05:19,N,7267.49,16161.3,3181.95,0.518,2022-02-03 18:05:00
6376904,2022-02-03 18:10:19,N,7090.67,15978.9,3131.77,1.435,2022-02-03 18:10:00
6376906,2022-02-03 18:15:19,N,7234.5,15933.48,3041.8,2.3923,2022-02-03 18:15:00
6376910,2022-02-03 18:20:19,N,7256.65,15647.1,3041.81,1.5402,2022-02-03 18:20:00
6376912,2022-02-03 18:25:18,N,7154.01,15719.28,2991.17,1.722,2022-02-03 18:25:00
6376914,2022-02-03 18:30:20,N,6898.99,15510.96,2769.18,3.3786,2022-02-03 18:30:00
6376918,2022-02-03 18:35:22,N,6938.27,15405.91,2814.18,3.2487,2022-02-03 18:35:00
6376920,2022-02-03 18:40:18,N,6924.31,15261.03,2740.18,2.888,2022-02-03 18:40:00
6376922,2022-02-03 18:45:18,N,6829.02,15344.71,2740.13,3.6668,2022-02-03 18:45:00
6376926,2022-02-03 18:50:20,N,6718.59,14955.14,2621.08,3.9225,2022-02-03 18:50:00
6376928,2022-02-03 18:55:20,N,6810.32,14926.39,2621.18,4.914,2022-02-03 18:55:00
6376930,2022-02-03 19:00:24,N,6922.41,15275.1,2763.73,5.713,2022-02-03 19:00:00
6376938,2022-02-03 19:05:21,N,6889.18,15531.95,2528.85,6.6491,2022-02-03 19:05:00
6376940,2022-02-03 19:10:19,N,6832.71,15446.29,2579.42,7.0964,2022-02-03 19:10:00
6376942,2022-02-03 19:15:18,N,6806.39,15250.48,2579.41,5.049,2022-02-03 19:15:00
6376946,2022-02-03 19:20:17,N,6757.83,15575.72,2534.39,6.7149,2022-02-03 19:20:00
6376948,2022-02-03 19:25:18,N,6636.93,15594.02,2534.34,6.6164,2022-02-03 19:25:00
6376950,2022-02-03 19:30:20,N,6784.16,15680.87,2534.4,4.6419,2022-02-03 19:30:00
6376954,2022-02-03 19:35:18,N,6665.42,15600.35,2534.28,6.4483,2022-02-03 19:35:00
6376956,2022-02-03 19:40:18,N,6755.58,15157.72,2534.27,4.8137,2022-02-03 19:40:00
6376958,2022-02-03 19:45:19,N,6530.48,15339.15,2579.3,5.392,2022-02-03 19:45:00
6376962,2022-02-03 19:50:20,N,6719.76,15492.3,2624.29,5.424,2022-02-03 19:50:00
6376964,2022-02-03 19:55:19,N,6605.45,15534.42,2730.99,5.361,2022-02-03 19:55:00
6376966,2022-02-03 20:00:26,N,6748.66,15371.24,2787.39,1.9835,2022-02-03 20:00:00
6376974,2022-02-03 20:05:20,N,6800.92,15604.73,2742.42,2.052,2022-02-03 20:05:00
6376976,2022-02-03 20:10:21,N,6825.06,15866.72,2692.01,2.76,2022-02-03 20:10:00
6376978,2022-02-03 20:15:23,N,6901.97,15777.41,2686.97,2.6015,2022-02-03 20:15:00
6376982,2022-02-03 20:20:19,N,6809.1,15614.35,2630.46,2.5937,2022-02-03 20:20:00
6376984,2022-02-03 20:25:20,N,6809.06,15642.85,2676.41,4.2364,2022-02-03 20:25:00
6376986,2022-02-03 20:30:19,N,6883.52,15609.75,2722.44,4.012,2022-02-03 20:30:00
6376990,2022-02-03 20:35:20,N,6884.25,15713.54,2767.47,4.4372,2022-02-03 20:35:00
6376992,2022-02-03 20:40:19,N,6833.43,15740.33,2767.46,4.0104,2022-02-03 20:40:00
6376994,2022-02-03 20:45:20,N,6752.83,15900.4,2721.43,4.1757,2022-02-03 20:45:00
6376998,2022-02-03 20:50:19,N,6651.24,15067.55,2767.39,2.3049,2022-02-03 20:50:00
6377000,2022-02-03 20:55:18,N,6495.08,15318.32,3068.93,2.4122,2022-02-03 20:55:00
6377002,2022-02-03 21:00:26,N,6675.91,15466.96,3275.29,2.6485,2022-02-03 21:00:00
6377010,2022-02-03 21:05:21,N,6750.49,16083.88,3091.27,6.8906,2022-02-03 21:05:00
6377012,2022-02-03 21:10:18,N,6815.32,16177.49,3137.42,5.5836,2022-02-03 21:10:00
6377014,2022-02-03 21:15:20,N,6888.51,16497.97,3045.45,10.2538,2022-02-03 21:15:00
6377018,2022-02-03 21:20:20,N,7090.33,16831.53,3062.46,7.3076,2022-02-03 21:20:00
6377020,2022-02-03 21:25:18,N,7075.71,16876.35,3062.47,9.4635,2022-02-03 21:25:00
6377022,2022-02-03 21:30:20,N,7137.88,16774.96,3062.44,7.3283,2022-02-03 21:30:00
6377026,2022-02-03 21:35:20,N,7345.48,17042.12,3062.44,7.2158,2022-02-03 21:35:00
6377028,2022-02-03 21:40:18,N,7513.44,17397.83,3112.75,5.1271,2022-02-03 21:40:00
6377030,2022-02-03 21:45:22,N,7616.08,17374.3,3112.7,3.7382,2022-02-03 21:45:00
6377034,2022-02-03 21:50:19,N,7723.28,17242.2,3112.69,4.2248,2022-02-03 21:50:00
6377036,2022-02-03 21:55:19,N,7669.21,17276.06,3162.77,4.7422,2022-02-03 21:55:00
6377038,2022-02-03 22:00:27,N,7682.8,17556.44,3424.43,3.0513,2022-02-03 22:00:00
6377046,2022-02-03 22:05:22,N,7891.04,18106.21,3450.4,2.2727,2022-02-03 22:05:00
6377048,2022-02-03 22:10:19,N,7995.05,18638.01,3450.42,2.581,2022-02-03 22:10:00
6377050,2022-02-03 22:15:22,N,8074.67,18270.47,3450.44,1.8788,2022-02-03 22:15:00
6377054,2022-02-03 22:20:21,N,8009.63,18266.2,3450.44,1.8108,2022-02-03 22:20:00
6377056,2022-02-03 22:25:21,N,8041.06,18312.97,3450.43,1.7507,2022-02-03 22:25:00
6377058,2022-02-03 22:30:21,N,8058.9,18424.99,3450.45,1.7965,2022-02-03 22:30:00
6377062,2022-02-03 22:35:21,N,8140.94,18371.43,3450.42,2.3656,2022-02-03 22:35:00
6377064,2022-02-03 22:40:21,N,8230.61,18716.42,3450.4,3.0742,2022-02-03 22:40:00
6377066,2022-02-03 22:45:22,N,8261.99,18874.4,3450.4,3.1116,2022-02-03 22:45:00
6377070,2022-02-03 22:50:21,N,8273.19,19385.38,3450.41,4.017,2022-02-03 22:50:00
6377072,2022-02-03 22:55:20,N,8168.84,19237.3,3450.45,3.1372,2022-02-03 22:55:00
6377074,2022-02-03 23:00:25,N,8293.57,19400.44,3402.88,5.0486,2022-02-03 23:00:00
6377082,2022-02-03 23:05:21,N,8386.88,19430.32,3403.92,3.7588,2022-02-03 23:05:00
6377084,2022-02-03 23:10:16,N,8430.23,19571.14,3512.02,4.4049,2022-02-03 23:10:00
6377086,2022-02-03 23:15:19,N,8591.66,19662.46,3611.98,4.0238,2022-02-03 23:15:00
6377090,2022-02-03 23:20:21,N,8604.45,19659.86,3612.07,3.8763,2022-02-03 23:20:00
6377092,2022-02-03 23:25:19,N,8681.66,19616.45,3849.93,3.6006,2022-02-03 23:25:00
6377094,2022-02-03 23:30:19,N,8718.86,20352.12,3650.05,5.5103,2022-02-03 23:30:00
6377098,2022-02-03 23:35:17,N,8777.24,20397.84,3650.07,4.5059,2022-02-03 23:35:00
6377100,2022-02-03 23:40:18,N,8785.73,20492.93,3650.08,3.5107,2022-02-03 23:40:00
6377102,2022-02-03 23:45:18,N,8856.13,20621.25,3649.88,3.2774,2022-02-03 23:45:00
6377106,2022-02-03 23:50:18,N,8904.22,20672.95,3593.95,3.0202,2022-02-03 23:50:00
6377108,2022-02-03 23:55:20,N,8936.78,20848.76,3276.51,3.909,2022-02-03 23:55:00
6377110,2022-02-04 00:00:25,N,8890.27,22540.21,4186.39,0.0,2022-02-04 00:00:00
6377118,2022-02-04 00:05:22,N,9186.64,22561.57,4186.33,0.8462,2022-02-04 00:05:00
6377120,2022-02-04 00:10:19,N,9193.13,22102.14,4186.32,0.3487,2022-02-04 00:10:00
6377122,2022-02-04 00:15:18,N,9241.6,22750.3,4186.33,0.0067,2022-02-04 00:15:00
6377126,2022-02-04 00:20:21,N,9306.89,22421.25,4186.33,0.0,2022-02-04 00:20:00
6377128,2022-02-04 00:25:18,N,9254.14,22580.71,4186.23,0.3982,2022-02-04 00:25:00
6377130,2022-02-04 00:30:18,N,9222.89,22591.25,4186.33,0.0012,2022-02-04 00:30:00
6377134,2022-02-04 00:35:19,N,9336.23,22932.84,4186.23,0.0129,2022-02-04 00:35:00
6377136,2022-02-04 00:40:20,N,9137.75,22463.96,4186.22,0.0,2022-02-04 00:40:00
6377138,2022-02-04 00:45:18,N,9368.66,23049.23,4186.36,0.0184,2022-02-04 00:45:00
6377142,2022-02-04 00:50:19,N,9354.53,23382.31,4186.25,0.0649,2022-02-04 00:50:00
6377144,2022-02-04 00:55:19,N,9463.7,23374.2,4186.25,0.0688,2022-02-04 00:55:00
6377146,2022-02-04 01:00:26,N,9307.61,23098.11,4189.41,0.2065,2022-02-04 01:00:00
6377155,2022-02-04 01:05:25,N,9023.84,22484.1,4189.62,0.1021,2022-02-04 01:05:00
6377158,2022-02-04 01:10:19,N,9149.81,22914.51,4189.51,0.1217,2022-02-04 01:10:00
6377160,2022-02-04 01:15:18,N,9313.23,22703.76,4125.16,0.1563,2022-02-04 01:15:00
6377164,2022-02-04 01:20:21,N,9239.16,22434.08,4125.5,0.105,2022-02-04 01:20:00
6377166,2022-02-04 01:25:21,N,9055.57,22357.83,4189.44,1.9546,2022-02-04 01:25:00
6377168,2022-02-04 01:30:20,N,9176.42,23060.16,3970.48,0.1657,2022-02-04 01:30:00
6377172,2022-02-04 01:35:20,N,9248.92,23078.85,3970.39,0.1014,2022-02-04 01:35:00
6377174,2022-02-04 01:40:18,N,9175.34,22701.07,3970.38,0.0854,2022-02-04 01:40:00
6377176,2022-02-04 01:45:19,N,9010.39,22483.6,3970.55,0.1163,2022-02-04 01:45:00
6377180,2022-02-04 01:50:18,N,8956.93,22607.59,3970.38,0.6246,2022-02-04 01:50:00
6377182,2022-02-04 01:55:21,N,9026.76,22621.62,3970.42,0.4261,2022-02-04 01:55:00
6377184,2022-02-04 02:00:26,N,9049.04,22333.94,4331.12,0.6545,2022-02-04 02:00:00
6377192,2022-02-04 02:05:21,N,8932.63,22123.65,4326.11,0.0,2022-02-04 02:05:00
6377194,2022-02-04 02:10:20,N,8845.0,21915.51,4326.1,0.0,2022-02-04 02:10:00
6377196,2022-02-04 02:15:18,N,8781.28,21907.05,4326.1,0.107,2022-02-04 02:15:00
6377200,2022-02-04 02:20:23,N,8724.57,21716.08,4326.01,0.2765,2022-02-04 02:20:00
6377202,2022-02-04 02:25:18,N,8793.71,21594.94,4325.96,0.0,2022-02-04 02:25:00
6377204,2022-02-04 02:30:22,N,8720.76,21433.89,4326.08,0.0,2022-02-04 02:30:00
6377208,2022-02-04 02:35:22,N,8779.16,21323.16,4325.98,0.0,2022-02-04 02:35:00
6377210,2022-02-04 02:40:18,N,8793.25,21271.0,4325.9,0.0,2022-02-04 02:40:00
6377212,2022-02-04 02:45:19,N,8572.93,20843.87,4325.95,0.0,2022-02-04 02:45:00
6377216,2022-02-04 02:50:20,N,8436.97,20177.08,4325.95,0.0,2022-02-04 02:50:00
6377218,2022-02-04 02:55:18,N,8451.65,20714.97,4325.89,0.0,2022-02-04 02:55:00
6377220,2022-02-04 03:00:25,N,8601.6,20584.64,4326.06,0.0,2022-02-04 03:00:00
6377228,2022-02-04 03:05:19,N,8626.85,20600.28,4203.03,0.0,2022-02-04 03:05:00
6377230,2022-02-04 03:10:18,N,8494.6,20640.1,4202.99,0.0,2022-02-04 03:10:00
6377232,2022-02-04 03:15:19,N,8360.87,20376.38,4203.04,0.0,2022-02-04 03:15:00
6377236,2022-02-04 03:20:19,N,8217.92,20268.26,4062.88,0.0,2022-02-04 03:20:00
6377238,2022-02-04 03:25:17,N,8135.79,20176.84,4062.9,0.0,2022-02-04 03:25:00
6377240,2022-02-04 03:30:19,N,8089.94,20340.77,3964.0,0.0,2022-02-04 03:30:00
6377244,2022-02-04 03:35:21,N,8103.28,20006.95,3963.86,0.0,2022-02-04 03:35:00
6377246,2022-02-04 03:40:22,N,8073.74,20185.92,3963.86,0.0,2022-02-04 03:40:00
6377248,2022-02-04 03:45:19,N,8028.26,20194.98,3963.93,0.0957,2022-02-04 03:45:00
6377252,2022-02-04 03:50:24,N,7977.68,20225.75,3963.85,0.0,2022-02-04 03:50:00
6377254,2022-02-04 03:55:22,N,8045.44,20217.73,3963.88,0.0,2022-02-04 03:55:00
6377256,2022-02-04 04:00:27,N,8305.11,20712.87,3832.18,1.3371,2022-02-04 04:00:00
6377264,2022-02-04 04:05:20,N,8169.22,20202.01,3934.78,0.0,2022-02-04 04:05:00
6377266,2022-02-04 04:10:21,N,8328.37,20324.18,3934.14,0.0,2022-02-04 04:10:00
6377268,2022-02-04 04:15:18,N,8191.54,20318.29,3935.01,0.0,2022-02-04 04:15:00
6377272,2022-02-04 04:20:19,N,8241.54,20391.41,3934.91,0.8367,2022-02-04 04:20:00
6377274,2022-02-04 04:25:18,N,8053.79,19879.25,3935.15,0.0,2022-02-04 04:25:00
6377276,2022-02-04 04:30:20,N,8083.73,19937.59,3934.45,0.0,2022-02-04 04:30:00
6377280,2022-02-04 04:35:19,N,8102.46,20077.67,3934.96,0.0,2022-02-04 04:35:00
6377282,2022-02-04 04:40:19,N,8113.09,20094.95,3935.18,0.0,2022-02-04 04:40:00
6377284,2022-02-04 04:45:19,N,8105.84,19647.32,3935.11,0.0,2022-02-04 04:45:00
6377288,2022-02-04 04:50:18,N,8003.46,19522.4,3934.53,0.0,2022-02-04 04:50:00
6377290,2022-02-04 04:55:18,N,7980.81,19232.18,3934.12,0.0,2022-02-04 04:55:00
6377292,2022-02-04 05:00:26,N,7947.8,19274.27,4042.77,0.0,2022-02-04 05:00:00
6377300,2022-02-04 05:05:21,N,7669.79,18953.39,3780.91,0.0,2022-02-04 05:05:00
6377302,2022-02-04 05:10:18,N,7584.56,18761.17,3779.89,0.0,2022-02-04 05:10:00
6377304,2022-02-04 05:15:20,N,7685.08,18749.16,3780.86,0.0,2022-02-04 05:15:00
6377308,2022-02-04 05:20:28,N,7602.77,18821.51,3780.81,0.0,2022-02-04 05:20:00
6377311,2022-02-04 05:25:18,N,7622.57,18425.33,3780.59,0.0,2022-02-04 05:25:00
6377313,2022-02-04 05:30:21,N,7288.84,17587.79,4214.48,0.0,2022-02-04 05:30:00
6377317,2022-02-04 05:35:19,N,7037.81,17104.03,4218.8,0.0,2022-02-04 05:35:00
6377319,2022-02-04 05:40:18,N,6800.44,16767.41,4120.81,0.0,2022-02-04 05:40:00
6377321,2022-02-04 05:45:21,N,6818.89,16823.6,4120.88,0.0,2022-02-04 05:45:00
6377325,2022-02-04 05:50:20,N,6729.91,16697.23,4070.68,0.0,2022-02-04 05:50:00
6377327,2022-02-04 05:55:19,N,6887.81,17492.58,3280.31,0.3993,2022-02-04 05:55:00
6377329,2022-02-04 06:00:26,N,6855.07,17339.15,3183.06,3.2223,2022-02-04 06:00:00
6377337,2022-02-04 06:05:21,N,6720.82,17232.65,2887.02,0.0,2022-02-04 06:05:00
6377339,2022-02-04 06:10:21,N,6646.71,17189.26,2716.02,0.0,2022-02-04 06:10:00
6377341,2022-02-04 06:15:25,N,6881.42,17632.45,2715.97,2.1693,2022-02-04 06:15:00
6377345,2022-02-04 06:20:20,N,6827.34,17434.06,2715.99,2.3342,2022-02-04 06:20:00
6377347,2022-02-04 06:25:20,N,6937.38,17820.85,2716.05,1.0516,2022-02-04 06:25:00
6377349,2022-02-04 06:30:19,N,6776.13,17426.46,2716.05,0.0,2022-02-04 06:30:00
6377353,2022-02-04 06:35:19,N,6674.57,16845.75,2716.01,0.0,2022-02-04 06:35:00
6377355,2022-02-04 06:40:19,N,6638.56,17247.29,2716.04,0.0,2022-02-04 06:40:00
6377357,2022-02-04 06:45:20,N,6527.26,17116.07,2716.08,0.0,2022-02-04 06:45:00
6377361,2022-02-04 06:50:19,N,6537.7,17173.77,2716.08,0.0,2022-02-04 06:50:00
6377363,2022-02-04 06:55:18,N,6555.4,17054.9,2716.0,0.0,2022-02-04 06:55:00
6377365,2022-02-04 07:00:28,N,6543.44,16688.57,2972.38,0.0,2022-02-04 07:00:00
6377373,2022-02-04 07:05:19,N,6368.76,16103.11,3018.6,0.0,2022-02-04 07:05:00
6377375,2022-02-04 07:10:20,N,6427.93,16511.07,3018.59,0.0,2022-02-04 07:10:00
6377377,2022-02-04 07:15:19,N,6396.2,16556.21,3018.56,0.0,2022-02-04 07:15:00
6377381,2022-02-04 07:20:19,N,6299.85,16621.55,2822.95,0.0,2022-02-04 07:20:00
6377383,2022-02-04 07:25:21,N,6311.12,16541.08,2385.05,0.0,2022-02-04 07:25:00
6377385,2022-02-04 07:30:19,N,6436.23,16493.76,2385.05,0.0,2022-02-04 07:30:00
6377389,2022-02-04 07:35:19,N,6367.69,16612.24,2385.02,0.0,2022-02-04 07:35:00
6377391,2022-02-04 07:40:18,N,6381.66,16421.62,2384.97,0.0,2022-02-04 07:40:00
6377393,2022-02-04 07:45:20,N,6334.6,16407.75,2385.02,0.2508,2022-02-04 07:45:00
6377397,2022-02-04 07:50:19,N,6406.63,16436.4,2384.93,0.0,2022-02-04 07:50:00
6377399,2022-02-04 07:55:20,N,6412.85,16508.97,2385.05,0.0,2022-02-04 07:55:00
6377401,2022-02-04 08:00:27,N,6258.39,16069.27,2566.61,0.0,2022-02-04 08:00:00
6377409,2022-02-04 08:04:18,N,6348.04,15850.87,2379.27,0.0,2022-02-04 08:00:00
6377410,2022-02-04 08:04:50,N,6379.46,15887.81,2379.29,0.0,2022-02-04 08:00:00
6377411,2022-02-04 08:05:24,N,6339.56,15873.97,2379.27,0.0,2022-02-04 08:05:00
6377413,2022-02-04 08:10:19,N,6435.92,15968.18,2379.29,0.0,2022-02-04 08:10:00
6377415,2022-02-04 08:15:17,N,6533.62,16102.08,2379.2,0.0,2022-02-04 08:15:00
6377419,2022-02-04 08:20:20,N,6706.88,16424.14,2379.21,0.0,2022-02-04 08:20:00
6377421,2022-02-04 08:25:18,N,6828.88,16757.63,2429.22,1.7112,2022-02-04 08:25:00
6377423,2022-02-04 08:30:22,N,6748.41,16766.98,2429.11,2.2152,2022-02-04 08:30:00
6377427,2022-02-04 08:35:22,N,6803.0,16749.41,2467.29,2.7524,2022-02-04 08:35:00
6377429,2022-02-04 08:40:18,N,6742.19,17030.99,2403.54,3.4478,2022-02-04 08:40:00
6377431,2022-02-04 08:45:22,N,6730.73,16990.98,2461.04,1.7799,2022-02-04 08:45:00
6377435,2022-02-04 08:50:20,N,6665.03,16444.71,2669.61,2.3455,2022-02-04 08:50:00
6377437,2022-02-04 08:55:19,N,6895.54,17070.44,2684.19,0.7902,2022-02-04 08:55:00
6377439,2022-02-04 09:00:27,N,7138.9,17558.33,2848.76,0.0,2022-02-04 09:00:00
6377447,2022-02-04 09:05:20,N,7097.52,17154.75,2744.37,0.0,2022-02-04 09:05:00
6377449,2022-02-04 09:10:19,N,7087.87,17498.34,2752.52,0.0,2022-02-04 09:10:00
6377451,2022-02-04 09:15:21,N,6992.95,17461.01,2749.06,0.0,2022-02-04 09:15:00
6377455,2022-02-04 09:20:20,N,7029.97,17145.94,2850.69,0.0,2022-02-04 09:20:00
6377457,2022-02-04 09:25:19,N,6780.26,17155.63,3125.8,0.0,2022-02-04 09:25:00
6377459,2022-02-04 09:30:20,N,6785.48,16981.77,3224.69,0.0,2022-02-04 09:30:00
6377463,2022-02-04 09:35:23,N,6724.74,16985.67,3320.12,0.0,2022-02-04 09:35:00
6377465,2022-02-04 09:40:19,N,6761.71,17214.61,3321.32,0.0,2022-02-04 09:40:00
6377467,2022-02-04 09:45:20,N,6741.56,17282.42,3321.4,0.0,2022-02-04 09:45:00
6377471,2022-02-04 09:50:21,N,6611.28,16701.44,3320.82,0.0,2022-02-04 09:50:00
6377473,2022-02-04 09:55:25,N,6634.91,16672.29,3470.81,0.0,2022-02-04 09:55:00
6377475,2022-02-04 10:00:30,N,6619.35,16836.47,3673.41,0.0,2022-02-04 10:00:00
6377484,2022-02-04 10:05:21,N,6432.4,16009.38,3671.25,0.0,2022-02-04 10:05:00
6377488,2022-02-04 10:10:20,N,6460.33,16433.99,3672.13,0.0,2022-02-04 10:10:00
6377490,2022-02-04 10:15:23,N,6404.13,15914.44,3670.47,0.0,2022-02-04 10:15:00
6377494,2022-02-04 10:20:20,N,6309.73,16064.14,3722.44,0.0,2022-02-04 10:20:00
6377496,2022-02-04 10:25:19,N,6459.04,16526.73,4087.81,0.0,2022-02-04 10:25:00
6377498,2022-02-04 10:30:19,N,6490.98,16509.1,4086.75,0.0,2022-02-04 10:30:00
6377502,2022-02-04 10:35:19,N,6493.62,16343.79,4087.05,0.0,2022-02-04 10:35:00
6377504,2022-02-04 10:40:18,N,6578.77,16757.16,4087.17,0.0,2022-02-04 10:40:00
6377506,2022-02-04 10:45:18,N,6516.65,16744.45,4035.77,0.0,2022-02-04 10:45:00
6377510,2022-02-04 10:50:20,N,6456.18,16982.24,4087.78,0.0,2022-02-04 10:50:00
6377512,2022-02-04 10:55:20,N,6615.88,17068.76,4036.97,0.0,2022-02-04 10:55:00
6377514,2022-02-04 11:00:28,N,6804.41,16001.99,3988.01,4.0954,2022-02-04 11:00:00
6377522,2022-02-04 11:05:20,N,6767.76,15922.58,3985.82,3.0388,2022-02-04 11:05:00
6377524,2022-02-04 11:10:19,N,6905.21,16090.25,3986.62,3.7704,2022-02-04 11:10:00
6377526,2022-02-04 11:15:19,N,7041.7,16402.47,3996.13,4.4784,2022-02-04 11:15:00
6377530,2022-02-04 11:20:19,N,7175.52,16683.78,3996.03,3.603,2022-02-04 11:20:00
6377532,2022-02-04 11:25:19,N,7255.21,16914.19,3996.38,3.6953,2022-02-04 11:25:00
6377534,2022-02-04 11:30:22,N,7339.51,17325.75,4046.03,4.5378,2022-02-04 11:30:00
6377538,2022-02-04 11:35:19,N,7384.38,17485.31,4045.23,2.4897,2022-02-04 11:35:00
6377540,2022-02-04 11:40:22,N,7528.5,17691.73,4096.22,2.2501,2022-02-04 11:40:00
6377542,2022-02-04 11:45:22,N,7639.63,17829.17,4086.44,2.4218,2022-02-04 11:45:00
6377546,2022-02-04 11:50:20,N,7710.89,18174.82,4086.54,2.7686,2022-02-04 11:50:00
6377548,2022-02-04 11:55:19,N,7835.67,18137.04,4085.95,2.4616,2022-02-04 11:55:00
6377550,2022-02-04 12:00:28,N,7782.34,18143.02,4091.06,2.6711,2022-02-04 12:00:00
6377558,2022-02-04 12:05:20,N,8026.94,18129.6,4136.15,2.0156,2022-02-04 12:05:00
6377560,2022-02-04 12:10:19,N,8150.45,18510.47,4186.66,1.4576,2022-02-04 12:10:00
6377562,2022-02-04 12:15:20,N,8271.29,19007.38,4185.95,1.4385,2022-02-04 12:15:00
6377566,2022-02-04 12:20:19,N,8396.8,19022.26,4185.9,1.2672,2022-02-04 12:20:00
6377568,2022-02-04 12:25:18,N,8418.93,19402.23,4187.63,1.182,2022-02-04 12:25:00
6377570,2022-02-04 12:30:18,N,8693.32,19780.25,4243.5,1.2016,2022-02-04 12:30:00
6377574,2022-02-04 12:35:22,N,8814.06,20071.84,4243.32,1.7085,2022-02-04 12:35:00
6377576,2022-02-04 12:40:18,N,8921.26,20261.76,4243.43,1.8727,2022-02-04 12:40:00
6377578,2022-02-04 12:45:20,N,9036.27,20602.68,4293.73,1.9742,2022-02-04 12:45:00
6377582,2022-02-04 12:50:23,N,9018.05,20833.48,4243.38,2.5816,2022-02-04 12:50:00
6377584,2022-02-04 12:55:19,N,9002.49,21034.21,4243.6,2.6673,2022-02-04 12:55:00
6377586,2022-02-04 13:00:30,N,8832.61,21033.91,4323.98,2.6926,2022-02-04 13:00:00
6377594,2022-02-04 13:05:21,N,8906.33,20948.59,4290.09,3.2,2022-02-04 13:05:00
6377596,2022-02-04 13:10:20,N,8804.84,20895.36,4292.06,2.7007,2022-02-04 13:10:00
6377598,2022-02-04 13:15:23,N,8884.98,21451.97,4291.91,4.5707,2022-02-04 13:15:00
6377602,2022-02-04 13:20:19,N,8993.52,21593.86,4292.24,2.7154,2022-02-04 13:20:00
6377604,2022-02-04 13:25:19,N,8898.19,21809.15,4292.37,1.9259,2022-02-04 13:25:00
6377606,2022-02-04 13:30:20,N,8889.08,21697.65,4292.41,1.687,2022-02-04 13:30:00
6377610,2022-02-04 13:35:19,N,9000.94,21685.58,4292.41,1.6424,2022-02-04 13:35:00
6377612,2022-02-04 13:40:18,N,9062.65,21989.11,4292.4,6.6315,2022-02-04 13:40:00
6377614,2022-02-04 13:45:20,N,9333.27,22453.63,4292.41,5.8083,2022-02-04 13:45:00
6377618,2022-02-04 13:50:19,N,9509.86,22858.56,4292.38,5.2029,2022-02-04 13:50:00
6377620,2022-02-04 13:55:21,N,9674.04,22785.76,4192.07,3.5369,2022-02-04 13:55:00
6377622,2022-02-04 14:00:29,N,9621.39,22734.25,4201.25,3.8519,2022-02-04 14:00:00
6377630,2022-02-04 14:05:19,N,9454.96,22747.2,4201.22,3.5768,2022-02-04 14:05:00
6377632,2022-02-04 14:10:18,N,9552.63,22941.58,4201.42,2.2028,2022-02-04 14:10:00
6377634,2022-02-04 14:15:20,N,9620.45,23179.44,4183.37,2.4148,2022-02-04 14:15:00
6377638,2022-02-04 14:20:21,N,9485.24,23034.61,4183.47,2.4123,2022-02-04 14:20:00
6377640,2022-02-04 14:25:21,N,9573.69,23520.12,4543.38,1.8354,2022-02-04 14:25:00
6377642,2022-02-04 14:30:19,N,9475.28,23454.66,4543.37,1.6651,2022-02-04 14:30:00
6377650,2022-02-04 14:35:17,N,9529.05,23732.0,4543.47,1.6195,2022-02-04 14:35:00
6377652,2022-02-04 14:40:18,N,9586.63,23770.19,4615.34,1.6144,2022-02-04 14:40:00
6377654,2022-02-04 14:45:20,N,9681.44,23791.84,4615.37,1.6277,2022-02-04 14:45:00
6377658,2022-02-04 14:50:20,N,9715.86,23912.2,4665.4,1.9466,2022-02-04 14:50:00
6377660,2022-02-04 14:55:18,N,9631.67,23906.02,4665.35,2.0345,2022-02-04 14:55:00
6377662,2022-02-04 15:00:26,N,9793.79,24035.63,4667.23,2.0531,2022-02-04 15:00:00
6377670,2022-02-04 15:05:19,N,9633.11,23894.61,4667.25,1.8594,2022-02-04 15:05:00
6377672,2022-02-04 15:10:20,N,9873.41,24201.08,4702.3,2.0365,2022-02-04 15:10:00
6377674,2022-02-04 15:15:19,N,9988.0,24051.71,4702.39,1.8094,2022-02-04 15:15:00
6377678,2022-02-04 15:20:19,N,9865.81,24117.16,4702.28,1.9858,2022-02-04 15:20:00
6377680,2022-02-04 15:25:18,N,9903.21,24264.08,4702.34,1.5917,2022-02-04 15:25:00
6377682,2022-02-04 15:30:20,N,10089.67,24292.11,4667.45,1.436,2022-02-04 15:30:00
6377686,2022-02-04 15:35:19,N,10102.87,24337.71,4777.32,1.2326,2022-02-04 15:35:00
6377688,2022-02-04 15:40:19,N,10122.92,24230.23,4777.3,1.4757,2022-02-04 15:40:00
6377690,2022-02-04 15:45:19,N,10090.54,24184.69,4777.43,1.6504,2022-02-04 15:45:00
6377694,2022-02-04 15:50:19,N,9926.14,24249.16,4777.18,1.4696,2022-02-04 15:50:00
6377696,2022-02-04 15:55:18,N,9953.67,24043.92,4777.42,1.6802,2022-02-04 15:55:00
6377698,2022-02-04 16:00:25,N,9862.61,23901.11,4777.96,1.9848,2022-02-04 16:00:00
6377706,2022-02-04 16:05:20,N,9987.63,23931.71,4659.02,1.6665,2022-02-04 16:05:00
6377708,2022-02-04 16:10:20,N,9855.79,23853.94,4778.12,1.9891,2022-02-04 16:10:00
6377710,2022-02-04 16:15:20,N,9969.1,23983.06,4778.07,1.4194,2022-02-04 16:15:00
6377714,2022-02-04 16:20:19,N,9842.96,23684.24,4778.19,1.7713,2022-02-04 16:20:00
6377716,2022-02-04 16:25:19,N,9824.37,23522.13,4778.12,1.5299,2022-02-04 16:25:00
6377718,2022-02-04 16:30:19,N,9870.3,23535.25,4778.12,1.4483,2022-02-04 16:30:00
6377722,2022-02-04 16:35:20,N,9685.79,23343.36,4778.03,1.7267,2022-02-04 16:35:00
6377724,2022-02-04 16:40:19,N,9650.49,22916.2,4778.04,1.1115,2022-02-04 16:40:00
6377726,2022-02-04 16:45:19,N,9588.42,22797.91,4610.37,2.2407,2022-02-04 16:45:00
6377730,2022-02-04 16:50:19,N,9600.03,22836.74,4610.24,2.2034,2022-02-04 16:50:00
6377732,2022-02-04 16:55:19,N,9482.58,22442.47,4610.3,3.826,2022-02-04 16:55:00
6377734,2022-02-04 17:00:27,N,9334.29,22123.66,4538.93,0.0,2022-02-04 17:00:00
6377742,2022-02-04 17:05:21,N,9144.33,21420.31,4538.92,0.1327,2022-02-04 17:05:00
6377744,2022-02-04 17:10:19,N,9032.45,20756.53,4539.15,0.8127,2022-02-04 17:10:00
6377746,2022-02-04 17:15:17,N,8842.82,19912.95,4538.99,0.2708,2022-02-04 17:15:00
6377750,2022-02-04 17:20:19,N,8561.33,19092.98,4759.99,0.0,2022-02-04 17:20:00
6377752,2022-02-04 17:25:20,N,8303.37,18253.64,4760.04,0.0,2022-02-04 17:25:00
6377754,2022-02-04 17:30:19,N,7915.87,17332.07,4760.04,0.0,2022-02-04 17:30:00
6377758,2022-02-04 17:35:20,N,7456.37,16680.07,4587.12,0.5029,2022-02-04 17:35:00
6377760,2022-02-04 17:40:17,N,7051.27,15846.87,4587.01,0.4588,2022-02-04 17:40:00
6377762,2022-02-04 17:45:18,N,6662.17,14921.47,4587.16,0.1553,2022-02-04 17:45:00
6377766,2022-02-04 17:50:19,N,6431.97,14235.78,4586.91,0.0,2022-02-04 17:50:00
6377768,2022-02-04 17:55:19,N,6124.06,13483.4,4497.98,0.0,2022-02-04 17:55:00
6377770,2022-02-04 18:00:25,N,6170.84,13792.77,3905.75,0.6436,2022-02-04 18:00:00
6377778,2022-02-04 18:03:51,N,6078.58,13556.03,3635.19,0.5219,2022-02-04 18:00:00
6377779,2022-02-04 18:05:21,N,6179.9,13505.18,3636.38,0.0,2022-02-04 18:05:00
6377781,2022-02-04 18:10:19,N,5863.17,12787.31,3586.66,0.0,2022-02-04 18:10:00
6377783,2022-02-04 18:15:19,N,5713.76,12137.13,3584.77,0.0,2022-02-04 18:15:00
6377787,2022-02-04 18:20:21,N,5648.37,11833.35,3521.06,0.0,2022-02-04 18:20:00
6377789,2022-02-04 18:22:20,N,5289.54,10739.92,3884.07,0.0,2022-02-04 18:20:00
6377790,2022-02-04 18:22:57,N,5249.23,10748.63,3859.16,0.0,2022-02-04 18:20:00
6377791,2022-02-04 18:24:46,N,5027.31,9823.78,3932.01,0.0,2022-02-04 18:20:00
6377792,2022-02-04 18:25:18,N,5113.39,9713.49,3978.31,0.0,2022-02-04 18:25:00
6377794,2022-02-04 18:28:57,N,5210.85,9858.97,4010.94,0.0,2022-02-04 18:25:00
6377795,2022-02-04 18:30:18,N,5265.43,9772.42,3867.26,0.0,2022-02-04 18:30:00
6377799,2022-02-04 18:35:20,N,5383.07,9679.42,3838.65,0.0,2022-02-04 18:35:00
6377801,2022-02-04 18:40:19,N,5254.05,9656.19,3726.4,0.645,2022-02-04 18:40:00
6377803,2022-02-04 18:45:18,N,5234.75,9815.7,3586.45,0.0,2022-02-04 18:45:00
6377807,2022-02-04 18:50:20,N,5119.5,9705.28,3530.61,0.0,2022-02-04 18:50:00
6377809,2022-02-04 18:55:19,N,5028.11,9488.07,3616.06,0.4654,2022-02-04 18:55:00
6377811,2022-02-04 19:00:24,N,5125.13,9676.17,3741.95,0.6147,2022-02-04 19:00:00
6377819,2022-02-04 19:05:20,N,5216.63,9841.2,3661.35,1.9713,2022-02-04 19:05:00
6377821,2022-02-04 19:10:20,N,5306.73,9834.01,3561.46,1.9971,2022-02-04 19:10:00
6377823,2022-02-04 19:15:19,N,5396.44,9841.34,3513.86,1.9245,2022-02-04 19:15:00
6377827,2022-02-04 19:20:22,N,5316.9,9904.1,3525.15,4.3699,2022-02-04 19:20:00
6377829,2022-02-04 19:25:18,N,5335.03,9636.12,3527.65,2.2817,2022-02-04 19:25:00
6377831,2022-02-04 19:30:19,N,5231.14,9330.84,3601.25,1.4555,2022-02-04 19:30:00
6377835,2022-02-04 19:35:21,N,5309.38,9666.42,3606.06,1.4677,2022-02-04 19:35:00
6377837,2022-02-04 19:40:16,N,5241.54,9648.99,3582.25,2.6673,2022-02-04 19:40:00
6377839,2022-02-04 19:45:17,N,5244.88,9636.81,3584.65,3.7027,2022-02-04 19:45:00
6377843,2022-02-04 19:50:18,N,5213.81,9461.32,3585.05,4.8461,2022-02-04 19:50:00
6377845,2022-02-04 19:55:19,N,5296.73,9670.0,3585.6,4.8822,2022-02-04 19:55:00
6377847,2022-02-04 20:00:23,N,5316.43,9731.07,3743.51,5.9778,2022-02-04 20:00:00
6377855,2022-02-04 20:05:18,N,5239.38,9950.07,3459.25,3.6846,2022-02-04 20:05:00
6377857,2022-02-04 20:10:21,N,5171.91,9964.85,3462.0,5.6027,2022-02-04 20:10:00
6377859,2022-02-04 20:15:21,N,5184.41,10177.87,2959.06,4.1699,2022-02-04 20:15:00
6377863,2022-02-04 20:20:18,N,5205.56,10164.08,2957.56,4.439,2022-02-04 20:20:00
6377865,2022-02-04 20:25:17,N,5063.38,10170.73,2959.9,4.3431,2022-02-04 20:25:00
6377867,2022-02-04 20:30:18,N,5216.04,10473.81,2958.76,1.6074,2022-02-04 20:30:00
6377871,2022-02-04 20:35:18,N,5222.86,10518.0,2959.64,2.3923,2022-02-04 20:35:00
6377873,2022-02-04 20:40:18,N,5244.64,10233.36,3004.9,2.4041,2022-02-04 20:40:00
6377875,2022-02-04 20:45:19,N,5346.03,10775.8,3044.95,2.5511,2022-02-04 20:45:00
6377879,2022-02-04 20:50:18,N,5501.74,10946.18,3092.6,4.08,2022-02-04 20:50:00
6377881,2022-02-04 20:55:18,N,5421.68,10904.14,3229.01,4.574,2022-02-04 20:55:00
6377883,2022-02-04 21:00:28,N,5311.52,10808.46,3287.0,3.2122,2022-02-04 21:00:00
6377891,2022-02-04 21:05:21,N,5394.09,10875.49,3355.62,4.5315,2022-02-04 21:05:00
6377893,2022-02-04 21:10:17,N,5397.67,10894.68,3392.95,4.3316,2022-02-04 21:10:00
6377895,2022-02-04 21:15:17,N,5452.31,10997.1,3414.3,3.2984,2022-02-04 21:15:00
6377899,2022-02-04 21:20:18,N,5417.12,11135.38,3378.85,3.8869,2022-02-04 21:20:00
6377901,2022-02-04 21:25:16,N,5300.67,11228.24,3296.15,3.5308,2022-02-04 21:25:00
6377903,2022-02-04 21:30:19,N,5448.08,11533.32,3298.31,2.7729,2022-02-04 21:30:00
6377907,2022-02-04 21:35:19,N,5444.55,11612.7,3300.36,3.1773,2022-02-04 21:35:00
6377909,2022-02-04 21:40:19,N,5488.13,11830.69,3308.56,2.9267,2022-02-04 21:40:00
6377911,2022-02-04 21:45:20,N,5449.0,11784.76,3322.11,2.6784,2022-02-04 21:45:00
6377915,2022-02-04 21:50:18,N,5516.49,11806.84,3339.55,2.8754,2022-02-04 21:50:00
6377917,2022-02-04 21:55:18,N,5489.67,11859.33,3346.83,2.1153,2022-02-04 21:55:00
6377919,2022-02-04 22:00:26,N,5496.31,11995.16,3977.11,1.4543,2022-02-04 22:00:00
6377927,2022-02-04 22:05:20,N,5517.44,12348.65,4107.02,1.1719,2022-02-04 22:05:00
6377931,2022-02-04 22:10:19,N,5422.86,11906.37,4462.77,0.9689,2022-02-04 22:10:00
6377933,2022-02-04 22:15:18,N,5437.25,12026.37,4496.99,0.762,2022-02-04 22:15:00
6377937,2022-02-04 22:20:18,N,5447.61,12113.31,4499.4,0.7161,2022-02-04 22:20:00
6377939,2022-02-04 22:25:18,N,5402.91,12079.47,4553.24,1.0994,2022-02-04 22:25:00
6377941,2022-02-04 22:30:18,N,5532.94,12186.54,4554.44,0.8881,2022-02-04 22:30:00
6377945,2022-02-04 22:35:20,N,5379.94,11992.23,4554.07,0.7562,2022-02-04 22:35:00
6377947,2022-02-04 22:40:18,N,5477.96,12391.27,4506.55,0.9445,2022-02-04 22:40:00
6377949,2022-02-04 22:45:19,N,5593.66,12582.42,4508.9,0.8971,2022-02-04 22:45:00
6377956,2022-02-04 22:50:18,N,5451.27,12494.11,4462.0,0.7298,2022-02-04 22:50:00
6377959,2022-02-04 22:55:18,N,5541.79,12809.39,4462.73,1.125,2022-02-04 22:55:00
6377961,2022-02-04 23:00:25,N,5534.21,12728.38,4521.56,0.835,2022-02-04 23:00:00
6377969,2022-02-04 23:05:20,N,5684.79,13125.02,4522.03,2.2531,2022-02-04 23:05:00
6377971,2022-02-04 23:10:17,N,5665.18,13164.56,4693.26,2.1077,2022-02-04 23:10:00
6377973,2022-02-04 23:15:19,N,5674.45,13342.27,4691.37,2.6073,2022-02-04 23:15:00
6377977,2022-02-04 23:20:19,N,5786.49,13304.97,4692.06,2.4279,2022-02-04 23:20:00
6377979,2022-02-04 23:25:20,N,5744.08,13193.1,4693.91,0.7,2022-02-04 23:25:00
6377981,2022-02-04 23:30:18,N,5797.93,13381.46,4693.3,0.1365,2022-02-04 23:30:00
6377985,2022-02-04 23:35:19,N,5750.74,13522.31,4692.98,0.6566,2022-02-04 23:35:00
6377987,2022-02-04 23:40:18,N,5734.21,13348.64,4692.28,2.4553,2022-02-04 23:40:00
6377989,2022-02-04 23:45:19,N,5827.47,13537.18,4391.14,1.2006,2022-02-04 23:45:00
6377993,2022-02-04 23:50:17,N,5824.46,13735.79,4190.94,3.0382,2022-02-04 23:50:00
6377995,2022-02-04 23:55:23,N,5997.92,14333.92,4191.85,5.3348,2022-02-04 23:55:00
6377997,2022-02-05 00:00:27,N,5978.17,13875.86,4033.93,2.4183,2022-02-05 00:00:00
6378005,2022-02-05 00:05:23,N,6248.29,14155.88,4101.9,2.6888,2022-02-05 00:05:00
6378007,2022-02-05 00:10:17,N,6144.91,14262.28,4256.21,3.2578,2022-02-05 00:10:00
6378009,2022-02-05 00:15:18,N,6170.52,14418.16,4254.07,5.1955,2022-02-05 00:15:00
6378013,2022-02-05 00:20:18,N,6143.11,14161.51,4256.7,2.6782,2022-02-05 00:20:00
6378015,2022-02-05 00:25:16,N,6154.18,14230.58,4255.47,2.852,2022-02-05 00:25:00
6378017,2022-02-05 00:30:17,N,6112.85,14256.34,4256.43,2.8416,2022-02-05 00:30:00
6378021,2022-02-05 00:35:18,N,6168.16,14376.87,4256.54,3.2394,2022-02-05 00:35:00
6378023,2022-02-05 00:40:20,N,6127.8,14207.51,4527.38,2.0488,2022-02-05 00:40:00
6378025,2022-02-05 00:45:18,N,6064.53,14091.24,4527.68,2.1625,2022-02-05 00:45:00
6378029,2022-02-05 00:50:19,N,6078.57,14293.13,4527.71,2.4303,2022-02-05 00:50:00
6378031,2022-02-05 00:55:18,N,6129.77,14316.83,4527.15,3.3851,2022-02-05 00:55:00
6378033,2022-02-05 01:00:23,N,6125.0,14292.99,4595.26,2.966,2022-02-05 01:00:00
6378042,2022-02-05 01:05:21,N,6144.15,14282.75,4595.03,2.5658,2022-02-05 01:05:00
6378044,2022-02-05 01:10:19,N,6063.5,14124.47,4795.88,2.6697,2022-02-05 01:10:00
6378046,2022-02-05 01:15:17,N,6167.48,14174.33,5021.68,3.0326,2022-02-05 01:15:00
6378050,2022-02-05 01:20:20,N,6135.84,14136.78,5022.46,2.9771,2022-02-05 01:20:00
6378052,2022-02-05 01:25:17,N,6197.75,14212.53,5020.07,2.7868,2022-02-05 01:25:00
6378054,2022-02-05 01:30:19,N,6223.01,14295.28,5023.11,3.4517,2022-02-05 01:30:00
6378058,2022-02-05 01:35:20,N,6211.64,14393.79,4930.63,3.5621,2022-02-05 01:35:00
6378060,2022-02-05 01:40:18,N,6219.86,14330.11,4931.72,3.0972,2022-02-05 01:40:00
6378062,2022-02-05 01:45:18,N,6216.97,14163.98,4931.25,1.8927,2022-02-05 01:45:00
6378066,2022-02-05 01:50:18,N,6034.63,13977.49,4930.54,2.1414,2022-02-05 01:50:00
6378068,2022-02-05 01:55:18,N,6034.65,14104.24,4930.08,2.3179,2022-02-05 01:55:00
6378070,2022-02-05 02:00:23,N,6169.81,14083.71,4955.8,2.2771,2022-02-05 02:00:00
6378078,2022-02-05 02:05:20,N,6136.4,14075.61,4955.93,2.0815,2022-02-05 02:05:00
6378080,2022-02-05 02:10:20,N,6071.82,14011.26,4955.36,2.0143,2022-02-05 02:10:00
6378082,2022-02-05 02:15:20,N,6196.54,14095.62,4955.08,2.5587,2022-02-05 02:15:00
6378086,2022-02-05 02:20:20,N,6200.8,14157.1,4956.12,3.1038,2022-02-05 02:20:00
6378088,2022-02-05 02:25:20,N,6095.73,14199.62,4955.04,2.5452,2022-02-05 02:25:00
6378090,2022-02-05 02:30:19,N,6131.57,13804.65,4957.84,1.6704,2022-02-05 02:30:00
6378094,2022-02-05 02:35:20,N,6147.96,13735.24,4955.88,1.5371,2022-02-05 02:35:00
6378096,2022-02-05 02:40:20,N,6152.19,13927.13,4957.63,2.1036,2022-02-05 02:40:00
6378098,2022-02-05 02:45:19,N,6138.79,13824.77,4957.37,1.7781,2022-02-05 02:45:00
6378102,2022-02-05 02:50:20,N,6088.86,13664.61,4957.07,1.7506,2022-02-05 02:50:00
6378104,2022-02-05 02:55:19,N,6133.53,13833.45,4958.0,2.0698,2022-02-05 02:55:00
6378106,2022-02-05 03:00:24,N,6044.92,13571.74,4958.61,1.9794,2022-02-05 03:00:00
6378116,2022-02-05 03:05:20,N,6067.8,13566.38,4956.86,2.0896,2022-02-05 03:05:00
6378118,2022-02-05 03:10:21,N,6110.24,13662.05,4957.02,2.4541,2022-02-05 03:10:00
6378120,2022-02-05 03:15:18,N,6047.9,13581.22,4957.64,2.2713,2022-02-05 03:15:00
6378124,2022-02-05 03:20:20,N,6104.92,13609.06,4958.81,1.9321,2022-02-05 03:20:00
6378126,2022-02-05 03:25:18,N,6061.5,13458.57,4958.7,1.4172,2022-02-05 03:25:00
6378128,2022-02-05 03:30:18,N,6006.64,13466.49,4958.65,1.4199,2022-02-05 03:30:00
6378132,2022-02-05 03:35:20,N,5981.45,13375.17,4955.59,1.0808,2022-02-05 03:35:00
6378134,2022-02-05 03:40:20,N,6063.59,13467.27,4956.79,1.1662,2022-02-05 03:40:00
6378139,2022-02-05 03:45:19,N,5963.64,13406.29,4954.73,1.0869,2022-02-05 03:45:00
6378144,2022-02-05 03:50:19,N,5945.77,13276.74,4957.51,1.8634,2022-02-05 03:50:00
6378146,2022-02-05 03:55:18,N,5922.77,13086.5,4955.46,2.7369,2022-02-05 03:55:00
6378148,2022-02-05 04:00:26,N,5919.01,13051.92,4956.5,1.7448,2022-02-05 04:00:00
6378156,2022-02-05 04:05:20,N,5768.99,12586.64,4957.63,4.5064,2022-02-05 04:05:00
6378158,2022-02-05 04:10:20,N,5784.85,12691.27,4908.65,4.093,2022-02-05 04:10:00
6378160,2022-02-05 04:15:19,N,5727.21,12212.94,4907.44,6.4783,2022-02-05 04:15:00
6378164,2022-02-05 04:20:17,N,5644.98,12425.11,4908.6,6.4426,2022-02-05 04:20:00
6378166,2022-02-05 04:25:17,N,5601.58,12385.81,4907.67,5.7733,2022-02-05 04:25:00
6378168,2022-02-05 04:30:17,N,5791.82,12840.58,4909.01,2.867,2022-02-05 04:30:00
6378172,2022-02-05 04:35:18,N,5677.97,12725.04,4908.98,3.0668,2022-02-05 04:35:00
6378174,2022-02-05 04:40:18,N,5787.43,12641.91,4909.11,3.1637,2022-02-05 04:40:00
6378176,2022-02-05 04:45:18,N,5918.93,12840.47,4911.98,2.5958,2022-02-05 04:45:00
6378180,2022-02-05 04:50:18,N,5905.66,12897.41,4911.76,2.7739,2022-02-05 04:50:00
6378182,2022-02-05 04:55:19,N,5776.31,12647.68,4862.49,4.6013,2022-02-05 04:55:00
6378184,2022-02-05 05:00:26,N,5839.69,12673.96,5301.32,2.0089,2022-02-05 05:00:00
6378192,2022-02-05 05:05:18,N,5752.6,12251.46,5245.49,4.9428,2022-02-05 05:05:00
6378194,2022-02-05 05:10:18,N,5663.95,12010.86,5245.03,5.4051,2022-02-05 05:10:00
6378196,2022-02-05 05:15:18,N,5690.63,12115.33,4984.45,5.4685,2022-02-05 05:15:00
6378200,2022-02-05 05:20:29,N,5687.64,11860.75,5076.36,5.6424,2022-02-05 05:20:00
6378203,2022-02-05 05:25:17,N,5648.56,12071.8,5075.19,5.4638,2022-02-05 05:25:00
6378205,2022-02-05 05:30:17,N,5630.72,12005.25,4777.41,5.8628,2022-02-05 05:30:00
6378209,2022-02-05 05:35:17,N,5601.36,12139.38,4413.41,6.2062,2022-02-05 05:35:00
6378211,2022-02-05 05:40:17,N,5700.54,11882.6,4410.96,5.4273,2022-02-05 05:40:00
6378213,2022-02-05 05:45:19,N,5597.2,11731.76,4360.58,3.4377,2022-02-05 05:45:00
6378217,2022-02-05 05:50:18,N,5634.68,11814.57,4359.3,2.9307,2022-02-05 05:50:00
6378219,2022-02-05 05:55:18,N,5596.5,11829.03,4260.1,2.8909,2022-02-05 05:55:00
6378221,2022-02-05 06:00:25,N,5620.6,11687.53,4297.49,3.5204,2022-02-05 06:00:00
6378229,2022-02-05 06:05:20,N,5316.54,11571.27,3771.81,2.3599,2022-02-05 06:05:00
6378231,2022-02-05 06:10:19,N,5390.42,11596.53,3769.36,3.2795,2022-02-05 06:10:00
6378233,2022-02-05 06:15:19,N,5417.34,11352.42,3611.26,1.1948,2022-02-05 06:15:00
6378237,2022-02-05 06:20:21,N,5296.58,11417.6,3600.6,1.2569,2022-02-05 06:20:00
6378239,2022-02-05 06:25:17,N,5366.34,11282.2,3591.4,0.5398,2022-02-05 06:25:00
6378241,2022-02-05 06:30:19,N,5227.18,11080.55,3531.3,0.5085,2022-02-05 06:30:00
6378245,2022-02-05 06:35:20,N,5170.6,10687.67,3506.96,0.0,2022-02-05 06:35:00
6378247,2022-02-05 06:40:18,N,5172.82,10464.03,3507.91,0.0,2022-02-05 06:40:00
6378249,2022-02-05 06:45:19,N,5119.23,10099.93,3508.31,0.7363,2022-02-05 06:45:00
6378253,2022-02-05 06:50:19,N,5138.94,10092.63,3505.5,2.351,2022-02-05 06:50:00
6378255,2022-02-05 06:55:19,N,5065.28,10000.65,3505.61,1.5828,2022-02-05 06:55:00
6378257,2022-02-05 07:00:27,N,5143.98,9946.43,3506.95,1.8662,2022-02-05 07:00:00
6378265,2022-02-05 07:05:20,N,5108.45,10089.44,3507.3,2.814,2022-02-05 07:05:00
6378267,2022-02-05 07:10:21,N,5039.93,10056.78,3506.75,3.0817,2022-02-05 07:10:00
6378269,2022-02-05 07:15:19,N,5012.06,10070.29,3508.25,2.7054,2022-02-05 07:15:00
6378273,2022-02-05 07:20:19,N,5032.67,9980.3,3507.31,2.6291,2022-02-05 07:20:00
6378275,2022-02-05 07:25:18,N,4871.81,9887.3,3507.85,1.2462,2022-02-05 07:25:00
6378277,2022-02-05 07:30:18,N,4995.22,9704.93,3508.94,3.0972,2022-02-05 07:30:00
6378281,2022-02-05 07:35:22,N,4914.49,9686.83,3508.16,1.7764,2022-02-05 07:35:00
6378283,2022-02-05 07:40:18,N,5035.66,9763.11,3505.34,3.1731,2022-02-05 07:40:00
6378285,2022-02-05 07:45:19,N,5113.89,10126.29,3505.02,3.0156,2022-02-05 07:45:00
6378289,2022-02-05 07:50:18,N,5245.11,10407.13,3506.34,2.9781,2022-02-05 07:50:00
6378291,2022-02-05 07:55:18,N,5218.45,10659.48,3507.8,5.3455,2022-02-05 07:55:00
6378293,2022-02-05 08:00:27,N,5328.21,10902.05,3628.3,7.5528,2022-02-05 08:00:00
6378301,2022-02-05 08:05:19,N,5436.05,11306.85,3648.65,8.5756,2022-02-05 08:05:00
6378303,2022-02-05 08:10:17,N,5708.8,11713.07,3696.84,8.4545,2022-02-05 08:10:00
6378305,2022-02-05 08:15:18,N,5783.96,12046.55,3700.7,7.0309,2022-02-05 08:15:00
6378309,2022-02-05 08:20:19,N,5978.03,12454.19,3724.65,3.4215,2022-02-05 08:20:00
6378311,2022-02-05 08:25:18,N,6073.31,12907.0,3751.45,6.1894,2022-02-05 08:25:00
6378313,2022-02-05 08:30:17,N,6308.13,13558.61,3759.2,8.041,2022-02-05 08:30:00
6378317,2022-02-05 08:35:18,N,6599.34,14276.43,3757.72,6.4471,2022-02-05 08:35:00
6378319,2022-02-05 08:40:18,N,6559.36,14588.93,3762.7,6.7319,2022-02-05 08:40:00
6378321,2022-02-05 08:45:18,N,6653.86,14834.77,3761.45,5.7153,2022-02-05 08:45:00
6378325,2022-02-05 08:50:18,N,7001.92,15378.58,4006.78,6.4419,2022-02-05 08:50:00
6378327,2022-02-05 08:55:18,N,7208.99,15950.21,4120.4,5.2355,2022-02-05 08:55:00
6378329,2022-02-05 09:00:26,N,7090.94,15345.44,4316.0,3.9642,2022-02-05 09:00:00
6378337,2022-02-05 09:05:19,N,6874.06,14533.47,4922.62,3.7605,2022-02-05 09:05:00
6378339,2022-02-05 09:10:17,N,6675.87,14646.87,5457.52,3.2603,2022-02-05 09:10:00
6378341,2022-02-05 09:15:18,N,6843.92,14886.61,5812.51,3.1088,2022-02-05 09:15:00
6378345,2022-02-05 09:20:21,N,6808.5,14895.91,5860.64,2.5768,2022-02-05 09:20:00
6378347,2022-02-05 09:25:17,N,6927.82,15293.21,5966.33,2.54,2022-02-05 09:25:00
6378349,2022-02-05 09:30:19,N,6939.97,15553.45,5963.15,2.8629,2022-02-05 09:30:00
6378354,2022-02-05 09:35:18,N,6972.03,15782.36,5963.25,2.6447,2022-02-05 09:35:00
6378356,2022-02-05 09:40:17,N,6964.93,15921.79,6013.46,2.5077,2022-02-05 09:40:00
6378358,2022-02-05 09:45:19,N,7066.83,16242.55,6013.35,1.9239,2022-02-05 09:45:00
6378362,2022-02-05 09:50:18,N,7069.17,16158.03,6058.43,1.6708,2022-02-05 09:50:00
6378364,2022-02-05 09:55:18,N,7147.47,16295.05,6056.37,1.2946,2022-02-05 09:55:00
6378366,2022-02-05 10:00:26,N,6891.35,15991.53,6167.54,0.0,2022-02-05 10:00:00
6378375,2022-02-05 10:05:18,N,6568.76,15574.48,6167.42,0.0,2022-02-05 10:05:00
6378381,2022-02-05 10:10:18,N,6557.6,15583.65,6167.64,0.0,2022-02-05 10:10:00
6378383,2022-02-05 10:15:18,N,6450.41,16034.92,6121.53,0.0,2022-02-05 10:15:00
6378387,2022-02-05 10:20:18,N,6504.06,15962.19,6120.63,0.0,2022-02-05 10:20:00
6378389,2022-02-05 10:25:17,N,6613.49,16286.7,6120.56,0.0,2022-02-05 10:25:00
6378391,2022-02-05 10:30:17,N,6795.99,16656.01,6120.41,0.0,2022-02-05 10:30:00
6378395,2022-02-05 10:35:19,N,7007.68,17150.73,6119.42,0.0,2022-02-05 10:35:00
6378397,2022-02-05 10:40:17,N,6965.59,16670.55,6118.63,0.0,2022-02-05 10:40:00
6378402,2022-02-05 10:45:19,N,7014.49,16733.8,6117.55,0.0,2022-02-05 10:45:00
6378407,2022-02-05 10:50:20,N,7008.89,17045.19,6117.66,0.0,2022-02-05 10:50:00
6378409,2022-02-05 10:55:16,N,7034.16,17207.83,6117.57,0.0,2022-02-05 10:55:00
6378411,2022-02-05 11:00:22,N,6866.4,16627.95,6116.32,0.0,2022-02-05 11:00:00
6378419,2022-02-05 11:05:19,N,6971.55,17029.61,6116.18,0.0,2022-02-05 11:05:00
6378421,2022-02-05 11:10:18,N,7084.82,17313.25,6115.42,0.0,2022-02-05 11:10:00
6378423,2022-02-05 11:15:18,N,7308.57,17728.07,6114.24,0.0,2022-02-05 11:15:00
6378427,2022-02-05 11:20:17,N,7540.74,17994.31,6214.37,0.0,2022-02-05 11:20:00
6378429,2022-02-05 11:25:17,N,7677.85,18669.57,6214.33,0.0,2022-02-05 11:25:00
6378431,2022-02-05 11:30:17,N,7855.7,19145.3,6214.46,0.0,2022-02-05 11:30:00
6378435,2022-02-05 11:35:17,N,7938.83,19220.98,6214.56,0.0,2022-02-05 11:35:00
6378437,2022-02-05 11:40:18,N,8034.08,19964.56,6214.46,0.0,2022-02-05 11:40:00
6378439,2022-02-05 11:45:20,N,8240.23,20438.95,6214.35,0.0,2022-02-05 11:45:00
6378443,2022-02-05 11:50:16,N,8407.11,20775.2,6214.43,0.0,2022-02-05 11:50:00
6378445,2022-02-05 11:55:17,N,8582.59,21419.64,6164.29,0.0,2022-02-05 11:55:00
6378447,2022-02-05 12:00:22,N,8423.75,20553.67,6315.37,0.0,2022-02-05 12:00:00
6378455,2022-02-05 12:05:20,N,8299.12,20546.29,6315.38,0.0,2022-02-05 12:05:00
6378457,2022-02-05 12:10:17,N,8275.88,20904.02,6315.63,0.0,2022-02-05 12:10:00
6378459,2022-02-05 12:15:19,N,8553.92,21594.81,6427.44,0.0,2022-02-05 12:15:00
6378463,2022-02-05 12:20:18,N,8789.62,21937.24,6427.7,0.0,2022-02-05 12:20:00
6378465,2022-02-05 12:25:19,N,8997.3,22222.87,6424.46,0.0,2022-02-05 12:25:00
6378467,2022-02-05 12:30:19,N,9101.03,22418.33,6424.4,0.0,2022-02-05 12:30:00
6378471,2022-02-05 12:35:18,N,9388.58,23460.06,6427.45,0.0,2022-02-05 12:35:00
6378473,2022-02-05 12:40:19,N,9582.3,23580.43,6423.44,0.0,2022-02-05 12:40:00
6378475,2022-02-05 12:45:17,N,9441.89,23432.93,6426.39,0.0,2022-02-05 12:45:00
6378479,2022-02-05 12:50:17,N,9492.13,23978.94,6423.25,0.0,2022-02-05 12:50:00
6378481,2022-02-05 12:55:17,N,9297.65,23587.72,6423.39,0.0,2022-02-05 12:55:00
6378483,2022-02-05 13:00:23,N,9238.09,23682.74,6440.14,0.0,2022-02-05 13:00:00
6378491,2022-02-05 13:05:17,N,9020.27,22525.66,6491.23,0.0,2022-02-05 13:05:00
6378493,2022-02-05 13:10:18,N,9124.22,23231.71,6377.38,0.0,2022-02-05 13:10:00
6378495,2022-02-05 13:15:19,N,9123.11,23670.56,6377.27,0.0,2022-02-05 13:15:00
6378499,2022-02-05 13:20:18,N,9309.76,23761.25,6379.49,0.0,2022-02-05 13:20:00
6378501,2022-02-05 13:25:17,N,9214.93,23956.24,6379.62,0.0,2022-02-05 13:25:00
6378503,2022-02-05 13:30:18,N,9239.87,24297.06,6377.58,0.0,2022-02-05 13:30:00
6378507,2022-02-05 13:35:16,N,9369.42,24549.19,6378.47,0.0,2022-02-05 13:35:00
6378509,2022-02-05 13:40:18,N,9429.83,24543.12,6377.3,0.0,2022-02-05 13:40:00
6378511,2022-02-05 13:45:18,N,9400.47,24816.82,6377.26,0.0,2022-02-05 13:45:00
6378515,2022-02-05 13:50:18,N,9419.29,24988.57,6379.3,0.0,2022-02-05 13:50:00
6378517,2022-02-05 13:55:18,N,9714.71,25519.63,6377.44,0.0,2022-02-05 13:55:00
6378519,2022-02-05 14:00:22,N,9765.89,25295.35,6558.1,0.0,2022-02-05 14:00:00
6378527,2022-02-05 14:05:18,N,9809.04,25662.59,6555.19,0.0,2022-02-05 14:05:00
6378529,2022-02-05 14:10:17,N,9875.97,25846.14,6558.43,0.0,2022-02-05 14:10:00
6378531,2022-02-05 14:15:17,N,9853.49,25588.87,6558.19,0.0,2022-02-05 14:15:00
6378535,2022-02-05 14:20:18,N,9901.02,25739.63,6558.27,0.0,2022-02-05 14:20:00
6378537,2022-02-05 14:25:19,N,9935.41,25995.36,6555.44,0.0,2022-02-05 14:25:00
6378540,2022-02-05 14:30:19,N,9944.07,26103.58,6558.24,0.0,2022-02-05 14:30:00
6378546,2022-02-05 14:35:16,N,9991.85,26512.7,6558.35,0.0,2022-02-05 14:35:00
6378548,2022-02-05 14:40:16,N,10006.95,26701.76,6558.13,0.0,2022-02-05 14:40:00
6378550,2022-02-05 14:45:16,N,10008.39,26876.5,6558.05,0.0,2022-02-05 14:45:00
6378554,2022-02-05 14:50:17,N,9924.87,26570.78,6558.26,0.0,2022-02-05 14:50:00
6378556,2022-02-05 14:55:17,N,10048.66,27243.48,6551.19,0.0,2022-02-05 14:55:00
6378558,2022-02-05 15:00:23,N,10125.54,27384.74,6557.05,0.0,2022-02-05 15:00:00
6378566,2022-02-05 15:05:17,N,10259.89,27819.1,6557.13,0.0,2022-02-05 15:05:00
6378568,2022-02-05 15:10:17,N,10252.59,27922.55,6557.22,0.0,2022-02-05 15:10:00
6378570,2022-02-05 15:15:17,N,10286.41,28268.78,6554.08,0.0,2022-02-05 15:15:00
6378574,2022-02-05 15:20:17,N,10285.11,28277.27,6555.22,0.0,2022-02-05 15:20:00
6378576,2022-02-05 15:25:17,N,10272.24,28244.3,6555.3,0.0,2022-02-05 15:25:00
6378578,2022-02-05 15:30:18,N,10233.54,28028.97,6553.14,0.0,2022-02-05 15:30:00
6378582,2022-02-05 15:35:18,N,10220.11,28223.85,6554.21,0.0,2022-02-05 15:35:00
6378584,2022-02-05 15:40:17,N,10240.59,28210.99,6553.97,0.0,2022-02-05 15:40:00
6378586,2022-02-05 15:45:17,N,10261.65,28190.64,6556.83,0.0,2022-02-05 15:45:00
6378590,2022-02-05 15:50:17,N,10188.44,28078.02,6550.0,0.0,2022-02-05 15:50:00
6378592,2022-02-05 15:55:17,N,10155.67,27902.89,6551.88,0.0,2022-02-05 15:55:00
6378594,2022-02-05 16:00:22,N,10188.39,27937.45,6578.11,0.0,2022-02-05 16:00:00
6378602,2022-02-05 16:05:17,N,10214.1,27948.86,6580.3,0.0,2022-02-05 16:05:00
6378604,2022-02-05 16:10:18,N,10227.1,28128.07,6576.27,0.0,2022-02-05 16:10:00
6378606,2022-02-05 16:15:18,N,10238.55,28005.43,6583.27,0.0,2022-02-05 16:15:00
6378610,2022-02-05 16:20:19,N,10240.67,28182.25,6579.28,0.0,2022-02-05 16:20:00
6378612,2022-02-05 16:25:17,N,10263.78,28035.17,6577.19,0.0,2022-02-05 16:25:00
6378614,2022-02-05 16:30:18,N,10246.5,27692.74,6582.29,0.0,2022-02-05 16:30:00
6378618,2022-02-05 16:35:18,N,10165.7,27527.16,6581.26,0.0,2022-02-05 16:35:00
6378620,2022-02-05 16:40:17,N,10136.42,27277.0,6581.2,0.0,2022-02-05 16:40:00
6378622,2022-02-05 16:45:17,N,10054.63,27000.64,6626.09,0.0,2022-02-05 16:45:00
6378626,2022-02-05 16:50:17,N,10100.3,27174.99,6630.12,0.0,2022-02-05 16:50:00
6378628,2022-02-05 16:55:17,N,10093.19,27094.44,6628.21,0.0,2022-02-05 16:55:00
6378630,2022-02-05 17:00:22,N,10292.24,26441.2,6643.85,0.0,2022-02-05 17:00:00
6378638,2022-02-05 17:05:19,N,10238.76,26240.97,6642.83,0.0,2022-02-05 17:05:00
6378640,2022-02-05 17:10:16,N,10130.98,25672.15,6648.04,0.0,2022-02-05 17:10:00
6378642,2022-02-05 17:15:17,N,9992.28,24897.1,6645.91,0.0,2022-02-05 17:15:00
6378646,2022-02-05 17:20:21,N,9803.9,24370.71,6646.12,0.0,2022-02-05 17:20:00
6378648,2022-02-05 17:25:17,N,9496.71,23731.75,6647.93,0.0,2022-02-05 17:25:00
6378650,2022-02-05 17:30:17,N,9309.59,23001.58,6645.82,0.0,2022-02-05 17:30:00
6378654,2022-02-05 17:35:20,N,9321.75,22264.66,6645.98,0.0,2022-02-05 17:35:00
6378656,2022-02-05 17:40:17,N,9313.65,21618.72,6647.73,0.0,2022-02-05 17:40:00
6378658,2022-02-05 17:45:16,N,9229.08,20797.54,6647.63,0.0,2022-02-05 17:45:00
6378662,2022-02-05 17:50:16,N,9193.97,20261.83,6647.76,0.0,2022-02-05 17:50:00
6378664,2022-02-05 17:55:17,N,9159.46,19891.02,6647.8,0.0,2022-02-05 17:55:00
6378666,2022-02-05 18:00:22,N,8950.44,19435.42,6423.06,0.0,2022-02-05 18:00:00
6378674,2022-02-05 18:05:17,N,8863.97,19215.3,6423.17,0.0,2022-02-05 18:05:00
6378676,2022-02-05 18:10:17,N,8786.79,18681.59,6423.16,0.0,2022-02-05 18:10:00
6378678,2022-02-05 18:15:17,N,8440.79,18100.09,6423.21,0.0,2022-02-05 18:15:00
6378682,2022-02-05 18:20:18,N,8290.47,18023.18,6423.21,0.0,2022-02-05 18:20:00
6378684,2022-02-05 18:25:17,N,8145.03,17689.12,6423.0,0.0,2022-02-05 18:25:00
6378686,2022-02-05 18:30:18,N,7908.0,17652.77,6423.13,0.0,2022-02-05 18:30:00
6378690,2022-02-05 18:35:19,N,8036.96,17845.36,6422.9,0.0,2022-02-05 18:35:00
6378692,2022-02-05 18:40:17,N,8117.46,18126.93,6422.73,0.0,2022-02-05 18:40:00
6378694,2022-02-05 18:45:18,N,8105.87,18389.21,6422.9,0.0,2022-02-05 18:45:00
6378698,2022-02-05 18:50:16,N,7923.9,18466.03,6422.96,0.0,2022-02-05 18:50:00
6378700,2022-02-05 18:55:17,N,7946.13,18695.63,6422.95,0.0,2022-02-05 18:55:00
6378702,2022-02-05 19:00:22,N,8102.53,19280.02,6197.02,0.0,2022-02-05 19:00:00
6378710,2022-02-05 19:05:18,N,8103.89,19474.38,6200.01,0.0,2022-02-05 19:05:00
6378712,2022-02-05 19:10:17,N,8071.39,19595.51,6199.03,0.0,2022-02-05 19:10:00
6378714,2022-02-05 19:15:17,N,8118.23,19946.58,6204.13,0.0,2022-02-05 19:15:00
6378718,2022-02-05 19:20:17,N,8098.0,20257.44,6202.0,0.0,2022-02-05 19:20:00
6378720,2022-02-05 19:25:10,N,8122.96,20472.26,6204.16,0.0,2022-02-05 19:25:00
6378722,2022-02-05 19:30:09,N,8328.08,20543.69,6203.18,0.0,2022-02-05 19:30:00
6378726,2022-02-05 19:35:10,N,8341.65,20674.63,6200.04,0.0,2022-02-05 19:35:00
6378728,2022-02-05 19:40:09,N,8451.19,20867.06,6200.0,0.0,2022-02-05 19:40:00
6378730,2022-02-05 19:45:19,N,8599.71,20898.97,6200.95,0.0,2022-02-05 19:45:00
6378734,2022-02-05 19:50:18,N,8538.87,20903.84,6199.83,0.0,2022-02-05 19:50:00
6378736,2022-02-05 19:55:17,N,8554.49,20873.62,6199.92,0.0,2022-02-05 19:55:00
6378738,2022-02-05 20:00:24,N,8521.74,21062.19,6258.77,0.0,2022-02-05 20:00:00
6378746,2022-02-05 20:05:19,N,8519.15,21127.73,6258.94,0.0,2022-02-05 20:05:00
6378748,2022-02-05 20:10:17,N,8576.91,20950.72,6316.48,0.0,2022-02-05 20:10:00
6378750,2022-02-05 20:15:21,N,8569.68,21139.05,6314.55,0.0,2022-02-05 20:15:00
6378754,2022-02-05 20:20:17,N,8606.27,21125.48,6314.57,0.0,2022-02-05 20:20:00
6378756,2022-02-05 20:25:18,N,8624.98,21169.68,6314.46,0.0,2022-02-05 20:25:00
6378758,2022-02-05 20:30:18,N,8548.79,20731.23,6172.45,0.0,2022-02-05 20:30:00
6378762,2022-02-05 20:35:19,N,8598.31,20793.23,6173.57,0.0,2022-02-05 20:35:00
6378764,2022-02-05 20:40:19,N,8466.2,20990.17,6173.37,0.0,2022-02-05 20:40:00
6378766,2022-02-05 20:45:18,N,8511.62,20833.48,6173.21,0.0,2022-02-05 20:45:00
6378770,2022-02-05 20:50:19,N,8411.75,20910.24,6173.24,0.0,2022-02-05 20:50:00
6378772,2022-02-05 20:55:18,N,8320.33,20735.37,6173.38,0.0,2022-02-05 20:55:00
6378774,2022-02-05 21:00:25,N,7962.34,20213.14,6289.83,0.0,2022-02-05 21:00:00
6378782,2022-02-05 21:05:21,N,8026.95,19820.35,6290.87,0.0,2022-02-05 21:05:00
6378784,2022-02-05 21:10:18,N,7981.28,19704.28,6337.09,0.0,2022-02-05 21:10:00
6378786,2022-02-05 21:15:19,N,7976.8,19682.77,6337.14,0.0,2022-02-05 21:15:00
6378790,2022-02-05 21:20:18,N,7997.2,19657.1,6412.14,0.0,2022-02-05 21:20:00
6378792,2022-02-05 21:25:18,N,7857.52,19622.46,6411.01,0.0,2022-02-05 21:25:00
6378794,2022-02-05 21:30:19,N,7912.32,19820.5,6412.04,0.0,2022-02-05 21:30:00
6378798,2022-02-05 21:35:20,N,7914.76,19896.68,6368.1,0.0,2022-02-05 21:35:00
6378800,2022-02-05 21:40:18,N,7903.31,19721.48,6368.91,0.0,2022-02-05 21:40:00
6378802,2022-02-05 21:45:18,N,7881.12,19621.68,6322.86,0.0,2022-02-05 21:45:00
6378806,2022-02-05 21:50:17,N,7869.47,19709.49,6322.84,0.0,2022-02-05 21:50:00
6378808,2022-02-05 21:55:19,N,7865.4,19702.09,6322.37,0.0,2022-02-05 21:55:00
6378810,2022-02-05 22:00:25,N,7664.92,19257.2,6365.89,0.0,2022-02-05 22:00:00
6378818,2022-02-05 22:05:19,N,7657.89,19450.43,6366.02,0.0,2022-02-05 22:05:00
6378820,2022-02-05 22:10:18,N,7700.94,19513.0,6417.96,0.0,2022-02-05 22:10:00
6378822,2022-02-05 22:15:21,N,7711.28,19435.1,6417.86,0.0,2022-02-05 22:15:00
6378826,2022-02-05 22:20:18,N,7781.55,19591.49,6417.9,0.0,2022-02-05 22:20:00
6378828,2022-02-05 22:25:19,N,7774.43,19401.7,6419.06,0.0,2022-02-05 22:25:00
6378830,2022-02-05 22:30:18,N,7853.3,19493.9,6419.13,0.0,2022-02-05 22:30:00
6378834,2022-02-05 22:35:18,N,7872.68,19598.38,6419.12,0.0,2022-02-05 22:35:00
6378836,2022-02-05 22:40:17,N,7917.85,19703.21,6418.8,0.0,2022-02-05 22:40:00
6378838,2022-02-05 22:45:17,N,7891.15,19394.55,6417.75,0.0,2022-02-05 22:45:00
6378842,2022-02-05 22:50:18,N,7970.18,19432.07,6418.72,0.0,2022-02-05 22:50:00
6378844,2022-02-05 22:55:18,N,7982.91,19605.43,6419.01,0.0,2022-02-05 22:55:00
6378846,2022-02-05 23:00:24,N,7849.01,19531.17,6417.44,0.0,2022-02-05 23:00:00
6378854,2022-02-05 23:05:19,N,7972.66,19729.09,6417.48,0.0,2022-02-05 23:05:00
6378856,2022-02-05 23:10:17,N,8005.84,19771.91,6417.64,0.0,2022-02-05 23:10:00
6378858,2022-02-05 23:15:18,N,8042.51,19545.17,6417.73,0.0,2022-02-05 23:15:00
6378862,2022-02-05 23:20:18,N,8048.6,19360.66,6417.76,0.0,2022-02-05 23:20:00
6378864,2022-02-05 23:25:18,N,8001.02,19519.58,6417.76,0.0,2022-02-05 23:25:00
6378866,2022-02-05 23:30:18,N,7988.9,19699.48,6417.63,0.0,2022-02-05 23:30:00
6378870,2022-02-05 23:35:19,N,7980.94,19654.69,6417.63,0.0,2022-02-05 23:35:00
6378872,2022-02-05 23:40:17,N,7977.7,19405.76,6417.52,0.0,2022-02-05 23:40:00
6378874,2022-02-05 23:45:18,N,7896.04,19373.45,6417.49,0.0,2022-02-05 23:45:00
6378878,2022-02-05 23:50:18,N,7842.17,19381.2,6417.59,0.0,2022-02-05 23:50:00
6378880,2022-02-05 23:55:21,N,7770.26,19004.68,6417.56,0.0,2022-02-05 23:55:00
6378882,2022-02-06 00:00:26,N,7832.01,19199.94,6491.06,0.0,2022-02-06 00:00:00
6378890,2022-02-06 00:05:22,N,7808.74,18809.95,6482.17,0.0,2022-02-06 00:05:00
6378892,2022-02-06 00:10:18,N,7971.08,18996.36,6482.49,0.0,2022-02-06 00:10:00
6378894,2022-02-06 00:15:19,N,7932.41,18751.54,6483.39,0.0,2022-02-06 00:15:00
6378898,2022-02-06 00:20:20,N,8084.05,18649.73,6483.42,0.0,2022-02-06 00:20:00
6378900,2022-02-06 00:25:18,N,8013.22,18509.17,6483.42,0.0,2022-02-06 00:25:00
6378902,2022-02-06 00:30:18,N,7941.98,18310.43,6483.4,0.0,2022-02-06 00:30:00
6378906,2022-02-06 00:35:22,N,7927.26,18392.66,6483.33,0.0,2022-02-06 00:35:00
6378908,2022-02-06 00:40:21,N,7935.16,18511.17,6483.21,0.0,2022-02-06 00:40:00
6378910,2022-02-06 00:45:19,N,7879.05,18484.19,6483.15,0.0,2022-02-06 00:45:00
6378914,2022-02-06 00:50:19,N,7715.1,18242.65,6483.27,0.0,2022-02-06 00:50:00
6378916,2022-02-06 00:55:19,N,7730.95,18377.15,6483.31,0.0,2022-02-06 00:55:00
6378918,2022-02-06 01:00:24,N,7719.38,18405.44,6484.27,0.0,2022-02-06 01:00:00
6378927,2022-02-06 01:05:23,N,7646.3,18432.42,6482.74,0.0,2022-02-06 01:05:00
6378929,2022-02-06 01:10:18,N,7653.38,18540.02,6484.41,0.0,2022-02-06 01:10:00
6378931,2022-02-06 01:15:19,N,7675.43,18274.46,6576.35,0.0,2022-02-06 01:15:00
6378935,2022-02-06 01:20:21,N,7704.49,18198.08,6576.51,0.0,2022-02-06 01:20:00
6378937,2022-02-06 01:25:18,N,7625.18,17981.64,6576.52,0.0,2022-02-06 01:25:00
6378939,2022-02-06 01:30:18,N,7617.65,17880.17,6576.52,0.0,2022-02-06 01:30:00
6378943,2022-02-06 01:35:21,N,7565.92,17969.54,6578.41,0.0,2022-02-06 01:35:00
6378945,2022-02-06 01:40:17,N,7596.6,17915.12,6578.13,0.0,2022-02-06 01:40:00
6378947,2022-02-06 01:45:18,N,7664.4,18395.3,6579.13,0.0,2022-02-06 01:45:00
6378951,2022-02-06 01:50:20,N,7610.64,18142.0,6487.21,0.0,2022-02-06 01:50:00
6378953,2022-02-06 01:55:18,N,7616.23,17895.47,6487.21,0.0,2022-02-06 01:55:00
6378955,2022-02-06 02:00:23,N,7574.1,17782.31,6488.92,0.0,2022-02-06 02:00:00
6378963,2022-02-06 02:05:22,N,7439.26,17713.32,6488.2,0.0,2022-02-06 02:05:00
6378965,2022-02-06 02:10:18,N,7324.47,17406.67,6488.29,0.0,2022-02-06 02:10:00
6378967,2022-02-06 02:15:19,N,7218.36,17338.13,6488.18,0.0,2022-02-06 02:15:00
6378971,2022-02-06 02:20:22,N,7189.71,17508.55,6485.19,0.0,2022-02-06 02:20:00
6378973,2022-02-06 02:25:18,N,7170.05,17497.33,6485.53,0.0,2022-02-06 02:25:00
6378975,2022-02-06 02:30:18,N,7095.48,17297.17,6486.98,0.0,2022-02-06 02:30:00
6378979,2022-02-06 02:35:21,N,7102.53,17146.97,6489.15,0.0,2022-02-06 02:35:00
6378981,2022-02-06 02:40:19,N,7101.73,17099.33,6488.3,0.0,2022-02-06 02:40:00
6378983,2022-02-06 02:45:19,N,7056.94,16935.97,6486.52,0.0,2022-02-06 02:45:00
6378987,2022-02-06 02:50:21,N,7084.47,16954.93,6486.14,0.0,2022-02-06 02:50:00
6378989,2022-02-06 02:55:20,N,7052.44,16893.61,6487.95,0.0,2022-02-06 02:55:00
6378991,2022-02-06 03:00:24,N,7090.59,16678.78,6462.33,0.0,2022-02-06 03:00:00
6378999,2022-02-06 03:05:18,N,7069.0,16360.01,6463.13,0.0,2022-02-06 03:05:00
6379001,2022-02-06 03:10:18,N,6900.84,16140.99,6353.29,0.0,2022-02-06 03:10:00
6379003,2022-02-06 03:15:20,N,6776.98,15881.55,6351.77,0.0,2022-02-06 03:15:00
6379007,2022-02-06 03:20:18,N,6698.02,15768.15,6352.63,0.0,2022-02-06 03:20:00
6379009,2022-02-06 03:25:17,N,6567.83,15626.25,6353.42,0.0,2022-02-06 03:25:00
6379011,2022-02-06 03:30:18,N,6529.53,15668.64,6352.26,0.0,2022-02-06 03:30:00
6379015,2022-02-06 03:35:18,N,6448.85,15242.08,6352.62,0.0,2022-02-06 03:35:00
6379017,2022-02-06 03:40:19,N,6400.89,15052.62,6352.83,0.0,2022-02-06 03:40:00
6379019,2022-02-06 03:45:20,N,6373.27,15286.53,6353.25,0.0,2022-02-06 03:45:00
6379023,2022-02-06 03:50:21,N,6319.42,15423.69,6352.52,0.0,2022-02-06 03:50:00
6379025,2022-02-06 03:55:20,N,6235.9,15226.29,6352.41,0.0,2022-02-06 03:55:00
6379027,2022-02-06 04:00:24,N,6418.08,15359.4,6333.34,0.0,2022-02-06 04:00:00
6379035,2022-02-06 04:05:19,N,6578.85,15176.22,6333.49,0.0,2022-02-06 04:05:00
6379037,2022-02-06 04:10:19,N,6496.9,14660.94,6334.5,0.0,2022-02-06 04:10:00
6379039,2022-02-06 04:15:17,N,6330.28,14495.31,6333.19,0.0,2022-02-06 04:15:00
6379043,2022-02-06 04:20:18,N,6289.87,14434.85,6334.43,0.0,2022-02-06 04:20:00
6379045,2022-02-06 04:25:17,N,6398.84,14757.41,6333.51,0.0,2022-02-06 04:25:00
6379047,2022-02-06 04:30:20,N,6334.73,14589.46,6333.74,0.0,2022-02-06 04:30:00
6379051,2022-02-06 04:35:20,N,6278.43,14472.22,6331.98,0.0,2022-02-06 04:35:00
6379053,2022-02-06 04:40:17,N,6163.61,14333.31,6333.42,0.0,2022-02-06 04:40:00
6379055,2022-02-06 04:45:19,N,6201.55,14264.41,6333.45,0.0,2022-02-06 04:45:00
6379059,2022-02-06 04:50:18,N,6159.22,14033.74,6220.45,0.0,2022-02-06 04:50:00
6379061,2022-02-06 04:55:19,N,6032.27,13780.32,6221.77,0.0,2022-02-06 04:55:00
6379063,2022-02-06 05:00:23,N,6162.98,13883.97,6156.1,0.0,2022-02-06 05:00:00
6379071,2022-02-06 05:05:18,N,6018.92,13875.69,6155.41,0.0,2022-02-06 05:05:00
6379073,2022-02-06 05:10:17,N,6023.39,13648.7,6247.81,0.0,2022-02-06 05:10:00
6379075,2022-02-06 05:15:17,N,5885.59,13620.78,6248.13,0.0,2022-02-06 05:15:00
6379079,2022-02-06 05:20:21,N,5787.89,13650.57,6246.74,0.0,2022-02-06 05:20:00
6379082,2022-02-06 05:25:17,N,5796.78,13584.0,6247.47,0.0,2022-02-06 05:25:00
6379084,2022-02-06 05:30:18,N,5712.8,13540.95,6248.87,0.0,2022-02-06 05:30:00
6379088,2022-02-06 05:35:21,N,5690.09,13590.31,6247.76,0.0,2022-02-06 05:35:00
6379090,2022-02-06 05:40:19,N,5623.61,13202.88,6246.99,0.0,2022-02-06 05:40:00
6379092,2022-02-06 05:45:18,N,5557.14,12829.53,6248.46,0.0,2022-02-06 05:45:00
6379096,2022-02-06 05:50:19,N,5537.43,12665.23,6155.87,0.0,2022-02-06 05:50:00
6379098,2022-02-06 05:55:17,N,5478.89,12877.47,6102.15,0.0,2022-02-06 05:55:00
6379100,2022-02-06 06:00:23,N,5768.49,13454.92,6230.51,0.0,2022-02-06 06:00:00
6379108,2022-02-06 06:05:21,N,5795.98,13342.03,6226.82,0.0,2022-02-06 06:05:00
6379110,2022-02-06 06:10:19,N,5751.32,12976.4,6253.07,0.0,2022-02-06 06:10:00
6379112,2022-02-06 06:15:18,N,5599.05,12748.51,6275.43,0.0,2022-02-06 06:15:00
6379116,2022-02-06 06:20:20,N,5680.1,12848.24,6283.7,0.0,2022-02-06 06:20:00
6379118,2022-02-06 06:25:17,N,5577.4,12661.63,6284.89,0.0,2022-02-06 06:25:00
6379120,2022-02-06 06:30:18,N,5495.0,12601.01,6283.25,0.0,2022-02-06 06:30:00
6379124,2022-02-06 06:35:20,N,5380.53,12137.57,6284.22,0.0,2022-02-06 06:35:00
6379126,2022-02-06 06:40:19,N,5242.43,11731.19,6284.0,0.0,2022-02-06 06:40:00
6379128,2022-02-06 06:45:19,N,5071.08,11726.57,6283.43,0.0,2022-02-06 06:45:00
6379132,2022-02-06 06:50:20,N,5117.2,11794.99,6284.15,0.0,2022-02-06 06:50:00
6379134,2022-02-06 06:55:18,N,5084.4,11765.58,6195.2,0.0,2022-02-06 06:55:00
6379136,2022-02-06 07:00:25,N,5034.87,11778.42,6203.22,0.0,2022-02-06 07:00:00
6379144,2022-02-06 07:05:22,N,5082.51,11639.76,6203.08,0.0,2022-02-06 07:05:00
6379146,2022-02-06 07:10:19,N,4922.56,11516.7,6202.85,0.0,2022-02-06 07:10:00
6379148,2022-02-06 07:15:18,N,4855.52,11368.79,6203.23,0.0,2022-02-06 07:15:00
6379152,2022-02-06 07:20:19,N,4759.52,11163.57,6202.84,0.0,2022-02-06 07:20:00
6379154,2022-02-06 07:25:20,N,4715.66,11302.45,6202.17,0.0,2022-02-06 07:25:00
6379156,2022-02-06 07:30:17,N,4775.13,11395.85,6202.3,0.0,2022-02-06 07:30:00
6379160,2022-02-06 07:35:19,N,4722.72,11024.37,6202.34,0.0,2022-02-06 07:35:00
6379162,2022-02-06 07:40:18,N,4565.65,10894.7,6201.13,0.0,2022-02-06 07:40:00
6379164,2022-02-06 07:45:19,N,4500.22,10942.64,6202.17,0.0,2022-02-06 07:45:00
6379168,2022-02-06 07:50:17,N,4531.5,10922.66,6202.38,0.0,2022-02-06 07:50:00
6379170,2022-02-06 07:55:17,N,4544.9,11026.92,6201.44,0.0,2022-02-06 07:55:00
6379172,2022-02-06 08:00:21,N,4661.32,11176.01,6192.03,0.0,2022-02-06 08:00:00
6379180,2022-02-06 08:05:19,N,4813.03,11472.66,6372.94,0.0,2022-02-06 08:05:00
6379182,2022-02-06 08:10:18,N,5115.1,11871.09,6385.74,0.0,2022-02-06 08:10:00
6379184,2022-02-06 08:15:19,N,5188.6,11896.17,6383.23,0.0,2022-02-06 08:15:00
6379188,2022-02-06 08:20:20,N,5205.93,12000.28,6385.56,0.0,2022-02-06 08:20:00
6379190,2022-02-06 08:25:18,N,5430.4,12598.5,6385.66,0.0,2022-02-06 08:25:00
6379192,2022-02-06 08:30:16,N,5766.11,13237.83,6385.64,0.0,2022-02-06 08:30:00
6379196,2022-02-06 08:35:22,N,5891.39,13792.09,6383.34,0.0,2022-02-06 08:35:00
6379198,2022-02-06 08:40:18,N,6124.34,14378.87,6383.38,0.0,2022-02-06 08:40:00
6379200,2022-02-06 08:45:17,N,6467.55,15129.33,6381.04,0.0,2022-02-06 08:45:00
6379204,2022-02-06 08:50:19,N,6658.76,15508.23,6376.22,0.0,2022-02-06 08:50:00
6379206,2022-02-06 08:55:17,N,6708.66,15598.5,6380.64,0.0,2022-02-06 08:55:00
6379208,2022-02-06 09:00:24,N,6804.47,15851.86,6212.88,0.0,2022-02-06 09:00:00
6379216,2022-02-06 09:05:20,N,6878.78,15913.56,6219.04,0.0,2022-02-06 09:05:00
6379218,2022-02-06 09:10:18,N,6739.97,15877.18,6224.28,0.0,2022-02-06 09:10:00
6379220,2022-02-06 09:15:19,N,6784.09,16139.51,6285.51,0.0,2022-02-06 09:15:00
6379224,2022-02-06 09:20:20,N,6783.83,16069.43,6286.57,0.0,2022-02-06 09:20:00
6379226,2022-02-06 09:25:19,N,6831.05,16261.45,6286.58,0.0,2022-02-06 09:25:00
6379228,2022-02-06 09:30:17,N,6849.75,16293.53,6283.67,0.0,2022-02-06 09:30:00
6379232,2022-02-06 09:35:19,N,6996.18,16183.8,6283.72,0.0,2022-02-06 09:35:00
6379234,2022-02-06 09:40:18,N,6786.19,16203.06,6282.72,0.0,2022-02-06 09:40:00
6379236,2022-02-06 09:45:18,N,6975.27,16737.16,6282.7,0.0,2022-02-06 09:45:00
6379240,2022-02-06 09:50:20,N,7092.04,16897.58,6282.76,0.0,2022-02-06 09:50:00
6379242,2022-02-06 09:55:17,N,7308.91,17237.68,6282.8,0.0,2022-02-06 09:55:00
6379244,2022-02-06 10:00:27,N,7192.5,16525.26,6494.41,0.0,2022-02-06 10:00:00
6379255,2022-02-06 10:05:20,N,7285.65,16869.83,6491.63,0.0,2022-02-06 10:05:00
6379257,2022-02-06 10:10:21,N,7131.6,16819.34,6491.74,0.0,2022-02-06 10:10:00
6379259,2022-02-06 10:15:17,N,7151.92,16748.61,6488.72,0.0,2022-02-06 10:15:00
6379263,2022-02-06 10:20:23,N,7191.02,16765.8,6488.75,0.0,2022-02-06 10:20:00
6379265,2022-02-06 10:25:17,N,7322.66,17180.39,6700.96,0.0,2022-02-06 10:25:00
6379267,2022-02-06 10:30:17,N,7359.25,17327.88,6700.94,0.0,2022-02-06 10:30:00
6379271,2022-02-06 10:35:18,N,7439.81,17530.65,6697.92,0.0,2022-02-06 10:35:00
6379273,2022-02-06 10:40:18,N,7493.01,17738.05,6696.02,0.0,2022-02-06 10:40:00
6379275,2022-02-06 10:45:16,N,7578.29,18123.47,6695.13,0.0,2022-02-06 10:45:00
6379279,2022-02-06 10:50:17,N,7724.43,18415.11,6694.04,0.0,2022-02-06 10:50:00
6379281,2022-02-06 10:55:18,N,7936.6,18626.06,6693.92,0.0,2022-02-06 10:55:00
6379283,2022-02-06 11:00:23,N,7677.67,18027.18,6718.18,0.0,2022-02-06 11:00:00
6379291,2022-02-06 11:05:17,N,7766.75,18280.36,6718.02,0.0,2022-02-06 11:05:00
6379293,2022-02-06 11:10:18,N,7766.28,18405.12,6718.36,0.0,2022-02-06 11:10:00
6379295,2022-02-06 11:15:18,N,7775.26,18479.89,6717.48,0.0,2022-02-06 11:15:00
6379299,2022-02-06 11:20:20,N,7760.51,18245.62,6718.26,0.0,2022-02-06 11:20:00
6379301,2022-02-06 11:25:17,N,7978.29,18995.51,6718.35,0.0,2022-02-06 11:25:00
6379303,2022-02-06 11:30:17,N,8189.78,19338.48,6718.28,0.0,2022-02-06 11:30:00
6379307,2022-02-06 11:35:17,N,8294.67,19112.74,6717.26,0.0,2022-02-06 11:35:00
6379309,2022-02-06 11:40:18,N,8321.62,19320.2,6718.48,0.0,2022-02-06 11:40:00
6379311,2022-02-06 11:45:18,N,8314.77,19527.9,6695.19,0.0,2022-02-06 11:45:00
6379315,2022-02-06 11:50:18,N,8249.89,19674.66,6694.86,0.0,2022-02-06 11:50:00
6379317,2022-02-06 11:55:18,N,8265.82,19935.3,6694.12,0.0,2022-02-06 11:55:00
6379319,2022-02-06 12:00:23,N,7847.35,18461.86,6710.43,0.0,2022-02-06 12:00:00
6379327,2022-02-06 12:05:18,N,7802.27,18880.62,6709.54,0.0,2022-02-06 12:05:00
6379329,2022-02-06 12:10:18,N,7794.89,18020.33,6698.32,0.0,2022-02-06 12:10:00
6379331,2022-02-06 12:15:18,N,7879.38,18384.09,6699.16,0.0,2022-02-06 12:15:00
6379335,2022-02-06 12:20:19,N,7816.17,18709.9,6699.31,0.0,2022-02-06 12:20:00
6379337,2022-02-06 12:25:17,N,7707.62,18250.61,6655.84,0.0,2022-02-06 12:25:00
6379339,2022-02-06 12:30:18,N,7495.41,18049.97,6659.94,0.0,2022-02-06 12:30:00
6379343,2022-02-06 12:35:17,N,7565.7,18251.78,6655.88,0.0,2022-02-06 12:35:00
6379345,2022-02-06 12:40:17,N,7654.5,18346.5,6660.84,0.0,2022-02-06 12:40:00
6379347,2022-02-06 12:45:18,N,7691.62,18662.46,6659.87,0.0,2022-02-06 12:45:00
6379351,2022-02-06 12:50:18,N,7712.28,18920.91,6660.83,0.0,2022-02-06 12:50:00
6379353,2022-02-06 12:55:18,N,7566.16,18954.44,6659.98,0.0,2022-02-06 12:55:00
6379355,2022-02-06 13:00:21,N,7523.38,18904.72,6650.31,0.0,2022-02-06 13:00:00
6379363,2022-02-06 13:05:19,N,7489.48,19273.58,6646.37,0.0,2022-02-06 13:05:00
6379365,2022-02-06 13:10:17,N,7634.51,19465.12,6646.64,0.0,2022-02-06 13:10:00
6379367,2022-02-06 13:15:17,N,7760.39,19807.21,6645.72,0.0,2022-02-06 13:15:00
6379371,2022-02-06 13:20:20,N,8023.48,20187.01,6646.6,0.0,2022-02-06 13:20:00
6379373,2022-02-06 13:25:19,N,8185.18,20414.27,6646.7,0.0,2022-02-06 13:25:00
6379375,2022-02-06 13:30:17,N,8364.67,20975.05,6645.41,0.0,2022-02-06 13:30:00
6379379,2022-02-06 13:35:20,N,8319.76,20801.63,6645.56,0.0,2022-02-06 13:35:00
6379381,2022-02-06 13:40:17,N,8447.13,21061.8,6645.44,0.0,2022-02-06 13:40:00
6379383,2022-02-06 13:45:18,N,8418.12,21067.03,6645.57,0.0,2022-02-06 13:45:00
6379387,2022-02-06 13:50:17,N,8469.41,21300.95,6646.38,0.0,2022-02-06 13:50:00
6379389,2022-02-06 13:55:17,N,8517.38,21597.95,6645.68,0.0,2022-02-06 13:55:00
6379391,2022-02-06 14:00:24,N,8545.34,21955.1,6721.81,0.0,2022-02-06 14:00:00
6379399,2022-02-06 14:05:19,N,8456.59,20945.69,6722.83,0.0,2022-02-06 14:05:00
6379401,2022-02-06 14:10:17,N,8448.06,20800.36,6723.13,0.0,2022-02-06 14:10:00
6379403,2022-02-06 14:15:18,N,8451.58,20992.19,6724.22,0.0,2022-02-06 14:15:00
6379407,2022-02-06 14:20:19,N,8458.64,20874.2,6723.13,0.0,2022-02-06 14:20:00
6379409,2022-02-06 14:25:17,N,8431.37,21145.44,6723.2,0.0,2022-02-06 14:25:00
6379411,2022-02-06 14:30:18,N,8451.72,21320.8,6722.12,0.0,2022-02-06 14:30:00
6379418,2022-02-06 14:35:23,N,8523.21,21569.64,6722.21,0.0,2022-02-06 14:35:00
6379420,2022-02-06 14:40:19,N,8512.27,21483.45,6722.96,0.0,2022-02-06 14:40:00
6379422,2022-02-06 14:45:18,N,8482.2,21512.31,6722.97,0.0,2022-02-06 14:45:00
6379426,2022-02-06 14:50:18,N,8526.61,21870.29,6721.89,0.0,2022-02-06 14:50:00
6379428,2022-02-06 14:55:17,N,8487.23,22002.8,6722.06,0.0,2022-02-06 14:55:00
6379430,2022-02-06 15:00:22,N,8744.57,22741.07,6717.17,0.0,2022-02-06 15:00:00
6379438,2022-02-06 15:05:22,N,8842.55,22963.01,6716.09,0.0,2022-02-06 15:05:00
6379440,2022-02-06 15:10:22,N,9004.68,23205.58,6716.57,0.0,2022-02-06 15:10:00
6379442,2022-02-06 15:15:17,N,9006.89,23400.35,6716.48,0.0,2022-02-06 15:15:00
6379446,2022-02-06 15:20:22,N,9010.18,23506.32,6716.56,0.0,2022-02-06 15:20:00
6379448,2022-02-06 15:25:18,N,9001.54,23726.48,6717.39,0.0,2022-02-06 15:25:00
6379450,2022-02-06 15:30:19,N,9085.85,24264.97,6716.5,0.0,2022-02-06 15:30:00
6379454,2022-02-06 15:35:19,N,9052.94,24421.56,6716.53,0.0,2022-02-06 15:35:00
6379456,2022-02-06 15:40:18,N,8995.07,24463.79,6716.22,0.0,2022-02-06 15:40:00
6379458,2022-02-06 15:45:18,N,9034.58,24680.01,6716.4,0.0,2022-02-06 15:45:00
6379462,2022-02-06 15:50:19,N,9024.49,24935.23,6716.38,0.0,2022-02-06 15:50:00
6379464,2022-02-06 15:55:17,N,9061.07,24951.94,6717.41,0.0,2022-02-06 15:55:00
6379466,2022-02-06 16:00:21,N,9228.0,24969.85,6717.82,0.0,2022-02-06 16:00:00
6379474,2022-02-06 16:05:20,N,9257.28,25168.52,6717.61,0.0,2022-02-06 16:05:00
6379476,2022-02-06 16:10:17,N,9309.33,25280.97,6717.02,0.0,2022-02-06 16:10:00
6379478,2022-02-06 16:15:22,N,9285.29,25193.78,6717.99,0.0,2022-02-06 16:15:00
6379482,2022-02-06 16:20:18,N,9275.01,25285.8,6717.91,0.0,2022-02-06 16:20:00
6379484,2022-02-06 16:25:17,N,9277.03,25412.76,6718.11,0.0,2022-02-06 16:25:00
6379486,2022-02-06 16:30:18,N,9261.85,25383.5,6718.14,0.0,2022-02-06 16:30:00
6379490,2022-02-06 16:35:20,N,9237.96,25279.82,6717.02,0.0,2022-02-06 16:35:00
6379492,2022-02-06 16:40:16,N,9188.52,25166.17,6717.82,0.0,2022-02-06 16:40:00
6379494,2022-02-06 16:45:17,N,9181.78,25346.07,6717.8,0.0,2022-02-06 16:45:00
6379498,2022-02-06 16:50:19,N,9248.04,26016.16,6606.01,0.0,2022-02-06 16:50:00
6379500,2022-02-06 16:55:16,N,9533.6,26693.51,6607.18,0.0,2022-02-06 16:55:00
6379502,2022-02-06 17:00:21,N,10159.17,26875.49,6638.03,0.0,2022-02-06 17:00:00
6379510,2022-02-06 17:05:20,N,9809.57,26161.02,6694.62,0.0,2022-02-06 17:05:00
6379512,2022-02-06 17:10:17,N,9698.84,25454.78,6694.92,0.0,2022-02-06 17:10:00
6379514,2022-02-06 17:15:22,N,9618.19,24644.08,6638.28,0.0,2022-02-06 17:15:00
6379518,2022-02-06 17:20:17,N,9535.06,23951.4,6638.48,0.0,2022-02-06 17:20:00
6379520,2022-02-06 17:25:16,N,9227.5,23120.37,6638.53,0.0,2022-02-06 17:25:00
6379522,2022-02-06 17:30:18,N,8958.0,21996.26,6638.33,0.0,2022-02-06 17:30:00
6379526,2022-02-06 17:35:19,N,8819.26,21212.63,6638.44,0.0,2022-02-06 17:35:00
6379528,2022-02-06 17:40:17,N,8776.71,21026.13,6638.29,0.0,2022-02-06 17:40:00
6379530,2022-02-06 17:45:17,N,8720.05,20198.9,6638.32,0.0,2022-02-06 17:45:00
6379534,2022-02-06 17:50:18,N,8633.59,19523.28,6639.51,0.0,2022-02-06 17:50:00
6379536,2022-02-06 17:55:17,N,8590.96,18849.01,6639.41,0.0,2022-02-06 17:55:00
6379538,2022-02-06 18:00:23,N,8436.57,18525.96,6398.63,0.0,2022-02-06 18:00:00
6379546,2022-02-06 18:05:19,N,8193.41,18042.18,6396.44,0.0,2022-02-06 18:05:00
6379548,2022-02-06 18:10:17,N,8083.55,17619.95,6395.91,0.0,2022-02-06 18:10:00
6379550,2022-02-06 18:15:19,N,7936.85,17264.85,6398.78,0.0,2022-02-06 18:15:00
6379554,2022-02-06 18:20:19,N,7813.88,16568.05,6400.95,0.0,2022-02-06 18:20:00
6379556,2022-02-06 18:25:18,N,7549.71,16183.39,6399.89,0.0,2022-02-06 18:25:00
6379558,2022-02-06 18:30:18,N,7327.51,15737.52,6399.78,0.0,2022-02-06 18:30:00
6379562,2022-02-06 18:35:09,N,7102.81,15602.13,6397.85,0.0,2022-02-06 18:35:00
6379564,2022-02-06 18:40:09,N,7112.06,15417.96,6400.56,0.0,2022-02-06 18:40:00
6379566,2022-02-06 18:45:08,N,7183.42,15626.63,6400.68,0.0,2022-02-06 18:45:00
6379570,2022-02-06 18:50:10,N,7124.48,15525.05,6401.65,0.0,2022-02-06 18:50:00
6379572,2022-02-06 18:55:09,N,7050.45,15704.21,6401.79,0.0,2022-02-06 18:55:00
6379574,2022-02-06 19:00:12,N,7123.86,16149.45,6350.55,0.0,2022-02-06 19:00:00
6379582,2022-02-06 19:05:09,N,7128.44,16595.48,6350.6,0.0,2022-02-06 19:05:00
6379584,2022-02-06 19:10:09,N,7283.69,16792.58,6349.86,0.0,2022-02-06 19:10:00
6379586,2022-02-06 19:15:10,N,7102.29,16402.45,6350.95,0.0,2022-02-06 19:15:00
6379590,2022-02-06 19:20:09,N,6958.5,16101.16,6350.9,0.0,2022-02-06 19:20:00
6379592,2022-02-06 19:25:10,N,6952.38,16386.56,6241.97,0.0,2022-02-06 19:25:00
6379594,2022-02-06 19:30:10,N,6989.07,16528.91,6241.9,0.0,2022-02-06 19:30:00
6379598,2022-02-06 19:35:12,N,6981.98,16487.63,6241.97,0.0,2022-02-06 19:35:00
6379600,2022-02-06 19:40:09,N,6956.49,16501.05,6241.84,0.0,2022-02-06 19:40:00
6379602,2022-02-06 19:45:08,N,6990.89,16620.77,6241.8,0.0,2022-02-06 19:45:00
6379606,2022-02-06 19:50:10,N,6913.71,16461.75,6242.0,0.0,2022-02-06 19:50:00
6379608,2022-02-06 19:55:09,N,6897.38,16306.31,6241.82,0.0,2022-02-06 19:55:00
6379610,2022-02-06 20:00:13,N,6908.47,16390.58,6348.05,0.0,2022-02-06 20:00:00
6379618,2022-02-06 20:05:11,N,6947.41,16600.29,6348.03,0.0,2022-02-06 20:05:00
6379620,2022-02-06 20:10:09,N,6881.84,16315.91,6404.86,0.0,2022-02-06 20:10:00
6379622,2022-02-06 20:15:09,N,6831.75,16196.34,6404.98,0.0,2022-02-06 20:15:00
6379626,2022-02-06 20:20:09,N,6981.6,16530.78,6404.96,0.0,2022-02-06 20:20:00
6379628,2022-02-06 20:25:10,N,6966.19,16710.72,6405.02,0.0,2022-02-06 20:25:00
6379630,2022-02-06 20:30:09,N,6890.67,16401.59,6404.81,0.0,2022-02-06 20:30:00
6379634,2022-02-06 20:35:10,N,6879.81,16228.87,6404.95,0.0,2022-02-06 20:35:00
6379636,2022-02-06 20:40:09,N,6886.19,16236.25,6404.67,0.0,2022-02-06 20:40:00
6379638,2022-02-06 20:45:09,N,6907.53,16514.77,6404.77,0.0,2022-02-06 20:45:00
6379642,2022-02-06 20:50:09,N,7057.02,16702.6,6404.75,0.0,2022-02-06 20:50:00
6379644,2022-02-06 20:55:09,N,7008.18,16633.07,6405.03,0.0,2022-02-06 20:55:00
6379646,2022-02-06 21:00:12,N,6973.11,16540.17,6401.98,0.0,2022-02-06 21:00:00
6379654,2022-02-06 21:05:11,N,6882.17,16391.83,6401.94,0.0,2022-02-06 21:05:00
6379656,2022-02-06 21:10:09,N,6845.66,16225.79,6407.32,0.0,2022-02-06 21:10:00
6379658,2022-02-06 21:15:09,N,6819.45,16166.26,6309.22,0.0,2022-02-06 21:15:00
6379662,2022-02-06 21:20:11,N,6808.94,16116.75,6310.44,0.0,2022-02-06 21:20:00
6379664,2022-02-06 21:25:09,N,6856.7,16246.32,6309.36,0.0,2022-02-06 21:25:00
6379666,2022-02-06 21:30:09,N,6833.66,16245.8,6310.54,0.0,2022-02-06 21:30:00
6379670,2022-02-06 21:35:09,N,6820.48,16210.02,6309.51,0.0,2022-02-06 21:35:00
6379672,2022-02-06 21:40:08,N,6826.58,16233.72,6310.26,0.0,2022-02-06 21:40:00
6379674,2022-02-06 21:45:08,N,6916.27,16455.63,6310.36,0.0,2022-02-06 21:45:00
6379678,2022-02-06 21:50:09,N,6995.68,16685.95,6310.4,0.0,2022-02-06 21:50:00
6379680,2022-02-06 21:55:09,N,7049.04,16971.07,6310.43,0.0,2022-02-06 21:55:00
6379682,2022-02-06 22:00:13,N,6971.5,17041.79,6219.73,0.0,2022-02-06 22:00:00
6379690,2022-02-06 22:05:09,N,6932.38,16719.63,6219.59,0.0,2022-02-06 22:05:00
6379692,2022-02-06 22:10:09,N,6881.76,16622.68,6220.04,0.0,2022-02-06 22:10:00
6379694,2022-02-06 22:15:09,N,6885.79,16685.53,6219.94,0.0,2022-02-06 22:15:00
6379698,2022-02-06 22:20:10,N,6871.51,16904.34,6220.1,0.0,2022-02-06 22:20:00
6379700,2022-02-06 22:25:09,N,6896.61,16839.45,6220.12,0.0,2022-02-06 22:25:00
6379702,2022-02-06 22:30:08,N,6887.28,16959.56,6332.07,0.0,2022-02-06 22:30:00
6379706,2022-02-06 22:35:10,N,6970.9,17354.96,6332.26,0.0,2022-02-06 22:35:00
6379708,2022-02-06 22:40:08,N,7090.23,17705.27,6332.07,0.0,2022-02-06 22:40:00
6379710,2022-02-06 22:45:09,N,7204.46,17722.16,6332.09,0.0,2022-02-06 22:45:00
6379714,2022-02-06 22:50:10,N,7191.18,17567.13,6332.23,0.0,2022-02-06 22:50:00
6379716,2022-02-06 22:55:09,N,6985.8,17242.48,6332.14,0.0,2022-02-06 22:55:00
6379718,2022-02-06 23:00:14,N,6860.07,17244.09,6337.03,0.0,2022-02-06 23:00:00
6379726,2022-02-06 23:05:10,N,6942.07,17069.96,6337.92,0.0,2022-02-06 23:05:00
6379728,2022-02-06 23:10:09,N,6955.3,17085.8,6339.26,0.0,2022-02-06 23:10:00
6379730,2022-02-06 23:15:09,N,6992.33,17135.15,6339.33,0.0,2022-02-06 23:15:00
6379734,2022-02-06 23:20:10,N,7061.57,17253.01,6340.29,0.0,2022-02-06 23:20:00
6379736,2022-02-06 23:25:09,N,7014.82,17279.5,6340.34,0.0,2022-02-06 23:25:00
6379738,2022-02-06 23:30:09,N,6989.95,17324.93,6340.48,0.0,2022-02-06 23:30:00
6379742,2022-02-06 23:35:09,N,6994.51,17515.78,6340.24,0.0,2022-02-06 23:35:00
6379744,2022-02-06 23:40:09,N,6989.01,17463.57,6340.28,0.0,2022-02-06 23:40:00
6379746,2022-02-06 23:45:10,N,6968.15,17259.13,6339.29,0.0,2022-02-06 23:45:00
6379750,2022-02-06 23:50:09,N,6951.08,17099.16,6339.16,0.0,2022-02-06 23:50:00
6379752,2022-02-06 23:55:09,N,6775.7,16468.74,6340.16,0.0,2022-02-06 23:55:00
6379754,2022-02-07 00:00:15,N,6909.66,16926.56,6535.49,0.0,2022-02-07 00:00:00
6379762,2022-02-07 00:05:10,N,6828.39,16342.26,6527.18,0.0,2022-02-07 00:05:00
6379764,2022-02-07 00:10:10,N,6483.72,15761.19,6527.58,0.0,2022-02-07 00:10:00
6379766,2022-02-07 00:15:09,N,6375.24,15614.92,6527.45,0.0,2022-02-07 00:15:00
6379770,2022-02-07 00:20:09,N,6276.25,15595.67,6527.68,0.0,2022-02-07 00:20:00
6379772,2022-02-07 00:25:09,N,6282.96,15871.08,6526.51,0.0,2022-02-07 00:25:00
6379774,2022-02-07 00:30:09,N,6357.83,15860.26,6526.54,0.0,2022-02-07 00:30:00
6379778,2022-02-07 00:35:09,N,6400.31,15858.04,6526.51,0.0,2022-02-07 00:35:00
6379780,2022-02-07 00:40:10,N,6400.31,15940.24,6526.22,0.0,2022-02-07 00:40:00
6379782,2022-02-07 00:45:09,N,6368.23,15725.4,6527.32,0.0,2022-02-07 00:45:00
6379786,2022-02-07 00:50:10,N,6275.17,15602.02,6527.31,0.0,2022-02-07 00:50:00
6379788,2022-02-07 00:55:09,N,6166.83,15416.91,6528.37,0.0,2022-02-07 00:55:00
6379790,2022-02-07 01:00:16,N,6211.14,15615.56,6526.35,0.0,2022-02-07 01:00:00
6379799,2022-02-07 01:05:11,N,6182.01,15518.46,6526.23,0.0,2022-02-07 01:05:00
6379801,2022-02-07 01:10:10,N,6254.62,15720.67,6526.63,0.0,2022-02-07 01:10:00
6379803,2022-02-07 01:15:09,N,6325.07,15839.5,6526.56,0.0,2022-02-07 01:15:00
6379807,2022-02-07 01:20:09,N,6384.75,15881.44,6528.43,0.0,2022-02-07 01:20:00
6379809,2022-02-07 01:25:09,N,6408.25,15996.64,6527.6,0.0,2022-02-07 01:25:00
6379811,2022-02-07 01:30:08,N,6504.6,16223.61,6526.54,0.0,2022-02-07 01:30:00
6379815,2022-02-07 01:35:09,N,6539.93,16397.59,6525.5,0.0,2022-02-07 01:35:00
6379817,2022-02-07 01:40:09,N,6548.46,16288.17,6526.42,0.0,2022-02-07 01:40:00
6379819,2022-02-07 01:45:09,N,6531.22,16121.27,6526.34,0.0,2022-02-07 01:45:00
6379823,2022-02-07 01:50:09,N,6522.07,16224.45,6527.45,0.0,2022-02-07 01:50:00
6379825,2022-02-07 01:55:09,N,6543.4,16173.41,6529.45,0.0,2022-02-07 01:55:00
6379827,2022-02-07 02:00:14,N,6498.19,15975.53,6617.28,0.0,2022-02-07 02:00:00
6379835,2022-02-07 02:05:09,N,6369.82,15659.65,6617.35,0.0,2022-02-07 02:05:00
6379837,2022-02-07 02:10:09,N,6243.97,15530.4,6617.73,0.0,2022-02-07 02:10:00
6379839,2022-02-07 02:15:10,N,6252.3,15448.68,6621.61,0.0,2022-02-07 02:15:00
6379843,2022-02-07 02:20:11,N,6179.39,15005.1,6620.71,0.0,2022-02-07 02:20:00
6379845,2022-02-07 02:25:09,N,6268.89,15261.67,6619.55,0.0,2022-02-07 02:25:00
6379847,2022-02-07 02:30:09,N,6235.79,14916.76,6700.73,0.0,2022-02-07 02:30:00
6379851,2022-02-07 02:35:10,N,6247.54,14972.06,6617.67,0.0,2022-02-07 02:35:00
6379853,2022-02-07 02:40:09,N,6278.16,14941.43,6618.48,0.0,2022-02-07 02:40:00
6379855,2022-02-07 02:45:09,N,6280.75,14874.52,6620.54,0.0,2022-02-07 02:45:00
6379859,2022-02-07 02:50:10,N,6255.98,14688.84,6620.69,0.0,2022-02-07 02:50:00
6379861,2022-02-07 02:55:10,N,6256.52,14527.3,6620.51,0.0,2022-02-07 02:55:00
6379863,2022-02-07 03:00:16,N,6372.28,14697.93,6622.48,0.0,2022-02-07 03:00:00
6379871,2022-02-07 03:05:10,N,6308.75,14487.91,6622.5,0.0,2022-02-07 03:05:00
6379873,2022-02-07 03:10:10,N,6223.74,14121.6,6622.8,0.0,2022-02-07 03:10:00
6379875,2022-02-07 03:15:10,N,6039.59,13953.66,6622.96,0.0,2022-02-07 03:15:00
6379879,2022-02-07 03:20:10,N,5866.3,13757.04,6622.95,0.0,2022-02-07 03:20:00
6379881,2022-02-07 03:25:09,N,5791.09,13622.84,6622.91,0.0,2022-02-07 03:25:00
6379883,2022-02-07 03:30:09,N,5703.88,13564.52,6623.03,0.0,2022-02-07 03:30:00
6379887,2022-02-07 03:35:10,N,5651.44,13436.61,6623.01,0.0,2022-02-07 03:35:00
6379889,2022-02-07 03:40:10,N,5537.75,13134.86,6622.79,0.0,2022-02-07 03:40:00
6379891,2022-02-07 03:45:11,N,5465.52,13124.98,6622.89,0.0,2022-02-07 03:45:00
6379895,2022-02-07 03:50:11,N,5417.16,13052.48,6622.93,0.0,2022-02-07 03:50:00
6379897,2022-02-07 03:55:10,N,5389.08,12942.71,6620.84,0.0,2022-02-07 03:55:00
6379899,2022-02-07 04:00:14,N,5392.56,12874.65,6618.55,0.0,2022-02-07 04:00:00
6379907,2022-02-07 04:05:09,N,5273.61,12471.16,6618.54,0.0,2022-02-07 04:05:00
6379909,2022-02-07 04:10:09,N,5165.73,12204.8,6618.78,0.0,2022-02-07 04:10:00
6379911,2022-02-07 04:15:11,N,5038.84,11783.56,6617.87,0.0,2022-02-07 04:15:00
6379915,2022-02-07 04:20:10,N,5012.18,11698.71,6618.89,0.0,2022-02-07 04:20:00
6379917,2022-02-07 04:25:09,N,4891.12,11474.96,6619.83,0.0,2022-02-07 04:25:00
6379919,2022-02-07 04:30:09,N,4854.41,11307.97,6618.9,0.0,2022-02-07 04:30:00
6379923,2022-02-07 04:35:09,N,4842.63,11511.02,6617.89,0.0,2022-02-07 04:35:00
6379925,2022-02-07 04:40:09,N,4832.6,11437.43,6619.69,0.0,2022-02-07 04:40:00
6379927,2022-02-07 04:45:08,N,4727.78,11525.07,6619.79,0.0,2022-02-07 04:45:00
6379931,2022-02-07 04:50:09,N,4977.78,12019.15,6618.66,0.0,2022-02-07 04:50:00
6379933,2022-02-07 04:55:09,N,5371.37,12051.07,6519.83,0.0,2022-02-07 04:55:00
6379935,2022-02-07 05:00:13,N,5317.49,11655.23,6501.87,0.0,2022-02-07 05:00:00
6379943,2022-02-07 05:05:09,N,5200.15,10911.49,6502.0,0.0,2022-02-07 05:05:00
6379945,2022-02-07 05:10:09,N,4840.54,10324.07,6502.01,0.0,2022-02-07 05:10:00
6379947,2022-02-07 05:15:09,N,4583.16,10244.2,6501.97,0.0,2022-02-07 05:15:00
6379951,2022-02-07 05:20:11,N,4537.94,10258.54,6502.02,0.0,2022-02-07 05:20:00
6379954,2022-02-07 05:25:09,N,4396.98,9996.46,6502.01,0.0,2022-02-07 05:25:00
6379956,2022-02-07 05:30:09,N,4278.09,9647.12,6502.01,0.0,2022-02-07 05:30:00
6379960,2022-02-07 05:35:09,N,4087.5,9023.9,6502.01,0.0,2022-02-07 05:35:00
6379962,2022-02-07 05:40:09,N,4128.41,9041.23,6501.85,0.0,2022-02-07 05:40:00
6379964,2022-02-07 05:45:09,N,4089.07,9271.03,6331.51,0.0,2022-02-07 05:45:00
6379968,2022-02-07 05:50:09,N,4219.7,9445.95,6163.36,0.0,2022-02-07 05:50:00
6379970,2022-02-07 05:55:09,N,4495.14,10067.19,5925.12,0.0,2022-02-07 05:55:00
6379972,2022-02-07 06:00:13,N,4516.46,9774.27,5797.93,0.0,2022-02-07 06:00:00
6379980,2022-02-07 06:05:10,N,4500.29,10019.29,5798.93,0.0,2022-02-07 06:05:00
6379982,2022-02-07 06:10:09,N,4474.51,10157.85,5597.06,0.0,2022-02-07 06:10:00
6379984,2022-02-07 06:15:10,N,4443.58,9916.25,5597.15,0.0,2022-02-07 06:15:00
6379988,2022-02-07 06:20:09,N,4325.38,9510.86,5594.7,0.0,2022-02-07 06:20:00
6379990,2022-02-07 06:25:20,N,4131.66,8925.71,5596.52,0.0,2022-02-07 06:25:00
6379992,2022-02-07 06:30:20,N,3954.75,8603.47,5535.56,0.0,2022-02-07 06:30:00
6379996,2022-02-07 06:35:18,N,3842.57,8356.36,5450.75,0.0,2022-02-07 06:35:00
6379998,2022-02-07 06:40:17,N,3724.69,8151.77,5450.95,0.0,2022-02-07 06:40:00
6380000,2022-02-07 06:45:17,N,3685.6,7832.05,5400.58,0.0,2022-02-07 06:45:00
6380004,2022-02-07 06:50:19,N,3552.98,7586.82,5401.03,0.0,2022-02-07 06:50:00
6380006,2022-02-07 06:55:17,N,3717.97,7882.67,5400.38,0.0,2022-02-07 06:55:00
6380008,2022-02-07 07:00:22,N,3705.7,7641.52,5468.39,0.0,2022-02-07 07:00:00
6380016,2022-02-07 07:05:20,N,3558.65,7344.97,5434.23,0.0,2022-02-07 07:05:00
6380018,2022-02-07 07:10:18,N,3485.02,7706.85,5325.78,0.0,2022-02-07 07:10:00
6380020,2022-02-07 07:15:18,N,3498.23,7611.06,5235.67,0.0,2022-02-07 07:15:00
6380024,2022-02-07 07:20:20,N,3588.4,7733.51,5209.6,0.0,2022-02-07 07:20:00
6380026,2022-02-07 07:25:19,N,3560.39,7611.58,5211.0,0.0,2022-02-07 07:25:00
6380028,2022-02-07 07:30:18,N,3577.88,7403.72,5207.35,0.0,2022-02-07 07:30:00
6380032,2022-02-07 07:35:22,N,3595.74,7226.48,5234.63,0.0,2022-02-07 07:35:00
6380034,2022-02-07 07:40:18,N,3756.63,7575.96,5237.64,0.0,2022-02-07 07:40:00
6380036,2022-02-07 07:45:19,N,3731.05,7710.67,5309.93,0.0,2022-02-07 07:45:00
6380040,2022-02-07 07:50:19,N,3821.67,7974.2,5238.98,0.0,2022-02-07 07:50:00
6380042,2022-02-07 07:55:18,N,3850.31,8000.66,5238.9,0.0,2022-02-07 07:55:00
6380044,2022-02-07 08:00:23,N,3846.6,8177.19,5565.38,0.0,2022-02-07 08:00:00
6380052,2022-02-07 08:05:20,N,4121.51,8639.29,5500.01,0.0,2022-02-07 08:05:00
6380054,2022-02-07 08:10:17,N,4296.17,8880.94,5690.53,0.0,2022-02-07 08:10:00
6380056,2022-02-07 08:15:19,N,4254.18,9003.85,5668.89,0.0,2022-02-07 08:15:00
6380060,2022-02-07 08:20:20,N,4282.62,9245.8,5756.96,0.0,2022-02-07 08:20:00
6380062,2022-02-07 08:25:17,N,4291.96,9795.69,5948.92,0.0,2022-02-07 08:25:00
6380064,2022-02-07 08:30:18,N,4629.69,10534.88,5997.24,0.0,2022-02-07 08:30:00
6380068,2022-02-07 08:35:17,N,4923.62,11289.56,6052.7,0.0,2022-02-07 08:35:00
6380070,2022-02-07 08:40:19,N,5064.26,11502.52,5973.35,0.0,2022-02-07 08:40:00
6380072,2022-02-07 08:45:17,N,5013.67,11849.26,5973.32,0.0,2022-02-07 08:45:00
6380076,2022-02-07 08:50:19,N,5016.24,12129.44,6065.41,0.0,2022-02-07 08:50:00
6380078,2022-02-07 08:55:17,N,5294.67,12500.75,6018.3,0.0,2022-02-07 08:55:00
6380080,2022-02-07 09:00:23,N,5417.66,12530.69,6173.77,0.0,2022-02-07 09:00:00
6380088,2022-02-07 09:05:19,N,5392.46,12448.0,6398.66,0.0,2022-02-07 09:05:00
6380090,2022-02-07 09:10:17,N,5289.34,12484.38,6397.87,0.0,2022-02-07 09:10:00
6380092,2022-02-07 09:15:18,N,5426.49,12840.72,6396.92,0.0,2022-02-07 09:15:00
6380096,2022-02-07 09:20:17,N,5561.61,13151.06,6304.9,0.0,2022-02-07 09:20:00
6380098,2022-02-07 09:25:17,N,5771.18,13143.82,6378.69,0.0,2022-02-07 09:25:00
6380100,2022-02-07 09:30:17,N,5864.91,13404.53,6304.68,0.0,2022-02-07 09:30:00
6380104,2022-02-07 09:35:20,N,6141.35,13705.2,6302.63,0.0,2022-02-07 09:35:00
6380106,2022-02-07 09:40:19,N,6259.14,13460.64,6487.62,0.0,2022-02-07 09:40:00
6380108,2022-02-07 09:45:17,N,6247.74,13384.3,6512.47,0.0,2022-02-07 09:45:00
6380112,2022-02-07 09:50:19,N,6146.15,13289.73,6511.29,0.0,2022-02-07 09:50:00
6380114,2022-02-07 09:55:18,N,6135.7,13677.14,6509.34,0.0,2022-02-07 09:55:00
6380116,2022-02-07 10:00:23,N,6146.16,12736.33,7064.42,0.0,2022-02-07 10:00:00
6380126,2022-02-07 10:05:18,N,5986.34,12524.39,7062.29,0.0,2022-02-07 10:05:00
6380130,2022-02-07 10:10:18,N,5963.81,12764.17,7062.46,0.0,2022-02-07 10:10:00
6380132,2022-02-07 10:15:20,N,6022.6,13094.13,7112.32,0.0,2022-02-07 10:15:00
6380136,2022-02-07 10:20:20,N,6124.39,12750.04,7112.39,0.0,2022-02-07 10:20:00
6380138,2022-02-07 10:25:17,N,6170.38,13173.34,7112.39,0.0,2022-02-07 10:25:00
6380140,2022-02-07 10:30:18,N,6190.87,13139.48,7111.46,0.0,2022-02-07 10:30:00
6380144,2022-02-07 10:35:16,N,6229.13,13497.64,7060.39,0.0,2022-02-07 10:35:00
6380146,2022-02-07 10:40:17,N,6405.44,13860.63,7059.27,0.0,2022-02-07 10:40:00
6380148,2022-02-07 10:45:17,N,6535.92,13891.41,7060.29,0.0,2022-02-07 10:45:00
6380152,2022-02-07 10:50:19,N,6442.99,14013.67,7056.26,0.0,2022-02-07 10:50:00
6380154,2022-02-07 10:55:18,N,6390.4,13891.8,7055.41,0.0,2022-02-07 10:55:00
6380156,2022-02-07 11:00:24,N,6283.64,13829.57,6973.88,0.0,2022-02-07 11:00:00
6380164,2022-02-07 11:05:19,N,6279.53,13276.46,6971.31,0.0,2022-02-07 11:05:00
6380166,2022-02-07 11:10:18,N,6197.9,13656.73,6971.48,0.0,2022-02-07 11:10:00
6380168,2022-02-07 11:15:17,N,6402.82,14547.83,6971.29,0.0,2022-02-07 11:15:00
6380172,2022-02-07 11:20:19,N,6485.2,14891.83,6971.36,0.0,2022-02-07 11:20:00
6380174,2022-02-07 11:25:17,N,6639.43,14936.28,6979.96,0.0,2022-02-07 11:25:00
6380176,2022-02-07 11:30:17,N,6669.12,15174.98,6979.94,0.0,2022-02-07 11:30:00
6380180,2022-02-07 11:35:20,N,6748.55,15273.48,6979.91,0.0,2022-02-07 11:35:00
6380182,2022-02-07 11:40:17,N,6799.11,15486.17,6979.76,0.0,2022-02-07 11:40:00
6380184,2022-02-07 11:45:18,N,6999.85,16076.62,6979.7,0.0,2022-02-07 11:45:00
6380188,2022-02-07 11:50:18,N,7154.65,16570.52,6979.67,0.0,2022-02-07 11:50:00
6380190,2022-02-07 11:55:19,N,7094.7,16126.33,6979.84,0.0,2022-02-07 11:55:00
6380192,2022-02-07 12:00:24,N,6992.63,16028.82,6964.81,0.0,2022-02-07 12:00:00
6380200,2022-02-07 12:05:18,N,6968.34,15992.12,6964.73,0.0,2022-02-07 12:05:00
6380202,2022-02-07 12:10:17,N,6984.24,15842.34,6965.0,0.0,2022-02-07 12:10:00
6380204,2022-02-07 12:15:17,N,7018.66,15950.27,6964.94,0.0,2022-02-07 12:15:00
6380208,2022-02-07 12:20:22,N,7048.07,16185.18,6964.88,0.0,2022-02-07 12:20:00
6380210,2022-02-07 12:25:18,N,7047.48,16250.78,6980.79,0.0,2022-02-07 12:25:00
6380212,2022-02-07 12:30:17,N,6917.73,16053.65,6952.87,0.0,2022-02-07 12:30:00
6380216,2022-02-07 12:35:17,N,6951.5,16383.75,6981.86,0.0,2022-02-07 12:35:00
6380218,2022-02-07 12:40:17,N,7043.63,16502.01,6981.69,0.0,2022-02-07 12:40:00
6380220,2022-02-07 12:45:17,N,7002.28,16465.84,6981.89,0.0,2022-02-07 12:45:00
6380224,2022-02-07 12:50:18,N,6970.17,16318.47,6980.83,0.0,2022-02-07 12:50:00
6380226,2022-02-07 12:55:19,N,7015.01,16562.88,6980.84,0.0,2022-02-07 12:55:00
6380228,2022-02-07 13:00:24,N,7062.07,16832.18,6968.57,0.0,2022-02-07 13:00:00
6380236,2022-02-07 13:05:21,N,7143.44,16983.55,6968.57,0.0,2022-02-07 13:05:00
6380238,2022-02-07 13:10:17,N,7161.82,16879.58,6968.8,0.0,2022-02-07 13:10:00
6380240,2022-02-07 13:15:18,N,7124.64,17002.36,6968.57,0.0,2022-02-07 13:15:00
6380244,2022-02-07 13:20:19,N,7215.38,17402.6,6968.69,0.0,2022-02-07 13:20:00
6380246,2022-02-07 13:25:17,N,7316.18,17150.86,6968.82,0.0,2022-02-07 13:25:00
6380248,2022-02-07 13:30:17,N,7382.37,17412.93,6968.71,0.0,2022-02-07 13:30:00
6380252,2022-02-07 13:35:20,N,7465.91,17407.51,6968.85,0.0,2022-02-07 13:35:00
6380254,2022-02-07 13:40:17,N,7594.54,17584.22,6968.59,0.0,2022-02-07 13:40:00
6380256,2022-02-07 13:45:18,N,7501.2,17937.01,6968.76,0.0,2022-02-07 13:45:00
6380260,2022-02-07 13:50:18,N,7613.36,18188.98,6968.81,0.0,2022-02-07 13:50:00
6380262,2022-02-07 13:55:18,N,7755.16,18684.41,6967.63,0.0,2022-02-07 13:55:00
6380264,2022-02-07 14:00:22,N,8009.44,18804.53,7012.68,0.0,2022-02-07 14:00:00
6380272,2022-02-07 14:05:22,N,8277.59,19017.05,7018.31,0.0,2022-02-07 14:05:00
6380274,2022-02-07 14:10:17,N,8409.99,19141.76,7015.23,0.0,2022-02-07 14:10:00
6380276,2022-02-07 14:15:17,N,8412.99,19270.2,7059.25,0.0,2022-02-07 14:15:00
6380280,2022-02-07 14:20:21,N,8403.48,19345.27,6960.37,0.0,2022-02-07 14:20:00
6380282,2022-02-07 14:25:16,N,8405.39,19587.53,6964.22,0.0,2022-02-07 14:25:00
6380285,2022-02-07 14:30:18,N,8381.84,19593.61,6964.58,0.0,2022-02-07 14:30:00
6380292,2022-02-07 14:35:20,N,8346.15,19642.87,6964.5,0.0,2022-02-07 14:35:00
6380294,2022-02-07 14:40:18,N,8317.41,19829.61,6962.58,0.0,2022-02-07 14:40:00
6380296,2022-02-07 14:45:18,N,8275.93,19887.18,6959.69,0.0,2022-02-07 14:45:00
6380300,2022-02-07 14:50:17,N,8234.99,19634.43,6958.53,0.0,2022-02-07 14:50:00
6380302,2022-02-07 14:55:17,N,8165.1,19577.89,6945.05,0.0,2022-02-07 14:55:00
6380304,2022-02-07 15:00:22,N,8198.77,19776.92,6939.68,0.0,2022-02-07 15:00:00
6380312,2022-02-07 15:05:20,N,8186.39,19888.52,6936.04,0.0,2022-02-07 15:05:00
6380314,2022-02-07 15:10:20,N,8160.17,19925.74,6934.31,0.0,2022-02-07 15:10:00
6380316,2022-02-07 15:15:16,N,8254.12,20102.98,6933.11,0.0,2022-02-07 15:15:00
6380320,2022-02-07 15:20:19,N,8252.0,19765.66,6876.17,0.0,2022-02-07 15:20:00
6380322,2022-02-07 15:25:18,N,8183.16,19407.48,6934.35,0.0,2022-02-07 15:25:00
6380324,2022-02-07 15:30:17,N,8083.1,19383.66,6936.14,0.0,2022-02-07 15:30:00
6380328,2022-02-07 15:35:19,N,8102.69,19928.13,6937.35,0.0,2022-02-07 15:35:00
6380330,2022-02-07 15:40:20,N,8188.41,19887.19,6936.1,0.0,2022-02-07 15:40:00
6380332,2022-02-07 15:45:18,N,8212.99,19573.58,6936.29,0.0,2022-02-07 15:45:00
6380336,2022-02-07 15:50:17,N,8159.6,19663.5,6879.79,0.0,2022-02-07 15:50:00
6380338,2022-02-07 15:55:18,N,8082.46,19434.83,6880.71,0.0,2022-02-07 15:55:00
6380340,2022-02-07 16:00:22,N,8181.41,19513.18,6896.91,0.0,2022-02-07 16:00:00
6380348,2022-02-07 16:05:17,N,8219.91,19803.37,6895.2,0.0,2022-02-07 16:05:00
6380350,2022-02-07 16:10:16,N,8194.56,19816.24,6897.27,0.0,2022-02-07 16:10:00
6380352,2022-02-07 16:15:19,N,8223.62,19870.9,6899.23,0.0,2022-02-07 16:15:00
6380356,2022-02-07 16:20:17,N,8250.97,19633.62,6899.17,0.0,2022-02-07 16:20:00
6380358,2022-02-07 16:25:17,N,8210.78,19291.79,6899.33,0.0,2022-02-07 16:25:00
6380360,2022-02-07 16:30:19,N,8156.67,19138.76,6899.2,0.0,2022-02-07 16:30:00
6380364,2022-02-07 16:35:18,N,8137.93,19342.16,6900.32,0.0,2022-02-07 16:35:00
6380366,2022-02-07 16:40:19,N,8124.38,18619.33,6900.07,0.0,2022-02-07 16:40:00
6380368,2022-02-07 16:45:18,N,7974.74,18334.16,6900.3,0.0,2022-02-07 16:45:00
6380372,2022-02-07 16:50:16,N,7977.07,18769.44,6806.98,0.0,2022-02-07 16:50:00
6380374,2022-02-07 16:55:17,N,8160.75,19293.26,6657.14,0.0,2022-02-07 16:55:00
6380376,2022-02-07 17:00:24,N,7990.69,18403.09,6871.36,0.0,2022-02-07 17:00:00
6380384,2022-02-07 17:05:20,N,8020.99,18119.35,6871.42,0.0,2022-02-07 17:05:00
6380386,2022-02-07 17:10:20,N,7772.7,17581.62,6871.61,0.0,2022-02-07 17:10:00
6380388,2022-02-07 17:15:10,N,7676.15,16725.33,6871.43,0.0,2022-02-07 17:15:00
6380392,2022-02-07 17:20:09,N,7309.37,15900.46,6871.6,0.0,2022-02-07 17:20:00
6380394,2022-02-07 17:25:09,N,6936.05,14996.7,6872.54,0.0,2022-02-07 17:25:00
6380396,2022-02-07 17:30:09,N,6813.72,13932.69,6872.62,0.0,2022-02-07 17:30:00
6380400,2022-02-07 17:35:10,N,6349.26,13155.47,6872.53,0.0,2022-02-07 17:35:00
6380402,2022-02-07 17:40:09,N,5942.14,12304.16,6872.53,0.0,2022-02-07 17:40:00
6380404,2022-02-07 17:45:09,N,5270.61,11051.6,6868.84,0.0,2022-02-07 17:45:00
6380408,2022-02-07 17:50:09,N,4857.68,10333.81,6837.62,0.0,2022-02-07 17:50:00
6380410,2022-02-07 17:55:09,N,4571.19,9706.63,6689.64,0.0,2022-02-07 17:55:00
6380412,2022-02-07 18:00:11,N,4412.33,9592.57,6224.2,0.0,2022-02-07 18:00:00
6380420,2022-02-07 18:05:11,N,4315.4,9608.66,6192.62,0.0,2022-02-07 18:05:00
6380422,2022-02-07 18:10:10,N,4120.61,9323.63,5922.25,0.0,2022-02-07 18:10:00
6380424,2022-02-07 18:15:09,N,4025.31,8760.46,5922.32,0.0,2022-02-07 18:15:00
6380428,2022-02-07 18:20:10,N,3877.09,8150.76,5750.98,0.0,2022-02-07 18:20:00
6380430,2022-02-07 18:25:10,N,3940.9,7892.41,5752.54,0.0,2022-02-07 18:25:00
6380432,2022-02-07 18:30:09,N,3910.07,7409.42,5794.83,0.0,2022-02-07 18:30:00
6380436,2022-02-07 18:35:10,N,3881.64,7095.16,5793.27,0.0,2022-02-07 18:35:00
6380438,2022-02-07 18:40:09,N,3739.16,6785.96,5793.27,0.0,2022-02-07 18:40:00
6380440,2022-02-07 18:45:08,N,3668.99,6696.88,5794.01,0.0,2022-02-07 18:45:00
6380444,2022-02-07 18:50:10,N,3912.84,7039.58,5687.88,0.0,2022-02-07 18:50:00
6380446,2022-02-07 18:55:09,N,3734.6,6723.48,5688.88,0.0,2022-02-07 18:55:00
6380448,2022-02-07 19:00:13,N,3641.94,6866.81,5663.44,0.0,2022-02-07 19:00:00
6380456,2022-02-07 19:05:09,N,3530.26,6816.7,5708.44,0.0,2022-02-07 19:05:00
6380458,2022-02-07 19:10:08,N,3430.68,6806.3,5765.48,0.0,2022-02-07 19:10:00
6380460,2022-02-07 19:15:09,N,3403.65,6764.11,5765.44,0.0,2022-02-07 19:15:00
6380464,2022-02-07 19:20:11,N,3471.26,6776.71,5766.49,0.0,2022-02-07 19:20:00
6380466,2022-02-07 19:25:09,N,3421.96,6844.52,5766.48,0.0,2022-02-07 19:25:00
6380468,2022-02-07 19:30:09,N,3439.02,6878.42,5766.48,0.0,2022-02-07 19:30:00
6380472,2022-02-07 19:35:12,N,3443.06,6944.88,5766.48,0.0,2022-02-07 19:35:00
6380474,2022-02-07 19:40:09,N,3519.88,7264.42,5766.49,0.0,2022-02-07 19:40:00
6380476,2022-02-07 19:45:09,N,3502.96,7310.1,5766.48,0.0,2022-02-07 19:45:00
6380480,2022-02-07 19:50:12,N,3499.54,7073.07,5806.48,0.0,2022-02-07 19:50:00
6380482,2022-02-07 19:55:08,N,3481.06,7166.22,6008.29,0.0,2022-02-07 19:55:00
6380484,2022-02-07 20:00:13,N,3470.96,7144.83,6097.17,0.0,2022-02-07 20:00:00
6380492,2022-02-07 20:05:12,N,3407.28,7208.95,6097.17,0.0,2022-02-07 20:05:00
6380494,2022-02-07 20:10:08,N,3469.91,7161.58,6097.18,0.0,2022-02-07 20:10:00
6380496,2022-02-07 20:15:09,N,3448.03,7278.86,6097.13,0.0,2022-02-07 20:15:00
6380500,2022-02-07 20:20:13,N,3478.97,7433.08,6097.17,0.0,2022-02-07 20:20:00
6380502,2022-02-07 20:25:09,N,3426.38,7384.27,6147.15,0.0,2022-02-07 20:25:00
6380504,2022-02-07 20:30:09,N,3530.41,7495.24,6147.15,0.0,2022-02-07 20:30:00
6380508,2022-02-07 20:35:11,N,3606.69,7778.42,6148.15,0.0,2022-02-07 20:35:00
6380510,2022-02-07 20:40:09,N,3597.39,7856.73,6272.04,0.0,2022-02-07 20:40:00
6380512,2022-02-07 20:45:09,N,3568.74,7681.94,6377.99,0.0,2022-02-07 20:45:00
6380516,2022-02-07 20:50:11,N,3586.81,7714.7,6377.97,0.0,2022-02-07 20:50:00
6380518,2022-02-07 20:55:09,N,3618.42,7762.06,6378.08,0.0,2022-02-07 20:55:00
6380520,2022-02-07 21:00:12,N,3691.83,8186.28,6629.24,0.0,2022-02-07 21:00:00
6380528,2022-02-07 21:05:09,N,3708.28,8293.66,6669.84,0.0,2022-02-07 21:05:00
6380530,2022-02-07 21:10:09,N,3704.01,8350.79,6677.6,0.0,2022-02-07 21:10:00
6380532,2022-02-07 21:15:08,N,3688.63,8263.02,6677.42,0.0,2022-02-07 21:15:00
6380536,2022-02-07 21:20:10,N,3698.2,8110.42,6842.1,0.0,2022-02-07 21:20:00
6380538,2022-02-07 21:25:08,N,3900.58,8974.91,6843.56,0.0,2022-02-07 21:25:00
6380540,2022-02-07 21:30:09,N,3982.46,9257.64,6843.68,0.0,2022-02-07 21:30:00
6380544,2022-02-07 21:35:09,N,4084.05,9421.31,6843.64,0.0,2022-02-07 21:35:00
6380546,2022-02-07 21:40:10,N,4161.21,9471.96,6803.68,0.0,2022-02-07 21:40:00
6380548,2022-02-07 21:45:09,N,4206.64,9601.27,6803.68,0.0,2022-02-07 21:45:00
6380552,2022-02-07 21:50:09,N,4303.71,9933.24,6910.37,0.0,2022-02-07 21:50:00
6380554,2022-02-07 21:55:10,N,4480.15,10138.86,6911.52,0.0,2022-02-07 21:55:00
6380556,2022-02-07 22:00:14,N,4418.93,9676.81,6893.18,0.0,2022-02-07 22:00:00
6380564,2022-02-07 22:05:09,N,4371.47,9857.08,6894.66,0.0,2022-02-07 22:05:00
6380566,2022-02-07 22:10:09,N,4432.39,10006.1,6894.9,0.0,2022-02-07 22:10:00
6380568,2022-02-07 22:15:10,N,4421.61,9846.18,6894.87,0.0,2022-02-07 22:15:00
6380572,2022-02-07 22:20:11,N,4287.69,9937.75,6969.68,0.0,2022-02-07 22:20:00
6380574,2022-02-07 22:25:12,N,4355.2,10010.95,6969.65,0.0,2022-02-07 22:25:00
6380576,2022-02-07 22:30:09,N,4410.9,9884.72,6969.69,0.0,2022-02-07 22:30:00
6380580,2022-02-07 22:35:12,N,4629.47,10756.41,6969.82,0.0,2022-02-07 22:35:00
6380582,2022-02-07 22:40:09,N,4816.1,10978.41,6970.03,0.0,2022-02-07 22:40:00
6380584,2022-02-07 22:45:10,N,4948.87,11270.01,6969.92,0.0,2022-02-07 22:45:00
6380588,2022-02-07 22:50:12,N,5158.25,11740.27,6969.57,0.0,2022-02-07 22:50:00
6380590,2022-02-07 22:55:08,N,5288.48,11992.43,6969.79,0.0,2022-02-07 22:55:00
6380592,2022-02-07 23:00:13,N,5108.54,11312.58,7076.35,0.0,2022-02-07 23:00:00
6380600,2022-02-07 23:05:12,N,5239.41,11086.68,7102.42,0.0,2022-02-07 23:05:00
6380602,2022-02-07 23:10:09,N,5108.14,10646.29,7127.4,0.0,2022-02-07 23:10:00
6380604,2022-02-07 23:15:09,N,5135.24,10742.2,7129.37,0.0,2022-02-07 23:15:00
6380608,2022-02-07 23:20:09,N,5149.76,10506.79,7129.17,0.0,2022-02-07 23:20:00
6380610,2022-02-07 23:25:09,N,5113.15,10631.47,7129.16,0.0,2022-02-07 23:25:00
6380612,2022-02-07 23:30:18,N,5150.78,10942.55,7129.41,0.0,2022-02-07 23:30:00
6380616,2022-02-07 23:35:17,N,5399.5,10856.58,7129.39,0.0,2022-02-07 23:35:00
6380618,2022-02-07 23:40:17,N,5416.64,11219.05,7129.42,0.0,2022-02-07 23:40:00
6380620,2022-02-07 23:45:17,N,5475.44,11387.9,7127.6,0.0,2022-02-07 23:45:00
6380624,2022-02-07 23:50:17,N,5545.12,11444.28,7129.28,0.0,2022-02-07 23:50:00
6380626,2022-02-07 23:55:19,N,5590.04,11803.07,7126.83,0.0,2022-02-07 23:55:00
