batch,stamp,repeat,prc_mw,rtolcap_mw,rtoffcap_mw,rtordpa,slot
7352315,2025-01-18 00:00:13,N,13303.63,26054.21,7154.86,0.0,2025-01-18 00:00:00
7352321,2025-01-18 00:05:12,N,13299.65,26323.25,7727.29,0.0,2025-01-18 00:05:00
7352323,2025-01-18 00:10:11,N,13142.15,26191.29,7730.26,0.0,2025-01-18 00:10:00
7352325,2025-01-18 00:15:11,N,13224.3,26236.76,7728.15,0.0,2025-01-18 00:15:00
7352329,2025-01-18 00:20:11,N,13254.7,26472.26,7730.25,0.0,2025-01-18 00:20:00
7352331,2025-01-18 00:25:11,N,13223.81,26470.68,7729.98,0.0,2025-01-18 00:25:00
7352333,2025-01-18 00:30:11,N,13200.84,26078.32,7730.03,0.0,2025-01-18 00:30:00
7352337,2025-01-18 00:35:11,N,13167.09,26050.37,7731.3,0.0,2025-01-18 00:35:00
7352339,2025-01-18 00:40:12,N,13188.77,26121.42,7730.23,0.0,2025-01-18 00:40:00
7352341,2025-01-18 00:45:12,N,13328.59,26591.69,7730.28,0.0,2025-01-18 00:45:00
7352345,2025-01-18 00:50:12,N,13391.67,26685.75,7730.17,0.0,2025-01-18 00:50:00
7352347,2025-01-18 00:55:12,N,13422.51,26710.13,7731.12,0.0,2025-01-18 00:55:00
7352352,2025-01-18 01:00:15,N,13272.21,26645.54,7643.32,0.0,2025-01-18 01:00:00
7352358,2025-01-18 01:05:13,N,13372.35,26220.66,7538.78,0.0,2025-01-18 01:05:00
7352361,2025-01-18 01:10:11,N,13361.74,25917.43,7539.61,0.0,2025-01-18 01:10:00
7352363,2025-01-18 01:15:12,N,13297.73,25795.38,7539.72,0.0,2025-01-18 01:15:00
7352367,2025-01-18 01:20:11,N,13281.87,25609.27,7539.75,0.0,2025-01-18 01:20:00
7352369,2025-01-18 01:25:11,N,13135.05,25224.34,7539.69,0.0,2025-01-18 01:25:00
7352371,2025-01-18 01:30:11,N,13147.51,25155.57,7539.79,0.0,2025-01-18 01:30:00
7352375,2025-01-18 01:35:11,N,13258.01,25221.71,7539.77,0.0,2025-01-18 01:35:00
7352377,2025-01-18 01:40:11,N,13259.49,25288.45,7539.86,0.0,2025-01-18 01:40:00
7352379,2025-01-18 01:45:11,N,13048.76,25126.41,7539.57,0.0,2025-01-18 01:45:00
7352383,2025-01-18 01:50:11,N,12978.0,25066.77,7539.51,0.0,2025-01-18 01:50:00
7352385,2025-01-18 01:55:12,N,12951.58,24995.4,7539.78,0.0,2025-01-18 01:55:00
7352390,2025-01-18 02:00:15,N,13274.29,25780.14,7547.48,0.0,2025-01-18 02:00:00
7352396,2025-01-18 02:05:11,N,13169.87,25099.21,7594.45,0.0,2025-01-18 02:05:00
7352398,2025-01-18 02:10:11,N,13220.57,24811.1,7594.34,0.0,2025-01-18 02:10:00
7352400,2025-01-18 02:15:11,N,13292.97,24943.07,7595.27,0.0,2025-01-18 02:15:00
7352404,2025-01-18 02:20:11,N,13290.19,25071.26,7595.4,0.0,2025-01-18 02:20:00
7352406,2025-01-18 02:25:11,N,13316.85,24973.2,7595.11,0.0,2025-01-18 02:25:00
7352408,2025-01-18 02:30:11,N,13310.98,24916.21,7595.21,0.0,2025-01-18 02:30:00
7352412,2025-01-18 02:35:11,N,13281.37,25091.59,7595.54,0.0,2025-01-18 02:35:00
7352414,2025-01-18 02:40:11,N,13316.82,25152.33,7595.41,0.0,2025-01-18 02:40:00
7352416,2025-01-18 02:45:11,N,13357.59,25216.93,7595.44,0.0,2025-01-18 02:45:00
7352420,2025-01-18 02:50:11,N,13170.11,24445.08,7595.27,0.0,2025-01-18 02:50:00
7352422,2025-01-18 02:55:11,N,13227.41,24337.29,7595.36,0.0,2025-01-18 02:55:00
7352427,2025-01-18 03:00:13,N,13246.63,24111.08,7520.36,0.0,2025-01-18 03:00:00
7352433,2025-01-18 03:05:11,N,13338.01,24390.82,7851.07,0.0,2025-01-18 03:05:00
7352435,2025-01-18 03:10:11,N,13256.1,24038.37,7850.94,0.0,2025-01-18 03:10:00
7352437,2025-01-18 03:15:11,N,13226.18,24214.61,7850.93,0.0,2025-01-18 03:15:00
7352441,2025-01-18 03:20:11,N,13250.48,24370.48,7851.07,0.0,2025-01-18 03:20:00
7352443,2025-01-18 03:25:10,N,13299.68,24632.83,7850.77,0.0,2025-01-18 03:25:00
7352445,2025-01-18 03:30:10,N,13090.97,23788.13,7850.83,0.0,2025-01-18 03:30:00
7352449,2025-01-18 03:35:11,N,12990.3,23597.29,7851.07,0.0,2025-01-18 03:35:00
7352451,2025-01-18 03:40:12,N,13061.85,23674.92,7850.98,0.0,2025-01-18 03:40:00
7352453,2025-01-18 03:45:12,N,13102.12,23635.82,7851.05,0.0,2025-01-18 03:45:00
7352457,2025-01-18 03:50:10,N,13085.31,23753.88,7850.99,0.0,2025-01-18 03:50:00
7352459,2025-01-18 03:55:10,N,13143.89,23535.14,7851.86,0.0,2025-01-18 03:55:00
7352464,2025-01-18 04:00:11,N,13053.11,23277.81,7766.37,0.0,2025-01-18 04:00:00
7352470,2025-01-18 04:05:11,N,12728.47,22636.54,7668.37,0.0,2025-01-18 04:05:00
7352472,2025-01-18 04:10:10,N,12907.46,22448.79,7668.19,0.0,2025-01-18 04:10:00
7352474,2025-01-18 04:15:12,N,12924.0,22407.42,7668.26,0.0,2025-01-18 04:15:00
7352478,2025-01-18 04:20:10,N,12816.04,22160.46,7668.24,0.0,2025-01-18 04:20:00
7352480,2025-01-18 04:25:11,N,12689.42,21875.29,7670.1,0.0,2025-01-18 04:25:00
7352482,2025-01-18 04:30:11,N,12689.31,22172.11,7670.34,0.0,2025-01-18 04:30:00
7352486,2025-01-18 04:35:08,N,12576.94,21882.18,7670.42,0.0,2025-01-18 04:35:00
7352488,2025-01-18 04:40:10,N,12399.32,21294.37,7669.49,0.0,2025-01-18 04:40:00
7352490,2025-01-18 04:45:11,N,12438.2,20947.77,7670.44,0.0,2025-01-18 04:45:00
7352494,2025-01-18 04:50:10,N,12497.2,20836.7,7670.25,0.0,2025-01-18 04:50:00
7352496,2025-01-18 04:55:11,N,12726.28,21631.28,7669.39,0.0,2025-01-18 04:55:00
7352501,2025-01-18 05:00:11,N,12631.88,21480.58,7676.39,0.0,2025-01-18 05:00:00
7352507,2025-01-18 05:05:11,N,12425.46,21070.11,7676.69,0.0,2025-01-18 05:05:00
7352509,2025-01-18 05:10:10,N,12381.3,20801.49,7677.73,0.0,2025-01-18 05:10:00
7352511,2025-01-18 05:15:10,N,12258.28,20562.54,7677.72,0.0,2025-01-18 05:15:00
7352515,2025-01-18 05:20:09,N,12250.61,20655.75,7677.72,0.0,2025-01-18 05:20:00
7352518,2025-01-18 05:25:09,N,12025.14,20167.42,7677.72,0.0,2025-01-18 05:25:00
7352520,2025-01-18 05:30:11,N,11867.2,19517.92,7677.72,0.0,2025-01-18 05:30:00
7352524,2025-01-18 05:35:09,N,11782.47,19351.79,7677.72,0.0,2025-01-18 05:35:00
7352526,2025-01-18 05:40:10,N,11658.05,19417.68,7677.72,0.0,2025-01-18 05:40:00
7352528,2025-01-18 05:45:11,N,11483.66,19459.32,7677.72,0.0,2025-01-18 05:45:00
7352532,2025-01-18 05:50:11,N,11529.6,19450.72,7678.72,0.0,2025-01-18 05:50:00
7352534,2025-01-18 05:55:11,N,11424.24,18947.61,7677.72,0.0,2025-01-18 05:55:00
7352539,2025-01-18 06:00:14,N,11666.73,18830.6,7412.11,0.0,2025-01-18 06:00:00
7352545,2025-01-18 06:05:11,N,10776.3,18186.66,7316.42,0.0,2025-01-18 06:05:00
7352547,2025-01-18 06:10:10,N,10868.9,18285.81,7316.29,0.0,2025-01-18 06:10:00
7352549,2025-01-18 06:15:10,N,10868.25,18260.66,7317.34,0.0,2025-01-18 06:15:00
7352553,2025-01-18 06:20:10,N,10764.67,18398.77,7318.25,0.0,2025-01-18 06:20:00
7352555,2025-01-18 06:25:10,N,10730.88,18299.81,7318.15,0.0,2025-01-18 06:25:00
7352557,2025-01-18 06:30:11,N,10920.73,18109.91,7318.4,0.0,2025-01-18 06:30:00
7352561,2025-01-18 06:35:10,N,10563.68,17958.06,7318.43,0.0,2025-01-18 06:35:00
7352563,2025-01-18 06:40:11,N,10423.94,17724.02,7318.4,0.0,2025-01-18 06:40:00
7352565,2025-01-18 06:45:11,N,10316.12,17560.68,7319.49,0.0,2025-01-18 06:45:00
7352569,2025-01-18 06:50:11,N,10321.15,17165.46,7319.37,0.0,2025-01-18 06:50:00
7352571,2025-01-18 06:55:11,N,10260.72,16766.08,7318.37,0.0,2025-01-18 06:55:00
7352576,2025-01-18 07:00:12,N,10048.31,16470.43,7366.99,0.0,2025-01-18 07:00:00
7352582,2025-01-18 07:05:11,N,10044.11,16256.98,7366.07,0.0,2025-01-18 07:05:00
7352584,2025-01-18 07:10:10,N,9620.22,16018.2,7365.99,0.0,2025-01-18 07:10:00
7352586,2025-01-18 07:15:11,N,9341.66,15640.22,7366.98,0.0,2025-01-18 07:15:00
7352590,2025-01-18 07:20:10,N,9149.61,15486.42,7367.12,0.0,2025-01-18 07:20:00
7352592,2025-01-18 07:25:11,N,9224.03,15577.0,7366.99,0.0,2025-01-18 07:25:00
7352594,2025-01-18 07:30:11,N,9136.53,15761.09,7367.97,0.0,2025-01-18 07:30:00
7352598,2025-01-18 07:35:11,N,9285.32,15782.04,7368.21,0.0,2025-01-18 07:35:00
7352600,2025-01-18 07:40:11,N,9247.24,15961.76,7368.17,0.0,2025-01-18 07:40:00
7352602,2025-01-18 07:45:10,N,9294.47,15942.54,7369.17,0.0,2025-01-18 07:45:00
7352606,2025-01-18 07:50:11,N,9249.8,15920.18,7370.0,0.0,2025-01-18 07:50:00
7352608,2025-01-18 07:55:11,N,9569.44,16538.51,7370.12,0.0,2025-01-18 07:55:00
7352613,2025-01-18 08:00:12,N,9938.74,17101.18,7411.67,0.0,2025-01-18 08:00:00
7352619,2025-01-18 08:05:11,N,10354.53,17913.17,7411.66,0.0,2025-01-18 08:05:00
7352621,2025-01-18 08:10:09,N,10840.58,18732.15,7412.65,0.0,2025-01-18 08:10:00
7352623,2025-01-18 08:15:10,N,11414.67,19843.99,7413.6,0.0,2025-01-18 08:15:00
7352627,2025-01-18 08:20:10,N,11845.43,20895.41,7412.54,0.0,2025-01-18 08:20:00
7352629,2025-01-18 08:25:11,N,12360.13,22144.19,7412.52,0.0,2025-01-18 08:25:00
7352631,2025-01-18 08:30:11,N,12726.12,23087.78,7412.65,0.0,2025-01-18 08:30:00
7352635,2025-01-18 08:35:11,N,13080.45,24148.54,7413.73,0.0,2025-01-18 08:35:00
7352637,2025-01-18 08:40:11,N,13357.13,24757.06,7414.7,0.0,2025-01-18 08:40:00
7352639,2025-01-18 08:45:11,N,13662.14,25837.03,7414.67,0.0,2025-01-18 08:45:00
7352643,2025-01-18 08:50:10,N,14084.55,27407.94,7414.67,0.0,2025-01-18 08:50:00
7352645,2025-01-18 08:55:10,N,14398.71,28884.8,7414.58,0.0,2025-01-18 08:55:00
7352650,2025-01-18 09:00:11,N,14556.55,30134.01,7207.44,0.0,2025-01-18 09:00:00
7352656,2025-01-18 09:05:11,N,14836.06,30981.26,7396.94,0.0,2025-01-18 09:05:00
7352658,2025-01-18 09:10:10,N,14862.32,31557.36,7396.74,0.0,2025-01-18 09:10:00
7352660,2025-01-18 09:15:11,N,15003.74,32305.65,7396.87,0.0,2025-01-18 09:15:00
7352664,2025-01-18 09:20:11,N,15229.9,33074.79,7396.77,0.0,2025-01-18 09:20:00
7352666,2025-01-18 09:25:11,N,15400.22,33938.45,7359.62,0.0,2025-01-18 09:25:00
7352668,2025-01-18 09:30:11,N,15582.86,34876.71,7359.71,0.0,2025-01-18 09:30:00
7352672,2025-01-18 09:35:10,N,15360.18,35526.92,7396.98,0.0,2025-01-18 09:35:00
7352674,2025-01-18 09:40:11,N,15409.0,35885.86,7396.99,0.0,2025-01-18 09:40:00
7352676,2025-01-18 09:45:11,N,15378.95,36131.44,7397.06,0.0,2025-01-18 09:45:00
7352680,2025-01-18 09:50:11,N,15260.67,35970.01,7396.99,0.0,2025-01-18 09:50:00
7352682,2025-01-18 09:55:12,N,15207.65,35891.9,7396.06,0.0,2025-01-18 09:55:00
7352687,2025-01-18 10:00:11,N,15292.8,35979.25,7220.88,0.0,2025-01-18 10:00:00
7352695,2025-01-18 10:05:13,N,14937.73,35116.12,7347.92,0.0,2025-01-18 10:05:00
7352698,2025-01-18 10:10:11,N,14948.06,34995.15,7347.95,0.0,2025-01-18 10:10:00
7352700,2025-01-18 10:15:09,N,14901.86,35272.03,7347.91,0.0,2025-01-18 10:15:00
7352704,2025-01-18 10:20:10,N,14952.62,35528.55,7346.92,0.0,2025-01-18 10:20:00
7352706,2025-01-18 10:25:10,N,15421.07,35682.3,7347.7,0.0,2025-01-18 10:25:00
7352708,2025-01-18 10:30:11,N,14950.3,35663.5,7346.87,0.0,2025-01-18 10:30:00
7352712,2025-01-18 10:35:11,N,15059.56,35388.65,7348.16,0.0,2025-01-18 10:35:00
7352714,2025-01-18 10:40:10,N,14874.14,35563.05,7347.01,0.0,2025-01-18 10:40:00
7352716,2025-01-18 10:45:11,N,14956.75,35838.32,7346.05,0.0,2025-01-18 10:45:00
7352720,2025-01-18 10:50:10,N,15201.02,35732.97,7346.03,0.0,2025-01-18 10:50:00
7352722,2025-01-18 10:55:10,N,15022.42,35793.79,7346.04,0.0,2025-01-18 10:55:00
7352727,2025-01-18 11:00:11,N,15060.2,35860.22,7326.82,0.0,2025-01-18 11:00:00
7352733,2025-01-18 11:05:10,N,14805.9,35137.93,7326.95,0.0,2025-01-18 11:05:00
7352735,2025-01-18 11:10:10,N,15252.31,35918.98,7325.98,0.0,2025-01-18 11:10:00
7352737,2025-01-18 11:15:11,N,15227.71,36348.69,7327.89,0.0,2025-01-18 11:15:00
7352741,2025-01-18 11:20:10,N,15387.68,35898.35,7327.82,0.0,2025-01-18 11:20:00
7352743,2025-01-18 11:25:09,N,14989.04,36013.55,7325.68,0.0,2025-01-18 11:25:00
7352745,2025-01-18 11:30:11,N,14954.58,35866.22,7325.9,0.0,2025-01-18 11:30:00
7352749,2025-01-18 11:35:11,N,15038.41,35791.79,7325.01,0.0,2025-01-18 11:35:00
7352751,2025-01-18 11:40:11,N,14858.28,35500.84,7324.84,0.0,2025-01-18 11:40:00
7352753,2025-01-18 11:45:08,N,15155.46,35560.91,7325.98,0.0,2025-01-18 11:45:00
7352757,2025-01-18 11:50:10,N,14751.2,35670.21,7323.88,0.0,2025-01-18 11:50:00
7352759,2025-01-18 11:55:11,N,15002.53,35185.41,7324.78,0.0,2025-01-18 11:55:00
7352764,2025-01-18 12:00:12,N,14840.98,35263.25,7325.25,0.0,2025-01-18 12:00:00
7352770,2025-01-18 12:05:11,N,14866.3,34924.5,7326.44,0.0,2025-01-18 12:05:00
7352772,2025-01-18 12:06:15,N,15022.72,34987.98,7326.34,0.0,2025-01-18 12:05:00
7352773,2025-01-18 12:10:10,N,15173.12,35351.65,7326.31,0.0,2025-01-18 12:10:00
7352775,2025-01-18 12:15:11,N,15159.66,34815.71,7325.18,0.0,2025-01-18 12:15:00
7352779,2025-01-18 12:20:11,N,15010.44,34114.35,7326.24,0.0,2025-01-18 12:20:00
7352781,2025-01-18 12:25:10,N,14840.95,34440.09,7326.11,0.0,2025-01-18 12:25:00
7352783,2025-01-18 12:30:10,N,14931.9,34636.92,7324.17,0.0,2025-01-18 12:30:00
7352787,2025-01-18 12:35:11,N,14996.63,34747.39,7325.49,0.0,2025-01-18 12:35:00
7352789,2025-01-18 12:40:10,N,14858.46,34598.0,7324.35,0.0,2025-01-18 12:40:00
7352791,2025-01-18 12:45:10,N,15047.85,34455.04,7324.38,0.0,2025-01-18 12:45:00
7352795,2025-01-18 12:50:10,N,14681.98,34607.93,7324.37,0.0,2025-01-18 12:50:00
7352797,2025-01-18 12:55:11,N,14877.88,34713.87,7324.26,0.0,2025-01-18 12:55:00
7352802,2025-01-18 13:00:12,N,15196.0,35403.55,7314.69,0.0,2025-01-18 13:00:00
7352808,2025-01-18 13:05:11,N,15347.83,35574.24,7313.6,0.0,2025-01-18 13:05:00
7352810,2025-01-18 13:10:09,N,15103.76,35887.05,7313.56,0.0,2025-01-18 13:10:00
7352812,2025-01-18 13:15:10,N,15097.17,35633.95,7313.57,0.0,2025-01-18 13:15:00
7352816,2025-01-18 13:20:10,N,15110.23,34750.97,7315.5,0.0,2025-01-18 13:20:00
7352818,2025-01-18 13:25:10,N,15035.37,35210.09,7313.46,0.0,2025-01-18 13:25:00
7352820,2025-01-18 13:30:10,N,15120.79,35785.28,7313.53,0.0,2025-01-18 13:30:00
7352824,2025-01-18 13:35:10,N,15261.88,35910.34,7313.57,0.0,2025-01-18 13:35:00
7352826,2025-01-18 13:38:43,N,15394.54,35642.09,7313.51,0.0,2025-01-18 13:35:00
7352827,2025-01-18 13:40:10,N,15060.54,35187.32,7312.62,0.0,2025-01-18 13:40:00
7352829,2025-01-18 13:45:11,N,15167.02,35478.47,7313.52,0.0,2025-01-18 13:45:00
7352833,2025-01-18 13:50:10,N,15205.51,36375.4,7312.37,0.0,2025-01-18 13:50:00
7352835,2025-01-18 13:55:12,N,15333.69,36886.75,7313.6,0.0,2025-01-18 13:55:00
7352837,2025-01-18 13:58:39,N,15838.19,37482.56,7308.0,0.0,2025-01-18 13:55:00
7352841,2025-01-18 14:00:12,N,15658.22,37022.58,7306.13,0.0,2025-01-18 14:00:00
7352847,2025-01-18 14:05:11,N,15404.97,37848.86,7307.2,0.0,2025-01-18 14:05:00
7352849,2025-01-18 14:10:11,N,15372.92,37531.93,7307.15,0.0,2025-01-18 14:10:00
7352851,2025-01-18 14:15:11,N,15360.08,37623.55,7305.06,0.0,2025-01-18 14:15:00
7352855,2025-01-18 14:20:11,N,15468.98,38049.26,7306.07,0.0,2025-01-18 14:20:00
7352857,2025-01-18 14:25:10,N,15560.12,37742.34,7306.84,0.0,2025-01-18 14:25:00
7352861,2025-01-18 14:30:11,N,15501.97,38332.73,7307.14,0.0,2025-01-18 14:30:00
7352867,2025-01-18 14:35:10,N,15411.96,38197.31,7305.15,0.0,2025-01-18 14:35:00
7352869,2025-01-18 14:40:11,N,15353.99,38141.53,7305.01,0.0,2025-01-18 14:40:00
7352871,2025-01-18 14:45:11,N,15415.93,38713.74,7306.36,0.0,2025-01-18 14:45:00
7352875,2025-01-18 14:50:11,N,15552.84,38195.02,7305.11,0.0,2025-01-18 14:50:00
7352877,2025-01-18 14:55:11,N,15223.8,38157.07,7305.21,0.0,2025-01-18 14:55:00
7352882,2025-01-18 15:00:12,N,15432.82,38649.59,7302.39,0.0,2025-01-18 15:00:00
7352888,2025-01-18 15:05:11,N,15415.62,38687.52,7301.83,0.0,2025-01-18 15:05:00
7352890,2025-01-18 15:10:10,N,15434.07,38713.75,7301.84,0.0,2025-01-18 15:10:00
7352892,2025-01-18 15:15:11,N,15411.45,38948.18,7301.62,0.0,2025-01-18 15:15:00
7352896,2025-01-18 15:20:10,N,15393.59,39041.88,7302.79,0.0,2025-01-18 15:20:00
7352898,2025-01-18 15:25:10,N,15463.43,39089.23,7302.54,0.0,2025-01-18 15:25:00
7352900,2025-01-18 15:30:11,N,15488.76,39136.23,7300.67,0.0,2025-01-18 15:30:00
7352904,2025-01-18 15:35:11,N,15348.41,38935.59,7303.98,0.0,2025-01-18 15:35:00
7352906,2025-01-18 15:40:10,N,15333.01,39520.95,7303.81,0.0,2025-01-18 15:40:00
7352908,2025-01-18 15:45:10,N,15388.52,39382.32,7302.94,0.0,2025-01-18 15:45:00
7352912,2025-01-18 15:50:10,N,15718.7,39228.83,7302.6,0.0,2025-01-18 15:50:00
7352914,2025-01-18 15:55:10,N,15455.31,38912.54,7302.78,0.0,2025-01-18 15:55:00
7352919,2025-01-18 16:00:11,N,15728.98,39262.59,7307.95,0.0,2025-01-18 16:00:00
7352925,2025-01-18 16:05:10,N,15786.84,39725.46,7310.53,0.0,2025-01-18 16:05:00
7352927,2025-01-18 16:10:10,N,15787.33,39517.75,7310.55,0.0,2025-01-18 16:10:00
7352929,2025-01-18 16:15:10,N,15837.86,38265.77,7310.42,0.0,2025-01-18 16:15:00
7352933,2025-01-18 16:20:10,N,15624.46,37739.92,7310.52,0.0,2025-01-18 16:20:00
7352935,2025-01-18 16:25:10,N,15620.35,37111.37,7310.3,0.0,2025-01-18 16:25:00
7352937,2025-01-18 16:30:11,N,15244.29,36962.35,7310.63,0.0,2025-01-18 16:30:00
7352941,2025-01-18 16:35:11,N,15270.8,36318.36,7310.56,0.0,2025-01-18 16:35:00
7352943,2025-01-18 16:40:10,N,15476.55,35334.52,7310.59,0.0,2025-01-18 16:40:00
7352945,2025-01-18 16:45:10,N,15257.98,34508.62,7309.68,0.0,2025-01-18 16:45:00
7352949,2025-01-18 16:50:10,N,15309.79,33878.66,7309.47,0.0,2025-01-18 16:50:00
7352951,2025-01-18 16:55:10,N,15364.92,32695.83,7310.56,0.0,2025-01-18 16:55:00
7352956,2025-01-18 17:00:11,N,15506.81,32544.63,7322.0,0.0,2025-01-18 17:00:00
7352962,2025-01-18 17:05:10,N,15409.87,32017.99,7318.15,0.0,2025-01-18 17:05:00
7352964,2025-01-18 17:10:10,N,15404.84,31389.65,7319.14,0.0,2025-01-18 17:10:00
7352966,2025-01-18 17:15:10,N,14983.65,30662.1,7318.08,0.0,2025-01-18 17:15:00
7352970,2025-01-18 17:20:10,N,14653.68,29696.18,7318.94,0.0,2025-01-18 17:20:00
7352972,2025-01-18 17:25:10,N,14586.04,29581.5,7319.95,0.0,2025-01-18 17:25:00
7352974,2025-01-18 17:30:10,N,14649.57,29586.07,7318.95,0.0,2025-01-18 17:30:00
7352978,2025-01-18 17:35:10,N,14574.39,29184.31,7320.19,0.0,2025-01-18 17:35:00
7352980,2025-01-18 17:40:10,N,14489.75,29425.04,7320.13,0.0,2025-01-18 17:40:00
7352982,2025-01-18 17:45:10,N,14174.87,28287.9,7322.21,0.0,2025-01-18 17:45:00
7352986,2025-01-18 17:50:10,N,13858.17,27961.51,7322.11,0.0,2025-01-18 17:50:00
7352988,2025-01-18 17:55:10,N,14351.93,28986.95,7322.05,0.0,2025-01-18 17:55:00
7352993,2025-01-18 18:00:12,N,14350.25,29030.66,7341.45,0.0,2025-01-18 18:00:00
7352999,2025-01-18 18:05:10,N,14713.95,29430.98,7693.25,0.0,2025-01-18 18:05:00
7353001,2025-01-18 18:10:11,N,14715.85,29708.31,7693.28,0.0,2025-01-18 18:10:00
7353003,2025-01-18 18:15:10,N,14821.75,30338.9,7692.01,0.0,2025-01-18 18:15:00
7353007,2025-01-18 18:20:10,N,14724.33,30276.66,7693.23,0.0,2025-01-18 18:20:00
7353009,2025-01-18 18:25:10,N,15014.67,30947.67,7692.95,0.0,2025-01-18 18:25:00
7353011,2025-01-18 18:30:10,N,15345.67,31601.67,7694.16,0.0,2025-01-18 18:30:00
7353015,2025-01-18 18:35:09,N,15505.93,32062.57,7694.17,0.0,2025-01-18 18:35:00
7353017,2025-01-18 18:40:10,N,15324.1,32098.38,7694.35,0.0,2025-01-18 18:40:00
7353019,2025-01-18 18:45:10,N,15617.05,32622.59,7694.18,0.0,2025-01-18 18:45:00
7353023,2025-01-18 18:50:10,N,15561.11,32818.61,7694.04,0.0,2025-01-18 18:50:00
7353025,2025-01-18 18:55:10,N,15689.02,33112.95,7694.26,0.0,2025-01-18 18:55:00
7353030,2025-01-18 19:00:11,N,15740.95,33378.04,7700.68,0.0,2025-01-18 19:00:00
7353036,2025-01-18 19:05:10,N,15654.17,33042.54,7702.76,0.0,2025-01-18 19:05:00
7353038,2025-01-18 19:10:10,N,15766.99,33328.01,7702.54,0.0,2025-01-18 19:10:00
7353040,2025-01-18 19:15:10,N,15892.49,32902.18,7703.61,0.0,2025-01-18 19:15:00
7353044,2025-01-18 19:20:10,N,15778.22,33511.14,7703.55,0.0,2025-01-18 19:20:00
7353046,2025-01-18 19:25:10,N,15892.37,33755.15,7703.47,0.0,2025-01-18 19:25:00
7353048,2025-01-18 19:30:11,N,16004.46,33841.18,7703.67,0.0,2025-01-18 19:30:00
7353052,2025-01-18 19:35:10,N,15957.58,34018.64,7704.66,0.0,2025-01-18 19:35:00
7353054,2025-01-18 19:40:10,N,16018.88,34051.26,7704.8,0.0,2025-01-18 19:40:00
7353056,2025-01-18 19:45:11,N,16009.82,33919.35,7704.74,0.0,2025-01-18 19:45:00
7353060,2025-01-18 19:50:10,N,16080.95,34205.13,7710.46,0.0,2025-01-18 19:50:00
7353062,2025-01-18 19:55:11,N,16022.01,34033.18,7710.56,0.0,2025-01-18 19:55:00
7353067,2025-01-18 20:00:12,N,16018.43,34013.47,7601.51,0.0,2025-01-18 20:00:00
7353073,2025-01-18 20:05:10,N,15761.51,33962.54,7732.36,0.0,2025-01-18 20:05:00
7353075,2025-01-18 20:10:10,N,15817.92,34271.23,7732.31,0.0,2025-01-18 20:10:00
7353077,2025-01-18 20:15:10,N,16016.03,34229.54,7732.25,0.0,2025-01-18 20:15:00
7353081,2025-01-18 20:20:10,N,15820.7,33908.04,7734.21,0.0,2025-01-18 20:20:00
7353083,2025-01-18 20:25:11,N,15921.54,34199.15,7733.03,0.0,2025-01-18 20:25:00
7353085,2025-01-18 20:30:11,N,15853.19,34031.83,7734.23,0.0,2025-01-18 20:30:00
7353089,2025-01-18 20:35:11,N,15869.02,33919.69,7733.33,0.0,2025-01-18 20:35:00
7353091,2025-01-18 20:40:11,N,16010.49,34116.08,7734.45,0.0,2025-01-18 20:40:00
7353093,2025-01-18 20:45:11,N,16007.95,34097.03,7735.44,0.0,2025-01-18 20:45:00
7353097,2025-01-18 20:50:11,N,15941.06,33979.59,7736.22,0.0,2025-01-18 20:50:00
7353099,2025-01-18 20:55:11,N,15802.74,33790.89,7736.37,0.0,2025-01-18 20:55:00
7353104,2025-01-18 21:00:12,N,15855.95,33837.46,7746.55,0.0,2025-01-18 21:00:00
7353110,2025-01-18 21:05:13,N,15826.59,34026.93,7745.42,0.0,2025-01-18 21:05:00
7353112,2025-01-18 21:10:11,N,15877.54,34185.41,7745.44,0.0,2025-01-18 21:10:00
7353114,2025-01-18 21:15:11,N,15974.62,34160.44,7745.29,0.0,2025-01-18 21:15:00
7353118,2025-01-18 21:20:11,N,15977.58,33984.13,7746.3,0.0,2025-01-18 21:20:00
7353120,2025-01-18 21:25:11,N,15894.13,34257.16,7741.41,0.0,2025-01-18 21:25:00
7353122,2025-01-18 21:30:11,N,15932.25,34164.79,7740.36,0.0,2025-01-18 21:30:00
7353126,2025-01-18 21:35:11,N,16057.99,33722.87,7741.62,0.0,2025-01-18 21:35:00
7353128,2025-01-18 21:40:11,N,15891.76,34570.31,7742.59,0.0,2025-01-18 21:40:00
7353130,2025-01-18 21:45:11,N,15953.39,34485.18,7742.52,0.0,2025-01-18 21:45:00
7353134,2025-01-18 21:50:11,N,15865.84,34374.09,7742.5,0.0,2025-01-18 21:50:00
7353136,2025-01-18 21:55:11,N,15872.09,34726.09,7742.48,0.0,2025-01-18 21:55:00
7353141,2025-01-18 22:00:12,N,15872.27,34866.96,7501.52,0.0,2025-01-18 22:00:00
7353147,2025-01-18 22:05:11,N,16067.66,34908.96,7663.62,0.0,2025-01-18 22:05:00
7353149,2025-01-18 22:10:11,N,15963.43,34785.95,7663.57,0.0,2025-01-18 22:10:00
7353151,2025-01-18 22:15:11,N,16037.32,34804.91,7663.45,0.0,2025-01-18 22:15:00
7353155,2025-01-18 22:20:11,N,15916.59,34371.1,7663.43,0.0,2025-01-18 22:20:00
7353157,2025-01-18 22:25:12,N,16081.72,34904.82,7663.42,0.0,2025-01-18 22:25:00
7353159,2025-01-18 22:30:11,N,16027.57,34514.34,7663.37,0.0,2025-01-18 22:30:00
7353163,2025-01-18 22:35:11,N,16107.85,34775.84,7663.5,0.0,2025-01-18 22:35:00
7353165,2025-01-18 22:40:11,N,16096.75,34812.65,7663.56,0.0,2025-01-18 22:40:00
7353167,2025-01-18 22:45:11,N,16003.7,34740.13,7663.56,0.0,2025-01-18 22:45:00
7353171,2025-01-18 22:50:11,N,16022.91,34762.29,7663.34,0.0,2025-01-18 22:50:00
7353173,2025-01-18 22:55:11,N,16079.36,34833.64,7663.41,0.0,2025-01-18 22:55:00
7353178,2025-01-18 23:00:11,N,15977.95,34887.57,7725.12,0.0,2025-01-18 23:00:00
7353184,2025-01-18 23:05:11,N,16004.1,35219.68,7726.32,0.0,2025-01-18 23:05:00
7353186,2025-01-18 23:10:11,N,15946.79,35241.21,7726.17,0.0,2025-01-18 23:10:00
7353188,2025-01-18 23:15:11,N,15857.93,35136.31,7726.13,0.0,2025-01-18 23:15:00
7353192,2025-01-18 23:20:11,N,15879.03,35115.39,7726.27,0.0,2025-01-18 23:20:00
7353194,2025-01-18 23:25:11,N,15932.87,35127.53,7726.16,0.0,2025-01-18 23:25:00
7353196,2025-01-18 23:30:12,N,15981.28,35354.57,7726.14,0.0,2025-01-18 23:30:00
7353200,2025-01-18 23:35:11,N,16044.58,35502.0,7727.24,0.0,2025-01-18 23:35:00
7353202,2025-01-18 23:40:11,N,16094.21,35842.54,7727.34,0.0,2025-01-18 23:40:00
7353204,2025-01-18 23:45:11,N,16023.41,36008.38,7727.33,0.0,2025-01-18 23:45:00
7353208,2025-01-18 23:50:10,N,16134.83,36053.56,7727.09,0.0,2025-01-18 23:50:00
7353210,2025-01-18 23:55:11,N,16329.5,36640.79,7727.17,0.0,2025-01-18 23:55:00
7353215,2025-01-19 00:00:15,N,16011.18,35419.37,7587.66,0.0,2025-01-19 00:00:00
7353221,2025-01-19 00:05:11,N,16053.12,36024.48,7299.16,0.0,2025-01-19 00:05:00
7353223,2025-01-19 00:10:12,N,16252.61,36451.35,7299.08,0.0,2025-01-19 00:10:00
7353225,2025-01-19 00:15:11,N,16161.17,36473.39,7299.05,0.0,2025-01-19 00:15:00
7353229,2025-01-19 00:20:11,N,16034.42,35861.0,7298.99,0.0,2025-01-19 00:20:00
7353231,2025-01-19 00:25:10,N,16056.4,35947.65,7298.85,0.0,2025-01-19 00:25:00
7353233,2025-01-19 00:30:11,N,15840.67,36030.89,7298.95,0.0,2025-01-19 00:30:00
7353237,2025-01-19 00:35:11,N,16076.1,36026.04,7300.09,0.0,2025-01-19 00:35:00
7353239,2025-01-19 00:40:12,N,16100.21,35773.3,7299.07,0.0,2025-01-19 00:40:00
7353241,2025-01-19 00:45:11,N,16129.99,35733.55,7299.04,0.0,2025-01-19 00:45:00
7353245,2025-01-19 00:50:11,N,16108.94,35578.24,7299.81,0.0,2025-01-19 00:50:00
7353247,2025-01-19 00:55:12,N,16123.96,35681.93,7301.06,0.0,2025-01-19 00:55:00
7353252,2025-01-19 01:00:16,N,16212.81,35949.05,7306.07,0.0,2025-01-19 01:00:00
7353258,2025-01-19 01:05:11,N,16226.54,35502.13,7306.05,0.0,2025-01-19 01:05:00
7353261,2025-01-19 01:10:12,N,16185.41,35537.76,7306.08,0.0,2025-01-19 01:10:00
7353263,2025-01-19 01:15:12,N,16095.87,35187.66,7306.02,0.0,2025-01-19 01:15:00
7353267,2025-01-19 01:20:11,N,16140.32,35067.88,7306.08,0.0,2025-01-19 01:20:00
7353269,2025-01-19 01:25:11,N,16151.92,35068.82,7306.0,0.0,2025-01-19 01:25:00
7353271,2025-01-19 01:30:11,N,16108.81,34977.09,7306.07,0.0,2025-01-19 01:30:00
7353275,2025-01-19 01:35:11,N,16125.14,34870.05,7306.11,0.0,2025-01-19 01:35:00
7353277,2025-01-19 01:40:11,N,16013.58,34568.42,7306.09,0.0,2025-01-19 01:40:00
7353279,2025-01-19 01:45:11,N,16034.6,34403.59,7306.1,0.0,2025-01-19 01:45:00
7353283,2025-01-19 01:50:12,N,15938.98,34200.07,7305.99,0.0,2025-01-19 01:50:00
7353285,2025-01-19 01:55:11,N,15890.95,34241.26,7305.97,0.0,2025-01-19 01:55:00
7353290,2025-01-19 02:00:14,N,15906.82,34421.39,7307.36,0.0,2025-01-19 02:00:00
7353296,2025-01-19 02:05:12,N,15849.58,34326.9,7307.36,0.0,2025-01-19 02:05:00
7353298,2025-01-19 02:10:11,N,15925.02,34276.63,7307.27,0.0,2025-01-19 02:10:00
7353300,2025-01-19 02:15:11,N,15891.5,34132.13,7307.33,0.0,2025-01-19 02:15:00
7353304,2025-01-19 02:20:12,N,15819.07,34157.17,7307.38,0.0,2025-01-19 02:20:00
7353306,2025-01-19 02:25:11,N,15864.89,34060.5,7307.29,0.0,2025-01-19 02:25:00
7353308,2025-01-19 02:30:11,N,15877.97,34064.86,7307.39,0.0,2025-01-19 02:30:00
7353312,2025-01-19 02:35:11,N,15884.1,33722.95,7307.46,0.0,2025-01-19 02:35:00
7353314,2025-01-19 02:40:11,N,15648.0,33941.8,7307.48,0.0,2025-01-19 02:40:00
7353316,2025-01-19 02:45:11,N,15673.49,33735.77,7307.46,0.0,2025-01-19 02:45:00
7353320,2025-01-19 02:50:09,N,15477.1,33606.8,7307.33,0.0,2025-01-19 02:50:00
7353322,2025-01-19 02:55:11,N,15356.59,33375.24,7308.36,0.0,2025-01-19 02:55:00
7353327,2025-01-19 03:00:14,N,15281.29,33192.49,7313.28,0.0,2025-01-19 03:00:00
7353333,2025-01-19 03:05:11,N,15354.67,32891.83,7313.71,0.0,2025-01-19 03:05:00
7353335,2025-01-19 03:10:10,N,15347.03,32667.11,7313.7,0.0,2025-01-19 03:10:00
7353337,2025-01-19 03:15:11,N,15349.07,32630.89,7313.67,0.0,2025-01-19 03:15:00
7353341,2025-01-19 03:20:11,N,15391.72,32757.31,7313.75,0.0,2025-01-19 03:20:00
7353343,2025-01-19 03:25:11,N,15343.01,32537.37,7313.62,0.0,2025-01-19 03:25:00
7353345,2025-01-19 03:30:11,N,15466.02,32237.31,7313.7,0.0,2025-01-19 03:30:00
7353349,2025-01-19 03:35:11,N,15367.14,31816.31,7313.82,0.0,2025-01-19 03:35:00
7353351,2025-01-19 03:40:12,N,15025.97,31482.96,7278.82,0.0,2025-01-19 03:40:00
7353353,2025-01-19 03:45:11,N,15212.51,31120.24,7313.81,0.0,2025-01-19 03:45:00
7353357,2025-01-19 03:50:11,N,15081.51,31191.06,7313.7,0.0,2025-01-19 03:50:00
7353359,2025-01-19 03:55:11,N,14981.52,30812.47,7313.71,0.0,2025-01-19 03:55:00
7353364,2025-01-19 04:00:11,N,14948.03,30166.76,7282.13,0.0,2025-01-19 04:00:00
7353370,2025-01-19 04:05:12,N,14954.01,30099.47,7373.61,0.0,2025-01-19 04:05:00
7353372,2025-01-19 04:10:10,N,14753.29,29765.13,7373.53,0.0,2025-01-19 04:10:00
7353374,2025-01-19 04:15:10,N,14640.05,29534.62,7373.44,0.0,2025-01-19 04:15:00
7353378,2025-01-19 04:20:11,N,14773.77,29947.96,7373.52,0.0,2025-01-19 04:20:00
7353380,2025-01-19 04:25:11,N,14842.29,29293.54,7373.42,0.0,2025-01-19 04:25:00
7353382,2025-01-19 04:30:12,N,14733.19,29055.28,7373.39,0.0,2025-01-19 04:30:00
7353386,2025-01-19 04:35:11,N,14645.17,28656.45,7373.56,0.0,2025-01-19 04:35:00
7353388,2025-01-19 04:40:11,N,14647.04,28422.52,7373.56,0.0,2025-01-19 04:40:00
7353390,2025-01-19 04:45:11,N,14457.64,28103.59,7373.49,0.0,2025-01-19 04:45:00
7353394,2025-01-19 04:50:11,N,14280.91,27725.05,7373.33,0.0,2025-01-19 04:50:00
7353396,2025-01-19 04:55:11,N,14381.01,27533.95,7373.44,0.0,2025-01-19 04:55:00
7353401,2025-01-19 05:00:13,N,14336.95,27727.75,7375.54,0.0,2025-01-19 05:00:00
7353407,2025-01-19 05:05:11,N,14280.3,27027.12,7379.84,0.0,2025-01-19 05:05:00
7353409,2025-01-19 05:10:11,N,14214.51,26624.54,7379.93,0.0,2025-01-19 05:10:00
7353411,2025-01-19 05:15:10,N,14169.96,26671.43,7379.98,0.0,2025-01-19 05:15:00
7353415,2025-01-19 05:20:11,N,14094.97,26872.23,7380.1,0.0,2025-01-19 05:20:00
7353418,2025-01-19 05:25:11,N,14069.38,26754.02,7379.88,0.0,2025-01-19 05:25:00
7353420,2025-01-19 05:30:11,N,14160.43,26796.02,7379.9,0.0,2025-01-19 05:30:00
7353424,2025-01-19 05:35:11,N,13969.63,26185.7,7380.12,0.0,2025-01-19 05:35:00
7353426,2025-01-19 05:40:11,N,13730.97,26357.69,7380.09,0.0,2025-01-19 05:40:00
7353428,2025-01-19 05:45:11,N,13752.48,26254.19,7379.97,0.0,2025-01-19 05:45:00
7353432,2025-01-19 05:50:11,N,13519.14,25831.91,7377.86,0.0,2025-01-19 05:50:00
7353434,2025-01-19 05:55:11,N,13354.28,25604.56,7330.83,0.0,2025-01-19 05:55:00
7353439,2025-01-19 06:00:16,N,13400.47,25456.8,7197.96,0.0,2025-01-19 06:00:00
7353445,2025-01-19 06:05:11,N,13410.85,25393.12,7098.33,0.0,2025-01-19 06:05:00
7353447,2025-01-19 06:10:11,N,13381.23,25039.02,6988.23,0.0,2025-01-19 06:10:00
7353449,2025-01-19 06:15:11,N,13186.82,25149.41,6988.08,0.0,2025-01-19 06:15:00
7353453,2025-01-19 06:20:11,N,13093.68,24754.88,6988.3,0.0,2025-01-19 06:20:00
7353455,2025-01-19 06:25:10,N,12834.03,24226.21,7006.78,0.0,2025-01-19 06:25:00
7353457,2025-01-19 06:30:11,N,12618.43,23560.38,7006.97,0.0,2025-01-19 06:30:00
7353461,2025-01-19 06:35:11,N,12684.23,23191.18,7007.09,0.0,2025-01-19 06:35:00
7353463,2025-01-19 06:40:11,N,12445.12,22579.66,7007.08,0.0,2025-01-19 06:40:00
7353465,2025-01-19 06:45:11,N,12203.91,21710.93,7007.11,0.0,2025-01-19 06:45:00
7353469,2025-01-19 06:50:11,N,11996.48,21662.53,7006.93,0.0,2025-01-19 06:50:00
7353471,2025-01-19 06:55:11,N,11685.89,21383.22,7006.92,0.0,2025-01-19 06:55:00
7353476,2025-01-19 07:00:12,N,11549.89,20792.43,7005.55,0.0,2025-01-19 07:00:00
7353482,2025-01-19 07:05:11,N,11566.53,21315.67,7008.88,0.0,2025-01-19 07:05:00
7353484,2025-01-19 07:10:10,N,11374.98,20763.0,7008.91,0.0,2025-01-19 07:10:00
7353486,2025-01-19 07:15:11,N,11188.78,20350.65,7009.02,0.0,2025-01-19 07:15:00
7353490,2025-01-19 07:20:10,N,10468.58,19655.49,7009.08,0.0,2025-01-19 07:20:00
7353492,2025-01-19 07:25:11,N,10282.35,19609.9,7008.95,0.0,2025-01-19 07:25:00
7353494,2025-01-19 07:30:11,N,10071.0,19255.41,7009.08,0.0,2025-01-19 07:30:00
7353498,2025-01-19 07:35:11,N,9985.08,18845.27,6959.14,0.0,2025-01-19 07:35:00
7353500,2025-01-19 07:40:11,N,9857.5,18581.34,6959.01,0.0,2025-01-19 07:40:00
7353502,2025-01-19 07:45:11,N,9890.79,18739.33,6959.06,0.0,2025-01-19 07:45:00
7353506,2025-01-19 07:50:11,N,10080.85,19436.49,6909.12,0.0,2025-01-19 07:50:00
7353508,2025-01-19 07:55:12,N,10240.83,19776.72,6909.35,0.0,2025-01-19 07:55:00
7353513,2025-01-19 08:00:13,N,10591.24,20573.06,6909.18,0.0,2025-01-19 08:00:00
7353519,2025-01-19 08:05:11,N,11354.49,21443.4,6873.13,0.0,2025-01-19 08:05:00
7353521,2025-01-19 08:10:11,N,11370.05,21889.43,6873.08,0.0,2025-01-19 08:10:00
7353523,2025-01-19 08:15:11,N,11582.18,22699.64,6873.15,0.0,2025-01-19 08:15:00
7353527,2025-01-19 08:20:11,N,12110.31,23305.0,6873.27,0.0,2025-01-19 08:20:00
7353529,2025-01-19 08:25:11,N,12365.46,23997.45,6873.11,0.0,2025-01-19 08:25:00
7353531,2025-01-19 08:30:12,N,13171.82,25318.36,6873.28,0.0,2025-01-19 08:30:00
7353535,2025-01-19 08:35:11,N,13301.36,26500.17,6914.87,0.0,2025-01-19 08:35:00
7353537,2025-01-19 08:40:11,N,13771.04,27090.36,6914.86,0.0,2025-01-19 08:40:00
7353539,2025-01-19 08:45:13,N,13811.36,28154.76,6914.9,0.0,2025-01-19 08:45:00
7353543,2025-01-19 08:50:11,N,14493.26,29368.53,6914.89,0.0,2025-01-19 08:50:00
7353545,2025-01-19 08:55:12,N,14806.67,30735.21,6914.86,0.0,2025-01-19 08:55:00
7353550,2025-01-19 09:00:13,N,15055.38,30894.96,6908.66,0.0,2025-01-19 09:00:00
7353556,2025-01-19 09:05:11,N,15259.03,31466.35,7020.27,0.0,2025-01-19 09:05:00
7353558,2025-01-19 09:10:11,N,15576.75,32834.02,7020.3,0.0,2025-01-19 09:10:00
7353560,2025-01-19 09:15:11,N,15842.17,33734.38,7020.27,0.0,2025-01-19 09:15:00
7353564,2025-01-19 09:20:11,N,15905.42,34566.61,7019.57,0.0,2025-01-19 09:20:00
7353566,2025-01-19 09:25:11,N,16038.71,35254.15,7019.38,0.0,2025-01-19 09:25:00
7353568,2025-01-19 09:30:11,N,16103.09,35773.73,7019.29,0.0,2025-01-19 09:30:00
7353572,2025-01-19 09:35:11,N,16426.55,36318.08,7019.19,0.0,2025-01-19 09:35:00
7353574,2025-01-19 09:40:11,N,16344.16,36466.19,7019.35,0.0,2025-01-19 09:40:00
7353576,2025-01-19 09:45:11,N,16292.91,36359.74,7019.38,0.0,2025-01-19 09:45:00
7353580,2025-01-19 09:50:11,N,16352.1,36341.07,7019.36,0.0,2025-01-19 09:50:00
7353582,2025-01-19 09:55:11,N,16590.75,37052.02,7019.41,0.0,2025-01-19 09:55:00
7353587,2025-01-19 10:00:12,N,16664.57,36757.98,6717.73,0.0,2025-01-19 10:00:00
7353595,2025-01-19 10:05:11,N,16707.19,36497.83,7131.61,0.0,2025-01-19 10:05:00
7353598,2025-01-19 10:10:11,N,16477.25,36265.73,7181.45,0.0,2025-01-19 10:10:00
7353600,2025-01-19 10:15:11,N,16526.18,36268.58,7181.5,0.0,2025-01-19 10:15:00
7353604,2025-01-19 10:20:10,N,16407.0,36227.66,7181.76,0.0,2025-01-19 10:20:00
7353606,2025-01-19 10:25:11,N,16114.96,35628.96,7181.78,0.0,2025-01-19 10:25:00
7353608,2025-01-19 10:30:11,N,16148.29,35606.7,7181.95,0.0,2025-01-19 10:30:00
7353612,2025-01-19 10:35:10,N,16082.99,35702.18,7181.87,0.0,2025-01-19 10:35:00
7353614,2025-01-19 10:40:11,N,16084.45,35683.13,7181.99,0.0,2025-01-19 10:40:00
7353616,2025-01-19 10:45:11,N,16285.23,35682.26,7181.94,0.0,2025-01-19 10:45:00
7353620,2025-01-19 10:50:11,N,16139.18,35894.92,7181.74,0.0,2025-01-19 10:50:00
7353622,2025-01-19 10:55:11,N,16101.74,35437.14,7181.69,0.0,2025-01-19 10:55:00
7353627,2025-01-19 11:00:12,N,16110.74,35384.88,7168.77,0.0,2025-01-19 11:00:00
7353633,2025-01-19 11:05:10,N,16081.41,35420.8,7168.73,0.0,2025-01-19 11:05:00
7353635,2025-01-19 11:10:11,N,16052.58,35334.01,7168.65,0.0,2025-01-19 11:10:00
7353637,2025-01-19 11:15:10,N,16037.11,35599.76,7167.44,0.0,2025-01-19 11:15:00
7353641,2025-01-19 11:20:10,N,16214.83,35523.55,7168.58,0.0,2025-01-19 11:20:00
7353643,2025-01-19 11:25:11,N,16082.81,35678.96,7168.52,0.0,2025-01-19 11:25:00
7353645,2025-01-19 11:30:11,N,16092.62,35168.81,7168.66,0.0,2025-01-19 11:30:00
7353649,2025-01-19 11:35:11,N,15991.13,34792.79,7168.69,0.0,2025-01-19 11:35:00
7353651,2025-01-19 11:40:11,N,16015.98,34726.67,7167.69,0.0,2025-01-19 11:40:00
7353653,2025-01-19 11:45:11,N,15978.0,34548.34,7167.67,0.0,2025-01-19 11:45:00
7353657,2025-01-19 11:50:11,N,15874.85,34016.04,7167.6,0.0,2025-01-19 11:50:00
7353659,2025-01-19 11:55:10,N,15813.21,34207.91,7167.63,0.0,2025-01-19 11:55:00
7353664,2025-01-19 12:00:11,N,15800.58,34190.52,7168.34,0.0,2025-01-19 12:00:00
7353670,2025-01-19 12:05:11,N,15838.3,34766.33,7168.23,0.0,2025-01-19 12:05:00
7353672,2025-01-19 12:10:11,N,15849.16,34758.5,7168.05,0.0,2025-01-19 12:10:00
7353674,2025-01-19 12:15:10,N,15778.6,34420.99,7168.03,0.0,2025-01-19 12:15:00
7353678,2025-01-19 12:20:11,N,15825.11,34716.07,7168.25,0.0,2025-01-19 12:20:00
7353680,2025-01-19 12:25:11,N,15871.51,34807.38,7168.22,0.0,2025-01-19 12:25:00
7353682,2025-01-19 12:30:11,N,15853.5,34655.97,7168.33,0.0,2025-01-19 12:30:00
7353686,2025-01-19 12:35:11,N,15898.89,34837.8,7168.41,0.0,2025-01-19 12:35:00
7353688,2025-01-19 12:40:11,N,16101.45,34851.06,7168.22,0.0,2025-01-19 12:40:00
7353690,2025-01-19 12:45:11,N,16160.54,34828.7,7168.28,0.0,2025-01-19 12:45:00
7353694,2025-01-19 12:50:11,N,16099.43,34812.1,7168.26,0.0,2025-01-19 12:50:00
7353696,2025-01-19 12:55:10,N,16084.39,34781.23,7168.33,0.0,2025-01-19 12:55:00
7353701,2025-01-19 13:00:12,N,16287.54,34985.05,7162.3,0.0,2025-01-19 13:00:00
7353707,2025-01-19 13:05:11,N,16084.38,34932.21,7165.42,0.0,2025-01-19 13:05:00
7353709,2025-01-19 13:10:10,N,16164.39,34867.12,7165.32,0.0,2025-01-19 13:10:00
7353711,2025-01-19 13:15:11,N,16240.08,35192.68,7165.33,0.0,2025-01-19 13:15:00
7353715,2025-01-19 13:20:10,N,16226.48,35231.98,7165.4,0.0,2025-01-19 13:20:00
7353717,2025-01-19 13:25:10,N,16226.91,35271.46,7165.59,0.0,2025-01-19 13:25:00
7353719,2025-01-19 13:30:11,N,16206.23,35307.88,7165.79,0.0,2025-01-19 13:30:00
7353723,2025-01-19 13:35:11,N,16295.83,35304.95,7165.88,0.0,2025-01-19 13:35:00
7353725,2025-01-19 13:40:11,N,16304.97,35303.89,7165.81,0.0,2025-01-19 13:40:00
7353727,2025-01-19 13:45:10,N,16603.02,35917.77,7165.64,0.0,2025-01-19 13:45:00
7353731,2025-01-19 13:50:10,N,16495.11,36202.09,7165.54,0.0,2025-01-19 13:50:00
7353733,2025-01-19 13:55:10,N,16322.02,36044.14,7165.59,0.0,2025-01-19 13:55:00
7353738,2025-01-19 14:00:11,N,16511.26,36051.87,7156.84,0.0,2025-01-19 14:00:00
7353744,2025-01-19 14:05:10,N,16511.25,36381.57,7155.25,0.0,2025-01-19 14:05:00
7353746,2025-01-19 14:10:11,N,16541.99,36518.79,7154.99,0.0,2025-01-19 14:10:00
7353748,2025-01-19 14:15:11,N,16573.82,36521.32,7154.95,0.0,2025-01-19 14:15:00
7353752,2025-01-19 14:20:11,N,16724.58,36689.06,7155.19,0.0,2025-01-19 14:20:00
7353754,2025-01-19 14:25:09,N,16627.84,36482.2,7155.13,0.0,2025-01-19 14:25:00
7353758,2025-01-19 14:30:10,N,16813.75,36543.49,7155.44,0.0,2025-01-19 14:30:00
7353764,2025-01-19 14:35:11,N,16864.55,36752.61,7155.46,0.0,2025-01-19 14:35:00
7353766,2025-01-19 14:40:10,N,16879.84,36844.47,7155.39,0.0,2025-01-19 14:40:00
7353768,2025-01-19 14:45:10,N,16969.47,37211.75,7155.42,0.0,2025-01-19 14:45:00
7353772,2025-01-19 14:50:09,N,16944.3,37179.09,7155.31,0.0,2025-01-19 14:50:00
7353774,2025-01-19 14:55:11,N,17276.89,37673.08,7155.23,0.0,2025-01-19 14:55:00
7353779,2025-01-19 15:00:12,N,17141.12,38047.75,7152.26,0.0,2025-01-19 15:00:00
7353785,2025-01-19 15:05:10,N,16997.05,37552.13,7155.38,0.0,2025-01-19 15:05:00
7353787,2025-01-19 15:10:11,N,17155.25,37595.42,7155.22,0.0,2025-01-19 15:10:00
7353789,2025-01-19 15:15:09,N,17316.17,37822.92,7155.12,0.0,2025-01-19 15:15:00
7353793,2025-01-19 15:20:09,N,17197.83,37793.44,7155.27,0.0,2025-01-19 15:20:00
7353795,2025-01-19 15:25:09,N,17348.2,37802.44,7155.25,0.0,2025-01-19 15:25:00
7353797,2025-01-19 15:30:10,N,17232.08,37648.54,7155.52,0.0,2025-01-19 15:30:00
7353801,2025-01-19 15:35:10,N,17163.22,37313.88,7155.51,0.0,2025-01-19 15:35:00
7353803,2025-01-19 15:40:10,N,17110.47,37252.36,7155.52,0.0,2025-01-19 15:40:00
7353805,2025-01-19 15:45:10,N,17352.8,37736.36,7155.58,0.0,2025-01-19 15:45:00
7353809,2025-01-19 15:50:10,N,17122.27,37146.79,7155.47,0.0,2025-01-19 15:50:00
7353811,2025-01-19 15:55:11,N,17123.14,36865.19,7155.46,0.0,2025-01-19 15:55:00
7353816,2025-01-19 16:00:12,N,17179.38,36362.63,7158.71,0.0,2025-01-19 16:00:00
7353822,2025-01-19 16:05:10,N,17267.79,36439.7,7065.43,0.0,2025-01-19 16:05:00
7353824,2025-01-19 16:10:09,N,17144.5,35700.94,7065.23,0.0,2025-01-19 16:10:00
7353826,2025-01-19 16:15:09,N,17342.12,35501.28,7065.21,0.0,2025-01-19 16:15:00
7353830,2025-01-19 16:20:09,N,16930.16,34563.39,7065.32,0.0,2025-01-19 16:20:00
7353832,2025-01-19 16:25:09,N,16770.81,33331.79,7065.35,0.0,2025-01-19 16:25:00
7353834,2025-01-19 16:30:10,N,16803.92,33105.22,7065.58,0.0,2025-01-19 16:30:00
7353838,2025-01-19 16:35:10,N,16502.01,31872.83,7065.5,0.0,2025-01-19 16:35:00
7353840,2025-01-19 16:40:10,N,15983.05,30459.24,7065.4,0.0,2025-01-19 16:40:00
7353842,2025-01-19 16:45:10,N,15567.96,29030.61,7065.45,0.0,2025-01-19 16:45:00
7353846,2025-01-19 16:50:09,N,15115.64,27640.87,7066.33,0.0,2025-01-19 16:50:00
7353848,2025-01-19 16:55:10,N,14495.53,26190.02,7066.35,0.0,2025-01-19 16:55:00
7353853,2025-01-19 17:00:13,N,14388.15,25099.21,6742.28,0.0,2025-01-19 17:00:00
7353859,2025-01-19 17:05:10,N,13837.21,24037.88,7280.75,0.0,2025-01-19 17:05:00
7353861,2025-01-19 17:10:10,N,13367.74,22876.4,7280.54,0.0,2025-01-19 17:10:00
7353863,2025-01-19 17:15:09,N,12821.73,21462.01,7280.46,0.0,2025-01-19 17:15:00
7353867,2025-01-19 17:20:09,N,12251.67,19974.97,7280.61,0.0,2025-01-19 17:20:00
7353869,2025-01-19 17:25:09,N,11632.34,18597.39,7280.63,0.0,2025-01-19 17:25:00
7353871,2025-01-19 17:30:09,N,10852.9,17070.9,7280.82,0.0,2025-01-19 17:30:00
7353875,2025-01-19 17:35:08,N,10460.76,16263.48,7280.78,0.0,2025-01-19 17:35:00
7353877,2025-01-19 17:40:09,N,9979.43,15697.37,7280.87,0.0,2025-01-19 17:40:00
7353879,2025-01-19 17:45:09,N,9406.79,14873.88,7076.84,0.0,2025-01-19 17:45:00
7353883,2025-01-19 17:50:09,N,9215.87,14325.06,7076.75,0.0,2025-01-19 17:50:00
7353885,2025-01-19 17:55:10,N,8806.06,13868.51,7076.79,0.0,2025-01-19 17:55:00
7353890,2025-01-19 18:00:12,N,8646.67,13512.54,6922.93,0.0,2025-01-19 18:00:00
7353896,2025-01-19 18:05:09,N,8360.4,13440.22,6919.76,0.0,2025-01-19 18:05:00
7353898,2025-01-19 18:10:11,N,7969.27,13107.57,6919.54,0.0,2025-01-19 18:10:00
7353900,2025-01-19 18:15:09,N,7793.77,12910.57,6919.5,0.0,2025-01-19 18:15:00
7353904,2025-01-19 18:20:11,N,7854.49,12549.8,6809.64,0.0,2025-01-19 18:20:00
7353906,2025-01-19 18:25:09,N,7604.57,12502.18,6810.53,0.0,2025-01-19 18:25:00
7353908,2025-01-19 18:30:10,N,7814.74,12639.52,6810.7,0.0,2025-01-19 18:30:00
7353912,2025-01-19 18:35:09,N,7763.92,12625.67,6810.73,0.0,2025-01-19 18:35:00
7353914,2025-01-19 18:40:10,N,7844.42,12616.35,6760.69,0.0,2025-01-19 18:40:00
7353916,2025-01-19 18:45:09,N,8028.33,12732.53,6760.69,0.0,2025-01-19 18:45:00
7353920,2025-01-19 18:50:10,N,8089.89,12876.94,6760.79,0.0,2025-01-19 18:50:00
7353922,2025-01-19 18:55:11,N,8103.19,13027.6,6719.14,0.0,2025-01-19 18:55:00
7353927,2025-01-19 19:00:13,N,8272.74,13343.85,6696.16,0.0,2025-01-19 19:00:00
7353933,2025-01-19 19:05:10,N,8279.6,13318.25,6699.36,0.0,2025-01-19 19:05:00
7353935,2025-01-19 19:10:10,N,8371.27,13358.95,6699.26,0.0,2025-01-19 19:10:00
7353937,2025-01-19 19:15:09,N,8534.45,13496.78,6699.28,0.0,2025-01-19 19:15:00
7353941,2025-01-19 19:20:10,N,8562.89,13433.4,6699.46,0.0,2025-01-19 19:20:00
7353943,2025-01-19 19:25:09,N,8693.04,13831.46,6699.4,0.0,2025-01-19 19:25:00
7353945,2025-01-19 19:30:09,N,8680.58,13764.02,6699.43,0.0,2025-01-19 19:30:00
7353949,2025-01-19 19:35:08,N,8617.95,13804.15,6698.92,0.0,2025-01-19 19:35:00
7353951,2025-01-19 19:40:11,N,8674.41,13967.76,6699.09,0.0,2025-01-19 19:40:00
7353953,2025-01-19 19:45:10,N,8650.4,14020.17,6699.14,0.0,2025-01-19 19:45:00
7353957,2025-01-19 19:50:10,N,8697.03,14057.89,6699.15,0.0,2025-01-19 19:50:00
7353959,2025-01-19 19:55:11,N,8603.23,13805.62,6699.3,0.0,2025-01-19 19:55:00
7353964,2025-01-19 20:00:11,N,8477.75,13644.36,6774.94,0.0,2025-01-19 20:00:00
7353970,2025-01-19 20:05:10,N,8402.09,13736.78,6778.88,0.0,2025-01-19 20:05:00
7353972,2025-01-19 20:10:09,N,8511.66,14117.43,6593.6,0.0,2025-01-19 20:10:00
7353974,2025-01-19 20:15:09,N,8703.5,14305.25,6592.95,0.0,2025-01-19 20:15:00
7353978,2025-01-19 20:20:09,N,8798.39,14599.71,6593.48,0.0,2025-01-19 20:20:00
7353980,2025-01-19 20:25:08,N,8750.09,14822.71,6594.61,0.0,2025-01-19 20:25:00
7353982,2025-01-19 20:30:10,N,8840.98,15038.18,6594.28,0.0,2025-01-19 20:30:00
7353986,2025-01-19 20:35:10,N,9062.04,15196.18,6594.33,0.0,2025-01-19 20:35:00
7353988,2025-01-19 20:40:08,N,9104.8,15088.15,6693.91,0.0,2025-01-19 20:40:00
7353990,2025-01-19 20:45:10,N,9001.98,14980.35,6795.29,0.0,2025-01-19 20:45:00
7353994,2025-01-19 20:50:10,N,8892.97,15023.98,6796.02,0.0,2025-01-19 20:50:00
7353996,2025-01-19 20:55:09,N,8878.16,15204.61,6795.97,0.0,2025-01-19 20:55:00
7354001,2025-01-19 21:00:13,N,8882.09,14982.42,6712.9,0.0,2025-01-19 21:00:00
7354007,2025-01-19 21:05:09,N,8424.22,14688.76,6662.1,0.0,2025-01-19 21:05:00
7354009,2025-01-19 21:10:10,N,8315.73,14613.75,6606.08,0.0,2025-01-19 21:10:00
7354011,2025-01-19 21:15:09,N,8391.29,14679.61,6606.09,0.0,2025-01-19 21:15:00
7354015,2025-01-19 21:20:09,N,8378.39,14568.66,6756.44,0.0,2025-01-19 21:20:00
7354017,2025-01-19 21:25:09,N,8319.97,14759.77,6756.36,0.0,2025-01-19 21:25:00
7354019,2025-01-19 21:30:10,N,8343.69,14666.96,6700.57,0.0,2025-01-19 21:30:00
7354023,2025-01-19 21:35:10,N,8554.11,14923.98,6700.5,0.0,2025-01-19 21:35:00
7354025,2025-01-19 21:40:10,N,8760.46,15116.94,6706.45,0.0,2025-01-19 21:40:00
7354027,2025-01-19 21:45:09,N,8852.45,15219.0,6731.39,0.0,2025-01-19 21:45:00
7354031,2025-01-19 21:50:10,N,8934.77,15318.58,6731.38,0.0,2025-01-19 21:50:00
7354033,2025-01-19 21:55:10,N,8694.44,15102.8,6731.36,0.0,2025-01-19 21:55:00
7354038,2025-01-19 22:00:11,N,8798.83,15240.82,6579.97,0.0,2025-01-19 22:00:00
7354044,2025-01-19 22:05:10,N,8845.76,15494.57,6707.04,0.0,2025-01-19 22:05:00
7354046,2025-01-19 22:10:09,N,8905.71,15431.73,6700.96,0.0,2025-01-19 22:10:00
7354048,2025-01-19 22:15:08,N,8863.46,15304.32,6700.94,0.0,2025-01-19 22:15:00
7354052,2025-01-19 22:20:09,N,8874.83,15420.11,6701.14,0.0,2025-01-19 22:20:00
7354054,2025-01-19 22:25:07,N,8994.45,15585.27,6701.06,0.0,2025-01-19 22:25:00
7354056,2025-01-19 22:30:08,N,9251.2,16154.84,6701.09,0.0,2025-01-19 22:30:00
7354060,2025-01-19 22:35:08,N,9330.26,16445.78,6701.17,0.0,2025-01-19 22:35:00
7354062,2025-01-19 22:40:07,N,9445.74,16584.79,6701.08,0.0,2025-01-19 22:40:00
7354064,2025-01-19 22:45:08,N,9330.27,16541.47,6752.11,0.0,2025-01-19 22:45:00
7354068,2025-01-19 22:50:08,N,9394.18,16761.18,6806.82,0.0,2025-01-19 22:50:00
7354070,2025-01-19 22:55:08,N,9439.82,16941.7,6858.1,0.0,2025-01-19 22:55:00
7354075,2025-01-19 23:00:11,N,9493.61,17154.52,6907.13,0.0,2025-01-19 23:00:00
7354081,2025-01-19 23:05:08,N,9444.13,17544.65,7140.36,0.0,2025-01-19 23:05:00
7354083,2025-01-19 23:10:08,N,9487.29,17537.49,7140.18,0.0,2025-01-19 23:10:00
7354085,2025-01-19 23:15:08,N,9572.23,17832.12,7140.34,0.0,2025-01-19 23:15:00
7354089,2025-01-19 23:20:07,N,9685.9,18162.84,7140.43,0.0,2025-01-19 23:20:00
7354091,2025-01-19 23:25:10,N,9763.38,18354.58,7140.2,0.0,2025-01-19 23:25:00
7354093,2025-01-19 23:30:10,N,9850.05,18462.17,7140.31,0.0,2025-01-19 23:30:00
7354097,2025-01-19 23:35:10,N,9901.29,18952.85,7124.19,0.0,2025-01-19 23:35:00
7354099,2025-01-19 23:40:10,N,9999.25,19003.58,7124.37,0.0,2025-01-19 23:40:00
7354101,2025-01-19 23:45:09,N,10150.06,19112.1,7124.26,0.0,2025-01-19 23:45:00
7354105,2025-01-19 23:50:10,N,10442.81,19338.22,7124.29,0.0,2025-01-19 23:50:00
7354107,2025-01-19 23:55:10,N,10744.37,19326.57,7124.12,0.0,2025-01-19 23:55:00
7354112,2025-01-20 00:00:13,N,10752.49,19349.06,6922.21,0.0,2025-01-20 00:00:00
7354118,2025-01-20 00:05:12,N,10575.62,19340.21,7125.14,0.0,2025-01-20 00:05:00
7354120,2025-01-20 00:10:10,N,10836.78,19900.32,7124.93,0.0,2025-01-20 00:10:00
7354122,2025-01-20 00:15:10,N,10800.68,19998.61,7124.86,0.0,2025-01-20 00:15:00
7354126,2025-01-20 00:20:10,N,10792.8,19913.05,7125.03,0.0,2025-01-20 00:20:00
7354128,2025-01-20 00:25:10,N,10913.2,20005.58,7170.05,0.0,2025-01-20 00:25:00
7354130,2025-01-20 00:30:10,N,10804.73,20092.9,7170.19,0.0,2025-01-20 00:30:00
7354134,2025-01-20 00:35:10,N,10883.63,20208.71,7170.19,0.0,2025-01-20 00:35:00
7354136,2025-01-20 00:40:12,N,10874.6,20146.36,7170.13,0.0,2025-01-20 00:40:00
7354138,2025-01-20 00:45:10,N,10836.47,20312.17,7170.28,0.0,2025-01-20 00:45:00
7354142,2025-01-20 00:50:10,N,10910.77,20325.54,7170.14,0.0,2025-01-20 00:50:00
7354144,2025-01-20 00:55:10,N,10875.13,20219.1,7170.13,0.0,2025-01-20 00:55:00
7354149,2025-01-20 01:00:14,N,10780.78,20083.63,7173.51,0.0,2025-01-20 01:00:00
7354155,2025-01-20 01:05:11,N,10667.13,19912.65,7175.42,0.0,2025-01-20 01:05:00
7354158,2025-01-20 01:10:12,N,10644.55,19902.46,7175.35,0.0,2025-01-20 01:10:00
7354160,2025-01-20 01:15:10,N,10696.13,19847.53,7175.28,0.0,2025-01-20 01:15:00
7354164,2025-01-20 01:20:10,N,10525.23,19578.51,7175.22,0.0,2025-01-20 01:20:00
7354166,2025-01-20 01:25:10,N,10552.48,19403.34,7175.17,0.0,2025-01-20 01:25:00
7354168,2025-01-20 01:30:11,N,10604.65,19602.26,7175.14,0.0,2025-01-20 01:30:00
7354172,2025-01-20 01:35:10,N,10640.59,19635.51,7175.12,0.0,2025-01-20 01:35:00
7354174,2025-01-20 01:40:10,N,10753.86,19889.77,7175.0,0.0,2025-01-20 01:40:00
7354176,2025-01-20 01:45:10,N,10832.39,20125.04,7175.17,0.0,2025-01-20 01:45:00
7354180,2025-01-20 01:50:10,N,10896.36,20258.17,7175.16,0.0,2025-01-20 01:50:00
7354182,2025-01-20 01:55:11,N,10920.24,20416.97,7174.95,0.0,2025-01-20 01:55:00
7354187,2025-01-20 02:00:14,N,10755.52,20246.82,7178.0,0.0,2025-01-20 02:00:00
7354193,2025-01-20 02:05:10,N,10838.63,20360.81,7173.15,0.0,2025-01-20 02:05:00
7354195,2025-01-20 02:10:11,N,10959.8,20740.49,7127.83,0.0,2025-01-20 02:10:00
7354197,2025-01-20 02:15:11,N,11094.59,20903.38,7127.76,0.0,2025-01-20 02:15:00
7354201,2025-01-20 02:20:10,N,11011.88,20680.57,7127.91,0.0,2025-01-20 02:20:00
7354203,2025-01-20 02:25:10,N,11107.74,20669.04,7127.94,0.0,2025-01-20 02:25:00
7354205,2025-01-20 02:30:10,N,11067.2,20945.97,7127.79,0.0,2025-01-20 02:30:00
7354209,2025-01-20 02:35:10,N,11151.07,21029.5,7127.65,0.0,2025-01-20 02:35:00
7354211,2025-01-20 02:40:10,N,11048.73,21015.61,7127.75,0.0,2025-01-20 02:40:00
7354213,2025-01-20 02:45:10,N,11205.54,20793.91,7127.86,0.0,2025-01-20 02:45:00
7354217,2025-01-20 02:50:10,N,11209.79,21128.18,7172.83,0.0,2025-01-20 02:50:00
7354219,2025-01-20 02:55:10,N,11179.88,21205.66,7172.92,0.0,2025-01-20 02:55:00
7354224,2025-01-20 03:00:14,N,11317.64,21337.72,7180.5,0.0,2025-01-20 03:00:00
7354230,2025-01-20 03:05:10,N,11194.69,21096.95,7180.43,0.0,2025-01-20 03:05:00
7354232,2025-01-20 03:10:10,N,11264.58,20892.22,7180.31,0.0,2025-01-20 03:10:00
7354234,2025-01-20 03:15:10,N,11357.48,21144.02,7135.19,0.0,2025-01-20 03:15:00
7354238,2025-01-20 03:20:08,N,11457.71,21246.95,7135.37,0.0,2025-01-20 03:20:00
7354240,2025-01-20 03:25:09,N,11425.83,21321.28,7135.21,0.0,2025-01-20 03:25:00
7354242,2025-01-20 03:30:10,N,11424.58,21215.28,7135.16,0.0,2025-01-20 03:30:00
7354246,2025-01-20 03:35:11,N,11412.0,21370.77,7135.21,0.0,2025-01-20 03:35:00
7354248,2025-01-20 03:40:12,N,11405.16,21338.48,7135.17,0.0,2025-01-20 03:40:00
7354250,2025-01-20 03:45:12,N,11364.89,21152.23,7135.41,0.0,2025-01-20 03:45:00
7354254,2025-01-20 03:50:10,N,11506.41,20994.47,7135.24,0.0,2025-01-20 03:50:00
7354256,2025-01-20 03:55:12,N,11464.84,21000.68,7135.22,0.0,2025-01-20 03:55:00
7354261,2025-01-20 04:00:12,N,11536.76,21135.07,7139.69,0.0,2025-01-20 04:00:00
7354267,2025-01-20 04:05:10,N,11350.52,20713.03,7143.09,0.0,2025-01-20 04:05:00
7354269,2025-01-20 04:10:11,N,11256.88,20530.63,7142.92,0.0,2025-01-20 04:10:00
7354271,2025-01-20 04:15:11,N,11167.61,20323.73,7142.77,0.0,2025-01-20 04:15:00
7354275,2025-01-20 04:20:10,N,11033.32,20240.21,7142.85,0.0,2025-01-20 04:20:00
7354277,2025-01-20 04:25:11,N,11055.49,20020.12,7142.91,0.0,2025-01-20 04:25:00
7354279,2025-01-20 04:30:13,N,10975.54,19834.65,7143.0,0.0,2025-01-20 04:30:00
7354283,2025-01-20 04:35:10,N,10973.16,20132.11,7143.0,0.0,2025-01-20 04:35:00
7354285,2025-01-20 04:40:10,N,10866.08,19865.38,7142.82,0.0,2025-01-20 04:40:00
7354287,2025-01-20 04:45:11,N,10862.76,19976.69,7143.98,0.0,2025-01-20 04:45:00
7354291,2025-01-20 04:50:10,N,10913.52,19809.39,7143.9,0.0,2025-01-20 04:50:00
7354293,2025-01-20 04:55:11,N,10718.72,19666.63,7144.89,0.0,2025-01-20 04:55:00
7354298,2025-01-20 05:00:13,N,10870.1,19775.76,7052.38,0.0,2025-01-20 05:00:00
7354304,2025-01-20 05:05:11,N,10943.47,19471.12,6953.57,0.0,2025-01-20 05:05:00
7354306,2025-01-20 05:10:12,N,10894.14,19223.14,6953.27,0.0,2025-01-20 05:10:00
7354308,2025-01-20 05:15:10,N,10856.22,18868.2,6953.37,0.0,2025-01-20 05:15:00
7354312,2025-01-20 05:20:10,N,10768.7,18494.31,6953.38,0.0,2025-01-20 05:20:00
7354315,2025-01-20 05:25:10,N,10702.99,18214.01,6953.14,0.0,2025-01-20 05:25:00
7354317,2025-01-20 05:30:11,N,10708.76,17928.88,6953.36,0.0,2025-01-20 05:30:00
7354321,2025-01-20 05:35:10,N,10644.02,17841.77,6953.3,0.0,2025-01-20 05:35:00
7354323,2025-01-20 05:40:10,N,10437.11,17472.16,6953.38,0.0,2025-01-20 05:40:00
7354325,2025-01-20 05:45:10,N,10231.37,17288.66,6998.5,0.0,2025-01-20 05:45:00
7354329,2025-01-20 05:50:11,N,10230.64,17296.87,6953.44,0.0,2025-01-20 05:50:00
7354331,2025-01-20 05:55:11,N,10029.29,16873.09,6953.46,0.0,2025-01-20 05:55:00
7354336,2025-01-20 06:00:12,N,10188.47,16718.14,7014.45,0.0,2025-01-20 06:00:00
7354342,2025-01-20 06:05:10,N,9856.7,16293.61,6882.82,0.0,2025-01-20 06:05:00
7354344,2025-01-20 06:10:10,N,9692.42,15950.13,6850.97,0.0,2025-01-20 06:10:00
7354346,2025-01-20 06:15:10,N,9579.49,15940.06,6856.38,0.0,2025-01-20 06:15:00
7354350,2025-01-20 06:20:10,N,9503.6,16146.96,6808.99,0.0,2025-01-20 06:20:00
7354352,2025-01-20 06:25:10,N,9580.23,15928.87,6808.87,0.0,2025-01-20 06:25:00
7354354,2025-01-20 06:30:12,N,9242.21,15308.68,6809.04,0.0,2025-01-20 06:30:00
7354358,2025-01-20 06:35:11,N,9052.55,14919.22,6808.96,0.0,2025-01-20 06:35:00
7354360,2025-01-20 06:40:10,N,8892.51,15104.11,6808.86,0.0,2025-01-20 06:40:00
7354362,2025-01-20 06:45:11,N,8979.19,15026.94,6809.04,0.0,2025-01-20 06:45:00
7354366,2025-01-20 06:50:11,N,8942.58,14908.7,6808.87,0.0,2025-01-20 06:50:00
7354368,2025-01-20 06:55:11,N,8867.27,14777.46,6808.33,0.0,2025-01-20 06:55:00
7354373,2025-01-20 07:00:11,N,8778.82,14673.53,6802.5,0.0,2025-01-20 07:00:00
7354379,2025-01-20 07:05:10,N,8309.56,14434.34,6809.75,0.0,2025-01-20 07:05:00
7354381,2025-01-20 07:10:10,N,8083.87,14411.25,6809.48,0.0,2025-01-20 07:10:00
7354383,2025-01-20 07:15:10,N,8007.57,14171.24,6809.63,0.0,2025-01-20 07:15:00
7354387,2025-01-20 07:20:10,N,7988.93,14177.38,6809.2,0.0,2025-01-20 07:20:00
7354389,2025-01-20 07:25:11,N,7874.98,13809.91,6809.78,0.0,2025-01-20 07:25:00
7354391,2025-01-20 07:30:11,N,7831.37,13608.37,6854.86,0.0,2025-01-20 07:30:00
7354395,2025-01-20 07:35:11,N,7969.49,13989.05,6855.67,0.0,2025-01-20 07:35:00
7354397,2025-01-20 07:40:10,N,7738.69,13774.77,6855.64,0.0,2025-01-20 07:40:00
7354399,2025-01-20 07:45:11,N,7740.31,13787.01,6855.86,0.0,2025-01-20 07:45:00
7354403,2025-01-20 07:50:11,N,7961.37,13994.78,6855.74,0.0,2025-01-20 07:50:00
7354405,2025-01-20 07:55:11,N,7874.1,14117.6,6855.63,0.0,2025-01-20 07:55:00
7354410,2025-01-20 08:00:12,N,8168.46,14018.23,6865.0,0.0,2025-01-20 08:00:00
7354416,2025-01-20 08:05:11,N,8300.77,14709.23,6696.82,0.0,2025-01-20 08:05:00
7354418,2025-01-20 08:10:11,N,8470.87,14839.12,6806.31,0.0,2025-01-20 08:10:00
7354420,2025-01-20 08:15:11,N,8546.01,15430.77,6839.48,0.0,2025-01-20 08:15:00
7354424,2025-01-20 08:20:11,N,8806.41,16088.4,6901.94,0.0,2025-01-20 08:20:00
7354426,2025-01-20 08:25:11,N,9036.64,16301.58,6950.84,0.0,2025-01-20 08:25:00
7354428,2025-01-20 08:30:11,N,9252.11,16716.82,7081.58,0.0,2025-01-20 08:30:00
7354432,2025-01-20 08:35:11,N,9553.09,17596.69,7025.9,0.0,2025-01-20 08:35:00
7354434,2025-01-20 08:40:11,N,9559.21,17981.08,7064.09,0.0,2025-01-20 08:40:00
7354436,2025-01-20 08:45:11,N,9628.9,18157.46,7237.78,0.0,2025-01-20 08:45:00
7354440,2025-01-20 08:50:11,N,9822.35,18959.68,7236.4,0.0,2025-01-20 08:50:00
7354442,2025-01-20 08:55:10,N,10063.43,19545.25,7194.35,0.0,2025-01-20 08:55:00
7354447,2025-01-20 09:00:12,N,10214.06,19791.02,7401.56,0.0,2025-01-20 09:00:00
7354453,2025-01-20 09:05:11,N,10508.02,20233.65,7411.58,0.0,2025-01-20 09:05:00
7354455,2025-01-20 09:10:11,N,11016.85,21142.07,7412.8,0.0,2025-01-20 09:10:00
7354457,2025-01-20 09:15:12,N,11156.17,21564.55,7411.27,0.0,2025-01-20 09:15:00
7354461,2025-01-20 09:20:10,N,11196.97,21968.27,7413.98,0.0,2025-01-20 09:20:00
7354463,2025-01-20 09:25:10,N,11352.58,22113.54,7413.41,0.0,2025-01-20 09:25:00
7354465,2025-01-20 09:30:11,N,11430.74,22507.17,7419.45,0.0,2025-01-20 09:30:00
7354469,2025-01-20 09:35:11,N,11519.16,23219.65,7418.59,0.0,2025-01-20 09:35:00
7354471,2025-01-20 09:40:10,N,11932.72,23627.2,7419.2,0.0,2025-01-20 09:40:00
7354473,2025-01-20 09:45:11,N,11884.98,23138.82,7458.19,0.0,2025-01-20 09:45:00
7354477,2025-01-20 09:50:11,N,11928.21,23489.39,7503.84,0.0,2025-01-20 09:50:00
7354479,2025-01-20 09:55:11,N,12139.88,24022.21,7503.19,0.0,2025-01-20 09:55:00
7354484,2025-01-20 10:00:13,N,11987.02,24318.39,6787.45,0.0,2025-01-20 10:00:00
7354493,2025-01-20 10:05:11,N,11856.76,24469.95,7011.42,0.0,2025-01-20 10:05:00
7354495,2025-01-20 10:10:10,N,11707.23,24009.15,7010.93,0.0,2025-01-20 10:10:00
7354497,2025-01-20 10:15:10,N,11759.25,24235.93,6966.11,0.0,2025-01-20 10:15:00
7354501,2025-01-20 10:20:10,N,11675.16,24450.89,6966.3,0.0,2025-01-20 10:20:00
7354503,2025-01-20 10:25:10,N,11787.32,24471.61,6966.5,0.0,2025-01-20 10:25:00
7354505,2025-01-20 10:30:13,N,11860.23,24160.14,6966.63,0.0,2025-01-20 10:30:00
7354509,2025-01-20 10:35:11,N,11771.2,24131.11,6966.6,0.0,2025-01-20 10:35:00
7354511,2025-01-20 10:40:10,N,11919.39,24435.48,6966.66,0.0,2025-01-20 10:40:00
7354513,2025-01-20 10:45:11,N,11677.59,23701.32,7058.87,0.0,2025-01-20 10:45:00
7354517,2025-01-20 10:50:11,N,11573.15,23740.66,7058.88,0.0,2025-01-20 10:50:00
7354519,2025-01-20 10:55:12,N,11551.22,23925.22,7059.11,0.0,2025-01-20 10:55:00
7354524,2025-01-20 11:00:12,N,11406.13,23634.56,7007.72,0.0,2025-01-20 11:00:00
7354530,2025-01-20 11:05:10,N,11458.46,23777.58,7137.12,0.0,2025-01-20 11:05:00
7354532,2025-01-20 11:10:11,N,11687.65,23642.56,7100.25,0.0,2025-01-20 11:10:00
7354534,2025-01-20 11:15:11,N,11451.08,23338.77,7100.42,0.0,2025-01-20 11:15:00
7354538,2025-01-20 11:20:10,N,11468.94,23423.74,7100.31,0.0,2025-01-20 11:20:00
7354540,2025-01-20 11:25:10,N,11676.75,23167.14,7081.49,0.0,2025-01-20 11:25:00
7354542,2025-01-20 11:30:12,N,11712.04,23199.29,7137.62,0.0,2025-01-20 11:30:00
7354546,2025-01-20 11:35:11,N,11712.18,23487.28,7137.57,0.0,2025-01-20 11:35:00
7354548,2025-01-20 11:40:10,N,11622.13,23260.83,7137.34,0.0,2025-01-20 11:40:00
7354550,2025-01-20 11:45:11,N,11749.43,23079.61,7137.68,0.0,2025-01-20 11:45:00
7354554,2025-01-20 11:50:11,N,11776.55,23331.13,7137.54,0.0,2025-01-20 11:50:00
7354556,2025-01-20 11:55:12,N,11877.13,23687.7,7137.69,0.0,2025-01-20 11:55:00
7354561,2025-01-20 12:00:12,N,11826.55,23268.12,7037.07,0.0,2025-01-20 12:00:00
7354567,2025-01-20 12:05:11,N,11646.4,23146.85,7128.83,0.0,2025-01-20 12:05:00
7354569,2025-01-20 12:10:11,N,11434.47,22870.88,7128.73,0.0,2025-01-20 12:10:00
7354571,2025-01-20 12:15:11,N,11321.52,22269.0,7128.51,0.0,2025-01-20 12:15:00
7354575,2025-01-20 12:20:11,N,11379.08,22207.79,7128.43,0.0,2025-01-20 12:20:00
7354577,2025-01-20 12:25:11,N,11603.92,22358.33,7128.42,0.0,2025-01-20 12:25:00
7354579,2025-01-20 12:30:11,N,11493.09,22097.32,7128.44,0.0,2025-01-20 12:30:00
7354583,2025-01-20 12:35:12,N,11466.08,22308.27,7128.32,0.0,2025-01-20 12:35:00
7354585,2025-01-20 12:40:11,N,11538.95,22273.41,7128.56,0.0,2025-01-20 12:40:00
7354587,2025-01-20 12:45:11,N,11523.94,21952.76,7128.6,0.0,2025-01-20 12:45:00
7354591,2025-01-20 12:50:11,N,11431.29,21777.96,7127.48,0.0,2025-01-20 12:50:00
7354593,2025-01-20 12:55:12,N,11479.18,21774.25,7127.53,0.0,2025-01-20 12:55:00
7354598,2025-01-20 13:00:12,N,11410.7,21566.8,7119.56,0.0,2025-01-20 13:00:00
7354604,2025-01-20 13:05:10,N,11355.5,21612.42,7118.11,0.0,2025-01-20 13:05:00
7354606,2025-01-20 13:10:11,N,11119.02,21203.14,7117.77,0.0,2025-01-20 13:10:00
7354608,2025-01-20 13:15:10,N,11074.44,20862.57,7117.81,0.0,2025-01-20 13:15:00
7354612,2025-01-20 13:20:11,N,10912.74,21006.8,7117.99,0.0,2025-01-20 13:20:00
7354614,2025-01-20 13:25:11,N,10994.32,21015.54,7118.09,0.0,2025-01-20 13:25:00
7354616,2025-01-20 13:30:11,N,10742.97,20425.33,7117.88,0.0,2025-01-20 13:30:00
7354620,2025-01-20 13:35:11,N,10552.05,20398.36,7117.95,0.0,2025-01-20 13:35:00
7354622,2025-01-20 13:40:11,N,10863.45,20728.29,7118.05,0.0,2025-01-20 13:40:00
7354624,2025-01-20 13:45:11,N,10913.27,20662.81,7118.1,0.0,2025-01-20 13:45:00
7354628,2025-01-20 13:50:11,N,10921.79,20829.83,7117.98,0.0,2025-01-20 13:50:00
7354630,2025-01-20 13:55:11,N,10868.46,20773.73,7099.25,0.0,2025-01-20 13:55:00
7354635,2025-01-20 14:00:13,N,11004.22,20563.54,6889.16,0.0,2025-01-20 14:00:00
7354641,2025-01-20 14:05:11,N,10849.36,20628.55,7095.22,0.0,2025-01-20 14:05:00
7354643,2025-01-20 14:10:11,N,10891.63,20453.54,6939.43,0.0,2025-01-20 14:10:00
7354645,2025-01-20 14:15:10,N,10929.43,20720.08,6883.58,0.0,2025-01-20 14:15:00
7354649,2025-01-20 14:20:11,N,10944.66,20698.75,6883.58,0.0,2025-01-20 14:20:00
7354651,2025-01-20 14:25:10,N,10724.32,20501.6,6883.87,0.0,2025-01-20 14:25:00
7354655,2025-01-20 14:30:10,N,10807.37,20367.44,6883.95,0.0,2025-01-20 14:30:00
7354660,2025-01-20 14:35:10,N,11004.07,20620.12,6883.88,0.0,2025-01-20 14:35:00
7354662,2025-01-20 14:40:11,N,10900.24,20709.14,6883.93,0.0,2025-01-20 14:40:00
7354664,2025-01-20 14:45:10,N,10666.51,20207.48,6883.95,0.0,2025-01-20 14:45:00
7354668,2025-01-20 14:50:09,N,10669.08,20169.61,6883.68,0.0,2025-01-20 14:50:00
7354670,2025-01-20 14:55:11,N,10620.93,20073.84,6883.72,0.0,2025-01-20 14:55:00
7354675,2025-01-20 15:00:13,N,10491.22,19888.21,6880.43,0.0,2025-01-20 15:00:00
7354681,2025-01-20 15:05:11,N,10419.26,19961.44,6863.83,0.0,2025-01-20 15:05:00
7354683,2025-01-20 15:10:10,N,10558.63,19954.53,6919.27,0.0,2025-01-20 15:10:00
7354685,2025-01-20 15:15:10,N,10514.36,19774.75,6224.0,0.0,2025-01-20 15:15:00
7354689,2025-01-20 15:20:10,N,10607.88,20270.56,6030.77,0.0,2025-01-20 15:20:00
7354691,2025-01-20 15:25:11,N,10594.09,20372.82,6031.02,0.0,2025-01-20 15:25:00
7354693,2025-01-20 15:30:11,N,10613.47,20377.16,6031.03,0.0,2025-01-20 15:30:00
7354697,2025-01-20 15:35:11,N,10663.64,20821.8,6030.93,0.0,2025-01-20 15:35:00
7354699,2025-01-20 15:40:11,N,10751.87,21235.01,6030.94,0.0,2025-01-20 15:40:00
7354701,2025-01-20 15:45:11,N,10691.66,20634.29,6030.92,0.0,2025-01-20 15:45:00
7354705,2025-01-20 15:50:12,N,10500.13,20411.48,6005.76,0.0,2025-01-20 15:50:00
7354707,2025-01-20 15:55:11,N,10631.12,20641.47,6030.79,0.0,2025-01-20 15:55:00
7354712,2025-01-20 16:00:12,N,11191.61,21304.18,6030.44,0.0,2025-01-20 16:00:00
7354718,2025-01-20 16:05:11,N,11459.33,21638.88,6008.62,0.0,2025-01-20 16:05:00
7354720,2025-01-20 16:10:11,N,11739.59,21913.52,6033.49,0.0,2025-01-20 16:10:00
7354722,2025-01-20 16:15:10,N,11757.87,21815.76,6033.46,0.0,2025-01-20 16:15:00
7354726,2025-01-20 16:20:10,N,11639.92,21581.12,6008.47,0.0,2025-01-20 16:20:00
7354728,2025-01-20 16:25:10,N,11554.64,21351.2,6008.38,0.0,2025-01-20 16:25:00
7354730,2025-01-20 16:30:10,N,11613.05,21502.89,6008.4,0.0,2025-01-20 16:30:00
7354734,2025-01-20 16:35:10,N,11684.82,21323.08,6008.54,0.0,2025-01-20 16:35:00
7354736,2025-01-20 16:40:10,N,11561.28,20831.24,6008.45,0.0,2025-01-20 16:40:00
7354738,2025-01-20 16:45:11,N,11566.02,20298.47,6144.73,0.0,2025-01-20 16:45:00
7354742,2025-01-20 16:50:11,N,11546.93,20101.53,6144.71,0.0,2025-01-20 16:50:00
7354744,2025-01-20 16:55:11,N,11533.64,19900.89,6144.88,0.0,2025-01-20 16:55:00
7354749,2025-01-20 17:00:11,N,11659.11,19962.72,5949.88,0.0,2025-01-20 17:00:00
7354755,2025-01-20 17:05:11,N,11587.53,19573.04,6247.85,0.0,2025-01-20 17:05:00
7354757,2025-01-20 17:10:12,N,11533.12,19067.61,6227.8,0.0,2025-01-20 17:10:00
7354759,2025-01-20 17:15:11,N,11445.22,18561.13,6227.82,0.0,2025-01-20 17:15:00
7354763,2025-01-20 17:20:10,N,11407.22,17975.03,6227.92,0.0,2025-01-20 17:20:00
7354765,2025-01-20 17:25:10,N,10941.63,17603.69,6227.97,0.0,2025-01-20 17:25:00
7354767,2025-01-20 17:30:10,N,10868.0,17241.43,6227.95,0.0,2025-01-20 17:30:00
7354771,2025-01-20 17:35:10,N,10754.8,16888.7,6228.05,0.0,2025-01-20 17:35:00
7354773,2025-01-20 17:40:11,N,10522.52,16704.8,6227.94,0.0,2025-01-20 17:40:00
7354775,2025-01-20 17:45:10,N,10403.21,16441.41,6228.03,0.0,2025-01-20 17:45:00
7354779,2025-01-20 17:50:11,N,10295.88,16472.87,6116.13,0.0,2025-01-20 17:50:00
7354781,2025-01-20 17:55:11,N,10155.86,16222.98,6116.14,0.0,2025-01-20 17:55:00
7354786,2025-01-20 18:00:14,N,10228.77,16021.28,5938.77,0.0,2025-01-20 18:00:00
7354792,2025-01-20 18:05:11,N,9973.12,16602.32,6015.86,0.0,2025-01-20 18:05:00
7354794,2025-01-20 18:10:10,N,9900.56,16427.97,6015.85,0.0,2025-01-20 18:10:00
7354796,2025-01-20 18:15:10,N,10046.83,16184.78,6015.78,0.0,2025-01-20 18:15:00
7354800,2025-01-20 18:20:10,N,10351.83,16824.56,6015.83,0.0,2025-01-20 18:20:00
7354802,2025-01-20 18:25:10,N,10469.21,17232.11,6015.82,0.0,2025-01-20 18:25:00
7354804,2025-01-20 18:30:11,N,10633.57,17373.52,6015.91,0.0,2025-01-20 18:30:00
7354808,2025-01-20 18:35:10,N,10739.79,17557.84,6015.86,0.0,2025-01-20 18:35:00
7354810,2025-01-20 18:40:11,N,10823.59,17925.22,6015.92,0.0,2025-01-20 18:40:00
7354812,2025-01-20 18:45:11,N,10865.14,17969.88,6015.9,0.0,2025-01-20 18:45:00
7354816,2025-01-20 18:50:11,N,10937.56,18012.22,6015.79,0.0,2025-01-20 18:50:00
7354818,2025-01-20 18:55:11,N,11036.35,18254.6,6015.76,0.0,2025-01-20 18:55:00
7354823,2025-01-20 19:00:12,N,11118.51,18641.57,6023.46,0.0,2025-01-20 19:00:00
7354829,2025-01-20 19:05:11,N,11165.52,18685.69,6078.2,0.0071,2025-01-20 19:05:00
7354831,2025-01-20 19:10:10,N,11196.54,18836.48,6078.24,0.3381,2025-01-20 19:10:00
7354833,2025-01-20 19:15:11,N,11198.58,19066.35,6078.14,0.0039,2025-01-20 19:15:00
7354837,2025-01-20 19:20:10,N,11248.78,19160.8,6128.09,0.0276,2025-01-20 19:20:00
7354839,2025-01-20 19:25:11,N,11183.86,19304.72,6183.98,0.5943,2025-01-20 19:25:00
7354841,2025-01-20 19:30:11,N,11247.46,19558.53,6233.97,0.2699,2025-01-20 19:30:00
7354845,2025-01-20 19:35:10,N,11260.18,19650.29,6289.62,0.0069,2025-01-20 19:35:00
7354847,2025-01-20 19:40:10,N,11296.52,19589.69,6343.69,0.0521,2025-01-20 19:40:00
7354849,2025-01-20 19:45:11,N,11333.19,19929.78,6343.74,0.8163,2025-01-20 19:45:00
7354853,2025-01-20 19:50:11,N,11357.42,19832.49,6343.68,0.5347,2025-01-20 19:50:00
7354855,2025-01-20 19:55:12,N,11373.5,19883.91,6343.92,0.6262,2025-01-20 19:55:00
7354860,2025-01-20 20:00:12,N,11498.24,20005.66,6384.4,2.0235,2025-01-20 20:00:00
7354866,2025-01-20 20:05:11,N,11607.12,20274.01,6361.03,1.6474,2025-01-20 20:05:00
7354868,2025-01-20 20:10:11,N,11601.69,20388.53,6361.17,1.7356,2025-01-20 20:10:00
7354870,2025-01-20 20:15:10,N,11548.12,20043.77,6361.01,0.0,2025-01-20 20:15:00
7354874,2025-01-20 20:20:10,N,11540.82,20038.03,6361.2,0.1059,2025-01-20 20:20:00
7354876,2025-01-20 20:25:10,N,11378.75,20263.04,6545.25,0.0067,2025-01-20 20:25:00
7354878,2025-01-20 20:30:11,N,11407.36,20382.65,6545.15,0.0024,2025-01-20 20:30:00
7354882,2025-01-20 20:35:10,N,11595.25,20560.93,6550.89,1.0912,2025-01-20 20:35:00
7354884,2025-01-20 20:40:11,N,11637.66,20811.65,6550.97,1.6086,2025-01-20 20:40:00
7354886,2025-01-20 20:45:11,N,11659.94,20686.49,6551.0,0.9981,2025-01-20 20:45:00
7354890,2025-01-20 20:50:11,N,11623.9,20426.07,6550.89,0.0,2025-01-20 20:50:00
7354892,2025-01-20 20:55:11,N,11603.5,20416.86,6551.05,0.8001,2025-01-20 20:55:00
7354897,2025-01-20 21:00:12,N,11730.88,20993.17,6282.94,0.0,2025-01-20 21:00:00
7354903,2025-01-20 21:05:10,N,11659.19,20940.64,6465.29,0.8699,2025-01-20 21:05:00
7354905,2025-01-20 21:10:10,N,11551.22,21341.26,6465.59,3.2021,2025-01-20 21:10:00
7354907,2025-01-20 21:15:11,N,11644.72,21548.16,6511.59,1.3814,2025-01-20 21:15:00
7354911,2025-01-20 21:20:10,N,11541.7,21515.36,6511.64,1.3798,2025-01-20 21:20:00
7354913,2025-01-20 21:25:10,N,11599.12,21648.12,6511.71,1.007,2025-01-20 21:25:00
7354915,2025-01-20 21:30:11,N,11612.71,21968.97,6511.69,0.6404,2025-01-20 21:30:00
7354919,2025-01-20 21:35:11,N,11756.07,22046.2,6505.73,0.9003,2025-01-20 21:35:00
7354921,2025-01-20 21:40:11,N,11773.43,22219.68,6505.75,0.0962,2025-01-20 21:40:00
7354923,2025-01-20 21:45:11,N,11918.96,22597.26,6505.43,1.5858,2025-01-20 21:45:00
7354927,2025-01-20 21:50:11,N,12064.68,22853.41,6505.3,1.8305,2025-01-20 21:50:00
7354929,2025-01-20 21:55:11,N,12151.64,22749.35,6505.22,0.1527,2025-01-20 21:55:00
7354934,2025-01-20 22:00:13,N,12191.94,23248.94,6465.55,1.4259,2025-01-20 22:00:00
7354940,2025-01-20 22:05:11,N,12250.11,23505.55,6557.02,3.9027,2025-01-20 22:05:00
7354942,2025-01-20 22:10:10,N,12405.06,23513.88,6751.87,2.2248,2025-01-20 22:10:00
7354944,2025-01-20 22:15:11,N,12283.37,23530.34,6751.83,1.5648,2025-01-20 22:15:00
7354948,2025-01-20 22:20:11,N,12230.14,23535.7,6751.9,1.2211,2025-01-20 22:20:00
7354950,2025-01-20 22:25:10,N,12250.22,23652.67,6751.89,1.8469,2025-01-20 22:25:00
7354952,2025-01-20 22:30:11,N,12457.07,24132.91,6751.87,0.9815,2025-01-20 22:30:00
7354956,2025-01-20 22:35:10,N,12426.24,24369.91,6751.74,1.6748,2025-01-20 22:35:00
7354958,2025-01-20 22:40:11,N,12556.58,24537.96,6751.81,0.8271,2025-01-20 22:40:00
7354960,2025-01-20 22:45:11,N,12596.76,24763.85,6751.54,2.1578,2025-01-20 22:45:00
7354964,2025-01-20 22:50:11,N,12601.6,24814.39,6751.56,1.9609,2025-01-20 22:50:00
7354966,2025-01-20 22:55:11,N,12647.87,24968.02,6751.69,1.8148,2025-01-20 22:55:00
7354971,2025-01-20 23:00:13,N,12683.3,25138.04,6800.98,0.9526,2025-01-20 23:00:00
7354977,2025-01-20 23:05:11,N,12776.46,25319.73,6851.89,1.4698,2025-01-20 23:05:00
7354979,2025-01-20 23:10:11,N,12796.68,25319.9,6851.89,1.1963,2025-01-20 23:10:00
7354981,2025-01-20 23:15:10,N,12710.4,25213.32,6851.69,0.8685,2025-01-20 23:15:00
7354985,2025-01-20 23:20:10,N,12778.91,25317.08,6851.92,0.6169,2025-01-20 23:20:00
7354987,2025-01-20 23:25:11,N,12936.78,25478.24,6851.94,0.3716,2025-01-20 23:25:00
7354989,2025-01-20 23:30:11,N,12998.52,25556.69,6852.03,0.3169,2025-01-20 23:30:00
7354993,2025-01-20 23:35:11,N,13139.39,25530.22,6851.94,0.2311,2025-01-20 23:35:00
7354995,2025-01-20 23:40:12,N,13102.36,25462.72,6851.89,0.1902,2025-01-20 23:40:00
7354997,2025-01-20 23:45:11,N,13181.66,25677.74,6851.65,0.1053,2025-01-20 23:45:00
7355001,2025-01-20 23:50:11,N,13315.82,25980.45,6851.69,0.1759,2025-01-20 23:50:00
7355003,2025-01-20 23:55:11,N,13377.35,25813.82,6851.97,0.0225,2025-01-20 23:55:00
7355008,2025-01-21 00:00:16,N,12976.88,25397.2,6650.0,0.0,2025-01-21 00:00:00
7355014,2025-01-21 00:05:15,N,12423.67,25041.26,6855.89,0.6976,2025-01-21 00:05:00
7355016,2025-01-21 00:10:12,N,12373.33,24913.61,6855.92,0.0,2025-01-21 00:10:00
7355018,2025-01-21 00:15:13,N,12202.25,24651.75,6856.1,0.0,2025-01-21 00:15:00
7355022,2025-01-21 00:20:12,N,12339.25,24562.64,6856.24,0.0,2025-01-21 00:20:00
7355024,2025-01-21 00:25:11,N,12271.93,24427.73,6856.29,0.0,2025-01-21 00:25:00
7355026,2025-01-21 00:30:11,N,12200.88,24445.7,6856.38,0.0,2025-01-21 00:30:00
7355030,2025-01-21 00:35:11,N,12228.81,24594.97,6856.36,0.0,2025-01-21 00:35:00
7355032,2025-01-21 00:40:13,N,12203.1,24358.19,6856.38,0.0,2025-01-21 00:40:00
7355034,2025-01-21 00:45:12,N,12305.69,24470.35,6856.11,0.0,2025-01-21 00:45:00
7355038,2025-01-21 00:50:11,N,12448.25,24639.69,6856.06,0.0,2025-01-21 00:50:00
7355040,2025-01-21 00:55:12,N,12375.09,24639.2,6856.17,0.0324,2025-01-21 00:55:00
7355045,2025-01-21 01:00:14,N,12216.62,24486.43,6859.67,0.0,2025-01-21 01:00:00
7355051,2025-01-21 01:05:13,N,12012.68,24175.07,6859.75,0.0,2025-01-21 01:05:00
7355054,2025-01-21 01:10:12,N,12046.43,23969.37,6804.01,0.0,2025-01-21 01:10:00
7355056,2025-01-21 01:15:12,N,12016.33,23873.79,6803.81,0.0,2025-01-21 01:15:00
7355060,2025-01-21 01:20:15,N,11986.04,23602.02,6804.05,0.0,2025-01-21 01:20:00
7355062,2025-01-21 01:25:13,N,12017.79,23625.16,6803.85,0.0,2025-01-21 01:25:00
7355064,2025-01-21 01:30:12,N,12049.33,23852.73,6748.3,0.0,2025-01-21 01:30:00
7355068,2025-01-21 01:35:11,N,12046.71,24061.05,6748.33,1.4333,2025-01-21 01:35:00
7355070,2025-01-21 01:40:11,N,12108.85,24133.96,6748.24,0.1091,2025-01-21 01:40:00
7355072,2025-01-21 01:45:11,N,12038.3,23925.31,6748.11,0.0,2025-01-21 01:45:00
7355076,2025-01-21 01:50:11,N,11814.16,23566.57,6747.79,0.0,2025-01-21 01:50:00
7355078,2025-01-21 01:55:11,N,11722.32,23003.83,6748.11,0.0,2025-01-21 01:55:00
7355083,2025-01-21 02:00:17,N,11890.92,23303.51,6750.42,0.0,2025-01-21 02:00:00
7355089,2025-01-21 02:05:11,N,11654.78,23171.46,6753.72,0.0,2025-01-21 02:05:00
7355091,2025-01-21 02:10:13,N,11736.63,23028.51,6753.71,0.0,2025-01-21 02:10:00
7355093,2025-01-21 02:15:11,N,11679.18,22568.63,6697.79,0.0,2025-01-21 02:15:00
7355097,2025-01-21 02:20:11,N,11507.31,22563.26,6698.06,0.0,2025-01-21 02:20:00
7355099,2025-01-21 02:25:11,N,11563.39,22513.26,6698.08,0.0,2025-01-21 02:25:00
7355101,2025-01-21 02:30:12,N,11764.48,22684.98,6697.97,0.0,2025-01-21 02:30:00
7355105,2025-01-21 02:35:11,N,11790.76,22472.02,6697.91,0.0,2025-01-21 02:35:00
7355107,2025-01-21 02:40:12,N,11719.26,22463.13,6642.4,0.0,2025-01-21 02:40:00
7355109,2025-01-21 02:45:11,N,11585.84,22253.09,6642.27,0.0,2025-01-21 02:45:00
7355113,2025-01-21 02:50:11,N,11476.89,21944.53,6642.29,0.0,2025-01-21 02:50:00
7355115,2025-01-21 02:55:11,N,11379.24,21634.49,6642.27,0.0,2025-01-21 02:55:00
7355120,2025-01-21 03:00:13,N,11392.61,21518.87,6599.48,0.0,2025-01-21 03:00:00
7355126,2025-01-21 03:05:11,N,11478.51,21385.46,6642.79,0.0,2025-01-21 03:05:00
7355128,2025-01-21 03:10:10,N,11439.53,21423.62,6642.8,0.0,2025-01-21 03:10:00
7355130,2025-01-21 03:15:11,N,11458.54,21526.09,6378.94,0.0,2025-01-21 03:15:00
7355134,2025-01-21 03:20:10,N,11407.16,21207.73,6092.78,0.0,2025-01-21 03:20:00
7355136,2025-01-21 03:25:10,N,11362.97,20901.44,6092.88,0.0,2025-01-21 03:25:00
7355138,2025-01-21 03:30:12,N,11331.41,20746.01,6020.87,0.0,2025-01-21 03:30:00
7355142,2025-01-21 03:35:10,N,11507.31,20778.22,5821.9,0.0,2025-01-21 03:35:00
7355144,2025-01-21 03:40:11,N,11531.32,20816.48,5821.97,0.0,2025-01-21 03:40:00
7355146,2025-01-21 03:45:14,N,11638.98,21174.31,5821.81,0.0,2025-01-21 03:45:00
7355150,2025-01-21 03:50:12,N,11517.81,21051.32,5821.8,0.0,2025-01-21 03:50:00
7355152,2025-01-21 03:55:13,N,11364.38,20504.46,5821.79,0.0,2025-01-21 03:55:00
7355157,2025-01-21 04:00:14,N,11465.63,20292.86,5823.85,0.0,2025-01-21 04:00:00
7355163,2025-01-21 04:05:11,N,11379.33,19994.72,5770.76,0.0,2025-01-21 04:05:00
7355165,2025-01-21 04:10:11,N,11335.12,20336.35,5770.0,0.3903,2025-01-21 04:10:00
7355167,2025-01-21 04:15:11,N,11060.26,19358.72,5769.97,0.0,2025-01-21 04:15:00
7355171,2025-01-21 04:20:10,N,11020.06,18893.23,5769.82,0.0,2025-01-21 04:20:00
7355173,2025-01-21 04:25:11,N,10943.42,18863.04,5721.06,0.0,2025-01-21 04:25:00
7355175,2025-01-21 04:27:50,N,10961.23,18944.57,5721.0,0.0101,2025-01-21 04:25:00
7355176,2025-01-21 04:29:17,N,10960.54,18984.61,5720.91,0.0,2025-01-21 04:25:00
7355177,2025-01-21 04:30:12,N,10988.13,19188.45,5721.01,0.0,2025-01-21 04:30:00
7355181,2025-01-21 04:35:11,N,10860.18,18695.49,5720.1,0.0,2025-01-21 04:35:00
7355183,2025-01-21 04:40:11,N,10667.11,18134.75,5802.44,0.0,2025-01-21 04:40:00
7355185,2025-01-21 04:45:11,N,10568.08,18079.14,5373.69,0.014,2025-01-21 04:45:00
7355189,2025-01-21 04:50:11,N,10310.97,17764.59,5319.49,0.0,2025-01-21 04:50:00
7355191,2025-01-21 04:55:12,N,10260.24,17703.71,5270.61,0.0,2025-01-21 04:55:00
7355196,2025-01-21 05:00:13,N,10466.24,18116.12,5078.71,0.0,2025-01-21 05:00:00
7355202,2025-01-21 05:05:11,N,10525.7,17951.22,5244.9,0.0,2025-01-21 05:05:00
7355204,2025-01-21 05:10:12,N,10569.31,17797.77,5153.56,0.0,2025-01-21 05:10:00
7355206,2025-01-21 05:15:10,N,10637.3,17646.34,5198.56,0.0,2025-01-21 05:15:00
7355210,2025-01-21 05:20:12,N,10707.05,17850.16,5089.47,2.9298,2025-01-21 05:20:00
7355213,2025-01-21 05:25:10,N,10576.42,17351.74,5071.56,0.0,2025-01-21 05:25:00
7355215,2025-01-21 05:30:11,N,10275.2,17367.24,5025.56,0.0,2025-01-21 05:30:00
7355219,2025-01-21 05:35:10,N,10421.42,17450.78,4792.56,0.0,2025-01-21 05:35:00
7355221,2025-01-21 05:40:10,N,10542.28,17530.74,4769.56,0.2033,2025-01-21 05:40:00
7355223,2025-01-21 05:45:11,N,10383.8,16664.31,4769.47,0.0,2025-01-21 05:45:00
7355227,2025-01-21 05:50:11,N,10214.06,16225.13,4769.56,0.0,2025-01-21 05:50:00
7355229,2025-01-21 05:55:13,N,10144.45,16212.96,4770.56,0.0,2025-01-21 05:55:00
7355234,2025-01-21 06:00:13,N,10334.21,15981.44,4743.3,4.3915,2025-01-21 06:00:00
7355240,2025-01-21 06:05:12,N,10360.36,15706.79,4497.3,0.0,2025-01-21 06:05:00
7355242,2025-01-21 06:10:10,N,10191.16,15602.73,4384.21,0.0,2025-01-21 06:10:00
7355244,2025-01-21 06:15:12,N,10292.88,15612.75,4335.3,0.0,2025-01-21 06:15:00
7355248,2025-01-21 06:20:12,N,10353.22,15419.88,4247.3,0.0,2025-01-21 06:20:00
7355250,2025-01-21 06:25:10,N,10342.87,15264.51,4198.3,0.0,2025-01-21 06:25:00
7355252,2025-01-21 06:30:12,N,10197.44,15052.01,4198.3,0.0,2025-01-21 06:30:00
7355256,2025-01-21 06:35:11,N,10055.49,14805.4,4198.21,0.0,2025-01-21 06:35:00
7355258,2025-01-21 06:40:12,N,9837.62,14502.96,3962.3,0.0,2025-01-21 06:40:00
7355260,2025-01-21 06:45:12,N,9876.37,14692.95,3411.4,0.0,2025-01-21 06:45:00
7355264,2025-01-21 06:50:12,N,9899.25,14516.76,3158.7,0.4564,2025-01-21 06:50:00
7355266,2025-01-21 06:55:12,N,9588.94,14507.46,2907.21,0.6155,2025-01-21 06:55:00
7355271,2025-01-21 07:00:13,N,9462.72,13987.53,2857.05,0.5275,2025-01-21 07:00:00
7355277,2025-01-21 07:05:12,N,8827.29,13751.19,2720.9,1.1956,2025-01-21 07:05:00
7355279,2025-01-21 07:10:11,N,8615.21,13455.05,2624.86,0.0,2025-01-21 07:10:00
7355281,2025-01-21 07:15:12,N,8368.87,13236.01,2624.95,0.0,2025-01-21 07:15:00
7355285,2025-01-21 07:20:12,N,7945.98,12933.18,2624.84,0.0,2025-01-21 07:20:00
7355287,2025-01-21 07:25:12,N,7668.0,12374.08,2624.75,0.0,2025-01-21 07:25:00
7355289,2025-01-21 07:30:11,N,7542.3,12319.97,2624.84,0.0,2025-01-21 07:30:00
7355293,2025-01-21 07:35:12,N,7428.66,12227.96,2624.94,0.0,2025-01-21 07:35:00
7355295,2025-01-21 07:40:12,N,7644.39,12530.73,2624.91,0.0,2025-01-21 07:40:00
7355297,2025-01-21 07:45:12,N,7616.12,12599.91,2624.84,0.0,2025-01-21 07:45:00
7355301,2025-01-21 07:50:12,N,7440.1,12471.08,2624.89,1.0393,2025-01-21 07:50:00
7355303,2025-01-21 07:55:12,N,7402.21,12242.85,2624.91,0.0,2025-01-21 07:55:00
7355308,2025-01-21 08:00:13,N,7561.31,12279.99,2719.86,0.0,2025-01-21 08:00:00
7355314,2025-01-21 08:05:12,N,7817.45,12866.88,2652.94,4.6431,2025-01-21 08:05:00
7355316,2025-01-21 08:10:12,N,8286.57,13481.96,2797.94,0.0,2025-01-21 08:10:00
7355318,2025-01-21 08:15:11,N,8310.42,14004.76,2547.25,1.585,2025-01-21 08:15:00
7355322,2025-01-21 08:20:11,N,8493.88,14208.92,2595.11,1.6388,2025-01-21 08:20:00
7355324,2025-01-21 08:25:12,N,8592.76,14220.01,2643.14,1.3681,2025-01-21 08:25:00
7355326,2025-01-21 08:30:12,N,8674.26,14416.31,2737.14,1.651,2025-01-21 08:30:00
7355330,2025-01-21 08:35:12,N,8940.46,14999.49,2736.94,3.2025,2025-01-21 08:35:00
7355332,2025-01-21 08:40:12,N,9313.95,15701.77,2743.34,0.8315,2025-01-21 08:40:00
7355334,2025-01-21 08:45:12,N,9603.18,16073.74,2746.61,0.9315,2025-01-21 08:45:00
7355338,2025-01-21 08:50:12,N,9768.44,16670.18,2859.7,0.9491,2025-01-21 08:50:00
7355340,2025-01-21 08:55:12,N,9965.57,16579.83,2859.7,1.9205,2025-01-21 08:55:00
7355345,2025-01-21 09:00:13,N,9881.55,16441.01,3307.53,12.0498,2025-01-21 09:00:00
7355351,2025-01-21 09:05:12,N,9862.72,16775.9,3543.68,10.6157,2025-01-21 09:05:00
7355353,2025-01-21 09:10:12,N,9966.62,17471.63,3728.21,11.5882,2025-01-21 09:10:00
7355355,2025-01-21 09:15:11,N,10311.03,18422.04,3950.26,10.8325,2025-01-21 09:15:00
7355359,2025-01-21 09:20:11,N,10283.23,18682.19,4170.52,9.3021,2025-01-21 09:20:00
7355361,2025-01-21 09:25:12,N,10414.83,19107.39,4445.24,6.8463,2025-01-21 09:25:00
7355363,2025-01-21 09:30:11,N,10662.33,19762.24,4580.0,11.7933,2025-01-21 09:30:00
7355367,2025-01-21 09:35:12,N,11089.55,20413.63,4681.97,9.5996,2025-01-21 09:35:00
7355369,2025-01-21 09:40:12,N,11032.49,19820.98,4676.15,4.707,2025-01-21 09:40:00
7355371,2025-01-21 09:45:12,N,10863.38,20067.03,4767.15,8.3937,2025-01-21 09:45:00
7355375,2025-01-21 09:50:12,N,11066.78,20378.09,4763.95,6.4192,2025-01-21 09:50:00
7355377,2025-01-21 09:55:13,N,11192.92,20786.98,4767.16,7.8248,2025-01-21 09:55:00
7355382,2025-01-21 10:00:14,N,11214.47,20922.06,4437.74,5.5249,2025-01-21 10:00:00
7355391,2025-01-21 10:05:12,N,11205.55,21282.53,4757.41,3.4578,2025-01-21 10:05:00
7355393,2025-01-21 10:10:12,N,11119.64,21157.45,4640.44,1.1578,2025-01-21 10:10:00
7355395,2025-01-21 10:15:11,N,11167.58,21270.42,4594.39,2.6148,2025-01-21 10:15:00
7355399,2025-01-21 10:20:12,N,11315.11,21998.86,4735.98,1.2812,2025-01-21 10:20:00
7355401,2025-01-21 10:25:12,N,11201.87,21797.58,4873.09,0.1387,2025-01-21 10:25:00
7355403,2025-01-21 10:30:12,N,11162.54,21881.06,5168.64,0.097,2025-01-21 10:30:00
7355407,2025-01-21 10:35:12,N,11384.13,22201.28,5378.58,1.158,2025-01-21 10:35:00
7355409,2025-01-21 10:40:12,N,11438.34,22604.68,5378.53,3.3987,2025-01-21 10:40:00
7355411,2025-01-21 10:45:12,N,11523.9,22831.18,5332.55,2.8371,2025-01-21 10:45:00
7355415,2025-01-21 10:50:12,N,11382.33,22716.85,5450.73,0.0,2025-01-21 10:50:00
7355417,2025-01-21 10:55:12,N,11520.45,23343.82,5550.59,1.1329,2025-01-21 10:55:00
7355422,2025-01-21 11:00:14,N,11559.81,22931.23,5307.86,0.0,2025-01-21 11:00:00
7355428,2025-01-21 11:05:13,N,11695.41,23615.44,5306.51,0.7295,2025-01-21 11:05:00
7355430,2025-01-21 11:10:12,N,12023.57,24276.17,5600.29,0.7437,2025-01-21 11:10:00
7355432,2025-01-21 11:15:12,N,12314.03,25098.82,5554.36,0.8471,2025-01-21 11:15:00
7355436,2025-01-21 11:20:12,N,12231.18,25536.56,5554.44,0.4423,2025-01-21 11:20:00
7355438,2025-01-21 11:25:12,N,12053.29,25257.05,5649.21,0.8177,2025-01-21 11:25:00
7355440,2025-01-21 11:30:12,N,12113.38,25529.76,5649.36,0.4168,2025-01-21 11:30:00
7355444,2025-01-21 11:35:11,N,12308.7,26088.51,5649.24,0.9722,2025-01-21 11:35:00
7355446,2025-01-21 11:40:11,N,12664.12,26677.44,5694.28,1.4283,2025-01-21 11:40:00
7355448,2025-01-21 11:45:13,N,12497.01,26729.51,5739.27,0.5653,2025-01-21 11:45:00
7355452,2025-01-21 11:50:12,N,12720.39,27298.91,5828.18,0.8194,2025-01-21 11:50:00
7355454,2025-01-21 11:55:11,N,12676.21,27381.43,5828.3,1.3224,2025-01-21 11:55:00
7355459,2025-01-21 12:00:13,N,12887.2,27934.12,5822.0,0.4444,2025-01-21 12:00:00
7355465,2025-01-21 12:05:12,N,12789.33,28136.75,5854.82,0.17,2025-01-21 12:05:00
7355467,2025-01-21 12:10:11,N,13186.56,28667.38,5854.87,1.4323,2025-01-21 12:10:00
7355469,2025-01-21 12:15:12,N,13453.41,28799.76,5854.93,0.788,2025-01-21 12:15:00
7355473,2025-01-21 12:20:12,N,13687.02,29318.26,5816.71,0.9153,2025-01-21 12:20:00
7355475,2025-01-21 12:25:11,N,13872.6,29654.33,6090.76,0.1706,2025-01-21 12:25:00
7355477,2025-01-21 12:30:12,N,14060.38,30171.08,6090.74,0.6832,2025-01-21 12:30:00
7355481,2025-01-21 12:35:12,N,14359.81,30791.68,6090.97,0.2922,2025-01-21 12:35:00
7355483,2025-01-21 12:40:11,N,14680.18,31127.07,6091.0,0.2201,2025-01-21 12:40:00
7355485,2025-01-21 12:45:12,N,14947.84,31327.32,6090.97,0.125,2025-01-21 12:45:00
7355489,2025-01-21 12:50:12,N,15039.99,31780.08,6090.87,0.1489,2025-01-21 12:50:00
7355491,2025-01-21 12:55:12,N,15186.72,32197.13,6090.95,0.3594,2025-01-21 12:55:00
7355496,2025-01-21 13:00:13,N,15348.24,32369.89,6068.73,0.3437,2025-01-21 13:00:00
7355502,2025-01-21 13:05:13,N,15167.25,32496.39,6071.76,0.4777,2025-01-21 13:05:00
7355504,2025-01-21 13:10:11,N,15288.54,32636.0,6096.82,0.4017,2025-01-21 13:10:00
7355506,2025-01-21 13:15:11,N,15396.73,33149.41,6051.74,0.2445,2025-01-21 13:15:00
7355510,2025-01-21 13:20:12,N,15648.93,33740.6,6189.73,0.247,2025-01-21 13:20:00
7355512,2025-01-21 13:25:12,N,15768.67,34540.41,6235.6,0.9927,2025-01-21 13:25:00
7355514,2025-01-21 13:30:12,N,15928.88,34956.37,6190.69,2.4058,2025-01-21 13:30:00
7355518,2025-01-21 13:35:12,N,16209.6,35313.32,6190.57,2.1278,2025-01-21 13:35:00
7355520,2025-01-21 13:40:12,N,16286.1,35436.42,6190.46,2.0207,2025-01-21 13:40:00
7355522,2025-01-21 13:45:11,N,16319.39,35780.45,6190.59,4.4661,2025-01-21 13:45:00
7355526,2025-01-21 13:50:11,N,16545.38,36253.91,6190.41,3.7575,2025-01-21 13:50:00
7355528,2025-01-21 13:55:12,N,16668.85,36616.14,6190.51,4.7485,2025-01-21 13:55:00
7355533,2025-01-21 14:00:14,N,16703.1,36533.14,6178.77,7.9386,2025-01-21 14:00:00
7355539,2025-01-21 14:05:12,N,16946.9,37124.01,6175.6,5.6697,2025-01-21 14:05:00
7355541,2025-01-21 14:10:12,N,16983.46,37673.53,6175.58,6.6485,2025-01-21 14:10:00
7355543,2025-01-21 14:15:12,N,16983.99,37701.53,6220.62,8.4417,2025-01-21 14:15:00
7355547,2025-01-21 14:20:11,N,17057.69,38254.45,6313.6,11.8434,2025-01-21 14:20:00
7355549,2025-01-21 14:25:12,N,17088.22,38782.54,6313.71,7.6539,2025-01-21 14:25:00
7355553,2025-01-21 14:30:11,N,17277.78,39288.9,6313.33,9.406,2025-01-21 14:30:00
7355558,2025-01-21 14:35:11,N,17276.15,39585.93,6350.3,8.1555,2025-01-21 14:35:00
7355560,2025-01-21 14:40:11,N,17402.77,40073.46,6350.76,2.8222,2025-01-21 14:40:00
7355562,2025-01-21 14:45:12,N,17275.34,40062.58,6406.57,0.048,2025-01-21 14:45:00
7355566,2025-01-21 14:50:11,N,17476.07,40452.13,6454.26,0.0456,2025-01-21 14:50:00
7355568,2025-01-21 14:55:11,N,17374.61,40420.72,6454.35,0.0667,2025-01-21 14:55:00
7355573,2025-01-21 15:00:14,N,17599.04,40965.61,6447.28,0.1881,2025-01-21 15:00:00
7355579,2025-01-21 15:05:11,N,17380.69,41023.2,6448.69,0.0576,2025-01-21 15:05:00
7355581,2025-01-21 15:10:12,N,17527.8,41495.69,6448.56,0.0261,2025-01-21 15:10:00
7355583,2025-01-21 15:15:12,N,17534.86,41776.36,6448.63,0.0594,2025-01-21 15:15:00
7355587,2025-01-21 15:20:11,N,17618.15,42117.25,6449.01,0.1911,2025-01-21 15:20:00
7355589,2025-01-21 15:25:12,N,17570.93,42507.4,6448.9,0.0093,2025-01-21 15:25:00
7355591,2025-01-21 15:30:12,N,17548.38,42674.5,6448.6,0.0124,2025-01-21 15:30:00
7355595,2025-01-21 15:35:12,N,17571.62,42922.62,6448.67,0.0069,2025-01-21 15:35:00
7355597,2025-01-21 15:40:11,N,17504.81,42596.74,6448.95,0.0112,2025-01-21 15:40:00
7355599,2025-01-21 15:45:11,N,17520.8,42689.96,6448.91,0.0116,2025-01-21 15:45:00
7355603,2025-01-21 15:50:11,N,17424.45,42427.99,6448.85,0.0089,2025-01-21 15:50:00
7355605,2025-01-21 15:55:11,N,17489.07,42350.49,6448.62,0.007,2025-01-21 15:55:00
7355610,2025-01-21 16:00:12,N,17528.02,42213.18,6462.42,0.0053,2025-01-21 16:00:00
7355616,2025-01-21 16:05:11,N,17857.05,42060.04,6459.61,0.0071,2025-01-21 16:05:00
7355618,2025-01-21 16:10:11,N,17961.55,41531.81,6459.51,0.0104,2025-01-21 16:10:00
7355620,2025-01-21 16:15:09,N,17845.78,40434.64,6403.63,0.0022,2025-01-21 16:15:00
7355624,2025-01-21 16:20:11,N,17654.13,39311.42,6403.57,0.025,2025-01-21 16:20:00
7355626,2025-01-21 16:25:11,N,17655.75,38703.14,6459.25,0.951,2025-01-21 16:25:00
7355628,2025-01-21 16:30:12,N,17511.95,38064.23,6459.5,2.2797,2025-01-21 16:30:00
7355632,2025-01-21 16:35:11,N,17183.39,36808.16,6459.48,0.0,2025-01-21 16:35:00
7355634,2025-01-21 16:40:11,N,17022.04,35892.55,6459.85,0.0,2025-01-21 16:40:00
7355636,2025-01-21 16:45:11,N,16628.04,33871.13,6403.86,0.0,2025-01-21 16:45:00
7355640,2025-01-21 16:50:12,N,16134.14,32644.94,6068.26,0.0,2025-01-21 16:50:00
7355642,2025-01-21 16:55:11,N,16304.45,31951.45,6043.24,0.0,2025-01-21 16:55:00
7355647,2025-01-21 17:00:11,N,16365.18,31392.45,6015.46,0.0,2025-01-21 17:00:00
7355653,2025-01-21 17:05:11,N,15771.48,30142.81,6031.47,0.0,2025-01-21 17:05:00
7355655,2025-01-21 17:10:10,N,14955.96,28153.46,6031.37,0.0,2025-01-21 17:10:00
7355657,2025-01-21 17:15:09,N,14387.38,26718.78,6031.17,0.0,2025-01-21 17:15:00
7355661,2025-01-21 17:20:09,N,13797.43,25304.04,6031.35,0.0,2025-01-21 17:20:00
7355663,2025-01-21 17:25:09,N,13253.66,24236.13,6031.21,0.0,2025-01-21 17:25:00
7355665,2025-01-21 17:30:11,N,12615.89,22960.46,6031.14,0.0,2025-01-21 17:30:00
7355669,2025-01-21 17:35:10,N,12118.18,21426.26,6031.07,0.0,2025-01-21 17:35:00
7355671,2025-01-21 17:40:11,N,11859.49,20436.97,6031.08,0.0,2025-01-21 17:40:00
7355673,2025-01-21 17:45:10,N,11721.33,19476.81,6031.34,0.0,2025-01-21 17:45:00
7355677,2025-01-21 17:50:11,N,11233.35,18245.44,6031.2,0.0,2025-01-21 17:50:00
7355679,2025-01-21 17:55:11,N,11229.07,17872.23,5884.13,0.0,2025-01-21 17:55:00
7355684,2025-01-21 18:00:12,N,11031.44,17605.94,5898.57,0.0,2025-01-21 18:00:00
7355690,2025-01-21 18:05:10,N,10480.4,17472.73,5946.98,0.0,2025-01-21 18:05:00
7355692,2025-01-21 18:10:10,N,10112.37,17019.46,5946.94,0.0,2025-01-21 18:10:00
7355694,2025-01-21 18:15:09,N,9997.86,16614.61,5946.69,0.0,2025-01-21 18:15:00
7355698,2025-01-21 18:20:09,N,10245.09,16669.84,5946.68,0.0,2025-01-21 18:20:00
7355700,2025-01-21 18:25:10,N,10265.08,16674.24,5946.67,0.0,2025-01-21 18:25:00
7355702,2025-01-21 18:30:10,N,10235.45,16491.0,5946.68,0.0,2025-01-21 18:30:00
7355706,2025-01-21 18:35:11,N,10162.88,16781.42,5946.7,0.0,2025-01-21 18:35:00
7355708,2025-01-21 18:40:10,N,10169.27,16831.18,5946.68,0.0,2025-01-21 18:40:00
7355710,2025-01-21 18:45:11,N,10150.34,17167.24,5946.91,0.3015,2025-01-21 18:45:00
7355714,2025-01-21 18:50:11,N,10101.19,17110.35,5946.75,0.1772,2025-01-21 18:50:00
7355716,2025-01-21 18:55:11,N,10206.74,17416.46,5946.56,1.0842,2025-01-21 18:55:00
7355721,2025-01-21 19:00:11,N,10460.29,17720.51,5922.26,0.0,2025-01-21 19:00:00
7355727,2025-01-21 19:05:11,N,10438.52,17934.3,5923.78,0.0,2025-01-21 19:05:00
7355729,2025-01-21 19:10:11,N,10559.85,17909.11,5923.83,0.0267,2025-01-21 19:10:00
7355731,2025-01-21 19:15:10,N,10756.6,18142.62,5923.92,1.0266,2025-01-21 19:15:00
7355735,2025-01-21 19:20:09,N,10658.62,18098.11,5923.86,0.4573,2025-01-21 19:20:00
7355737,2025-01-21 19:25:10,N,10580.16,18212.29,5923.7,0.583,2025-01-21 19:25:00
7355739,2025-01-21 19:30:11,N,10654.16,18455.65,5923.89,1.8333,2025-01-21 19:30:00
7355743,2025-01-21 19:35:11,N,10658.22,18440.32,5923.93,0.771,2025-01-21 19:35:00
7355745,2025-01-21 19:40:11,N,10700.7,18253.49,5923.98,2.012,2025-01-21 19:40:00
7355747,2025-01-21 19:45:11,N,10721.79,18527.26,5923.94,2.7391,2025-01-21 19:45:00
7355751,2025-01-21 19:50:11,N,10731.06,18562.76,5923.86,2.6644,2025-01-21 19:50:00
7355753,2025-01-21 19:55:11,N,10663.5,18629.42,5924.03,1.8572,2025-01-21 19:55:00
7355758,2025-01-21 20:00:12,N,10851.58,19042.46,5921.88,1.9594,2025-01-21 20:00:00
7355764,2025-01-21 20:05:11,N,11137.76,19604.27,5920.26,3.4354,2025-01-21 20:05:00
7355766,2025-01-21 20:10:11,N,11086.72,19800.84,5989.24,0.7908,2025-01-21 20:10:00
7355768,2025-01-21 20:15:11,N,11170.97,20041.2,5988.91,0.0,2025-01-21 20:15:00
7355772,2025-01-21 20:20:10,N,11163.23,20119.07,6044.69,0.0,2025-01-21 20:20:00
7355774,2025-01-21 20:25:11,N,11295.76,20418.78,6090.91,0.0,2025-01-21 20:25:00
7355776,2025-01-21 20:30:11,N,11459.67,20741.95,6090.87,0.8879,2025-01-21 20:30:00
7355780,2025-01-21 20:35:11,N,11362.71,20737.33,6090.75,0.0,2025-01-21 20:35:00
7355782,2025-01-21 20:40:11,N,11485.62,21081.97,6090.99,0.0,2025-01-21 20:40:00
7355784,2025-01-21 20:45:11,N,11705.36,21248.32,6139.11,0.0,2025-01-21 20:45:00
7355788,2025-01-21 20:50:11,N,11502.21,20900.82,6138.91,0.0,2025-01-21 20:50:00
7355790,2025-01-21 20:55:11,N,11654.34,21313.08,6144.82,0.0367,2025-01-21 20:55:00
7355795,2025-01-21 21:00:13,N,11755.76,21617.83,6092.91,0.0,2025-01-21 21:00:00
7355801,2025-01-21 21:05:12,N,11820.04,22195.56,6221.9,2.574,2025-01-21 21:05:00
7355803,2025-01-21 21:10:12,N,11765.33,22271.85,6130.69,0.166,2025-01-21 21:10:00
7355805,2025-01-21 21:15:12,N,11861.65,22376.75,6130.66,0.0,2025-01-21 21:15:00
7355809,2025-01-21 21:20:12,N,12144.92,22501.16,6130.89,0.0,2025-01-21 21:20:00
7355811,2025-01-21 21:25:11,N,12233.64,22887.16,6080.96,0.7587,2025-01-21 21:25:00
7355813,2025-01-21 21:30:14,N,12179.42,22982.58,6075.11,0.0,2025-01-21 21:30:00
7355817,2025-01-21 21:35:12,N,12261.51,23254.55,6075.08,0.6378,2025-01-21 21:35:00
7355819,2025-01-21 21:40:12,N,12336.59,23365.1,6075.01,1.076,2025-01-21 21:40:00
7355821,2025-01-21 21:45:11,N,12504.46,23711.65,6074.86,0.5202,2025-01-21 21:45:00
7355825,2025-01-21 21:50:12,N,12392.12,24467.13,5969.1,0.1392,2025-01-21 21:50:00
7355827,2025-01-21 21:55:13,N,12377.06,24810.82,5968.98,0.0,2025-01-21 21:55:00
7355832,2025-01-21 22:00:15,N,12423.48,24250.67,5671.08,0.474,2025-01-21 22:00:00
7355838,2025-01-21 22:05:11,N,12465.85,24605.18,5924.15,2.8967,2025-01-21 22:05:00
7355840,2025-01-21 22:10:12,N,12676.69,25034.88,5924.14,2.6247,2025-01-21 22:10:00
7355842,2025-01-21 22:15:12,N,12893.39,25076.97,5924.35,1.9646,2025-01-21 22:15:00
7355846,2025-01-21 22:20:12,N,12763.07,25221.04,5924.2,0.7189,2025-01-21 22:20:00
7355848,2025-01-21 22:25:10,N,12874.52,25357.77,5924.19,1.7153,2025-01-21 22:25:00
7355850,2025-01-21 22:30:11,N,13242.16,25783.87,5924.21,0.865,2025-01-21 22:30:00
7355854,2025-01-21 22:35:12,N,12930.32,26160.74,5924.19,0.0,2025-01-21 22:35:00
7355856,2025-01-21 22:40:13,N,12973.88,26309.81,5924.1,0.0,2025-01-21 22:40:00
7355858,2025-01-21 22:45:12,N,12973.79,25875.45,5924.23,0.0,2025-01-21 22:45:00
7355862,2025-01-21 22:50:12,N,13011.8,26185.74,6027.13,0.0,2025-01-21 22:50:00
7355864,2025-01-21 22:55:12,N,12989.64,26523.97,6027.13,0.0,2025-01-21 22:55:00
7355869,2025-01-21 23:00:14,N,12832.93,26478.22,6029.61,0.8169,2025-01-21 23:00:00
7355875,2025-01-21 23:05:12,N,13011.2,26476.91,6032.91,0.2486,2025-01-21 23:05:00
7355877,2025-01-21 23:10:13,N,13569.29,27010.46,6032.88,0.359,2025-01-21 23:10:00
7355879,2025-01-21 23:15:11,N,13329.87,27344.13,6032.78,0.9512,2025-01-21 23:15:00
7355883,2025-01-21 23:20:11,N,13361.4,27222.39,6032.84,0.1637,2025-01-21 23:20:00
7355885,2025-01-21 23:25:11,N,13309.92,26540.96,6032.79,0.0,2025-01-21 23:25:00
7355887,2025-01-21 23:30:11,N,13335.3,26639.97,6032.89,0.0,2025-01-21 23:30:00
7355891,2025-01-21 23:35:12,N,13271.56,27040.91,6032.94,0.0,2025-01-21 23:35:00
7355893,2025-01-21 23:40:12,N,13233.11,27231.75,6032.73,0.0,2025-01-21 23:40:00
7355895,2025-01-21 23:45:07,N,13007.47,26091.92,6032.8,0.0,2025-01-21 23:45:00
7355899,2025-01-21 23:45:29,N,12967.75,26276.82,6032.83,0.0,2025-01-21 23:45:00
7355900,2025-01-21 23:47:19,N,12927.05,26461.23,6032.77,0.0,2025-01-21 23:45:00
7355901,2025-01-21 23:50:12,N,12817.15,26183.85,6032.64,0.0,2025-01-21 23:50:00
7355903,2025-01-21 23:55:13,N,13376.25,26694.09,6032.69,0.0,2025-01-21 23:55:00
7355908,2025-01-22 00:00:18,N,13098.26,27227.07,6081.15,0.159,2025-01-22 00:00:00
7355914,2025-01-22 00:05:14,N,13098.58,27038.04,6188.81,0.0,2025-01-22 00:05:00
7355916,2025-01-22 00:10:14,N,13077.66,26163.47,6264.49,0.0,2025-01-22 00:10:00
7355918,2025-01-22 00:15:13,N,13159.16,26025.74,6264.47,0.0,2025-01-22 00:15:00
7355922,2025-01-22 00:20:14,N,13166.27,26309.23,6360.9,0.0,2025-01-22 00:20:00
7355924,2025-01-22 00:25:11,N,13221.89,26526.44,6530.56,0.0,2025-01-22 00:25:00
7355926,2025-01-22 00:30:13,N,13274.04,26369.46,6530.57,0.0206,2025-01-22 00:30:00
7355930,2025-01-22 00:35:12,N,13469.79,26487.65,6530.55,0.0,2025-01-22 00:35:00
7355932,2025-01-22 00:40:14,N,13257.49,26735.58,6530.68,0.5498,2025-01-22 00:40:00
7355934,2025-01-22 00:45:14,N,13116.93,26733.82,6530.6,0.0,2025-01-22 00:45:00
7355938,2025-01-22 00:50:13,N,13099.88,26248.16,6530.46,0.0,2025-01-22 00:50:00
7355940,2025-01-22 00:55:13,N,12961.08,26114.78,6530.39,0.27,2025-01-22 00:55:00
7355945,2025-01-22 01:00:17,N,12959.98,26373.27,6530.51,0.1735,2025-01-22 01:00:00
7355951,2025-01-22 01:05:14,N,13311.1,26771.58,6528.97,0.0627,2025-01-22 01:05:00
7355953,2025-01-22 01:10:12,N,13275.71,26727.93,6528.84,0.0,2025-01-22 01:10:00
7355956,2025-01-22 01:15:12,N,13601.01,26757.1,6528.88,0.0,2025-01-22 01:15:00
7355960,2025-01-22 01:20:11,N,13300.64,26916.29,6528.81,0.0,2025-01-22 01:20:00
7355962,2025-01-22 01:25:11,N,13486.79,26251.74,6528.96,0.0,2025-01-22 01:25:00
7355964,2025-01-22 01:30:13,N,13295.01,26531.95,6529.1,0.0,2025-01-22 01:30:00
7355968,2025-01-22 01:35:13,N,13194.4,26374.69,6529.06,0.0,2025-01-22 01:35:00
7355970,2025-01-22 01:40:11,N,13264.3,26090.33,6529.03,0.0,2025-01-22 01:40:00
7355972,2025-01-22 01:45:12,N,13277.48,26213.4,6529.09,0.2936,2025-01-22 01:45:00
7355976,2025-01-22 01:50:12,N,13183.29,26166.37,6528.81,0.185,2025-01-22 01:50:00
7355978,2025-01-22 01:55:11,N,13221.93,25858.53,6528.94,0.0,2025-01-22 01:55:00
7355983,2025-01-22 02:00:15,N,13170.15,25745.97,6530.33,0.0,2025-01-22 02:00:00
7355989,2025-01-22 02:05:15,N,13171.86,25687.89,6528.56,0.0,2025-01-22 02:05:00
7355991,2025-01-22 02:10:13,N,13179.96,25581.42,6528.68,0.0,2025-01-22 02:10:00
7355993,2025-01-22 02:15:12,N,13118.53,25730.51,6528.61,0.0,2025-01-22 02:15:00
7355997,2025-01-22 02:20:12,N,13043.26,25456.17,6528.7,0.0,2025-01-22 02:20:00
7355999,2025-01-22 02:25:11,N,13115.01,25111.89,6528.53,0.0834,2025-01-22 02:25:00
7356001,2025-01-22 02:30:12,N,12949.85,24779.02,6528.66,0.061,2025-01-22 02:30:00
7356005,2025-01-22 02:35:12,N,13063.84,25166.88,6528.72,0.0659,2025-01-22 02:35:00
7356007,2025-01-22 02:40:12,N,13137.46,25232.56,6528.61,0.0,2025-01-22 02:40:00
7356009,2025-01-22 02:45:12,N,13306.4,25377.52,6528.65,0.0,2025-01-22 02:45:00
7356013,2025-01-22 02:50:12,N,13395.77,25278.65,6528.58,0.0,2025-01-22 02:50:00
7356015,2025-01-22 02:55:13,N,13353.59,25173.02,6528.49,0.0012,2025-01-22 02:55:00
7356020,2025-01-22 03:00:14,N,13376.88,25041.21,6529.35,0.1009,2025-01-22 03:00:00
7356026,2025-01-22 03:05:12,N,13154.06,24952.15,6530.75,0.0879,2025-01-22 03:05:00
7356028,2025-01-22 03:10:12,N,13025.23,24716.89,6531.05,0.0,2025-01-22 03:10:00
7356030,2025-01-22 03:15:12,N,12995.28,24418.26,6531.11,0.0,2025-01-22 03:15:00
7356034,2025-01-22 03:20:12,N,13026.37,24101.14,6531.02,0.0126,2025-01-22 03:20:00
7356036,2025-01-22 03:25:13,N,13082.34,24364.41,6530.92,0.0,2025-01-22 03:25:00
7356038,2025-01-22 03:30:12,N,13172.12,24386.84,6558.95,0.1035,2025-01-22 03:30:00
7356042,2025-01-22 03:35:12,N,13166.62,24190.03,6559.13,0.2682,2025-01-22 03:35:00
7356044,2025-01-22 03:40:14,N,13024.21,24043.15,6559.1,0.0,2025-01-22 03:40:00
7356046,2025-01-22 03:45:13,N,13059.49,23942.99,6517.71,0.0,2025-01-22 03:45:00
7356050,2025-01-22 03:50:12,N,13007.01,23903.07,6517.6,0.0,2025-01-22 03:50:00
7356052,2025-01-22 03:55:12,N,12988.47,23833.24,6517.73,0.103,2025-01-22 03:55:00
7356057,2025-01-22 04:00:14,N,13028.55,23802.46,6466.46,0.0,2025-01-22 04:00:00
7356063,2025-01-22 04:05:11,N,12993.11,23632.45,6468.03,0.0,2025-01-22 04:05:00
7356065,2025-01-22 04:10:12,N,12897.66,23450.12,6468.05,0.0,2025-01-22 04:10:00
7356067,2025-01-22 04:15:11,N,12653.84,23543.79,6467.99,0.0,2025-01-22 04:15:00
7356071,2025-01-22 04:20:10,N,12380.4,23251.0,6467.9,0.0,2025-01-22 04:20:00
7356073,2025-01-22 04:25:12,N,12362.05,22857.27,6468.07,0.0,2025-01-22 04:25:00
7356075,2025-01-22 04:30:13,N,12306.27,22935.73,6439.97,0.0,2025-01-22 04:30:00
7356079,2025-01-22 04:35:12,N,12317.15,22844.63,6439.98,0.0,2025-01-22 04:35:00
7356081,2025-01-22 04:40:11,N,12296.19,22674.26,6440.02,0.0,2025-01-22 04:40:00
7356083,2025-01-22 04:45:12,N,12142.71,22266.92,6440.02,0.0,2025-01-22 04:45:00
7356087,2025-01-22 04:50:12,N,12300.95,22091.31,6439.99,0.0,2025-01-22 04:50:00
7356089,2025-01-22 04:55:12,N,11987.12,22176.81,6439.83,0.0,2025-01-22 04:55:00
7356094,2025-01-22 05:00:13,N,12088.3,21838.47,6382.39,0.0,2025-01-22 05:00:00
7356100,2025-01-22 05:05:12,N,11856.3,21334.01,6629.67,0.0,2025-01-22 05:05:00
7356102,2025-01-22 05:10:12,N,11886.32,20844.45,6585.83,0.0,2025-01-22 05:10:00
7356104,2025-01-22 05:15:11,N,11799.65,20429.01,6584.59,0.0,2025-01-22 05:15:00
7356108,2025-01-22 05:20:11,N,11882.48,20450.04,6585.65,0.0,2025-01-22 05:20:00
7356111,2025-01-22 05:25:12,N,11701.77,20206.29,6585.75,0.0,2025-01-22 05:25:00
7356113,2025-01-22 05:30:10,N,11583.83,19925.02,6585.84,0.0,2025-01-22 05:30:00
7356117,2025-01-22 05:35:11,N,11442.47,19442.63,6585.74,0.0,2025-01-22 05:35:00
7356119,2025-01-22 05:40:12,N,11338.28,19567.27,6585.68,0.0,2025-01-22 05:40:00
7356121,2025-01-22 05:45:12,N,11291.79,19181.78,6585.65,0.0,2025-01-22 05:45:00
7356125,2025-01-22 05:50:12,N,10903.15,18868.9,6585.78,0.0,2025-01-22 05:50:00
7356127,2025-01-22 05:55:12,N,10785.59,18625.46,6402.73,0.0,2025-01-22 05:55:00
7356132,2025-01-22 06:00:14,N,11016.91,18652.32,6021.01,1.3631,2025-01-22 06:00:00
7356138,2025-01-22 06:05:12,N,10915.24,18025.53,6224.01,2.7038,2025-01-22 06:05:00
7356140,2025-01-22 06:10:12,N,10535.37,17884.12,6020.81,1.7739,2025-01-22 06:10:00
7356142,2025-01-22 06:15:11,N,10505.55,18174.08,5767.31,0.6206,2025-01-22 06:15:00
7356146,2025-01-22 06:20:12,N,10492.3,18573.31,5314.82,0.5516,2025-01-22 06:20:00
7356148,2025-01-22 06:25:12,N,10486.54,18461.85,5314.87,0.1659,2025-01-22 06:25:00
7356150,2025-01-22 06:30:12,N,10382.18,18295.08,5289.82,0.1214,2025-01-22 06:30:00
7356154,2025-01-22 06:35:12,N,10081.38,17797.02,5289.71,0.0,2025-01-22 06:35:00
7356156,2025-01-22 06:40:12,N,10067.78,17583.53,5289.71,0.0,2025-01-22 06:40:00
7356158,2025-01-22 06:45:12,N,10010.72,17947.59,4883.31,0.0,2025-01-22 06:45:00
7356162,2025-01-22 06:50:12,N,9755.76,18022.66,4752.31,0.0161,2025-01-22 06:50:00
7356164,2025-01-22 06:55:12,N,10037.55,17960.08,4599.36,0.0,2025-01-22 06:55:00
7356169,2025-01-22 07:00:14,N,9905.17,17861.38,4598.21,0.0812,2025-01-22 07:00:00
7356175,2025-01-22 07:05:12,N,9613.15,17395.09,4599.87,0.2651,2025-01-22 07:05:00
7356177,2025-01-22 07:10:12,N,9415.29,17024.97,4550.92,0.0,2025-01-22 07:10:00
7356179,2025-01-22 07:15:12,N,9592.9,16768.77,4568.92,0.0,2025-01-22 07:15:00
7356183,2025-01-22 07:20:12,N,9522.33,16897.46,4568.92,0.2358,2025-01-22 07:20:00
7356185,2025-01-22 07:25:12,N,9565.13,16886.74,4550.92,0.0,2025-01-22 07:25:00
7356187,2025-01-22 07:30:13,N,9715.55,16979.42,4551.03,0.0386,2025-01-22 07:30:00
7356191,2025-01-22 07:35:12,N,9817.72,16953.36,4550.97,0.0,2025-01-22 07:35:00
7356193,2025-01-22 07:40:13,N,9927.73,17712.13,4550.92,0.553,2025-01-22 07:40:00
7356195,2025-01-22 07:45:13,N,10303.66,18245.69,4550.87,2.1166,2025-01-22 07:45:00
7356199,2025-01-22 07:50:12,N,10476.79,19046.95,4550.97,1.3061,2025-01-22 07:50:00
7356201,2025-01-22 07:55:13,N,10912.14,19718.28,4551.03,2.4853,2025-01-22 07:55:00
7356206,2025-01-22 08:00:15,N,11195.37,20035.34,4791.23,3.1621,2025-01-22 08:00:00
7356212,2025-01-22 08:05:12,N,11393.56,20418.82,5138.6,6.7469,2025-01-22 08:05:00
7356214,2025-01-22 08:10:12,N,11617.25,21308.32,5504.1,5.8994,2025-01-22 08:10:00
7356216,2025-01-22 08:15:12,N,11924.3,22061.45,5901.71,5.5427,2025-01-22 08:15:00
7356220,2025-01-22 08:20:12,N,12071.01,22943.57,6192.36,3.2976,2025-01-22 08:20:00
7356222,2025-01-22 08:25:12,N,12348.46,23729.09,6371.53,5.2224,2025-01-22 08:25:00
7356224,2025-01-22 08:30:12,N,12765.28,25062.54,6598.48,3.8122,2025-01-22 08:30:00
7356228,2025-01-22 08:35:12,N,13492.18,26524.54,6552.59,3.3237,2025-01-22 08:35:00
7356230,2025-01-22 08:40:12,N,13948.46,27914.64,6552.53,2.1761,2025-01-22 08:40:00
7356232,2025-01-22 08:45:12,N,14242.47,29498.97,6552.53,2.492,2025-01-22 08:45:00
7356236,2025-01-22 08:50:12,N,14710.2,30653.8,6597.62,1.9088,2025-01-22 08:50:00
7356238,2025-01-22 08:55:12,N,15023.21,31780.04,6598.07,6.2464,2025-01-22 08:55:00
7356243,2025-01-22 09:00:14,N,15263.34,32270.12,6929.57,5.4312,2025-01-22 09:00:00
7356249,2025-01-22 09:05:13,N,15632.55,32799.24,6972.12,6.8724,2025-01-22 09:05:00
7356251,2025-01-22 09:10:12,N,15993.82,33427.96,7177.09,6.522,2025-01-22 09:10:00
7356253,2025-01-22 09:15:12,N,16076.11,33077.32,7324.53,5.4603,2025-01-22 09:15:00
7356257,2025-01-22 09:20:12,N,16107.71,33005.09,7324.72,3.9025,2025-01-22 09:20:00
7356259,2025-01-22 09:25:12,N,16199.51,33180.45,7324.87,3.5505,2025-01-22 09:25:00
7356261,2025-01-22 09:30:12,N,16242.07,33432.83,7324.6,2.9902,2025-01-22 09:30:00
7356265,2025-01-22 09:35:12,N,16386.09,33973.96,7324.69,3.9439,2025-01-22 09:35:00
7356267,2025-01-22 09:40:12,N,16483.23,33913.91,7249.3,0.4443,2025-01-22 09:40:00
7356269,2025-01-22 09:45:12,N,16501.69,33780.12,7249.25,0.0,2025-01-22 09:45:00
7356273,2025-01-22 09:50:11,N,16516.14,33927.06,7249.42,0.0,2025-01-22 09:50:00
7356275,2025-01-22 09:55:13,N,16660.3,34270.51,7249.53,0.2398,2025-01-22 09:55:00
7356280,2025-01-22 10:00:14,N,16324.95,34054.46,6801.21,0.0,2025-01-22 10:00:00
7356289,2025-01-22 10:05:12,N,16003.59,33716.8,6559.38,3.0746,2025-01-22 10:05:00
7356292,2025-01-22 10:10:12,N,16040.64,33874.54,6584.69,1.4931,2025-01-22 10:10:00
7356294,2025-01-22 10:15:13,N,16136.53,34202.43,6584.74,1.9297,2025-01-22 10:15:00
7356299,2025-01-22 10:20:12,N,16467.08,34488.7,6576.65,0.4882,2025-01-22 10:20:00
7356301,2025-01-22 10:25:11,N,16517.1,34843.5,6576.71,0.7751,2025-01-22 10:25:00
7356303,2025-01-22 10:30:11,N,16675.36,35062.89,6576.45,0.5839,2025-01-22 10:30:00
7356307,2025-01-22 10:35:11,N,16640.81,35054.87,6576.4,0.146,2025-01-22 10:35:00
7356309,2025-01-22 10:40:12,N,16652.26,35108.65,6576.44,0.2652,2025-01-22 10:40:00
7356311,2025-01-22 10:45:12,N,16646.44,35428.66,6576.54,0.7647,2025-01-22 10:45:00
7356315,2025-01-22 10:50:12,N,16728.13,35782.11,6576.96,2.8063,2025-01-22 10:50:00
7356317,2025-01-22 10:55:12,N,16757.91,35860.73,6576.77,0.3992,2025-01-22 10:55:00
7356322,2025-01-22 11:00:14,N,16681.58,35681.01,6221.22,0.3152,2025-01-22 11:00:00
7356328,2025-01-22 11:05:12,N,16406.27,35072.8,6591.8,0.0297,2025-01-22 11:05:00
7356330,2025-01-22 11:10:12,N,16141.63,34787.26,6591.94,2.3213,2025-01-22 11:10:00
7356332,2025-01-22 11:15:11,N,16122.84,35236.19,6633.97,8.4866,2025-01-22 11:15:00
7356336,2025-01-22 11:20:11,N,16208.06,35502.26,6633.84,2.1179,2025-01-22 11:20:00
7356338,2025-01-22 11:25:12,N,16281.95,35653.4,6633.81,0.7459,2025-01-22 11:25:00
7356340,2025-01-22 11:30:11,N,16329.78,36047.76,6633.59,0.0047,2025-01-22 11:30:00
7356344,2025-01-22 11:35:11,N,16271.7,36302.25,6633.94,0.8467,2025-01-22 11:35:00
7356346,2025-01-22 11:40:10,N,16278.72,36354.18,6633.76,0.5551,2025-01-22 11:40:00
7356348,2025-01-22 11:45:11,N,16462.55,36480.95,6633.74,0.0015,2025-01-22 11:45:00
7356352,2025-01-22 11:50:11,N,16597.46,36448.8,6634.11,0.0015,2025-01-22 11:50:00
7356354,2025-01-22 11:55:11,N,16662.28,36609.72,6634.06,0.0005,2025-01-22 11:55:00
7356359,2025-01-22 12:00:13,N,16531.74,35960.53,6528.5,0.0,2025-01-22 12:00:00
7356365,2025-01-22 12:05:10,N,16463.46,35724.31,6634.89,0.0,2025-01-22 12:05:00
7356367,2025-01-22 12:10:11,N,16462.51,35738.26,6634.71,0.0,2025-01-22 12:10:00
7356369,2025-01-22 12:15:11,N,16496.81,35749.46,6634.78,0.0,2025-01-22 12:15:00
7356373,2025-01-22 12:20:10,N,16668.18,35951.37,6634.86,0.0,2025-01-22 12:20:00
7356375,2025-01-22 12:25:11,N,16737.22,36179.03,6634.65,0.0,2025-01-22 12:25:00
7356378,2025-01-22 12:30:10,N,16769.43,36560.74,6634.44,0.0,2025-01-22 12:30:00
7356382,2025-01-22 12:35:11,N,16769.15,36761.7,6634.4,0.0,2025-01-22 12:35:00
7356384,2025-01-22 12:40:10,N,16737.71,36789.28,6634.5,0.0,2025-01-22 12:40:00
7356386,2025-01-22 12:45:10,N,16627.62,36702.82,6634.45,0.0,2025-01-22 12:45:00
7356390,2025-01-22 12:50:10,N,16776.03,37282.86,6634.72,0.0,2025-01-22 12:50:00
7356392,2025-01-22 12:55:11,N,16543.48,37720.78,6634.58,0.0,2025-01-22 12:55:00
7356397,2025-01-22 13:00:12,N,16757.41,38495.38,6624.1,0.0,2025-01-22 13:00:00
7356403,2025-01-22 13:05:11,N,16453.68,38734.02,6622.99,0.0,2025-01-22 13:05:00
7356405,2025-01-22 13:10:11,N,16118.23,38663.99,6623.01,0.0,2025-01-22 13:10:00
7356407,2025-01-22 13:15:11,N,16354.64,38646.05,6623.02,0.0,2025-01-22 13:15:00
7356411,2025-01-22 13:20:10,N,16548.99,38887.04,6623.23,0.0,2025-01-22 13:20:00
7356413,2025-01-22 13:25:09,N,16479.55,38967.32,6623.07,0.0,2025-01-22 13:25:00
7356415,2025-01-22 13:30:10,N,16408.09,38860.63,6622.76,0.0,2025-01-22 13:30:00
7356419,2025-01-22 13:35:10,N,16382.45,38767.39,6622.73,0.0,2025-01-22 13:35:00
7356421,2025-01-22 13:40:11,N,16436.25,38910.66,6622.77,0.0,2025-01-22 13:40:00
7356423,2025-01-22 13:45:10,N,16345.93,38897.67,6622.56,0.0,2025-01-22 13:45:00
7356427,2025-01-22 13:50:10,N,16156.01,38903.94,6622.88,0.0,2025-01-22 13:50:00
7356429,2025-01-22 13:55:11,N,16241.11,39404.08,6622.92,0.0,2025-01-22 13:55:00
7356434,2025-01-22 14:00:13,N,16174.28,39531.77,6617.4,0.0,2025-01-22 14:00:00
7356440,2025-01-22 14:05:09,N,15971.58,39445.68,6616.16,0.0,2025-01-22 14:05:00
7356442,2025-01-22 14:10:10,N,15737.8,39252.93,6615.99,0.0,2025-01-22 14:10:00
7356444,2025-01-22 14:15:10,N,16034.11,39160.27,6616.02,0.0,2025-01-22 14:15:00
7356448,2025-01-22 14:20:09,N,16042.44,39307.4,6616.06,0.0,2025-01-22 14:20:00
7356450,2025-01-22 14:25:09,N,16035.85,39410.49,6616.0,0.0,2025-01-22 14:25:00
7356452,2025-01-22 14:30:09,N,15836.5,39243.5,6615.8,0.0,2025-01-22 14:30:00
7356456,2025-01-22 14:35:10,N,16023.16,39389.04,6615.8,0.0,2025-01-22 14:35:00
7356458,2025-01-22 14:40:09,N,16119.59,39606.86,6615.88,0.0,2025-01-22 14:40:00
7356460,2025-01-22 14:45:10,N,15876.26,39345.58,6615.81,0.0,2025-01-22 14:45:00
7356464,2025-01-22 14:50:10,N,15936.89,39259.08,6616.14,0.0,2025-01-22 14:50:00
7356466,2025-01-22 14:55:11,N,15818.05,39056.01,6616.25,0.0,2025-01-22 14:55:00
7356471,2025-01-22 15:00:11,N,16139.56,39257.75,6614.3,0.0,2025-01-22 15:00:00
7356477,2025-01-22 15:05:10,N,16233.65,39140.22,6555.86,0.0,2025-01-22 15:05:00
7356479,2025-01-22 15:10:12,N,16249.68,39331.2,6555.98,0.0,2025-01-22 15:10:00
7356483,2025-01-22 15:15:09,N,16227.37,39242.82,6611.68,0.0,2025-01-22 15:15:00
7356488,2025-01-22 15:20:09,N,16118.7,39201.55,6611.77,0.0,2025-01-22 15:20:00
7356490,2025-01-22 15:25:09,N,16229.52,39009.27,6611.64,0.0,2025-01-22 15:25:00
7356492,2025-01-22 15:30:10,N,16192.37,38978.56,6611.43,0.0,2025-01-22 15:30:00
7356496,2025-01-22 15:35:11,N,16096.84,38584.95,6611.46,0.0,2025-01-22 15:35:00
7356498,2025-01-22 15:40:10,N,16175.43,38291.14,6611.46,0.0,2025-01-22 15:40:00
7356500,2025-01-22 15:45:10,N,15931.38,37837.57,6611.4,0.0,2025-01-22 15:45:00
7356504,2025-01-22 15:50:10,N,15809.01,37966.71,6611.65,0.0,2025-01-22 15:50:00
7356506,2025-01-22 15:55:09,N,15909.67,38054.19,6611.77,0.0,2025-01-22 15:55:00
7356511,2025-01-22 16:00:11,N,15841.89,37004.98,6567.84,0.0,2025-01-22 16:00:00
7356517,2025-01-22 16:05:09,N,15850.37,36946.71,6617.37,0.0,2025-01-22 16:05:00
7356519,2025-01-22 16:10:09,N,16053.78,36373.25,6617.44,0.0,2025-01-22 16:10:00
7356521,2025-01-22 16:15:09,N,15825.24,35357.31,6617.54,0.0,2025-01-22 16:15:00
7356525,2025-01-22 16:20:11,N,15974.58,34176.21,6617.57,0.0,2025-01-22 16:20:00
7356527,2025-01-22 16:25:10,N,15745.53,32282.83,6617.42,0.0,2025-01-22 16:25:00
7356529,2025-01-22 16:30:12,N,15465.44,31619.98,6617.26,0.0,2025-01-22 16:30:00
7356533,2025-01-22 16:35:10,N,15280.0,30964.78,6617.24,0.0,2025-01-22 16:35:00
7356535,2025-01-22 16:40:10,N,14790.57,29697.25,6617.14,0.0,2025-01-22 16:40:00
7356537,2025-01-22 16:45:10,N,14086.21,28110.95,6617.0,0.0,2025-01-22 16:45:00
7356541,2025-01-22 16:50:09,N,14127.93,28143.94,6364.03,0.0,2025-01-22 16:50:00
7356543,2025-01-22 16:55:10,N,14311.25,27230.25,6364.33,0.0,2025-01-22 16:55:00
7356548,2025-01-22 17:00:11,N,13923.03,26302.52,6288.41,0.0,2025-01-22 17:00:00
7356554,2025-01-22 17:05:10,N,14082.33,25712.56,6252.25,0.0,2025-01-22 17:05:00
7356556,2025-01-22 17:10:09,N,13077.83,23716.24,6252.39,0.0,2025-01-22 17:10:00
7356558,2025-01-22 17:15:09,N,12423.41,22216.14,6252.33,0.0,2025-01-22 17:15:00
7356562,2025-01-22 17:20:09,N,11704.73,20832.31,6252.28,0.0,2025-01-22 17:20:00
7356564,2025-01-22 17:25:09,N,11436.24,19946.94,6252.27,0.0,2025-01-22 17:25:00
7356566,2025-01-22 17:30:10,N,10938.75,18980.5,6252.21,0.0,2025-01-22 17:30:00
7356570,2025-01-22 17:35:10,N,10141.18,17615.32,6252.11,0.0,2025-01-22 17:35:00
7356572,2025-01-22 17:40:09,N,9700.18,16636.64,6252.3,0.0,2025-01-22 17:40:00
7356574,2025-01-22 17:45:09,N,9036.78,15794.4,6252.33,0.0,2025-01-22 17:45:00
7356578,2025-01-22 17:50:10,N,8650.03,15101.57,6164.72,0.0,2025-01-22 17:50:00
7356580,2025-01-22 17:55:10,N,8580.86,14991.14,6164.69,0.0,2025-01-22 17:55:00
7356585,2025-01-22 18:00:12,N,8442.64,14853.94,6137.97,0.0,2025-01-22 18:00:00
7356591,2025-01-22 18:05:10,N,8165.09,14028.92,6086.66,0.0,2025-01-22 18:05:00
7356593,2025-01-22 18:10:09,N,7947.06,13849.18,6086.74,0.0,2025-01-22 18:10:00
7356595,2025-01-22 18:15:09,N,8030.81,13756.07,6069.8,0.0,2025-01-22 18:15:00
7356599,2025-01-22 18:20:09,N,8119.71,13698.99,6069.6,0.0,2025-01-22 18:20:00
7356601,2025-01-22 18:25:09,N,8303.75,13863.35,6069.53,0.0,2025-01-22 18:25:00
7356603,2025-01-22 18:30:09,N,8386.4,14137.49,6069.58,0.0,2025-01-22 18:30:00
7356607,2025-01-22 18:35:09,N,8379.0,14272.44,6069.56,0.0,2025-01-22 18:35:00
7356609,2025-01-22 18:40:09,N,8584.04,14416.06,6069.72,0.0,2025-01-22 18:40:00
7356611,2025-01-22 18:45:09,N,8675.21,14643.97,6069.69,0.0,2025-01-22 18:45:00
7356615,2025-01-22 18:50:09,N,8764.06,14716.47,6069.65,0.0,2025-01-22 18:50:00
7356617,2025-01-22 18:55:09,N,8853.8,14904.0,6115.81,0.0,2025-01-22 18:55:00
7356622,2025-01-22 19:00:11,N,9100.97,15180.52,6091.18,0.0,2025-01-22 19:00:00
7356628,2025-01-22 19:05:10,N,9106.38,15545.32,6091.18,0.0,2025-01-22 19:05:00
7356630,2025-01-22 19:10:10,N,9382.7,15617.03,6091.18,0.0,2025-01-22 19:10:00
7356632,2025-01-22 19:15:09,N,9277.99,15565.11,6091.22,0.0,2025-01-22 19:15:00
7356636,2025-01-22 19:20:09,N,9280.46,15296.24,6091.18,0.0,2025-01-22 19:20:00
7356638,2025-01-22 19:25:09,N,9232.21,15294.36,6091.17,0.0,2025-01-22 19:25:00
7356640,2025-01-22 19:30:10,N,9278.54,15338.41,6091.18,0.0,2025-01-22 19:30:00
7356644,2025-01-22 19:35:08,N,9421.92,15572.82,6097.09,0.0,2025-01-22 19:35:00
7356646,2025-01-22 19:40:09,N,9449.46,15998.22,6097.1,0.0,2025-01-22 19:40:00
7356648,2025-01-22 19:45:09,N,9514.9,16076.16,6097.09,0.0,2025-01-22 19:45:00
7356652,2025-01-22 19:50:10,N,9557.17,16098.42,6097.09,0.0,2025-01-22 19:50:00
7356654,2025-01-22 19:55:10,N,9477.99,16089.4,6097.08,0.0,2025-01-22 19:55:00
7356659,2025-01-22 20:00:11,N,9527.72,16237.11,6063.42,0.0,2025-01-22 20:00:00
7356665,2025-01-22 20:05:10,N,9569.25,16640.74,6126.47,0.0,2025-01-22 20:05:00
7356667,2025-01-22 20:10:09,N,9580.95,16699.55,6176.5,0.0,2025-01-22 20:10:00
7356669,2025-01-22 20:15:09,N,9567.03,16969.85,6176.5,0.0,2025-01-22 20:15:00
7356673,2025-01-22 20:20:09,N,9623.74,17159.91,6176.51,0.0,2025-01-22 20:20:00
7356675,2025-01-22 20:25:09,N,9783.91,17550.91,6176.5,0.0,2025-01-22 20:25:00
7356677,2025-01-22 20:30:10,N,9880.56,17717.59,6176.4,0.0,2025-01-22 20:30:00
7356681,2025-01-22 20:35:09,N,10004.74,18063.91,6176.48,0.0,2025-01-22 20:35:00
7356683,2025-01-22 20:40:09,N,9984.82,18147.72,6176.4,0.0,2025-01-22 20:40:00
7356685,2025-01-22 20:45:10,N,9840.25,18054.89,6176.4,0.0,2025-01-22 20:45:00
7356689,2025-01-22 20:50:09,N,9953.17,18048.01,6184.85,0.0,2025-01-22 20:50:00
7356691,2025-01-22 20:55:10,N,10065.86,18148.72,6184.81,0.0,2025-01-22 20:55:00
7356696,2025-01-22 21:00:11,N,9976.21,17972.08,6199.2,0.0,2025-01-22 21:00:00
7356702,2025-01-22 21:05:10,N,9897.48,18010.96,6391.22,0.0,2025-01-22 21:05:00
7356704,2025-01-22 21:10:09,N,9906.1,18008.56,6391.27,0.0,2025-01-22 21:10:00
7356706,2025-01-22 21:15:09,N,9895.06,17693.21,6385.36,0.0,2025-01-22 21:15:00
7356710,2025-01-22 21:20:10,N,9943.54,17753.51,6385.39,0.0,2025-01-22 21:20:00
7356712,2025-01-22 21:25:09,N,9991.58,18005.34,6385.57,0.0,2025-01-22 21:25:00
7356714,2025-01-22 21:30:09,N,10137.01,18284.22,6528.95,0.0,2025-01-22 21:30:00
7356718,2025-01-22 21:35:10,N,10084.45,18038.11,6634.81,0.0,2025-01-22 21:35:00
7356720,2025-01-22 21:40:10,N,10160.17,18130.2,6635.1,0.0,2025-01-22 21:40:00
7356722,2025-01-22 21:45:11,N,10193.4,18252.72,6635.01,0.0,2025-01-22 21:45:00
7356726,2025-01-22 21:50:10,N,10138.01,18495.64,6635.07,0.0,2025-01-22 21:50:00
7356728,2025-01-22 21:55:10,N,10290.1,18740.51,6641.23,0.0,2025-01-22 21:55:00
7356733,2025-01-22 22:00:12,N,10275.83,19050.47,6226.85,0.0,2025-01-22 22:00:00
7356739,2025-01-22 22:05:11,N,10361.76,19336.7,6618.14,0.0,2025-01-22 22:05:00
7356741,2025-01-22 22:10:10,N,10477.77,19482.82,6612.29,0.0,2025-01-22 22:10:00
7356743,2025-01-22 22:15:10,N,10453.52,19379.83,6612.27,0.0,2025-01-22 22:15:00
7356747,2025-01-22 22:20:09,N,10404.01,19175.43,6612.3,0.0,2025-01-22 22:20:00
7356749,2025-01-22 22:25:09,N,10389.2,19126.65,6612.4,0.0,2025-01-22 22:25:00
7356751,2025-01-22 22:30:10,N,10564.32,19240.02,6612.5,0.0,2025-01-22 22:30:00
7356755,2025-01-22 22:35:09,N,10538.47,19341.76,6612.14,0.0,2025-01-22 22:35:00
7356757,2025-01-22 22:40:09,N,10396.84,18976.39,6612.09,0.0,2025-01-22 22:40:00
7356759,2025-01-22 22:45:09,N,10431.02,19000.41,6612.19,0.0,2025-01-22 22:45:00
7356763,2025-01-22 22:50:10,N,10468.59,19079.24,6612.13,0.0,2025-01-22 22:50:00
7356765,2025-01-22 22:55:10,N,10421.96,19215.15,6612.46,0.0,2025-01-22 22:55:00
7356770,2025-01-22 23:00:11,N,10254.95,18777.95,6615.16,0.0,2025-01-22 23:00:00
7356776,2025-01-22 23:05:10,N,10153.67,18670.63,6618.11,0.0,2025-01-22 23:05:00
7356778,2025-01-22 23:10:09,N,10244.94,18725.06,6618.13,0.0,2025-01-22 23:10:00
7356780,2025-01-22 23:15:09,N,10249.51,18780.05,6618.23,0.0,2025-01-22 23:15:00
7356784,2025-01-22 23:20:09,N,10280.92,18726.44,6624.12,0.0,2025-01-22 23:20:00
7356786,2025-01-22 23:25:10,N,10136.85,18449.31,6624.13,0.0,2025-01-22 23:25:00
7356788,2025-01-22 23:30:10,N,10071.83,18473.47,6624.23,0.0,2025-01-22 23:30:00
7356792,2025-01-22 23:35:09,N,9915.57,18599.01,6624.06,0.0,2025-01-22 23:35:00
7356794,2025-01-22 23:40:09,N,10009.34,18490.07,6624.04,0.0,2025-01-22 23:40:00
7356796,2025-01-22 23:45:10,N,9905.73,18372.27,6623.84,0.0,2025-01-22 23:45:00
7356800,2025-01-22 23:50:10,N,9854.39,18550.58,6623.92,0.0,2025-01-22 23:50:00
7356802,2025-01-22 23:55:10,N,9776.41,18098.32,6579.09,0.0,2025-01-22 23:55:00
7356807,2025-01-23 00:00:12,N,9708.01,17729.83,6262.96,0.0,2025-01-23 00:00:00
7356813,2025-01-23 00:05:10,N,9350.91,16705.01,6754.52,0.0,2025-01-23 00:05:00
7356815,2025-01-23 00:10:10,N,9094.69,16354.87,6694.53,0.0,2025-01-23 00:10:00
7356817,2025-01-23 00:15:10,N,9021.58,16127.47,6541.36,0.0,2025-01-23 00:15:00
7356821,2025-01-23 00:20:10,N,9116.44,16093.64,6541.66,0.0,2025-01-23 00:20:00
7356823,2025-01-23 00:25:10,N,9324.1,16577.49,6541.6,0.0,2025-01-23 00:25:00
7356825,2025-01-23 00:30:10,N,9377.61,16465.12,6491.45,0.0,2025-01-23 00:30:00
7356829,2025-01-23 00:35:10,N,9091.4,16002.89,6491.5,0.0,2025-01-23 00:35:00
7356831,2025-01-23 00:40:11,N,8922.48,15921.46,6491.49,0.0,2025-01-23 00:40:00
7356833,2025-01-23 00:45:10,N,8323.78,15757.65,6491.31,0.0,2025-01-23 00:45:00
7356837,2025-01-23 00:50:11,N,8573.05,15884.59,6440.11,0.0,2025-01-23 00:50:00
7356839,2025-01-23 00:55:10,N,8907.23,16009.44,6440.4,0.0,2025-01-23 00:55:00
7356844,2025-01-23 01:00:14,N,9182.04,16038.77,6289.79,0.0,2025-01-23 01:00:00
7356850,2025-01-23 01:05:10,N,9325.12,16148.71,6341.43,0.0,2025-01-23 01:05:00
7356853,2025-01-23 01:10:10,N,9455.39,16245.06,6341.56,0.0,2025-01-23 01:10:00
7356855,2025-01-23 01:15:11,N,9626.95,16341.0,6341.49,0.0,2025-01-23 01:15:00
7356859,2025-01-23 01:20:10,N,9152.14,16202.84,6341.13,0.0,2025-01-23 01:20:00
7356861,2025-01-23 01:25:10,N,9181.49,16397.07,6285.0,0.0,2025-01-23 01:25:00
7356863,2025-01-23 01:30:10,N,9391.57,16176.27,6143.8,0.0,2025-01-23 01:30:00
7356867,2025-01-23 01:35:10,N,9522.18,15997.99,6143.76,0.0,2025-01-23 01:35:00
7356869,2025-01-23 01:40:10,N,9474.95,15941.84,6143.8,0.0,2025-01-23 01:40:00
7356871,2025-01-23 01:45:10,N,9479.67,15731.31,6143.72,0.0,2025-01-23 01:45:00
7356875,2025-01-23 01:50:11,N,9187.6,15489.13,6143.72,0.0,2025-01-23 01:50:00
7356877,2025-01-23 01:55:10,N,9155.16,15578.39,6106.43,0.0,2025-01-23 01:55:00
7356882,2025-01-23 02:00:13,N,9210.1,15808.59,6110.64,0.0,2025-01-23 02:00:00
7356888,2025-01-23 02:05:10,N,9209.32,15855.84,6108.91,0.0,2025-01-23 02:05:00
7356890,2025-01-23 02:10:10,N,9194.32,15920.79,6072.01,0.0,2025-01-23 02:10:00
7356892,2025-01-23 02:15:10,N,9139.99,15995.76,6072.02,0.0,2025-01-23 02:15:00
7356896,2025-01-23 02:20:10,N,9098.01,15808.54,6071.96,0.0,2025-01-23 02:20:00
7356898,2025-01-23 02:25:09,N,9041.39,15551.06,6071.91,0.0,2025-01-23 02:25:00
7356900,2025-01-23 02:30:09,N,9103.17,15947.91,6072.01,0.0,2025-01-23 02:30:00
7356904,2025-01-23 02:35:09,N,9185.92,15904.18,6072.01,0.0,2025-01-23 02:35:00
7356906,2025-01-23 02:40:10,N,9276.46,16050.83,6021.01,0.0,2025-01-23 02:40:00
7356908,2025-01-23 02:45:10,N,9192.85,15780.81,6021.07,0.0,2025-01-23 02:45:00
7356912,2025-01-23 02:50:10,N,9176.14,15843.82,6021.07,0.0,2025-01-23 02:50:00
7356914,2025-01-23 02:55:10,N,9185.36,16174.16,5970.01,0.0,2025-01-23 02:55:00
7356919,2025-01-23 03:00:11,N,9316.86,16218.84,6023.35,0.0,2025-01-23 03:00:00
7356925,2025-01-23 03:05:10,N,9426.61,16097.2,6023.4,0.0,2025-01-23 03:05:00
7356927,2025-01-23 03:10:09,N,9530.91,16115.71,6023.4,0.0,2025-01-23 03:10:00
7356929,2025-01-23 03:15:09,N,9506.53,16056.47,6023.4,0.0,2025-01-23 03:15:00
7356933,2025-01-23 03:20:09,N,9461.89,15927.82,6023.4,0.0,2025-01-23 03:20:00
7356935,2025-01-23 03:25:09,N,9482.8,15965.06,6023.4,0.0,2025-01-23 03:25:00
7356937,2025-01-23 03:30:10,N,9522.2,16025.13,6023.35,0.0,2025-01-23 03:30:00
7356941,2025-01-23 03:35:09,N,9519.73,15750.21,6023.4,0.0,2025-01-23 03:35:00
7356943,2025-01-23 03:40:12,N,9480.73,15861.01,6023.35,0.0,2025-01-23 03:40:00
7356945,2025-01-23 03:45:12,N,9466.65,15727.25,6023.3,0.0,2025-01-23 03:45:00
7356949,2025-01-23 03:50:11,N,9446.04,15751.37,6023.35,0.0,2025-01-23 03:50:00
7356951,2025-01-23 03:55:10,N,9417.69,15716.28,6023.4,0.0,2025-01-23 03:55:00
7356956,2025-01-23 04:00:12,N,9467.68,15671.95,5974.71,0.0,2025-01-23 04:00:00
7356962,2025-01-23 04:05:10,N,9336.53,15130.19,6019.71,0.0,2025-01-23 04:05:00
7356964,2025-01-23 04:10:10,N,9212.02,15008.6,6019.71,0.0,2025-01-23 04:10:00
7356966,2025-01-23 04:15:09,N,9323.62,15040.35,6019.72,0.0,2025-01-23 04:15:00
7356970,2025-01-23 04:20:09,N,9182.95,15008.44,6019.6,0.0,2025-01-23 04:20:00
7356972,2025-01-23 04:25:09,N,9171.15,15052.75,6019.66,0.0,2025-01-23 04:25:00
7356974,2025-01-23 04:30:11,N,9316.01,15029.51,6019.71,0.0,2025-01-23 04:30:00
7356978,2025-01-23 04:35:09,N,9187.89,14749.52,6019.61,0.0,2025-01-23 04:35:00
7356980,2025-01-23 04:40:09,N,9051.61,14665.51,6019.61,0.0,2025-01-23 04:40:00
7356982,2025-01-23 04:45:10,N,8962.51,14610.42,6018.71,0.0,2025-01-23 04:45:00
7356986,2025-01-23 04:50:10,N,9043.59,14526.73,6010.21,0.0,2025-01-23 04:50:00
7356988,2025-01-23 04:55:10,N,8962.46,14231.09,6045.16,0.0,2025-01-23 04:55:00
7356993,2025-01-23 05:00:11,N,8935.57,14260.83,5867.28,0.0,2025-01-23 05:00:00
7356999,2025-01-23 05:05:10,N,8735.42,13746.3,5766.17,0.0,2025-01-23 05:05:00
7357001,2025-01-23 05:10:09,N,8525.17,13515.43,5715.12,0.0,2025-01-23 05:10:00
7357003,2025-01-23 05:15:10,N,8545.66,13909.71,5249.82,0.0,2025-01-23 05:15:00
7357007,2025-01-23 05:20:09,N,8525.29,13800.19,5249.82,0.0,2025-01-23 05:20:00
7357010,2025-01-23 05:25:09,N,8597.5,13873.71,5249.88,0.0,2025-01-23 05:25:00
7357012,2025-01-23 05:30:09,N,8652.25,13983.82,5057.87,0.0,2025-01-23 05:30:00
7357016,2025-01-23 05:35:10,N,8631.73,13537.25,5009.77,0.0,2025-01-23 05:35:00
7357018,2025-01-23 05:40:08,N,8421.23,13336.6,5009.71,0.0,2025-01-23 05:40:00
7357020,2025-01-23 05:45:09,N,8362.56,13360.64,5009.71,0.0,2025-01-23 05:45:00
7357024,2025-01-23 05:50:10,N,8438.69,13293.56,4960.82,0.0,2025-01-23 05:50:00
7357026,2025-01-23 05:55:11,N,8388.08,13245.45,4852.72,0.0,2025-01-23 05:55:00
7357031,2025-01-23 06:00:11,N,8594.02,13451.42,4807.01,0.0,2025-01-23 06:00:00
7357037,2025-01-23 06:05:10,N,8139.65,12740.85,4530.91,0.0,2025-01-23 06:05:00
7357039,2025-01-23 06:10:10,N,8258.41,12790.92,4378.91,0.0,2025-01-23 06:10:00
7357041,2025-01-23 06:15:08,N,8207.54,12768.3,4373.06,0.0,2025-01-23 06:15:00
7357045,2025-01-23 06:20:10,N,8172.07,12698.9,4372.95,0.0,2025-01-23 06:20:00
7357047,2025-01-23 06:25:10,N,8242.66,12592.2,4419.0,0.0,2025-01-23 06:25:00
7357049,2025-01-23 06:30:10,N,7952.1,12247.05,4419.01,0.0,2025-01-23 06:30:00
7357053,2025-01-23 06:35:11,N,7710.98,11995.17,4419.06,0.0,2025-01-23 06:35:00
7357055,2025-01-23 06:40:09,N,7658.04,12254.98,4373.12,0.0,2025-01-23 06:40:00
7357057,2025-01-23 06:45:09,N,7443.66,12003.07,4373.11,0.0,2025-01-23 06:45:00
7357061,2025-01-23 06:50:09,N,7207.34,11718.38,4373.0,0.0,2025-01-23 06:50:00
7357063,2025-01-23 06:55:09,N,7035.25,11434.95,4497.78,0.0,2025-01-23 06:55:00
7357068,2025-01-23 07:00:11,N,7003.24,11423.65,4494.31,0.0,2025-01-23 07:00:00
7357074,2025-01-23 07:05:09,N,6989.55,11038.06,4448.26,0.0,2025-01-23 07:05:00
7357076,2025-01-23 07:10:09,N,6741.25,10614.39,4448.26,0.0,2025-01-23 07:10:00
7357078,2025-01-23 07:15:09,N,6772.44,10683.86,4448.26,0.0,2025-01-23 07:15:00
7357082,2025-01-23 07:20:09,N,6733.28,10727.64,4448.31,0.0,2025-01-23 07:20:00
7357084,2025-01-23 07:25:10,N,6749.15,10786.53,4448.26,0.0,2025-01-23 07:25:00
7357086,2025-01-23 07:30:10,N,6862.33,10983.84,4448.21,0.0,2025-01-23 07:30:00
7357090,2025-01-23 07:35:10,N,7005.95,11349.14,4448.15,0.0,2025-01-23 07:35:00
7357092,2025-01-23 07:40:09,N,7145.89,11589.49,4494.21,0.0,2025-01-23 07:40:00
7357094,2025-01-23 07:45:10,N,7263.7,12105.98,4542.15,0.0,2025-01-23 07:45:00
7357098,2025-01-23 07:50:10,N,7599.65,12435.82,4590.21,0.0,2025-01-23 07:50:00
7357100,2025-01-23 07:55:10,N,7518.66,12709.42,4636.31,0.0,2025-01-23 07:55:00
7357105,2025-01-23 08:00:13,N,7632.52,13215.96,4689.98,0.0,2025-01-23 08:00:00
7357111,2025-01-23 08:05:10,N,7984.94,13772.06,5104.34,0.0,2025-01-23 08:05:00
7357113,2025-01-23 08:10:10,N,8363.6,14375.65,5112.64,0.0,2025-01-23 08:10:00
7357115,2025-01-23 08:15:10,N,8982.68,15563.85,5202.19,0.0,2025-01-23 08:15:00
7357119,2025-01-23 08:20:10,N,9316.2,16092.82,5183.19,0.0,2025-01-23 08:20:00
7357121,2025-01-23 08:25:09,N,9388.0,16605.36,5518.34,0.0,2025-01-23 08:25:00
7357123,2025-01-23 08:30:11,N,9596.19,17134.35,5748.07,0.0,2025-01-23 08:30:00
7357127,2025-01-23 08:35:10,N,9936.2,18255.67,5905.34,0.0,2025-01-23 08:35:00
7357129,2025-01-23 08:40:10,N,10403.96,19643.65,6191.64,0.0,2025-01-23 08:40:00
7357131,2025-01-23 08:45:09,N,11089.46,20664.54,6191.24,0.0,2025-01-23 08:45:00
7357135,2025-01-23 08:50:11,N,11745.74,21144.69,6201.22,0.0,2025-01-23 08:50:00
7357137,2025-01-23 08:55:11,N,12024.28,22237.43,6206.27,0.0,2025-01-23 08:55:00
7357142,2025-01-23 09:00:12,N,11366.75,21596.56,5892.12,0.0,2025-01-23 09:00:00
7357148,2025-01-23 09:05:09,N,11253.45,20942.03,5921.12,0.0,2025-01-23 09:05:00
7357150,2025-01-23 09:10:09,N,10901.26,20293.83,6133.19,0.0,2025-01-23 09:10:00
7357152,2025-01-23 09:15:12,N,10766.32,19832.44,6150.87,0.0,2025-01-23 09:15:00
7357156,2025-01-23 09:20:09,N,10610.8,19578.24,6165.35,0.0,2025-01-23 09:20:00
7357158,2025-01-23 09:25:09,N,10480.83,19073.27,6175.86,0.0,2025-01-23 09:25:00
7357160,2025-01-23 09:30:09,N,10310.34,18978.88,6176.41,0.0,2025-01-23 09:30:00
7357164,2025-01-23 09:35:09,N,10413.7,19232.51,6175.72,0.0,2025-01-23 09:35:00
7357166,2025-01-23 09:40:10,N,10611.41,19736.38,6176.16,0.0,2025-01-23 09:40:00
7357168,2025-01-23 09:45:09,N,10834.58,20363.77,6176.18,0.0,2025-01-23 09:45:00
7357172,2025-01-23 09:50:09,N,10929.29,20821.62,6174.88,0.0,2025-01-23 09:50:00
7357174,2025-01-23 09:55:10,N,11271.5,21271.3,6176.81,0.0,2025-01-23 09:55:00
7357179,2025-01-23 10:00:11,N,11364.45,21707.0,5837.66,0.0,2025-01-23 10:00:00
7357188,2025-01-23 10:05:11,N,11508.24,22203.13,6196.38,0.0,2025-01-23 10:05:00
7357190,2025-01-23 10:10:10,N,11663.54,22631.77,6196.31,0.0,2025-01-23 10:10:00
7357192,2025-01-23 10:15:08,N,11803.24,23198.06,6196.29,0.0,2025-01-23 10:15:00
7357196,2025-01-23 10:20:08,N,11950.4,23327.91,6177.81,0.0,2025-01-23 10:20:00
7357198,2025-01-23 10:25:08,N,12158.32,23881.59,6220.24,0.0,2025-01-23 10:25:00
7357200,2025-01-23 10:30:09,N,12337.45,24779.34,6220.22,0.0,2025-01-23 10:30:00
7357204,2025-01-23 10:35:08,N,12558.15,25274.22,6219.93,0.0,2025-01-23 10:35:00
7357206,2025-01-23 10:40:08,N,12762.11,25814.86,6220.05,0.0,2025-01-23 10:40:00
7357208,2025-01-23 10:45:09,N,12894.24,26374.75,6219.96,0.0,2025-01-23 10:45:00
7357212,2025-01-23 10:50:09,N,13052.93,26940.24,6220.02,0.0,2025-01-23 10:50:00
7357214,2025-01-23 10:55:10,N,13282.78,27514.47,6220.11,0.0,2025-01-23 10:55:00
7357219,2025-01-23 11:00:11,N,13281.72,27576.83,6087.43,0.0,2025-01-23 11:00:00
7357225,2025-01-23 11:05:09,N,13195.3,27785.73,6364.99,0.0,2025-01-23 11:05:00
7357227,2025-01-23 11:10:09,N,13254.52,28164.02,6364.89,0.0,2025-01-23 11:10:00
7357229,2025-01-23 11:15:10,N,13361.54,28965.98,6364.82,0.0,2025-01-23 11:15:00
7357233,2025-01-23 11:20:09,N,13485.69,29606.29,6364.86,0.0,2025-01-23 11:20:00
7357235,2025-01-23 11:25:08,N,13592.48,30457.32,6364.93,0.0,2025-01-23 11:25:00
7357237,2025-01-23 11:30:10,N,13709.06,30745.9,6364.9,0.0,2025-01-23 11:30:00
7357241,2025-01-23 11:35:10,N,13831.83,30974.96,6364.82,0.0,2025-01-23 11:35:00
7357243,2025-01-23 11:40:11,N,13795.54,31219.91,6364.88,0.0,2025-01-23 11:40:00
7357245,2025-01-23 11:45:09,N,13933.98,31599.61,6364.55,0.0,2025-01-23 11:45:00
7357249,2025-01-23 11:50:10,N,14248.11,32014.3,6364.48,0.0,2025-01-23 11:50:00
7357251,2025-01-23 11:55:10,N,14013.48,32355.52,6364.83,0.0,2025-01-23 11:55:00
7357256,2025-01-23 12:00:11,N,13943.89,31893.67,6361.56,0.0,2025-01-23 12:00:00
7357262,2025-01-23 12:05:10,N,14152.26,32097.45,6360.96,0.0,2025-01-23 12:05:00
7357264,2025-01-23 12:10:10,N,14222.84,32096.3,6409.0,0.0,2025-01-23 12:10:00
7357266,2025-01-23 12:15:10,N,14409.86,32568.56,6409.16,0.0,2025-01-23 12:15:00
7357270,2025-01-23 12:20:08,N,14485.47,32190.72,6409.29,0.0,2025-01-23 12:20:00
7357272,2025-01-23 12:25:09,N,14399.97,32204.68,6409.25,0.0,2025-01-23 12:25:00
7357274,2025-01-23 12:30:09,N,14399.38,32606.38,6409.16,0.0,2025-01-23 12:30:00
7357278,2025-01-23 12:35:09,N,14344.01,32434.96,6409.12,0.0,2025-01-23 12:35:00
7357280,2025-01-23 12:40:09,N,14351.94,32290.59,6409.05,0.0,2025-01-23 12:40:00
7357282,2025-01-23 12:45:10,N,14305.05,32700.12,6408.74,0.0,2025-01-23 12:45:00
7357286,2025-01-23 12:50:09,N,14354.28,32481.04,6408.67,0.0,2025-01-23 12:50:00
7357288,2025-01-23 12:55:10,N,14316.59,32464.88,6408.94,0.0,2025-01-23 12:55:00
7357293,2025-01-23 13:00:11,N,14404.64,32493.07,6398.87,0.0,2025-01-23 13:00:00
7357299,2025-01-23 13:05:10,N,14808.54,32862.86,6419.07,0.0,2025-01-23 13:05:00
7357301,2025-01-23 13:10:09,N,14980.58,32947.74,6418.88,0.0,2025-01-23 13:10:00
7357303,2025-01-23 13:15:09,N,15028.51,33274.68,6418.74,0.0,2025-01-23 13:15:00
7357307,2025-01-23 13:20:09,N,15048.18,33651.53,6418.65,0.0,2025-01-23 13:20:00
7357309,2025-01-23 13:25:10,N,15053.47,33917.18,6418.8,0.0,2025-01-23 13:25:00
7357311,2025-01-23 13:30:09,N,15020.83,33782.2,6418.72,0.0,2025-01-23 13:30:00
7357315,2025-01-23 13:35:08,N,15090.91,33852.21,6418.64,0.0,2025-01-23 13:35:00
7357317,2025-01-23 13:40:10,N,15105.79,34401.9,6418.6,0.0,2025-01-23 13:40:00
7357319,2025-01-23 13:45:10,N,15073.84,34460.3,6418.41,0.0,2025-01-23 13:45:00
7357323,2025-01-23 13:50:10,N,15077.26,34544.38,6418.39,0.0,2025-01-23 13:50:00
7357325,2025-01-23 13:55:10,N,15020.17,34762.07,6418.65,0.0,2025-01-23 13:55:00
7357330,2025-01-23 14:00:11,N,15279.33,35068.52,6405.86,0.0,2025-01-23 14:00:00
7357336,2025-01-23 14:05:09,N,15069.18,34172.9,6262.86,0.0,2025-01-23 14:05:00
7357338,2025-01-23 14:10:09,N,15165.36,34431.67,6262.48,0.0,2025-01-23 14:10:00
7357340,2025-01-23 14:15:09,N,15086.22,34691.92,6262.36,0.0,2025-01-23 14:15:00
7357344,2025-01-23 14:20:09,N,14968.09,34707.78,6262.66,0.0,2025-01-23 14:20:00
7357346,2025-01-23 14:25:09,N,15167.56,35168.68,6262.78,0.0,2025-01-23 14:25:00
7357350,2025-01-23 14:30:09,N,15064.75,35220.32,6262.72,0.0,2025-01-23 14:30:00
7357356,2025-01-23 14:35:09,N,15136.63,35712.59,6262.8,0.0,2025-01-23 14:35:00
7357358,2025-01-23 14:40:10,N,14993.17,35573.28,6262.89,0.0,2025-01-23 14:40:00
7357360,2025-01-23 14:45:10,N,14753.82,35342.58,6262.54,0.0,2025-01-23 14:45:00
7357364,2025-01-23 14:50:07,N,14886.3,35494.7,6262.44,0.0,2025-01-23 14:50:00
7357366,2025-01-23 14:55:08,N,14892.4,35696.43,6262.54,0.0,2025-01-23 14:55:00
7357371,2025-01-23 15:00:12,N,15116.88,36050.84,6263.05,0.0,2025-01-23 15:00:00
7357377,2025-01-23 15:05:09,N,14940.42,35967.87,6260.18,0.0,2025-01-23 15:05:00
7357379,2025-01-23 15:10:10,N,14972.83,36194.28,6260.06,0.0,2025-01-23 15:10:00
7357381,2025-01-23 15:15:10,N,14936.51,36078.25,6259.91,0.0,2025-01-23 15:15:00
7357385,2025-01-23 15:20:09,N,14758.5,36036.72,6260.05,0.0,2025-01-23 15:20:00
7357387,2025-01-23 15:25:09,N,14860.49,35943.66,6260.21,0.0,2025-01-23 15:25:00
7357389,2025-01-23 15:30:10,N,14942.28,36030.15,6308.33,0.0,2025-01-23 15:30:00
7357393,2025-01-23 15:35:10,N,14848.95,35785.61,6308.28,0.0,2025-01-23 15:35:00
7357395,2025-01-23 15:40:11,N,14800.5,35358.21,6308.26,0.0,2025-01-23 15:40:00
7357397,2025-01-23 15:45:10,N,14721.85,35510.87,6307.99,0.0,2025-01-23 15:45:00
7357401,2025-01-23 15:50:10,N,14772.85,35128.77,6307.98,0.0,2025-01-23 15:50:00
7357403,2025-01-23 15:55:11,N,14892.93,35150.75,6308.28,0.0,2025-01-23 15:55:00
7357408,2025-01-23 16:00:12,N,14723.99,35117.41,6308.78,0.0,2025-01-23 16:00:00
7357414,2025-01-23 16:05:10,N,14840.61,34951.29,6310.21,0.0,2025-01-23 16:05:00
7357416,2025-01-23 16:10:09,N,15021.4,34498.35,6310.15,0.0,2025-01-23 16:10:00
7357418,2025-01-23 16:15:09,N,14921.21,33559.74,6310.13,0.0,2025-01-23 16:15:00
7357422,2025-01-23 16:20:09,N,15196.21,32624.75,6310.17,0.0,2025-01-23 16:20:00
7357424,2025-01-23 16:25:09,N,15244.33,31747.11,6310.5,0.0,2025-01-23 16:25:00
7357426,2025-01-23 16:30:10,N,14723.48,30485.34,6310.48,0.0,2025-01-23 16:30:00
7357430,2025-01-23 16:35:09,N,14616.44,29797.83,6310.23,0.0,2025-01-23 16:35:00
7357432,2025-01-23 16:40:08,N,14339.4,28304.87,6310.3,0.0,2025-01-23 16:40:00
7357434,2025-01-23 16:45:08,N,13340.33,26515.76,6308.0,0.0,2025-01-23 16:45:00
7357438,2025-01-23 16:50:08,N,13300.26,25489.49,6308.0,0.0,2025-01-23 16:50:00
7357440,2025-01-23 16:55:08,N,13002.95,24554.23,6285.32,0.0,2025-01-23 16:55:00
7357445,2025-01-23 17:00:09,N,13098.23,24244.13,6011.42,0.0,2025-01-23 17:00:00
7357451,2025-01-23 17:05:08,N,12996.02,23660.76,6181.63,0.0,2025-01-23 17:05:00
7357453,2025-01-23 17:10:10,N,12228.84,22250.26,6181.57,0.0,2025-01-23 17:10:00
7357455,2025-01-23 17:15:10,N,12143.55,21015.01,6181.56,0.0,2025-01-23 17:15:00
7357459,2025-01-23 17:20:09,N,11617.04,19376.26,6181.47,0.0,2025-01-23 17:20:00
7357461,2025-01-23 17:25:08,N,10848.53,17830.35,6181.55,0.0,2025-01-23 17:25:00
7357463,2025-01-23 17:30:10,N,9878.17,16279.19,6181.72,0.0,2025-01-23 17:30:00
7357467,2025-01-23 17:35:09,N,9245.74,14908.96,5701.74,0.0,2025-01-23 17:35:00
7357469,2025-01-23 17:40:09,N,8771.7,13825.24,5701.8,0.0,2025-01-23 17:40:00
7357471,2025-01-23 17:45:09,N,8463.4,13358.45,5599.77,0.0,2025-01-23 17:45:00
7357475,2025-01-23 17:50:09,N,8066.32,12611.57,5502.54,0.0,2025-01-23 17:50:00
7357477,2025-01-23 17:55:10,N,8081.19,12596.0,5268.0,0.0,2025-01-23 17:55:00
7357482,2025-01-23 18:00:11,N,7842.67,11966.23,5275.42,0.0,2025-01-23 18:00:00
7357488,2025-01-23 18:05:10,N,7581.19,11467.04,5319.4,0.0,2025-01-23 18:05:00
7357490,2025-01-23 18:10:09,N,7305.45,11079.21,5272.37,0.0,2025-01-23 18:10:00
7357492,2025-01-23 18:15:09,N,7169.75,10752.89,5128.24,0.0,2025-01-23 18:15:00
7357496,2025-01-23 18:20:10,N,7327.28,11234.47,4753.86,0.0,2025-01-23 18:20:00
7357498,2025-01-23 18:25:09,N,7508.92,11099.23,4753.75,0.0,2025-01-23 18:25:00
7357500,2025-01-23 18:30:09,N,7496.1,10937.34,4569.87,0.0,2025-01-23 18:30:00
7357504,2025-01-23 18:35:10,N,7203.75,10610.66,4569.88,0.0,2025-01-23 18:35:00
7357506,2025-01-23 18:40:09,N,7209.83,10678.18,4507.76,0.0,2025-01-23 18:40:00
7357508,2025-01-23 18:45:09,N,7266.58,10899.41,4507.6,0.0,2025-01-23 18:45:00
7357512,2025-01-23 18:50:10,N,7374.93,10886.04,4262.6,0.0,2025-01-23 18:50:00
7357514,2025-01-23 18:55:10,N,7302.48,10771.67,4154.71,0.0,2025-01-23 18:55:00
7357519,2025-01-23 19:00:11,N,7409.2,10460.28,4035.24,0.0,2025-01-23 19:00:00
7357525,2025-01-23 19:05:09,N,7568.27,11150.0,3888.23,0.0,2025-01-23 19:05:00
7357527,2025-01-23 19:10:10,N,8033.91,11164.27,3888.24,0.0152,2025-01-23 19:10:00
7357529,2025-01-23 19:15:09,N,7889.54,10924.69,3888.18,3.378,2025-01-23 19:15:00
7357533,2025-01-23 19:20:09,N,7866.17,10798.01,3888.23,2.1539,2025-01-23 19:20:00
7357535,2025-01-23 19:25:09,N,7923.79,10792.75,3888.13,1.2355,2025-01-23 19:25:00
7357537,2025-01-23 19:30:10,N,7788.43,10709.46,3888.18,3.7908,2025-01-23 19:30:00
7357541,2025-01-23 19:35:10,N,7733.89,10497.43,3888.23,0.3431,2025-01-23 19:35:00
7357543,2025-01-23 19:40:09,N,7543.94,10300.47,3808.23,0.0436,2025-01-23 19:40:00
7357545,2025-01-23 19:45:11,N,7215.1,9994.1,3808.13,0.0061,2025-01-23 19:45:00
7357549,2025-01-23 19:50:11,N,7356.09,10200.95,3808.18,1.0258,2025-01-23 19:50:00
7357551,2025-01-23 19:55:10,N,7586.13,10760.37,3754.18,0.9628,2025-01-23 19:55:00
7357556,2025-01-23 20:00:11,N,7509.89,9758.31,3868.62,5.9887,2025-01-23 20:00:00
7357562,2025-01-23 20:05:10,N,7175.37,9379.82,3868.83,3.205,2025-01-23 20:05:00
7357564,2025-01-23 20:10:09,N,7038.88,9400.97,3563.62,0.008,2025-01-23 20:10:00
7357566,2025-01-23 20:15:09,N,6982.37,9135.14,3563.62,2.015,2025-01-23 20:15:00
7357570,2025-01-23 20:20:09,N,6873.42,8906.49,3563.57,4.7912,2025-01-23 20:20:00
7357572,2025-01-23 20:25:09,N,6673.57,8798.98,3563.62,12.5835,2025-01-23 20:25:00
7357574,2025-01-23 20:30:09,N,6652.75,9256.74,3500.42,0.0,2025-01-23 20:30:00
7357578,2025-01-23 20:35:10,N,6572.65,9335.83,3500.37,0.0,2025-01-23 20:35:00
7357580,2025-01-23 20:40:09,N,6818.77,9551.12,3290.32,0.0,2025-01-23 20:40:00
7357582,2025-01-23 20:45:10,N,6750.87,9421.32,3298.87,0.5668,2025-01-23 20:45:00
7357586,2025-01-23 20:50:11,N,6637.65,9385.89,3187.92,0.0,2025-01-23 20:50:00
7357588,2025-01-23 20:55:10,N,6445.01,9179.15,3188.11,0.0,2025-01-23 20:55:00
7357593,2025-01-23 21:00:11,N,6213.2,9136.83,3130.95,1.2632,2025-01-23 21:00:00
7357599,2025-01-23 21:05:09,N,6300.99,9472.08,2840.62,4.998,2025-01-23 21:05:00
7357601,2025-01-23 21:10:09,N,6590.25,9454.7,2840.62,2.0085,2025-01-23 21:10:00
7357603,2025-01-23 21:15:10,N,6811.9,9707.87,2840.56,4.0621,2025-01-23 21:15:00
7357607,2025-01-23 21:20:09,N,6878.07,9629.65,2840.56,0.0,2025-01-23 21:20:00
7357609,2025-01-23 21:25:09,N,6751.86,9641.5,2840.51,0.2175,2025-01-23 21:25:00
7357611,2025-01-23 21:30:10,N,6838.17,10008.58,2795.62,0.0,2025-01-23 21:30:00
7357615,2025-01-23 21:35:08,N,7001.86,10229.35,2757.68,2.7865,2025-01-23 21:35:00
7357617,2025-01-23 21:40:09,N,7002.49,9998.29,2757.62,1.8031,2025-01-23 21:40:00
7357619,2025-01-23 21:45:10,N,6865.54,9959.29,2757.67,0.1408,2025-01-23 21:45:00
7357623,2025-01-23 21:50:10,N,6847.3,10297.35,2757.62,22.467,2025-01-23 21:50:00
7357625,2025-01-23 21:55:11,N,7133.79,10708.81,2757.62,16.2272,2025-01-23 21:55:00
7357630,2025-01-23 22:00:12,N,7132.88,9971.04,2393.06,109.1091,2025-01-23 22:00:00
7357636,2025-01-23 22:05:09,N,7027.99,10149.27,2777.86,105.8787,2025-01-23 22:05:00
7357638,2025-01-23 22:10:10,N,7221.53,10194.23,2777.86,88.2531,2025-01-23 22:10:00
7357640,2025-01-23 22:15:09,N,6970.07,9883.83,2777.75,89.3707,2025-01-23 22:15:00
7357644,2025-01-23 22:20:10,N,6977.77,9788.63,2777.75,78.9485,2025-01-23 22:20:00
7357646,2025-01-23 22:25:09,N,7139.61,10259.06,2777.86,58.5186,2025-01-23 22:25:00
7357648,2025-01-23 22:30:09,N,7291.36,10737.29,2777.86,26.3248,2025-01-23 22:30:00
7357652,2025-01-23 22:35:10,N,7474.42,11098.54,2777.75,34.2541,2025-01-23 22:35:00
7357654,2025-01-23 22:40:10,N,7466.02,11020.46,2777.75,34.0272,2025-01-23 22:40:00
7357656,2025-01-23 22:45:09,N,7510.98,10980.58,2777.86,40.088,2025-01-23 22:45:00
7357660,2025-01-23 22:50:11,N,7482.11,10938.4,2777.86,41.2884,2025-01-23 22:50:00
7357662,2025-01-23 22:55:11,N,7506.56,10896.19,2887.86,39.0768,2025-01-23 22:55:00
7357667,2025-01-23 23:00:12,N,7449.13,11359.58,2842.81,75.3883,2025-01-23 23:00:00
7357673,2025-01-23 23:05:10,N,7618.92,11444.31,2979.16,59.4564,2025-01-23 23:05:00
7357675,2025-01-23 23:10:10,N,7753.0,11575.54,2979.16,56.9581,2025-01-23 23:10:00
7357677,2025-01-23 23:15:11,N,7880.54,11833.65,2979.16,46.3352,2025-01-23 23:15:00
7357681,2025-01-23 23:20:10,N,7874.9,11862.62,2979.21,46.2079,2025-01-23 23:20:00
7357683,2025-01-23 23:25:10,N,7870.7,12018.2,3033.21,41.3525,2025-01-23 23:25:00
7357685,2025-01-23 23:30:10,N,7963.06,12238.2,3033.21,34.3227,2025-01-23 23:30:00
7357689,2025-01-23 23:35:10,N,8106.45,12244.47,3033.11,35.45,2025-01-23 23:35:00
7357691,2025-01-23 23:40:11,N,8143.28,12511.32,3033.11,32.4321,2025-01-23 23:40:00
7357693,2025-01-23 23:45:10,N,8148.51,12634.83,3039.11,33.885,2025-01-23 23:45:00
7357697,2025-01-23 23:50:10,N,8038.98,12511.19,3136.66,32.1711,2025-01-23 23:50:00
7357699,2025-01-23 23:55:11,N,7972.66,12458.97,3483.61,22.833,2025-01-23 23:55:00
7357704,2025-01-24 00:00:13,N,7815.36,12445.41,3434.66,26.8738,2025-01-24 00:00:00
7357710,2025-01-24 00:05:13,N,7992.4,12116.6,3805.26,38.663,2025-01-24 00:05:00
7357712,2025-01-24 00:10:10,N,8095.15,12414.09,3967.26,22.0803,2025-01-24 00:10:00
7357714,2025-01-24 00:15:11,N,8083.88,12517.29,3967.26,30.8653,2025-01-24 00:15:00
7357718,2025-01-24 00:20:11,N,8139.04,12882.58,4063.26,22.7122,2025-01-24 00:20:00
7357720,2025-01-24 00:25:11,N,8251.92,13138.64,3884.26,15.3336,2025-01-24 00:25:00
7357722,2025-01-24 00:30:10,N,8318.94,13135.81,3884.26,15.1344,2025-01-24 00:30:00
7357726,2025-01-24 00:35:10,N,8272.13,13124.11,4064.26,12.4955,2025-01-24 00:35:00
7357728,2025-01-24 00:40:12,N,8225.39,13114.18,4199.26,9.5829,2025-01-24 00:40:00
7357730,2025-01-24 00:45:11,N,8246.41,13535.47,4199.26,6.919,2025-01-24 00:45:00
7357734,2025-01-24 00:50:12,N,8208.75,13533.95,4333.26,6.9769,2025-01-24 00:50:00
7357736,2025-01-24 00:55:11,N,8266.98,13696.05,4333.26,4.5032,2025-01-24 00:55:00
7357741,2025-01-24 01:00:15,N,8330.64,13456.85,4291.58,3.9479,2025-01-24 01:00:00
7357747,2025-01-24 01:05:12,N,8156.18,13328.16,4323.47,3.2997,2025-01-24 01:05:00
7357749,2025-01-24 01:10:11,N,8347.56,13649.31,4387.17,3.458,2025-01-24 01:10:00
7357752,2025-01-24 01:15:11,N,8317.64,13675.31,4490.17,3.5384,2025-01-24 01:15:00
7357756,2025-01-24 01:20:10,N,8341.25,13548.64,4490.17,10.2004,2025-01-24 01:20:00
7357758,2025-01-24 01:25:10,N,8497.4,14087.47,4490.17,2.5631,2025-01-24 01:25:00
7357760,2025-01-24 01:30:12,N,8599.07,14381.04,4496.07,3.4854,2025-01-24 01:30:00
7357764,2025-01-24 01:35:11,N,8623.41,13982.9,4541.07,4.5271,2025-01-24 01:35:00
7357766,2025-01-24 01:40:11,N,8674.76,14197.08,4621.07,4.3544,2025-01-24 01:40:00
7357768,2025-01-24 01:45:11,N,8743.86,14462.61,4701.07,5.0526,2025-01-24 01:45:00
7357772,2025-01-24 01:50:12,N,8770.09,14537.27,4701.07,4.2447,2025-01-24 01:50:00
7357774,2025-01-24 01:55:15,N,8655.67,14558.1,4695.17,3.9254,2025-01-24 01:55:00
7357779,2025-01-24 02:00:17,N,8744.81,14550.39,4750.61,1.8097,2025-01-24 02:00:00
7357785,2025-01-24 02:05:14,N,9056.81,14992.35,4840.64,5.103,2025-01-24 02:05:00
7357787,2025-01-24 02:10:13,N,9267.82,15340.24,4930.64,2.4879,2025-01-24 02:10:00
7357789,2025-01-24 02:15:14,N,9252.68,15370.29,4936.54,6.2023,2025-01-24 02:15:00
7357793,2025-01-24 02:20:15,N,9291.51,15318.7,4891.54,4.1532,2025-01-24 02:20:00
7357795,2025-01-24 02:25:11,N,9261.66,15505.14,4891.54,2.7896,2025-01-24 02:25:00
7357797,2025-01-24 02:30:13,N,9342.37,15499.51,5117.54,5.7606,2025-01-24 02:30:00
7357801,2025-01-24 02:35:11,N,9383.58,15657.07,5117.54,5.9205,2025-01-24 02:35:00
7357803,2025-01-24 02:40:11,N,9305.08,15816.33,5162.54,4.296,2025-01-24 02:40:00
7357805,2025-01-24 02:45:11,N,9478.12,16086.13,5117.54,3.2714,2025-01-24 02:45:00
7357809,2025-01-24 02:50:11,N,9466.79,16172.11,5117.54,1.8192,2025-01-24 02:50:00
7357811,2025-01-24 02:55:11,N,9588.07,16287.31,5261.54,2.9533,2025-01-24 02:55:00
7357816,2025-01-24 03:00:13,N,9680.27,16361.2,5259.51,3.6263,2025-01-24 03:00:00
7357822,2025-01-24 03:05:11,N,9920.37,16304.17,5259.47,3.1197,2025-01-24 03:05:00
7357824,2025-01-24 03:10:11,N,9992.01,16608.25,5554.47,2.821,2025-01-24 03:10:00
7357826,2025-01-24 03:15:11,N,9891.04,16543.79,5746.51,2.3907,2025-01-24 03:15:00
7357830,2025-01-24 03:20:11,N,9789.3,16386.06,5854.92,3.1965,2025-01-24 03:20:00
7357832,2025-01-24 03:25:10,N,9703.04,15963.23,5910.88,2.6575,2025-01-24 03:25:00
7357834,2025-01-24 03:30:11,N,9748.37,16227.34,5966.92,2.6637,2025-01-24 03:30:00
7357838,2025-01-24 03:35:10,N,9802.56,16399.87,5967.01,3.4965,2025-01-24 03:35:00
7357840,2025-01-24 03:40:13,N,9800.19,16753.12,5967.03,3.4283,2025-01-24 03:40:00
7357842,2025-01-24 03:45:11,N,9772.66,16763.25,5967.03,2.6759,2025-01-24 03:45:00
7357846,2025-01-24 03:50:13,N,9874.56,16788.09,5967.02,3.3072,2025-01-24 03:50:00
7357848,2025-01-24 03:55:11,N,9804.54,17026.29,5967.01,3.6294,2025-01-24 03:55:00
7357853,2025-01-24 04:00:13,N,10020.48,17074.88,5918.81,1.0203,2025-01-24 04:00:00
7357859,2025-01-24 04:05:11,N,10234.64,16848.25,5873.82,0.8347,2025-01-24 04:05:00
7357861,2025-01-24 04:10:10,N,10104.17,16819.14,5873.82,0.8726,2025-01-24 04:10:00
7357863,2025-01-24 04:15:10,N,9992.95,16929.22,5873.8,1.0577,2025-01-24 04:15:00
7357867,2025-01-24 04:20:11,N,9979.53,16835.29,5873.81,0.891,2025-01-24 04:20:00
7357869,2025-01-24 04:25:11,N,10083.79,16740.21,5867.97,0.6746,2025-01-24 04:25:00
7357871,2025-01-24 04:30:13,N,9906.09,16648.25,5867.92,2.0649,2025-01-24 04:30:00
7357875,2025-01-24 04:35:10,N,9811.36,16676.4,5868.03,2.9721,2025-01-24 04:35:00
7357877,2025-01-24 04:40:10,N,9917.79,16666.39,5811.79,1.5379,2025-01-24 04:40:00
7357879,2025-01-24 04:45:11,N,9871.93,16917.89,5811.81,2.8713,2025-01-24 04:45:00
7357883,2025-01-24 04:50:11,N,9989.58,16830.13,5768.84,2.6048,2025-01-24 04:50:00
7357885,2025-01-24 04:55:10,N,9994.24,16826.65,5752.87,1.3874,2025-01-24 04:55:00
7357890,2025-01-24 05:00:14,N,10062.41,16750.21,5524.48,0.9594,2025-01-24 05:00:00
7357896,2025-01-24 05:05:11,N,9906.93,16597.94,5431.27,0.9041,2025-01-24 05:05:00
7357898,2025-01-24 05:10:11,N,9761.77,16247.35,5431.27,1.2375,2025-01-24 05:10:00
7357900,2025-01-24 05:15:10,N,9666.5,15984.53,5375.17,1.4264,2025-01-24 05:15:00
7357904,2025-01-24 05:20:10,N,9712.41,16095.63,5375.14,2.0985,2025-01-24 05:20:00
7357907,2025-01-24 05:25:10,N,9787.39,16264.25,5375.13,3.1203,2025-01-24 05:25:00
7357909,2025-01-24 05:30:10,N,9815.93,16009.38,5375.13,2.5455,2025-01-24 05:30:00
7357913,2025-01-24 05:35:10,N,9793.64,15837.91,5375.12,2.0654,2025-01-24 05:35:00
7357915,2025-01-24 05:40:11,N,9743.94,15570.08,5375.11,1.5835,2025-01-24 05:40:00
7357917,2025-01-24 05:45:11,N,9751.66,15331.87,5374.99,1.7785,2025-01-24 05:45:00
7357921,2025-01-24 05:50:11,N,9890.41,15226.06,5375.11,1.9439,2025-01-24 05:50:00
7357923,2025-01-24 05:55:11,N,9737.55,14896.22,5375.13,2.8719,2025-01-24 05:55:00
7357928,2025-01-24 06:00:12,N,9933.15,14763.67,5374.59,1.601,2025-01-24 06:00:00
7357934,2025-01-24 06:05:10,N,9566.18,14263.99,5372.94,0.5891,2025-01-24 06:05:00
7357936,2025-01-24 06:10:11,N,9422.6,13775.73,5372.93,1.0819,2025-01-24 06:10:00
7357938,2025-01-24 06:15:10,N,9134.63,13418.17,5372.94,2.2154,2025-01-24 06:15:00
7357942,2025-01-24 06:20:10,N,8743.34,12788.8,5414.21,0.3488,2025-01-24 06:20:00
7357944,2025-01-24 06:25:10,N,8549.34,12581.15,5455.96,0.0871,2025-01-24 06:25:00
7357946,2025-01-24 06:30:10,N,8565.04,12475.89,5455.94,0.6824,2025-01-24 06:30:00
7357950,2025-01-24 06:35:10,N,8449.57,12252.8,5455.91,3.6998,2025-01-24 06:35:00
7357952,2025-01-24 06:40:10,N,8307.38,12083.93,5456.1,2.4516,2025-01-24 06:40:00
7357954,2025-01-24 06:45:11,N,8267.45,11548.01,5456.05,4.0245,2025-01-24 06:45:00
7357958,2025-01-24 06:50:11,N,8130.03,11506.87,5326.61,2.8826,2025-01-24 06:50:00
7357960,2025-01-24 06:55:11,N,8205.23,11613.63,5275.57,6.0294,2025-01-24 06:55:00
7357965,2025-01-24 07:00:13,N,8342.93,11730.59,5052.72,1.0573,2025-01-24 07:00:00
7357971,2025-01-24 07:05:11,N,8000.2,11667.15,5054.45,4.8149,2025-01-24 07:05:00
7357973,2025-01-24 07:10:11,N,7915.11,11425.98,5054.66,2.6876,2025-01-24 07:10:00
7357975,2025-01-24 07:15:11,N,8103.33,11855.59,5054.58,3.1945,2025-01-24 07:15:00
7357979,2025-01-24 07:20:11,N,8142.71,11953.96,5054.41,3.0546,2025-01-24 07:20:00
7357981,2025-01-24 07:25:10,N,8022.92,11957.15,5054.44,1.581,2025-01-24 07:25:00
7357983,2025-01-24 07:30:11,N,8135.0,12297.17,5054.45,2.6509,2025-01-24 07:30:00
7357987,2025-01-24 07:35:11,N,8512.38,12621.88,5054.53,1.8559,2025-01-24 07:35:00
7357989,2025-01-24 07:40:11,N,8675.54,13099.72,5054.65,3.1398,2025-01-24 07:40:00
7357991,2025-01-24 07:45:11,N,8839.67,13511.96,5054.54,2.0764,2025-01-24 07:45:00
7357995,2025-01-24 07:50:11,N,9064.31,14444.6,5054.55,3.7718,2025-01-24 07:50:00
7357997,2025-01-24 07:55:11,N,9327.0,15309.23,5219.12,3.5658,2025-01-24 07:55:00
7358002,2025-01-24 08:00:14,N,9154.33,15297.01,5364.29,1.3105,2025-01-24 08:00:00
7358008,2025-01-24 08:05:11,N,9868.98,16125.02,5367.64,2.3749,2025-01-24 08:05:00
7358010,2025-01-24 08:10:12,N,10272.29,17212.89,5630.1,1.4575,2025-01-24 08:10:00
7358012,2025-01-24 08:15:10,N,10760.26,18470.84,5890.48,4.5368,2025-01-24 08:15:00
7358016,2025-01-24 08:20:11,N,11471.84,19922.87,6222.31,2.8926,2025-01-24 08:20:00
7358018,2025-01-24 08:25:10,N,11796.98,20896.5,6222.69,3.3227,2025-01-24 08:25:00
7358020,2025-01-24 08:30:11,N,12507.71,22179.99,6222.36,2.4512,2025-01-24 08:30:00
7358024,2025-01-24 08:35:11,N,13120.09,24002.05,6222.42,1.816,2025-01-24 08:35:00
7358026,2025-01-24 08:40:12,N,13525.54,25313.9,6222.71,1.4785,2025-01-24 08:40:00
7358028,2025-01-24 08:45:12,N,14590.58,26785.63,6222.69,4.9458,2025-01-24 08:45:00
7358032,2025-01-24 08:50:12,N,13961.73,28237.2,6222.76,10.1698,2025-01-24 08:50:00
7358034,2025-01-24 08:55:11,N,13750.17,27746.49,6222.73,9.3282,2025-01-24 08:55:00
7358039,2025-01-24 09:00:12,N,13224.49,26997.59,6304.06,0.0,2025-01-24 09:00:00
7358045,2025-01-24 09:05:11,N,12706.69,23857.44,6262.22,0.0,2025-01-24 09:05:00
7358047,2025-01-24 09:10:11,N,11748.09,20893.72,6183.16,0.0,2025-01-24 09:10:00
7358049,2025-01-24 09:11:28,N,11410.2,20235.23,6183.24,0.0,2025-01-24 09:10:00
7358050,2025-01-24 09:15:11,N,11078.92,19848.06,6693.23,0.0,2025-01-24 09:15:00
7358054,2025-01-24 09:20:11,N,11096.61,19648.68,6693.21,0.0,2025-01-24 09:20:00
7358056,2025-01-24 09:25:11,N,11185.28,20136.93,6693.15,0.0,2025-01-24 09:25:00
7358058,2025-01-24 09:30:11,N,11191.61,20266.17,6789.08,0.0,2025-01-24 09:30:00
7358063,2025-01-24 09:35:10,N,10980.72,19925.32,6882.11,0.0,2025-01-24 09:35:00
7358065,2025-01-24 09:40:11,N,11058.04,19957.53,6928.1,0.0,2025-01-24 09:40:00
7358067,2025-01-24 09:45:12,N,11085.84,20188.95,6973.0,0.0,2025-01-24 09:45:00
7358071,2025-01-24 09:50:11,N,11254.86,20810.74,7090.12,0.0,2025-01-24 09:50:00
7358073,2025-01-24 09:55:11,N,11318.48,21634.14,7090.2,0.0,2025-01-24 09:55:00
7358078,2025-01-24 10:00:13,N,10990.86,20472.37,6752.48,0.0,2025-01-24 10:00:00
7358086,2025-01-24 10:05:11,N,10756.2,20530.63,7366.5,0.0,2025-01-24 10:05:00
7358089,2025-01-24 10:10:11,N,10732.58,20449.09,7364.86,0.0,2025-01-24 10:10:00
7358091,2025-01-24 10:15:11,N,10603.23,20387.3,7363.88,0.0,2025-01-24 10:15:00
7358095,2025-01-24 10:20:11,N,11108.53,20782.39,7361.7,0.0,2025-01-24 10:20:00
7358097,2025-01-24 10:25:11,N,10438.7,21521.76,7362.75,0.0,2025-01-24 10:25:00
7358099,2025-01-24 10:30:10,N,10616.3,21992.4,7362.51,0.0,2025-01-24 10:30:00
7358103,2025-01-24 10:35:10,N,10652.43,22120.97,7361.71,0.0,2025-01-24 10:35:00
7358105,2025-01-24 10:40:11,N,10791.82,22507.79,7360.4,0.0,2025-01-24 10:40:00
7358107,2025-01-24 10:45:11,N,10824.12,22828.53,7359.68,0.0,2025-01-24 10:45:00
7358111,2025-01-24 10:50:11,N,11054.65,23278.24,7359.73,0.0,2025-01-24 10:50:00
7358113,2025-01-24 10:55:11,N,11162.32,23719.98,7359.53,0.0,2025-01-24 10:55:00
7358118,2025-01-24 11:00:12,N,10971.46,23775.38,7064.07,0.0,2025-01-24 11:00:00
7358124,2025-01-24 11:05:11,N,10860.67,23656.98,7143.28,0.0,2025-01-24 11:05:00
7358126,2025-01-24 11:10:10,N,10899.33,23963.19,7143.65,0.0,2025-01-24 11:10:00
7358128,2025-01-24 11:15:11,N,11055.01,24189.96,7145.7,0.0,2025-01-24 11:15:00
7358132,2025-01-24 11:20:11,N,11178.38,24536.43,7143.54,0.0,2025-01-24 11:20:00
7358134,2025-01-24 11:25:10,N,11078.47,24283.28,7143.49,0.0,2025-01-24 11:25:00
7358136,2025-01-24 11:30:11,N,11759.14,24835.66,7142.52,0.0,2025-01-24 11:30:00
7358140,2025-01-24 11:35:10,N,11161.96,24803.95,7142.34,0.0,2025-01-24 11:35:00
7358142,2025-01-24 11:40:11,N,10988.8,24998.21,7143.36,0.0,2025-01-24 11:40:00
7358144,2025-01-24 11:45:11,N,11246.25,24950.17,7142.33,0.0,2025-01-24 11:45:00
7358148,2025-01-24 11:50:10,N,11240.45,25350.53,7142.25,0.0,2025-01-24 11:50:00
7358150,2025-01-24 11:55:11,N,11400.26,25511.06,7142.29,0.0,2025-01-24 11:55:00
7358155,2025-01-24 12:00:13,N,11495.77,25498.02,7114.7,0.0,2025-01-24 12:00:00
7358161,2025-01-24 12:05:11,N,11455.18,25385.84,7116.34,0.0,2025-01-24 12:05:00
7358163,2025-01-24 12:10:10,N,11577.67,25720.71,7116.63,0.0,2025-01-24 12:10:00
7358165,2025-01-24 12:15:11,N,11540.71,25923.6,7114.5,0.0,2025-01-24 12:15:00
7358169,2025-01-24 12:20:10,N,11637.48,26112.02,7115.56,0.0,2025-01-24 12:20:00
7358171,2025-01-24 12:25:12,N,11815.83,26246.36,7117.64,0.0,2025-01-24 12:25:00
7358173,2025-01-24 12:30:11,N,11728.55,26648.01,7117.54,0.0,2025-01-24 12:30:00
7358177,2025-01-24 12:35:11,N,11786.25,26471.65,7116.31,0.0,2025-01-24 12:35:00
7358179,2025-01-24 12:40:11,N,12421.52,26721.6,7071.29,0.0,2025-01-24 12:40:00
7358181,2025-01-24 12:45:11,N,11696.09,27235.3,7071.25,0.0,2025-01-24 12:45:00
7358185,2025-01-24 12:50:11,N,11747.74,27504.46,7071.35,0.0,2025-01-24 12:50:00
7358187,2025-01-24 12:55:11,N,11885.24,27522.77,7069.31,0.0,2025-01-24 12:55:00
7358192,2025-01-24 13:00:12,N,11846.32,27773.17,7047.96,0.0,2025-01-24 13:00:00
7358198,2025-01-24 13:05:11,N,11941.2,27785.86,7050.94,0.0,2025-01-24 13:05:00
7358200,2025-01-24 13:10:11,N,11884.74,27973.13,7051.22,0.0,2025-01-24 13:10:00
7358202,2025-01-24 13:15:12,N,12045.52,28053.98,7052.28,0.0,2025-01-24 13:15:00
7358206,2025-01-24 13:20:11,N,12083.68,28365.14,7049.99,0.0,2025-01-24 13:20:00
7358208,2025-01-24 13:25:10,N,12110.63,28612.93,7049.31,0.0,2025-01-24 13:25:00
7358210,2025-01-24 13:30:11,N,12118.41,29040.48,7049.3,0.0,2025-01-24 13:30:00
7358214,2025-01-24 13:35:11,N,12294.82,29121.33,7047.31,0.0,2025-01-24 13:35:00
7358216,2025-01-24 13:40:11,N,12150.17,29173.75,7046.14,0.0,2025-01-24 13:40:00
7358218,2025-01-24 13:45:12,N,12227.31,29261.21,7045.08,0.0,2025-01-24 13:45:00
7358222,2025-01-24 13:50:11,N,12317.12,29378.81,7049.21,0.0,2025-01-24 13:50:00
7358224,2025-01-24 13:55:11,N,12331.05,29809.73,7050.26,0.0,2025-01-24 13:55:00
7358229,2025-01-24 14:00:12,N,12199.55,29973.04,7036.91,0.0,2025-01-24 14:00:00
7358235,2025-01-24 14:05:11,N,12305.39,30236.18,7038.53,0.0,2025-01-24 14:05:00
7358237,2025-01-24 14:10:11,N,12584.05,30700.78,7038.81,0.0,2025-01-24 14:10:00
7358239,2025-01-24 14:15:11,N,12624.08,30717.32,7036.69,0.0,2025-01-24 14:15:00
7358243,2025-01-24 14:20:11,N,12692.33,30710.13,7034.75,0.0,2025-01-24 14:20:00
7358245,2025-01-24 14:25:10,N,12702.77,30894.27,7037.84,0.0,2025-01-24 14:25:00
7358249,2025-01-24 14:30:11,N,12655.62,31020.46,7037.83,0.0,2025-01-24 14:30:00
7358255,2025-01-24 14:35:11,N,12748.54,31868.92,7036.73,0.0,2025-01-24 14:35:00
7358257,2025-01-24 14:40:11,N,12884.26,31917.31,6911.46,0.0,2025-01-24 14:40:00
7358259,2025-01-24 14:45:11,N,12877.22,31932.7,6653.76,0.0,2025-01-24 14:45:00
7358263,2025-01-24 14:50:10,N,12846.47,32037.0,6655.91,0.0,2025-01-24 14:50:00
7358265,2025-01-24 14:55:11,N,12853.92,32204.68,6652.99,0.0,2025-01-24 14:55:00
7358270,2025-01-24 15:00:12,N,12742.11,32277.71,6645.94,0.0,2025-01-24 15:00:00
7358276,2025-01-24 15:05:12,N,12643.44,32166.63,6645.84,0.0,2025-01-24 15:05:00
7358278,2025-01-24 15:10:11,N,12715.18,32020.72,6643.9,0.0,2025-01-24 15:10:00
7358280,2025-01-24 15:15:11,N,12882.35,32217.53,6690.0,0.0,2025-01-24 15:15:00
7358284,2025-01-24 15:20:11,N,12772.6,32061.9,6690.99,0.0,2025-01-24 15:20:00
7358286,2025-01-24 15:25:11,N,12711.85,32075.79,6694.17,0.0,2025-01-24 15:25:00
7358288,2025-01-24 15:30:11,N,12784.78,32317.6,6695.11,0.0,2025-01-24 15:30:00
7358292,2025-01-24 15:35:11,N,12887.26,32412.34,6691.23,0.0,2025-01-24 15:35:00
7358294,2025-01-24 15:40:11,N,12945.0,32183.65,6691.01,0.0,2025-01-24 15:40:00
7358296,2025-01-24 15:45:11,N,12976.07,32405.79,6689.98,0.0,2025-01-24 15:45:00
7358300,2025-01-24 15:50:12,N,12845.29,32140.75,6689.0,0.0,2025-01-24 15:50:00
7358302,2025-01-24 15:55:12,N,13093.78,32375.84,6690.02,0.0,2025-01-24 15:55:00
7358307,2025-01-24 16:00:12,N,13076.17,32225.74,6685.56,0.0,2025-01-24 16:00:00
7358313,2025-01-24 16:05:12,N,13052.94,32011.08,6684.01,0.0,2025-01-24 16:05:00
7358315,2025-01-24 16:10:11,N,13126.24,31704.25,6685.26,0.0,2025-01-24 16:10:00
7358317,2025-01-24 16:15:11,N,13068.05,30975.66,6686.42,0.0,2025-01-24 16:15:00
7358321,2025-01-24 16:20:11,N,12939.83,30493.69,6689.37,0.0,2025-01-24 16:20:00
7358323,2025-01-24 16:25:11,N,12955.83,29776.01,6689.15,0.0,2025-01-24 16:25:00
7358325,2025-01-24 16:30:13,N,12795.48,29226.81,6687.11,0.0,2025-01-24 16:30:00
7358329,2025-01-24 16:35:11,N,12823.52,28421.94,6686.13,0.0,2025-01-24 16:35:00
7358331,2025-01-24 16:40:11,N,12407.81,27716.41,6686.05,0.0,2025-01-24 16:40:00
7358333,2025-01-24 16:45:11,N,12409.9,26883.83,6686.21,0.0,2025-01-24 16:45:00
7358337,2025-01-24 16:50:11,N,11915.63,25952.47,6687.4,0.0,2025-01-24 16:50:00
7358339,2025-01-24 16:55:12,N,12555.22,25262.05,6686.41,0.0,2025-01-24 16:55:00
7358341,2025-01-24 16:58:57,N,11916.12,24537.36,6686.36,0.0,2025-01-24 16:55:00
7358345,2025-01-24 17:00:13,N,12046.84,24593.15,6606.21,0.0,2025-01-24 17:00:00
7358351,2025-01-24 17:05:11,N,11806.82,23139.35,6860.77,0.0,2025-01-24 17:05:00
7358353,2025-01-24 17:10:10,N,11497.22,21131.27,6861.2,0.0,2025-01-24 17:10:00
7358355,2025-01-24 17:11:55,N,11500.05,20762.68,6863.22,0.0,2025-01-24 17:10:00
7358356,2025-01-24 17:15:10,N,11332.69,19940.29,6863.12,0.0,2025-01-24 17:15:00
7358360,2025-01-24 17:20:10,N,11188.56,18779.2,6864.23,0.0,2025-01-24 17:20:00
7358362,2025-01-24 17:25:10,N,10990.18,17840.12,6864.24,0.0,2025-01-24 17:25:00
7358364,2025-01-24 17:30:11,N,10622.42,16847.41,6861.27,0.0,2025-01-24 17:30:00
7358368,2025-01-24 17:35:11,N,10013.31,15590.73,6720.08,0.0,2025-01-24 17:35:00
7358370,2025-01-24 17:40:10,N,9661.38,14364.09,6720.96,0.0,2025-01-24 17:40:00
7358372,2025-01-24 17:45:11,N,9437.07,13955.75,6722.01,0.0,2025-01-24 17:45:00
7358376,2025-01-24 17:50:10,N,9696.18,14143.12,6577.2,0.0,2025-01-24 17:50:00
7358378,2025-01-24 17:55:11,N,9706.75,13687.62,6576.0,0.0,2025-01-24 17:55:00
7358383,2025-01-24 18:00:13,N,9625.76,13647.19,6595.74,0.0,2025-01-24 18:00:00
7358389,2025-01-24 18:05:11,N,9397.17,13473.82,6595.52,0.0,2025-01-24 18:05:00
7358391,2025-01-24 18:10:10,N,9047.41,13117.59,6595.86,0.0,2025-01-24 18:10:00
7358393,2025-01-24 18:15:11,N,8877.35,12871.17,6596.85,0.0,2025-01-24 18:15:00
7358397,2025-01-24 18:20:10,N,8979.58,12879.47,6596.78,0.0,2025-01-24 18:20:00
7358399,2025-01-24 18:25:10,N,8844.89,12857.11,6596.89,0.0,2025-01-24 18:25:00
7358401,2025-01-24 18:30:11,N,9033.74,13029.09,6597.83,0.0,2025-01-24 18:30:00
7358405,2025-01-24 18:35:10,N,8754.64,13487.4,6597.83,0.0,2025-01-24 18:35:00
7358407,2025-01-24 18:40:10,N,8607.19,13182.81,6597.64,0.0,2025-01-24 18:40:00
7358409,2025-01-24 18:45:11,N,8606.85,12874.65,6599.6,0.0,2025-01-24 18:45:00
7358413,2025-01-24 18:50:10,N,8578.72,13046.11,6599.87,0.0,2025-01-24 18:50:00
7358415,2025-01-24 18:55:11,N,8731.9,13093.22,6600.03,0.0,2025-01-24 18:55:00
7358420,2025-01-24 19:00:13,N,8379.39,12785.14,6764.4,0.0,2025-01-24 19:00:00
7358426,2025-01-24 19:05:11,N,8603.94,13153.29,6552.73,0.0,2025-01-24 19:05:00
7358428,2025-01-24 19:10:10,N,8226.62,13370.35,6553.92,0.0,2025-01-24 19:10:00
7358430,2025-01-24 19:15:10,N,8128.47,13224.1,6595.89,0.0,2025-01-24 19:15:00
7358434,2025-01-24 19:20:10,N,8083.47,13090.12,6483.07,0.0,2025-01-24 19:20:00
7358436,2025-01-24 19:25:10,N,8198.97,13218.48,6395.87,0.0,2025-01-24 19:25:00
7358438,2025-01-24 19:30:10,N,8396.82,13314.75,6395.96,0.0,2025-01-24 19:30:00
7358442,2025-01-24 19:35:11,N,8453.81,13295.34,6397.82,0.0,2025-01-24 19:35:00
7358444,2025-01-24 19:40:10,N,8391.22,13359.6,6397.79,0.0,2025-01-24 19:40:00
7358446,2025-01-24 19:45:10,N,8839.86,13538.25,6397.89,0.0,2025-01-24 19:45:00
7358450,2025-01-24 19:50:11,N,8265.68,13507.68,6397.78,0.0,2025-01-24 19:50:00
7358452,2025-01-24 19:55:11,N,8286.54,13740.41,6397.74,0.0,2025-01-24 19:55:00
7358457,2025-01-24 20:00:12,N,8328.08,13662.36,6412.61,0.0,2025-01-24 20:00:00
7358463,2025-01-24 20:05:10,N,8166.05,13359.07,6416.23,0.0,2025-01-24 20:05:00
7358465,2025-01-24 20:10:11,N,8272.75,13179.57,6416.35,0.0,2025-01-24 20:10:00
7358467,2025-01-24 20:15:11,N,8279.32,13268.72,6416.36,0.0,2025-01-24 20:15:00
7358471,2025-01-24 20:20:10,N,8219.76,13118.74,6416.5,0.0,2025-01-24 20:20:00
7358473,2025-01-24 20:25:11,N,8162.84,13371.89,6147.19,0.0,2025-01-24 20:25:00
7358475,2025-01-24 20:30:11,N,8368.4,13472.48,6147.19,0.0,2025-01-24 20:30:00
7358479,2025-01-24 20:35:11,N,8488.68,13478.42,6147.19,0.0,2025-01-24 20:35:00
7358481,2025-01-24 20:40:12,N,8616.01,13472.36,6147.19,0.0,2025-01-24 20:40:00
7358483,2025-01-24 20:45:11,N,8462.08,13294.72,6147.19,0.0,2025-01-24 20:45:00
7358487,2025-01-24 20:50:11,N,8343.8,13189.7,6198.79,0.0,2025-01-24 20:50:00
7358489,2025-01-24 20:55:11,N,8199.01,13221.12,6148.19,0.0,2025-01-24 20:55:00
7358494,2025-01-24 21:00:13,N,8114.17,12629.89,6211.28,0.0,2025-01-24 21:00:00
7358500,2025-01-24 21:05:11,N,7921.09,12818.91,6162.78,0.0,2025-01-24 21:05:00
7358502,2025-01-24 21:10:11,N,7950.37,13015.75,6162.78,0.0,2025-01-24 21:10:00
7358504,2025-01-24 21:15:10,N,7989.65,12887.65,6162.78,0.0,2025-01-24 21:15:00
7358508,2025-01-24 21:20:11,N,7906.12,12638.3,6162.78,0.0,2025-01-24 21:20:00
7358510,2025-01-24 21:25:10,N,7953.3,12815.03,6111.78,0.0,2025-01-24 21:25:00
7358512,2025-01-24 21:30:12,N,8012.92,12944.67,6111.78,0.0,2025-01-24 21:30:00
7358516,2025-01-24 21:35:10,N,8054.07,13069.42,6111.78,0.0,2025-01-24 21:35:00
7358518,2025-01-24 21:40:11,N,8104.25,13099.92,6111.78,0.0,2025-01-24 21:40:00
7358520,2025-01-24 21:45:11,N,8212.83,13083.65,6111.78,0.0,2025-01-24 21:45:00
7358524,2025-01-24 21:50:11,N,8212.84,12999.3,6111.78,0.0,2025-01-24 21:50:00
7358526,2025-01-24 21:55:11,N,8174.56,13350.27,6111.78,0.0,2025-01-24 21:55:00
7358531,2025-01-24 22:00:14,N,8275.76,13431.46,5778.93,0.0,2025-01-24 22:00:00
7358537,2025-01-24 22:05:11,N,8142.81,13311.94,5865.27,0.0,2025-01-24 22:05:00
7358539,2025-01-24 22:10:10,N,8212.84,13497.82,5859.97,0.0,2025-01-24 22:10:00
7358541,2025-01-24 22:15:11,N,8377.0,13476.31,5859.97,0.0,2025-01-24 22:15:00
7358545,2025-01-24 22:20:10,N,8204.22,13480.89,5854.07,0.0,2025-01-24 22:20:00
7358547,2025-01-24 22:25:10,N,8335.3,13575.21,5854.07,0.0,2025-01-24 22:25:00
7358549,2025-01-24 22:30:11,N,8296.0,13389.46,5854.07,0.0,2025-01-24 22:30:00
7358553,2025-01-24 22:35:11,N,8365.35,13669.79,5809.07,0.0,2025-01-24 22:35:00
7358555,2025-01-24 22:40:11,N,8508.12,13823.21,5855.07,0.0,2025-01-24 22:40:00
7358557,2025-01-24 22:45:12,N,8564.87,13828.92,5855.07,0.0,2025-01-24 22:45:00
7358561,2025-01-24 22:50:11,N,8714.06,13991.25,5855.07,0.0,2025-01-24 22:50:00
7358563,2025-01-24 22:55:11,N,8609.76,14004.78,5855.07,0.0,2025-01-24 22:55:00
7358568,2025-01-24 23:00:13,N,8745.66,14332.13,6029.33,0.0,2025-01-24 23:00:00
7358574,2025-01-24 23:05:12,N,8701.14,14071.03,6182.97,0.0,2025-01-24 23:05:00
7358576,2025-01-24 23:10:11,N,8601.29,13931.14,6183.97,0.0,2025-01-24 23:10:00
7358578,2025-01-24 23:15:10,N,8743.98,14114.64,6340.63,0.0,2025-01-24 23:15:00
7358582,2025-01-24 23:20:11,N,8738.47,14434.67,6341.64,0.0,2025-01-24 23:20:00
7358584,2025-01-24 23:25:11,N,8683.69,14458.8,6496.85,0.0,2025-01-24 23:25:00
7358586,2025-01-24 23:30:12,N,8765.85,14413.64,6497.03,0.0,2025-01-24 23:30:00
7358590,2025-01-24 23:35:11,N,8787.66,14466.31,6497.12,0.0,2025-01-24 23:35:00
7358592,2025-01-24 23:40:11,N,8798.81,14649.35,6496.84,0.0,2025-01-24 23:40:00
7358594,2025-01-24 23:45:11,N,8884.84,14970.44,6495.8,0.0,2025-01-24 23:45:00
7358598,2025-01-24 23:50:12,N,8957.59,15040.77,6496.88,0.0,2025-01-24 23:50:00
7358600,2025-01-24 23:55:12,N,8799.85,14804.94,6496.85,0.0,2025-01-24 23:55:00
7358605,2025-01-25 00:00:14,N,8660.71,14111.39,6388.36,0.0,2025-01-25 00:00:00
7358611,2025-01-25 00:05:12,N,9121.67,14741.57,6658.21,0.0,2025-01-25 00:05:00
7358613,2025-01-25 00:10:12,N,8611.65,14402.84,6657.92,0.0,2025-01-25 00:10:00
7358615,2025-01-25 00:15:12,N,8559.95,14192.8,6657.89,0.0,2025-01-25 00:15:00
7358619,2025-01-25 00:20:11,N,8634.59,13806.35,6658.01,0.0,2025-01-25 00:20:00
7358621,2025-01-25 00:25:12,N,8474.09,13908.27,6657.89,0.0,2025-01-25 00:25:00
7358623,2025-01-25 00:30:12,N,8333.43,13867.85,6658.1,0.0,2025-01-25 00:30:00
7358627,2025-01-25 00:35:12,N,8371.88,13624.41,6658.17,0.0,2025-01-25 00:35:00
7358629,2025-01-25 00:40:12,N,8121.42,13595.04,6658.01,0.0,2025-01-25 00:40:00
7358631,2025-01-25 00:45:13,N,8245.05,13942.79,6657.92,0.0,2025-01-25 00:45:00
7358635,2025-01-25 00:50:12,N,8476.12,14378.93,6658.03,0.0,2025-01-25 00:50:00
7358637,2025-01-25 00:55:12,N,8698.04,14540.25,6657.93,0.0,2025-01-25 00:55:00
7358642,2025-01-25 01:00:17,N,8806.79,15065.39,6506.17,0.0,2025-01-25 01:00:00
7358648,2025-01-25 01:05:11,N,8831.79,14970.49,6463.0,0.0,2025-01-25 01:05:00
7358651,2025-01-25 01:10:11,N,9026.47,15154.8,6462.92,0.0,2025-01-25 01:10:00
7358653,2025-01-25 01:15:13,N,9082.15,15292.31,6462.94,0.0,2025-01-25 01:15:00
7358657,2025-01-25 01:20:11,N,9080.4,15185.83,6463.06,0.0,2025-01-25 01:20:00
7358659,2025-01-25 01:25:12,N,9113.09,15237.14,6462.94,0.0,2025-01-25 01:25:00
7358661,2025-01-25 01:30:13,N,9076.33,15187.2,6461.94,0.0,2025-01-25 01:30:00
7358665,2025-01-25 01:35:11,N,9035.08,15182.74,6462.04,0.0,2025-01-25 01:35:00
7358667,2025-01-25 01:40:11,N,9061.0,14769.88,6666.85,0.0,2025-01-25 01:40:00
7358669,2025-01-25 01:45:11,N,9100.52,14778.86,6665.72,0.0,2025-01-25 01:45:00
7358673,2025-01-25 01:50:11,N,9509.11,15199.67,6665.84,0.0,2025-01-25 01:50:00
7358675,2025-01-25 01:55:14,N,9063.45,15329.93,6664.67,0.0,2025-01-25 01:55:00
7358680,2025-01-25 02:00:14,N,9201.42,15641.36,6670.99,0.0,2025-01-25 02:00:00
7358686,2025-01-25 02:05:12,N,9286.44,15301.48,6805.3,0.0,2025-01-25 02:05:00
7358688,2025-01-25 02:10:12,N,9303.2,15194.62,6805.23,0.0,2025-01-25 02:10:00
7358690,2025-01-25 02:15:11,N,9384.84,15321.23,6855.25,0.0,2025-01-25 02:15:00
7358694,2025-01-25 02:20:11,N,9364.58,15501.5,6896.52,0.0,2025-01-25 02:20:00
7358696,2025-01-25 02:25:12,N,9382.89,15485.32,6896.47,0.0,2025-01-25 02:25:00
7358698,2025-01-25 02:30:12,N,9282.76,15416.28,6898.28,0.0,2025-01-25 02:30:00
7358702,2025-01-25 02:35:11,N,9286.04,15508.71,6896.32,0.0,2025-01-25 02:35:00
7358704,2025-01-25 02:40:11,N,9285.71,15436.28,6942.22,0.0,2025-01-25 02:40:00
7358706,2025-01-25 02:45:11,N,9404.27,15459.77,6943.13,0.0,2025-01-25 02:45:00
7358710,2025-01-25 02:50:12,N,9641.52,15730.87,6943.1,0.0,2025-01-25 02:50:00
7358712,2025-01-25 02:55:11,N,9670.73,15753.28,6943.94,0.0,2025-01-25 02:55:00
7358717,2025-01-25 03:00:12,N,9439.96,15532.14,6948.88,0.0,2025-01-25 03:00:00
7358723,2025-01-25 03:05:12,N,9811.79,15710.33,6952.51,0.0,2025-01-25 03:05:00
7358725,2025-01-25 03:10:10,N,9434.27,15675.68,6951.44,0.0,2025-01-25 03:10:00
7358727,2025-01-25 03:15:11,N,9623.24,15648.0,6907.36,0.0,2025-01-25 03:15:00
7358731,2025-01-25 03:20:11,N,9618.71,15468.81,6953.27,0.0,2025-01-25 03:20:00
7358733,2025-01-25 03:25:11,N,9731.44,15506.41,6953.25,0.0,2025-01-25 03:25:00
7358735,2025-01-25 03:30:11,N,9675.84,15302.98,6953.05,0.0,2025-01-25 03:30:00
7358739,2025-01-25 03:35:12,N,9573.57,14938.63,6953.2,0.0,2025-01-25 03:35:00
7358741,2025-01-25 03:40:13,N,9646.14,14911.7,6952.94,0.0,2025-01-25 03:40:00
7358743,2025-01-25 03:45:12,N,9677.87,14985.61,6952.97,0.0,2025-01-25 03:45:00
7358747,2025-01-25 03:50:12,N,9524.87,14646.37,6952.83,0.0,2025-01-25 03:50:00
7358749,2025-01-25 03:55:11,N,9722.53,15101.22,6952.86,0.0,2025-01-25 03:55:00
7358754,2025-01-25 04:00:14,N,10189.77,16287.43,6955.11,0.0,2025-01-25 04:00:00
7358760,2025-01-25 04:05:11,N,10287.17,15999.6,6907.88,0.0,2025-01-25 04:05:00
7358762,2025-01-25 04:10:12,N,10250.59,15827.8,6907.61,0.0,2025-01-25 04:10:00
7358764,2025-01-25 04:15:11,N,10211.82,16008.28,6907.46,0.0,2025-01-25 04:15:00
7358768,2025-01-25 04:20:11,N,10174.06,16149.35,6907.67,0.0,2025-01-25 04:20:00
7358770,2025-01-25 04:25:11,N,10047.68,16250.52,6861.75,0.0,2025-01-25 04:25:00
7358772,2025-01-25 04:30:11,N,10087.59,16344.01,6861.5,0.0,2025-01-25 04:30:00
7358776,2025-01-25 04:35:11,N,10118.95,16277.19,6906.56,0.0,2025-01-25 04:35:00
7358778,2025-01-25 04:40:11,N,10181.83,16231.8,6906.46,0.0,2025-01-25 04:40:00
7358780,2025-01-25 04:45:11,N,10026.13,15775.36,6906.46,0.0,2025-01-25 04:45:00
7358784,2025-01-25 04:50:11,N,10026.18,15842.44,6822.73,0.0,2025-01-25 04:50:00
7358786,2025-01-25 04:55:11,N,9976.38,15980.94,6822.79,0.0,2025-01-25 04:55:00
7358791,2025-01-25 05:00:13,N,10089.3,16307.32,6826.43,0.0,2025-01-25 05:00:00
7358797,2025-01-25 05:05:12,N,9843.36,15704.22,6826.41,0.0,2025-01-25 05:05:00
7358799,2025-01-25 05:07:09,N,10235.15,15826.7,6818.01,0.0,2025-01-25 05:05:00
7358800,2025-01-25 05:10:11,N,10169.9,15649.01,6818.02,0.0,2025-01-25 05:10:00
7358802,2025-01-25 05:11:49,N,9865.5,15592.04,6818.18,0.0,2025-01-25 05:10:00
7358803,2025-01-25 05:15:11,N,9931.08,15682.15,6818.02,0.0,2025-01-25 05:15:00
7358807,2025-01-25 05:20:11,N,9767.26,15407.16,6818.0,0.0,2025-01-25 05:20:00
7358810,2025-01-25 05:25:10,N,9646.79,14850.61,6817.89,0.0,2025-01-25 05:25:00
7358812,2025-01-25 05:30:11,N,9670.15,14750.71,6817.88,0.0,2025-01-25 05:30:00
7358816,2025-01-25 05:35:11,N,9670.07,14570.89,6817.92,0.0,2025-01-25 05:35:00
7358818,2025-01-25 05:40:12,N,9652.88,14123.31,6817.86,0.0,2025-01-25 05:40:00
7358820,2025-01-25 05:45:12,N,9444.67,13879.83,6817.86,0.0,2025-01-25 05:45:00
7358824,2025-01-25 05:50:11,N,9458.65,13495.69,6862.88,0.0,2025-01-25 05:50:00
7358826,2025-01-25 05:55:12,N,9203.19,13224.54,6862.99,0.0,2025-01-25 05:55:00
7358831,2025-01-25 06:00:14,N,9490.69,13791.36,6764.1,0.0,2025-01-25 06:00:00
7358837,2025-01-25 06:05:13,N,9549.6,13595.92,6480.74,0.0,2025-01-25 06:05:00
7358839,2025-01-25 06:10:11,N,9420.84,13506.11,6480.73,0.0,2025-01-25 06:10:00
7358841,2025-01-25 06:15:11,N,9586.06,13542.15,6522.28,0.0,2025-01-25 06:15:00
7358845,2025-01-25 06:20:11,N,9155.86,13658.8,6522.23,0.0,2025-01-25 06:20:00
7358847,2025-01-25 06:25:11,N,9232.06,13477.64,6522.22,0.0,2025-01-25 06:25:00
7358849,2025-01-25 06:30:11,N,9093.25,13041.55,6522.11,0.0,2025-01-25 06:30:00
7358853,2025-01-25 06:35:10,N,8779.63,12620.57,6522.43,0.0,2025-01-25 06:35:00
7358855,2025-01-25 06:40:11,N,8602.38,12566.13,6522.06,0.0,2025-01-25 06:40:00
7358857,2025-01-25 06:45:11,N,8651.8,12589.49,6522.08,0.0,2025-01-25 06:45:00
7358861,2025-01-25 06:50:11,N,8486.64,12343.75,6522.13,0.0,2025-01-25 06:50:00
7358863,2025-01-25 06:55:11,N,8284.89,11745.92,6522.06,0.0,2025-01-25 06:55:00
7358868,2025-01-25 07:00:14,N,8224.72,11844.19,6533.22,0.0,2025-01-25 07:00:00
7358874,2025-01-25 07:05:11,N,8145.51,11973.11,6481.59,0.0,2025-01-25 07:05:00
7358876,2025-01-25 07:10:12,N,8252.26,12006.14,6481.76,0.0,2025-01-25 07:10:00
7358878,2025-01-25 07:15:12,N,8002.55,11645.02,6481.56,0.0,2025-01-25 07:15:00
7358882,2025-01-25 07:20:12,N,7891.86,11492.5,6481.4,0.0,2025-01-25 07:20:00
7358884,2025-01-25 07:25:11,N,7864.3,11391.41,6481.4,0.0,2025-01-25 07:25:00
7358886,2025-01-25 07:30:12,N,7827.7,11317.51,6481.4,0.0,2025-01-25 07:30:00
7358890,2025-01-25 07:35:11,N,7532.99,10936.44,6481.62,0.0,2025-01-25 07:35:00
7358892,2025-01-25 07:40:11,N,7682.18,10958.05,6481.42,0.0,2025-01-25 07:40:00
7358894,2025-01-25 07:45:11,N,7769.75,11138.98,6481.29,0.0,2025-01-25 07:45:00
7358898,2025-01-25 07:50:11,N,7870.09,11418.51,6481.2,0.0,2025-01-25 07:50:00
7358900,2025-01-25 07:55:12,N,7894.43,11760.9,6481.42,0.0,2025-01-25 07:55:00
7358905,2025-01-25 08:00:12,N,7999.72,12260.93,6508.86,0.0,2025-01-25 08:00:00
7358911,2025-01-25 08:05:12,N,8004.2,12679.44,6465.77,0.0,2025-01-25 08:05:00
7358913,2025-01-25 08:10:12,N,8405.7,13370.24,6465.73,0.0,2025-01-25 08:10:00
7358915,2025-01-25 08:15:12,N,8788.88,14292.6,6463.76,0.0,2025-01-25 08:15:00
7358919,2025-01-25 08:20:11,N,9439.38,15391.52,6667.13,0.0,2025-01-25 08:20:00
7358921,2025-01-25 08:25:11,N,9714.64,15639.16,6667.08,0.0,2025-01-25 08:25:00
7358923,2025-01-25 08:30:11,N,9834.05,16062.12,6698.66,0.0,2025-01-25 08:30:00
7358927,2025-01-25 08:35:11,N,10259.79,16891.28,6698.79,0.0,2025-01-25 08:35:00
7358929,2025-01-25 08:40:11,N,10557.27,17743.38,6698.74,0.0,2025-01-25 08:40:00
7358931,2025-01-25 08:45:11,N,10993.46,18519.12,6697.6,0.0,2025-01-25 08:45:00
7358935,2025-01-25 08:50:12,N,11409.34,19494.24,6742.42,0.0,2025-01-25 08:50:00
7358937,2025-01-25 08:55:12,N,11688.12,20021.56,6742.48,0.0,2025-01-25 08:55:00
7358942,2025-01-25 09:00:13,N,11617.01,19841.09,6735.8,0.0,2025-01-25 09:00:00
7358948,2025-01-25 09:05:11,N,11431.55,19616.13,6732.38,0.0,2025-01-25 09:05:00
7358950,2025-01-25 09:10:11,N,11269.8,19471.31,6730.33,0.0,2025-01-25 09:10:00
7358952,2025-01-25 09:15:12,N,11162.64,19637.61,6685.2,0.0,2025-01-25 09:15:00
7358956,2025-01-25 09:20:12,N,10901.72,19140.7,6685.29,0.0,2025-01-25 09:20:00
7358958,2025-01-25 09:25:10,N,10730.95,18962.3,6683.54,0.0,2025-01-25 09:25:00
7358960,2025-01-25 09:30:12,N,10501.99,18689.44,6681.38,0.0,2025-01-25 09:30:00
7358964,2025-01-25 09:35:12,N,10526.23,18275.43,6681.46,0.0,2025-01-25 09:35:00
7358966,2025-01-25 09:40:12,N,10598.71,18285.03,6638.53,0.0,2025-01-25 09:40:00
7358968,2025-01-25 09:45:12,N,10832.2,18957.36,6636.51,0.0,2025-01-25 09:45:00
7358972,2025-01-25 09:50:12,N,11020.88,19571.41,6636.31,0.0,2025-01-25 09:50:00
7358974,2025-01-25 09:55:12,N,11107.84,19991.57,6675.9,0.0,2025-01-25 09:55:00
7358979,2025-01-25 10:00:13,N,10987.68,19310.56,6430.18,0.0,2025-01-25 10:00:00
7358988,2025-01-25 10:05:13,N,10967.11,19131.98,6684.41,0.0,2025-01-25 10:05:00
7358990,2025-01-25 10:10:11,N,10921.1,18872.32,6684.4,0.0,2025-01-25 10:10:00
7358992,2025-01-25 10:15:11,N,10865.46,18320.93,6682.23,0.0,2025-01-25 10:15:00
7358996,2025-01-25 10:20:11,N,10615.15,17945.97,6682.22,0.0,2025-01-25 10:20:00
7358998,2025-01-25 10:25:11,N,10583.85,17891.25,6682.2,0.0,2025-01-25 10:25:00
7359000,2025-01-25 10:30:10,N,10467.78,18252.81,6682.24,0.0,2025-01-25 10:30:00
7359004,2025-01-25 10:35:10,N,10573.37,18238.42,6681.19,0.0,2025-01-25 10:35:00
7359006,2025-01-25 10:40:10,N,10476.38,17725.73,6681.23,0.0,2025-01-25 10:40:00
7359008,2025-01-25 10:45:11,N,10613.84,17546.99,6680.14,0.0,2025-01-25 10:45:00
7359012,2025-01-25 10:50:11,N,10624.73,17823.41,6679.09,0.0,2025-01-25 10:50:00
7359014,2025-01-25 10:55:11,N,10713.34,18423.41,6679.0,0.0,2025-01-25 10:55:00
7359019,2025-01-25 11:00:13,N,10753.82,18725.71,6616.29,0.0,2025-01-25 11:00:00
7359025,2025-01-25 11:05:12,N,10447.44,18265.34,6648.26,0.0,2025-01-25 11:05:00
7359027,2025-01-25 11:10:11,N,10283.23,18154.84,6648.44,0.0,2025-01-25 11:10:00
7359029,2025-01-25 11:15:11,N,10514.37,18245.77,6648.57,0.0,2025-01-25 11:15:00
7359033,2025-01-25 11:20:11,N,10549.75,18592.59,6648.49,0.0,2025-01-25 11:20:00
7359035,2025-01-25 11:25:10,N,10555.5,19058.69,6648.32,0.0,2025-01-25 11:25:00
7359037,2025-01-25 11:30:11,N,10608.78,19140.25,6648.3,0.0,2025-01-25 11:30:00
7359041,2025-01-25 11:35:11,N,10586.11,18906.76,6648.45,0.0,2025-01-25 11:35:00
7359043,2025-01-25 11:40:12,N,10727.14,18772.35,6648.33,0.0,2025-01-25 11:40:00
7359045,2025-01-25 11:45:11,N,10759.75,18812.89,6648.19,0.0,2025-01-25 11:45:00
7359049,2025-01-25 11:50:11,N,10761.61,19119.83,6648.2,0.0,2025-01-25 11:50:00
7359051,2025-01-25 11:55:12,N,10700.86,18630.96,6648.04,0.0,2025-01-25 11:55:00
7359056,2025-01-25 12:00:13,N,10526.74,18404.16,6622.07,0.0,2025-01-25 12:00:00
7359062,2025-01-25 12:05:11,N,10429.98,18314.83,6626.13,0.0,2025-01-25 12:05:00
7359064,2025-01-25 12:10:11,N,10390.81,18156.78,6626.28,0.0,2025-01-25 12:10:00
7359066,2025-01-25 12:15:11,N,10436.99,18221.29,6626.12,0.0,2025-01-25 12:15:00
7359070,2025-01-25 12:20:11,N,10223.42,17915.61,6626.22,0.0,2025-01-25 12:20:00
7359072,2025-01-25 12:25:11,N,10212.14,17808.07,6626.17,0.0,2025-01-25 12:25:00
7359074,2025-01-25 12:30:11,N,10215.6,18037.22,6626.01,0.0,2025-01-25 12:30:00
7359078,2025-01-25 12:35:12,N,10396.45,18463.37,6626.21,0.0,2025-01-25 12:35:00
7359080,2025-01-25 12:40:11,N,10418.28,18156.94,6625.18,0.0,2025-01-25 12:40:00
7359082,2025-01-25 12:45:11,N,10007.97,17503.63,6625.98,0.0,2025-01-25 12:45:00
7359086,2025-01-25 12:50:10,N,9905.37,17134.69,6625.9,0.0,2025-01-25 12:50:00
7359088,2025-01-25 12:55:11,N,9919.99,16927.36,6625.78,0.0,2025-01-25 12:55:00
7359093,2025-01-25 13:00:15,N,9884.65,16932.65,6608.19,0.0,2025-01-25 13:00:00
7359099,2025-01-25 13:05:11,N,9795.94,16532.27,6608.03,0.0,2025-01-25 13:05:00
7359101,2025-01-25 13:10:12,N,9473.5,16153.36,6608.02,0.0,2025-01-25 13:10:00
7359103,2025-01-25 13:15:11,N,9609.09,16005.08,6608.08,0.0,2025-01-25 13:15:00
7359107,2025-01-25 13:20:11,N,9262.87,15708.44,6608.04,0.0,2025-01-25 13:20:00
7359109,2025-01-25 13:25:10,N,9420.34,15810.42,6608.18,0.0,2025-01-25 13:25:00
7359111,2025-01-25 13:30:11,N,9481.19,15720.73,6607.97,0.0,2025-01-25 13:30:00
7359115,2025-01-25 13:35:12,N,9431.4,15484.37,6423.89,0.0,2025-01-25 13:35:00
7359117,2025-01-25 13:40:11,N,9283.54,15261.2,6467.96,0.0,2025-01-25 13:40:00
7359119,2025-01-25 13:45:11,N,8977.74,14805.6,6468.88,0.0,2025-01-25 13:45:00
7359123,2025-01-25 13:50:11,N,9078.19,14414.98,6468.85,0.0,2025-01-25 13:50:00
7359125,2025-01-25 13:55:12,N,9090.58,14502.81,6426.04,0.0,2025-01-25 13:55:00
7359130,2025-01-25 14:00:12,N,9162.48,14381.76,6415.71,0.0,2025-01-25 14:00:00
7359136,2025-01-25 14:05:11,N,9015.92,14736.65,6254.54,0.0,2025-01-25 14:05:00
7359138,2025-01-25 14:10:10,N,9132.93,14790.47,6254.59,0.0,2025-01-25 14:10:00
7359140,2025-01-25 14:15:11,N,8928.21,14383.16,6254.43,0.0,2025-01-25 14:15:00
7359144,2025-01-25 14:20:11,N,8681.08,14181.7,6163.43,0.0,2025-01-25 14:20:00
7359146,2025-01-25 14:25:10,N,8419.13,13928.4,6021.58,0.0,2025-01-25 14:25:00
7359150,2025-01-25 14:30:11,N,8576.3,14091.71,5971.66,0.0,2025-01-25 14:30:00
7359156,2025-01-25 14:35:11,N,8133.84,13552.79,5763.67,0.0,2025-01-25 14:35:00
7359158,2025-01-25 14:40:10,N,8286.74,13575.46,5762.63,0.0,2025-01-25 14:40:00
7359160,2025-01-25 14:45:11,N,8448.76,13707.7,5763.53,0.0,2025-01-25 14:45:00
7359164,2025-01-25 14:50:10,N,8748.36,14193.5,5721.49,0.0,2025-01-25 14:50:00
7359166,2025-01-25 14:55:11,N,9012.06,14180.56,5624.5,1.697,2025-01-25 14:55:00
7359171,2025-01-25 15:00:13,N,9148.68,14175.18,5583.5,1.3578,2025-01-25 15:00:00
7359177,2025-01-25 15:05:10,N,8904.4,13625.15,5580.3,0.2131,2025-01-25 15:05:00
7359179,2025-01-25 15:10:11,N,8585.42,13194.64,5496.26,0.5836,2025-01-25 15:10:00
7359181,2025-01-25 15:15:10,N,8611.46,12899.94,5497.23,0.7479,2025-01-25 15:15:00
7359185,2025-01-25 15:20:11,N,8888.66,13145.13,5497.23,0.8065,2025-01-25 15:20:00
7359187,2025-01-25 15:25:10,N,8775.59,13687.76,5401.24,1.3212,2025-01-25 15:25:00
7359189,2025-01-25 15:30:11,N,8746.01,13678.54,5403.19,1.7274,2025-01-25 15:30:00
7359193,2025-01-25 15:35:13,N,8701.93,13238.99,5401.27,0.0,2025-01-25 15:35:00
7359195,2025-01-25 15:40:12,N,8516.57,12670.61,5401.26,0.0,2025-01-25 15:40:00
7359197,2025-01-25 15:45:11,N,8437.93,12803.29,5401.21,0.0,2025-01-25 15:45:00
7359201,2025-01-25 15:50:12,N,8908.08,13408.03,5358.24,0.0,2025-01-25 15:50:00
7359203,2025-01-25 15:55:11,N,8626.15,13291.81,5304.26,0.0,2025-01-25 15:55:00
7359208,2025-01-25 16:00:12,N,8865.77,13565.63,5305.48,0.0,2025-01-25 16:00:00
7359214,2025-01-25 16:05:11,N,8667.97,13422.95,5266.15,0.0,2025-01-25 16:05:00
7359216,2025-01-25 16:10:11,N,8498.81,13188.53,5213.15,0.0,2025-01-25 16:10:00
7359218,2025-01-25 16:15:10,N,8624.88,13172.92,5212.13,0.0,2025-01-25 16:15:00
7359222,2025-01-25 16:20:11,N,8664.11,13249.21,5213.14,0.0,2025-01-25 16:20:00
7359224,2025-01-25 16:25:10,N,8687.83,12837.53,5070.14,0.0,2025-01-25 16:25:00
7359226,2025-01-25 16:30:13,N,8904.04,13005.19,5071.05,0.0,2025-01-25 16:30:00
7359230,2025-01-25 16:35:10,N,8828.01,13439.75,5071.11,0.0,2025-01-25 16:35:00
7359232,2025-01-25 16:40:11,N,8596.72,12937.58,5071.08,0.5001,2025-01-25 16:40:00
7359234,2025-01-25 16:45:11,N,8601.16,12468.61,5071.06,1.3128,2025-01-25 16:45:00
7359238,2025-01-25 16:50:11,N,8054.7,11989.87,5070.11,0.9969,2025-01-25 16:50:00
7359240,2025-01-25 16:55:11,N,8020.9,11790.6,5071.1,0.0,2025-01-25 16:55:00
7359245,2025-01-25 17:00:13,N,8359.14,11935.18,5095.0,4.6738,2025-01-25 17:00:00
7359251,2025-01-25 17:05:11,N,8929.88,12897.29,5094.68,0.0,2025-01-25 17:05:00
7359253,2025-01-25 17:10:12,N,8870.49,12737.38,5051.69,0.0,2025-01-25 17:10:00
7359255,2025-01-25 17:15:11,N,8835.98,12547.92,5050.69,0.0,2025-01-25 17:15:00
7359259,2025-01-25 17:20:10,N,8242.93,11944.93,4806.68,0.0017,2025-01-25 17:20:00
7359261,2025-01-25 17:25:10,N,8145.36,11780.8,4806.62,0.0,2025-01-25 17:25:00
7359263,2025-01-25 17:30:11,N,8293.61,11798.53,4806.57,0.0,2025-01-25 17:30:00
7359267,2025-01-25 17:35:11,N,8442.05,12121.83,4806.65,0.0,2025-01-25 17:35:00
7359269,2025-01-25 17:40:11,N,8161.2,11880.46,4806.65,0.0,2025-01-25 17:40:00
7359271,2025-01-25 17:45:11,N,8255.73,11872.68,4806.63,0.0,2025-01-25 17:45:00
7359275,2025-01-25 17:50:11,N,8184.81,11696.72,4807.61,0.0035,2025-01-25 17:50:00
7359277,2025-01-25 17:55:10,N,8081.13,11391.52,4807.69,0.9668,2025-01-25 17:55:00
7359282,2025-01-25 18:00:12,N,7802.88,10979.74,4841.42,4.1859,2025-01-25 18:00:00
7359288,2025-01-25 18:05:11,N,7766.63,10852.7,4843.67,3.6186,2025-01-25 18:05:00
7359290,2025-01-25 18:10:10,N,7694.61,10787.39,4843.66,1.8242,2025-01-25 18:10:00
7359292,2025-01-25 18:15:11,N,7811.12,11184.32,4850.54,1.3759,2025-01-25 18:15:00
7359296,2025-01-25 18:20:10,N,8004.32,11573.65,4850.54,0.5156,2025-01-25 18:20:00
7359298,2025-01-25 18:25:10,N,8251.61,12142.91,4850.59,2.8904,2025-01-25 18:25:00
7359300,2025-01-25 18:30:12,N,8360.96,12170.35,4849.5,1.1179,2025-01-25 18:30:00
7359304,2025-01-25 18:35:10,N,8507.51,12333.85,4850.57,2.145,2025-01-25 18:35:00
7359306,2025-01-25 18:40:11,N,8469.96,12720.08,4899.45,1.3601,2025-01-25 18:40:00
7359308,2025-01-25 18:45:10,N,8638.59,13068.02,4950.5,1.1251,2025-01-25 18:45:00
7359312,2025-01-25 18:50:11,N,8546.57,13017.26,4949.58,1.4457,2025-01-25 18:50:00
7359314,2025-01-25 18:55:11,N,8538.49,13018.52,5332.54,2.6048,2025-01-25 18:55:00
7359319,2025-01-25 19:00:12,N,8730.82,13317.31,5227.8,2.1273,2025-01-25 19:00:00
7359325,2025-01-25 19:05:11,N,8957.07,13532.45,5383.57,1.737,2025-01-25 19:05:00
7359327,2025-01-25 19:10:10,N,9075.04,14019.41,5388.56,3.7098,2025-01-25 19:10:00
7359329,2025-01-25 19:15:10,N,9354.79,14243.53,5431.6,3.1654,2025-01-25 19:15:00
7359333,2025-01-25 19:20:10,N,9441.02,14418.73,5430.62,3.347,2025-01-25 19:20:00
7359335,2025-01-25 19:25:10,N,9444.46,14505.49,5430.61,3.2758,2025-01-25 19:25:00
7359337,2025-01-25 19:30:11,N,9495.74,14729.7,5574.52,2.2667,2025-01-25 19:30:00
7359341,2025-01-25 19:35:10,N,9550.73,14948.91,5718.58,1.3358,2025-01-25 19:35:00
7359343,2025-01-25 19:40:10,N,9763.09,15326.49,5717.64,1.6676,2025-01-25 19:40:00
7359345,2025-01-25 19:45:11,N,9764.79,15357.53,5768.28,1.2014,2025-01-25 19:45:00
7359349,2025-01-25 19:50:11,N,9792.61,15108.96,5774.21,0.391,2025-01-25 19:50:00
7359351,2025-01-25 19:55:11,N,9760.1,15583.73,5824.18,0.8955,2025-01-25 19:55:00
7359356,2025-01-25 20:00:12,N,9819.73,15619.91,5886.55,0.3094,2025-01-25 20:00:00
7359362,2025-01-25 20:05:11,N,9801.63,15919.24,6120.17,0.0729,2025-01-25 20:05:00
7359364,2025-01-25 20:10:10,N,9749.75,16012.54,6114.25,0.8278,2025-01-25 20:10:00
7359366,2025-01-25 20:15:10,N,9844.92,16167.84,6114.25,0.7085,2025-01-25 20:15:00
7359370,2025-01-25 20:20:11,N,10045.45,16383.66,6113.2,0.5775,2025-01-25 20:20:00
7359372,2025-01-25 20:25:10,N,10200.51,16421.83,6113.22,0.6586,2025-01-25 20:25:00
7359374,2025-01-25 20:30:10,N,10119.34,16211.84,6193.16,0.2804,2025-01-25 20:30:00
7359378,2025-01-25 20:35:11,N,10161.84,16117.12,6193.26,0.4983,2025-01-25 20:35:00
7359380,2025-01-25 20:40:11,N,10126.29,15990.15,6193.21,0.4108,2025-01-25 20:40:00
7359382,2025-01-25 20:45:11,N,10064.45,15866.57,6193.15,0.5322,2025-01-25 20:45:00
7359386,2025-01-25 20:50:11,N,9929.52,15938.67,6199.11,0.3947,2025-01-25 20:50:00
7359388,2025-01-25 20:55:11,N,9903.07,15907.52,6199.14,0.6158,2025-01-25 20:55:00
7359393,2025-01-25 21:00:12,N,9793.33,15232.68,6263.84,0.7795,2025-01-25 21:00:00
7359399,2025-01-25 21:05:11,N,9621.16,15025.1,6316.14,0.9623,2025-01-25 21:05:00
7359401,2025-01-25 21:10:11,N,9496.47,15026.33,6316.14,0.4721,2025-01-25 21:10:00
7359403,2025-01-25 21:15:09,N,9614.37,15152.83,6561.15,0.0,2025-01-25 21:15:00
7359407,2025-01-25 21:20:10,N,9590.75,15083.81,6704.15,0.0,2025-01-25 21:20:00
7359409,2025-01-25 21:25:10,N,9451.71,14897.05,6704.15,0.0,2025-01-25 21:25:00
7359411,2025-01-25 21:30:11,N,9346.98,14631.95,6705.06,0.0,2025-01-25 21:30:00
7359415,2025-01-25 21:35:11,N,9456.7,14788.38,6705.14,0.0,2025-01-25 21:35:00
7359417,2025-01-25 21:40:11,N,9614.97,15201.03,6882.25,0.0,2025-01-25 21:40:00
7359419,2025-01-25 21:45:10,N,9717.26,15642.28,6881.17,1.0432,2025-01-25 21:45:00
7359423,2025-01-25 21:50:11,N,9763.49,15610.53,6882.25,0.8757,2025-01-25 21:50:00
7359425,2025-01-25 21:55:11,N,9886.83,15562.96,6883.22,0.9307,2025-01-25 21:55:00
7359430,2025-01-25 22:00:12,N,9900.1,15291.11,6819.4,0.0,2025-01-25 22:00:00
7359436,2025-01-25 22:05:11,N,9901.64,15329.1,6855.41,0.9707,2025-01-25 22:05:00
7359438,2025-01-25 22:10:10,N,9619.2,14700.91,6855.43,0.8046,2025-01-25 22:10:00
7359440,2025-01-25 22:15:11,N,9405.26,14608.2,6855.43,0.4293,2025-01-25 22:15:00
7359444,2025-01-25 22:20:10,N,9347.94,14681.19,6855.42,2.0897,2025-01-25 22:20:00
7359446,2025-01-25 22:25:10,N,9416.96,14673.01,6856.4,2.8811,2025-01-25 22:25:00
7359448,2025-01-25 22:30:10,N,9322.07,14775.17,6856.35,1.7139,2025-01-25 22:30:00
7359452,2025-01-25 22:35:11,N,9459.63,14909.55,6856.42,2.1827,2025-01-25 22:35:00
7359454,2025-01-25 22:40:11,N,9528.16,15080.27,6857.47,0.5863,2025-01-25 22:40:00
7359456,2025-01-25 22:45:10,N,9398.17,15100.87,6856.4,0.3558,2025-01-25 22:45:00
7359460,2025-01-25 22:50:10,N,9576.54,15480.59,6856.39,0.471,2025-01-25 22:50:00
7359462,2025-01-25 22:55:11,N,9492.77,15636.18,6856.41,1.611,2025-01-25 22:55:00
7359467,2025-01-25 23:00:12,N,9718.23,16193.44,6863.16,1.3996,2025-01-25 23:00:00
7359473,2025-01-25 23:05:10,N,9779.88,15939.11,6819.62,2.3398,2025-01-25 23:05:00
7359475,2025-01-25 23:10:11,N,9706.8,15718.59,6820.65,0.5434,2025-01-25 23:10:00
7359477,2025-01-25 23:15:11,N,9601.85,15737.47,6820.68,2.1064,2025-01-25 23:15:00
7359481,2025-01-25 23:20:10,N,9789.29,15912.95,6819.68,2.0054,2025-01-25 23:20:00
7359483,2025-01-25 23:25:10,N,9800.39,16150.43,6819.71,1.413,2025-01-25 23:25:00
7359485,2025-01-25 23:30:11,N,9798.65,15845.0,6819.6,1.5517,2025-01-25 23:30:00
7359489,2025-01-25 23:35:10,N,9666.5,15773.05,6819.64,1.8022,2025-01-25 23:35:00
7359491,2025-01-25 23:40:11,N,9720.8,16054.48,6819.64,1.6008,2025-01-25 23:40:00
7359493,2025-01-25 23:45:11,N,9862.18,16242.69,6819.64,1.127,2025-01-25 23:45:00
7359497,2025-01-25 23:50:11,N,9908.96,16568.03,6820.62,0.678,2025-01-25 23:50:00
7359499,2025-01-25 23:55:11,N,10097.71,16771.68,6820.63,1.8866,2025-01-25 23:55:00
