slot,prc_mw,rtolcap_mw,rtoffcap_mw,rtordpa,imputed
2025-01-18 00:00:00,13303.63000000,26054.21000000,7154.86000000,0.00000000,False
2025-01-18 00:05:00,13299.65000000,26323.25000000,7727.29000000,0.00000000,False
2025-01-18 00:10:00,13142.15000000,26191.29000000,7730.26000000,0.00000000,False
2025-01-18 00:15:00,13224.30000000,26236.76000000,7728.15000000,0.00000000,False
2025-01-18 00:20:00,13254.70000000,26472.26000000,7730.25000000,0.00000000,False
2025-01-18 00:25:00,13223.81000000,26470.68000000,7729.98000000,0.00000000,False
2025-01-18 00:30:00,13200.84000000,26078.32000000,7730.03000000,0.00000000,False
2025-01-18 00:35:00,13167.09000000,26050.37000000,7731.30000000,0.00000000,False
2025-01-18 00:40:00,13188.77000000,26121.42000000,7730.23000000,0.00000000,False
2025-01-18 00:45:00,13328.59000000,26591.69000000,7730.28000000,0.00000000,False
2025-01-18 00:50:00,13391.67000000,26685.75000000,7730.17000000,0.00000000,False
2025-01-18 00:55:00,13422.51000000,26710.13000000,7731.12000000,0.00000000,False
2025-01-18 01:00:00,13272.21000000,26645.54000000,7643.32000000,0.00000000,False
2025-01-18 01:05:00,13372.35000000,26220.66000000,7538.78000000,0.00000000,False
2025-01-18 01:10:00,13361.74000000,25917.43000000,7539.61000000,0.00000000,False
2025-01-18 01:15:00,13297.73000000,25795.38000000,7539.72000000,0.00000000,False
2025-01-18 01:20:00,13281.87000000,25609.27000000,7539.75000000,0.00000000,False
2025-01-18 01:25:00,13135.05000000,25224.34000000,7539.69000000,0.00000000,False
2025-01-18 01:30:00,13147.51000000,25155.57000000,7539.79000000,0.00000000,False
2025-01-18 01:35:00,13258.01000000,25221.71000000,7539.77000000,0.00000000,False
2025-01-18 01:40:00,13259.49000000,25288.45000000,7539.86000000,0.00000000,False
2025-01-18 01:45:00,13048.76000000,25126.41000000,7539.57000000,0.00000000,False
2025-01-18 01:50:00,12978.00000000,25066.77000000,7539.51000000,0.00000000,False
2025-01-18 01:55:00,12951.58000000,24995.40000000,7539.78000000,0.00000000,False
2025-01-18 02:00:00,13274.29000000,25780.14000000,7547.48000000,0.00000000,False
2025-01-18 02:05:00,13169.87000000,25099.21000000,7594.45000000,0.00000000,False
2025-01-18 02:10:00,13220.57000000,24811.10000000,7594.34000000,0.00000000,False
2025-01-18 02:15:00,13292.97000000,24943.07000000,7595.27000000,0.00000000,False
2025-01-18 02:20:00,13290.19000000,25071.26000000,7595.40000000,0.00000000,False
2025-01-18 02:25:00,13316.85000000,24973.20000000,7595.11000000,0.00000000,False
2025-01-18 02:30:00,13310.98000000,24916.21000000,7595.21000000,0.00000000,False
2025-01-18 02:35:00,13281.37000000,25091.59000000,7595.54000000,0.00000000,False
2025-01-18 02:40:00,13316.82000000,25152.33000000,7595.41000000,0.00000000,False
2025-01-18 02:45:00,13357.59000000,25216.93000000,7595.44000000,0.00000000,False
2025-01-18 02:50:00,13170.11000000,24445.08000000,7595.27000000,0.00000000,False
2025-01-18 02:55:00,13227.41000000,24337.29000000,7595.36000000,0.00000000,False
2025-01-18 03:00:00,13246.63000000,24111.08000000,7520.36000000,0.00000000,False
2025-01-18 03:05:00,13338.01000000,24390.82000000,7851.07000000,0.00000000,False
2025-01-18 03:10:00,13256.10000000,24038.37000000,7850.94000000,0.00000000,False
2025-01-18 03:15:00,13226.18000000,24214.61000000,7850.93000000,0.00000000,False
2025-01-18 03:20:00,13250.48000000,24370.48000000,7851.07000000,0.00000000,False
2025-01-18 03:25:00,13299.68000000,24632.83000000,7850.77000000,0.00000000,False
2025-01-18 03:30:00,13090.97000000,23788.13000000,7850.83000000,0.00000000,False
2025-01-18 03:35:00,12990.30000000,23597.29000000,7851.07000000,0.00000000,False
2025-01-18 03:40:00,13061.85000000,23674.92000000,7850.98000000,0.00000000,False
2025-01-18 03:45:00,13102.12000000,23635.82000000,7851.05000000,0.00000000,False
2025-01-18 03:50:00,13085.31000000,23753.88000000,7850.99000000,0.00000000,False
2025-01-18 03:55:00,13143.89000000,23535.14000000,7851.86000000,0.00000000,False
2025-01-18 04:00:00,13053.11000000,23277.81000000,7766.37000000,0.00000000,False
2025-01-18 04:05:00,12728.47000000,22636.54000000,7668.37000000,0.00000000,False
2025-01-18 04:10:00,12907.46000000,22448.79000000,7668.19000000,0.00000000,False
2025-01-18 04:15:00,12924.00000000,22407.42000000,7668.26000000,0.00000000,False
2025-01-18 04:20:00,12816.04000000,22160.46000000,7668.24000000,0.00000000,False
2025-01-18 04:25:00,12689.42000000,21875.29000000,7670.10000000,0.00000000,False
2025-01-18 04:30:00,12689.31000000,22172.11000000,7670.34000000,0.00000000,False
2025-01-18 04:35:00,12576.94000000,21882.18000000,7670.42000000,0.00000000,False
2025-01-18 04:40:00,12399.32000000,21294.37000000,7669.49000000,0.00000000,False
2025-01-18 04:45:00,12438.20000000,20947.77000000,7670.44000000,0.00000000,False
2025-01-18 04:50:00,12497.20000000,20836.70000000,7670.25000000,0.00000000,False
2025-01-18 04:55:00,12726.28000000,21631.28000000,7669.39000000,0.00000000,False
2025-01-18 05:00:00,12631.88000000,21480.58000000,7676.39000000,0.00000000,False
2025-01-18 05:05:00,12425.46000000,21070.11000000,7676.69000000,0.00000000,False
2025-01-18 05:10:00,12381.30000000,20801.49000000,7677.73000000,0.00000000,False
2025-01-18 05:15:00,12258.28000000,20562.54000000,7677.72000000,0.00000000,False
2025-01-18 05:20:00,12250.61000000,20655.75000000,7677.72000000,0.00000000,False
2025-01-18 05:25:00,12025.14000000,20167.42000000,7677.72000000,0.00000000,False
2025-01-18 05:30:00,11867.20000000,19517.92000000,7677.72000000,0.00000000,False
2025-01-18 05:35:00,11782.47000000,19351.79000000,7677.72000000,0.00000000,False
2025-01-18 05:40:00,11658.05000000,19417.68000000,7677.72000000,0.00000000,False
2025-01-18 05:45:00,11483.66000000,19459.32000000,7677.72000000,0.00000000,False
2025-01-18 05:50:00,11529.60000000,19450.72000000,7678.72000000,0.00000000,False
2025-01-18 05:55:00,11424.24000000,18947.61000000,7677.72000000,0.00000000,False
2025-01-18 06:00:00,11666.73000000,18830.60000000,7412.11000000,0.00000000,False
2025-01-18 06:05:00,10776.30000000,18186.66000000,7316.42000000,0.00000000,False
2025-01-18 06:10:00,10868.90000000,18285.81000000,7316.29000000,0.00000000,False
2025-01-18 06:15:00,10868.25000000,18260.66000000,7317.34000000,0.00000000,False
2025-01-18 06:20:00,10764.67000000,18398.77000000,7318.25000000,0.00000000,False
2025-01-18 06:25:00,10730.88000000,18299.81000000,7318.15000000,0.00000000,False
2025-01-18 06:30:00,10920.73000000,18109.91000000,7318.40000000,0.00000000,False
2025-01-18 06:35:00,10563.68000000,17958.06000000,7318.43000000,0.00000000,False
2025-01-18 06:40:00,10423.94000000,17724.02000000,7318.40000000,0.00000000,False
2025-01-18 06:45:00,10316.12000000,17560.68000000,7319.49000000,0.00000000,False
2025-01-18 06:50:00,10321.15000000,17165.46000000,7319.37000000,0.00000000,False
2025-01-18 06:55:00,10260.72000000,16766.08000000,7318.37000000,0.00000000,False
2025-01-18 07:00:00,10048.31000000,16470.43000000,7366.99000000,0.00000000,False
2025-01-18 07:05:00,10044.11000000,16256.98000000,7366.07000000,0.00000000,False
2025-01-18 07:10:00,9620.22000000,16018.20000000,7365.99000000,0.00000000,False
2025-01-18 07:15:00,9341.66000000,15640.22000000,7366.98000000,0.00000000,False
2025-01-18 07:20:00,9149.61000000,15486.42000000,7367.12000000,0.00000000,False
2025-01-18 07:25:00,9224.03000000,15577.00000000,7366.99000000,0.00000000,False
2025-01-18 07:30:00,9136.53000000,15761.09000000,7367.97000000,0.00000000,False
2025-01-18 07:35:00,9285.32000000,15782.04000000,7368.21000000,0.00000000,False
2025-01-18 07:40:00,9247.24000000,15961.76000000,7368.17000000,0.00000000,False
2025-01-18 07:45:00,9294.47000000,15942.54000000,7369.17000000,0.00000000,False
2025-01-18 07:50:00,9249.80000000,15920.18000000,7370.00000000,0.00000000,False
2025-01-18 07:55:00,9569.44000000,16538.51000000,7370.12000000,0.00000000,False
2025-01-18 08:00:00,9938.74000000,17101.18000000,7411.67000000,0.00000000,False
2025-01-18 08:05:00,10354.53000000,17913.17000000,7411.66000000,0.00000000,False
2025-01-18 08:10:00,10840.58000000,18732.15000000,7412.65000000,0.00000000,False
2025-01-18 08:15:00,11414.67000000,19843.99000000,7413.60000000,0.00000000,False
2025-01-18 08:20:00,11845.43000000,20895.41000000,7412.54000000,0.00000000,False
2025-01-18 08:25:00,12360.13000000,22144.19000000,7412.52000000,0.00000000,False
2025-01-18 08:30:00,12726.12000000,23087.78000000,7412.65000000,0.00000000,False
2025-01-18 08:35:00,13080.45000000,24148.54000000,7413.73000000,0.00000000,False
2025-01-18 08:40:00,13357.13000000,24757.06000000,7414.70000000,0.00000000,False
2025-01-18 08:45:00,13662.14000000,25837.03000000,7414.67000000,0.00000000,False
2025-01-18 08:50:00,14084.55000000,27407.94000000,7414.67000000,0.00000000,False
2025-01-18 08:55:00,14398.71000000,28884.80000000,7414.58000000,0.00000000,False
2025-01-18 09:00:00,14556.55000000,30134.01000000,7207.44000000,0.00000000,False
2025-01-18 09:05:00,14836.06000000,30981.26000000,7396.94000000,0.00000000,False
2025-01-18 09:10:00,14862.32000000,31557.36000000,7396.74000000,0.00000000,False
2025-01-18 09:15:00,15003.74000000,32305.65000000,7396.87000000,0.00000000,False
2025-01-18 09:20:00,15229.90000000,33074.79000000,7396.77000000,0.00000000,False
2025-01-18 09:25:00,15400.22000000,33938.45000000,7359.62000000,0.00000000,False
2025-01-18 09:30:00,15582.86000000,34876.71000000,7359.71000000,0.00000000,False
2025-01-18 09:35:00,15360.18000000,35526.92000000,7396.98000000,0.00000000,False
2025-01-18 09:40:00,15409.00000000,35885.86000000,7396.99000000,0.00000000,False
2025-01-18 09:45:00,15378.95000000,36131.44000000,7397.06000000,0.00000000,False
2025-01-18 09:50:00,15260.67000000,35970.01000000,7396.99000000,0.00000000,False
2025-01-18 09:55:00,15207.65000000,35891.90000000,7396.06000000,0.00000000,False
2025-01-18 10:00:00,15292.80000000,35979.25000000,7220.88000000,0.00000000,False
2025-01-18 10:05:00,14937.73000000,35116.12000000,7347.92000000,0.00000000,False
2025-01-18 10:10:00,14948.06000000,34995.15000000,7347.95000000,0.00000000,False
2025-01-18 10:15:00,14901.86000000,35272.03000000,7347.91000000,0.00000000,False
2025-01-18 10:20:00,14952.62000000,35528.55000000,7346.92000000,0.00000000,False
2025-01-18 10:25:00,15421.07000000,35682.30000000,7347.70000000,0.00000000,False
2025-01-18 10:30:00,14950.30000000,35663.50000000,7346.87000000,0.00000000,False
2025-01-18 10:35:00,15059.56000000,35388.65000000,7348.16000000,0.00000000,False
2025-01-18 10:40:00,14874.14000000,35563.05000000,7347.01000000,0.00000000,False
2025-01-18 10:45:00,14956.75000000,35838.32000000,7346.05000000,0.00000000,False
2025-01-18 10:50:00,15201.02000000,35732.97000000,7346.03000000,0.00000000,False
2025-01-18 10:55:00,15022.42000000,35793.79000000,7346.04000000,0.00000000,False
2025-01-18 11:00:00,15060.20000000,35860.22000000,7326.82000000,0.00000000,False
2025-01-18 11:05:00,14805.90000000,35137.93000000,7326.95000000,0.00000000,False
2025-01-18 11:10:00,15252.31000000,35918.98000000,7325.98000000,0.00000000,False
2025-01-18 11:15:00,15227.71000000,36348.69000000,7327.89000000,0.00000000,False
2025-01-18 11:20:00,15387.68000000,35898.35000000,7327.82000000,0.00000000,False
2025-01-18 11:25:00,14989.04000000,36013.55000000,7325.68000000,0.00000000,False
2025-01-18 11:30:00,14954.58000000,35866.22000000,7325.90000000,0.00000000,False
2025-01-18 11:35:00,15038.41000000,35791.79000000,7325.01000000,0.00000000,False
2025-01-18 11:40:00,14858.28000000,35500.84000000,7324.84000000,0.00000000,False
2025-01-18 11:45:00,15155.46000000,35560.91000000,7325.98000000,0.00000000,False
2025-01-18 11:50:00,14751.20000000,35670.21000000,7323.88000000,0.00000000,False
2025-01-18 11:55:00,15002.53000000,35185.41000000,7324.78000000,0.00000000,False
2025-01-18 12:00:00,14840.98000000,35263.25000000,7325.25000000,0.00000000,False
2025-01-18 12:05:00,15022.72000000,34987.98000000,7326.34000000,0.00000000,False
2025-01-18 12:10:00,15173.12000000,35351.65000000,7326.31000000,0.00000000,False
2025-01-18 12:15:00,15159.66000000,34815.71000000,7325.18000000,0.00000000,False
2025-01-18 12:20:00,15010.44000000,34114.35000000,7326.24000000,0.00000000,False
2025-01-18 12:25:00,14840.95000000,34440.09000000,7326.11000000,0.00000000,False
2025-01-18 12:30:00,14931.90000000,34636.92000000,7324.17000000,0.00000000,False
2025-01-18 12:35:00,14996.63000000,34747.39000000,7325.49000000,0.00000000,False
2025-01-18 12:40:00,14858.46000000,34598.00000000,7324.35000000,0.00000000,False
2025-01-18 12:45:00,15047.85000000,34455.04000000,7324.38000000,0.00000000,False
2025-01-18 12:50:00,14681.98000000,34607.93000000,7324.37000000,0.00000000,False
2025-01-18 12:55:00,14877.88000000,34713.87000000,7324.26000000,0.00000000,False
2025-01-18 13:00:00,15196.00000000,35403.55000000,7314.69000000,0.00000000,False
2025-01-18 13:05:00,15347.83000000,35574.24000000,7313.60000000,0.00000000,False
2025-01-18 13:10:00,15103.76000000,35887.05000000,7313.56000000,0.00000000,False
2025-01-18 13:15:00,15097.17000000,35633.95000000,7313.57000000,0.00000000,False
2025-01-18 13:20:00,15110.23000000,34750.97000000,7315.50000000,0.00000000,False
2025-01-18 13:25:00,15035.37000000,35210.09000000,7313.46000000,0.00000000,False
2025-01-18 13:30:00,15120.79000000,35785.28000000,7313.53000000,0.00000000,False
2025-01-18 13:35:00,15394.54000000,35642.09000000,7313.51000000,0.00000000,False
2025-01-18 13:40:00,15060.54000000,35187.32000000,7312.62000000,0.00000000,False
2025-01-18 13:45:00,15167.02000000,35478.47000000,7313.52000000,0.00000000,False
2025-01-18 13:50:00,15205.51000000,36375.40000000,7312.37000000,0.00000000,False
2025-01-18 13:55:00,15838.19000000,37482.56000000,7308.00000000,0.00000000,False
2025-01-18 14:00:00,15658.22000000,37022.58000000,7306.13000000,0.00000000,False
2025-01-18 14:05:00,15404.97000000,37848.86000000,7307.20000000,0.00000000,False
2025-01-18 14:10:00,15372.92000000,37531.93000000,7307.15000000,0.00000000,False
2025-01-18 14:15:00,15360.08000000,37623.55000000,7305.06000000,0.00000000,False
2025-01-18 14:20:00,15468.98000000,38049.26000000,7306.07000000,0.00000000,False
2025-01-18 14:25:00,15560.12000000,37742.34000000,7306.84000000,0.00000000,False
2025-01-18 14:30:00,15501.97000000,38332.73000000,7307.14000000,0.00000000,False
2025-01-18 14:35:00,15411.96000000,38197.31000000,7305.15000000,0.00000000,False
2025-01-18 14:40:00,15353.99000000,38141.53000000,7305.01000000,0.00000000,False
2025-01-18 14:45:00,15415.93000000,38713.74000000,7306.36000000,0.00000000,False
2025-01-18 14:50:00,15552.84000000,38195.02000000,7305.11000000,0.00000000,False
2025-01-18 14:55:00,15223.80000000,38157.07000000,7305.21000000,0.00000000,False
2025-01-18 15:00:00,15432.82000000,38649.59000000,7302.39000000,0.00000000,False
2025-01-18 15:05:00,15415.62000000,38687.52000000,7301.83000000,0.00000000,False
2025-01-18 15:10:00,15434.07000000,38713.75000000,7301.84000000,0.00000000,False
2025-01-18 15:15:00,15411.45000000,38948.18000000,7301.62000000,0.00000000,False
2025-01-18 15:20:00,15393.59000000,39041.88000000,7302.79000000,0.00000000,False
2025-01-18 15:25:00,15463.43000000,39089.23000000,7302.54000000,0.00000000,False
2025-01-18 15:30:00,15488.76000000,39136.23000000,7300.67000000,0.00000000,False
2025-01-18 15:35:00,15348.41000000,38935.59000000,7303.98000000,0.00000000,False
2025-01-18 15:40:00,15333.01000000,39520.95000000,7303.81000000,0.00000000,False
2025-01-18 15:45:00,15388.52000000,39382.32000000,7302.94000000,0.00000000,False
2025-01-18 15:50:00,15718.70000000,39228.83000000,7302.60000000,0.00000000,False
2025-01-18 15:55:00,15455.31000000,38912.54000000,7302.78000000,0.00000000,False
2025-01-18 16:00:00,15728.98000000,39262.59000000,7307.95000000,0.00000000,False
2025-01-18 16:05:00,15786.84000000,39725.46000000,7310.53000000,0.00000000,False
2025-01-18 16:10:00,15787.33000000,39517.75000000,7310.55000000,0.00000000,False
2025-01-18 16:15:00,15837.86000000,38265.77000000,7310.42000000,0.00000000,False
2025-01-18 16:20:00,15624.46000000,37739.92000000,7310.52000000,0.00000000,False
2025-01-18 16:25:00,15620.35000000,37111.37000000,7310.30000000,0.00000000,False
2025-01-18 16:30:00,15244.29000000,36962.35000000,7310.63000000,0.00000000,False
2025-01-18 16:35:00,15270.80000000,36318.36000000,7310.56000000,0.00000000,False
2025-01-18 16:40:00,15476.55000000,35334.52000000,7310.59000000,0.00000000,False
2025-01-18 16:45:00,15257.98000000,34508.62000000,7309.68000000,0.00000000,False
2025-01-18 16:50:00,15309.79000000,33878.66000000,7309.47000000,0.00000000,False
2025-01-18 16:55:00,15364.92000000,32695.83000000,7310.56000000,0.00000000,False
2025-01-18 17:00:00,15506.81000000,32544.63000000,7322.00000000,0.00000000,False
2025-01-18 17:05:00,15409.87000000,32017.99000000,7318.15000000,0.00000000,False
2025-01-18 17:10:00,15404.84000000,31389.65000000,7319.14000000,0.00000000,False
2025-01-18 17:15:00,14983.65000000,30662.10000000,7318.08000000,0.00000000,False
2025-01-18 17:20:00,14653.68000000,29696.18000000,7318.94000000,0.00000000,False
2025-01-18 17:25:00,14586.04000000,29581.50000000,7319.95000000,0.00000000,False
2025-01-18 17:30:00,14649.57000000,29586.07000000,7318.95000000,0.00000000,False
2025-01-18 17:35:00,14574.39000000,29184.31000000,7320.19000000,0.00000000,False
2025-01-18 17:40:00,14489.75000000,29425.04000000,7320.13000000,0.00000000,False
2025-01-18 17:45:00,14174.87000000,28287.90000000,7322.21000000,0.00000000,False
2025-01-18 17:50:00,13858.17000000,27961.51000000,7322.11000000,0.00000000,False
2025-01-18 17:55:00,14351.93000000,28986.95000000,7322.05000000,0.00000000,False
2025-01-18 18:00:00,14350.25000000,29030.66000000,7341.45000000,0.00000000,False
2025-01-18 18:05:00,14713.95000000,29430.98000000,7693.25000000,0.00000000,False
2025-01-18 18:10:00,14715.85000000,29708.31000000,7693.28000000,0.00000000,False
2025-01-18 18:15:00,14821.75000000,30338.90000000,7692.01000000,0.00000000,False
2025-01-18 18:20:00,14724.33000000,30276.66000000,7693.23000000,0.00000000,False
2025-01-18 18:25:00,15014.67000000,30947.67000000,7692.95000000,0.00000000,False
2025-01-18 18:30:00,15345.67000000,31601.67000000,7694.16000000,0.00000000,False
2025-01-18 18:35:00,15505.93000000,32062.57000000,7694.17000000,0.00000000,False
2025-01-18 18:40:00,15324.10000000,32098.38000000,7694.35000000,0.00000000,False
2025-01-18 18:45:00,15617.05000000,32622.59000000,7694.18000000,0.00000000,False
2025-01-18 18:50:00,15561.11000000,32818.61000000,7694.04000000,0.00000000,False
2025-01-18 18:55:00,15689.02000000,33112.95000000,7694.26000000,0.00000000,False
2025-01-18 19:00:00,15740.95000000,33378.04000000,7700.68000000,0.00000000,False
2025-01-18 19:05:00,15654.17000000,33042.54000000,7702.76000000,0.00000000,False
2025-01-18 19:10:00,15766.99000000,33328.01000000,7702.54000000,0.00000000,False
2025-01-18 19:15:00,15892.49000000,32902.18000000,7703.61000000,0.00000000,False
2025-01-18 19:20:00,15778.22000000,33511.14000000,7703.55000000,0.00000000,False
2025-01-18 19:25:00,15892.37000000,33755.15000000,7703.47000000,0.00000000,False
2025-01-18 19:30:00,16004.46000000,33841.18000000,7703.67000000,0.00000000,False
2025-01-18 19:35:00,15957.58000000,34018.64000000,7704.66000000,0.00000000,False
2025-01-18 19:40:00,16018.88000000,34051.26000000,7704.80000000,0.00000000,False
2025-01-18 19:45:00,16009.82000000,33919.35000000,7704.74000000,0.00000000,False
2025-01-18 19:50:00,16080.95000000,34205.13000000,7710.46000000,0.00000000,False
2025-01-18 19:55:00,16022.01000000,34033.18000000,7710.56000000,0.00000000,False
2025-01-18 20:00:00,16018.43000000,34013.47000000,7601.51000000,0.00000000,False
2025-01-18 20:05:00,15761.51000000,33962.54000000,7732.36000000,0.00000000,False
2025-01-18 20:10:00,15817.92000000,34271.23000000,7732.31000000,0.00000000,False
2025-01-18 20:15:00,16016.03000000,34229.54000000,7732.25000000,0.00000000,False
2025-01-18 20:20:00,15820.70000000,33908.04000000,7734.21000000,0.00000000,False
2025-01-18 20:25:00,15921.54000000,34199.15000000,7733.03000000,0.00000000,False
2025-01-18 20:30:00,15853.19000000,34031.83000000,7734.23000000,0.00000000,False
2025-01-18 20:35:00,15869.02000000,33919.69000000,7733.33000000,0.00000000,False
2025-01-18 20:40:00,16010.49000000,34116.08000000,7734.45000000,0.00000000,False
2025-01-18 20:45:00,16007.95000000,34097.03000000,7735.44000000,0.00000000,False
2025-01-18 20:50:00,15941.06000000,33979.59000000,7736.22000000,0.00000000,False
2025-01-18 20:55:00,15802.74000000,33790.89000000,7736.37000000,0.00000000,False
2025-01-18 21:00:00,15855.95000000,33837.46000000,7746.55000000,0.00000000,False
2025-01-18 21:05:00,15826.59000000,34026.93000000,7745.42000000,0.00000000,False
2025-01-18 21:10:00,15877.54000000,34185.41000000,7745.44000000,0.00000000,False
2025-01-18 21:15:00,15974.62000000,34160.44000000,7745.29000000,0.00000000,False
2025-01-18 21:20:00,15977.58000000,33984.13000000,7746.30000000,0.00000000,False
2025-01-18 21:25:00,15894.13000000,34257.16000000,7741.41000000,0.00000000,False
2025-01-18 21:30:00,15932.25000000,34164.79000000,7740.36000000,0.00000000,False
2025-01-18 21:35:00,16057.99000000,33722.87000000,7741.62000000,0.00000000,False
2025-01-18 21:40:00,15891.76000000,34570.31000000,7742.59000000,0.00000000,False
2025-01-18 21:45:00,15953.39000000,34485.18000000,7742.52000000,0.00000000,False
2025-01-18 21:50:00,15865.84000000,34374.09000000,7742.50000000,0.00000000,False
2025-01-18 21:55:00,15872.09000000,34726.09000000,7742.48000000,0.00000000,False
2025-01-18 22:00:00,15872.27000000,34866.96000000,7501.52000000,0.00000000,False
2025-01-18 22:05:00,16067.66000000,34908.96000000,7663.62000000,0.00000000,False
2025-01-18 22:10:00,15963.43000000,34785.95000000,7663.57000000,0.00000000,False
2025-01-18 22:15:00,16037.32000000,34804.91000000,7663.45000000,0.00000000,False
2025-01-18 22:20:00,15916.59000000,34371.10000000,7663.43000000,0.00000000,False
2025-01-18 22:25:00,16081.72000000,34904.82000000,7663.42000000,0.00000000,False
2025-01-18 22:30:00,16027.57000000,34514.34000000,7663.37000000,0.00000000,False
2025-01-18 22:35:00,16107.85000000,34775.84000000,7663.50000000,0.00000000,False
2025-01-18 22:40:00,16096.75000000,34812.65000000,7663.56000000,0.00000000,False
2025-01-18 22:45:00,16003.70000000,34740.13000000,7663.56000000,0.00000000,False
2025-01-18 22:50:00,16022.91000000,34762.29000000,7663.34000000,0.00000000,False
2025-01-18 22:55:00,16079.36000000,34833.64000000,7663.41000000,0.00000000,False
2025-01-18 23:00:00,15977.95000000,34887.57000000,7725.12000000,0.00000000,False
2025-01-18 23:05:00,16004.10000000,35219.68000000,7726.32000000,0.00000000,False
2025-01-18 23:10:00,15946.79000000,35241.21000000,7726.17000000,0.00000000,False
2025-01-18 23:15:00,15857.93000000,35136.31000000,7726.13000000,0.00000000,False
2025-01-18 23:20:00,15879.03000000,35115.39000000,7726.27000000,0.00000000,False
2025-01-18 23:25:00,15932.87000000,35127.53000000,7726.16000000,0.00000000,False
2025-01-18 23:30:00,15981.28000000,35354.57000000,7726.14000000,0.00000000,False
2025-01-18 23:35:00,16044.58000000,35502.00000000,7727.24000000,0.00000000,False
2025-01-18 23:40:00,16094.21000000,35842.54000000,7727.34000000,0.00000000,False
2025-01-18 23:45:00,16023.41000000,36008.38000000,7727.33000000,0.00000000,False
2025-01-18 23:50:00,16134.83000000,36053.56000000,7727.09000000,0.00000000,False
2025-01-18 23:55:00,16329.50000000,36640.79000000,7727.17000000,0.00000000,False
2025-01-19 00:00:00,16011.18000000,35419.37000000,7587.66000000,0.00000000,False
2025-01-19 00:05:00,16053.12000000,36024.48000000,7299.16000000,0.00000000,False
2025-01-19 00:10:00,16252.61000000,36451.35000000,7299.08000000,0.00000000,False
2025-01-19 00:15:00,16161.17000000,36473.39000000,7299.05000000,0.00000000,False
2025-01-19 00:20:00,16034.42000000,35861.00000000,7298.99000000,0.00000000,False
2025-01-19 00:25:00,16056.40000000,35947.65000000,7298.85000000,0.00000000,False
2025-01-19 00:30:00,15840.67000000,36030.89000000,7298.95000000,0.00000000,False
2025-01-19 00:35:00,16076.10000000,36026.04000000,7300.09000000,0.00000000,False
2025-01-19 00:40:00,16100.21000000,35773.30000000,7299.07000000,0.00000000,False
2025-01-19 00:45:00,16129.99000000,35733.55000000,7299.04000000,0.00000000,False
2025-01-19 00:50:00,16108.94000000,35578.24000000,7299.81000000,0.00000000,False
2025-01-19 00:55:00,16123.96000000,35681.93000000,7301.06000000,0.00000000,False
2025-01-19 01:00:00,16212.81000000,35949.05000000,7306.07000000,0.00000000,False
2025-01-19 01:05:00,16226.54000000,35502.13000000,7306.05000000,0.00000000,False
2025-01-19 01:10:00,16185.41000000,35537.76000000,7306.08000000,0.00000000,False
2025-01-19 01:15:00,16095.87000000,35187.66000000,7306.02000000,0.00000000,False
2025-01-19 01:20:00,16140.32000000,35067.88000000,7306.08000000,0.00000000,False
2025-01-19 01:25:00,16151.92000000,35068.82000000,7306.00000000,0.00000000,False
2025-01-19 01:30:00,16108.81000000,34977.09000000,7306.07000000,0.00000000,False
2025-01-19 01:35:00,16125.14000000,34870.05000000,7306.11000000,0.00000000,False
2025-01-19 01:40:00,16013.58000000,34568.42000000,7306.09000000,0.00000000,False
2025-01-19 01:45:00,16034.60000000,34403.59000000,7306.10000000,0.00000000,False
2025-01-19 01:50:00,15938.98000000,34200.07000000,7305.99000000,0.00000000,False
2025-01-19 01:55:00,15890.95000000,34241.26000000,7305.97000000,0.00000000,False
2025-01-19 02:00:00,15906.82000000,34421.39000000,7307.36000000,0.00000000,False
2025-01-19 02:05:00,15849.58000000,34326.90000000,7307.36000000,0.00000000,False
2025-01-19 02:10:00,15925.02000000,34276.63000000,7307.27000000,0.00000000,False
2025-01-19 02:15:00,15891.50000000,34132.13000000,7307.33000000,0.00000000,False
2025-01-19 02:20:00,15819.07000000,34157.17000000,7307.38000000,0.00000000,False
2025-01-19 02:25:00,15864.89000000,34060.50000000,7307.29000000,0.00000000,False
2025-01-19 02:30:00,15877.97000000,34064.86000000,7307.39000000,0.00000000,False
2025-01-19 02:35:00,15884.10000000,33722.95000000,7307.46000000,0.00000000,False
2025-01-19 02:40:00,15648.00000000,33941.80000000,7307.48000000,0.00000000,False
2025-01-19 02:45:00,15673.49000000,33735.77000000,7307.46000000,0.00000000,False
2025-01-19 02:50:00,15477.10000000,33606.80000000,7307.33000000,0.00000000,False
2025-01-19 02:55:00,15356.59000000,33375.24000000,7308.36000000,0.00000000,False
2025-01-19 03:00:00,15281.29000000,33192.49000000,7313.28000000,0.00000000,False
2025-01-19 03:05:00,15354.67000000,32891.83000000,7313.71000000,0.00000000,False
2025-01-19 03:10:00,15347.03000000,32667.11000000,7313.70000000,0.00000000,False
2025-01-19 03:15:00,15349.07000000,32630.89000000,7313.67000000,0.00000000,False
2025-01-19 03:20:00,15391.72000000,32757.31000000,7313.75000000,0.00000000,False
2025-01-19 03:25:00,15343.01000000,32537.37000000,7313.62000000,0.00000000,False
2025-01-19 03:30:00,15466.02000000,32237.31000000,7313.70000000,0.00000000,False
2025-01-19 03:35:00,15367.14000000,31816.31000000,7313.82000000,0.00000000,False
2025-01-19 03:40:00,15025.97000000,31482.96000000,7278.82000000,0.00000000,False
2025-01-19 03:45:00,15212.51000000,31120.24000000,7313.81000000,0.00000000,False
2025-01-19 03:50:00,15081.51000000,31191.06000000,7313.70000000,0.00000000,False
2025-01-19 03:55:00,14981.52000000,30812.47000000,7313.71000000,0.00000000,False
2025-01-19 04:00:00,14948.03000000,30166.76000000,7282.13000000,0.00000000,False
2025-01-19 04:05:00,14954.01000000,30099.47000000,7373.61000000,0.00000000,False
2025-01-19 04:10:00,14753.29000000,29765.13000000,7373.53000000,0.00000000,False
2025-01-19 04:15:00,14640.05000000,29534.62000000,7373.44000000,0.00000000,False
2025-01-19 04:20:00,14773.77000000,29947.96000000,7373.52000000,0.00000000,False
2025-01-19 04:25:00,14842.29000000,29293.54000000,7373.42000000,0.00000000,False
2025-01-19 04:30:00,14733.19000000,29055.28000000,7373.39000000,0.00000000,False
2025-01-19 04:35:00,14645.17000000,28656.45000000,7373.56000000,0.00000000,False
2025-01-19 04:40:00,14647.04000000,28422.52000000,7373.56000000,0.00000000,False
2025-01-19 04:45:00,14457.64000000,28103.59000000,7373.49000000,0.00000000,False
2025-01-19 04:50:00,14280.91000000,27725.05000000,7373.33000000,0.00000000,False
2025-01-19 04:55:00,14381.01000000,27533.95000000,7373.44000000,0.00000000,False
2025-01-19 05:00:00,14336.95000000,27727.75000000,7375.54000000,0.00000000,False
2025-01-19 05:05:00,14280.30000000,27027.12000000,7379.84000000,0.00000000,False
2025-01-19 05:10:00,14214.51000000,26624.54000000,7379.93000000,0.00000000,False
2025-01-19 05:15:00,14169.96000000,26671.43000000,7379.98000000,0.00000000,False
2025-01-19 05:20:00,14094.97000000,26872.23000000,7380.10000000,0.00000000,False
2025-01-19 05:25:00,14069.38000000,26754.02000000,7379.88000000,0.00000000,False
2025-01-19 05:30:00,14160.43000000,26796.02000000,7379.90000000,0.00000000,False
2025-01-19 05:35:00,13969.63000000,26185.70000000,7380.12000000,0.00000000,False
2025-01-19 05:40:00,13730.97000000,26357.69000000,7380.09000000,0.00000000,False
2025-01-19 05:45:00,13752.48000000,26254.19000000,7379.97000000,0.00000000,False
2025-01-19 05:50:00,13519.14000000,25831.91000000,7377.86000000,0.00000000,False
2025-01-19 05:55:00,13354.28000000,25604.56000000,7330.83000000,0.00000000,False
2025-01-19 06:00:00,13400.47000000,25456.80000000,7197.96000000,0.00000000,False
2025-01-19 06:05:00,13410.85000000,25393.12000000,7098.33000000,0.00000000,False
2025-01-19 06:10:00,13381.23000000,25039.02000000,6988.23000000,0.00000000,False
2025-01-19 06:15:00,13186.82000000,25149.41000000,6988.08000000,0.00000000,False
2025-01-19 06:20:00,13093.68000000,24754.88000000,6988.30000000,0.00000000,False
2025-01-19 06:25:00,12834.03000000,24226.21000000,7006.78000000,0.00000000,False
2025-01-19 06:30:00,12618.43000000,23560.38000000,7006.97000000,0.00000000,False
2025-01-19 06:35:00,12684.23000000,23191.18000000,7007.09000000,0.00000000,False
2025-01-19 06:40:00,12445.12000000,22579.66000000,7007.08000000,0.00000000,False
2025-01-19 06:45:00,12203.91000000,21710.93000000,7007.11000000,0.00000000,False
2025-01-19 06:50:00,11996.48000000,21662.53000000,7006.93000000,0.00000000,False
2025-01-19 06:55:00,11685.89000000,21383.22000000,7006.92000000,0.00000000,False
2025-01-19 07:00:00,11549.89000000,20792.43000000,7005.55000000,0.00000000,False
2025-01-19 07:05:00,11566.53000000,21315.67000000,7008.88000000,0.00000000,False
2025-01-19 07:10:00,11374.98000000,20763.00000000,7008.91000000,0.00000000,False
2025-01-19 07:15:00,11188.78000000,20350.65000000,7009.02000000,0.00000000,False
2025-01-19 07:20:00,10468.58000000,19655.49000000,7009.08000000,0.00000000,False
2025-01-19 07:25:00,10282.35000000,19609.90000000,7008.95000000,0.00000000,False
2025-01-19 07:30:00,10071.00000000,19255.41000000,7009.08000000,0.00000000,False
2025-01-19 07:35:00,9985.08000000,18845.27000000,6959.14000000,0.00000000,False
2025-01-19 07:40:00,9857.50000000,18581.34000000,6959.01000000,0.00000000,False
2025-01-19 07:45:00,9890.79000000,18739.33000000,6959.06000000,0.00000000,False
2025-01-19 07:50:00,10080.85000000,19436.49000000,6909.12000000,0.00000000,False
2025-01-19 07:55:00,10240.83000000,19776.72000000,6909.35000000,0.00000000,False
2025-01-19 08:00:00,10591.24000000,20573.06000000,6909.18000000,0.00000000,False
2025-01-19 08:05:00,11354.49000000,21443.40000000,6873.13000000,0.00000000,False
2025-01-19 08:10:00,11370.05000000,21889.43000000,6873.08000000,0.00000000,False
2025-01-19 08:15:00,11582.18000000,22699.64000000,6873.15000000,0.00000000,False
2025-01-19 08:20:00,12110.31000000,23305.00000000,6873.27000000,0.00000000,False
2025-01-19 08:25:00,12365.46000000,23997.45000000,6873.11000000,0.00000000,False
2025-01-19 08:30:00,13171.82000000,25318.36000000,6873.28000000,0.00000000,False
2025-01-19 08:35:00,13301.36000000,26500.17000000,6914.87000000,0.00000000,False
2025-01-19 08:40:00,13771.04000000,27090.36000000,6914.86000000,0.00000000,False
2025-01-19 08:45:00,13811.36000000,28154.76000000,6914.90000000,0.00000000,False
2025-01-19 08:50:00,14493.26000000,29368.53000000,6914.89000000,0.00000000,False
2025-01-19 08:55:00,14806.67000000,30735.21000000,6914.86000000,0.00000000,False
2025-01-19 09:00:00,15055.38000000,30894.96000000,6908.66000000,0.00000000,False
2025-01-19 09:05:00,15259.03000000,31466.35000000,7020.27000000,0.00000000,False
2025-01-19 09:10:00,15576.75000000,32834.02000000,7020.30000000,0.00000000,False
2025-01-19 09:15:00,15842.17000000,33734.38000000,7020.27000000,0.00000000,False
2025-01-19 09:20:00,15905.42000000,34566.61000000,7019.57000000,0.00000000,False
2025-01-19 09:25:00,16038.71000000,35254.15000000,7019.38000000,0.00000000,False
2025-01-19 09:30:00,16103.09000000,35773.73000000,7019.29000000,0.00000000,False
2025-01-19 09:35:00,16426.55000000,36318.08000000,7019.19000000,0.00000000,False
2025-01-19 09:40:00,16344.16000000,36466.19000000,7019.35000000,0.00000000,False
2025-01-19 09:45:00,16292.91000000,36359.74000000,7019.38000000,0.00000000,False
2025-01-19 09:50:00,16352.10000000,36341.07000000,7019.36000000,0.00000000,False
2025-01-19 09:55:00,16590.75000000,37052.02000000,7019.41000000,0.00000000,False
2025-01-19 10:00:00,16664.57000000,36757.98000000,6717.73000000,0.00000000,False
2025-01-19 10:05:00,16707.19000000,36497.83000000,7131.61000000,0.00000000,False
2025-01-19 10:10:00,16477.25000000,36265.73000000,7181.45000000,0.00000000,False
2025-01-19 10:15:00,16526.18000000,36268.58000000,7181.50000000,0.00000000,False
2025-01-19 10:20:00,16407.00000000,36227.66000000,7181.76000000,0.00000000,False
2025-01-19 10:25:00,16114.96000000,35628.96000000,7181.78000000,0.00000000,False
2025-01-19 10:30:00,16148.29000000,35606.70000000,7181.95000000,0.00000000,False
2025-01-19 10:35:00,16082.99000000,35702.18000000,7181.87000000,0.00000000,False
2025-01-19 10:40:00,16084.45000000,35683.13000000,7181.99000000,0.00000000,False
2025-01-19 10:45:00,16285.23000000,35682.26000000,7181.94000000,0.00000000,False
2025-01-19 10:50:00,16139.18000000,35894.92000000,7181.74000000,0.00000000,False
2025-01-19 10:55:00,16101.74000000,35437.14000000,7181.69000000,0.00000000,False
2025-01-19 11:00:00,16110.74000000,35384.88000000,7168.77000000,0.00000000,False
2025-01-19 11:05:00,16081.41000000,35420.80000000,7168.73000000,0.00000000,False
2025-01-19 11:10:00,16052.58000000,35334.01000000,7168.65000000,0.00000000,False
2025-01-19 11:15:00,16037.11000000,35599.76000000,7167.44000000,0.00000000,False
2025-01-19 11:20:00,16214.83000000,35523.55000000,7168.58000000,0.00000000,False
2025-01-19 11:25:00,16082.81000000,35678.96000000,7168.52000000,0.00000000,False
2025-01-19 11:30:00,16092.62000000,35168.81000000,7168.66000000,0.00000000,False
2025-01-19 11:35:00,15991.13000000,34792.79000000,7168.69000000,0.00000000,False
2025-01-19 11:40:00,16015.98000000,34726.67000000,7167.69000000,0.00000000,False
2025-01-19 11:45:00,15978.00000000,34548.34000000,7167.67000000,0.00000000,False
2025-01-19 11:50:00,15874.85000000,34016.04000000,7167.60000000,0.00000000,False
2025-01-19 11:55:00,15813.21000000,34207.91000000,7167.63000000,0.00000000,False
2025-01-19 12:00:00,15800.58000000,34190.52000000,7168.34000000,0.00000000,False
2025-01-19 12:05:00,15838.30000000,34766.33000000,7168.23000000,0.00000000,False
2025-01-19 12:10:00,15849.16000000,34758.50000000,7168.05000000,0.00000000,False
2025-01-19 12:15:00,15778.60000000,34420.99000000,7168.03000000,0.00000000,False
2025-01-19 12:20:00,15825.11000000,34716.07000000,7168.25000000,0.00000000,False
2025-01-19 12:25:00,15871.51000000,34807.38000000,7168.22000000,0.00000000,False
2025-01-19 12:30:00,15853.50000000,34655.97000000,7168.33000000,0.00000000,False
2025-01-19 12:35:00,15898.89000000,34837.80000000,7168.41000000,0.00000000,False
2025-01-19 12:40:00,16101.45000000,34851.06000000,7168.22000000,0.00000000,False
2025-01-19 12:45:00,16160.54000000,34828.70000000,7168.28000000,0.00000000,False
2025-01-19 12:50:00,16099.43000000,34812.10000000,7168.26000000,0.00000000,False
2025-01-19 12:55:00,16084.39000000,34781.23000000,7168.33000000,0.00000000,False
2025-01-19 13:00:00,16287.54000000,34985.05000000,7162.30000000,0.00000000,False
2025-01-19 13:05:00,16084.38000000,34932.21000000,7165.42000000,0.00000000,False
2025-01-19 13:10:00,16164.39000000,34867.12000000,7165.32000000,0.00000000,False
2025-01-19 13:15:00,16240.08000000,35192.68000000,7165.33000000,0.00000000,False
2025-01-19 13:20:00,16226.48000000,35231.98000000,7165.40000000,0.00000000,False
2025-01-19 13:25:00,16226.91000000,35271.46000000,7165.59000000,0.00000000,False
2025-01-19 13:30:00,16206.23000000,35307.88000000,7165.79000000,0.00000000,False
2025-01-19 13:35:00,16295.83000000,35304.95000000,7165.88000000,0.00000000,False
2025-01-19 13:40:00,16304.97000000,35303.89000000,7165.81000000,0.00000000,False
2025-01-19 13:45:00,16603.02000000,35917.77000000,7165.64000000,0.00000000,False
2025-01-19 13:50:00,16495.11000000,36202.09000000,7165.54000000,0.00000000,False
2025-01-19 13:55:00,16322.02000000,36044.14000000,7165.59000000,0.00000000,False
2025-01-19 14:00:00,16511.26000000,36051.87000000,7156.84000000,0.00000000,False
2025-01-19 14:05:00,16511.25000000,36381.57000000,7155.25000000,0.00000000,False
2025-01-19 14:10:00,16541.99000000,36518.79000000,7154.99000000,0.00000000,False
2025-01-19 14:15:00,16573.82000000,36521.32000000,7154.95000000,0.00000000,False
2025-01-19 14:20:00,16724.58000000,36689.06000000,7155.19000000,0.00000000,False
2025-01-19 14:25:00,16627.84000000,36482.20000000,7155.13000000,0.00000000,False
2025-01-19 14:30:00,16813.75000000,36543.49000000,7155.44000000,0.00000000,False
2025-01-19 14:35:00,16864.55000000,36752.61000000,7155.46000000,0.00000000,False
2025-01-19 14:40:00,16879.84000000,36844.47000000,7155.39000000,0.00000000,False
2025-01-19 14:45:00,16969.47000000,37211.75000000,7155.42000000,0.00000000,False
2025-01-19 14:50:00,16944.30000000,37179.09000000,7155.31000000,0.00000000,False
2025-01-19 14:55:00,17276.89000000,37673.08000000,7155.23000000,0.00000000,False
2025-01-19 15:00:00,17141.12000000,38047.75000000,7152.26000000,0.00000000,False
2025-01-19 15:05:00,16997.05000000,37552.13000000,7155.38000000,0.00000000,False
2025-01-19 15:10:00,17155.25000000,37595.42000000,7155.22000000,0.00000000,False
2025-01-19 15:15:00,17316.17000000,37822.92000000,7155.12000000,0.00000000,False
2025-01-19 15:20:00,17197.83000000,37793.44000000,7155.27000000,0.00000000,False
2025-01-19 15:25:00,17348.20000000,37802.44000000,7155.25000000,0.00000000,False
2025-01-19 15:30:00,17232.08000000,37648.54000000,7155.52000000,0.00000000,False
2025-01-19 15:35:00,17163.22000000,37313.88000000,7155.51000000,0.00000000,False
2025-01-19 15:40:00,17110.47000000,37252.36000000,7155.52000000,0.00000000,False
2025-01-19 15:45:00,17352.80000000,37736.36000000,7155.58000000,0.00000000,False
2025-01-19 15:50:00,17122.27000000,37146.79000000,7155.47000000,0.00000000,False
2025-01-19 15:55:00,17123.14000000,36865.19000000,7155.46000000,0.00000000,False
2025-01-19 16:00:00,17179.38000000,36362.63000000,7158.71000000,0.00000000,False
2025-01-19 16:05:00,17267.79000000,36439.70000000,7065.43000000,0.00000000,False
2025-01-19 16:10:00,17144.50000000,35700.94000000,7065.23000000,0.00000000,False
2025-01-19 16:15:00,17342.12000000,35501.28000000,7065.21000000,0.00000000,False
2025-01-19 16:20:00,16930.16000000,34563.39000000,7065.32000000,0.00000000,False
2025-01-19 16:25:00,16770.81000000,33331.79000000,7065.35000000,0.00000000,False
2025-01-19 16:30:00,16803.92000000,33105.22000000,7065.58000000,0.00000000,False
2025-01-19 16:35:00,16502.01000000,31872.83000000,7065.50000000,0.00000000,False
2025-01-19 16:40:00,15983.05000000,30459.24000000,7065.40000000,0.00000000,False
2025-01-19 16:45:00,15567.96000000,29030.61000000,7065.45000000,0.00000000,False
2025-01-19 16:50:00,15115.64000000,27640.87000000,7066.33000000,0.00000000,False
2025-01-19 16:55:00,14495.53000000,26190.02000000,7066.35000000,0.00000000,False
2025-01-19 17:00:00,14388.15000000,25099.21000000,6742.28000000,0.00000000,False
2025-01-19 17:05:00,13837.21000000,24037.88000000,7280.75000000,0.00000000,False
2025-01-19 17:10:00,13367.74000000,22876.40000000,7280.54000000,0.00000000,False
2025-01-19 17:15:00,12821.73000000,21462.01000000,7280.46000000,0.00000000,False
2025-01-19 17:20:00,12251.67000000,19974.97000000,7280.61000000,0.00000000,False
2025-01-19 17:25:00,11632.34000000,18597.39000000,7280.63000000,0.00000000,False
2025-01-19 17:30:00,10852.90000000,17070.90000000,7280.82000000,0.00000000,False
2025-01-19 17:35:00,10460.76000000,16263.48000000,7280.78000000,0.00000000,False
2025-01-19 17:40:00,9979.43000000,15697.37000000,7280.87000000,0.00000000,False
2025-01-19 17:45:00,9406.79000000,14873.88000000,7076.84000000,0.00000000,False
2025-01-19 17:50:00,9215.87000000,14325.06000000,7076.75000000,0.00000000,False
2025-01-19 17:55:00,8806.06000000,13868.51000000,7076.79000000,0.00000000,False
2025-01-19 18:00:00,8646.67000000,13512.54000000,6922.93000000,0.00000000,False
2025-01-19 18:05:00,8360.40000000,13440.22000000,6919.76000000,0.00000000,False
2025-01-19 18:10:00,7969.27000000,13107.57000000,6919.54000000,0.00000000,False
2025-01-19 18:15:00,7793.77000000,12910.57000000,6919.50000000,0.00000000,False
2025-01-19 18:20:00,7854.49000000,12549.80000000,6809.64000000,0.00000000,False
2025-01-19 18:25:00,7604.57000000,12502.18000000,6810.53000000,0.00000000,False
2025-01-19 18:30:00,7814.74000000,12639.52000000,6810.70000000,0.00000000,False
2025-01-19 18:35:00,7763.92000000,12625.67000000,6810.73000000,0.00000000,False
2025-01-19 18:40:00,7844.42000000,12616.35000000,6760.69000000,0.00000000,False
2025-01-19 18:45:00,8028.33000000,12732.53000000,6760.69000000,0.00000000,False
2025-01-19 18:50:00,8089.89000000,12876.94000000,6760.79000000,0.00000000,False
2025-01-19 18:55:00,8103.19000000,13027.60000000,6719.14000000,0.00000000,False
2025-01-19 19:00:00,8272.74000000,13343.85000000,6696.16000000,0.00000000,False
2025-01-19 19:05:00,8279.60000000,13318.25000000,6699.36000000,0.00000000,False
2025-01-19 19:10:00,8371.27000000,13358.95000000,6699.26000000,0.00000000,False
2025-01-19 19:15:00,8534.45000000,13496.78000000,6699.28000000,0.00000000,False
2025-01-19 19:20:00,8562.89000000,13433.40000000,6699.46000000,0.00000000,False
2025-01-19 19:25:00,8693.04000000,13831.46000000,6699.40000000,0.00000000,False
2025-01-19 19:30:00,8680.58000000,13764.02000000,6699.43000000,0.00000000,False
2025-01-19 19:35:00,8617.95000000,13804.15000000,6698.92000000,0.00000000,False
2025-01-19 19:40:00,8674.41000000,13967.76000000,6699.09000000,0.00000000,False
2025-01-19 19:45:00,8650.40000000,14020.17000000,6699.14000000,0.00000000,False
2025-01-19 19:50:00,8697.03000000,14057.89000000,6699.15000000,0.00000000,False
2025-01-19 19:55:00,8603.23000000,13805.62000000,6699.30000000,0.00000000,False
2025-01-19 20:00:00,8477.75000000,13644.36000000,6774.94000000,0.00000000,False
2025-01-19 20:05:00,8402.09000000,13736.78000000,6778.88000000,0.00000000,False
2025-01-19 20:10:00,8511.66000000,14117.43000000,6593.60000000,0.00000000,False
2025-01-19 20:15:00,8703.50000000,14305.25000000,6592.95000000,0.00000000,False
2025-01-19 20:20:00,8798.39000000,14599.71000000,6593.48000000,0.00000000,False
2025-01-19 20:25:00,8750.09000000,14822.71000000,6594.61000000,0.00000000,False
2025-01-19 20:30:00,8840.98000000,15038.18000000,6594.28000000,0.00000000,False
2025-01-19 20:35:00,9062.04000000,15196.18000000,6594.33000000,0.00000000,False
2025-01-19 20:40:00,9104.80000000,15088.15000000,6693.91000000,0.00000000,False
2025-01-19 20:45:00,9001.98000000,14980.35000000,6795.29000000,0.00000000,False
2025-01-19 20:50:00,8892.97000000,15023.98000000,6796.02000000,0.00000000,False
2025-01-19 20:55:00,8878.16000000,15204.61000000,6795.97000000,0.00000000,False
2025-01-19 21:00:00,8882.09000000,14982.42000000,6712.90000000,0.00000000,False
2025-01-19 21:05:00,8424.22000000,14688.76000000,6662.10000000,0.00000000,False
2025-01-19 21:10:00,8315.73000000,14613.75000000,6606.08000000,0.00000000,False
2025-01-19 21:15:00,8391.29000000,14679.61000000,6606.09000000,0.00000000,False
2025-01-19 21:20:00,8378.39000000,14568.66000000,6756.44000000,0.00000000,False
2025-01-19 21:25:00,8319.97000000,14759.77000000,6756.36000000,0.00000000,False
2025-01-19 21:30:00,8343.69000000,14666.96000000,6700.57000000,0.00000000,False
2025-01-19 21:35:00,8554.11000000,14923.98000000,6700.50000000,0.00000000,False
2025-01-19 21:40:00,8760.46000000,15116.94000000,6706.45000000,0.00000000,False
2025-01-19 21:45:00,8852.45000000,15219.00000000,6731.39000000,0.00000000,False
2025-01-19 21:50:00,8934.77000000,15318.58000000,6731.38000000,0.00000000,False
2025-01-19 21:55:00,8694.44000000,15102.80000000,6731.36000000,0.00000000,False
2025-01-19 22:00:00,8798.83000000,15240.82000000,6579.97000000,0.00000000,False
2025-01-19 22:05:00,8845.76000000,15494.57000000,6707.04000000,0.00000000,False
2025-01-19 22:10:00,8905.71000000,15431.73000000,6700.96000000,0.00000000,False
2025-01-19 22:15:00,8863.46000000,15304.32000000,6700.94000000,0.00000000,False
2025-01-19 22:20:00,8874.83000000,15420.11000000,6701.14000000,0.00000000,False
2025-01-19 22:25:00,8994.45000000,15585.27000000,6701.06000000,0.00000000,False
2025-01-19 22:30:00,9251.20000000,16154.84000000,6701.09000000,0.00000000,False
2025-01-19 22:35:00,9330.26000000,16445.78000000,6701.17000000,0.00000000,False
2025-01-19 22:40:00,9445.74000000,16584.79000000,6701.08000000,0.00000000,False
2025-01-19 22:45:00,9330.27000000,16541.47000000,6752.11000000,0.00000000,False
2025-01-19 22:50:00,9394.18000000,16761.18000000,6806.82000000,0.00000000,False
2025-01-19 22:55:00,9439.82000000,16941.70000000,6858.10000000,0.00000000,False
2025-01-19 23:00:00,9493.61000000,17154.52000000,6907.13000000,0.00000000,False
2025-01-19 23:05:00,9444.13000000,17544.65000000,7140.36000000,0.00000000,False
2025-01-19 23:10:00,9487.29000000,17537.49000000,7140.18000000,0.00000000,False
2025-01-19 23:15:00,9572.23000000,17832.12000000,7140.34000000,0.00000000,False
2025-01-19 23:20:00,9685.90000000,18162.84000000,7140.43000000,0.00000000,False
2025-01-19 23:25:00,9763.38000000,18354.58000000,7140.20000000,0.00000000,False
2025-01-19 23:30:00,9850.05000000,18462.17000000,7140.31000000,0.00000000,False
2025-01-19 23:35:00,9901.29000000,18952.85000000,7124.19000000,0.00000000,False
2025-01-19 23:40:00,9999.25000000,19003.58000000,7124.37000000,0.00000000,False
2025-01-19 23:45:00,10150.06000000,19112.10000000,7124.26000000,0.00000000,False
2025-01-19 23:50:00,10442.81000000,19338.22000000,7124.29000000,0.00000000,False
2025-01-19 23:55:00,10744.37000000,19326.57000000,7124.12000000,0.00000000,False
2025-01-20 00:00:00,10752.49000000,19349.06000000,6922.21000000,0.00000000,False
2025-01-20 00:05:00,10575.62000000,19340.21000000,7125.14000000,0.00000000,False
2025-01-20 00:10:00,10836.78000000,19900.32000000,7124.93000000,0.00000000,False
2025-01-20 00:15:00,10800.68000000,19998.61000000,7124.86000000,0.00000000,False
2025-01-20 00:20:00,10792.80000000,19913.05000000,7125.03000000,0.00000000,False
2025-01-20 00:25:00,10913.20000000,20005.58000000,7170.05000000,0.00000000,False
2025-01-20 00:30:00,10804.73000000,20092.90000000,7170.19000000,0.00000000,False
2025-01-20 00:35:00,10883.63000000,20208.71000000,7170.19000000,0.00000000,False
2025-01-20 00:40:00,10874.60000000,20146.36000000,7170.13000000,0.00000000,False
2025-01-20 00:45:00,10836.47000000,20312.17000000,7170.28000000,0.00000000,False
2025-01-20 00:50:00,10910.77000000,20325.54000000,7170.14000000,0.00000000,False
2025-01-20 00:55:00,10875.13000000,20219.10000000,7170.13000000,0.00000000,False
2025-01-20 01:00:00,10780.78000000,20083.63000000,7173.51000000,0.00000000,False
2025-01-20 01:05:00,10667.13000000,19912.65000000,7175.42000000,0.00000000,False
2025-01-20 01:10:00,10644.55000000,19902.46000000,7175.35000000,0.00000000,False
2025-01-20 01:15:00,10696.13000000,19847.53000000,7175.28000000,0.00000000,False
2025-01-20 01:20:00,10525.23000000,19578.51000000,7175.22000000,0.00000000,False
2025-01-20 01:25:00,10552.48000000,19403.34000000,7175.17000000,0.00000000,False
2025-01-20 01:30:00,10604.65000000,19602.26000000,7175.14000000,0.00000000,False
2025-01-20 01:35:00,10640.59000000,19635.51000000,7175.12000000,0.00000000,False
2025-01-20 01:40:00,10753.86000000,19889.77000000,7175.00000000,0.00000000,False
2025-01-20 01:45:00,10832.39000000,20125.04000000,7175.17000000,0.00000000,False
2025-01-20 01:50:00,10896.36000000,20258.17000000,7175.16000000,0.00000000,False
2025-01-20 01:55:00,10920.24000000,20416.97000000,7174.95000000,0.00000000,False
2025-01-20 02:00:00,10755.52000000,20246.82000000,7178.00000000,0.00000000,False
2025-01-20 02:05:00,10838.63000000,20360.81000000,7173.15000000,0.00000000,False
2025-01-20 02:10:00,10959.80000000,20740.49000000,7127.83000000,0.00000000,False
2025-01-20 02:15:00,11094.59000000,20903.38000000,7127.76000000,0.00000000,False
2025-01-20 02:20:00,11011.88000000,20680.57000000,7127.91000000,0.00000000,False
2025-01-20 02:25:00,11107.74000000,20669.04000000,7127.94000000,0.00000000,False
2025-01-20 02:30:00,11067.20000000,20945.97000000,7127.79000000,0.00000000,False
2025-01-20 02:35:00,11151.07000000,21029.50000000,7127.65000000,0.00000000,False
2025-01-20 02:40:00,11048.73000000,21015.61000000,7127.75000000,0.00000000,False
2025-01-20 02:45:00,11205.54000000,20793.91000000,7127.86000000,0.00000000,False
2025-01-20 02:50:00,11209.79000000,21128.18000000,7172.83000000,0.00000000,False
2025-01-20 02:55:00,11179.88000000,21205.66000000,7172.92000000,0.00000000,False
2025-01-20 03:00:00,11317.64000000,21337.72000000,7180.50000000,0.00000000,False
2025-01-20 03:05:00,11194.69000000,21096.95000000,7180.43000000,0.00000000,False
2025-01-20 03:10:00,11264.58000000,20892.22000000,7180.31000000,0.00000000,False
2025-01-20 03:15:00,11357.48000000,21144.02000000,7135.19000000,0.00000000,False
2025-01-20 03:20:00,11457.71000000,21246.95000000,7135.37000000,0.00000000,False
2025-01-20 03:25:00,11425.83000000,21321.28000000,7135.21000000,0.00000000,False
2025-01-20 03:30:00,11424.58000000,21215.28000000,7135.16000000,0.00000000,False
2025-01-20 03:35:00,11412.00000000,21370.77000000,7135.21000000,0.00000000,False
2025-01-20 03:40:00,11405.16000000,21338.48000000,7135.17000000,0.00000000,False
2025-01-20 03:45:00,11364.89000000,21152.23000000,7135.41000000,0.00000000,False
2025-01-20 03:50:00,11506.41000000,20994.47000000,7135.24000000,0.00000000,False
2025-01-20 03:55:00,11464.84000000,21000.68000000,7135.22000000,0.00000000,False
2025-01-20 04:00:00,11536.76000000,21135.07000000,7139.69000000,0.00000000,False
2025-01-20 04:05:00,11350.52000000,20713.03000000,7143.09000000,0.00000000,False
2025-01-20 04:10:00,11256.88000000,20530.63000000,7142.92000000,0.00000000,False
2025-01-20 04:15:00,11167.61000000,20323.73000000,7142.77000000,0.00000000,False
2025-01-20 04:20:00,11033.32000000,20240.21000000,7142.85000000,0.00000000,False
2025-01-20 04:25:00,11055.49000000,20020.12000000,7142.91000000,0.00000000,False
2025-01-20 04:30:00,10975.54000000,19834.65000000,7143.00000000,0.00000000,False
2025-01-20 04:35:00,10973.16000000,20132.11000000,7143.00000000,0.00000000,False
2025-01-20 04:40:00,10866.08000000,19865.38000000,7142.82000000,0.00000000,False
2025-01-20 04:45:00,10862.76000000,19976.69000000,7143.98000000,0.00000000,False
2025-01-20 04:50:00,10913.52000000,19809.39000000,7143.90000000,0.00000000,False
2025-01-20 04:55:00,10718.72000000,19666.63000000,7144.89000000,0.00000000,False
2025-01-20 05:00:00,10870.10000000,19775.76000000,7052.38000000,0.00000000,False
2025-01-20 05:05:00,10943.47000000,19471.12000000,6953.57000000,0.00000000,False
2025-01-20 05:10:00,10894.14000000,19223.14000000,6953.27000000,0.00000000,False
2025-01-20 05:15:00,10856.22000000,18868.20000000,6953.37000000,0.00000000,False
2025-01-20 05:20:00,10768.70000000,18494.31000000,6953.38000000,0.00000000,False
2025-01-20 05:25:00,10702.99000000,18214.01000000,6953.14000000,0.00000000,False
2025-01-20 05:30:00,10708.76000000,17928.88000000,6953.36000000,0.00000000,False
2025-01-20 05:35:00,10644.02000000,17841.77000000,6953.30000000,0.00000000,False
2025-01-20 05:40:00,10437.11000000,17472.16000000,6953.38000000,0.00000000,False
2025-01-20 05:45:00,10231.37000000,17288.66000000,6998.50000000,0.00000000,False
2025-01-20 05:50:00,10230.64000000,17296.87000000,6953.44000000,0.00000000,False
2025-01-20 05:55:00,10029.29000000,16873.09000000,6953.46000000,0.00000000,False
2025-01-20 06:00:00,10188.47000000,16718.14000000,7014.45000000,0.00000000,False
2025-01-20 06:05:00,9856.70000000,16293.61000000,6882.82000000,0.00000000,False
2025-01-20 06:10:00,9692.42000000,15950.13000000,6850.97000000,0.00000000,False
2025-01-20 06:15:00,9579.49000000,15940.06000000,6856.38000000,0.00000000,False
2025-01-20 06:20:00,9503.60000000,16146.96000000,6808.99000000,0.00000000,False
2025-01-20 06:25:00,9580.23000000,15928.87000000,6808.87000000,0.00000000,False
2025-01-20 06:30:00,9242.21000000,15308.68000000,6809.04000000,0.00000000,False
2025-01-20 06:35:00,9052.55000000,14919.22000000,6808.96000000,0.00000000,False
2025-01-20 06:40:00,8892.51000000,15104.11000000,6808.86000000,0.00000000,False
2025-01-20 06:45:00,8979.19000000,15026.94000000,6809.04000000,0.00000000,False
2025-01-20 06:50:00,8942.58000000,14908.70000000,6808.87000000,0.00000000,False
2025-01-20 06:55:00,8867.27000000,14777.46000000,6808.33000000,0.00000000,False
2025-01-20 07:00:00,8778.82000000,14673.53000000,6802.50000000,0.00000000,False
2025-01-20 07:05:00,8309.56000000,14434.34000000,6809.75000000,0.00000000,False
2025-01-20 07:10:00,8083.87000000,14411.25000000,6809.48000000,0.00000000,False
2025-01-20 07:15:00,8007.57000000,14171.24000000,6809.63000000,0.00000000,False
2025-01-20 07:20:00,7988.93000000,14177.38000000,6809.20000000,0.00000000,False
2025-01-20 07:25:00,7874.98000000,13809.91000000,6809.78000000,0.00000000,False
2025-01-20 07:30:00,7831.37000000,13608.37000000,6854.86000000,0.00000000,False
2025-01-20 07:35:00,7969.49000000,13989.05000000,6855.67000000,0.00000000,False
2025-01-20 07:40:00,7738.69000000,13774.77000000,6855.64000000,0.00000000,False
2025-01-20 07:45:00,7740.31000000,13787.01000000,6855.86000000,0.00000000,False
2025-01-20 07:50:00,7961.37000000,13994.78000000,6855.74000000,0.00000000,False
2025-01-20 07:55:00,7874.10000000,14117.60000000,6855.63000000,0.00000000,False
2025-01-20 08:00:00,8168.46000000,14018.23000000,6865.00000000,0.00000000,False
2025-01-20 08:05:00,8300.77000000,14709.23000000,6696.82000000,0.00000000,False
2025-01-20 08:10:00,8470.87000000,14839.12000000,6806.31000000,0.00000000,False
2025-01-20 08:15:00,8546.01000000,15430.77000000,6839.48000000,0.00000000,False
2025-01-20 08:20:00,8806.41000000,16088.40000000,6901.94000000,0.00000000,False
2025-01-20 08:25:00,9036.64000000,16301.58000000,6950.84000000,0.00000000,False
2025-01-20 08:30:00,9252.11000000,16716.82000000,7081.58000000,0.00000000,False
2025-01-20 08:35:00,9553.09000000,17596.69000000,7025.90000000,0.00000000,False
2025-01-20 08:40:00,9559.21000000,17981.08000000,7064.09000000,0.00000000,False
2025-01-20 08:45:00,9628.90000000,18157.46000000,7237.78000000,0.00000000,False
2025-01-20 08:50:00,9822.35000000,18959.68000000,7236.40000000,0.00000000,False
2025-01-20 08:55:00,10063.43000000,19545.25000000,7194.35000000,0.00000000,False
2025-01-20 09:00:00,10214.06000000,19791.02000000,7401.56000000,0.00000000,False
2025-01-20 09:05:00,10508.02000000,20233.65000000,7411.58000000,0.00000000,False
2025-01-20 09:10:00,11016.85000000,21142.07000000,7412.80000000,0.00000000,False
2025-01-20 09:15:00,11156.17000000,21564.55000000,7411.27000000,0.00000000,False
2025-01-20 09:20:00,11196.97000000,21968.27000000,7413.98000000,0.00000000,False
2025-01-20 09:25:00,11352.58000000,22113.54000000,7413.41000000,0.00000000,False
2025-01-20 09:30:00,11430.74000000,22507.17000000,7419.45000000,0.00000000,False
2025-01-20 09:35:00,11519.16000000,23219.65000000,7418.59000000,0.00000000,False
2025-01-20 09:40:00,11932.72000000,23627.20000000,7419.20000000,0.00000000,False
2025-01-20 09:45:00,11884.98000000,23138.82000000,7458.19000000,0.00000000,False
2025-01-20 09:50:00,11928.21000000,23489.39000000,7503.84000000,0.00000000,False
2025-01-20 09:55:00,12139.88000000,24022.21000000,7503.19000000,0.00000000,False
2025-01-20 10:00:00,11987.02000000,24318.39000000,6787.45000000,0.00000000,False
2025-01-20 10:05:00,11856.76000000,24469.95000000,7011.42000000,0.00000000,False
2025-01-20 10:10:00,11707.23000000,24009.15000000,7010.93000000,0.00000000,False
2025-01-20 10:15:00,11759.25000000,24235.93000000,6966.11000000,0.00000000,False
2025-01-20 10:20:00,11675.16000000,24450.89000000,6966.30000000,0.00000000,False
2025-01-20 10:25:00,11787.32000000,24471.61000000,6966.50000000,0.00000000,False
2025-01-20 10:30:00,11860.23000000,24160.14000000,6966.63000000,0.00000000,False
2025-01-20 10:35:00,11771.20000000,24131.11000000,6966.60000000,0.00000000,False
2025-01-20 10:40:00,11919.39000000,24435.48000000,6966.66000000,0.00000000,False
2025-01-20 10:45:00,11677.59000000,23701.32000000,7058.87000000,0.00000000,False
2025-01-20 10:50:00,11573.15000000,23740.66000000,7058.88000000,0.00000000,False
2025-01-20 10:55:00,11551.22000000,23925.22000000,7059.11000000,0.00000000,False
2025-01-20 11:00:00,11406.13000000,23634.56000000,7007.72000000,0.00000000,False
2025-01-20 11:05:00,11458.46000000,23777.58000000,7137.12000000,0.00000000,False
2025-01-20 11:10:00,11687.65000000,23642.56000000,7100.25000000,0.00000000,False
2025-01-20 11:15:00,11451.08000000,23338.77000000,7100.42000000,0.00000000,False
2025-01-20 11:20:00,11468.94000000,23423.74000000,7100.31000000,0.00000000,False
2025-01-20 11:25:00,11676.75000000,23167.14000000,7081.49000000,0.00000000,False
2025-01-20 11:30:00,11712.04000000,23199.29000000,7137.62000000,0.00000000,False
2025-01-20 11:35:00,11712.18000000,23487.28000000,7137.57000000,0.00000000,False
2025-01-20 11:40:00,11622.13000000,23260.83000000,7137.34000000,0.00000000,False
2025-01-20 11:45:00,11749.43000000,23079.61000000,7137.68000000,0.00000000,False
2025-01-20 11:50:00,11776.55000000,23331.13000000,7137.54000000,0.00000000,False
2025-01-20 11:55:00,11877.13000000,23687.70000000,7137.69000000,0.00000000,False
2025-01-20 12:00:00,11826.55000000,23268.12000000,7037.07000000,0.00000000,False
2025-01-20 12:05:00,11646.40000000,23146.85000000,7128.83000000,0.00000000,False
2025-01-20 12:10:00,11434.47000000,22870.88000000,7128.73000000,0.00000000,False
2025-01-20 12:15:00,11321.52000000,22269.00000000,7128.51000000,0.00000000,False
2025-01-20 12:20:00,11379.08000000,22207.79000000,7128.43000000,0.00000000,False
2025-01-20 12:25:00,11603.92000000,22358.33000000,7128.42000000,0.00000000,False
2025-01-20 12:30:00,11493.09000000,22097.32000000,7128.44000000,0.00000000,False
2025-01-20 12:35:00,11466.08000000,22308.27000000,7128.32000000,0.00000000,False
2025-01-20 12:40:00,11538.95000000,22273.41000000,7128.56000000,0.00000000,False
2025-01-20 12:45:00,11523.94000000,21952.76000000,7128.60000000,0.00000000,False
2025-01-20 12:50:00,11431.29000000,21777.96000000,7127.48000000,0.00000000,False
2025-01-20 12:55:00,11479.18000000,21774.25000000,7127.53000000,0.00000000,False
2025-01-20 13:00:00,11410.70000000,21566.80000000,7119.56000000,0.00000000,False
2025-01-20 13:05:00,11355.50000000,21612.42000000,7118.11000000,0.00000000,False
2025-01-20 13:10:00,11119.02000000,21203.14000000,7117.77000000,0.00000000,False
2025-01-20 13:15:00,11074.44000000,20862.57000000,7117.81000000,0.00000000,False
2025-01-20 13:20:00,10912.74000000,21006.80000000,7117.99000000,0.00000000,False
2025-01-20 13:25:00,10994.32000000,21015.54000000,7118.09000000,0.00000000,False
2025-01-20 13:30:00,10742.97000000,20425.33000000,7117.88000000,0.00000000,False
2025-01-20 13:35:00,10552.05000000,20398.36000000,7117.95000000,0.00000000,False
2025-01-20 13:40:00,10863.45000000,20728.29000000,7118.05000000,0.00000000,False
2025-01-20 13:45:00,10913.27000000,20662.81000000,7118.10000000,0.00000000,False
2025-01-20 13:50:00,10921.79000000,20829.83000000,7117.98000000,0.00000000,False
2025-01-20 13:55:00,10868.46000000,20773.73000000,7099.25000000,0.00000000,False
2025-01-20 14:00:00,11004.22000000,20563.54000000,6889.16000000,0.00000000,False
2025-01-20 14:05:00,10849.36000000,20628.55000000,7095.22000000,0.00000000,False
2025-01-20 14:10:00,10891.63000000,20453.54000000,6939.43000000,0.00000000,False
2025-01-20 14:15:00,10929.43000000,20720.08000000,6883.58000000,0.00000000,False
2025-01-20 14:20:00,10944.66000000,20698.75000000,6883.58000000,0.00000000,False
2025-01-20 14:25:00,10724.32000000,20501.60000000,6883.87000000,0.00000000,False
2025-01-20 14:30:00,10807.37000000,20367.44000000,6883.95000000,0.00000000,False
2025-01-20 14:35:00,11004.07000000,20620.12000000,6883.88000000,0.00000000,False
2025-01-20 14:40:00,10900.24000000,20709.14000000,6883.93000000,0.00000000,False
2025-01-20 14:45:00,10666.51000000,20207.48000000,6883.95000000,0.00000000,False
2025-01-20 14:50:00,10669.08000000,20169.61000000,6883.68000000,0.00000000,False
2025-01-20 14:55:00,10620.93000000,20073.84000000,6883.72000000,0.00000000,False
2025-01-20 15:00:00,10491.22000000,19888.21000000,6880.43000000,0.00000000,False
2025-01-20 15:05:00,10419.26000000,19961.44000000,6863.83000000,0.00000000,False
2025-01-20 15:10:00,10558.63000000,19954.53000000,6919.27000000,0.00000000,False
2025-01-20 15:15:00,10514.36000000,19774.75000000,6224.00000000,0.00000000,False
2025-01-20 15:20:00,10607.88000000,20270.56000000,6030.77000000,0.00000000,False
2025-01-20 15:25:00,10594.09000000,20372.82000000,6031.02000000,0.00000000,False
2025-01-20 15:30:00,10613.47000000,20377.16000000,6031.03000000,0.00000000,False
2025-01-20 15:35:00,10663.64000000,20821.80000000,6030.93000000,0.00000000,False
2025-01-20 15:40:00,10751.87000000,21235.01000000,6030.94000000,0.00000000,False
2025-01-20 15:45:00,10691.66000000,20634.29000000,6030.92000000,0.00000000,False
2025-01-20 15:50:00,10500.13000000,20411.48000000,6005.76000000,0.00000000,False
2025-01-20 15:55:00,10631.12000000,20641.47000000,6030.79000000,0.00000000,False
2025-01-20 16:00:00,11191.61000000,21304.18000000,6030.44000000,0.00000000,False
2025-01-20 16:05:00,11459.33000000,21638.88000000,6008.62000000,0.00000000,False
2025-01-20 16:10:00,11739.59000000,21913.52000000,6033.49000000,0.00000000,False
2025-01-20 16:15:00,11757.87000000,21815.76000000,6033.46000000,0.00000000,False
2025-01-20 16:20:00,11639.92000000,21581.12000000,6008.47000000,0.00000000,False
2025-01-20 16:25:00,11554.64000000,21351.20000000,6008.38000000,0.00000000,False
2025-01-20 16:30:00,11613.05000000,21502.89000000,6008.40000000,0.00000000,False
2025-01-20 16:35:00,11684.82000000,21323.08000000,6008.54000000,0.00000000,False
2025-01-20 16:40:00,11561.28000000,20831.24000000,6008.45000000,0.00000000,False
2025-01-20 16:45:00,11566.02000000,20298.47000000,6144.73000000,0.00000000,False
2025-01-20 16:50:00,11546.93000000,20101.53000000,6144.71000000,0.00000000,False
2025-01-20 16:55:00,11533.64000000,19900.89000000,6144.88000000,0.00000000,False
2025-01-20 17:00:00,11659.11000000,19962.72000000,5949.88000000,0.00000000,False
2025-01-20 17:05:00,11587.53000000,19573.04000000,6247.85000000,0.00000000,False
2025-01-20 17:10:00,11533.12000000,19067.61000000,6227.80000000,0.00000000,False
2025-01-20 17:15:00,11445.22000000,18561.13000000,6227.82000000,0.00000000,False
2025-01-20 17:20:00,11407.22000000,17975.03000000,6227.92000000,0.00000000,False
2025-01-20 17:25:00,10941.63000000,17603.69000000,6227.97000000,0.00000000,False
2025-01-20 17:30:00,10868.00000000,17241.43000000,6227.95000000,0.00000000,False
2025-01-20 17:35:00,10754.80000000,16888.70000000,6228.05000000,0.00000000,False
2025-01-20 17:40:00,10522.52000000,16704.80000000,6227.94000000,0.00000000,False
2025-01-20 17:45:00,10403.21000000,16441.41000000,6228.03000000,0.00000000,False
2025-01-20 17:50:00,10295.88000000,16472.87000000,6116.13000000,0.00000000,False
2025-01-20 17:55:00,10155.86000000,16222.98000000,6116.14000000,0.00000000,False
2025-01-20 18:00:00,10228.77000000,16021.28000000,5938.77000000,0.00000000,False
2025-01-20 18:05:00,9973.12000000,16602.32000000,6015.86000000,0.00000000,False
2025-01-20 18:10:00,9900.56000000,16427.97000000,6015.85000000,0.00000000,False
2025-01-20 18:15:00,10046.83000000,16184.78000000,6015.78000000,0.00000000,False
2025-01-20 18:20:00,10351.83000000,16824.56000000,6015.83000000,0.00000000,False
2025-01-20 18:25:00,10469.21000000,17232.11000000,6015.82000000,0.00000000,False
2025-01-20 18:30:00,10633.57000000,17373.52000000,6015.91000000,0.00000000,False
2025-01-20 18:35:00,10739.79000000,17557.84000000,6015.86000000,0.00000000,False
2025-01-20 18:40:00,10823.59000000,17925.22000000,6015.92000000,0.00000000,False
2025-01-20 18:45:00,10865.14000000,17969.88000000,6015.90000000,0.00000000,False
2025-01-20 18:50:00,10937.56000000,18012.22000000,6015.79000000,0.00000000,False
2025-01-20 18:55:00,11036.35000000,18254.60000000,6015.76000000,0.00000000,False
2025-01-20 19:00:00,11118.51000000,18641.57000000,6023.46000000,0.00000000,False
2025-01-20 19:05:00,11165.52000000,18685.69000000,6078.20000000,0.00710000,False
2025-01-20 19:10:00,11196.54000000,18836.48000000,6078.24000000,0.33810000,False
2025-01-20 19:15:00,11198.58000000,19066.35000000,6078.14000000,0.00390000,False
2025-01-20 19:20:00,11248.78000000,19160.80000000,6128.09000000,0.02760000,False
2025-01-20 19:25:00,11183.86000000,19304.72000000,6183.98000000,0.59430000,False
2025-01-20 19:30:00,11247.46000000,19558.53000000,6233.97000000,0.26990000,False
2025-01-20 19:35:00,11260.18000000,19650.29000000,6289.62000000,0.00690000,False
2025-01-20 19:40:00,11296.52000000,19589.69000000,6343.69000000,0.05210000,False
2025-01-20 19:45:00,11333.19000000,19929.78000000,6343.74000000,0.81630000,False
2025-01-20 19:50:00,11357.42000000,19832.49000000,6343.68000000,0.53470000,False
2025-01-20 19:55:00,11373.50000000,19883.91000000,6343.92000000,0.62620000,False
2025-01-20 20:00:00,11498.24000000,20005.66000000,6384.40000000,2.02350000,False
2025-01-20 20:05:00,11607.12000000,20274.01000000,6361.03000000,1.64740000,False
2025-01-20 20:10:00,11601.69000000,20388.53000000,6361.17000000,1.73560000,False
2025-01-20 20:15:00,11548.12000000,20043.77000000,6361.01000000,0.00000000,False
2025-01-20 20:20:00,11540.82000000,20038.03000000,6361.20000000,0.10590000,False
2025-01-20 20:25:00,11378.75000000,20263.04000000,6545.25000000,0.00670000,False
2025-01-20 20:30:00,11407.36000000,20382.65000000,6545.15000000,0.00240000,False
2025-01-20 20:35:00,11595.25000000,20560.93000000,6550.89000000,1.09120000,False
2025-01-20 20:40:00,11637.66000000,20811.65000000,6550.97000000,1.60860000,False
2025-01-20 20:45:00,11659.94000000,20686.49000000,6551.00000000,0.99810000,False
2025-01-20 20:50:00,11623.90000000,20426.07000000,6550.89000000,0.00000000,False
2025-01-20 20:55:00,11603.50000000,20416.86000000,6551.05000000,0.80010000,False
2025-01-20 21:00:00,11730.88000000,20993.17000000,6282.94000000,0.00000000,False
2025-01-20 21:05:00,11659.19000000,20940.64000000,6465.29000000,0.86990000,False
2025-01-20 21:10:00,11551.22000000,21341.26000000,6465.59000000,3.20210000,False
2025-01-20 21:15:00,11644.72000000,21548.16000000,6511.59000000,1.38140000,False
2025-01-20 21:20:00,11541.70000000,21515.36000000,6511.64000000,1.37980000,False
2025-01-20 21:25:00,11599.12000000,21648.12000000,6511.71000000,1.00700000,False
2025-01-20 21:30:00,11612.71000000,21968.97000000,6511.69000000,0.64040000,False
2025-01-20 21:35:00,11756.07000000,22046.20000000,6505.73000000,0.90030000,False
2025-01-20 21:40:00,11773.43000000,22219.68000000,6505.75000000,0.09620000,False
2025-01-20 21:45:00,11918.96000000,22597.26000000,6505.43000000,1.58580000,False
2025-01-20 21:50:00,12064.68000000,22853.41000000,6505.30000000,1.83050000,False
2025-01-20 21:55:00,12151.64000000,22749.35000000,6505.22000000,0.15270000,False
2025-01-20 22:00:00,12191.94000000,23248.94000000,6465.55000000,1.42590000,False
2025-01-20 22:05:00,12250.11000000,23505.55000000,6557.02000000,3.90270000,False
2025-01-20 22:10:00,12405.06000000,23513.88000000,6751.87000000,2.22480000,False
2025-01-20 22:15:00,12283.37000000,23530.34000000,6751.83000000,1.56480000,False
2025-01-20 22:20:00,12230.14000000,23535.70000000,6751.90000000,1.22110000,False
2025-01-20 22:25:00,12250.22000000,23652.67000000,6751.89000000,1.84690000,False
2025-01-20 22:30:00,12457.07000000,24132.91000000,6751.87000000,0.98150000,False
2025-01-20 22:35:00,12426.24000000,24369.91000000,6751.74000000,1.67480000,False
2025-01-20 22:40:00,12556.58000000,24537.96000000,6751.81000000,0.82710000,False
2025-01-20 22:45:00,12596.76000000,24763.85000000,6751.54000000,2.15780000,False
2025-01-20 22:50:00,12601.60000000,24814.39000000,6751.56000000,1.96090000,False
2025-01-20 22:55:00,12647.87000000,24968.02000000,6751.69000000,1.81480000,False
2025-01-20 23:00:00,12683.30000000,25138.04000000,6800.98000000,0.95260000,False
2025-01-20 23:05:00,12776.46000000,25319.73000000,6851.89000000,1.46980000,False
2025-01-20 23:10:00,12796.68000000,25319.90000000,6851.89000000,1.19630000,False
2025-01-20 23:15:00,12710.40000000,25213.32000000,6851.69000000,0.86850000,False
2025-01-20 23:20:00,12778.91000000,25317.08000000,6851.92000000,0.61690000,False
2025-01-20 23:25:00,12936.78000000,25478.24000000,6851.94000000,0.37160000,False
2025-01-20 23:30:00,12998.52000000,25556.69000000,6852.03000000,0.31690000,False
2025-01-20 23:35:00,13139.39000000,25530.22000000,6851.94000000,0.23110000,False
2025-01-20 23:40:00,13102.36000000,25462.72000000,6851.89000000,0.19020000,False
2025-01-20 23:45:00,13181.66000000,25677.74000000,6851.65000000,0.10530000,False
2025-01-20 23:50:00,13315.82000000,25980.45000000,6851.69000000,0.17590000,False
2025-01-20 23:55:00,13377.35000000,25813.82000000,6851.97000000,0.02250000,False
2025-01-21 00:00:00,12976.88000000,25397.20000000,6650.00000000,0.00000000,False
2025-01-21 00:05:00,12423.67000000,25041.26000000,6855.89000000,0.69760000,False
2025-01-21 00:10:00,12373.33000000,24913.61000000,6855.92000000,0.00000000,False
2025-01-21 00:15:00,12202.25000000,24651.75000000,6856.10000000,0.00000000,False
2025-01-21 00:20:00,12339.25000000,24562.64000000,6856.24000000,0.00000000,False
2025-01-21 00:25:00,12271.93000000,24427.73000000,6856.29000000,0.00000000,False
2025-01-21 00:30:00,12200.88000000,24445.70000000,6856.38000000,0.00000000,False
2025-01-21 00:35:00,12228.81000000,24594.97000000,6856.36000000,0.00000000,False
2025-01-21 00:40:00,12203.10000000,24358.19000000,6856.38000000,0.00000000,False
2025-01-21 00:45:00,12305.69000000,24470.35000000,6856.11000000,0.00000000,False
2025-01-21 00:50:00,12448.25000000,24639.69000000,6856.06000000,0.00000000,False
2025-01-21 00:55:00,12375.09000000,24639.20000000,6856.17000000,0.03240000,False
2025-01-21 01:00:00,12216.62000000,24486.43000000,6859.67000000,0.00000000,False
2025-01-21 01:05:00,12012.68000000,24175.07000000,6859.75000000,0.00000000,False
2025-01-21 01:10:00,12046.43000000,23969.37000000,6804.01000000,0.00000000,False
2025-01-21 01:15:00,12016.33000000,23873.79000000,6803.81000000,0.00000000,False
2025-01-21 01:20:00,11986.04000000,23602.02000000,6804.05000000,0.00000000,False
2025-01-21 01:25:00,12017.79000000,23625.16000000,6803.85000000,0.00000000,False
2025-01-21 01:30:00,12049.33000000,23852.73000000,6748.30000000,0.00000000,False
2025-01-21 01:35:00,12046.71000000,24061.05000000,6748.33000000,1.43330000,False
2025-01-21 01:40:00,12108.85000000,24133.96000000,6748.24000000,0.10910000,False
2025-01-21 01:45:00,12038.30000000,23925.31000000,6748.11000000,0.00000000,False
2025-01-21 01:50:00,11814.16000000,23566.57000000,6747.79000000,0.00000000,False
2025-01-21 01:55:00,11722.32000000,23003.83000000,6748.11000000,0.00000000,False
2025-01-21 02:00:00,11890.92000000,23303.51000000,6750.42000000,0.00000000,False
2025-01-21 02:05:00,11654.78000000,23171.46000000,6753.72000000,0.00000000,False
2025-01-21 02:10:00,11736.63000000,23028.51000000,6753.71000000,0.00000000,False
2025-01-21 02:15:00,11679.18000000,22568.63000000,6697.79000000,0.00000000,False
2025-01-21 02:20:00,11507.31000000,22563.26000000,6698.06000000,0.00000000,False
2025-01-21 02:25:00,11563.39000000,22513.26000000,6698.08000000,0.00000000,False
2025-01-21 02:30:00,11764.48000000,22684.98000000,6697.97000000,0.00000000,False
2025-01-21 02:35:00,11790.76000000,22472.02000000,6697.91000000,0.00000000,False
2025-01-21 02:40:00,11719.26000000,22463.13000000,6642.40000000,0.00000000,False
2025-01-21 02:45:00,11585.84000000,22253.09000000,6642.27000000,0.00000000,False
2025-01-21 02:50:00,11476.89000000,21944.53000000,6642.29000000,0.00000000,False
2025-01-21 02:55:00,11379.24000000,21634.49000000,6642.27000000,0.00000000,False
2025-01-21 03:00:00,11392.61000000,21518.87000000,6599.48000000,0.00000000,False
2025-01-21 03:05:00,11478.51000000,21385.46000000,6642.79000000,0.00000000,False
2025-01-21 03:10:00,11439.53000000,21423.62000000,6642.80000000,0.00000000,False
2025-01-21 03:15:00,11458.54000000,21526.09000000,6378.94000000,0.00000000,False
2025-01-21 03:20:00,11407.16000000,21207.73000000,6092.78000000,0.00000000,False
2025-01-21 03:25:00,11362.97000000,20901.44000000,6092.88000000,0.00000000,False
2025-01-21 03:30:00,11331.41000000,20746.01000000,6020.87000000,0.00000000,False
2025-01-21 03:35:00,11507.31000000,20778.22000000,5821.90000000,0.00000000,False
2025-01-21 03:40:00,11531.32000000,20816.48000000,5821.97000000,0.00000000,False
2025-01-21 03:45:00,11638.98000000,21174.31000000,5821.81000000,0.00000000,False
2025-01-21 03:50:00,11517.81000000,21051.32000000,5821.80000000,0.00000000,False
2025-01-21 03:55:00,11364.38000000,20504.46000000,5821.79000000,0.00000000,False
2025-01-21 04:00:00,11465.63000000,20292.86000000,5823.85000000,0.00000000,False
2025-01-21 04:05:00,11379.33000000,19994.72000000,5770.76000000,0.00000000,False
2025-01-21 04:10:00,11335.12000000,20336.35000000,5770.00000000,0.39030000,False
2025-01-21 04:15:00,11060.26000000,19358.72000000,5769.97000000,0.00000000,False
2025-01-21 04:20:00,11020.06000000,18893.23000000,5769.82000000,0.00000000,False
2025-01-21 04:25:00,10960.54000000,18984.61000000,5720.91000000,0.00000000,False
2025-01-21 04:30:00,10988.13000000,19188.45000000,5721.01000000,0.00000000,False
2025-01-21 04:35:00,10860.18000000,18695.49000000,5720.10000000,0.00000000,False
2025-01-21 04:40:00,10667.11000000,18134.75000000,5802.44000000,0.00000000,False
2025-01-21 04:45:00,10568.08000000,18079.14000000,5373.69000000,0.01400000,False
2025-01-21 04:50:00,10310.97000000,17764.59000000,5319.49000000,0.00000000,False
2025-01-21 04:55:00,10260.24000000,17703.71000000,5270.61000000,0.00000000,False
2025-01-21 05:00:00,10466.24000000,18116.12000000,5078.71000000,0.00000000,False
2025-01-21 05:05:00,10525.70000000,17951.22000000,5244.90000000,0.00000000,False
2025-01-21 05:10:00,10569.31000000,17797.77000000,5153.56000000,0.00000000,False
2025-01-21 05:15:00,10637.30000000,17646.34000000,5198.56000000,0.00000000,False
2025-01-21 05:20:00,10707.05000000,17850.16000000,5089.47000000,2.92980000,False
2025-01-21 05:25:00,10576.42000000,17351.74000000,5071.56000000,0.00000000,False
2025-01-21 05:30:00,10275.20000000,17367.24000000,5025.56000000,0.00000000,False
2025-01-21 05:35:00,10421.42000000,17450.78000000,4792.56000000,0.00000000,False
2025-01-21 05:40:00,10542.28000000,17530.74000000,4769.56000000,0.20330000,False
2025-01-21 05:45:00,10383.80000000,16664.31000000,4769.47000000,0.00000000,False
2025-01-21 05:50:00,10214.06000000,16225.13000000,4769.56000000,0.00000000,False
2025-01-21 05:55:00,10144.45000000,16212.96000000,4770.56000000,0.00000000,False
2025-01-21 06:00:00,10334.21000000,15981.44000000,4743.30000000,4.39150000,False
2025-01-21 06:05:00,10360.36000000,15706.79000000,4497.30000000,0.00000000,False
2025-01-21 06:10:00,10191.16000000,15602.73000000,4384.21000000,0.00000000,False
2025-01-21 06:15:00,10292.88000000,15612.75000000,4335.30000000,0.00000000,False
2025-01-21 06:20:00,10353.22000000,15419.88000000,4247.30000000,0.00000000,False
2025-01-21 06:25:00,10342.87000000,15264.51000000,4198.30000000,0.00000000,False
2025-01-21 06:30:00,10197.44000000,15052.01000000,4198.30000000,0.00000000,False
2025-01-21 06:35:00,10055.49000000,14805.40000000,4198.21000000,0.00000000,False
2025-01-21 06:40:00,9837.62000000,14502.96000000,3962.30000000,0.00000000,False
2025-01-21 06:45:00,9876.37000000,14692.95000000,3411.40000000,0.00000000,False
2025-01-21 06:50:00,9899.25000000,14516.76000000,3158.70000000,0.45640000,False
2025-01-21 06:55:00,9588.94000000,14507.46000000,2907.21000000,0.61550000,False
2025-01-21 07:00:00,9462.72000000,13987.53000000,2857.05000000,0.52750000,False
2025-01-21 07:05:00,8827.29000000,13751.19000000,2720.90000000,1.19560000,False
2025-01-21 07:10:00,8615.21000000,13455.05000000,2624.86000000,0.00000000,False
2025-01-21 07:15:00,8368.87000000,13236.01000000,2624.95000000,0.00000000,False
2025-01-21 07:20:00,7945.98000000,12933.18000000,2624.84000000,0.00000000,False
2025-01-21 07:25:00,7668.00000000,12374.08000000,2624.75000000,0.00000000,False
2025-01-21 07:30:00,7542.30000000,12319.97000000,2624.84000000,0.00000000,False
2025-01-21 07:35:00,7428.66000000,12227.96000000,2624.94000000,0.00000000,False
2025-01-21 07:40:00,7644.39000000,12530.73000000,2624.91000000,0.00000000,False
2025-01-21 07:45:00,7616.12000000,12599.91000000,2624.84000000,0.00000000,False
2025-01-21 07:50:00,7440.10000000,12471.08000000,2624.89000000,1.03930000,False
2025-01-21 07:55:00,7402.21000000,12242.85000000,2624.91000000,0.00000000,False
2025-01-21 08:00:00,7561.31000000,12279.99000000,2719.86000000,0.00000000,False
2025-01-21 08:05:00,7817.45000000,12866.88000000,2652.94000000,4.64310000,False
2025-01-21 08:10:00,8286.57000000,13481.96000000,2797.94000000,0.00000000,False
2025-01-21 08:15:00,8310.42000000,14004.76000000,2547.25000000,1.58500000,False
2025-01-21 08:20:00,8493.88000000,14208.92000000,2595.11000000,1.63880000,False
2025-01-21 08:25:00,8592.76000000,14220.01000000,2643.14000000,1.36810000,False
2025-01-21 08:30:00,8674.26000000,14416.31000000,2737.14000000,1.65100000,False
2025-01-21 08:35:00,8940.46000000,14999.49000000,2736.94000000,3.20250000,False
2025-01-21 08:40:00,9313.95000000,15701.77000000,2743.34000000,0.83150000,False
2025-01-21 08:45:00,9603.18000000,16073.74000000,2746.61000000,0.93150000,False
2025-01-21 08:50:00,9768.44000000,16670.18000000,2859.70000000,0.94910000,False
2025-01-21 08:55:00,9965.57000000,16579.83000000,2859.70000000,1.92050000,False
2025-01-21 09:00:00,9881.55000000,16441.01000000,3307.53000000,12.04980000,False
2025-01-21 09:05:00,9862.72000000,16775.90000000,3543.68000000,10.61570000,False
2025-01-21 09:10:00,9966.62000000,17471.63000000,3728.21000000,11.58820000,False
2025-01-21 09:15:00,10311.03000000,18422.04000000,3950.26000000,10.83250000,False
2025-01-21 09:20:00,10283.23000000,18682.19000000,4170.52000000,9.30210000,False
2025-01-21 09:25:00,10414.83000000,19107.39000000,4445.24000000,6.84630000,False
2025-01-21 09:30:00,10662.33000000,19762.24000000,4580.00000000,11.79330000,False
2025-01-21 09:35:00,11089.55000000,20413.63000000,4681.97000000,9.59960000,False
2025-01-21 09:40:00,11032.49000000,19820.98000000,4676.15000000,4.70700000,False
2025-01-21 09:45:00,10863.38000000,20067.03000000,4767.15000000,8.39370000,False
2025-01-21 09:50:00,11066.78000000,20378.09000000,4763.95000000,6.41920000,False
2025-01-21 09:55:00,11192.92000000,20786.98000000,4767.16000000,7.82480000,False
2025-01-21 10:00:00,11214.47000000,20922.06000000,4437.74000000,5.52490000,False
2025-01-21 10:05:00,11205.55000000,21282.53000000,4757.41000000,3.45780000,False
2025-01-21 10:10:00,11119.64000000,21157.45000000,4640.44000000,1.15780000,False
2025-01-21 10:15:00,11167.58000000,21270.42000000,4594.39000000,2.61480000,False
2025-01-21 10:20:00,11315.11000000,21998.86000000,4735.98000000,1.28120000,False
2025-01-21 10:25:00,11201.87000000,21797.58000000,4873.09000000,0.13870000,False
2025-01-21 10:30:00,11162.54000000,21881.06000000,5168.64000000,0.09700000,False
2025-01-21 10:35:00,11384.13000000,22201.28000000,5378.58000000,1.15800000,False
2025-01-21 10:40:00,11438.34000000,22604.68000000,5378.53000000,3.39870000,False
2025-01-21 10:45:00,11523.90000000,22831.18000000,5332.55000000,2.83710000,False
2025-01-21 10:50:00,11382.33000000,22716.85000000,5450.73000000,0.00000000,False
2025-01-21 10:55:00,11520.45000000,23343.82000000,5550.59000000,1.13290000,False
2025-01-21 11:00:00,11559.81000000,22931.23000000,5307.86000000,0.00000000,False
2025-01-21 11:05:00,11695.41000000,23615.44000000,5306.51000000,0.72950000,False
2025-01-21 11:10:00,12023.57000000,24276.17000000,5600.29000000,0.74370000,False
2025-01-21 11:15:00,12314.03000000,25098.82000000,5554.36000000,0.84710000,False
2025-01-21 11:20:00,12231.18000000,25536.56000000,5554.44000000,0.44230000,False
2025-01-21 11:25:00,12053.29000000,25257.05000000,5649.21000000,0.81770000,False
2025-01-21 11:30:00,12113.38000000,25529.76000000,5649.36000000,0.41680000,False
2025-01-21 11:35:00,12308.70000000,26088.51000000,5649.24000000,0.97220000,False
2025-01-21 11:40:00,12664.12000000,26677.44000000,5694.28000000,1.42830000,False
2025-01-21 11:45:00,12497.01000000,26729.51000000,5739.27000000,0.56530000,False
2025-01-21 11:50:00,12720.39000000,27298.91000000,5828.18000000,0.81940000,False
2025-01-21 11:55:00,12676.21000000,27381.43000000,5828.30000000,1.32240000,False
2025-01-21 12:00:00,12887.20000000,27934.12000000,5822.00000000,0.44440000,False
2025-01-21 12:05:00,12789.33000000,28136.75000000,5854.82000000,0.17000000,False
2025-01-21 12:10:00,13186.56000000,28667.38000000,5854.87000000,1.43230000,False
2025-01-21 12:15:00,13453.41000000,28799.76000000,5854.93000000,0.78800000,False
2025-01-21 12:20:00,13687.02000000,29318.26000000,5816.71000000,0.91530000,False
2025-01-21 12:25:00,13872.60000000,29654.33000000,6090.76000000,0.17060000,False
2025-01-21 12:30:00,14060.38000000,30171.08000000,6090.74000000,0.68320000,False
2025-01-21 12:35:00,14359.81000000,30791.68000000,6090.97000000,0.29220000,False
2025-01-21 12:40:00,14680.18000000,31127.07000000,6091.00000000,0.22010000,False
2025-01-21 12:45:00,14947.84000000,31327.32000000,6090.97000000,0.12500000,False
2025-01-21 12:50:00,15039.99000000,31780.08000000,6090.87000000,0.14890000,False
2025-01-21 12:55:00,15186.72000000,32197.13000000,6090.95000000,0.35940000,False
2025-01-21 13:00:00,15348.24000000,32369.89000000,6068.73000000,0.34370000,False
2025-01-21 13:05:00,15167.25000000,32496.39000000,6071.76000000,0.47770000,False
2025-01-21 13:10:00,15288.54000000,32636.00000000,6096.82000000,0.40170000,False
2025-01-21 13:15:00,15396.73000000,33149.41000000,6051.74000000,0.24450000,False
2025-01-21 13:20:00,15648.93000000,33740.60000000,6189.73000000,0.24700000,False
2025-01-21 13:25:00,15768.67000000,34540.41000000,6235.60000000,0.99270000,False
2025-01-21 13:30:00,15928.88000000,34956.37000000,6190.69000000,2.40580000,False
2025-01-21 13:35:00,16209.60000000,35313.32000000,6190.57000000,2.12780000,False
2025-01-21 13:40:00,16286.10000000,35436.42000000,6190.46000000,2.02070000,False
2025-01-21 13:45:00,16319.39000000,35780.45000000,6190.59000000,4.46610000,False
2025-01-21 13:50:00,16545.38000000,36253.91000000,6190.41000000,3.75750000,False
2025-01-21 13:55:00,16668.85000000,36616.14000000,6190.51000000,4.74850000,False
2025-01-21 14:00:00,16703.10000000,36533.14000000,6178.77000000,7.93860000,False
2025-01-21 14:05:00,16946.90000000,37124.01000000,6175.60000000,5.66970000,False
2025-01-21 14:10:00,16983.46000000,37673.53000000,6175.58000000,6.64850000,False
2025-01-21 14:15:00,16983.99000000,37701.53000000,6220.62000000,8.44170000,False
2025-01-21 14:20:00,17057.69000000,38254.45000000,6313.60000000,11.84340000,False
2025-01-21 14:25:00,17088.22000000,38782.54000000,6313.71000000,7.65390000,False
2025-01-21 14:30:00,17277.78000000,39288.90000000,6313.33000000,9.40600000,False
2025-01-21 14:35:00,17276.15000000,39585.93000000,6350.30000000,8.15550000,False
2025-01-21 14:40:00,17402.77000000,40073.46000000,6350.76000000,2.82220000,False
2025-01-21 14:45:00,17275.34000000,40062.58000000,6406.57000000,0.04800000,False
2025-01-21 14:50:00,17476.07000000,40452.13000000,6454.26000000,0.04560000,False
2025-01-21 14:55:00,17374.61000000,40420.72000000,6454.35000000,0.06670000,False
2025-01-21 15:00:00,17599.04000000,40965.61000000,6447.28000000,0.18810000,False
2025-01-21 15:05:00,17380.69000000,41023.20000000,6448.69000000,0.05760000,False
2025-01-21 15:10:00,17527.80000000,41495.69000000,6448.56000000,0.02610000,False
2025-01-21 15:15:00,17534.86000000,41776.36000000,6448.63000000,0.05940000,False
2025-01-21 15:20:00,17618.15000000,42117.25000000,6449.01000000,0.19110000,False
2025-01-21 15:25:00,17570.93000000,42507.40000000,6448.90000000,0.00930000,False
2025-01-21 15:30:00,17548.38000000,42674.50000000,6448.60000000,0.01240000,False
2025-01-21 15:35:00,17571.62000000,42922.62000000,6448.67000000,0.00690000,False
2025-01-21 15:40:00,17504.81000000,42596.74000000,6448.95000000,0.01120000,False
2025-01-21 15:45:00,17520.80000000,42689.96000000,6448.91000000,0.01160000,False
2025-01-21 15:50:00,17424.45000000,42427.99000000,6448.85000000,0.00890000,False
2025-01-21 15:55:00,17489.07000000,42350.49000000,6448.62000000,0.00700000,False
2025-01-21 16:00:00,17528.02000000,42213.18000000,6462.42000000,0.00530000,False
2025-01-21 16:05:00,17857.05000000,42060.04000000,6459.61000000,0.00710000,False
2025-01-21 16:10:00,17961.55000000,41531.81000000,6459.51000000,0.01040000,False
2025-01-21 16:15:00,17845.78000000,40434.64000000,6403.63000000,0.00220000,False
2025-01-21 16:20:00,17654.13000000,39311.42000000,6403.57000000,0.02500000,False
2025-01-21 16:25:00,17655.75000000,38703.14000000,6459.25000000,0.95100000,False
2025-01-21 16:30:00,17511.95000000,38064.23000000,6459.50000000,2.27970000,False
2025-01-21 16:35:00,17183.39000000,36808.16000000,6459.48000000,0.00000000,False
2025-01-21 16:40:00,17022.04000000,35892.55000000,6459.85000000,0.00000000,False
2025-01-21 16:45:00,16628.04000000,33871.13000000,6403.86000000,0.00000000,False
2025-01-21 16:50:00,16134.14000000,32644.94000000,6068.26000000,0.00000000,False
2025-01-21 16:55:00,16304.45000000,31951.45000000,6043.24000000,0.00000000,False
2025-01-21 17:00:00,16365.18000000,31392.45000000,6015.46000000,0.00000000,False
2025-01-21 17:05:00,15771.48000000,30142.81000000,6031.47000000,0.00000000,False
2025-01-21 17:10:00,14955.96000000,28153.46000000,6031.37000000,0.00000000,False
2025-01-21 17:15:00,14387.38000000,26718.78000000,6031.17000000,0.00000000,False
2025-01-21 17:20:00,13797.43000000,25304.04000000,6031.35000000,0.00000000,False
2025-01-21 17:25:00,13253.66000000,24236.13000000,6031.21000000,0.00000000,False
2025-01-21 17:30:00,12615.89000000,22960.46000000,6031.14000000,0.00000000,False
2025-01-21 17:35:00,12118.18000000,21426.26000000,6031.07000000,0.00000000,False
2025-01-21 17:40:00,11859.49000000,20436.97000000,6031.08000000,0.00000000,False
2025-01-21 17:45:00,11721.33000000,19476.81000000,6031.34000000,0.00000000,False
2025-01-21 17:50:00,11233.35000000,18245.44000000,6031.20000000,0.00000000,False
2025-01-21 17:55:00,11229.07000000,17872.23000000,5884.13000000,0.00000000,False
2025-01-21 18:00:00,11031.44000000,17605.94000000,5898.57000000,0.00000000,False
2025-01-21 18:05:00,10480.40000000,17472.73000000,5946.98000000,0.00000000,False
2025-01-21 18:10:00,10112.37000000,17019.46000000,5946.94000000,0.00000000,False
2025-01-21 18:15:00,9997.86000000,16614.61000000,5946.69000000,0.00000000,False
2025-01-21 18:20:00,10245.09000000,16669.84000000,5946.68000000,0.00000000,False
2025-01-21 18:25:00,10265.08000000,16674.24000000,5946.67000000,0.00000000,False
2025-01-21 18:30:00,10235.45000000,16491.00000000,5946.68000000,0.00000000,False
2025-01-21 18:35:00,10162.88000000,16781.42000000,5946.70000000,0.00000000,False
2025-01-21 18:40:00,10169.27000000,16831.18000000,5946.68000000,0.00000000,False
2025-01-21 18:45:00,10150.34000000,17167.24000000,5946.91000000,0.30150000,False
2025-01-21 18:50:00,10101.19000000,17110.35000000,5946.75000000,0.17720000,False
2025-01-21 18:55:00,10206.74000000,17416.46000000,5946.56000000,1.08420000,False
2025-01-21 19:00:00,10460.29000000,17720.51000000,5922.26000000,0.00000000,False
2025-01-21 19:05:00,10438.52000000,17934.30000000,5923.78000000,0.00000000,False
2025-01-21 19:10:00,10559.85000000,17909.11000000,5923.83000000,0.02670000,False
2025-01-21 19:15:00,10756.60000000,18142.62000000,5923.92000000,1.02660000,False
2025-01-21 19:20:00,10658.62000000,18098.11000000,5923.86000000,0.45730000,False
2025-01-21 19:25:00,10580.16000000,18212.29000000,5923.70000000,0.58300000,False
2025-01-21 19:30:00,10654.16000000,18455.65000000,5923.89000000,1.83330000,False
2025-01-21 19:35:00,10658.22000000,18440.32000000,5923.93000000,0.77100000,False
2025-01-21 19:40:00,10700.70000000,18253.49000000,5923.98000000,2.01200000,False
2025-01-21 19:45:00,10721.79000000,18527.26000000,5923.94000000,2.73910000,False
2025-01-21 19:50:00,10731.06000000,18562.76000000,5923.86000000,2.66440000,False
2025-01-21 19:55:00,10663.50000000,18629.42000000,5924.03000000,1.85720000,False
2025-01-21 20:00:00,10851.58000000,19042.46000000,5921.88000000,1.95940000,False
2025-01-21 20:05:00,11137.76000000,19604.27000000,5920.26000000,3.43540000,False
2025-01-21 20:10:00,11086.72000000,19800.84000000,5989.24000000,0.79080000,False
2025-01-21 20:15:00,11170.97000000,20041.20000000,5988.91000000,0.00000000,False
2025-01-21 20:20:00,11163.23000000,20119.07000000,6044.69000000,0.00000000,False
2025-01-21 20:25:00,11295.76000000,20418.78000000,6090.91000000,0.00000000,False
2025-01-21 20:30:00,11459.67000000,20741.95000000,6090.87000000,0.88790000,False
2025-01-21 20:35:00,11362.71000000,20737.33000000,6090.75000000,0.00000000,False
2025-01-21 20:40:00,11485.62000000,21081.97000000,6090.99000000,0.00000000,False
2025-01-21 20:45:00,11705.36000000,21248.32000000,6139.11000000,0.00000000,False
2025-01-21 20:50:00,11502.21000000,20900.82000000,6138.91000000,0.00000000,False
2025-01-21 20:55:00,11654.34000000,21313.08000000,6144.82000000,0.03670000,False
2025-01-21 21:00:00,11755.76000000,21617.83000000,6092.91000000,0.00000000,False
2025-01-21 21:05:00,11820.04000000,22195.56000000,6221.90000000,2.57400000,False
2025-01-21 21:10:00,11765.33000000,22271.85000000,6130.69000000,0.16600000,False
2025-01-21 21:15:00,11861.65000000,22376.75000000,6130.66000000,0.00000000,False
2025-01-21 21:20:00,12144.92000000,22501.16000000,6130.89000000,0.00000000,False
2025-01-21 21:25:00,12233.64000000,22887.16000000,6080.96000000,0.75870000,False
2025-01-21 21:30:00,12179.42000000,22982.58000000,6075.11000000,0.00000000,False
2025-01-21 21:35:00,12261.51000000,23254.55000000,6075.08000000,0.63780000,False
2025-01-21 21:40:00,12336.59000000,23365.10000000,6075.01000000,1.07600000,False
2025-01-21 21:45:00,12504.46000000,23711.65000000,6074.86000000,0.52020000,False
2025-01-21 21:50:00,12392.12000000,24467.13000000,5969.10000000,0.13920000,False
2025-01-21 21:55:00,12377.06000000,24810.82000000,5968.98000000,0.00000000,False
2025-01-21 22:00:00,12423.48000000,24250.67000000,5671.08000000,0.47400000,False
2025-01-21 22:05:00,12465.85000000,24605.18000000,5924.15000000,2.89670000,False
2025-01-21 22:10:00,12676.69000000,25034.88000000,5924.14000000,2.62470000,False
2025-01-21 22:15:00,12893.39000000,25076.97000000,5924.35000000,1.96460000,False
2025-01-21 22:20:00,12763.07000000,25221.04000000,5924.20000000,0.71890000,False
2025-01-21 22:25:00,12874.52000000,25357.77000000,5924.19000000,1.71530000,False
2025-01-21 22:30:00,13242.16000000,25783.87000000,5924.21000000,0.86500000,False
2025-01-21 22:35:00,12930.32000000,26160.74000000,5924.19000000,0.00000000,False
2025-01-21 22:40:00,12973.88000000,26309.81000000,5924.10000000,0.00000000,False
2025-01-21 22:45:00,12973.79000000,25875.45000000,5924.23000000,0.00000000,False
2025-01-21 22:50:00,13011.80000000,26185.74000000,6027.13000000,0.00000000,False
2025-01-21 22:55:00,12989.64000000,26523.97000000,6027.13000000,0.00000000,False
2025-01-21 23:00:00,12832.93000000,26478.22000000,6029.61000000,0.81690000,False
2025-01-21 23:05:00,13011.20000000,26476.91000000,6032.91000000,0.24860000,False
2025-01-21 23:10:00,13569.29000000,27010.46000000,6032.88000000,0.35900000,False
2025-01-21 23:15:00,13329.87000000,27344.13000000,6032.78000000,0.95120000,False
2025-01-21 23:20:00,13361.40000000,27222.39000000,6032.84000000,0.16370000,False
2025-01-21 23:25:00,13309.92000000,26540.96000000,6032.79000000,0.00000000,False
2025-01-21 23:30:00,13335.30000000,26639.97000000,6032.89000000,0.00000000,False
2025-01-21 23:35:00,13271.56000000,27040.91000000,6032.94000000,0.00000000,False
2025-01-21 23:40:00,13233.11000000,27231.75000000,6032.73000000,0.00000000,False
2025-01-21 23:45:00,12927.05000000,26461.23000000,6032.77000000,0.00000000,False
2025-01-21 23:50:00,12817.15000000,26183.85000000,6032.64000000,0.00000000,False
2025-01-21 23:55:00,13376.25000000,26694.09000000,6032.69000000,0.00000000,False
2025-01-22 00:00:00,13098.26000000,27227.07000000,6081.15000000,0.15900000,False
2025-01-22 00:05:00,13098.58000000,27038.04000000,6188.81000000,0.00000000,False
2025-01-22 00:10:00,13077.66000000,26163.47000000,6264.49000000,0.00000000,False
2025-01-22 00:15:00,13159.16000000,26025.74000000,6264.47000000,0.00000000,False
2025-01-22 00:20:00,13166.27000000,26309.23000000,6360.90000000,0.00000000,False
2025-01-22 00:25:00,13221.89000000,26526.44000000,6530.56000000,0.00000000,False
2025-01-22 00:30:00,13274.04000000,26369.46000000,6530.57000000,0.02060000,False
2025-01-22 00:35:00,13469.79000000,26487.65000000,6530.55000000,0.00000000,False
2025-01-22 00:40:00,13257.49000000,26735.58000000,6530.68000000,0.54980000,False
2025-01-22 00:45:00,13116.93000000,26733.82000000,6530.60000000,0.00000000,False
2025-01-22 00:50:00,13099.88000000,26248.16000000,6530.46000000,0.00000000,False
2025-01-22 00:55:00,12961.08000000,26114.78000000,6530.39000000,0.27000000,False
2025-01-22 01:00:00,12959.98000000,26373.27000000,6530.51000000,0.17350000,False
2025-01-22 01:05:00,13311.10000000,26771.58000000,6528.97000000,0.06270000,False
2025-01-22 01:10:00,13275.71000000,26727.93000000,6528.84000000,0.00000000,False
2025-01-22 01:15:00,13601.01000000,26757.10000000,6528.88000000,0.00000000,False
2025-01-22 01:20:00,13300.64000000,26916.29000000,6528.81000000,0.00000000,False
2025-01-22 01:25:00,13486.79000000,26251.74000000,6528.96000000,0.00000000,False
2025-01-22 01:30:00,13295.01000000,26531.95000000,6529.10000000,0.00000000,False
2025-01-22 01:35:00,13194.40000000,26374.69000000,6529.06000000,0.00000000,False
2025-01-22 01:40:00,13264.30000000,26090.33000000,6529.03000000,0.00000000,False
2025-01-22 01:45:00,13277.48000000,26213.40000000,6529.09000000,0.29360000,False
2025-01-22 01:50:00,13183.29000000,26166.37000000,6528.81000000,0.18500000,False
2025-01-22 01:55:00,13221.93000000,25858.53000000,6528.94000000,0.00000000,False
2025-01-22 02:00:00,13170.15000000,25745.97000000,6530.33000000,0.00000000,False
2025-01-22 02:05:00,13171.86000000,25687.89000000,6528.56000000,0.00000000,False
2025-01-22 02:10:00,13179.96000000,25581.42000000,6528.68000000,0.00000000,False
2025-01-22 02:15:00,13118.53000000,25730.51000000,6528.61000000,0.00000000,False
2025-01-22 02:20:00,13043.26000000,25456.17000000,6528.70000000,0.00000000,False
2025-01-22 02:25:00,13115.01000000,25111.89000000,6528.53000000,0.08340000,False
2025-01-22 02:30:00,12949.85000000,24779.02000000,6528.66000000,0.06100000,False
2025-01-22 02:35:00,13063.84000000,25166.88000000,6528.72000000,0.06590000,False
2025-01-22 02:40:00,13137.46000000,25232.56000000,6528.61000000,0.00000000,False
2025-01-22 02:45:00,13306.40000000,25377.52000000,6528.65000000,0.00000000,False
2025-01-22 02:50:00,13395.77000000,25278.65000000,6528.58000000,0.00000000,False
2025-01-22 02:55:00,13353.59000000,25173.02000000,6528.49000000,0.00120000,False
2025-01-22 03:00:00,13376.88000000,25041.21000000,6529.35000000,0.10090000,False
2025-01-22 03:05:00,13154.06000000,24952.15000000,6530.75000000,0.08790000,False
2025-01-22 03:10:00,13025.23000000,24716.89000000,6531.05000000,0.00000000,False
2025-01-22 03:15:00,12995.28000000,24418.26000000,6531.11000000,0.00000000,False
2025-01-22 03:20:00,13026.37000000,24101.14000000,6531.02000000,0.01260000,False
2025-01-22 03:25:00,13082.34000000,24364.41000000,6530.92000000,0.00000000,False
2025-01-22 03:30:00,13172.12000000,24386.84000000,6558.95000000,0.10350000,False
2025-01-22 03:35:00,13166.62000000,24190.03000000,6559.13000000,0.26820000,False
2025-01-22 03:40:00,13024.21000000,24043.15000000,6559.10000000,0.00000000,False
2025-01-22 03:45:00,13059.49000000,23942.99000000,6517.71000000,0.00000000,False
2025-01-22 03:50:00,13007.01000000,23903.07000000,6517.60000000,0.00000000,False
2025-01-22 03:55:00,12988.47000000,23833.24000000,6517.73000000,0.10300000,False
2025-01-22 04:00:00,13028.55000000,23802.46000000,6466.46000000,0.00000000,False
2025-01-22 04:05:00,12993.11000000,23632.45000000,6468.03000000,0.00000000,False
2025-01-22 04:10:00,12897.66000000,23450.12000000,6468.05000000,0.00000000,False
2025-01-22 04:15:00,12653.84000000,23543.79000000,6467.99000000,0.00000000,False
2025-01-22 04:20:00,12380.40000000,23251.00000000,6467.90000000,0.00000000,False
2025-01-22 04:25:00,12362.05000000,22857.27000000,6468.07000000,0.00000000,False
2025-01-22 04:30:00,12306.27000000,22935.73000000,6439.97000000,0.00000000,False
2025-01-22 04:35:00,12317.15000000,22844.63000000,6439.98000000,0.00000000,False
2025-01-22 04:40:00,12296.19000000,22674.26000000,6440.02000000,0.00000000,False
2025-01-22 04:45:00,12142.71000000,22266.92000000,6440.02000000,0.00000000,False
2025-01-22 04:50:00,12300.95000000,22091.31000000,6439.99000000,0.00000000,False
2025-01-22 04:55:00,11987.12000000,22176.81000000,6439.83000000,0.00000000,False
2025-01-22 05:00:00,12088.30000000,21838.47000000,6382.39000000,0.00000000,False
2025-01-22 05:05:00,11856.30000000,21334.01000000,6629.67000000,0.00000000,False
2025-01-22 05:10:00,11886.32000000,20844.45000000,6585.83000000,0.00000000,False
2025-01-22 05:15:00,11799.65000000,20429.01000000,6584.59000000,0.00000000,False
2025-01-22 05:20:00,11882.48000000,20450.04000000,6585.65000000,0.00000000,False
2025-01-22 05:25:00,11701.77000000,20206.29000000,6585.75000000,0.00000000,False
2025-01-22 05:30:00,11583.83000000,19925.02000000,6585.84000000,0.00000000,False
2025-01-22 05:35:00,11442.47000000,19442.63000000,6585.74000000,0.00000000,False
2025-01-22 05:40:00,11338.28000000,19567.27000000,6585.68000000,0.00000000,False
2025-01-22 05:45:00,11291.79000000,19181.78000000,6585.65000000,0.00000000,False
2025-01-22 05:50:00,10903.15000000,18868.90000000,6585.78000000,0.00000000,False
2025-01-22 05:55:00,10785.59000000,18625.46000000,6402.73000000,0.00000000,False
2025-01-22 06:00:00,11016.91000000,18652.32000000,6021.01000000,1.36310000,False
2025-01-22 06:05:00,10915.24000000,18025.53000000,6224.01000000,2.70380000,False
2025-01-22 06:10:00,10535.37000000,17884.12000000,6020.81000000,1.77390000,False
2025-01-22 06:15:00,10505.55000000,18174.08000000,5767.31000000,0.62060000,False
2025-01-22 06:20:00,10492.30000000,18573.31000000,5314.82000000,0.55160000,False
2025-01-22 06:25:00,10486.54000000,18461.85000000,5314.87000000,0.16590000,False
2025-01-22 06:30:00,10382.18000000,18295.08000000,5289.82000000,0.12140000,False
2025-01-22 06:35:00,10081.38000000,17797.02000000,5289.71000000,0.00000000,False
2025-01-22 06:40:00,10067.78000000,17583.53000000,5289.71000000,0.00000000,False
2025-01-22 06:45:00,10010.72000000,17947.59000000,4883.31000000,0.00000000,False
2025-01-22 06:50:00,9755.76000000,18022.66000000,4752.31000000,0.01610000,False
2025-01-22 06:55:00,10037.55000000,17960.08000000,4599.36000000,0.00000000,False
2025-01-22 07:00:00,9905.17000000,17861.38000000,4598.21000000,0.08120000,False
2025-01-22 07:05:00,9613.15000000,17395.09000000,4599.87000000,0.26510000,False
2025-01-22 07:10:00,9415.29000000,17024.97000000,4550.92000000,0.00000000,False
2025-01-22 07:15:00,9592.90000000,16768.77000000,4568.92000000,0.00000000,False
2025-01-22 07:20:00,9522.33000000,16897.46000000,4568.92000000,0.23580000,False
2025-01-22 07:25:00,9565.13000000,16886.74000000,4550.92000000,0.00000000,False
2025-01-22 07:30:00,9715.55000000,16979.42000000,4551.03000000,0.03860000,False
2025-01-22 07:35:00,9817.72000000,16953.36000000,4550.97000000,0.00000000,False
2025-01-22 07:40:00,9927.73000000,17712.13000000,4550.92000000,0.55300000,False
2025-01-22 07:45:00,10303.66000000,18245.69000000,4550.87000000,2.11660000,False
2025-01-22 07:50:00,10476.79000000,19046.95000000,4550.97000000,1.30610000,False
2025-01-22 07:55:00,10912.14000000,19718.28000000,4551.03000000,2.48530000,False
2025-01-22 08:00:00,11195.37000000,20035.34000000,4791.23000000,3.16210000,False
2025-01-22 08:05:00,11393.56000000,20418.82000000,5138.60000000,6.74690000,False
2025-01-22 08:10:00,11617.25000000,21308.32000000,5504.10000000,5.89940000,False
2025-01-22 08:15:00,11924.30000000,22061.45000000,5901.71000000,5.54270000,False
2025-01-22 08:20:00,12071.01000000,22943.57000000,6192.36000000,3.29760000,False
2025-01-22 08:25:00,12348.46000000,23729.09000000,6371.53000000,5.22240000,False
2025-01-22 08:30:00,12765.28000000,25062.54000000,6598.48000000,3.81220000,False
2025-01-22 08:35:00,13492.18000000,26524.54000000,6552.59000000,3.32370000,False
2025-01-22 08:40:00,13948.46000000,27914.64000000,6552.53000000,2.17610000,False
2025-01-22 08:45:00,14242.47000000,29498.97000000,6552.53000000,2.49200000,False
2025-01-22 08:50:00,14710.20000000,30653.80000000,6597.62000000,1.90880000,False
2025-01-22 08:55:00,15023.21000000,31780.04000000,6598.07000000,6.24640000,False
2025-01-22 09:00:00,15263.34000000,32270.12000000,6929.57000000,5.43120000,False
2025-01-22 09:05:00,15632.55000000,32799.24000000,6972.12000000,6.87240000,False
2025-01-22 09:10:00,15993.82000000,33427.96000000,7177.09000000,6.52200000,False
2025-01-22 09:15:00,16076.11000000,33077.32000000,7324.53000000,5.46030000,False
2025-01-22 09:20:00,16107.71000000,33005.09000000,7324.72000000,3.90250000,False
2025-01-22 09:25:00,16199.51000000,33180.45000000,7324.87000000,3.55050000,False
2025-01-22 09:30:00,16242.07000000,33432.83000000,7324.60000000,2.99020000,False
2025-01-22 09:35:00,16386.09000000,33973.96000000,7324.69000000,3.94390000,False
2025-01-22 09:40:00,16483.23000000,33913.91000000,7249.30000000,0.44430000,False
2025-01-22 09:45:00,16501.69000000,33780.12000000,7249.25000000,0.00000000,False
2025-01-22 09:50:00,16516.14000000,33927.06000000,7249.42000000,0.00000000,False
2025-01-22 09:55:00,16660.30000000,34270.51000000,7249.53000000,0.23980000,False
2025-01-22 10:00:00,16324.95000000,34054.46000000,6801.21000000,0.00000000,False
2025-01-22 10:05:00,16003.59000000,33716.80000000,6559.38000000,3.07460000,False
2025-01-22 10:10:00,16040.64000000,33874.54000000,6584.69000000,1.49310000,False
2025-01-22 10:15:00,16136.53000000,34202.43000000,6584.74000000,1.92970000,False
2025-01-22 10:20:00,16467.08000000,34488.70000000,6576.65000000,0.48820000,False
2025-01-22 10:25:00,16517.10000000,34843.50000000,6576.71000000,0.77510000,False
2025-01-22 10:30:00,16675.36000000,35062.89000000,6576.45000000,0.58390000,False
2025-01-22 10:35:00,16640.81000000,35054.87000000,6576.40000000,0.14600000,False
2025-01-22 10:40:00,16652.26000000,35108.65000000,6576.44000000,0.26520000,False
2025-01-22 10:45:00,16646.44000000,35428.66000000,6576.54000000,0.76470000,False
2025-01-22 10:50:00,16728.13000000,35782.11000000,6576.96000000,2.80630000,False
2025-01-22 10:55:00,16757.91000000,35860.73000000,6576.77000000,0.39920000,False
2025-01-22 11:00:00,16681.58000000,35681.01000000,6221.22000000,0.31520000,False
2025-01-22 11:05:00,16406.27000000,35072.80000000,6591.80000000,0.02970000,False
2025-01-22 11:10:00,16141.63000000,34787.26000000,6591.94000000,2.32130000,False
2025-01-22 11:15:00,16122.84000000,35236.19000000,6633.97000000,8.48660000,False
2025-01-22 11:20:00,16208.06000000,35502.26000000,6633.84000000,2.11790000,False
2025-01-22 11:25:00,16281.95000000,35653.40000000,6633.81000000,0.74590000,False
2025-01-22 11:30:00,16329.78000000,36047.76000000,6633.59000000,0.00470000,False
2025-01-22 11:35:00,16271.70000000,36302.25000000,6633.94000000,0.84670000,False
2025-01-22 11:40:00,16278.72000000,36354.18000000,6633.76000000,0.55510000,False
2025-01-22 11:45:00,16462.55000000,36480.95000000,6633.74000000,0.00150000,False
2025-01-22 11:50:00,16597.46000000,36448.80000000,6634.11000000,0.00150000,False
2025-01-22 11:55:00,16662.28000000,36609.72000000,6634.06000000,0.00050000,False
2025-01-22 12:00:00,16531.74000000,35960.53000000,6528.50000000,0.00000000,False
2025-01-22 12:05:00,16463.46000000,35724.31000000,6634.89000000,0.00000000,False
2025-01-22 12:10:00,16462.51000000,35738.26000000,6634.71000000,0.00000000,False
2025-01-22 12:15:00,16496.81000000,35749.46000000,6634.78000000,0.00000000,False
2025-01-22 12:20:00,16668.18000000,35951.37000000,6634.86000000,0.00000000,False
2025-01-22 12:25:00,16737.22000000,36179.03000000,6634.65000000,0.00000000,False
2025-01-22 12:30:00,16769.43000000,36560.74000000,6634.44000000,0.00000000,False
2025-01-22 12:35:00,16769.15000000,36761.70000000,6634.40000000,0.00000000,False
2025-01-22 12:40:00,16737.71000000,36789.28000000,6634.50000000,0.00000000,False
2025-01-22 12:45:00,16627.62000000,36702.82000000,6634.45000000,0.00000000,False
2025-01-22 12:50:00,16776.03000000,37282.86000000,6634.72000000,0.00000000,False
2025-01-22 12:55:00,16543.48000000,37720.78000000,6634.58000000,0.00000000,False
2025-01-22 13:00:00,16757.41000000,38495.38000000,6624.10000000,0.00000000,False
2025-01-22 13:05:00,16453.68000000,38734.02000000,6622.99000000,0.00000000,False
2025-01-22 13:10:00,16118.23000000,38663.99000000,6623.01000000,0.00000000,False
2025-01-22 13:15:00,16354.64000000,38646.05000000,6623.02000000,0.00000000,False
2025-01-22 13:20:00,16548.99000000,38887.04000000,6623.23000000,0.00000000,False
2025-01-22 13:25:00,16479.55000000,38967.32000000,6623.07000000,0.00000000,False
2025-01-22 13:30:00,16408.09000000,38860.63000000,6622.76000000,0.00000000,False
2025-01-22 13:35:00,16382.45000000,38767.39000000,6622.73000000,0.00000000,False
2025-01-22 13:40:00,16436.25000000,38910.66000000,6622.77000000,0.00000000,False
2025-01-22 13:45:00,16345.93000000,38897.67000000,6622.56000000,0.00000000,False
2025-01-22 13:50:00,16156.01000000,38903.94000000,6622.88000000,0.00000000,False
2025-01-22 13:55:00,16241.11000000,39404.08000000,6622.92000000,0.00000000,False
2025-01-22 14:00:00,16174.28000000,39531.77000000,6617.40000000,0.00000000,False
2025-01-22 14:05:00,15971.58000000,39445.68000000,6616.16000000,0.00000000,False
2025-01-22 14:10:00,15737.80000000,39252.93000000,6615.99000000,0.00000000,False
2025-01-22 14:15:00,16034.11000000,39160.27000000,6616.02000000,0.00000000,False
2025-01-22 14:20:00,16042.44000000,39307.40000000,6616.06000000,0.00000000,False
2025-01-22 14:25:00,16035.85000000,39410.49000000,6616.00000000,0.00000000,False
2025-01-22 14:30:00,15836.50000000,39243.50000000,6615.80000000,0.00000000,False
2025-01-22 14:35:00,16023.16000000,39389.04000000,6615.80000000,0.00000000,False
2025-01-22 14:40:00,16119.59000000,39606.86000000,6615.88000000,0.00000000,False
2025-01-22 14:45:00,15876.26000000,39345.58000000,6615.81000000,0.00000000,False
2025-01-22 14:50:00,15936.89000000,39259.08000000,6616.14000000,0.00000000,False
2025-01-22 14:55:00,15818.05000000,39056.01000000,6616.25000000,0.00000000,False
2025-01-22 15:00:00,16139.56000000,39257.75000000,6614.30000000,0.00000000,False
2025-01-22 15:05:00,16233.65000000,39140.22000000,6555.86000000,0.00000000,False
2025-01-22 15:10:00,16249.68000000,39331.20000000,6555.98000000,0.00000000,False
2025-01-22 15:15:00,16227.37000000,39242.82000000,6611.68000000,0.00000000,False
2025-01-22 15:20:00,16118.70000000,39201.55000000,6611.77000000,0.00000000,False
2025-01-22 15:25:00,16229.52000000,39009.27000000,6611.64000000,0.00000000,False
2025-01-22 15:30:00,16192.37000000,38978.56000000,6611.43000000,0.00000000,False
2025-01-22 15:35:00,16096.84000000,38584.95000000,6611.46000000,0.00000000,False
2025-01-22 15:40:00,16175.43000000,38291.14000000,6611.46000000,0.00000000,False
2025-01-22 15:45:00,15931.38000000,37837.57000000,6611.40000000,0.00000000,False
2025-01-22 15:50:00,15809.01000000,37966.71000000,6611.65000000,0.00000000,False
2025-01-22 15:55:00,15909.67000000,38054.19000000,6611.77000000,0.00000000,False
2025-01-22 16:00:00,15841.89000000,37004.98000000,6567.84000000,0.00000000,False
2025-01-22 16:05:00,15850.37000000,36946.71000000,6617.37000000,0.00000000,False
2025-01-22 16:10:00,16053.78000000,36373.25000000,6617.44000000,0.00000000,False
2025-01-22 16:15:00,15825.24000000,35357.31000000,6617.54000000,0.00000000,False
2025-01-22 16:20:00,15974.58000000,34176.21000000,6617.57000000,0.00000000,False
2025-01-22 16:25:00,15745.53000000,32282.83000000,6617.42000000,0.00000000,False
2025-01-22 16:30:00,15465.44000000,31619.98000000,6617.26000000,0.00000000,False
2025-01-22 16:35:00,15280.00000000,30964.78000000,6617.24000000,0.00000000,False
2025-01-22 16:40:00,14790.57000000,29697.25000000,6617.14000000,0.00000000,False
2025-01-22 16:45:00,14086.21000000,28110.95000000,6617.00000000,0.00000000,False
2025-01-22 16:50:00,14127.93000000,28143.94000000,6364.03000000,0.00000000,False
2025-01-22 16:55:00,14311.25000000,27230.25000000,6364.33000000,0.00000000,False
2025-01-22 17:00:00,13923.03000000,26302.52000000,6288.41000000,0.00000000,False
2025-01-22 17:05:00,14082.33000000,25712.56000000,6252.25000000,0.00000000,False
2025-01-22 17:10:00,13077.83000000,23716.24000000,6252.39000000,0.00000000,False
2025-01-22 17:15:00,12423.41000000,22216.14000000,6252.33000000,0.00000000,False
2025-01-22 17:20:00,11704.73000000,20832.31000000,6252.28000000,0.00000000,False
2025-01-22 17:25:00,11436.24000000,19946.94000000,6252.27000000,0.00000000,False
2025-01-22 17:30:00,10938.75000000,18980.50000000,6252.21000000,0.00000000,False
2025-01-22 17:35:00,10141.18000000,17615.32000000,6252.11000000,0.00000000,False
2025-01-22 17:40:00,9700.18000000,16636.64000000,6252.30000000,0.00000000,False
2025-01-22 17:45:00,9036.78000000,15794.40000000,6252.33000000,0.00000000,False
2025-01-22 17:50:00,8650.03000000,15101.57000000,6164.72000000,0.00000000,False
2025-01-22 17:55:00,8580.86000000,14991.14000000,6164.69000000,0.00000000,False
2025-01-22 18:00:00,8442.64000000,14853.94000000,6137.97000000,0.00000000,False
2025-01-22 18:05:00,8165.09000000,14028.92000000,6086.66000000,0.00000000,False
2025-01-22 18:10:00,7947.06000000,13849.18000000,6086.74000000,0.00000000,False
2025-01-22 18:15:00,8030.81000000,13756.07000000,6069.80000000,0.00000000,False
2025-01-22 18:20:00,8119.71000000,13698.99000000,6069.60000000,0.00000000,False
2025-01-22 18:25:00,8303.75000000,13863.35000000,6069.53000000,0.00000000,False
2025-01-22 18:30:00,8386.40000000,14137.49000000,6069.58000000,0.00000000,False
2025-01-22 18:35:00,8379.00000000,14272.44000000,6069.56000000,0.00000000,False
2025-01-22 18:40:00,8584.04000000,14416.06000000,6069.72000000,0.00000000,False
2025-01-22 18:45:00,8675.21000000,14643.97000000,6069.69000000,0.00000000,False
2025-01-22 18:50:00,8764.06000000,14716.47000000,6069.65000000,0.00000000,False
2025-01-22 18:55:00,8853.80000000,14904.00000000,6115.81000000,0.00000000,False
2025-01-22 19:00:00,9100.97000000,15180.52000000,6091.18000000,0.00000000,False
2025-01-22 19:05:00,9106.38000000,15545.32000000,6091.18000000,0.00000000,False
2025-01-22 19:10:00,9382.70000000,15617.03000000,6091.18000000,0.00000000,False
2025-01-22 19:15:00,9277.99000000,15565.11000000,6091.22000000,0.00000000,False
2025-01-22 19:20:00,9280.46000000,15296.24000000,6091.18000000,0.00000000,False
2025-01-22 19:25:00,9232.21000000,15294.36000000,6091.17000000,0.00000000,False
2025-01-22 19:30:00,9278.54000000,15338.41000000,6091.18000000,0.00000000,False
2025-01-22 19:35:00,9421.92000000,15572.82000000,6097.09000000,0.00000000,False
2025-01-22 19:40:00,9449.46000000,15998.22000000,6097.10000000,0.00000000,False
2025-01-22 19:45:00,9514.90000000,16076.16000000,6097.09000000,0.00000000,False
2025-01-22 19:50:00,9557.17000000,16098.42000000,6097.09000000,0.00000000,False
2025-01-22 19:55:00,9477.99000000,16089.40000000,6097.08000000,0.00000000,False
2025-01-22 20:00:00,9527.72000000,16237.11000000,6063.42000000,0.00000000,False
2025-01-22 20:05:00,9569.25000000,16640.74000000,6126.47000000,0.00000000,False
2025-01-22 20:10:00,9580.95000000,16699.55000000,6176.50000000,0.00000000,False
2025-01-22 20:15:00,9567.03000000,16969.85000000,6176.50000000,0.00000000,False
2025-01-22 20:20:00,9623.74000000,17159.91000000,6176.51000000,0.00000000,False
2025-01-22 20:25:00,9783.91000000,17550.91000000,6176.50000000,0.00000000,False
2025-01-22 20:30:00,9880.56000000,17717.59000000,6176.40000000,0.00000000,False
2025-01-22 20:35:00,10004.74000000,18063.91000000,6176.48000000,0.00000000,False
2025-01-22 20:40:00,9984.82000000,18147.72000000,6176.40000000,0.00000000,False
2025-01-22 20:45:00,9840.25000000,18054.89000000,6176.40000000,0.00000000,False
2025-01-22 20:50:00,9953.17000000,18048.01000000,6184.85000000,0.00000000,False
2025-01-22 20:55:00,10065.86000000,18148.72000000,6184.81000000,0.00000000,False
2025-01-22 21:00:00,9976.21000000,17972.08000000,6199.20000000,0.00000000,False
2025-01-22 21:05:00,9897.48000000,18010.96000000,6391.22000000,0.00000000,False
2025-01-22 21:10:00,9906.10000000,18008.56000000,6391.27000000,0.00000000,False
2025-01-22 21:15:00,9895.06000000,17693.21000000,6385.36000000,0.00000000,False
2025-01-22 21:20:00,9943.54000000,17753.51000000,6385.39000000,0.00000000,False
2025-01-22 21:25:00,9991.58000000,18005.34000000,6385.57000000,0.00000000,False
2025-01-22 21:30:00,10137.01000000,18284.22000000,6528.95000000,0.00000000,False
2025-01-22 21:35:00,10084.45000000,18038.11000000,6634.81000000,0.00000000,False
2025-01-22 21:40:00,10160.17000000,18130.20000000,6635.10000000,0.00000000,False
2025-01-22 21:45:00,10193.40000000,18252.72000000,6635.01000000,0.00000000,False
2025-01-22 21:50:00,10138.01000000,18495.64000000,6635.07000000,0.00000000,False
2025-01-22 21:55:00,10290.10000000,18740.51000000,6641.23000000,0.00000000,False
2025-01-22 22:00:00,10275.83000000,19050.47000000,6226.85000000,0.00000000,False
2025-01-22 22:05:00,10361.76000000,19336.70000000,6618.14000000,0.00000000,False
2025-01-22 22:10:00,10477.77000000,19482.82000000,6612.29000000,0.00000000,False
2025-01-22 22:15:00,10453.52000000,19379.83000000,6612.27000000,0.00000000,False
2025-01-22 22:20:00,10404.01000000,19175.43000000,6612.30000000,0.00000000,False
2025-01-22 22:25:00,10389.20000000,19126.65000000,6612.40000000,0.00000000,False
2025-01-22 22:30:00,10564.32000000,19240.02000000,6612.50000000,0.00000000,False
2025-01-22 22:35:00,10538.47000000,19341.76000000,6612.14000000,0.00000000,False
2025-01-22 22:40:00,10396.84000000,18976.39000000,6612.09000000,0.00000000,False
2025-01-22 22:45:00,10431.02000000,19000.41000000,6612.19000000,0.00000000,False
2025-01-22 22:50:00,10468.59000000,19079.24000000,6612.13000000,0.00000000,False
2025-01-22 22:55:00,10421.96000000,19215.15000000,6612.46000000,0.00000000,False
2025-01-22 23:00:00,10254.95000000,18777.95000000,6615.16000000,0.00000000,False
2025-01-22 23:05:00,10153.67000000,18670.63000000,6618.11000000,0.00000000,False
2025-01-22 23:10:00,10244.94000000,18725.06000000,6618.13000000,0.00000000,False
2025-01-22 23:15:00,10249.51000000,18780.05000000,6618.23000000,0.00000000,False
2025-01-22 23:20:00,10280.92000000,18726.44000000,6624.12000000,0.00000000,False
2025-01-22 23:25:00,10136.85000000,18449.31000000,6624.13000000,0.00000000,False
2025-01-22 23:30:00,10071.83000000,18473.47000000,6624.23000000,0.00000000,False
2025-01-22 23:35:00,9915.57000000,18599.01000000,6624.06000000,0.00000000,False
2025-01-22 23:40:00,10009.34000000,18490.07000000,6624.04000000,0.00000000,False
2025-01-22 23:45:00,9905.73000000,18372.27000000,6623.84000000,0.00000000,False
2025-01-22 23:50:00,9854.39000000,18550.58000000,6623.92000000,0.00000000,False
2025-01-22 23:55:00,9776.41000000,18098.32000000,6579.09000000,0.00000000,False
2025-01-23 00:00:00,9708.01000000,17729.83000000,6262.96000000,0.00000000,False
2025-01-23 00:05:00,9350.91000000,16705.01000000,6754.52000000,0.00000000,False
2025-01-23 00:10:00,9094.69000000,16354.87000000,6694.53000000,0.00000000,False
2025-01-23 00:15:00,9021.58000000,16127.47000000,6541.36000000,0.00000000,False
2025-01-23 00:20:00,9116.44000000,16093.64000000,6541.66000000,0.00000000,False
2025-01-23 00:25:00,9324.10000000,16577.49000000,6541.60000000,0.00000000,False
2025-01-23 00:30:00,9377.61000000,16465.12000000,6491.45000000,0.00000000,False
2025-01-23 00:35:00,9091.40000000,16002.89000000,6491.50000000,0.00000000,False
2025-01-23 00:40:00,8922.48000000,15921.46000000,6491.49000000,0.00000000,False
2025-01-23 00:45:00,8323.78000000,15757.65000000,6491.31000000,0.00000000,False
2025-01-23 00:50:00,8573.05000000,15884.59000000,6440.11000000,0.00000000,False
2025-01-23 00:55:00,8907.23000000,16009.44000000,6440.40000000,0.00000000,False
2025-01-23 01:00:00,9182.04000000,16038.77000000,6289.79000000,0.00000000,False
2025-01-23 01:05:00,9325.12000000,16148.71000000,6341.43000000,0.00000000,False
2025-01-23 01:10:00,9455.39000000,16245.06000000,6341.56000000,0.00000000,False
2025-01-23 01:15:00,9626.95000000,16341.00000000,6341.49000000,0.00000000,False
2025-01-23 01:20:00,9152.14000000,16202.84000000,6341.13000000,0.00000000,False
2025-01-23 01:25:00,9181.49000000,16397.07000000,6285.00000000,0.00000000,False
2025-01-23 01:30:00,9391.57000000,16176.27000000,6143.80000000,0.00000000,False
2025-01-23 01:35:00,9522.18000000,15997.99000000,6143.76000000,0.00000000,False
2025-01-23 01:40:00,9474.95000000,15941.84000000,6143.80000000,0.00000000,False
2025-01-23 01:45:00,9479.67000000,15731.31000000,6143.72000000,0.00000000,False
2025-01-23 01:50:00,9187.60000000,15489.13000000,6143.72000000,0.00000000,False
2025-01-23 01:55:00,9155.16000000,15578.39000000,6106.43000000,0.00000000,False
2025-01-23 02:00:00,9210.10000000,15808.59000000,6110.64000000,0.00000000,False
2025-01-23 02:05:00,9209.32000000,15855.84000000,6108.91000000,0.00000000,False
2025-01-23 02:10:00,9194.32000000,15920.79000000,6072.01000000,0.00000000,False
2025-01-23 02:15:00,9139.99000000,15995.76000000,6072.02000000,0.00000000,False
2025-01-23 02:20:00,9098.01000000,15808.54000000,6071.96000000,0.00000000,False
2025-01-23 02:25:00,9041.39000000,15551.06000000,6071.91000000,0.00000000,False
2025-01-23 02:30:00,9103.17000000,15947.91000000,6072.01000000,0.00000000,False
2025-01-23 02:35:00,9185.92000000,15904.18000000,6072.01000000,0.00000000,False
2025-01-23 02:40:00,9276.46000000,16050.83000000,6021.01000000,0.00000000,False
2025-01-23 02:45:00,9192.85000000,15780.81000000,6021.07000000,0.00000000,False
2025-01-23 02:50:00,9176.14000000,15843.82000000,6021.07000000,0.00000000,False
2025-01-23 02:55:00,9185.36000000,16174.16000000,5970.01000000,0.00000000,False
2025-01-23 03:00:00,9316.86000000,16218.84000000,6023.35000000,0.00000000,False
2025-01-23 03:05:00,9426.61000000,16097.20000000,6023.40000000,0.00000000,False
2025-01-23 03:10:00,9530.91000000,16115.71000000,6023.40000000,0.00000000,False
2025-01-23 03:15:00,9506.53000000,16056.47000000,6023.40000000,0.00000000,False
2025-01-23 03:20:00,9461.89000000,15927.82000000,6023.40000000,0.00000000,False
2025-01-23 03:25:00,9482.80000000,15965.06000000,6023.40000000,0.00000000,False
2025-01-23 03:30:00,9522.20000000,16025.13000000,6023.35000000,0.00000000,False
2025-01-23 03:35:00,9519.73000000,15750.21000000,6023.40000000,0.00000000,False
2025-01-23 03:40:00,9480.73000000,15861.01000000,6023.35000000,0.00000000,False
2025-01-23 03:45:00,9466.65000000,15727.25000000,6023.30000000,0.00000000,False
2025-01-23 03:50:00,9446.04000000,15751.37000000,6023.35000000,0.00000000,False
2025-01-23 03:55:00,9417.69000000,15716.28000000,6023.40000000,0.00000000,False
2025-01-23 04:00:00,9467.68000000,15671.95000000,5974.71000000,0.00000000,False
2025-01-23 04:05:00,9336.53000000,15130.19000000,6019.71000000,0.00000000,False
2025-01-23 04:10:00,9212.02000000,15008.60000000,6019.71000000,0.00000000,False
2025-01-23 04:15:00,9323.62000000,15040.35000000,6019.72000000,0.00000000,False
2025-01-23 04:20:00,9182.95000000,15008.44000000,6019.60000000,0.00000000,False
2025-01-23 04:25:00,9171.15000000,15052.75000000,6019.66000000,0.00000000,False
2025-01-23 04:30:00,9316.01000000,15029.51000000,6019.71000000,0.00000000,False
2025-01-23 04:35:00,9187.89000000,14749.52000000,6019.61000000,0.00000000,False
2025-01-23 04:40:00,9051.61000000,14665.51000000,6019.61000000,0.00000000,False
2025-01-23 04:45:00,8962.51000000,14610.42000000,6018.71000000,0.00000000,False
2025-01-23 04:50:00,9043.59000000,14526.73000000,6010.21000000,0.00000000,False
2025-01-23 04:55:00,8962.46000000,14231.09000000,6045.16000000,0.00000000,False
2025-01-23 05:00:00,8935.57000000,14260.83000000,5867.28000000,0.00000000,False
2025-01-23 05:05:00,8735.42000000,13746.30000000,5766.17000000,0.00000000,False
2025-01-23 05:10:00,8525.17000000,13515.43000000,5715.12000000,0.00000000,False
2025-01-23 05:15:00,8545.66000000,13909.71000000,5249.82000000,0.00000000,False
2025-01-23 05:20:00,8525.29000000,13800.19000000,5249.82000000,0.00000000,False
2025-01-23 05:25:00,8597.50000000,13873.71000000,5249.88000000,0.00000000,False
2025-01-23 05:30:00,8652.25000000,13983.82000000,5057.87000000,0.00000000,False
2025-01-23 05:35:00,8631.73000000,13537.25000000,5009.77000000,0.00000000,False
2025-01-23 05:40:00,8421.23000000,13336.60000000,5009.71000000,0.00000000,False
2025-01-23 05:45:00,8362.56000000,13360.64000000,5009.71000000,0.00000000,False
2025-01-23 05:50:00,8438.69000000,13293.56000000,4960.82000000,0.00000000,False
2025-01-23 05:55:00,8388.08000000,13245.45000000,4852.72000000,0.00000000,False
2025-01-23 06:00:00,8594.02000000,13451.42000000,4807.01000000,0.00000000,False
2025-01-23 06:05:00,8139.65000000,12740.85000000,4530.91000000,0.00000000,False
2025-01-23 06:10:00,8258.41000000,12790.92000000,4378.91000000,0.00000000,False
2025-01-23 06:15:00,8207.54000000,12768.30000000,4373.06000000,0.00000000,False
2025-01-23 06:20:00,8172.07000000,12698.90000000,4372.95000000,0.00000000,False
2025-01-23 06:25:00,8242.66000000,12592.20000000,4419.00000000,0.00000000,False
2025-01-23 06:30:00,7952.10000000,12247.05000000,4419.01000000,0.00000000,False
2025-01-23 06:35:00,7710.98000000,11995.17000000,4419.06000000,0.00000000,False
2025-01-23 06:40:00,7658.04000000,12254.98000000,4373.12000000,0.00000000,False
2025-01-23 06:45:00,7443.66000000,12003.07000000,4373.11000000,0.00000000,False
2025-01-23 06:50:00,7207.34000000,11718.38000000,4373.00000000,0.00000000,False
2025-01-23 06:55:00,7035.25000000,11434.95000000,4497.78000000,0.00000000,False
2025-01-23 07:00:00,7003.24000000,11423.65000000,4494.31000000,0.00000000,False
2025-01-23 07:05:00,6989.55000000,11038.06000000,4448.26000000,0.00000000,False
2025-01-23 07:10:00,6741.25000000,10614.39000000,4448.26000000,0.00000000,False
2025-01-23 07:15:00,6772.44000000,10683.86000000,4448.26000000,0.00000000,False
2025-01-23 07:20:00,6733.28000000,10727.64000000,4448.31000000,0.00000000,False
2025-01-23 07:25:00,6749.15000000,10786.53000000,4448.26000000,0.00000000,False
2025-01-23 07:30:00,6862.33000000,10983.84000000,4448.21000000,0.00000000,False
2025-01-23 07:35:00,7005.95000000,11349.14000000,4448.15000000,0.00000000,False
2025-01-23 07:40:00,7145.89000000,11589.49000000,4494.21000000,0.00000000,False
2025-01-23 07:45:00,7263.70000000,12105.98000000,4542.15000000,0.00000000,False
2025-01-23 07:50:00,7599.65000000,12435.82000000,4590.21000000,0.00000000,False
2025-01-23 07:55:00,7518.66000000,12709.42000000,4636.31000000,0.00000000,False
2025-01-23 08:00:00,7632.52000000,13215.96000000,4689.98000000,0.00000000,False
2025-01-23 08:05:00,7984.94000000,13772.06000000,5104.34000000,0.00000000,False
2025-01-23 08:10:00,8363.60000000,14375.65000000,5112.64000000,0.00000000,False
2025-01-23 08:15:00,8982.68000000,15563.85000000,5202.19000000,0.00000000,False
2025-01-23 08:20:00,9316.20000000,16092.82000000,5183.19000000,0.00000000,False
2025-01-23 08:25:00,9388.00000000,16605.36000000,5518.34000000,0.00000000,False
2025-01-23 08:30:00,9596.19000000,17134.35000000,5748.07000000,0.00000000,False
2025-01-23 08:35:00,9936.20000000,18255.67000000,5905.34000000,0.00000000,False
2025-01-23 08:40:00,10403.96000000,19643.65000000,6191.64000000,0.00000000,False
2025-01-23 08:45:00,11089.46000000,20664.54000000,6191.24000000,0.00000000,False
2025-01-23 08:50:00,11745.74000000,21144.69000000,6201.22000000,0.00000000,False
2025-01-23 08:55:00,12024.28000000,22237.43000000,6206.27000000,0.00000000,False
2025-01-23 09:00:00,11366.75000000,21596.56000000,5892.12000000,0.00000000,False
2025-01-23 09:05:00,11253.45000000,20942.03000000,5921.12000000,0.00000000,False
2025-01-23 09:10:00,10901.26000000,20293.83000000,6133.19000000,0.00000000,False
2025-01-23 09:15:00,10766.32000000,19832.44000000,6150.87000000,0.00000000,False
2025-01-23 09:20:00,10610.80000000,19578.24000000,6165.35000000,0.00000000,False
2025-01-23 09:25:00,10480.83000000,19073.27000000,6175.86000000,0.00000000,False
2025-01-23 09:30:00,10310.34000000,18978.88000000,6176.41000000,0.00000000,False
2025-01-23 09:35:00,10413.70000000,19232.51000000,6175.72000000,0.00000000,False
2025-01-23 09:40:00,10611.41000000,19736.38000000,6176.16000000,0.00000000,False
2025-01-23 09:45:00,10834.58000000,20363.77000000,6176.18000000,0.00000000,False
2025-01-23 09:50:00,10929.29000000,20821.62000000,6174.88000000,0.00000000,False
2025-01-23 09:55:00,11271.50000000,21271.30000000,6176.81000000,0.00000000,False
2025-01-23 10:00:00,11364.45000000,21707.00000000,5837.66000000,0.00000000,False
2025-01-23 10:05:00,11508.24000000,22203.13000000,6196.38000000,0.00000000,False
2025-01-23 10:10:00,11663.54000000,22631.77000000,6196.31000000,0.00000000,False
2025-01-23 10:15:00,11803.24000000,23198.06000000,6196.29000000,0.00000000,False
2025-01-23 10:20:00,11950.40000000,23327.91000000,6177.81000000,0.00000000,False
2025-01-23 10:25:00,12158.32000000,23881.59000000,6220.24000000,0.00000000,False
2025-01-23 10:30:00,12337.45000000,24779.34000000,6220.22000000,0.00000000,False
2025-01-23 10:35:00,12558.15000000,25274.22000000,6219.93000000,0.00000000,False
2025-01-23 10:40:00,12762.11000000,25814.86000000,6220.05000000,0.00000000,False
2025-01-23 10:45:00,12894.24000000,26374.75000000,6219.96000000,0.00000000,False
2025-01-23 10:50:00,13052.93000000,26940.24000000,6220.02000000,0.00000000,False
2025-01-23 10:55:00,13282.78000000,27514.47000000,6220.11000000,0.00000000,False
2025-01-23 11:00:00,13281.72000000,27576.83000000,6087.43000000,0.00000000,False
2025-01-23 11:05:00,13195.30000000,27785.73000000,6364.99000000,0.00000000,False
2025-01-23 11:10:00,13254.52000000,28164.02000000,6364.89000000,0.00000000,False
2025-01-23 11:15:00,13361.54000000,28965.98000000,6364.82000000,0.00000000,False
2025-01-23 11:20:00,13485.69000000,29606.29000000,6364.86000000,0.00000000,False
2025-01-23 11:25:00,13592.48000000,30457.32000000,6364.93000000,0.00000000,False
2025-01-23 11:30:00,13709.06000000,30745.90000000,6364.90000000,0.00000000,False
2025-01-23 11:35:00,13831.83000000,30974.96000000,6364.82000000,0.00000000,False
2025-01-23 11:40:00,13795.54000000,31219.91000000,6364.88000000,0.00000000,False
2025-01-23 11:45:00,13933.98000000,31599.61000000,6364.55000000,0.00000000,False
2025-01-23 11:50:00,14248.11000000,32014.30000000,6364.48000000,0.00000000,False
2025-01-23 11:55:00,14013.48000000,32355.52000000,6364.83000000,0.00000000,False
2025-01-23 12:00:00,13943.89000000,31893.67000000,6361.56000000,0.00000000,False
2025-01-23 12:05:00,14152.26000000,32097.45000000,6360.96000000,0.00000000,False
2025-01-23 12:10:00,14222.84000000,32096.30000000,6409.00000000,0.00000000,False
2025-01-23 12:15:00,14409.86000000,32568.56000000,6409.16000000,0.00000000,False
2025-01-23 12:20:00,14485.47000000,32190.72000000,6409.29000000,0.00000000,False
2025-01-23 12:25:00,14399.97000000,32204.68000000,6409.25000000,0.00000000,False
2025-01-23 12:30:00,14399.38000000,32606.38000000,6409.16000000,0.00000000,False
2025-01-23 12:35:00,14344.01000000,32434.96000000,6409.12000000,0.00000000,False
2025-01-23 12:40:00,14351.94000000,32290.59000000,6409.05000000,0.00000000,False
2025-01-23 12:45:00,14305.05000000,32700.12000000,6408.74000000,0.00000000,False
2025-01-23 12:50:00,14354.28000000,32481.04000000,6408.67000000,0.00000000,False
2025-01-23 12:55:00,14316.59000000,32464.88000000,6408.94000000,0.00000000,False
2025-01-23 13:00:00,14404.64000000,32493.07000000,6398.87000000,0.00000000,False
2025-01-23 13:05:00,14808.54000000,32862.86000000,6419.07000000,0.00000000,False
2025-01-23 13:10:00,14980.58000000,32947.74000000,6418.88000000,0.00000000,False
2025-01-23 13:15:00,15028.51000000,33274.68000000,6418.74000000,0.00000000,False
2025-01-23 13:20:00,15048.18000000,33651.53000000,6418.65000000,0.00000000,False
2025-01-23 13:25:00,15053.47000000,33917.18000000,6418.80000000,0.00000000,False
2025-01-23 13:30:00,15020.83000000,33782.20000000,6418.72000000,0.00000000,False
2025-01-23 13:35:00,15090.91000000,33852.21000000,6418.64000000,0.00000000,False
2025-01-23 13:40:00,15105.79000000,34401.90000000,6418.60000000,0.00000000,False
2025-01-23 13:45:00,15073.84000000,34460.30000000,6418.41000000,0.00000000,False
2025-01-23 13:50:00,15077.26000000,34544.38000000,6418.39000000,0.00000000,False
2025-01-23 13:55:00,15020.17000000,34762.07000000,6418.65000000,0.00000000,False
2025-01-23 14:00:00,15279.33000000,35068.52000000,6405.86000000,0.00000000,False
2025-01-23 14:05:00,15069.18000000,34172.90000000,6262.86000000,0.00000000,False
2025-01-23 14:10:00,15165.36000000,34431.67000000,6262.48000000,0.00000000,False
2025-01-23 14:15:00,15086.22000000,34691.92000000,6262.36000000,0.00000000,False
2025-01-23 14:20:00,14968.09000000,34707.78000000,6262.66000000,0.00000000,False
2025-01-23 14:25:00,15167.56000000,35168.68000000,6262.78000000,0.00000000,False
2025-01-23 14:30:00,15064.75000000,35220.32000000,6262.72000000,0.00000000,False
2025-01-23 14:35:00,15136.63000000,35712.59000000,6262.80000000,0.00000000,False
2025-01-23 14:40:00,14993.17000000,35573.28000000,6262.89000000,0.00000000,False
2025-01-23 14:45:00,14753.82000000,35342.58000000,6262.54000000,0.00000000,False
2025-01-23 14:50:00,14886.30000000,35494.70000000,6262.44000000,0.00000000,False
2025-01-23 14:55:00,14892.40000000,35696.43000000,6262.54000000,0.00000000,False
2025-01-23 15:00:00,15116.88000000,36050.84000000,6263.05000000,0.00000000,False
2025-01-23 15:05:00,14940.42000000,35967.87000000,6260.18000000,0.00000000,False
2025-01-23 15:10:00,14972.83000000,36194.28000000,6260.06000000,0.00000000,False
2025-01-23 15:15:00,14936.51000000,36078.25000000,6259.91000000,0.00000000,False
2025-01-23 15:20:00,14758.50000000,36036.72000000,6260.05000000,0.00000000,False
2025-01-23 15:25:00,14860.49000000,35943.66000000,6260.21000000,0.00000000,False
2025-01-23 15:30:00,14942.28000000,36030.15000000,6308.33000000,0.00000000,False
2025-01-23 15:35:00,14848.95000000,35785.61000000,6308.28000000,0.00000000,False
2025-01-23 15:40:00,14800.50000000,35358.21000000,6308.26000000,0.00000000,False
2025-01-23 15:45:00,14721.85000000,35510.87000000,6307.99000000,0.00000000,False
2025-01-23 15:50:00,14772.85000000,35128.77000000,6307.98000000,0.00000000,False
2025-01-23 15:55:00,14892.93000000,35150.75000000,6308.28000000,0.00000000,False
2025-01-23 16:00:00,14723.99000000,35117.41000000,6308.78000000,0.00000000,False
2025-01-23 16:05:00,14840.61000000,34951.29000000,6310.21000000,0.00000000,False
2025-01-23 16:10:00,15021.40000000,34498.35000000,6310.15000000,0.00000000,False
2025-01-23 16:15:00,14921.21000000,33559.74000000,6310.13000000,0.00000000,False
2025-01-23 16:20:00,15196.21000000,32624.75000000,6310.17000000,0.00000000,False
2025-01-23 16:25:00,15244.33000000,31747.11000000,6310.50000000,0.00000000,False
2025-01-23 16:30:00,14723.48000000,30485.34000000,6310.48000000,0.00000000,False
2025-01-23 16:35:00,14616.44000000,29797.83000000,6310.23000000,0.00000000,False
2025-01-23 16:40:00,14339.40000000,28304.87000000,6310.30000000,0.00000000,False
2025-01-23 16:45:00,13340.33000000,26515.76000000,6308.00000000,0.00000000,False
2025-01-23 16:50:00,13300.26000000,25489.49000000,6308.00000000,0.00000000,False
2025-01-23 16:55:00,13002.95000000,24554.23000000,6285.32000000,0.00000000,False
2025-01-23 17:00:00,13098.23000000,24244.13000000,6011.42000000,0.00000000,False
2025-01-23 17:05:00,12996.02000000,23660.76000000,6181.63000000,0.00000000,False
2025-01-23 17:10:00,12228.84000000,22250.26000000,6181.57000000,0.00000000,False
2025-01-23 17:15:00,12143.55000000,21015.01000000,6181.56000000,0.00000000,False
2025-01-23 17:20:00,11617.04000000,19376.26000000,6181.47000000,0.00000000,False
2025-01-23 17:25:00,10848.53000000,17830.35000000,6181.55000000,0.00000000,False
2025-01-23 17:30:00,9878.17000000,16279.19000000,6181.72000000,0.00000000,False
2025-01-23 17:35:00,9245.74000000,14908.96000000,5701.74000000,0.00000000,False
2025-01-23 17:40:00,8771.70000000,13825.24000000,5701.80000000,0.00000000,False
2025-01-23 17:45:00,8463.40000000,13358.45000000,5599.77000000,0.00000000,False
2025-01-23 17:50:00,8066.32000000,12611.57000000,5502.54000000,0.00000000,False
2025-01-23 17:55:00,8081.19000000,12596.00000000,5268.00000000,0.00000000,False
2025-01-23 18:00:00,7842.67000000,11966.23000000,5275.42000000,0.00000000,False
2025-01-23 18:05:00,7581.19000000,11467.04000000,5319.40000000,0.00000000,False
2025-01-23 18:10:00,7305.45000000,11079.21000000,5272.37000000,0.00000000,False
2025-01-23 18:15:00,7169.75000000,10752.89000000,5128.24000000,0.00000000,False
2025-01-23 18:20:00,7327.28000000,11234.47000000,4753.86000000,0.00000000,False
2025-01-23 18:25:00,7508.92000000,11099.23000000,4753.75000000,0.00000000,False
2025-01-23 18:30:00,7496.10000000,10937.34000000,4569.87000000,0.00000000,False
2025-01-23 18:35:00,7203.75000000,10610.66000000,4569.88000000,0.00000000,False
2025-01-23 18:40:00,7209.83000000,10678.18000000,4507.76000000,0.00000000,False
2025-01-23 18:45:00,7266.58000000,10899.41000000,4507.60000000,0.00000000,False
2025-01-23 18:50:00,7374.93000000,10886.04000000,4262.60000000,0.00000000,False
2025-01-23 18:55:00,7302.48000000,10771.67000000,4154.71000000,0.00000000,False
2025-01-23 19:00:00,7409.20000000,10460.28000000,4035.24000000,0.00000000,False
2025-01-23 19:05:00,7568.27000000,11150.00000000,3888.23000000,0.00000000,False
2025-01-23 19:10:00,8033.91000000,11164.27000000,3888.24000000,0.01520000,False
2025-01-23 19:15:00,7889.54000000,10924.69000000,3888.18000000,3.37800000,False
2025-01-23 19:20:00,7866.17000000,10798.01000000,3888.23000000,2.15390000,False
2025-01-23 19:25:00,7923.79000000,10792.75000000,3888.13000000,1.23550000,False
2025-01-23 19:30:00,7788.43000000,10709.46000000,3888.18000000,3.79080000,False
2025-01-23 19:35:00,7733.89000000,10497.43000000,3888.23000000,0.34310000,False
2025-01-23 19:40:00,7543.94000000,10300.47000000,3808.23000000,0.04360000,False
2025-01-23 19:45:00,7215.10000000,9994.10000000,3808.13000000,0.00610000,False
2025-01-23 19:50:00,7356.09000000,10200.95000000,3808.18000000,1.02580000,False
2025-01-23 19:55:00,7586.13000000,10760.37000000,3754.18000000,0.96280000,False
2025-01-23 20:00:00,7509.89000000,9758.31000000,3868.62000000,5.98870000,False
2025-01-23 20:05:00,7175.37000000,9379.82000000,3868.83000000,3.20500000,False
2025-01-23 20:10:00,7038.88000000,9400.97000000,3563.62000000,0.00800000,False
2025-01-23 20:15:00,6982.37000000,9135.14000000,3563.62000000,2.01500000,False
2025-01-23 20:20:00,6873.42000000,8906.49000000,3563.57000000,4.79120000,False
2025-01-23 20:25:00,6673.57000000,8798.98000000,3563.62000000,12.58350000,False
2025-01-23 20:30:00,6652.75000000,9256.74000000,3500.42000000,0.00000000,False
2025-01-23 20:35:00,6572.65000000,9335.83000000,3500.37000000,0.00000000,False
2025-01-23 20:40:00,6818.77000000,9551.12000000,3290.32000000,0.00000000,False
2025-01-23 20:45:00,6750.87000000,9421.32000000,3298.87000000,0.56680000,False
2025-01-23 20:50:00,6637.65000000,9385.89000000,3187.92000000,0.00000000,False
2025-01-23 20:55:00,6445.01000000,9179.15000000,3188.11000000,0.00000000,False
2025-01-23 21:00:00,6213.20000000,9136.83000000,3130.95000000,1.26320000,False
2025-01-23 21:05:00,6300.99000000,9472.08000000,2840.62000000,4.99800000,False
2025-01-23 21:10:00,6590.25000000,9454.70000000,2840.62000000,2.00850000,False
2025-01-23 21:15:00,6811.90000000,9707.87000000,2840.56000000,4.06210000,False
2025-01-23 21:20:00,6878.07000000,9629.65000000,2840.56000000,0.00000000,False
2025-01-23 21:25:00,6751.86000000,9641.50000000,2840.51000000,0.21750000,False
2025-01-23 21:30:00,6838.17000000,10008.58000000,2795.62000000,0.00000000,False
2025-01-23 21:35:00,7001.86000000,10229.35000000,2757.68000000,2.78650000,False
2025-01-23 21:40:00,7002.49000000,9998.29000000,2757.62000000,1.80310000,False
2025-01-23 21:45:00,6865.54000000,9959.29000000,2757.67000000,0.14080000,False
2025-01-23 21:50:00,6847.30000000,10297.35000000,2757.62000000,22.46700000,False
2025-01-23 21:55:00,7133.79000000,10708.81000000,2757.62000000,16.22720000,False
2025-01-23 22:00:00,7132.88000000,9971.04000000,2393.06000000,109.10910000,False
2025-01-23 22:05:00,7027.99000000,10149.27000000,2777.86000000,105.87870000,False
2025-01-23 22:10:00,7221.53000000,10194.23000000,2777.86000000,88.25310000,False
2025-01-23 22:15:00,6970.07000000,9883.83000000,2777.75000000,89.37070000,False
2025-01-23 22:20:00,6977.77000000,9788.63000000,2777.75000000,78.94850000,False
2025-01-23 22:25:00,7139.61000000,10259.06000000,2777.86000000,58.51860000,False
2025-01-23 22:30:00,7291.36000000,10737.29000000,2777.86000000,26.32480000,False
2025-01-23 22:35:00,7474.42000000,11098.54000000,2777.75000000,34.25410000,False
2025-01-23 22:40:00,7466.02000000,11020.46000000,2777.75000000,34.02720000,False
2025-01-23 22:45:00,7510.98000000,10980.58000000,2777.86000000,40.08800000,False
2025-01-23 22:50:00,7482.11000000,10938.40000000,2777.86000000,41.28840000,False
2025-01-23 22:55:00,7506.56000000,10896.19000000,2887.86000000,39.07680000,False
2025-01-23 23:00:00,7449.13000000,11359.58000000,2842.81000000,75.38830000,False
2025-01-23 23:05:00,7618.92000000,11444.31000000,2979.16000000,59.45640000,False
2025-01-23 23:10:00,7753.00000000,11575.54000000,2979.16000000,56.95810000,False
2025-01-23 23:15:00,7880.54000000,11833.65000000,2979.16000000,46.33520000,False
2025-01-23 23:20:00,7874.90000000,11862.62000000,2979.21000000,46.20790000,False
2025-01-23 23:25:00,7870.70000000,12018.20000000,3033.21000000,41.35250000,False
2025-01-23 23:30:00,7963.06000000,12238.20000000,3033.21000000,34.32270000,False
2025-01-23 23:35:00,8106.45000000,12244.47000000,3033.11000000,35.45000000,False
2025-01-23 23:40:00,8143.28000000,12511.32000000,3033.11000000,32.43210000,False
2025-01-23 23:45:00,8148.51000000,12634.83000000,3039.11000000,33.88500000,False
2025-01-23 23:50:00,8038.98000000,12511.19000000,3136.66000000,32.17110000,False
2025-01-23 23:55:00,7972.66000000,12458.97000000,3483.61000000,22.83300000,False
2025-01-24 00:00:00,7815.36000000,12445.41000000,3434.66000000,26.87380000,False
2025-01-24 00:05:00,7992.40000000,12116.60000000,3805.26000000,38.66300000,False
2025-01-24 00:10:00,8095.15000000,12414.09000000,3967.26000000,22.08030000,False
2025-01-24 00:15:00,8083.88000000,12517.29000000,3967.26000000,30.86530000,False
2025-01-24 00:20:00,8139.04000000,12882.58000000,4063.26000000,22.71220000,False
2025-01-24 00:25:00,8251.92000000,13138.64000000,3884.26000000,15.33360000,False
2025-01-24 00:30:00,8318.94000000,13135.81000000,3884.26000000,15.13440000,False
2025-01-24 00:35:00,8272.13000000,13124.11000000,4064.26000000,12.49550000,False
2025-01-24 00:40:00,8225.39000000,13114.18000000,4199.26000000,9.58290000,False
2025-01-24 00:45:00,8246.41000000,13535.47000000,4199.26000000,6.91900000,False
2025-01-24 00:50:00,8208.75000000,13533.95000000,4333.26000000,6.97690000,False
2025-01-24 00:55:00,8266.98000000,13696.05000000,4333.26000000,4.50320000,False
2025-01-24 01:00:00,8330.64000000,13456.85000000,4291.58000000,3.94790000,False
2025-01-24 01:05:00,8156.18000000,13328.16000000,4323.47000000,3.29970000,False
2025-01-24 01:10:00,8347.56000000,13649.31000000,4387.17000000,3.45800000,False
2025-01-24 01:15:00,8317.64000000,13675.31000000,4490.17000000,3.53840000,False
2025-01-24 01:20:00,8341.25000000,13548.64000000,4490.17000000,10.20040000,False
2025-01-24 01:25:00,8497.40000000,14087.47000000,4490.17000000,2.56310000,False
2025-01-24 01:30:00,8599.07000000,14381.04000000,4496.07000000,3.48540000,False
2025-01-24 01:35:00,8623.41000000,13982.90000000,4541.07000000,4.52710000,False
2025-01-24 01:40:00,8674.76000000,14197.08000000,4621.07000000,4.35440000,False
2025-01-24 01:45:00,8743.86000000,14462.61000000,4701.07000000,5.05260000,False
2025-01-24 01:50:00,8770.09000000,14537.27000000,4701.07000000,4.24470000,False
2025-01-24 01:55:00,8655.67000000,14558.10000000,4695.17000000,3.92540000,False
2025-01-24 02:00:00,8744.81000000,14550.39000000,4750.61000000,1.80970000,False
2025-01-24 02:05:00,9056.81000000,14992.35000000,4840.64000000,5.10300000,False
2025-01-24 02:10:00,9267.82000000,15340.24000000,4930.64000000,2.48790000,False
2025-01-24 02:15:00,9252.68000000,15370.29000000,4936.54000000,6.20230000,False
2025-01-24 02:20:00,9291.51000000,15318.70000000,4891.54000000,4.15320000,False
2025-01-24 02:25:00,9261.66000000,15505.14000000,4891.54000000,2.78960000,False
2025-01-24 02:30:00,9342.37000000,15499.51000000,5117.54000000,5.76060000,False
2025-01-24 02:35:00,9383.58000000,15657.07000000,5117.54000000,5.92050000,False
2025-01-24 02:40:00,9305.08000000,15816.33000000,5162.54000000,4.29600000,False
2025-01-24 02:45:00,9478.12000000,16086.13000000,5117.54000000,3.27140000,False
2025-01-24 02:50:00,9466.79000000,16172.11000000,5117.54000000,1.81920000,False
2025-01-24 02:55:00,9588.07000000,16287.31000000,5261.54000000,2.95330000,False
2025-01-24 03:00:00,9680.27000000,16361.20000000,5259.51000000,3.62630000,False
2025-01-24 03:05:00,9920.37000000,16304.17000000,5259.47000000,3.11970000,False
2025-01-24 03:10:00,9992.01000000,16608.25000000,5554.47000000,2.82100000,False
2025-01-24 03:15:00,9891.04000000,16543.79000000,5746.51000000,2.39070000,False
2025-01-24 03:20:00,9789.30000000,16386.06000000,5854.92000000,3.19650000,False
2025-01-24 03:25:00,9703.04000000,15963.23000000,5910.88000000,2.65750000,False
2025-01-24 03:30:00,9748.37000000,16227.34000000,5966.92000000,2.66370000,False
2025-01-24 03:35:00,9802.56000000,16399.87000000,5967.01000000,3.49650000,False
2025-01-24 03:40:00,9800.19000000,16753.12000000,5967.03000000,3.42830000,False
2025-01-24 03:45:00,9772.66000000,16763.25000000,5967.03000000,2.67590000,False
2025-01-24 03:50:00,9874.56000000,16788.09000000,5967.02000000,3.30720000,False
2025-01-24 03:55:00,9804.54000000,17026.29000000,5967.01000000,3.62940000,False
2025-01-24 04:00:00,10020.48000000,17074.88000000,5918.81000000,1.02030000,False
2025-01-24 04:05:00,10234.64000000,16848.25000000,5873.82000000,0.83470000,False
2025-01-24 04:10:00,10104.17000000,16819.14000000,5873.82000000,0.87260000,False
2025-01-24 04:15:00,9992.95000000,16929.22000000,5873.80000000,1.05770000,False
2025-01-24 04:20:00,9979.53000000,16835.29000000,5873.81000000,0.89100000,False
2025-01-24 04:25:00,10083.79000000,16740.21000000,5867.97000000,0.67460000,False
2025-01-24 04:30:00,9906.09000000,16648.25000000,5867.92000000,2.06490000,False
2025-01-24 04:35:00,9811.36000000,16676.40000000,5868.03000000,2.97210000,False
2025-01-24 04:40:00,9917.79000000,16666.39000000,5811.79000000,1.53790000,False
2025-01-24 04:45:00,9871.93000000,16917.89000000,5811.81000000,2.87130000,False
2025-01-24 04:50:00,9989.58000000,16830.13000000,5768.84000000,2.60480000,False
2025-01-24 04:55:00,9994.24000000,16826.65000000,5752.87000000,1.38740000,False
2025-01-24 05:00:00,10062.41000000,16750.21000000,5524.48000000,0.95940000,False
2025-01-24 05:05:00,9906.93000000,16597.94000000,5431.27000000,0.90410000,False
2025-01-24 05:10:00,9761.77000000,16247.35000000,5431.27000000,1.23750000,False
2025-01-24 05:15:00,9666.50000000,15984.53000000,5375.17000000,1.42640000,False
2025-01-24 05:20:00,9712.41000000,16095.63000000,5375.14000000,2.09850000,False
2025-01-24 05:25:00,9787.39000000,16264.25000000,5375.13000000,3.12030000,False
2025-01-24 05:30:00,9815.93000000,16009.38000000,5375.13000000,2.54550000,False
2025-01-24 05:35:00,9793.64000000,15837.91000000,5375.12000000,2.06540000,False
2025-01-24 05:40:00,9743.94000000,15570.08000000,5375.11000000,1.58350000,False
2025-01-24 05:45:00,9751.66000000,15331.87000000,5374.99000000,1.77850000,False
2025-01-24 05:50:00,9890.41000000,15226.06000000,5375.11000000,1.94390000,False
2025-01-24 05:55:00,9737.55000000,14896.22000000,5375.13000000,2.87190000,False
2025-01-24 06:00:00,9933.15000000,14763.67000000,5374.59000000,1.60100000,False
2025-01-24 06:05:00,9566.18000000,14263.99000000,5372.94000000,0.58910000,False
2025-01-24 06:10:00,9422.60000000,13775.73000000,5372.93000000,1.08190000,False
2025-01-24 06:15:00,9134.63000000,13418.17000000,5372.94000000,2.21540000,False
2025-01-24 06:20:00,8743.34000000,12788.80000000,5414.21000000,0.34880000,False
2025-01-24 06:25:00,8549.34000000,12581.15000000,5455.96000000,0.08710000,False
2025-01-24 06:30:00,8565.04000000,12475.89000000,5455.94000000,0.68240000,False
2025-01-24 06:35:00,8449.57000000,12252.80000000,5455.91000000,3.69980000,False
2025-01-24 06:40:00,8307.38000000,12083.93000000,5456.10000000,2.45160000,False
2025-01-24 06:45:00,8267.45000000,11548.01000000,5456.05000000,4.02450000,False
2025-01-24 06:50:00,8130.03000000,11506.87000000,5326.61000000,2.88260000,False
2025-01-24 06:55:00,8205.23000000,11613.63000000,5275.57000000,6.02940000,False
2025-01-24 07:00:00,8342.93000000,11730.59000000,5052.72000000,1.05730000,False
2025-01-24 07:05:00,8000.20000000,11667.15000000,5054.45000000,4.81490000,False
2025-01-24 07:10:00,7915.11000000,11425.98000000,5054.66000000,2.68760000,False
2025-01-24 07:15:00,8103.33000000,11855.59000000,5054.58000000,3.19450000,False
2025-01-24 07:20:00,8142.71000000,11953.96000000,5054.41000000,3.05460000,False
2025-01-24 07:25:00,8022.92000000,11957.15000000,5054.44000000,1.58100000,False
2025-01-24 07:30:00,8135.00000000,12297.17000000,5054.45000000,2.65090000,False
2025-01-24 07:35:00,8512.38000000,12621.88000000,5054.53000000,1.85590000,False
2025-01-24 07:40:00,8675.54000000,13099.72000000,5054.65000000,3.13980000,False
2025-01-24 07:45:00,8839.67000000,13511.96000000,5054.54000000,2.07640000,False
2025-01-24 07:50:00,9064.31000000,14444.60000000,5054.55000000,3.77180000,False
2025-01-24 07:55:00,9327.00000000,15309.23000000,5219.12000000,3.56580000,False
2025-01-24 08:00:00,9154.33000000,15297.01000000,5364.29000000,1.31050000,False
2025-01-24 08:05:00,9868.98000000,16125.02000000,5367.64000000,2.37490000,False
2025-01-24 08:10:00,10272.29000000,17212.89000000,5630.10000000,1.45750000,False
2025-01-24 08:15:00,10760.26000000,18470.84000000,5890.48000000,4.53680000,False
2025-01-24 08:20:00,11471.84000000,19922.87000000,6222.31000000,2.89260000,False
2025-01-24 08:25:00,11796.98000000,20896.50000000,6222.69000000,3.32270000,False
2025-01-24 08:30:00,12507.71000000,22179.99000000,6222.36000000,2.45120000,False
2025-01-24 08:35:00,13120.09000000,24002.05000000,6222.42000000,1.81600000,False
2025-01-24 08:40:00,13525.54000000,25313.90000000,6222.71000000,1.47850000,False
2025-01-24 08:45:00,14590.58000000,26785.63000000,6222.69000000,4.94580000,False
2025-01-24 08:50:00,13961.73000000,28237.20000000,6222.76000000,10.16980000,False
2025-01-24 08:55:00,13750.17000000,27746.49000000,6222.73000000,9.32820000,False
2025-01-24 09:00:00,13224.49000000,26997.59000000,6304.06000000,0.00000000,False
2025-01-24 09:05:00,12706.69000000,23857.44000000,6262.22000000,0.00000000,False
2025-01-24 09:10:00,11410.20000000,20235.23000000,6183.24000000,0.00000000,False
2025-01-24 09:15:00,11078.92000000,19848.06000000,6693.23000000,0.00000000,False
2025-01-24 09:20:00,11096.61000000,19648.68000000,6693.21000000,0.00000000,False
2025-01-24 09:25:00,11185.28000000,20136.93000000,6693.15000000,0.00000000,False
2025-01-24 09:30:00,11191.61000000,20266.17000000,6789.08000000,0.00000000,False
2025-01-24 09:35:00,10980.72000000,19925.32000000,6882.11000000,0.00000000,False
2025-01-24 09:40:00,11058.04000000,19957.53000000,6928.10000000,0.00000000,False
2025-01-24 09:45:00,11085.84000000,20188.95000000,6973.00000000,0.00000000,False
2025-01-24 09:50:00,11254.86000000,20810.74000000,7090.12000000,0.00000000,False
2025-01-24 09:55:00,11318.48000000,21634.14000000,7090.20000000,0.00000000,False
2025-01-24 10:00:00,10990.86000000,20472.37000000,6752.48000000,0.00000000,False
2025-01-24 10:05:00,10756.20000000,20530.63000000,7366.50000000,0.00000000,False
2025-01-24 10:10:00,10732.58000000,20449.09000000,7364.86000000,0.00000000,False
2025-01-24 10:15:00,10603.23000000,20387.30000000,7363.88000000,0.00000000,False
2025-01-24 10:20:00,11108.53000000,20782.39000000,7361.70000000,0.00000000,False
2025-01-24 10:25:00,10438.70000000,21521.76000000,7362.75000000,0.00000000,False
2025-01-24 10:30:00,10616.30000000,21992.40000000,7362.51000000,0.00000000,False
2025-01-24 10:35:00,10652.43000000,22120.97000000,7361.71000000,0.00000000,False
2025-01-24 10:40:00,10791.82000000,22507.79000000,7360.40000000,0.00000000,False
2025-01-24 10:45:00,10824.12000000,22828.53000000,7359.68000000,0.00000000,False
2025-01-24 10:50:00,11054.65000000,23278.24000000,7359.73000000,0.00000000,False
2025-01-24 10:55:00,11162.32000000,23719.98000000,7359.53000000,0.00000000,False
2025-01-24 11:00:00,10971.46000000,23775.38000000,7064.07000000,0.00000000,False
2025-01-24 11:05:00,10860.67000000,23656.98000000,7143.28000000,0.00000000,False
2025-01-24 11:10:00,10899.33000000,23963.19000000,7143.65000000,0.00000000,False
2025-01-24 11:15:00,11055.01000000,24189.96000000,7145.70000000,0.00000000,False
2025-01-24 11:20:00,11178.38000000,24536.43000000,7143.54000000,0.00000000,False
2025-01-24 11:25:00,11078.47000000,24283.28000000,7143.49000000,0.00000000,False
2025-01-24 11:30:00,11759.14000000,24835.66000000,7142.52000000,0.00000000,False
2025-01-24 11:35:00,11161.96000000,24803.95000000,7142.34000000,0.00000000,False
2025-01-24 11:40:00,10988.80000000,24998.21000000,7143.36000000,0.00000000,False
2025-01-24 11:45:00,11246.25000000,24950.17000000,7142.33000000,0.00000000,False
2025-01-24 11:50:00,11240.45000000,25350.53000000,7142.25000000,0.00000000,False
2025-01-24 11:55:00,11400.26000000,25511.06000000,7142.29000000,0.00000000,False
2025-01-24 12:00:00,11495.77000000,25498.02000000,7114.70000000,0.00000000,False
2025-01-24 12:05:00,11455.18000000,25385.84000000,7116.34000000,0.00000000,False
2025-01-24 12:10:00,11577.67000000,25720.71000000,7116.63000000,0.00000000,False
2025-01-24 12:15:00,11540.71000000,25923.60000000,7114.50000000,0.00000000,False
2025-01-24 12:20:00,11637.48000000,26112.02000000,7115.56000000,0.00000000,False
2025-01-24 12:25:00,11815.83000000,26246.36000000,7117.64000000,0.00000000,False
2025-01-24 12:30:00,11728.55000000,26648.01000000,7117.54000000,0.00000000,False
2025-01-24 12:35:00,11786.25000000,26471.65000000,7116.31000000,0.00000000,False
2025-01-24 12:40:00,12421.52000000,26721.60000000,7071.29000000,0.00000000,False
2025-01-24 12:45:00,11696.09000000,27235.30000000,7071.25000000,0.00000000,False
2025-01-24 12:50:00,11747.74000000,27504.46000000,7071.35000000,0.00000000,False
2025-01-24 12:55:00,11885.24000000,27522.77000000,7069.31000000,0.00000000,False
2025-01-24 13:00:00,11846.32000000,27773.17000000,7047.96000000,0.00000000,False
2025-01-24 13:05:00,11941.20000000,27785.86000000,7050.94000000,0.00000000,False
2025-01-24 13:10:00,11884.74000000,27973.13000000,7051.22000000,0.00000000,False
2025-01-24 13:15:00,12045.52000000,28053.98000000,7052.28000000,0.00000000,False
2025-01-24 13:20:00,12083.68000000,28365.14000000,7049.99000000,0.00000000,False
2025-01-24 13:25:00,12110.63000000,28612.93000000,7049.31000000,0.00000000,False
2025-01-24 13:30:00,12118.41000000,29040.48000000,7049.30000000,0.00000000,False
2025-01-24 13:35:00,12294.82000000,29121.33000000,7047.31000000,0.00000000,False
2025-01-24 13:40:00,12150.17000000,29173.75000000,7046.14000000,0.00000000,False
2025-01-24 13:45:00,12227.31000000,29261.21000000,7045.08000000,0.00000000,False
2025-01-24 13:50:00,12317.12000000,29378.81000000,7049.21000000,0.00000000,False
2025-01-24 13:55:00,12331.05000000,29809.73000000,7050.26000000,0.00000000,False
2025-01-24 14:00:00,12199.55000000,29973.04000000,7036.91000000,0.00000000,False
2025-01-24 14:05:00,12305.39000000,30236.18000000,7038.53000000,0.00000000,False
2025-01-24 14:10:00,12584.05000000,30700.78000000,7038.81000000,0.00000000,False
2025-01-24 14:15:00,12624.08000000,30717.32000000,7036.69000000,0.00000000,False
2025-01-24 14:20:00,12692.33000000,30710.13000000,7034.75000000,0.00000000,False
2025-01-24 14:25:00,12702.77000000,30894.27000000,7037.84000000,0.00000000,False
2025-01-24 14:30:00,12655.62000000,31020.46000000,7037.83000000,0.00000000,False
2025-01-24 14:35:00,12748.54000000,31868.92000000,7036.73000000,0.00000000,False
2025-01-24 14:40:00,12884.26000000,31917.31000000,6911.46000000,0.00000000,False
2025-01-24 14:45:00,12877.22000000,31932.70000000,6653.76000000,0.00000000,False
2025-01-24 14:50:00,12846.47000000,32037.00000000,6655.91000000,0.00000000,False
2025-01-24 14:55:00,12853.92000000,32204.68000000,6652.99000000,0.00000000,False
2025-01-24 15:00:00,12742.11000000,32277.71000000,6645.94000000,0.00000000,False
2025-01-24 15:05:00,12643.44000000,32166.63000000,6645.84000000,0.00000000,False
2025-01-24 15:10:00,12715.18000000,32020.72000000,6643.90000000,0.00000000,False
2025-01-24 15:15:00,12882.35000000,32217.53000000,6690.00000000,0.00000000,False
2025-01-24 15:20:00,12772.60000000,32061.90000000,6690.99000000,0.00000000,False
2025-01-24 15:25:00,12711.85000000,32075.79000000,6694.17000000,0.00000000,False
2025-01-24 15:30:00,12784.78000000,32317.60000000,6695.11000000,0.00000000,False
2025-01-24 15:35:00,12887.26000000,32412.34000000,6691.23000000,0.00000000,False
2025-01-24 15:40:00,12945.00000000,32183.65000000,6691.01000000,0.00000000,False
2025-01-24 15:45:00,12976.07000000,32405.79000000,6689.98000000,0.00000000,False
2025-01-24 15:50:00,12845.29000000,32140.75000000,6689.00000000,0.00000000,False
2025-01-24 15:55:00,13093.78000000,32375.84000000,6690.02000000,0.00000000,False
2025-01-24 16:00:00,13076.17000000,32225.74000000,6685.56000000,0.00000000,False
2025-01-24 16:05:00,13052.94000000,32011.08000000,6684.01000000,0.00000000,False
2025-01-24 16:10:00,13126.24000000,31704.25000000,6685.26000000,0.00000000,False
2025-01-24 16:15:00,13068.05000000,30975.66000000,6686.42000000,0.00000000,False
2025-01-24 16:20:00,12939.83000000,30493.69000000,6689.37000000,0.00000000,False
2025-01-24 16:25:00,12955.83000000,29776.01000000,6689.15000000,0.00000000,False
2025-01-24 16:30:00,12795.48000000,29226.81000000,6687.11000000,0.00000000,False
2025-01-24 16:35:00,12823.52000000,28421.94000000,6686.13000000,0.00000000,False
2025-01-24 16:40:00,12407.81000000,27716.41000000,6686.05000000,0.00000000,False
2025-01-24 16:45:00,12409.90000000,26883.83000000,6686.21000000,0.00000000,False
2025-01-24 16:50:00,11915.63000000,25952.47000000,6687.40000000,0.00000000,False
2025-01-24 16:55:00,11916.12000000,24537.36000000,6686.36000000,0.00000000,False
2025-01-24 17:00:00,12046.84000000,24593.15000000,6606.21000000,0.00000000,False
2025-01-24 17:05:00,11806.82000000,23139.35000000,6860.77000000,0.00000000,False
2025-01-24 17:10:00,11500.05000000,20762.68000000,6863.22000000,0.00000000,False
2025-01-24 17:15:00,11332.69000000,19940.29000000,6863.12000000,0.00000000,False
2025-01-24 17:20:00,11188.56000000,18779.20000000,6864.23000000,0.00000000,False
2025-01-24 17:25:00,10990.18000000,17840.12000000,6864.24000000,0.00000000,False
2025-01-24 17:30:00,10622.42000000,16847.41000000,6861.27000000,0.00000000,False
2025-01-24 17:35:00,10013.31000000,15590.73000000,6720.08000000,0.00000000,False
2025-01-24 17:40:00,9661.38000000,14364.09000000,6720.96000000,0.00000000,False
2025-01-24 17:45:00,9437.07000000,13955.75000000,6722.01000000,0.00000000,False
2025-01-24 17:50:00,9696.18000000,14143.12000000,6577.20000000,0.00000000,False
2025-01-24 17:55:00,9706.75000000,13687.62000000,6576.00000000,0.00000000,False
2025-01-24 18:00:00,9625.76000000,13647.19000000,6595.74000000,0.00000000,False
2025-01-24 18:05:00,9397.17000000,13473.82000000,6595.52000000,0.00000000,False
2025-01-24 18:10:00,9047.41000000,13117.59000000,6595.86000000,0.00000000,False
2025-01-24 18:15:00,8877.35000000,12871.17000000,6596.85000000,0.00000000,False
2025-01-24 18:20:00,8979.58000000,12879.47000000,6596.78000000,0.00000000,False
2025-01-24 18:25:00,8844.89000000,12857.11000000,6596.89000000,0.00000000,False
2025-01-24 18:30:00,9033.74000000,13029.09000000,6597.83000000,0.00000000,False
2025-01-24 18:35:00,8754.64000000,13487.40000000,6597.83000000,0.00000000,False
2025-01-24 18:40:00,8607.19000000,13182.81000000,6597.64000000,0.00000000,False
2025-01-24 18:45:00,8606.85000000,12874.65000000,6599.60000000,0.00000000,False
2025-01-24 18:50:00,8578.72000000,13046.11000000,6599.87000000,0.00000000,False
2025-01-24 18:55:00,8731.90000000,13093.22000000,6600.03000000,0.00000000,False
2025-01-24 19:00:00,8379.39000000,12785.14000000,6764.40000000,0.00000000,False
2025-01-24 19:05:00,8603.94000000,13153.29000000,6552.73000000,0.00000000,False
2025-01-24 19:10:00,8226.62000000,13370.35000000,6553.92000000,0.00000000,False
2025-01-24 19:15:00,8128.47000000,13224.10000000,6595.89000000,0.00000000,False
2025-01-24 19:20:00,8083.47000000,13090.12000000,6483.07000000,0.00000000,False
2025-01-24 19:25:00,8198.97000000,13218.48000000,6395.87000000,0.00000000,False
2025-01-24 19:30:00,8396.82000000,13314.75000000,6395.96000000,0.00000000,False
2025-01-24 19:35:00,8453.81000000,13295.34000000,6397.82000000,0.00000000,False
2025-01-24 19:40:00,8391.22000000,13359.60000000,6397.79000000,0.00000000,False
2025-01-24 19:45:00,8839.86000000,13538.25000000,6397.89000000,0.00000000,False
2025-01-24 19:50:00,8265.68000000,13507.68000000,6397.78000000,0.00000000,False
2025-01-24 19:55:00,8286.54000000,13740.41000000,6397.74000000,0.00000000,False
2025-01-24 20:00:00,8328.08000000,13662.36000000,6412.61000000,0.00000000,False
2025-01-24 20:05:00,8166.05000000,13359.07000000,6416.23000000,0.00000000,False
2025-01-24 20:10:00,8272.75000000,13179.57000000,6416.35000000,0.00000000,False
2025-01-24 20:15:00,8279.32000000,13268.72000000,6416.36000000,0.00000000,False
2025-01-24 20:20:00,8219.76000000,13118.74000000,6416.50000000,0.00000000,False
2025-01-24 20:25:00,8162.84000000,13371.89000000,6147.19000000,0.00000000,False
2025-01-24 20:30:00,8368.40000000,13472.48000000,6147.19000000,0.00000000,False
2025-01-24 20:35:00,8488.68000000,13478.42000000,6147.19000000,0.00000000,False
2025-01-24 20:40:00,8616.01000000,13472.36000000,6147.19000000,0.00000000,False
2025-01-24 20:45:00,8462.08000000,13294.72000000,6147.19000000,0.00000000,False
2025-01-24 20:50:00,8343.80000000,13189.70000000,6198.79000000,0.00000000,False
2025-01-24 20:55:00,8199.01000000,13221.12000000,6148.19000000,0.00000000,False
2025-01-24 21:00:00,8114.17000000,12629.89000000,6211.28000000,0.00000000,False
2025-01-24 21:05:00,7921.09000000,12818.91000000,6162.78000000,0.00000000,False
2025-01-24 21:10:00,7950.37000000,13015.75000000,6162.78000000,0.00000000,False
2025-01-24 21:15:00,7989.65000000,12887.65000000,6162.78000000,0.00000000,False
2025-01-24 21:20:00,7906.12000000,12638.30000000,6162.78000000,0.00000000,False
2025-01-24 21:25:00,7953.30000000,12815.03000000,6111.78000000,0.00000000,False
2025-01-24 21:30:00,8012.92000000,12944.67000000,6111.78000000,0.00000000,False
2025-01-24 21:35:00,8054.07000000,13069.42000000,6111.78000000,0.00000000,False
2025-01-24 21:40:00,8104.25000000,13099.92000000,6111.78000000,0.00000000,False
2025-01-24 21:45:00,8212.83000000,13083.65000000,6111.78000000,0.00000000,False
2025-01-24 21:50:00,8212.84000000,12999.30000000,6111.78000000,0.00000000,False
2025-01-24 21:55:00,8174.56000000,13350.27000000,6111.78000000,0.00000000,False
2025-01-24 22:00:00,8275.76000000,13431.46000000,5778.93000000,0.00000000,False
2025-01-24 22:05:00,8142.81000000,13311.94000000,5865.27000000,0.00000000,False
2025-01-24 22:10:00,8212.84000000,13497.82000000,5859.97000000,0.00000000,False
2025-01-24 22:15:00,8377.00000000,13476.31000000,5859.97000000,0.00000000,False
2025-01-24 22:20:00,8204.22000000,13480.89000000,5854.07000000,0.00000000,False
2025-01-24 22:25:00,8335.30000000,13575.21000000,5854.07000000,0.00000000,False
2025-01-24 22:30:00,8296.00000000,13389.46000000,5854.07000000,0.00000000,False
2025-01-24 22:35:00,8365.35000000,13669.79000000,5809.07000000,0.00000000,False
2025-01-24 22:40:00,8508.12000000,13823.21000000,5855.07000000,0.00000000,False
2025-01-24 22:45:00,8564.87000000,13828.92000000,5855.07000000,0.00000000,False
2025-01-24 22:50:00,8714.06000000,13991.25000000,5855.07000000,0.00000000,False
2025-01-24 22:55:00,8609.76000000,14004.78000000,5855.07000000,0.00000000,False
2025-01-24 23:00:00,8745.66000000,14332.13000000,6029.33000000,0.00000000,False
2025-01-24 23:05:00,8701.14000000,14071.03000000,6182.97000000,0.00000000,False
2025-01-24 23:10:00,8601.29000000,13931.14000000,6183.97000000,0.00000000,False
2025-01-24 23:15:00,8743.98000000,14114.64000000,6340.63000000,0.00000000,False
2025-01-24 23:20:00,8738.47000000,14434.67000000,6341.64000000,0.00000000,False
2025-01-24 23:25:00,8683.69000000,14458.80000000,6496.85000000,0.00000000,False
2025-01-24 23:30:00,8765.85000000,14413.64000000,6497.03000000,0.00000000,False
2025-01-24 23:35:00,8787.66000000,14466.31000000,6497.12000000,0.00000000,False
2025-01-24 23:40:00,8798.81000000,14649.35000000,6496.84000000,0.00000000,False
2025-01-24 23:45:00,8884.84000000,14970.44000000,6495.80000000,0.00000000,False
2025-01-24 23:50:00,8957.59000000,15040.77000000,6496.88000000,0.00000000,False
2025-01-24 23:55:00,8799.85000000,14804.94000000,6496.85000000,0.00000000,False
2025-01-25 00:00:00,8660.71000000,14111.39000000,6388.36000000,0.00000000,False
2025-01-25 00:05:00,9121.67000000,14741.57000000,6658.21000000,0.00000000,False
2025-01-25 00:10:00,8611.65000000,14402.84000000,6657.92000000,0.00000000,False
2025-01-25 00:15:00,8559.95000000,14192.80000000,6657.89000000,0.00000000,False
2025-01-25 00:20:00,8634.59000000,13806.35000000,6658.01000000,0.00000000,False
2025-01-25 00:25:00,8474.09000000,13908.27000000,6657.89000000,0.00000000,False
2025-01-25 00:30:00,8333.43000000,13867.85000000,6658.10000000,0.00000000,False
2025-01-25 00:35:00,8371.88000000,13624.41000000,6658.17000000,0.00000000,False
2025-01-25 00:40:00,8121.42000000,13595.04000000,6658.01000000,0.00000000,False
2025-01-25 00:45:00,8245.05000000,13942.79000000,6657.92000000,0.00000000,False
2025-01-25 00:50:00,8476.12000000,14378.93000000,6658.03000000,0.00000000,False
2025-01-25 00:55:00,8698.04000000,14540.25000000,6657.93000000,0.00000000,False
2025-01-25 01:00:00,8806.79000000,15065.39000000,6506.17000000,0.00000000,False
2025-01-25 01:05:00,8831.79000000,14970.49000000,6463.00000000,0.00000000,False
2025-01-25 01:10:00,9026.47000000,15154.80000000,6462.92000000,0.00000000,False
2025-01-25 01:15:00,9082.15000000,15292.31000000,6462.94000000,0.00000000,False
2025-01-25 01:20:00,9080.40000000,15185.83000000,6463.06000000,0.00000000,False
2025-01-25 01:25:00,9113.09000000,15237.14000000,6462.94000000,0.00000000,False
2025-01-25 01:30:00,9076.33000000,15187.20000000,6461.94000000,0.00000000,False
2025-01-25 01:35:00,9035.08000000,15182.74000000,6462.04000000,0.00000000,False
2025-01-25 01:40:00,9061.00000000,14769.88000000,6666.85000000,0.00000000,False
2025-01-25 01:45:00,9100.52000000,14778.86000000,6665.72000000,0.00000000,False
2025-01-25 01:50:00,9509.11000000,15199.67000000,6665.84000000,0.00000000,False
2025-01-25 01:55:00,9063.45000000,15329.93000000,6664.67000000,0.00000000,False
2025-01-25 02:00:00,9201.42000000,15641.36000000,6670.99000000,0.00000000,False
2025-01-25 02:05:00,9286.44000000,15301.48000000,6805.30000000,0.00000000,False
2025-01-25 02:10:00,9303.20000000,15194.62000000,6805.23000000,0.00000000,False
2025-01-25 02:15:00,9384.84000000,15321.23000000,6855.25000000,0.00000000,False
2025-01-25 02:20:00,9364.58000000,15501.50000000,6896.52000000,0.00000000,False
2025-01-25 02:25:00,9382.89000000,15485.32000000,6896.47000000,0.00000000,False
2025-01-25 02:30:00,9282.76000000,15416.28000000,6898.28000000,0.00000000,False
2025-01-25 02:35:00,9286.04000000,15508.71000000,6896.32000000,0.00000000,False
2025-01-25 02:40:00,9285.71000000,15436.28000000,6942.22000000,0.00000000,False
2025-01-25 02:45:00,9404.27000000,15459.77000000,6943.13000000,0.00000000,False
2025-01-25 02:50:00,9641.52000000,15730.87000000,6943.10000000,0.00000000,False
2025-01-25 02:55:00,9670.73000000,15753.28000000,6943.94000000,0.00000000,False
2025-01-25 03:00:00,9439.96000000,15532.14000000,6948.88000000,0.00000000,False
2025-01-25 03:05:00,9811.79000000,15710.33000000,6952.51000000,0.00000000,False
2025-01-25 03:10:00,9434.27000000,15675.68000000,6951.44000000,0.00000000,False
2025-01-25 03:15:00,9623.24000000,15648.00000000,6907.36000000,0.00000000,False
2025-01-25 03:20:00,9618.71000000,15468.81000000,6953.27000000,0.00000000,False
2025-01-25 03:25:00,9731.44000000,15506.41000000,6953.25000000,0.00000000,False
2025-01-25 03:30:00,9675.84000000,15302.98000000,6953.05000000,0.00000000,False
2025-01-25 03:35:00,9573.57000000,14938.63000000,6953.20000000,0.00000000,False
2025-01-25 03:40:00,9646.14000000,14911.70000000,6952.94000000,0.00000000,False
2025-01-25 03:45:00,9677.87000000,14985.61000000,6952.97000000,0.00000000,False
2025-01-25 03:50:00,9524.87000000,14646.37000000,6952.83000000,0.00000000,False
2025-01-25 03:55:00,9722.53000000,15101.22000000,6952.86000000,0.00000000,False
2025-01-25 04:00:00,10189.77000000,16287.43000000,6955.11000000,0.00000000,False
2025-01-25 04:05:00,10287.17000000,15999.60000000,6907.88000000,0.00000000,False
2025-01-25 04:10:00,10250.59000000,15827.80000000,6907.61000000,0.00000000,False
2025-01-25 04:15:00,10211.82000000,16008.28000000,6907.46000000,0.00000000,False
2025-01-25 04:20:00,10174.06000000,16149.35000000,6907.67000000,0.00000000,False
2025-01-25 04:25:00,10047.68000000,16250.52000000,6861.75000000,0.00000000,False
2025-01-25 04:30:00,10087.59000000,16344.01000000,6861.50000000,0.00000000,False
2025-01-25 04:35:00,10118.95000000,16277.19000000,6906.56000000,0.00000000,False
2025-01-25 04:40:00,10181.83000000,16231.80000000,6906.46000000,0.00000000,False
2025-01-25 04:45:00,10026.13000000,15775.36000000,6906.46000000,0.00000000,False
2025-01-25 04:50:00,10026.18000000,15842.44000000,6822.73000000,0.00000000,False
2025-01-25 04:55:00,9976.38000000,15980.94000000,6822.79000000,0.00000000,False
2025-01-25 05:00:00,10089.30000000,16307.32000000,6826.43000000,0.00000000,False
2025-01-25 05:05:00,10235.15000000,15826.70000000,6818.01000000,0.00000000,False
2025-01-25 05:10:00,9865.50000000,15592.04000000,6818.18000000,0.00000000,False
2025-01-25 05:15:00,9931.08000000,15682.15000000,6818.02000000,0.00000000,False
2025-01-25 05:20:00,9767.26000000,15407.16000000,6818.00000000,0.00000000,False
2025-01-25 05:25:00,9646.79000000,14850.61000000,6817.89000000,0.00000000,False
2025-01-25 05:30:00,9670.15000000,14750.71000000,6817.88000000,0.00000000,False
2025-01-25 05:35:00,9670.07000000,14570.89000000,6817.92000000,0.00000000,False
2025-01-25 05:40:00,9652.88000000,14123.31000000,6817.86000000,0.00000000,False
2025-01-25 05:45:00,9444.67000000,13879.83000000,6817.86000000,0.00000000,False
2025-01-25 05:50:00,9458.65000000,13495.69000000,6862.88000000,0.00000000,False
2025-01-25 05:55:00,9203.19000000,13224.54000000,6862.99000000,0.00000000,False
2025-01-25 06:00:00,9490.69000000,13791.36000000,6764.10000000,0.00000000,False
2025-01-25 06:05:00,9549.60000000,13595.92000000,6480.74000000,0.00000000,False
2025-01-25 06:10:00,9420.84000000,13506.11000000,6480.73000000,0.00000000,False
2025-01-25 06:15:00,9586.06000000,13542.15000000,6522.28000000,0.00000000,False
2025-01-25 06:20:00,9155.86000000,13658.80000000,6522.23000000,0.00000000,False
2025-01-25 06:25:00,9232.06000000,13477.64000000,6522.22000000,0.00000000,False
2025-01-25 06:30:00,9093.25000000,13041.55000000,6522.11000000,0.00000000,False
2025-01-25 06:35:00,8779.63000000,12620.57000000,6522.43000000,0.00000000,False
2025-01-25 06:40:00,8602.38000000,12566.13000000,6522.06000000,0.00000000,False
2025-01-25 06:45:00,8651.80000000,12589.49000000,6522.08000000,0.00000000,False
2025-01-25 06:50:00,8486.64000000,12343.75000000,6522.13000000,0.00000000,False
2025-01-25 06:55:00,8284.89000000,11745.92000000,6522.06000000,0.00000000,False
2025-01-25 07:00:00,8224.72000000,11844.19000000,6533.22000000,0.00000000,False
2025-01-25 07:05:00,8145.51000000,11973.11000000,6481.59000000,0.00000000,False
2025-01-25 07:10:00,8252.26000000,12006.14000000,6481.76000000,0.00000000,False
2025-01-25 07:15:00,8002.55000000,11645.02000000,6481.56000000,0.00000000,False
2025-01-25 07:20:00,7891.86000000,11492.50000000,6481.40000000,0.00000000,False
2025-01-25 07:25:00,7864.30000000,11391.41000000,6481.40000000,0.00000000,False
2025-01-25 07:30:00,7827.70000000,11317.51000000,6481.40000000,0.00000000,False
2025-01-25 07:35:00,7532.99000000,10936.44000000,6481.62000000,0.00000000,False
2025-01-25 07:40:00,7682.18000000,10958.05000000,6481.42000000,0.00000000,False
2025-01-25 07:45:00,7769.75000000,11138.98000000,6481.29000000,0.00000000,False
2025-01-25 07:50:00,7870.09000000,11418.51000000,6481.20000000,0.00000000,False
2025-01-25 07:55:00,7894.43000000,11760.90000000,6481.42000000,0.00000000,False
2025-01-25 08:00:00,7999.72000000,12260.93000000,6508.86000000,0.00000000,False
2025-01-25 08:05:00,8004.20000000,12679.44000000,6465.77000000,0.00000000,False
2025-01-25 08:10:00,8405.70000000,13370.24000000,6465.73000000,0.00000000,False
2025-01-25 08:15:00,8788.88000000,14292.60000000,6463.76000000,0.00000000,False
2025-01-25 08:20:00,9439.38000000,15391.52000000,6667.13000000,0.00000000,False
2025-01-25 08:25:00,9714.64000000,15639.16000000,6667.08000000,0.00000000,False
2025-01-25 08:30:00,9834.05000000,16062.12000000,6698.66000000,0.00000000,False
2025-01-25 08:35:00,10259.79000000,16891.28000000,6698.79000000,0.00000000,False
2025-01-25 08:40:00,10557.27000000,17743.38000000,6698.74000000,0.00000000,False
2025-01-25 08:45:00,10993.46000000,18519.12000000,6697.60000000,0.00000000,False
2025-01-25 08:50:00,11409.34000000,19494.24000000,6742.42000000,0.00000000,False
2025-01-25 08:55:00,11688.12000000,20021.56000000,6742.48000000,0.00000000,False
2025-01-25 09:00:00,11617.01000000,19841.09000000,6735.80000000,0.00000000,False
2025-01-25 09:05:00,11431.55000000,19616.13000000,6732.38000000,0.00000000,False
2025-01-25 09:10:00,11269.80000000,19471.31000000,6730.33000000,0.00000000,False
2025-01-25 09:15:00,11162.64000000,19637.61000000,6685.20000000,0.00000000,False
2025-01-25 09:20:00,10901.72000000,19140.70000000,6685.29000000,0.00000000,False
2025-01-25 09:25:00,10730.95000000,18962.30000000,6683.54000000,0.00000000,False
2025-01-25 09:30:00,10501.99000000,18689.44000000,6681.38000000,0.00000000,False
2025-01-25 09:35:00,10526.23000000,18275.43000000,6681.46000000,0.00000000,False
2025-01-25 09:40:00,10598.71000000,18285.03000000,6638.53000000,0.00000000,False
2025-01-25 09:45:00,10832.20000000,18957.36000000,6636.51000000,0.00000000,False
2025-01-25 09:50:00,11020.88000000,19571.41000000,6636.31000000,0.00000000,False
2025-01-25 09:55:00,11107.84000000,19991.57000000,6675.90000000,0.00000000,False
2025-01-25 10:00:00,10987.68000000,19310.56000000,6430.18000000,0.00000000,False
2025-01-25 10:05:00,10967.11000000,19131.98000000,6684.41000000,0.00000000,False
2025-01-25 10:10:00,10921.10000000,18872.32000000,6684.40000000,0.00000000,False
2025-01-25 10:15:00,10865.46000000,18320.93000000,6682.23000000,0.00000000,False
2025-01-25 10:20:00,10615.15000000,17945.97000000,6682.22000000,0.00000000,False
2025-01-25 10:25:00,10583.85000000,17891.25000000,6682.20000000,0.00000000,False
2025-01-25 10:30:00,10467.78000000,18252.81000000,6682.24000000,0.00000000,False
2025-01-25 10:35:00,10573.37000000,18238.42000000,6681.19000000,0.00000000,False
2025-01-25 10:40:00,10476.38000000,17725.73000000,6681.23000000,0.00000000,False
2025-01-25 10:45:00,10613.84000000,17546.99000000,6680.14000000,0.00000000,False
2025-01-25 10:50:00,10624.73000000,17823.41000000,6679.09000000,0.00000000,False
2025-01-25 10:55:00,10713.34000000,18423.41000000,6679.00000000,0.00000000,False
2025-01-25 11:00:00,10753.82000000,18725.71000000,6616.29000000,0.00000000,False
2025-01-25 11:05:00,10447.44000000,18265.34000000,6648.26000000,0.00000000,False
2025-01-25 11:10:00,10283.23000000,18154.84000000,6648.44000000,0.00000000,False
2025-01-25 11:15:00,10514.37000000,18245.77000000,6648.57000000,0.00000000,False
2025-01-25 11:20:00,10549.75000000,18592.59000000,6648.49000000,0.00000000,False
2025-01-25 11:25:00,10555.50000000,19058.69000000,6648.32000000,0.00000000,False
2025-01-25 11:30:00,10608.78000000,19140.25000000,6648.30000000,0.00000000,False
2025-01-25 11:35:00,10586.11000000,18906.76000000,6648.45000000,0.00000000,False
2025-01-25 11:40:00,10727.14000000,18772.35000000,6648.33000000,0.00000000,False
2025-01-25 11:45:00,10759.75000000,18812.89000000,6648.19000000,0.00000000,False
2025-01-25 11:50:00,10761.61000000,19119.83000000,6648.20000000,0.00000000,False
2025-01-25 11:55:00,10700.86000000,18630.96000000,6648.04000000,0.00000000,False
2025-01-25 12:00:00,10526.74000000,18404.16000000,6622.07000000,0.00000000,False
2025-01-25 12:05:00,10429.98000000,18314.83000000,6626.13000000,0.00000000,False
2025-01-25 12:10:00,10390.81000000,18156.78000000,6626.28000000,0.00000000,False
2025-01-25 12:15:00,10436.99000000,18221.29000000,6626.12000000,0.00000000,False
2025-01-25 12:20:00,10223.42000000,17915.61000000,6626.22000000,0.00000000,False
2025-01-25 12:25:00,10212.14000000,17808.07000000,6626.17000000,0.00000000,False
2025-01-25 12:30:00,10215.60000000,18037.22000000,6626.01000000,0.00000000,False
2025-01-25 12:35:00,10396.45000000,18463.37000000,6626.21000000,0.00000000,False
2025-01-25 12:40:00,10418.28000000,18156.94000000,6625.18000000,0.00000000,False
2025-01-25 12:45:00,10007.97000000,17503.63000000,6625.98000000,0.00000000,False
2025-01-25 12:50:00,9905.37000000,17134.69000000,6625.90000000,0.00000000,False
2025-01-25 12:55:00,9919.99000000,16927.36000000,6625.78000000,0.00000000,False
2025-01-25 13:00:00,9884.65000000,16932.65000000,6608.19000000,0.00000000,False
2025-01-25 13:05:00,9795.94000000,16532.27000000,6608.03000000,0.00000000,False
2025-01-25 13:10:00,9473.50000000,16153.36000000,6608.02000000,0.00000000,False
2025-01-25 13:15:00,9609.09000000,16005.08000000,6608.08000000,0.00000000,False
2025-01-25 13:20:00,9262.87000000,15708.44000000,6608.04000000,0.00000000,False
2025-01-25 13:25:00,9420.34000000,15810.42000000,6608.18000000,0.00000000,False
2025-01-25 13:30:00,9481.19000000,15720.73000000,6607.97000000,0.00000000,False
2025-01-25 13:35:00,9431.40000000,15484.37000000,6423.89000000,0.00000000,False
2025-01-25 13:40:00,9283.54000000,15261.20000000,6467.96000000,0.00000000,False
2025-01-25 13:45:00,8977.74000000,14805.60000000,6468.88000000,0.00000000,False
2025-01-25 13:50:00,9078.19000000,14414.98000000,6468.85000000,0.00000000,False
2025-01-25 13:55:00,9090.58000000,14502.81000000,6426.04000000,0.00000000,False
2025-01-25 14:00:00,9162.48000000,14381.76000000,6415.71000000,0.00000000,False
2025-01-25 14:05:00,9015.92000000,14736.65000000,6254.54000000,0.00000000,False
2025-01-25 14:10:00,9132.93000000,14790.47000000,6254.59000000,0.00000000,False
2025-01-25 14:15:00,8928.21000000,14383.16000000,6254.43000000,0.00000000,False
2025-01-25 14:20:00,8681.08000000,14181.70000000,6163.43000000,0.00000000,False
2025-01-25 14:25:00,8419.13000000,13928.40000000,6021.58000000,0.00000000,False
2025-01-25 14:30:00,8576.30000000,14091.71000000,5971.66000000,0.00000000,False
2025-01-25 14:35:00,8133.84000000,13552.79000000,5763.67000000,0.00000000,False
2025-01-25 14:40:00,8286.74000000,13575.46000000,5762.63000000,0.00000000,False
2025-01-25 14:45:00,8448.76000000,13707.70000000,5763.53000000,0.00000000,False
2025-01-25 14:50:00,8748.36000000,14193.50000000,5721.49000000,0.00000000,False
2025-01-25 14:55:00,9012.06000000,14180.56000000,5624.50000000,1.69700000,False
2025-01-25 15:00:00,9148.68000000,14175.18000000,5583.50000000,1.35780000,False
2025-01-25 15:05:00,8904.40000000,13625.15000000,5580.30000000,0.21310000,False
2025-01-25 15:10:00,8585.42000000,13194.64000000,5496.26000000,0.58360000,False
2025-01-25 15:15:00,8611.46000000,12899.94000000,5497.23000000,0.74790000,False
2025-01-25 15:20:00,8888.66000000,13145.13000000,5497.23000000,0.80650000,False
2025-01-25 15:25:00,8775.59000000,13687.76000000,5401.24000000,1.32120000,False
2025-01-25 15:30:00,8746.01000000,13678.54000000,5403.19000000,1.72740000,False
2025-01-25 15:35:00,8701.93000000,13238.99000000,5401.27000000,0.00000000,False
2025-01-25 15:40:00,8516.57000000,12670.61000000,5401.26000000,0.00000000,False
2025-01-25 15:45:00,8437.93000000,12803.29000000,5401.21000000,0.00000000,False
2025-01-25 15:50:00,8908.08000000,13408.03000000,5358.24000000,0.00000000,False
2025-01-25 15:55:00,8626.15000000,13291.81000000,5304.26000000,0.00000000,False
2025-01-25 16:00:00,8865.77000000,13565.63000000,5305.48000000,0.00000000,False
2025-01-25 16:05:00,8667.97000000,13422.95000000,5266.15000000,0.00000000,False
2025-01-25 16:10:00,8498.81000000,13188.53000000,5213.15000000,0.00000000,False
2025-01-25 16:15:00,8624.88000000,13172.92000000,5212.13000000,0.00000000,False
2025-01-25 16:20:00,8664.11000000,13249.21000000,5213.14000000,0.00000000,False
2025-01-25 16:25:00,8687.83000000,12837.53000000,5070.14000000,0.00000000,False
2025-01-25 16:30:00,8904.04000000,13005.19000000,5071.05000000,0.00000000,False
2025-01-25 16:35:00,8828.01000000,13439.75000000,5071.11000000,0.00000000,False
2025-01-25 16:40:00,8596.72000000,12937.58000000,5071.08000000,0.50010000,False
2025-01-25 16:45:00,8601.16000000,12468.61000000,5071.06000000,1.31280000,False
2025-01-25 16:50:00,8054.70000000,11989.87000000,5070.11000000,0.99690000,False
2025-01-25 16:55:00,8020.90000000,11790.60000000,5071.10000000,0.00000000,False
2025-01-25 17:00:00,8359.14000000,11935.18000000,5095.00000000,4.67380000,False
2025-01-25 17:05:00,8929.88000000,12897.29000000,5094.68000000,0.00000000,False
2025-01-25 17:10:00,8870.49000000,12737.38000000,5051.69000000,0.00000000,False
2025-01-25 17:15:00,8835.98000000,12547.92000000,5050.69000000,0.00000000,False
2025-01-25 17:20:00,8242.93000000,11944.93000000,4806.68000000,0.00170000,False
2025-01-25 17:25:00,8145.36000000,11780.80000000,4806.62000000,0.00000000,False
2025-01-25 17:30:00,8293.61000000,11798.53000000,4806.57000000,0.00000000,False
2025-01-25 17:35:00,8442.05000000,12121.83000000,4806.65000000,0.00000000,False
2025-01-25 17:40:00,8161.20000000,11880.46000000,4806.65000000,0.00000000,False
2025-01-25 17:45:00,8255.73000000,11872.68000000,4806.63000000,0.00000000,False
2025-01-25 17:50:00,8184.81000000,11696.72000000,4807.61000000,0.00350000,False
2025-01-25 17:55:00,8081.13000000,11391.52000000,4807.69000000,0.96680000,False
2025-01-25 18:00:00,7802.88000000,10979.74000000,4841.42000000,4.18590000,False
2025-01-25 18:05:00,7766.63000000,10852.70000000,4843.67000000,3.61860000,False
2025-01-25 18:10:00,7694.61000000,10787.39000000,4843.66000000,1.82420000,False
2025-01-25 18:15:00,7811.12000000,11184.32000000,4850.54000000,1.37590000,False
2025-01-25 18:20:00,8004.32000000,11573.65000000,4850.54000000,0.51560000,False
2025-01-25 18:25:00,8251.61000000,12142.91000000,4850.59000000,2.89040000,False
2025-01-25 18:30:00,8360.96000000,12170.35000000,4849.50000000,1.11790000,False
2025-01-25 18:35:00,8507.51000000,12333.85000000,4850.57000000,2.14500000,False
2025-01-25 18:40:00,8469.96000000,12720.08000000,4899.45000000,1.36010000,False
2025-01-25 18:45:00,8638.59000000,13068.02000000,4950.50000000,1.12510000,False
2025-01-25 18:50:00,8546.57000000,13017.26000000,4949.58000000,1.44570000,False
2025-01-25 18:55:00,8538.49000000,13018.52000000,5332.54000000,2.60480000,False
2025-01-25 19:00:00,8730.82000000,13317.31000000,5227.80000000,2.12730000,False
2025-01-25 19:05:00,8957.07000000,13532.45000000,5383.57000000,1.73700000,False
2025-01-25 19:10:00,9075.04000000,14019.41000000,5388.56000000,3.70980000,False
2025-01-25 19:15:00,9354.79000000,14243.53000000,5431.60000000,3.16540000,False
2025-01-25 19:20:00,9441.02000000,14418.73000000,5430.62000000,3.34700000,False
2025-01-25 19:25:00,9444.46000000,14505.49000000,5430.61000000,3.27580000,False
2025-01-25 19:30:00,9495.74000000,14729.70000000,5574.52000000,2.26670000,False
2025-01-25 19:35:00,9550.73000000,14948.91000000,5718.58000000,1.33580000,False
2025-01-25 19:40:00,9763.09000000,15326.49000000,5717.64000000,1.66760000,False
2025-01-25 19:45:00,9764.79000000,15357.53000000,5768.28000000,1.20140000,False
2025-01-25 19:50:00,9792.61000000,15108.96000000,5774.21000000,0.39100000,False
2025-01-25 19:55:00,9760.10000000,15583.73000000,5824.18000000,0.89550000,False
2025-01-25 20:00:00,9819.73000000,15619.91000000,5886.55000000,0.30940000,False
2025-01-25 20:05:00,9801.63000000,15919.24000000,6120.17000000,0.07290000,False
2025-01-25 20:10:00,9749.75000000,16012.54000000,6114.25000000,0.82780000,False
2025-01-25 20:15:00,9844.92000000,16167.84000000,6114.25000000,0.70850000,False
2025-01-25 20:20:00,10045.45000000,16383.66000000,6113.20000000,0.57750000,False
2025-01-25 20:25:00,10200.51000000,16421.83000000,6113.22000000,0.65860000,False
2025-01-25 20:30:00,10119.34000000,16211.84000000,6193.16000000,0.28040000,False
2025-01-25 20:35:00,10161.84000000,16117.12000000,6193.26000000,0.49830000,False
2025-01-25 20:40:00,10126.29000000,15990.15000000,6193.21000000,0.41080000,False
2025-01-25 20:45:00,10064.45000000,15866.57000000,6193.15000000,0.53220000,False
2025-01-25 20:50:00,9929.52000000,15938.67000000,6199.11000000,0.39470000,False
2025-01-25 20:55:00,9903.07000000,15907.52000000,6199.14000000,0.61580000,False
2025-01-25 21:00:00,9793.33000000,15232.68000000,6263.84000000,0.77950000,False
2025-01-25 21:05:00,9621.16000000,15025.10000000,6316.14000000,0.96230000,False
2025-01-25 21:10:00,9496.47000000,15026.33000000,6316.14000000,0.47210000,False
2025-01-25 21:15:00,9614.37000000,15152.83000000,6561.15000000,0.00000000,False
2025-01-25 21:20:00,9590.75000000,15083.81000000,6704.15000000,0.00000000,False
2025-01-25 21:25:00,9451.71000000,14897.05000000,6704.15000000,0.00000000,False
2025-01-25 21:30:00,9346.98000000,14631.95000000,6705.06000000,0.00000000,False
2025-01-25 21:35:00,9456.70000000,14788.38000000,6705.14000000,0.00000000,False
2025-01-25 21:40:00,9614.97000000,15201.03000000,6882.25000000,0.00000000,False
2025-01-25 21:45:00,9717.26000000,15642.28000000,6881.17000000,1.04320000,False
2025-01-25 21:50:00,9763.49000000,15610.53000000,6882.25000000,0.87570000,False
2025-01-25 21:55:00,9886.83000000,15562.96000000,6883.22000000,0.93070000,False
2025-01-25 22:00:00,9900.10000000,15291.11000000,6819.40000000,0.00000000,False
2025-01-25 22:05:00,9901.64000000,15329.10000000,6855.41000000,0.97070000,False
2025-01-25 22:10:00,9619.20000000,14700.91000000,6855.43000000,0.80460000,False
2025-01-25 22:15:00,9405.26000000,14608.20000000,6855.43000000,0.42930000,False
2025-01-25 22:20:00,9347.94000000,14681.19000000,6855.42000000,2.08970000,False
2025-01-25 22:25:00,9416.96000000,14673.01000000,6856.40000000,2.88110000,False
2025-01-25 22:30:00,9322.07000000,14775.17000000,6856.35000000,1.71390000,False
2025-01-25 22:35:00,9459.63000000,14909.55000000,6856.42000000,2.18270000,False
2025-01-25 22:40:00,9528.16000000,15080.27000000,6857.47000000,0.58630000,False
2025-01-25 22:45:00,9398.17000000,15100.87000000,6856.40000000,0.35580000,False
2025-01-25 22:50:00,9576.54000000,15480.59000000,6856.39000000,0.47100000,False
2025-01-25 22:55:00,9492.77000000,15636.18000000,6856.41000000,1.61100000,False
2025-01-25 23:00:00,9718.23000000,16193.44000000,6863.16000000,1.39960000,False
2025-01-25 23:05:00,9779.88000000,15939.11000000,6819.62000000,2.33980000,False
2025-01-25 23:10:00,9706.80000000,15718.59000000,6820.65000000,0.54340000,False
2025-01-25 23:15:00,9601.85000000,15737.47000000,6820.68000000,2.10640000,False
2025-01-25 23:20:00,9789.29000000,15912.95000000,6819.68000000,2.00540000,False
2025-01-25 23:25:00,9800.39000000,16150.43000000,6819.71000000,1.41300000,False
2025-01-25 23:30:00,9798.65000000,15845.00000000,6819.60000000,1.55170000,False
2025-01-25 23:35:00,9666.50000000,15773.05000000,6819.64000000,1.80220000,False
2025-01-25 23:40:00,9720.80000000,16054.48000000,6819.64000000,1.60080000,False
2025-01-25 23:45:00,9862.18000000,16242.69000000,6819.64000000,1.12700000,False
2025-01-25 23:50:00,9908.96000000,16568.03000000,6820.62000000,0.67800000,False
2025-01-25 23:55:00,10097.71000000,16771.68000000,6820.63000000,1.88660000,False
