slot,prc_mw,rtolcap_mw,rtoffcap_mw,rtordpa,imputed
2022-07-10 00:00:00,3856.56000000,8316.05000000,2934.50000000,0.00000000,False
2022-07-10 00:05:00,3930.97000000,8389.65000000,3145.28000000,0.00000000,False
2022-07-10 00:10:00,3927.97000000,8525.70000000,3386.38000000,0.00000000,False
2022-07-10 00:15:00,3919.06000000,8752.08000000,3567.38000000,0.00000000,False
2022-07-10 00:20:00,4014.27000000,8872.94000000,3670.48000000,0.00000000,False
2022-07-10 00:25:00,4065.59000000,8954.93000000,3931.70000000,0.00000000,False
2022-07-10 00:30:00,4113.39000000,9177.68000000,4166.45000000,0.00000000,False
2022-07-10 00:35:00,4198.42000000,9348.73000000,4294.48000000,0.00000000,False
2022-07-10 00:40:00,4169.45000000,9049.19000000,4553.94000000,0.00000000,False
2022-07-10 00:45:00,4186.24000000,9383.18000000,4725.00000000,0.00000000,False
2022-07-10 00:50:00,4302.95000000,9807.54000000,4856.63000000,0.00000000,False
2022-07-10 00:55:00,4347.45000000,9944.43000000,4851.87000000,0.00000000,False
2022-07-10 01:00:00,4218.05000000,9868.79000000,4976.98000000,0.00000000,False
2022-07-10 01:05:00,4126.26000000,9825.49000000,5123.64000000,0.00000000,False
2022-07-10 01:10:00,4117.18000000,10007.67000000,5126.77000000,0.00000000,False
2022-07-10 01:15:00,4189.48000000,10086.87000000,5140.66000000,0.00000000,False
2022-07-10 01:20:00,4169.07000000,9954.12000000,5147.25000000,0.00000000,False
2022-07-10 01:25:00,4122.38000000,10000.20000000,5159.17000000,0.00000000,False
2022-07-10 01:30:00,4129.17000000,10240.48000000,5164.11000000,0.00000000,False
2022-07-10 01:35:00,4391.24000000,10694.21000000,5163.37000000,0.00000000,False
2022-07-10 01:40:00,4671.80000000,11398.36000000,5164.12000000,0.00000000,False
2022-07-10 01:45:00,4688.47000000,11142.83000000,5306.71000000,0.00000000,False
2022-07-10 01:50:00,4687.34000000,11168.58000000,5398.67000000,0.00000000,False
2022-07-10 01:55:00,4823.25000000,11634.49000000,5450.53000000,0.00000000,False
2022-07-10 02:00:00,4698.09000000,11510.59000000,5408.60000000,0.00000000,False
2022-07-10 02:05:00,4542.23000000,11391.44000000,5417.05000000,0.00000000,False
2022-07-10 02:10:00,4591.72000000,11614.25000000,5631.60000000,0.00000000,False
2022-07-10 02:15:00,4625.64000000,11650.07000000,5692.17000000,0.00000000,False
2022-07-10 02:20:00,4617.66000000,11714.39000000,5791.79000000,0.00000000,False
2022-07-10 02:25:00,4570.53000000,11738.93000000,5745.10000000,0.00000000,False
2022-07-10 02:30:00,4640.66000000,11954.28000000,5744.13000000,0.00000000,False
2022-07-10 02:35:00,4656.04000000,12211.05000000,5828.22000000,0.00000000,False
2022-07-10 02:40:00,4693.43000000,12255.38000000,5828.83000000,0.00000000,False
2022-07-10 02:45:00,4678.37000000,12312.22000000,5884.60000000,0.00000000,False
2022-07-10 02:50:00,4781.33000000,12563.01000000,5883.92000000,0.00000000,False
2022-07-10 02:55:00,4785.12000000,12560.15000000,5884.47000000,0.00000000,False
2022-07-10 03:00:00,4919.91000000,13051.92000000,6210.17000000,0.00000000,False
2022-07-10 03:05:00,4964.95000000,13087.06000000,6213.79000000,0.00000000,False
2022-07-10 03:10:00,5065.46000000,13218.61000000,6208.03000000,0.00000000,False
2022-07-10 03:15:00,5179.92000000,13331.87000000,6208.36000000,0.00000000,False
2022-07-10 03:20:00,5232.99000000,13540.78000000,6207.73000000,0.00000000,False
2022-07-10 03:25:00,5228.03000000,13622.24000000,6207.90000000,0.00000000,False
2022-07-10 03:30:00,5261.03000000,13777.62000000,6207.54000000,0.00000000,False
2022-07-10 03:35:00,5245.48000000,13763.14000000,6207.92000000,0.00000000,False
2022-07-10 03:40:00,5243.00000000,13772.25000000,6208.11000000,0.00000000,False
2022-07-10 03:45:00,5322.67000000,13995.82000000,6208.37000000,0.00000000,False
2022-07-10 03:50:00,5378.06000000,14250.85000000,6208.19000000,0.00000000,False
2022-07-10 03:55:00,5435.77000000,14409.17000000,6207.03000000,0.00000000,False
2022-07-10 04:00:00,5479.77000000,14510.21000000,6207.90000000,0.00000000,False
2022-07-10 04:05:00,5341.24000000,14214.06000000,6207.00000000,0.00000000,False
2022-07-10 04:10:00,5391.99000000,14236.86000000,6208.84000000,0.00000000,False
2022-07-10 04:15:00,5490.98000000,14486.50000000,6159.09000000,0.00000000,False
2022-07-10 04:20:00,5495.48000000,14708.37000000,6159.06000000,0.00000000,False
2022-07-10 04:25:00,5576.06000000,14961.17000000,6159.05000000,0.00000000,False
2022-07-10 04:30:00,5611.92000000,15076.64000000,6158.14000000,0.00000000,False
2022-07-10 04:35:00,5532.75000000,14990.94000000,6158.70000000,0.00000000,False
2022-07-10 04:40:00,5633.05000000,15143.70000000,6158.34000000,0.00000000,False
2022-07-10 04:45:00,5703.03000000,15261.33000000,6159.03000000,0.00000000,False
2022-07-10 04:50:00,5705.01000000,15401.51000000,6158.66000000,0.00000000,False
2022-07-10 04:55:00,5710.38000000,15299.50000000,6157.54000000,0.00000000,False
2022-07-10 05:00:00,5653.89000000,14964.60000000,6218.97000000,0.00000000,False
2022-07-10 05:05:00,5490.51000000,14836.86000000,6219.65000000,0.00000000,False
2022-07-10 05:10:00,5443.30000000,14592.65000000,6220.23000000,0.00000000,False
2022-07-10 05:15:00,5529.19000000,14636.77000000,6224.47000000,0.00000000,False
2022-07-10 05:20:00,5545.59000000,14763.41000000,6227.44000000,0.00000000,False
2022-07-10 05:25:00,5562.98000000,14718.14000000,6228.46000000,0.00000000,False
2022-07-10 05:30:00,5566.88000000,14496.48000000,6227.54000000,0.00000000,False
2022-07-10 05:35:00,5463.79000000,14594.69000000,6227.25000000,0.00000000,False
2022-07-10 05:40:00,5454.09000000,14581.81000000,6227.71000000,0.00000000,False
2022-07-10 05:45:00,5414.79000000,14482.61000000,6227.58000000,0.00000000,False
2022-07-10 05:50:00,5436.25000000,14651.94000000,6226.87000000,0.00000000,False
2022-07-10 05:55:00,5400.82000000,14581.02000000,6228.19000000,0.00000000,False
2022-07-10 06:00:00,5456.98000000,14546.91000000,6261.59000000,0.00000000,False
2022-07-10 06:05:00,5458.33000000,14758.59000000,6261.47000000,0.00000000,False
2022-07-10 06:10:00,5501.93000000,14763.20000000,6260.15000000,0.00000000,False
2022-07-10 06:15:00,5496.62000000,14774.36000000,6262.62000000,0.00000000,False
2022-07-10 06:20:00,5511.67000000,14909.79000000,6260.79000000,0.00000000,False
2022-07-10 06:25:00,5615.69000000,15059.96000000,6260.62000000,0.00000000,False
2022-07-10 06:30:00,5689.24000000,15250.75000000,6261.64000000,0.00000000,False
2022-07-10 06:35:00,5563.56000000,14894.15000000,6261.62000000,0.00000000,False
2022-07-10 06:40:00,5774.08000000,15174.44000000,6261.22000000,0.00000000,False
2022-07-10 06:45:00,5851.37000000,15243.44000000,6259.06000000,0.00000000,False
2022-07-10 06:50:00,5813.50000000,15183.62000000,6262.75000000,0.00000000,False
2022-07-10 06:55:00,5774.40000000,15079.81000000,6262.46000000,0.00000000,False
2022-07-10 07:00:00,5776.28000000,15071.02000000,6217.41000000,0.00000000,False
2022-07-10 07:05:00,5626.70000000,14695.15000000,6219.18000000,0.00000000,False
2022-07-10 07:10:00,5550.30000000,14699.31000000,6216.90000000,0.00000000,False
2022-07-10 07:15:00,5574.52000000,14599.46000000,6217.99000000,0.00000000,False
2022-07-10 07:20:00,5726.31000000,14958.11000000,6220.45000000,0.00000000,False
2022-07-10 07:25:00,5765.93000000,14967.85000000,6220.84000000,0.00000000,False
2022-07-10 07:30:00,5794.39000000,15130.48000000,6220.71000000,0.00000000,False
2022-07-10 07:35:00,5814.60000000,14958.36000000,6220.25000000,0.00000000,False
2022-07-10 07:40:00,5914.65000000,15147.37000000,6220.70000000,0.00000000,False
2022-07-10 07:45:00,5901.00000000,14998.99000000,6220.80000000,0.00000000,False
2022-07-10 07:50:00,5887.83000000,15051.40000000,6220.88000000,0.00000000,False
2022-07-10 07:55:00,5886.50000000,14962.22000000,6265.24000000,0.00000000,False
2022-07-10 08:00:00,5819.36000000,14819.41000000,6267.60000000,0.00000000,False
2022-07-10 08:05:00,5636.66000000,14679.83000000,6268.11000000,0.00000000,False
2022-07-10 08:10:00,5671.53000000,14610.95000000,6267.50000000,0.00000000,False
2022-07-10 08:15:00,5676.45000000,14556.91000000,6331.06000000,0.00000000,False
2022-07-10 08:20:00,5620.55000000,14719.79000000,6333.57000000,0.00000000,False
2022-07-10 08:25:00,5607.85000000,14284.52000000,6333.56000000,0.00000000,False
2022-07-10 08:30:00,5555.67000000,14134.92000000,6333.33000000,0.00000000,False
2022-07-10 08:35:00,5580.61000000,14266.29000000,6333.25000000,0.00000000,False
2022-07-10 08:40:00,5575.54000000,14270.25000000,6333.39000000,0.00000000,False
2022-07-10 08:45:00,5551.31000000,14219.24000000,6333.45000000,0.00000000,False
2022-07-10 08:50:00,5580.99000000,14216.75000000,6333.51000000,0.00000000,False
2022-07-10 08:55:00,5634.44000000,14420.17000000,6333.52000000,0.00000000,False
2022-07-10 09:00:00,5643.73000000,14616.80000000,6232.46000000,0.00000000,False
2022-07-10 09:05:00,5542.89000000,14375.30000000,6232.54000000,0.00000000,False
2022-07-10 09:10:00,5441.65000000,14139.38000000,6231.65000000,0.00000000,False
2022-07-10 09:15:00,5355.16000000,14072.21000000,6231.74000000,0.00000000,False
2022-07-10 09:20:00,5147.30000000,13661.29000000,6226.87000000,0.00000000,False
2022-07-10 09:25:00,4888.99000000,13216.24000000,6227.50000000,0.00000000,False
2022-07-10 09:30:00,4778.22000000,13097.14000000,6231.29000000,0.00000000,False
2022-07-10 09:35:00,4778.76000000,13283.33000000,6163.16000000,0.00000000,False
2022-07-10 09:40:00,4665.07000000,12747.84000000,6166.02000000,0.00000000,False
2022-07-10 09:45:00,4557.76000000,12503.59000000,6164.24000000,0.00000000,False
2022-07-10 09:50:00,4554.87000000,12252.98000000,6004.62000000,0.00000000,False
2022-07-10 09:55:00,4659.88000000,12267.17000000,5898.13000000,0.00000000,False
2022-07-10 10:00:00,4469.95000000,11907.05000000,5812.56000000,0.00000000,False
2022-07-10 10:05:00,4276.41000000,11384.75000000,5765.11000000,0.00000000,False
2022-07-10 10:10:00,4194.07000000,11000.67000000,5507.78000000,0.00000000,False
2022-07-10 10:15:00,4278.03000000,10954.46000000,5357.18000000,0.00000000,False
2022-07-10 10:20:00,4466.99000000,10936.18000000,5357.28000000,0.00000000,False
2022-07-10 10:25:00,4273.35000000,10415.98000000,5309.78000000,0.00000000,False
2022-07-10 10:30:00,4152.29000000,9986.01000000,5307.98000000,0.00000000,False
2022-07-10 10:35:00,3881.51000000,9481.03000000,5305.53000000,0.00000000,False
2022-07-10 10:40:00,3794.92000000,9102.01000000,5307.68000000,0.00000000,False
2022-07-10 10:45:00,4131.11000000,9553.16000000,5265.98000000,0.00000000,False
2022-07-10 10:50:00,4021.19000000,9350.65000000,5065.18000000,0.00000000,False
2022-07-10 10:55:00,3945.98000000,8969.19000000,4741.18000000,0.00000000,False
2022-07-10 11:00:00,3898.45000000,10086.28000000,4173.70000000,0.00000000,False
2022-07-10 11:05:00,3981.21000000,9785.70000000,3989.70000000,0.00000000,False
2022-07-10 11:10:00,3882.60000000,9450.06000000,3944.70000000,0.00000000,False
2022-07-10 11:15:00,3859.08000000,9143.70000000,3913.10000000,0.00000000,False
2022-07-10 11:20:00,3915.69000000,9127.12000000,3642.00000000,0.00000000,False
2022-07-10 11:25:00,3897.54000000,8765.02000000,3641.20000000,0.00000000,False
2022-07-10 11:30:00,3858.84000000,8307.69000000,3550.30000000,0.00000000,False
2022-07-10 11:35:00,3753.55000000,8207.06000000,3458.80000000,0.00000000,False
2022-07-10 11:40:00,3593.13000000,7855.92000000,3460.20000000,0.00000000,False
2022-07-10 11:45:00,3533.77000000,7793.34000000,3459.50000000,0.00000000,False
2022-07-10 11:50:00,3535.34000000,7797.82000000,3186.80000000,0.00000000,False
2022-07-10 11:55:00,3733.47000000,8731.33000000,3063.00000000,0.00000000,False
2022-07-10 12:00:00,3679.79000000,8087.98000000,2563.10000000,0.00000000,False
2022-07-10 12:05:00,3706.78000000,8785.41000000,1590.70000000,2.56230000,False
2022-07-10 12:10:00,4023.05000000,8532.98000000,1599.90000000,0.00000000,False
2022-07-10 12:15:00,4168.63000000,8525.88000000,1596.10000000,0.00000000,False
2022-07-10 12:20:00,4034.52000000,8394.71000000,1597.30000000,0.00000000,False
2022-07-10 12:25:00,4030.89000000,8224.83000000,1600.65000000,0.00000000,False
2022-07-10 12:30:00,4042.17000000,8023.17000000,1598.40000000,0.00000000,False
2022-07-10 12:35:00,3889.86000000,7751.34000000,1545.55000000,0.00000000,False
2022-07-10 12:40:00,3737.46000000,7290.96000000,1443.90000000,0.00000000,False
2022-07-10 12:45:00,3621.60000000,6977.85000000,1263.90000000,0.00000000,False
2022-07-10 12:50:00,3521.73000000,6898.95000000,1129.50000000,0.00000000,False
2022-07-10 12:55:00,3314.74000000,6450.64000000,1129.80000000,0.00000000,False
2022-07-10 13:00:00,3372.75000000,7008.27000000,1092.20000000,0.00000000,False
2022-07-10 13:05:00,3304.27000000,6830.29000000,961.80000000,0.00000000,False
2022-07-10 13:10:00,3308.95000000,6525.45000000,934.80000000,0.00000000,False
2022-07-10 13:15:00,3304.95000000,6484.77000000,863.70000000,0.00000000,False
2022-07-10 13:20:00,3171.98000000,6125.31000000,863.70000000,0.00000000,False
2022-07-10 13:25:00,3397.65000000,6434.74000000,863.70000000,0.00000000,False
2022-07-10 13:30:00,3266.08000000,6087.34000000,863.70000000,0.00000000,False
2022-07-10 13:35:00,3106.32000000,5753.65000000,863.70000000,0.00000000,False
2022-07-10 13:40:00,3142.31000000,5730.95000000,769.10000000,0.00000000,False
2022-07-10 13:45:00,3069.48000000,5682.33000000,719.10000000,0.00000000,False
2022-07-10 13:50:00,2897.10000000,5280.02000000,420.10000000,0.00000000,False
2022-07-10 13:55:00,2929.69000000,5415.49000000,279.10000000,0.00000000,False
2022-07-10 14:00:00,3329.28000000,5859.69000000,279.10000000,0.00000000,False
2022-07-10 14:05:00,3707.82000000,6254.11000000,47.00000000,0.00000000,False
2022-07-10 14:10:00,3604.15000000,6225.76000000,0.00000000,0.00000000,False
2022-07-10 14:15:00,3525.29000000,6084.53000000,0.00000000,0.00000000,False
2022-07-10 14:20:00,3483.87000000,6072.33000000,0.00000000,0.00000000,False
2022-07-10 14:25:00,3349.95000000,5558.28000000,0.00000000,0.00000000,False
2022-07-10 14:30:00,3384.80000000,5532.87000000,0.00000000,0.00000000,False
2022-07-10 14:35:00,3513.67000000,5822.80000000,0.00000000,0.00000000,False
2022-07-10 14:40:00,3396.76000000,5818.37000000,0.00000000,0.00000000,False
2022-07-10 14:45:00,3318.33000000,5521.96000000,0.00000000,0.00000000,False
2022-07-10 14:50:00,3202.33000000,5448.40000000,0.00000000,0.00000000,False
2022-07-10 14:55:00,3169.93000000,5237.27000000,0.00000000,0.00000000,False
2022-07-10 15:00:00,3119.34000000,5117.02000000,0.83000000,0.00000000,False
2022-07-10 15:05:00,3300.70000000,5618.80000000,0.00000000,0.00000000,False
2022-07-10 15:10:00,3420.29000000,5782.13000000,0.00000000,0.00000000,False
2022-07-10 15:15:00,3293.20000000,5463.19000000,0.00000000,0.00000000,False
2022-07-10 15:20:00,3190.12000000,5384.58000000,0.00000000,0.00000000,False
2022-07-10 15:25:00,3173.21000000,5416.20000000,0.00000000,0.00000000,False
2022-07-10 15:30:00,3103.05000000,5159.08000000,0.00000000,0.00000000,False
2022-07-10 15:35:00,3103.05000000,5126.56000000,0.00000000,0.00000000,False
2022-07-10 15:40:00,3186.44000000,5487.49000000,0.00000000,0.00000000,False
2022-07-10 15:45:00,3396.34000000,5917.49000000,0.00000000,0.00000000,False
2022-07-10 15:50:00,3495.53000000,6131.02000000,0.00000000,0.00000000,False
2022-07-10 15:55:00,3333.85000000,5442.93000000,0.00000000,0.00000000,False
2022-07-10 16:00:00,3355.92000000,5397.57000000,0.00000000,0.00000000,False
2022-07-10 16:05:00,3185.72000000,5388.28000000,0.00000000,0.00000000,False
2022-07-10 16:10:00,3179.65000000,5431.56000000,0.00000000,0.00000000,False
2022-07-10 16:15:00,3187.49000000,5357.17000000,0.00000000,0.00000000,False
2022-07-10 16:20:00,3059.12000000,5014.16000000,0.00000000,0.00000000,False
2022-07-10 16:25:00,3142.40000000,4981.12000000,0.00000000,0.00000000,False
2022-07-10 16:30:00,3295.95000000,5232.39000000,0.00000000,0.00000000,False
2022-07-10 16:35:00,3064.54000000,4819.20000000,0.00000000,0.00000000,False
2022-07-10 16:40:00,3112.11000000,4772.23000000,0.00000000,0.00000000,False
2022-07-10 16:45:00,3144.92000000,4993.75000000,0.00000000,0.00000000,False
2022-07-10 16:50:00,3373.23000000,5338.36000000,0.00000000,0.00000000,False
2022-07-10 16:55:00,3391.08000000,5623.50000000,0.00000000,0.00000000,False
2022-07-10 17:00:00,3500.32000000,5819.43000000,0.45000000,0.00000000,False
2022-07-10 17:05:00,3400.80000000,5444.73000000,0.00000000,0.00000000,False
2022-07-10 17:10:00,3340.55000000,5244.49000000,0.00000000,0.00000000,False
2022-07-10 17:15:00,3283.10000000,5161.47000000,0.00000000,0.00000000,False
2022-07-10 17:20:00,3227.52000000,5239.04000000,51.00000000,0.00000000,False
2022-07-10 17:25:00,3211.75000000,5274.32000000,51.00000000,0.00000000,False
2022-07-10 17:30:00,3228.35000000,5335.25000000,51.00000000,0.00000000,False
2022-07-10 17:35:00,3219.21000000,5261.96000000,51.00000000,0.00000000,False
2022-07-10 17:40:00,3264.44000000,5479.65000000,51.00000000,0.00000000,False
2022-07-10 17:45:00,3353.36000000,5706.23000000,51.00000000,0.00000000,False
2022-07-10 17:50:00,3222.00000000,5412.96000000,51.00000000,0.00000000,False
2022-07-10 17:55:00,3259.85000000,5435.06000000,51.00000000,0.00000000,False
2022-07-10 18:00:00,3155.64000000,5239.56000000,51.00000000,0.00000000,False
2022-07-10 18:05:00,3133.04000000,5372.26000000,51.00000000,0.00000000,False
2022-07-10 18:10:00,3241.03000000,5618.61000000,51.00000000,0.00000000,False
2022-07-10 18:15:00,3194.91000000,5348.97000000,51.00000000,0.00000000,False
2022-07-10 18:20:00,3049.12000000,4880.42000000,51.00000000,0.00000000,False
2022-07-10 18:25:00,3098.64000000,5062.36000000,51.00000000,0.00000000,False
2022-07-10 18:30:00,3044.07000000,5158.26000000,51.00000000,0.00000000,False
2022-07-10 18:35:00,2950.38000000,4950.83000000,51.00000000,0.00000000,False
2022-07-10 18:40:00,2904.23000000,4987.61000000,51.00000000,0.00000000,False
2022-07-10 18:45:00,2894.19000000,4610.39000000,51.00000000,0.00000000,False
2022-07-10 18:50:00,2867.03000000,4632.53000000,51.00000000,0.00000000,False
2022-07-10 18:55:00,2932.14000000,4708.92000000,68.25000000,0.00000000,False
2022-07-10 19:00:00,2902.11000000,4848.30000000,1.50000000,0.00000000,False
2022-07-10 19:05:00,3225.21000000,5133.33000000,0.00000000,0.00000000,False
2022-07-10 19:10:00,3256.49000000,5361.95000000,0.00000000,0.00000000,False
2022-07-10 19:15:00,3172.46000000,5250.18000000,0.00000000,0.00000000,False
2022-07-10 19:20:00,3128.90000000,5224.74000000,0.00000000,0.00000000,False
2022-07-10 19:25:00,3046.59000000,4911.27000000,8.80000000,0.00000000,False
2022-07-10 19:30:00,3061.71000000,4619.90000000,27.50000000,0.00000000,False
2022-07-10 19:35:00,3082.67000000,4918.31000000,36.20000000,0.00000000,False
2022-07-10 19:40:00,3096.80000000,4806.34000000,60.80000000,0.00000000,False
2022-07-10 19:45:00,3065.55000000,4642.13000000,92.90000000,0.00000000,False
2022-07-10 19:50:00,3229.48000000,5124.48000000,109.10000000,0.00000000,False
2022-07-10 19:55:00,3445.11000000,5336.41000000,110.00000000,0.00000000,False
2022-07-10 20:00:00,3555.89000000,5390.14000000,110.00000000,0.00000000,False
2022-07-10 20:05:00,3589.75000000,5214.73000000,110.00000000,0.00000000,False
2022-07-10 20:10:00,3587.25000000,5606.89000000,110.00000000,0.00000000,False
2022-07-10 20:15:00,3728.92000000,5876.60000000,110.00000000,0.00000000,False
2022-07-10 20:20:00,3830.33000000,5941.00000000,155.00000000,0.00000000,False
2022-07-10 20:25:00,3821.05000000,6040.75000000,110.00000000,0.00000000,False
2022-07-10 20:30:00,3686.98000000,5707.38000000,196.40000000,0.00000000,False
2022-07-10 20:35:00,3698.66000000,5826.03000000,267.60000000,0.00000000,False
2022-07-10 20:40:00,3701.88000000,5916.21000000,365.40000000,0.00000000,False
2022-07-10 20:45:00,3755.41000000,5796.68000000,416.00000000,0.00000000,False
2022-07-10 20:50:00,3790.95000000,6189.60000000,488.60000000,0.00000000,False
2022-07-10 20:55:00,3970.78000000,6661.60000000,432.40000000,0.00000000,False
2022-07-10 21:00:00,4105.44000000,7022.21000000,516.50000000,0.00000000,False
2022-07-10 21:05:00,4398.21000000,7436.00000000,513.60000000,0.00000000,False
2022-07-10 21:10:00,4270.83000000,7246.74000000,705.20000000,0.00000000,False
2022-07-10 21:15:00,4272.95000000,7696.82000000,991.39000000,0.00000000,False
2022-07-10 21:20:00,4208.81000000,7815.28000000,1233.49000000,0.00000000,False
2022-07-10 21:25:00,4292.57000000,7833.94000000,1272.69000000,0.00000000,False
2022-07-10 21:30:00,4365.79000000,8315.32000000,1357.32000000,0.00000000,False
2022-07-10 21:35:00,4359.15000000,8308.24000000,1430.67000000,0.00000000,False
2022-07-10 21:40:00,4416.58000000,8627.89000000,1635.80000000,0.00000000,False
2022-07-10 21:45:00,4651.25000000,9227.86000000,1685.23000000,0.00000000,False
2022-07-10 21:50:00,5011.57000000,9159.91000000,1847.17000000,0.00000000,False
2022-07-10 21:55:00,4977.82000000,9024.10000000,2512.50000000,0.00000000,False
2022-07-10 22:00:00,4537.13000000,8848.65000000,2757.52000000,0.00000000,False
2022-07-10 22:05:00,4829.38000000,9331.62000000,2919.06000000,0.00000000,False
2022-07-10 22:10:00,4788.81000000,10102.70000000,3435.59000000,0.00000000,False
2022-07-10 22:15:00,4729.16000000,10382.23000000,3651.27000000,0.00000000,False
2022-07-10 22:20:00,4752.07000000,10803.84000000,3607.15000000,0.00000000,False
2022-07-10 22:25:00,4723.36000000,10932.54000000,3588.59000000,0.00000000,False
2022-07-10 22:30:00,4861.84000000,11609.14000000,3745.14000000,0.00000000,False
2022-07-10 22:35:00,4875.94000000,11431.41000000,3746.04000000,0.00000000,False
2022-07-10 22:40:00,4960.77000000,11673.29000000,3691.86000000,0.00000000,False
2022-07-10 22:45:00,4968.07000000,12049.95000000,3752.67000000,0.00000000,False
2022-07-10 22:50:00,4899.62000000,12162.68000000,4033.40000000,0.00000000,False
2022-07-10 22:55:00,4916.89000000,12392.67000000,4557.19000000,0.00000000,False
2022-07-10 23:00:00,4863.79000000,12784.78000000,4599.04000000,0.00000000,False
2022-07-10 23:05:00,5000.24000000,13096.19000000,4858.64000000,0.00000000,False
2022-07-10 23:10:00,4971.05000000,12894.45000000,4897.33000000,0.00000000,False
2022-07-10 23:15:00,4965.07000000,12902.12000000,4875.97000000,0.00000000,False
2022-07-10 23:20:00,5102.43000000,13173.40000000,5254.07000000,0.00000000,False
2022-07-10 23:25:00,5014.26000000,12954.13000000,5510.14000000,0.00000000,False
2022-07-10 23:30:00,5129.79000000,13085.00000000,5599.77000000,0.00000000,False
2022-07-10 23:35:00,5155.58000000,13212.56000000,5605.85000000,0.00000000,False
2022-07-10 23:40:00,5177.14000000,13567.11000000,5662.84000000,0.00000000,False
2022-07-10 23:45:00,5236.05000000,13838.16000000,5577.82000000,0.00000000,False
2022-07-10 23:50:00,5261.25000000,14044.15000000,5577.78000000,0.00000000,False
2022-07-10 23:55:00,5338.23000000,14327.11000000,5715.83000000,0.00000000,False
2022-07-11 00:00:00,5279.62000000,14792.85000000,5645.46000000,0.00000000,False
2022-07-11 00:05:00,5399.34000000,14819.49000000,5702.95000000,0.00000000,False
2022-07-11 00:10:00,5588.34000000,15101.70000000,5906.06000000,0.00000000,False
2022-07-11 00:15:00,5679.40000000,15420.44000000,5906.07000000,0.00000000,False
2022-07-11 00:20:00,5749.98000000,15690.41000000,5906.11000000,0.00000000,False
2022-07-11 00:25:00,5904.58000000,15873.97000000,5906.09000000,0.00000000,False
2022-07-11 00:30:00,6012.92000000,16063.59000000,5906.10000000,0.00000000,False
2022-07-11 00:35:00,6063.83000000,16217.92000000,5955.71000000,0.00000000,False
2022-07-11 00:40:00,6053.79000000,16129.00000000,6005.42000000,0.00000000,False
2022-07-11 00:45:00,6101.15000000,16339.06000000,6105.30000000,0.00000000,False
2022-07-11 00:50:00,6243.97000000,16724.15000000,6105.30000000,0.00000000,False
2022-07-11 00:55:00,6339.52000000,16857.42000000,6105.53000000,0.00000000,False
2022-07-11 01:00:00,6336.51000000,16981.66000000,6131.99000000,0.00000000,False
2022-07-11 01:05:00,6352.60000000,17082.98000000,6132.06000000,0.00000000,False
2022-07-11 01:10:00,6305.52000000,16901.21000000,6146.05000000,0.00000000,False
2022-07-11 01:15:00,6367.58000000,17191.64000000,6145.59000000,0.00000000,False
2022-07-11 01:20:00,6325.92000000,17305.07000000,6145.75000000,0.00000000,False
2022-07-11 01:25:00,6285.45000000,17177.12000000,6145.83000000,0.00000000,False
2022-07-11 01:30:00,6264.85000000,17277.51000000,6212.87000000,0.00000000,False
2022-07-11 01:35:00,6385.89000000,17680.98000000,6213.01000000,0.00000000,False
2022-07-11 01:40:00,6435.72000000,17699.85000000,6212.72000000,0.00000000,False
2022-07-11 01:45:00,6611.14000000,17986.88000000,6212.59000000,0.00000000,False
2022-07-11 01:50:00,6836.16000000,18729.57000000,6212.47000000,0.00000000,False
2022-07-11 01:55:00,7012.27000000,18848.29000000,6212.71000000,0.00000000,False
2022-07-11 02:00:00,7197.59000000,19082.02000000,6206.80000000,0.00000000,False
2022-07-11 02:05:00,7320.72000000,19105.31000000,6206.94000000,0.00000000,False
2022-07-11 02:10:00,7362.42000000,18936.15000000,6206.82000000,0.00000000,False
2022-07-11 02:15:00,7313.37000000,19004.51000000,6206.47000000,0.00000000,False
2022-07-11 02:20:00,7293.21000000,19106.56000000,6206.55000000,0.00000000,False
2022-07-11 02:25:00,7243.81000000,18934.48000000,6206.69000000,0.00000000,False
2022-07-11 02:30:00,7261.39000000,19186.15000000,6206.68000000,0.00000000,False
2022-07-11 02:35:00,7209.70000000,18928.21000000,6207.01000000,0.00000000,False
2022-07-11 02:40:00,7185.91000000,18763.14000000,6206.92000000,0.00000000,False
2022-07-11 02:45:00,7138.76000000,18842.12000000,6206.95000000,0.00000000,False
2022-07-11 02:50:00,7116.88000000,18819.73000000,6206.83000000,0.00000000,False
2022-07-11 02:55:00,7093.15000000,18636.95000000,6207.04000000,0.00000000,False
2022-07-11 03:00:00,7118.57000000,18587.89000000,6293.71000000,0.00000000,False
2022-07-11 03:05:00,7041.59000000,18594.15000000,6329.57000000,0.00000000,False
2022-07-11 03:10:00,6987.06000000,18435.25000000,6336.76000000,0.00000000,False
2022-07-11 03:15:00,6916.02000000,18337.99000000,6338.05000000,0.00000000,False
2022-07-11 03:20:00,6937.13000000,18519.40000000,6337.02000000,0.00000000,False
2022-07-11 03:25:00,6964.51000000,18422.44000000,6336.52000000,0.00000000,False
2022-07-11 03:30:00,6934.74000000,18262.57000000,6337.28000000,0.00000000,False
2022-07-11 03:35:00,7003.07000000,18546.36000000,6338.19000000,0.00000000,False
2022-07-11 03:40:00,7047.12000000,18615.21000000,6293.29000000,0.00000000,False
2022-07-11 03:45:00,7067.39000000,18565.10000000,6293.16000000,0.00000000,False
2022-07-11 03:50:00,7023.92000000,18647.54000000,6293.63000000,0.00000000,False
2022-07-11 03:55:00,7006.56000000,18608.00000000,6293.70000000,0.00000000,False
2022-07-11 04:00:00,6943.94000000,18241.33000000,6306.33000000,0.00000000,False
2022-07-11 04:05:00,6819.42000000,17935.11000000,6306.43000000,0.00000000,False
2022-07-11 04:10:00,6847.04000000,18318.29000000,6306.39000000,0.00000000,False
2022-07-11 04:15:00,6896.88000000,18321.73000000,6306.22000000,0.00000000,False
2022-07-11 04:20:00,6898.37000000,18409.05000000,6306.17000000,0.00000000,False
2022-07-11 04:25:00,6884.08000000,18410.64000000,6306.03000000,0.00000000,False
2022-07-11 04:30:00,6961.66000000,18398.48000000,6306.08000000,0.00000000,False
2022-07-11 04:35:00,6905.47000000,18281.70000000,6306.38000000,0.00000000,False
2022-07-11 04:40:00,6968.65000000,18444.57000000,6306.42000000,0.00000000,False
2022-07-11 04:45:00,6971.79000000,18421.51000000,6306.26000000,0.00000000,False
2022-07-11 04:50:00,6931.47000000,18400.25000000,6306.31000000,0.00000000,False
2022-07-11 04:55:00,6900.23000000,18384.56000000,6306.42000000,0.00000000,False
2022-07-11 05:00:00,6919.69000000,18268.26000000,6313.23000000,0.00000000,False
2022-07-11 05:05:00,6808.25000000,17622.36000000,6313.97000000,0.00000000,False
2022-07-11 05:10:00,6571.05000000,17411.82000000,6314.38000000,0.00000000,False
2022-07-11 05:15:00,6588.69000000,17554.01000000,6314.30000000,0.00000000,False
2022-07-11 05:20:00,6588.30000000,17614.91000000,6314.13000000,0.00000000,False
2022-07-11 05:25:00,6637.78000000,17610.97000000,6313.99000000,0.00000000,False
2022-07-11 05:30:00,6636.86000000,17574.76000000,6314.10000000,0.00000000,False
2022-07-11 05:35:00,6472.13000000,17207.83000000,6315.35000000,0.00000000,False
2022-07-11 05:40:00,6275.45000000,16825.46000000,6311.58000000,0.00000000,False
2022-07-11 05:45:00,6268.03000000,16801.49000000,6311.28000000,0.00000000,False
2022-07-11 05:50:00,6185.50000000,16702.04000000,6313.88000000,0.00000000,False
2022-07-11 05:55:00,6101.58000000,16475.25000000,6312.52000000,0.00000000,False
2022-07-11 06:00:00,6147.44000000,16801.53000000,6222.15000000,0.00000000,False
2022-07-11 06:05:00,6056.76000000,16579.56000000,6221.67000000,0.00000000,False
2022-07-11 06:10:00,5878.98000000,16133.67000000,6223.86000000,0.00000000,False
2022-07-11 06:15:00,5804.01000000,16136.07000000,6222.01000000,0.00000000,False
2022-07-11 06:20:00,5783.31000000,16070.22000000,6220.67000000,0.00000000,False
2022-07-11 06:25:00,5750.29000000,16095.96000000,6220.16000000,0.00000000,False
2022-07-11 06:30:00,5489.53000000,15327.19000000,6218.81000000,0.00000000,False
2022-07-11 06:35:00,5326.75000000,15043.23000000,6221.97000000,0.00000000,False
2022-07-11 06:40:00,5246.07000000,15058.47000000,6220.83000000,0.00000000,False
2022-07-11 06:45:00,5333.30000000,15232.71000000,6223.00000000,0.00000000,False
2022-07-11 06:50:00,5285.85000000,15085.57000000,6220.30000000,0.00000000,False
2022-07-11 06:55:00,5287.41000000,14931.46000000,6220.69000000,0.00000000,False
2022-07-11 07:00:00,5188.78000000,14471.70000000,6218.80000000,0.00000000,False
2022-07-11 07:05:00,5185.44000000,14388.41000000,6215.45000000,0.00000000,False
2022-07-11 07:10:00,5100.64000000,13992.13000000,6220.04000000,0.00000000,False
2022-07-11 07:15:00,5159.66000000,14219.36000000,6216.91000000,0.00000000,False
2022-07-11 07:20:00,5003.08000000,13754.48000000,6214.80000000,0.00000000,False
2022-07-11 07:25:00,5151.06000000,13988.17000000,6219.58000000,0.00000000,False
2022-07-11 07:30:00,5159.02000000,14056.41000000,6219.28000000,0.00000000,False
2022-07-11 07:35:00,5192.43000000,14220.45000000,6216.12000000,0.00000000,False
2022-07-11 07:40:00,5157.25000000,14231.33000000,6181.93000000,0.00000000,False
2022-07-11 07:45:00,5133.20000000,14217.35000000,6183.82000000,0.00000000,False
2022-07-11 07:50:00,5156.41000000,14315.26000000,6183.77000000,0.00000000,False
2022-07-11 07:55:00,5128.43000000,14080.56000000,6183.90000000,0.00000000,False
2022-07-11 08:00:00,5146.61000000,14130.91000000,6165.18000000,0.00000000,False
2022-07-11 08:05:00,5037.15000000,14073.50000000,6168.71000000,0.00000000,False
2022-07-11 08:10:00,5048.45000000,13950.18000000,6166.50000000,0.00000000,False
2022-07-11 08:15:00,5009.07000000,13991.40000000,6168.65000000,0.00000000,False
2022-07-11 08:20:00,5015.26000000,14007.62000000,6168.46000000,0.00000000,False
2022-07-11 08:25:00,5000.45000000,13972.21000000,6168.20000000,0.00000000,False
2022-07-11 08:30:00,4969.38000000,14044.41000000,6168.22000000,0.00000000,False
2022-07-11 08:35:00,4962.92000000,14071.13000000,6168.43000000,0.00000000,False
2022-07-11 08:40:00,4993.02000000,14193.49000000,6164.35000000,0.00000000,False
2022-07-11 08:45:00,5117.28000000,14524.03000000,6165.21000000,0.00000000,False
2022-07-11 08:50:00,5271.04000000,15022.86000000,6168.25000000,0.00000000,False
2022-07-11 08:55:00,5387.18000000,15320.43000000,6138.14000000,0.00000000,False
2022-07-11 09:00:00,5341.22000000,15253.57000000,6062.25000000,0.00000000,False
2022-07-11 09:05:00,5282.86000000,15126.82000000,6058.71000000,0.00000000,False
2022-07-11 09:10:00,5052.71000000,14656.40000000,6064.81000000,0.00000000,False
2022-07-11 09:15:00,4969.83000000,14644.56000000,6062.23000000,0.00000000,False
2022-07-11 09:20:00,4952.55000000,14593.36000000,6015.79000000,0.00000000,False
2022-07-11 09:25:00,4900.36000000,14245.39000000,6014.39000000,0.00000000,False
2022-07-11 09:30:00,4873.97000000,14106.70000000,6016.52000000,0.00000000,False
2022-07-11 09:35:00,5011.35000000,14141.64000000,6016.85000000,0.00000000,False
2022-07-11 09:40:00,4965.26000000,13764.02000000,6012.81000000,0.00000000,False
2022-07-11 09:45:00,4847.28000000,13413.46000000,5816.70000000,0.00000000,False
2022-07-11 09:50:00,4857.07000000,13234.33000000,5585.25000000,0.00000000,False
2022-07-11 09:55:00,4841.37000000,12787.42000000,5581.35000000,0.00000000,False
2022-07-11 10:00:00,4702.62000000,12386.71000000,5341.19000000,0.00000000,False
2022-07-11 10:05:00,4695.41000000,12574.84000000,5046.50000000,0.00000000,False
2022-07-11 10:10:00,4527.59000000,12502.30000000,4913.58000000,0.00000000,False
2022-07-11 10:15:00,4346.66000000,12133.96000000,5015.41000000,0.00000000,False
2022-07-11 10:20:00,4255.71000000,11373.21000000,5018.49000000,0.00000000,False
2022-07-11 10:25:00,4152.11000000,11107.70000000,4853.99000000,0.00000000,False
2022-07-11 10:30:00,4151.74000000,10768.87000000,4631.91000000,0.00000000,False
2022-07-11 10:35:00,4061.40000000,10470.91000000,4636.66000000,0.00000000,False
2022-07-11 10:40:00,3963.70000000,10021.18000000,4637.75000000,0.00000000,False
2022-07-11 10:45:00,3973.08000000,9703.31000000,4270.28000000,0.00000000,False
2022-07-11 10:50:00,4112.86000000,9724.23000000,4070.98000000,0.00000000,False
2022-07-11 10:55:00,4044.33000000,9419.96000000,4070.98000000,0.00000000,False
2022-07-11 11:00:00,3955.67000000,9367.53000000,3530.80000000,0.00000000,False
2022-07-11 11:05:00,4220.07000000,10276.56000000,2205.80000000,0.00000000,False
2022-07-11 11:10:00,4463.94000000,10329.98000000,1866.30000000,0.00000000,False
2022-07-11 11:15:00,4517.70000000,10368.56000000,1819.60000000,0.00000000,False
2022-07-11 11:20:00,4422.31000000,9936.26000000,1817.40000000,0.00000000,False
2022-07-11 11:25:00,4351.53000000,9686.96000000,1683.90000000,0.00000000,False
2022-07-11 11:30:00,4296.69000000,9341.82000000,1683.70000000,0.00000000,False
2022-07-11 11:35:00,4138.93000000,9074.78000000,1592.00000000,0.00000000,False
2022-07-11 11:40:00,3998.19000000,8588.34000000,1640.80000000,0.00000000,False
2022-07-11 11:45:00,3825.64000000,8311.16000000,1519.00000000,0.00000000,False
2022-07-11 11:50:00,3612.45000000,7851.21000000,1510.90000000,0.00000000,False
2022-07-11 11:55:00,3467.53000000,7544.69000000,1424.90000000,0.00000000,False
2022-07-11 12:00:00,3519.37000000,7460.45000000,1413.60000000,0.00000000,False
2022-07-11 12:05:00,3331.42000000,6818.58000000,1363.70000000,0.00000000,False
2022-07-11 12:10:00,3320.64000000,6852.26000000,1177.80000000,0.00000000,False
2022-07-11 12:15:00,3175.59000000,6382.84000000,1104.40000000,0.00000000,False
2022-07-11 12:20:00,3250.80000000,6430.41000000,1014.40000000,0.00000000,False
2022-07-11 12:25:00,3134.39000000,6113.65000000,1014.40000000,0.00000000,False
2022-07-11 12:30:00,3183.63000000,5983.63000000,1014.40000000,0.00000000,False
2022-07-11 12:35:00,3110.82000000,5732.99000000,996.40000000,0.00000000,False
2022-07-11 12:40:00,3190.57000000,5825.43000000,996.40000000,0.00000000,False
2022-07-11 12:45:00,3054.52000000,5658.38000000,996.40000000,0.00000000,False
2022-07-11 12:50:00,2938.30000000,5318.36000000,996.40000000,0.00000000,False
2022-07-11 12:55:00,2930.13000000,5394.48000000,694.40000000,0.00000000,False
2022-07-11 13:00:00,3059.58000000,5570.78000000,457.90000000,0.00000000,False
2022-07-11 13:05:00,3263.89000000,5457.57000000,457.90000000,0.00000000,False
2022-07-11 13:10:00,3423.97000000,5444.17000000,243.40000000,0.00000000,False
2022-07-11 13:15:00,3340.94000000,5190.05000000,243.40000000,0.00000000,False
2022-07-11 13:20:00,3379.95000000,5287.60000000,243.40000000,0.00000000,False
2022-07-11 13:25:00,3401.69000000,5420.80000000,189.30000000,0.00000000,False
2022-07-11 13:30:00,3388.96000000,5615.04000000,53.30000000,0.00000000,False
2022-07-11 13:35:00,3310.71000000,5158.78000000,53.30000000,0.00000000,False
2022-07-11 13:40:00,3254.55000000,5105.54000000,53.30000000,0.00000000,False
2022-07-11 13:45:00,3188.94000000,5056.45000000,53.30000000,0.00000000,False
2022-07-11 13:50:00,3106.72000000,4956.28000000,53.30000000,0.00000000,False
2022-07-11 13:55:00,3116.78000000,4807.88000000,53.30000000,0.00000000,False
2022-07-11 14:00:00,3274.64000000,5268.31000000,53.30000000,0.00000000,False
2022-07-11 14:05:00,3457.90000000,5522.01000000,53.30000000,0.00000000,False
2022-07-11 14:10:00,3367.42000000,5565.54000000,53.30000000,0.00000000,False
2022-07-11 14:15:00,3290.03000000,5345.52000000,53.30000000,0.00000000,False
2022-07-11 14:20:00,3318.52000000,5370.01000000,53.30000000,0.00000000,False
2022-07-11 14:25:00,3467.08000000,5677.78000000,53.30000000,0.00000000,False
2022-07-11 14:30:00,3443.07000000,5781.49000000,53.30000000,0.00000000,False
2022-07-11 14:35:00,3402.73000000,5654.35000000,53.30000000,0.00000000,False
2022-07-11 14:40:00,3323.96000000,5627.15000000,53.30000000,0.00000000,False
2022-07-11 14:45:00,3293.20000000,5579.47000000,53.30000000,0.00000000,False
2022-07-11 14:50:00,3277.03000000,5501.29000000,53.30000000,0.00000000,False
2022-07-11 14:55:00,3262.69000000,5558.49000000,53.30000000,0.00000000,False
2022-07-11 15:00:00,3283.43000000,5626.91000000,53.40000000,0.00000000,False
2022-07-11 15:05:00,3394.91000000,5992.55000000,0.00000000,0.00000000,False
2022-07-11 15:10:00,3370.01000000,5953.82000000,0.00000000,0.00000000,False
2022-07-11 15:15:00,3336.07000000,5846.12000000,0.40000000,0.00000000,False
2022-07-11 15:20:00,3290.72000000,5842.21000000,0.40000000,0.00000000,False
2022-07-11 15:25:00,3265.51000000,5779.64000000,0.40000000,0.00000000,False
2022-07-11 15:30:00,3319.68000000,5978.30000000,0.00000000,0.00000000,False
2022-07-11 15:35:00,3424.40000000,6233.47000000,0.00000000,0.00000000,False
2022-07-11 15:40:00,3410.27000000,6186.78000000,0.40000000,0.00000000,False
2022-07-11 15:45:00,3463.14000000,6383.50000000,0.40000000,0.00000000,False
2022-07-11 15:50:00,3592.83000000,6565.08000000,0.40000000,0.00000000,False
2022-07-11 15:55:00,3663.75000000,6752.94000000,0.40000000,0.00000000,False
2022-07-11 16:00:00,3676.38000000,6677.75000000,0.40000000,0.00000000,False
2022-07-11 16:05:00,3762.30000000,7071.66000000,0.00000000,0.00000000,False
2022-07-11 16:10:00,3747.27000000,6969.49000000,0.00000000,0.00000000,False
2022-07-11 16:15:00,3666.56000000,6733.28000000,0.00000000,0.00000000,False
2022-07-11 16:20:00,3664.11000000,6906.38000000,0.00000000,0.00000000,False
2022-07-11 16:25:00,3811.92000000,7175.17000000,0.00000000,0.00000000,False
2022-07-11 16:30:00,3895.99000000,7276.74000000,0.00000000,0.00000000,False
2022-07-11 16:35:00,3807.95000000,7180.62000000,18.00000000,0.00000000,False
2022-07-11 16:40:00,3846.18000000,7399.73000000,18.00000000,0.00000000,False
2022-07-11 16:45:00,3923.64000000,7541.86000000,18.00000000,0.00000000,False
2022-07-11 16:50:00,3933.93000000,7700.59000000,18.00000000,0.00000000,False
2022-07-11 16:55:00,3947.35000000,7955.98000000,18.00000000,0.00000000,False
2022-07-11 17:00:00,3977.43000000,7715.29000000,43.50000000,0.00000000,False
2022-07-11 17:05:00,3948.08000000,7642.90000000,39.80000000,0.00000000,False
2022-07-11 17:10:00,3941.62000000,7900.56000000,18.00000000,0.00000000,False
2022-07-11 17:15:00,3850.09000000,7452.09000000,18.00000000,0.00000000,False
2022-07-11 17:20:00,3778.37000000,7247.02000000,282.50000000,0.00000000,False
2022-07-11 17:25:00,3681.04000000,7112.31000000,410.75000000,0.00000000,False
2022-07-11 17:30:00,3736.45000000,7467.16000000,335.50000000,0.00000000,False
2022-07-11 17:35:00,3819.96000000,7845.96000000,335.50000000,0.00000000,False
2022-07-11 17:40:00,3910.08000000,8069.55000000,392.50000000,0.00000000,False
2022-07-11 17:45:00,3881.50000000,7825.19000000,403.48000000,0.00000000,False
2022-07-11 17:50:00,3878.51000000,7750.10000000,335.90000000,0.00000000,False
2022-07-11 17:55:00,3824.91000000,7654.69000000,339.30000000,0.00000000,False
2022-07-11 18:00:00,3794.13000000,7957.17000000,381.70000000,0.00000000,False
2022-07-11 18:05:00,3971.93000000,8292.04000000,389.70000000,0.00000000,False
2022-07-11 18:10:00,4017.46000000,8484.77000000,407.10000000,0.00000000,False
2022-07-11 18:15:00,4048.17000000,8155.75000000,477.00000000,0.00000000,False
2022-07-11 18:20:00,3953.39000000,8014.02000000,505.10000000,0.00000000,False
2022-07-11 18:25:00,3905.75000000,8118.46000000,625.40000000,0.00000000,False
2022-07-11 18:30:00,4084.02000000,8411.84000000,582.70000000,0.00000000,False
2022-07-11 18:35:00,4019.79000000,8583.50000000,776.20000000,0.00000000,False
2022-07-11 18:40:00,4003.21000000,8224.76000000,617.10000000,0.00000000,False
2022-07-11 18:45:00,3936.86000000,8044.98000000,691.70000000,0.00000000,False
2022-07-11 18:50:00,3847.77000000,7876.33000000,674.90000000,0.00000000,False
2022-07-11 18:55:00,3858.06000000,8070.51000000,779.90000000,0.00000000,False
2022-07-11 19:00:00,3849.47000000,7976.14000000,619.70000000,0.00000000,False
2022-07-11 19:05:00,3960.21000000,8258.99000000,756.90000000,0.00000000,False
2022-07-11 19:10:00,4053.08000000,8333.88000000,783.90000000,0.00000000,False
2022-07-11 19:15:00,4197.61000000,8762.50000000,703.90000000,0.00000000,False
2022-07-11 19:20:00,4162.36000000,8360.88000000,802.90000000,0.00000000,False
2022-07-11 19:25:00,4042.00000000,8373.66000000,816.11000000,0.00000000,False
2022-07-11 19:30:00,3940.17000000,8203.58000000,816.78000000,0.00000000,False
2022-07-11 19:35:00,3918.30000000,8281.63000000,896.78000000,0.00000000,False
2022-07-11 19:40:00,3940.02000000,8484.70000000,896.58000000,0.00000000,False
2022-07-11 19:45:00,3911.68000000,8417.42000000,937.47000000,0.00000000,False
2022-07-11 19:50:00,3780.80000000,8193.58000000,853.78000000,0.00000000,False
2022-07-11 19:55:00,3735.02000000,8019.32000000,853.67000000,0.00000000,False
2022-07-11 20:00:00,3749.58000000,7802.83000000,1009.79000000,0.00000000,False
2022-07-11 20:05:00,3861.21000000,8203.56000000,1015.37000000,0.00000000,False
2022-07-11 20:10:00,3873.94000000,7933.91000000,959.08000000,0.00000000,False
2022-07-11 20:15:00,3793.95000000,7737.55000000,960.47000000,0.00000000,False
2022-07-11 20:20:00,3866.46000000,7743.06000000,957.47000000,0.00000000,False
2022-07-11 20:25:00,3763.91000000,7511.82000000,915.07000000,0.00000000,False
2022-07-11 20:30:00,3795.87000000,7379.40000000,913.57000000,0.00000000,False
2022-07-11 20:35:00,3889.69000000,7567.65000000,969.22000000,0.00000000,False
2022-07-11 20:40:00,3990.31000000,7886.98000000,911.71000000,0.00000000,False
2022-07-11 20:45:00,4064.03000000,7854.49000000,911.02000000,0.00000000,False
2022-07-11 20:50:00,4157.28000000,8082.94000000,1101.82000000,0.00000000,False
2022-07-11 20:55:00,4198.25000000,8312.10000000,1044.51000000,0.00000000,False
2022-07-11 21:00:00,4331.16000000,8481.88000000,1055.72000000,0.00000000,False
2022-07-11 21:05:00,4410.12000000,8485.37000000,1110.39000000,0.00000000,False
2022-07-11 21:10:00,4261.80000000,8401.67000000,1181.42000000,0.00000000,False
2022-07-11 21:15:00,4138.85000000,8496.34000000,1349.16000000,0.00000000,False
2022-07-11 21:20:00,4153.26000000,8715.03000000,1506.49000000,0.00000000,False
2022-07-11 21:25:00,4256.87000000,9021.98000000,1589.69000000,0.00000000,False
2022-07-11 21:30:00,4442.29000000,9404.59000000,1838.10000000,0.00000000,False
2022-07-11 21:35:00,4569.11000000,9678.76000000,1914.99000000,0.00000000,False
2022-07-11 21:40:00,4654.09000000,9958.07000000,2038.75000000,0.00000000,False
2022-07-11 21:45:00,4780.90000000,10158.42000000,2062.17000000,0.00000000,False
2022-07-11 21:50:00,4957.56000000,10441.94000000,2264.12000000,0.00000000,False
2022-07-11 21:55:00,5067.41000000,10563.23000000,2656.57000000,0.00000000,False
2022-07-11 22:00:00,4579.75000000,9521.51000000,3416.53000000,0.00000000,False
2022-07-11 22:05:00,4632.60000000,9634.07000000,3877.16000000,0.00000000,False
2022-07-11 22:10:00,4509.35000000,9217.77000000,3972.79000000,0.00000000,False
2022-07-11 22:15:00,4504.43000000,9211.75000000,3972.58000000,0.00000000,False
2022-07-11 22:20:00,4370.50000000,9290.31000000,4026.88000000,0.00000000,False
2022-07-11 22:25:00,4438.86000000,9298.76000000,4160.86000000,0.00000000,False
2022-07-11 22:30:00,4377.08000000,9502.62000000,4505.81000000,0.00000000,False
2022-07-11 22:35:00,4544.83000000,10030.50000000,4747.42000000,0.00000000,False
2022-07-11 22:40:00,4600.43000000,10420.88000000,4849.91000000,0.00000000,False
2022-07-11 22:45:00,4685.85000000,10888.10000000,4956.95000000,0.00000000,False
2022-07-11 22:50:00,4671.42000000,10885.26000000,4956.94000000,0.00000000,False
2022-07-11 22:55:00,4595.78000000,10864.52000000,5151.91000000,0.00000000,False
2022-07-11 23:00:00,4542.71000000,11163.24000000,5414.56000000,0.00000000,False
2022-07-11 23:05:00,4623.47000000,11480.41000000,5414.59000000,0.00000000,False
2022-07-11 23:10:00,4793.97000000,12182.85000000,5413.94000000,0.00000000,False
2022-07-11 23:15:00,4784.98000000,12292.68000000,5413.10000000,0.00000000,False
2022-07-11 23:20:00,4840.02000000,12447.78000000,5411.99000000,0.00000000,False
2022-07-11 23:25:00,4910.31000000,12676.50000000,5412.43000000,0.00000000,False
2022-07-11 23:30:00,4925.92000000,12991.01000000,5412.52000000,0.00000000,False
2022-07-11 23:35:00,4949.32000000,13238.81000000,5412.09000000,0.00000000,False
2022-07-11 23:40:00,4976.62000000,13341.24000000,5410.22000000,0.00000000,False
2022-07-11 23:45:00,5057.48000000,13787.64000000,5411.20000000,0.00000000,False
2022-07-11 23:50:00,5043.26000000,13728.61000000,5412.06000000,0.00000000,False
2022-07-11 23:55:00,5332.78000000,14121.89000000,5411.56000000,0.00000000,False
2022-07-12 00:00:00,5306.37000000,14000.15000000,5325.95000000,0.00000000,False
2022-07-12 00:05:00,5274.73000000,13780.95000000,5613.23000000,0.00000000,False
2022-07-12 00:10:00,5469.85000000,14220.92000000,5670.75000000,0.00000000,False
2022-07-12 00:15:00,5544.98000000,14352.24000000,5778.09000000,0.00000000,False
2022-07-12 00:20:00,5589.46000000,14741.32000000,5787.22000000,0.00000000,False
2022-07-12 00:25:00,5860.72000000,15320.34000000,5788.50000000,0.00000000,False
2022-07-12 00:30:00,6023.08000000,15336.64000000,5788.47000000,0.00000000,False
2022-07-12 00:35:00,6110.11000000,15603.86000000,5788.49000000,0.00000000,False
2022-07-12 00:40:00,6230.15000000,15872.48000000,5788.38000000,0.00000000,False
2022-07-12 00:45:00,6368.82000000,16160.01000000,5788.29000000,0.00000000,False
2022-07-12 00:50:00,6396.82000000,16352.39000000,5788.25000000,0.00000000,False
2022-07-12 00:55:00,6392.56000000,16313.39000000,5788.38000000,0.00000000,False
2022-07-12 01:00:00,6262.18000000,16005.99000000,5871.12000000,0.00000000,False
2022-07-12 01:05:00,6291.03000000,16173.68000000,5874.87000000,0.00000000,False
2022-07-12 01:10:00,6405.66000000,16569.91000000,5874.92000000,0.00000000,False
2022-07-12 01:15:00,6401.97000000,16446.64000000,5872.55000000,0.00000000,False
2022-07-12 01:20:00,6352.66000000,16429.80000000,5874.37000000,0.00000000,False
2022-07-12 01:25:00,6402.46000000,16498.55000000,5874.98000000,0.00000000,False
2022-07-12 01:30:00,6436.76000000,16828.80000000,5872.77000000,0.00000000,False
2022-07-12 01:35:00,6512.60000000,16974.65000000,5879.93000000,0.00000000,False
2022-07-12 01:40:00,6485.17000000,16964.42000000,5880.92000000,0.00000000,False
2022-07-12 01:45:00,6487.60000000,16767.21000000,5880.30000000,0.00000000,False
2022-07-12 01:50:00,6447.22000000,16674.93000000,5879.97000000,0.00000000,False
2022-07-12 01:55:00,6501.11000000,16867.44000000,5880.49000000,0.00000000,False
2022-07-12 02:00:00,6574.35000000,17057.27000000,5875.30000000,0.00000000,False
2022-07-12 02:05:00,6559.91000000,16797.77000000,5871.18000000,0.00000000,False
2022-07-12 02:10:00,6506.04000000,16822.25000000,5874.24000000,0.00000000,False
2022-07-12 02:15:00,6530.53000000,16996.43000000,5875.21000000,0.00000000,False
2022-07-12 02:20:00,6683.63000000,17308.70000000,5875.66000000,0.00000000,False
2022-07-12 02:25:00,6831.22000000,17614.24000000,5874.32000000,0.00000000,False
2022-07-12 02:30:00,6888.46000000,17758.76000000,5875.49000000,0.00000000,False
2022-07-12 02:35:00,6940.73000000,17662.87000000,5874.87000000,0.00000000,False
2022-07-12 02:40:00,6947.27000000,17781.21000000,5874.86000000,0.00000000,False
2022-07-12 02:45:00,6970.58000000,17779.60000000,5875.41000000,0.00000000,False
2022-07-12 02:50:00,6953.54000000,17759.81000000,5872.35000000,0.00000000,False
2022-07-12 02:55:00,6948.44000000,17642.63000000,5888.26000000,0.00000000,False
2022-07-12 03:00:00,7214.52000000,18632.68000000,5892.01000000,0.00000000,False
2022-07-12 03:05:00,7225.02000000,18582.11000000,5892.05000000,0.00000000,False
2022-07-12 03:10:00,7307.63000000,18698.68000000,5891.98000000,0.00000000,False
2022-07-12 03:15:00,7403.16000000,18944.04000000,5892.04000000,0.00000000,False
2022-07-12 03:20:00,7393.01000000,18781.21000000,5892.00000000,0.00000000,False
2022-07-12 03:25:00,7338.53000000,18596.05000000,5892.07000000,0.00000000,False
2022-07-12 03:30:00,7323.98000000,18446.68000000,5892.03000000,0.00000000,False
2022-07-12 03:35:00,7324.02000000,18438.08000000,5891.99000000,0.00000000,False
2022-07-12 03:40:00,7245.21000000,18290.02000000,5891.98000000,0.00000000,False
2022-07-12 03:45:00,7260.19000000,18380.29000000,5791.85000000,0.00000000,False
2022-07-12 03:50:00,7284.74000000,18479.65000000,5791.78000000,0.00000000,False
2022-07-12 03:55:00,7249.13000000,18365.18000000,5791.86000000,0.00000000,False
2022-07-12 04:00:00,7246.33000000,18259.45000000,5796.07000000,0.00000000,False
2022-07-12 04:05:00,7288.27000000,18317.54000000,5796.11000000,0.00000000,False
2022-07-12 04:10:00,7395.70000000,18497.05000000,5796.15000000,0.00000000,False
2022-07-12 04:15:00,7371.48000000,18571.65000000,5796.10000000,0.00000000,False
2022-07-12 04:20:00,7360.47000000,18476.58000000,5796.19000000,0.00000000,False
2022-07-12 04:25:00,7340.39000000,18422.06000000,5796.19000000,0.00000000,False
2022-07-12 04:30:00,7286.89000000,18262.77000000,5796.20000000,0.00000000,False
2022-07-12 04:35:00,7240.47000000,17928.31000000,5796.06000000,0.00000000,False
2022-07-12 04:40:00,7179.07000000,17927.64000000,5796.14000000,0.00000000,False
2022-07-12 04:45:00,7420.35000000,18356.12000000,5796.01000000,0.00000000,False
2022-07-12 04:50:00,7467.29000000,18479.12000000,5845.85000000,0.00000000,False
2022-07-12 04:55:00,7534.03000000,18734.42000000,5846.11000000,0.00000000,False
2022-07-12 05:00:00,7599.18000000,18734.50000000,5862.67000000,0.00000000,False
2022-07-12 05:05:00,7420.39000000,18467.50000000,5743.60000000,0.00000000,False
2022-07-12 05:10:00,7303.18000000,18031.28000000,5743.76000000,0.00000000,False
2022-07-12 05:15:00,7070.50000000,17697.27000000,5743.74000000,0.00000000,False
2022-07-12 05:20:00,7109.82000000,17803.94000000,5743.64000000,0.00000000,False
2022-07-12 05:25:00,7108.25000000,17810.89000000,5743.68000000,0.00000000,False
2022-07-12 05:30:00,7154.12000000,18105.52000000,5743.70000000,0.00000000,False
2022-07-12 05:35:00,7099.87000000,17936.48000000,5743.69000000,0.00000000,False
2022-07-12 05:40:00,7061.86000000,17683.95000000,5743.56000000,0.00000000,False
2022-07-12 05:45:00,6989.72000000,17586.89000000,5735.13000000,0.00000000,False
2022-07-12 05:50:00,6991.23000000,17667.55000000,5734.91000000,0.00000000,False
2022-07-12 05:55:00,6975.27000000,17529.41000000,5734.89000000,0.00000000,False
2022-07-12 06:00:00,6816.65000000,17044.61000000,5938.83000000,0.00000000,False
2022-07-12 06:05:00,6702.71000000,16800.69000000,5949.30000000,0.00000000,False
2022-07-12 06:10:00,6578.51000000,16494.00000000,5871.47000000,0.00000000,False
2022-07-12 06:15:00,6476.17000000,16285.07000000,5871.39000000,0.00000000,False
2022-07-12 06:20:00,6388.83000000,16184.13000000,5868.65000000,0.00000000,False
2022-07-12 06:25:00,6315.52000000,16276.34000000,5869.81000000,0.00000000,False
2022-07-12 06:30:00,6297.93000000,16178.04000000,5869.98000000,0.00000000,False
2022-07-12 06:35:00,6280.49000000,16182.44000000,5869.54000000,0.00000000,False
2022-07-12 06:40:00,6332.74000000,16418.59000000,5866.45000000,0.00000000,False
2022-07-12 06:45:00,6400.53000000,16525.90000000,5867.29000000,0.00000000,False
2022-07-12 06:50:00,6410.36000000,16357.09000000,5868.43000000,0.00000000,False
2022-07-12 06:55:00,6317.15000000,15981.02000000,5867.71000000,0.00000000,False
2022-07-12 07:00:00,6093.29000000,15718.30000000,5869.45000000,0.00000000,False
2022-07-12 07:05:00,5923.23000000,15325.80000000,5870.60000000,0.00000000,False
2022-07-12 07:10:00,5787.95000000,15313.55000000,5871.16000000,0.00000000,False
2022-07-12 07:15:00,5840.09000000,15440.58000000,5871.01000000,0.00000000,False
2022-07-12 07:20:00,5966.92000000,15703.40000000,5871.06000000,0.00000000,False
2022-07-12 07:25:00,6051.74000000,15637.51000000,5870.70000000,0.00000000,False
2022-07-12 07:30:00,6075.14000000,15865.56000000,5870.98000000,0.00000000,False
2022-07-12 07:35:00,6198.56000000,15885.34000000,5871.02000000,0.00000000,False
2022-07-12 07:40:00,6273.01000000,15998.82000000,5870.13000000,0.00000000,False
2022-07-12 07:45:00,6327.89000000,16156.07000000,5870.43000000,0.00000000,False
2022-07-12 07:50:00,6398.66000000,16202.83000000,5870.64000000,0.00000000,False
2022-07-12 07:55:00,6420.86000000,16144.35000000,5870.35000000,0.00000000,False
2022-07-12 08:00:00,6318.14000000,15921.73000000,5851.32000000,0.00000000,False
2022-07-12 08:05:00,6257.39000000,15950.10000000,5901.34000000,0.00000000,False
2022-07-12 08:10:00,6285.89000000,16042.01000000,5901.84000000,0.00000000,False
2022-07-12 08:15:00,6310.86000000,16047.20000000,5903.77000000,0.00000000,False
2022-07-12 08:20:00,6329.35000000,16192.90000000,5903.17000000,0.00000000,False
2022-07-12 08:25:00,6444.05000000,16233.71000000,5903.84000000,0.00000000,False
2022-07-12 08:30:00,6356.40000000,16005.53000000,5901.09000000,0.00000000,False
2022-07-12 08:35:00,6429.78000000,16332.07000000,5901.58000000,0.00000000,False
2022-07-12 08:40:00,6463.01000000,16554.40000000,5903.55000000,0.00000000,False
2022-07-12 08:45:00,6510.63000000,16718.74000000,5903.28000000,0.00000000,False
2022-07-12 08:50:00,6590.03000000,16760.66000000,5903.68000000,0.00000000,False
2022-07-12 08:55:00,6724.46000000,17042.03000000,5903.40000000,0.00000000,False
2022-07-12 09:00:00,6727.50000000,17220.98000000,5746.39000000,0.00000000,False
2022-07-12 09:05:00,6795.97000000,17055.53000000,5698.09000000,0.00000000,False
2022-07-12 09:10:00,6618.10000000,16499.71000000,5698.61000000,0.00000000,False
2022-07-12 09:15:00,6407.66000000,16219.02000000,5698.94000000,0.00000000,False
2022-07-12 09:20:00,6138.74000000,15664.51000000,5698.92000000,0.00000000,False
2022-07-12 09:25:00,5810.86000000,15371.78000000,5697.78000000,0.00000000,False
2022-07-12 09:30:00,5854.58000000,15346.07000000,5697.53000000,0.00000000,False
2022-07-12 09:35:00,5736.65000000,15186.48000000,5698.66000000,0.00000000,False
2022-07-12 09:40:00,5501.47000000,14471.41000000,5697.55000000,0.00000000,False
2022-07-12 09:45:00,5132.45000000,14174.80000000,5486.03000000,0.00000000,False
2022-07-12 09:50:00,4919.71000000,13837.63000000,5334.23000000,0.00000000,False
2022-07-12 09:55:00,4872.63000000,13403.15000000,5284.53000000,0.00000000,False
2022-07-12 10:00:00,4691.91000000,13146.07000000,5156.97000000,0.00000000,False
2022-07-12 10:05:00,4482.54000000,12609.72000000,5169.52000000,0.00000000,False
2022-07-12 10:10:00,4260.12000000,11909.99000000,5225.45000000,0.00000000,False
2022-07-12 10:15:00,4137.24000000,11383.30000000,5225.00000000,0.00000000,False
2022-07-12 10:20:00,4166.88000000,11350.34000000,4970.17000000,0.00000000,False
2022-07-12 10:25:00,4244.19000000,11418.38000000,4720.25000000,0.00000000,False
2022-07-12 10:30:00,4280.27000000,11478.18000000,4720.26000000,0.00000000,False
2022-07-12 10:35:00,4172.83000000,11067.17000000,4720.07000000,0.00000000,False
2022-07-12 10:40:00,4045.97000000,10819.50000000,4720.08000000,0.00000000,False
2022-07-12 10:45:00,4054.83000000,10566.50000000,4719.95000000,0.00000000,False
2022-07-12 10:50:00,4028.12000000,10430.43000000,4720.02000000,0.00000000,False
2022-07-12 10:55:00,3923.56000000,10203.59000000,4534.54000000,0.00000000,False
2022-07-12 11:00:00,3957.85000000,10314.73000000,4331.29000000,0.00000000,False
2022-07-12 11:05:00,4256.20000000,10947.03000000,3602.70000000,0.00000000,False
2022-07-12 11:10:00,4453.34000000,11176.38000000,3257.22000000,0.00000000,False
2022-07-12 11:15:00,4670.96000000,11335.80000000,3211.72000000,0.00000000,False
2022-07-12 11:20:00,4634.11000000,11516.64000000,3212.98000000,0.00000000,False
2022-07-12 11:25:00,4618.84000000,11492.50000000,3221.39000000,0.00000000,False
2022-07-12 11:30:00,4574.89000000,11329.52000000,3221.38000000,0.00000000,False
2022-07-12 11:35:00,4538.90000000,11078.83000000,3221.43000000,0.00000000,False
2022-07-12 11:40:00,4588.04000000,10973.73000000,3026.41000000,0.00000000,False
2022-07-12 11:45:00,4501.64000000,10820.76000000,3026.24000000,0.00000000,False
2022-07-12 11:50:00,4669.42000000,11331.78000000,2918.16000000,0.00000000,False
2022-07-12 11:55:00,4536.11000000,11174.18000000,2918.30000000,0.00000000,False
2022-07-12 12:00:00,4629.92000000,10566.61000000,2838.27000000,0.00000000,False
2022-07-12 12:05:00,4616.52000000,10590.66000000,2840.38000000,0.00000000,False
2022-07-12 12:10:00,4423.16000000,10178.82000000,2796.32000000,0.00000000,False
2022-07-12 12:15:00,4282.78000000,9657.62000000,2732.30000000,0.00000000,False
2022-07-12 12:20:00,4380.35000000,9792.96000000,2357.96000000,0.00000000,False
2022-07-12 12:25:00,4485.46000000,9979.94000000,1933.83000000,0.00000000,False
2022-07-12 12:30:00,4445.51000000,9852.93000000,1892.83000000,0.00000000,False
2022-07-12 12:35:00,4432.33000000,9741.36000000,1892.83000000,0.00000000,False
2022-07-12 12:40:00,4388.61000000,9275.49000000,1892.83000000,0.00000000,False
2022-07-12 12:45:00,4356.24000000,8974.31000000,1806.83000000,0.00000000,False
2022-07-12 12:50:00,4402.22000000,9161.61000000,1806.83000000,0.00000000,False
2022-07-12 12:55:00,4234.23000000,8624.27000000,1806.63000000,0.00000000,False
2022-07-12 13:00:00,4343.09000000,8265.87000000,1730.05000000,0.00000000,False
2022-07-12 13:05:00,4316.16000000,8050.38000000,1589.95000000,0.00000000,False
2022-07-12 13:10:00,4213.52000000,7660.28000000,1589.95000000,0.00000000,False
2022-07-12 13:15:00,4079.78000000,7215.97000000,1589.95000000,0.00000000,False
2022-07-12 13:20:00,4005.00000000,6959.11000000,1539.95000000,0.00000000,False
2022-07-12 13:25:00,3773.21000000,6893.09000000,1439.45000000,0.00000000,False
2022-07-12 13:30:00,3686.13000000,6442.71000000,1403.45000000,0.00000000,False
2022-07-12 13:35:00,3597.06000000,6178.12000000,1403.45000000,0.00000000,False
2022-07-12 13:40:00,3499.03000000,5904.35000000,1403.45000000,0.00000000,False
2022-07-12 13:45:00,3487.90000000,5816.57000000,1295.45000000,1.75640000,False
2022-07-12 13:50:00,3315.79000000,5371.69000000,1244.45000000,0.00000000,False
2022-07-12 13:55:00,3402.67000000,5586.50000000,1146.45000000,1.66460000,False
2022-07-12 14:00:00,3511.97000000,5777.18000000,1117.65000000,2.25210000,False
2022-07-12 14:05:00,3575.91000000,5458.59000000,1117.65000000,0.00000000,False
2022-07-12 14:10:00,3603.16000000,5453.28000000,1117.65000000,0.00000000,False
2022-07-12 14:15:00,3696.27000000,5408.14000000,1117.65000000,16.78600000,False
2022-07-12 14:20:00,3496.53000000,4916.85000000,1117.65000000,0.00000000,False
2022-07-12 14:25:00,3399.98000000,4686.30000000,1117.65000000,0.00000000,False
2022-07-12 14:30:00,3409.55000000,4694.78000000,1099.65000000,0.00000000,False
2022-07-12 14:35:00,3371.94000000,4627.83000000,1099.65000000,0.00600000,False
2022-07-12 14:40:00,3389.62000000,4605.72000000,1099.65000000,85.46730000,False
2022-07-12 14:45:00,3411.68000000,4786.81000000,1099.65000000,0.00080000,False
2022-07-12 14:50:00,3553.95000000,5066.20000000,1099.65000000,124.99360000,False
2022-07-12 14:55:00,3392.26000000,4516.26000000,1099.65000000,0.00000000,False
2022-07-12 15:00:00,3302.34000000,4579.44000000,1099.47000000,41.39760000,False
2022-07-12 15:05:00,3503.28000000,4960.93000000,1099.90000000,124.99560000,False
2022-07-12 15:10:00,3179.57000000,4296.07000000,1100.26000000,0.00000000,False
2022-07-12 15:15:00,3228.96000000,4022.69000000,1100.26000000,0.00000000,False
2022-07-12 15:20:00,3344.36000000,4405.59000000,1100.26000000,1.55230000,False
2022-07-12 15:25:00,3572.68000000,4464.36000000,1098.96000000,124.99110000,False
2022-07-12 15:30:00,3523.62000000,4590.94000000,1098.96000000,99.99390000,False
2022-07-12 15:35:00,3391.37000000,4207.78000000,1098.96000000,0.00000000,False
2022-07-12 15:40:00,3368.50000000,3941.52000000,1098.96000000,0.00000000,False
2022-07-12 15:45:00,3287.30000000,4075.45000000,1041.96000000,0.83480000,False
2022-07-12 15:50:00,3365.78000000,3950.59000000,1041.96000000,0.00000000,False
2022-07-12 15:55:00,3341.51000000,3958.75000000,1041.96000000,0.49570000,False
2022-07-12 16:00:00,3406.35000000,4333.11000000,1040.17000000,148.48970000,False
2022-07-12 16:05:00,3554.48000000,4773.27000000,1040.45000000,143.77300000,False
2022-07-12 16:10:00,3430.13000000,4290.04000000,1040.56000000,95.09400000,False
2022-07-12 16:15:00,3442.24000000,4497.40000000,1190.56000000,119.40560000,False
2022-07-12 16:20:00,3499.71000000,4697.65000000,1040.56000000,62.78100000,False
2022-07-12 16:25:00,3633.48000000,4982.27000000,1040.56000000,36.28770000,False
2022-07-12 16:30:00,3529.21000000,4607.14000000,1040.56000000,117.59590000,False
2022-07-12 16:35:00,3440.48000000,4669.74000000,1040.56000000,60.39850000,False
2022-07-12 16:40:00,3550.38000000,4829.82000000,1040.56000000,29.38590000,False
2022-07-12 16:45:00,3620.58000000,4876.46000000,1040.56000000,28.72710000,False
2022-07-12 16:50:00,3637.21000000,4922.56000000,1040.56000000,29.52250000,False
2022-07-12 16:55:00,3612.14000000,4790.83000000,1040.56000000,19.29070000,False
2022-07-12 17:00:00,3674.61000000,5046.13000000,1054.07000000,36.56210000,False
2022-07-12 17:05:00,3740.61000000,5209.47000000,1041.56000000,31.72390000,False
2022-07-12 17:10:00,3597.98000000,4787.83000000,1041.56000000,1.10320000,False
2022-07-12 17:15:00,3615.99000000,4881.06000000,1041.56000000,3.19660000,False
2022-07-12 17:20:00,3688.27000000,5087.53000000,1041.56000000,27.52560000,False
2022-07-12 17:25:00,3831.62000000,5367.60000000,1041.56000000,5.81410000,False
2022-07-12 17:30:00,4001.75000000,5781.66000000,1048.66000000,12.31670000,False
2022-07-12 17:35:00,4071.01000000,6192.52000000,1084.36000000,9.43070000,False
2022-07-12 17:40:00,4033.72500000,6151.88000000,1129.02000000,5.88410000,True
2022-07-12 17:45:00,3996.44000000,6111.24000000,1173.68000000,2.33750000,False
2022-07-12 17:50:00,3952.57000000,6187.51000000,1173.68000000,1.49670000,False
2022-07-12 17:55:00,4074.02000000,6439.07000000,1106.26000000,1.98210000,False
2022-07-12 18:00:00,4002.01000000,6703.60000000,1113.96000000,2.11640000,False
2022-07-12 18:05:00,4039.24000000,6395.00000000,1116.34000000,0.94140000,False
2022-07-12 18:10:00,4072.24000000,6277.45000000,1261.65000000,2.16630000,False
2022-07-12 18:15:00,4061.35000000,6582.42000000,1288.85000000,1.79060000,False
2022-07-12 18:20:00,4308.44000000,7120.33000000,1315.35000000,6.55660000,False
2022-07-12 18:25:00,4148.08000000,6821.80000000,1331.85000000,1.57660000,False
2022-07-12 18:30:00,4126.12000000,7090.60000000,1331.85000000,5.03890000,False
2022-07-12 18:35:00,4378.13000000,7457.89000000,1371.35000000,6.20090000,False
2022-07-12 18:40:00,4383.10000000,7706.99000000,1330.65000000,2.68040000,False
2022-07-12 18:45:00,4355.44000000,7727.98000000,1373.15000000,2.47050000,False
2022-07-12 18:50:00,4216.15000000,7282.92000000,1500.56000000,0.00000000,False
2022-07-12 18:55:00,4247.38000000,7115.93000000,1504.72000000,0.17090000,False
2022-07-12 19:00:00,4391.09000000,7169.67000000,1484.43000000,0.00000000,False
2022-07-12 19:05:00,4376.24000000,7357.33000000,1492.82000000,0.93460000,False
2022-07-12 19:10:00,4469.93000000,7590.87000000,1493.63000000,3.34680000,False
2022-07-12 19:15:00,4503.17000000,7864.34000000,1493.63000000,3.61790000,False
2022-07-12 19:20:00,4353.73000000,7339.54000000,1614.22000000,0.86230000,False
2022-07-12 19:25:00,4181.94000000,6939.58000000,1614.42000000,0.00000000,False
2022-07-12 19:30:00,4038.92000000,6592.56000000,1687.09000000,0.00000000,False
2022-07-12 19:35:00,4076.25000000,6728.87000000,1660.78000000,0.00000000,False
2022-07-12 19:40:00,4091.98000000,6862.21000000,1592.13000000,0.31550000,False
2022-07-12 19:45:00,4015.18000000,6773.75000000,1551.01000000,0.52970000,False
2022-07-12 19:50:00,4054.02000000,6644.48000000,1620.87000000,0.28460000,False
2022-07-12 19:55:00,3931.72000000,6494.10000000,1468.43000000,0.00000000,False
2022-07-12 20:00:00,3817.72000000,5797.60000000,1500.31000000,0.00000000,False
2022-07-12 20:05:00,3731.98000000,5582.60000000,1500.94000000,0.00000000,False
2022-07-12 20:10:00,3713.73000000,5437.71000000,1500.65000000,0.00000000,False
2022-07-12 20:15:00,3658.95000000,4819.98000000,1410.85000000,0.00000000,False
2022-07-12 20:20:00,3847.39000000,5335.41000000,1411.75000000,1.06990000,False
2022-07-12 20:25:00,3991.91000000,5282.69000000,1414.23000000,18.81870000,False
2022-07-12 20:30:00,4051.15000000,5606.61000000,1414.31000000,4.67190000,False
2022-07-12 20:35:00,3805.12000000,4487.41000000,1411.21000000,0.00000000,False
2022-07-12 20:40:00,3900.77000000,4720.29000000,1302.43000000,0.00000000,False
2022-07-12 20:45:00,4132.19000000,5159.07000000,1451.93000000,5.93690000,False
2022-07-12 20:50:00,3982.82000000,5142.93000000,1449.83000000,2.88100000,False
2022-07-12 20:55:00,3870.84000000,4863.01000000,1583.53000000,0.00000000,False
2022-07-12 21:00:00,3869.53000000,5225.79000000,1601.08000000,27.79090000,False
2022-07-12 21:05:00,3945.71000000,5439.90000000,1590.08000000,8.59750000,False
2022-07-12 21:10:00,4058.60000000,5701.33000000,1590.08000000,4.52500000,False
2022-07-12 21:15:00,4022.23000000,5549.33000000,1590.08000000,0.00000000,False
2022-07-12 21:20:00,3979.04000000,5719.21000000,1590.08000000,0.10010000,False
2022-07-12 21:25:00,3949.15000000,5674.59000000,1590.08000000,0.22180000,False
2022-07-12 21:30:00,3960.82000000,5771.18000000,1590.08000000,0.86270000,False
2022-07-12 21:35:00,3989.96000000,6033.88000000,1590.08000000,6.35350000,False
2022-07-12 21:40:00,4118.69000000,6555.95000000,1590.08000000,13.47810000,False
2022-07-12 21:45:00,4289.92000000,6984.95000000,1632.08000000,11.37560000,False
2022-07-12 21:50:00,4251.60000000,6058.13000000,2182.48000000,0.27400000,False
2022-07-12 21:55:00,4171.73000000,6222.52000000,2275.18000000,2.40070000,False
2022-07-12 22:00:00,3579.50000000,6955.87000000,2903.48000000,0.00000000,False
2022-07-12 22:05:00,3857.99000000,7420.52000000,3069.55000000,0.00000000,False
2022-07-12 22:10:00,3991.45000000,7577.89000000,3069.55000000,0.00000000,False
2022-07-12 22:15:00,4118.01000000,7384.19000000,3152.64000000,0.00000000,False
2022-07-12 22:20:00,3879.64000000,7189.71000000,3337.55000000,0.00000000,False
2022-07-12 22:25:00,3944.62000000,7884.64000000,3302.01000000,0.00000000,False
2022-07-12 22:30:00,4071.32000000,8194.95000000,3463.01000000,0.00000000,False
2022-07-12 22:35:00,4113.60000000,8561.39000000,3510.58000000,0.00000000,False
2022-07-12 22:40:00,4311.22000000,8956.64000000,3516.30000000,0.00000000,False
2022-07-12 22:45:00,4328.85000000,9101.13000000,3562.89000000,0.00000000,False
2022-07-12 22:50:00,4290.53000000,9442.37000000,3625.79000000,0.00000000,False
2022-07-12 22:55:00,4320.19000000,9431.48000000,3898.33000000,0.00000000,False
2022-07-12 23:00:00,4176.50000000,9205.02000000,3923.88000000,0.00000000,False
2022-07-12 23:05:00,4275.24000000,9201.71000000,4267.69000000,0.00000000,False
2022-07-12 23:10:00,4075.63000000,8927.16000000,4318.90000000,0.00000000,False
2022-07-12 23:15:00,3983.35000000,8957.31000000,4397.02000000,0.00000000,False
2022-07-12 23:20:00,4106.04000000,9063.21000000,4481.53000000,0.00000000,False
2022-07-12 23:25:00,4039.83000000,8899.89000000,4592.91000000,0.00000000,False
2022-07-12 23:30:00,4013.61000000,8768.85000000,4681.90000000,0.00000000,False
2022-07-12 23:35:00,4008.18000000,8902.18000000,4620.74000000,0.00000000,False
2022-07-12 23:40:00,4118.89000000,9351.45000000,4773.03000000,0.00000000,False
2022-07-12 23:45:00,4191.34000000,9788.85000000,5148.49000000,0.00000000,False
2022-07-12 23:50:00,4087.80000000,9643.06000000,5081.75000000,0.00000000,False
2022-07-12 23:55:00,4198.29000000,9647.45000000,5384.80000000,0.00000000,False
2022-07-13 00:00:00,4192.76000000,9772.20000000,5342.67000000,0.00000000,False
2022-07-13 00:05:00,4284.10000000,10353.03000000,5392.74000000,0.00000000,False
2022-07-13 00:10:00,4204.93000000,10377.95000000,5393.32000000,0.00000000,False
2022-07-13 00:15:00,4287.09000000,10358.47000000,5393.12000000,0.00000000,False
2022-07-13 00:20:00,4299.67000000,10341.97000000,5393.62000000,0.00000000,False
2022-07-13 00:25:00,4315.18000000,10592.06000000,5440.05000000,0.00000000,False
2022-07-13 00:30:00,4365.49000000,10545.64000000,5478.39000000,0.00000000,False
2022-07-13 00:35:00,4428.33000000,10671.50000000,5394.05000000,0.00000000,False
2022-07-13 00:40:00,4287.99000000,10345.13000000,5471.00000000,0.00000000,False
2022-07-13 00:45:00,4278.64000000,10512.40000000,5431.98000000,0.00000000,False
2022-07-13 00:50:00,4351.70000000,10887.28000000,5431.83000000,0.00000000,False
2022-07-13 00:55:00,4342.17000000,10701.80000000,5393.45000000,0.00000000,False
2022-07-13 01:00:00,4297.69000000,10709.36000000,5397.31000000,0.00000000,False
2022-07-13 01:05:00,4223.83000000,10716.88000000,5398.30000000,0.00000000,False
2022-07-13 01:10:00,4199.14000000,10491.81000000,5396.72000000,0.00000000,False
2022-07-13 01:15:00,4144.92000000,10323.45000000,5397.83000000,0.00000000,False
2022-07-13 01:20:00,4174.43000000,10490.94000000,5397.58000000,0.00000000,False
2022-07-13 01:25:00,4295.29000000,10654.23000000,5397.60000000,0.00000000,False
2022-07-13 01:30:00,4326.01000000,10957.38000000,5398.52000000,0.00000000,False
2022-07-13 01:35:00,4421.95000000,11228.96000000,5397.09000000,0.00000000,False
2022-07-13 01:40:00,4407.99000000,11402.32000000,5397.71000000,0.00000000,False
2022-07-13 01:45:00,4455.25000000,11647.61000000,5398.43000000,0.00000000,False
2022-07-13 01:50:00,4493.52000000,11765.84000000,5396.89000000,0.00000000,False
2022-07-13 01:55:00,4551.80000000,12097.52000000,5397.56000000,0.00000000,False
2022-07-13 02:00:00,4571.28000000,12110.83000000,5439.55000000,0.00000000,False
2022-07-13 02:05:00,4526.32000000,11930.05000000,5437.81000000,0.00000000,False
2022-07-13 02:10:00,4576.02000000,12095.59000000,5438.81000000,0.00000000,False
2022-07-13 02:15:00,4664.90000000,12337.76000000,5437.38000000,0.00000000,False
2022-07-13 02:20:00,4604.25000000,12290.13000000,5400.65000000,0.00000000,False
2022-07-13 02:25:00,4551.80000000,12326.18000000,5400.63000000,0.00000000,False
2022-07-13 02:30:00,4652.07000000,12351.66000000,5399.51000000,0.00000000,False
2022-07-13 02:35:00,4637.99000000,12349.27000000,5399.95000000,0.00000000,False
2022-07-13 02:40:00,4602.50000000,12372.29000000,5400.24000000,0.00000000,False
2022-07-13 02:45:00,4675.07000000,12526.19000000,5438.51000000,0.00000000,False
2022-07-13 02:50:00,4752.48000000,12648.56000000,5438.60000000,0.00000000,False
2022-07-13 02:55:00,4806.78000000,12845.99000000,5436.38000000,0.00000000,False
2022-07-13 03:00:00,4984.58000000,13682.93000000,5433.68000000,0.00000000,False
2022-07-13 03:05:00,5058.67000000,13756.90000000,5433.88000000,0.00000000,False
2022-07-13 03:10:00,5138.73000000,13784.83000000,5420.38000000,0.00000000,False
2022-07-13 03:15:00,5231.71000000,13914.53000000,5421.67000000,0.00000000,False
2022-07-13 03:20:00,5218.89000000,14004.37000000,5420.33000000,0.00000000,False
2022-07-13 03:25:00,5168.53000000,13805.94000000,5420.98000000,0.00000000,False
2022-07-13 03:30:00,5272.37000000,13939.35000000,5421.60000000,0.00000000,False
2022-07-13 03:35:00,5262.79000000,14060.57000000,5421.16000000,0.00000000,False
2022-07-13 03:40:00,5230.51000000,13784.63000000,5418.88000000,0.00000000,False
2022-07-13 03:45:00,5186.35000000,13651.05000000,5328.81000000,0.00000000,False
2022-07-13 03:50:00,5249.55000000,13914.31000000,5329.38000000,0.00000000,False
2022-07-13 03:55:00,5212.26000000,13717.40000000,5329.26000000,0.00000000,False
2022-07-13 04:00:00,5265.98000000,13818.46000000,5336.47000000,0.00000000,False
2022-07-13 04:05:00,5134.22000000,13698.06000000,5337.31000000,0.00000000,False
2022-07-13 04:10:00,5137.22000000,13632.91000000,5337.54000000,0.00000000,False
2022-07-13 04:15:00,5100.03000000,13612.52000000,5437.09000000,0.00000000,False
2022-07-13 04:20:00,5137.01000000,13629.43000000,5436.18000000,0.00000000,False
2022-07-13 04:25:00,5104.62000000,13565.43000000,5437.38000000,0.00000000,False
2022-07-13 04:30:00,5026.27000000,13312.04000000,5435.83000000,0.00000000,False
2022-07-13 04:35:00,5079.14000000,13561.64000000,5437.13000000,0.00000000,False
2022-07-13 04:40:00,5138.87000000,13574.05000000,5437.57000000,0.00000000,False
2022-07-13 04:45:00,5170.15000000,13623.90000000,5435.37000000,0.00000000,False
2022-07-13 04:50:00,5085.14000000,13465.78000000,5437.35000000,0.00000000,False
2022-07-13 04:55:00,5092.68000000,13477.83000000,5437.44000000,0.00000000,False
2022-07-13 05:00:00,5177.91000000,13507.82000000,5441.83000000,0.00000000,False
2022-07-13 05:05:00,5109.05000000,13328.55000000,5441.96000000,0.00000000,False
2022-07-13 05:10:00,5041.15000000,13212.07000000,5442.38000000,0.00000000,False
2022-07-13 05:15:00,4941.49000000,12836.82000000,5442.88000000,0.00000000,False
2022-07-13 05:20:00,4900.69000000,12919.51000000,5441.25000000,0.00000000,False
2022-07-13 05:25:00,4883.82000000,12843.72000000,5441.55000000,0.00000000,False
2022-07-13 05:30:00,4887.23000000,12772.00000000,5442.97000000,0.00000000,False
2022-07-13 05:35:00,4816.08000000,12711.88000000,5441.85000000,0.00000000,False
2022-07-13 05:40:00,4799.59000000,12528.47000000,5441.08000000,0.00000000,False
2022-07-13 05:45:00,4766.76000000,12345.79000000,5440.54000000,0.00000000,False
2022-07-13 05:50:00,4831.85000000,12561.14000000,5440.57000000,0.00000000,False
2022-07-13 05:55:00,4839.60000000,12459.73000000,5441.15000000,0.00000000,False
2022-07-13 06:00:00,4805.06000000,12418.46000000,5455.54000000,0.00000000,False
2022-07-13 06:05:00,4686.95000000,12124.12000000,5466.55000000,0.00000000,False
2022-07-13 06:10:00,4629.34000000,12022.28000000,5466.65000000,0.00000000,False
2022-07-13 06:15:00,4595.77000000,11945.57000000,5525.01000000,0.00000000,False
2022-07-13 06:20:00,4634.58000000,12058.17000000,5525.35000000,0.00000000,False
2022-07-13 06:25:00,4606.82000000,11915.10000000,5525.36000000,0.00000000,False
2022-07-13 06:30:00,4480.45000000,11590.45000000,5525.38000000,0.00000000,False
2022-07-13 06:35:00,4440.21000000,11476.65000000,5525.37000000,0.00000000,False
2022-07-13 06:40:00,4483.71000000,11586.47000000,5525.20000000,0.00000000,False
2022-07-13 06:45:00,4503.11000000,11721.46000000,5524.96000000,0.00000000,False
2022-07-13 06:50:00,4477.13000000,11569.33000000,5525.33000000,0.00000000,False
2022-07-13 06:55:00,4411.30000000,11081.31000000,5525.27000000,0.00000000,False
2022-07-13 07:00:00,4348.68000000,10927.69000000,5524.02000000,0.00000000,False
2022-07-13 07:05:00,4237.55000000,10655.75000000,5525.24000000,0.00000000,False
2022-07-13 07:10:00,4230.60000000,10474.79000000,5524.81000000,0.00000000,False
2022-07-13 07:15:00,4220.31000000,10625.78000000,5567.63000000,0.00000000,False
2022-07-13 07:20:00,4325.88000000,10881.40000000,5568.16000000,0.00000000,False
2022-07-13 07:25:00,4390.89000000,10952.52000000,5568.30000000,0.00000000,False
2022-07-13 07:30:00,4349.14000000,11019.05000000,5568.26000000,0.00000000,False
2022-07-13 07:35:00,4376.96000000,10926.25000000,5568.28000000,0.00000000,False
2022-07-13 07:40:00,4489.21000000,11109.35000000,5568.27000000,0.00000000,False
2022-07-13 07:45:00,4440.46000000,10962.38000000,5568.09000000,0.00000000,False
2022-07-13 07:50:00,4434.96000000,11112.34000000,5568.18000000,0.00000000,False
2022-07-13 07:55:00,4456.00000000,10878.57000000,5525.15000000,0.00000000,False
2022-07-13 08:00:00,4381.00000000,10684.93000000,5507.38000000,0.00000000,False
2022-07-13 08:05:00,4460.64000000,10810.32000000,5507.67000000,0.00000000,False
2022-07-13 08:10:00,4501.12000000,10889.26000000,5507.75000000,0.00000000,False
2022-07-13 08:15:00,4460.42000000,10923.05000000,5507.65000000,0.00000000,False
2022-07-13 08:20:00,4435.86000000,10835.01000000,5507.63000000,0.00000000,False
2022-07-13 08:25:00,4416.84000000,10863.00000000,5507.59000000,0.00000000,False
2022-07-13 08:30:00,4413.56000000,10878.15000000,5507.44000000,0.00000000,False
2022-07-13 08:35:00,4434.55000000,10965.45000000,5507.64000000,0.00000000,False
2022-07-13 08:40:00,4336.21000000,10791.81000000,5507.61000000,0.00000000,False
2022-07-13 08:45:00,4382.18000000,11077.38000000,5507.43000000,0.00000000,False
2022-07-13 08:50:00,4477.94000000,11195.16000000,5546.48000000,0.00000000,False
2022-07-13 08:55:00,4549.17000000,11274.24000000,5546.16000000,0.00000000,False
2022-07-13 09:00:00,4554.18000000,11485.00000000,5471.22000000,0.00000000,False
2022-07-13 09:05:00,4505.34000000,11406.32000000,5473.77000000,0.00000000,False
2022-07-13 09:10:00,4461.44000000,11201.55000000,5473.83000000,0.00000000,False
2022-07-13 09:15:00,4353.08000000,10874.08000000,5386.86000000,0.00000000,False
2022-07-13 09:20:00,4432.16000000,10938.90000000,5386.84000000,0.00000000,False
2022-07-13 09:25:00,4344.14000000,10521.29000000,5386.72000000,0.00000000,False
2022-07-13 09:30:00,4348.95000000,10613.56000000,5386.63000000,0.00000000,False
2022-07-13 09:35:00,4409.43000000,10610.59000000,5386.40000000,0.00000000,False
2022-07-13 09:40:00,4298.57000000,10095.41000000,5386.34000000,0.00000000,False
2022-07-13 09:45:00,4134.52000000,9643.76000000,5386.61000000,0.00000000,False
2022-07-13 09:50:00,4142.29000000,9437.16000000,5282.64000000,0.00000000,False
2022-07-13 09:55:00,4199.07000000,9467.76000000,4978.79000000,0.00000000,False
2022-07-13 10:00:00,4103.82000000,9178.01000000,4909.32000000,0.00000000,False
2022-07-13 10:05:00,4004.02000000,9047.85000000,4581.33000000,0.00000000,False
2022-07-13 10:10:00,3932.23000000,8707.59000000,4475.50000000,0.00000000,False
2022-07-13 10:15:00,3897.15000000,8550.80000000,4663.40000000,0.00000000,False
2022-07-13 10:20:00,3846.75000000,8392.81000000,4171.68000000,0.00000000,False
2022-07-13 10:25:00,3672.68000000,8145.29000000,3849.68000000,0.00000000,False
2022-07-13 10:30:00,3539.07000000,7802.58000000,3759.68000000,0.00000000,False
2022-07-13 10:35:00,3476.94000000,7213.39000000,3673.68000000,0.00000000,False
2022-07-13 10:40:00,3430.36000000,7238.11000000,3197.68000000,0.00000000,False
2022-07-13 10:45:00,3414.01000000,7092.39000000,3111.68000000,0.00000000,False
2022-07-13 10:50:00,3400.80000000,7154.05000000,2717.88000000,0.00000000,False
2022-07-13 10:55:00,3384.75000000,7228.88000000,2717.88000000,0.00000000,False
2022-07-13 11:00:00,3436.02000000,7447.37000000,2690.18000000,0.00000000,False
2022-07-13 11:05:00,3443.04000000,7993.65000000,2029.80000000,0.00000000,False
2022-07-13 11:10:00,3448.59000000,7908.46000000,2030.30000000,0.00000000,False
2022-07-13 11:15:00,3343.86000000,7570.77000000,2029.20000000,0.00000000,False
2022-07-13 11:20:00,3258.42000000,7007.17000000,2030.30000000,0.00000000,False
2022-07-13 11:25:00,3239.01000000,6496.42000000,2015.80000000,0.00000000,False
2022-07-13 11:30:00,3129.83000000,6130.43000000,2122.40000000,0.00000000,False
2022-07-13 11:35:00,3109.54000000,5935.96000000,1950.40000000,0.00000000,False
2022-07-13 11:40:00,3295.66000000,6013.42000000,1847.70000000,0.00000000,False
2022-07-13 11:45:00,3270.90000000,5908.75000000,1791.30000000,0.00000000,False
2022-07-13 11:50:00,3380.33000000,6681.80000000,1452.30000000,0.00000000,False
2022-07-13 11:55:00,3581.08000000,6958.87000000,1452.30000000,0.00000000,False
2022-07-13 12:00:00,3521.20000000,6509.89000000,1495.00000000,0.00000000,False
2022-07-13 12:05:00,3455.07000000,6515.72000000,1033.60000000,0.00000000,False
2022-07-13 12:10:00,3381.74000000,6058.89000000,989.00000000,0.00000000,False
2022-07-13 12:15:00,3352.51000000,5896.26000000,944.40000000,0.00000000,False
2022-07-13 12:20:00,3339.93000000,5600.16000000,901.40000000,0.00000000,False
2022-07-13 12:25:00,3270.50000000,5523.09000000,714.80000000,0.00000000,False
2022-07-13 12:30:00,3271.66000000,5492.29000000,714.80000000,0.00000000,False
2022-07-13 12:35:00,3104.01000000,5200.48000000,714.80000000,0.00000000,False
2022-07-13 12:40:00,2877.44000000,4641.56000000,714.80000000,0.00000000,False
2022-07-13 12:45:00,2735.46000000,4508.09000000,421.90000000,0.00000000,False
2022-07-13 12:50:00,2789.22000000,4459.94000000,231.20000000,0.00000000,False
2022-07-13 12:55:00,3008.88000000,4889.56000000,274.20000000,0.00000000,False
2022-07-13 13:00:00,2996.04000000,4819.75000000,271.20000000,0.00000000,False
2022-07-13 13:05:00,2978.41000000,4807.02000000,140.90000000,0.00000000,False
2022-07-13 13:10:00,2893.36000000,4545.56000000,140.90000000,0.00000000,False
2022-07-13 13:15:00,2961.73000000,4547.86000000,140.90000000,0.00000000,False
2022-07-13 13:20:00,2839.15000000,4292.78000000,140.90000000,0.00000000,False
2022-07-13 13:25:00,2786.01000000,3923.80000000,153.06000000,0.00000000,False
2022-07-13 13:30:00,2986.84000000,4143.11000000,108.76000000,0.00000000,False
2022-07-13 13:35:00,3090.24000000,4387.91000000,43.00000000,0.00000000,False
2022-07-13 13:40:00,2965.45000000,4282.44000000,43.00000000,0.00000000,False
2022-07-13 13:45:00,3045.61000000,4410.34000000,43.00000000,0.00000000,False
2022-07-13 13:50:00,2957.64000000,4360.78000000,43.00000000,0.00000000,False
2022-07-13 13:55:00,2899.67000000,4349.25000000,43.00000000,0.00000000,False
2022-07-13 14:00:00,2923.85000000,4183.52000000,43.00000000,0.00000000,False
2022-07-13 14:05:00,3089.36000000,4318.19000000,0.00000000,0.00000000,False
2022-07-13 14:10:00,3234.76000000,4422.35000000,0.00000000,0.00000000,False
2022-07-13 14:15:00,3421.46000000,4732.53000000,0.00000000,0.00000000,False
2022-07-13 14:20:00,3318.09000000,4434.46000000,0.00000000,0.00000000,False
2022-07-13 14:25:00,3043.66000000,3907.02000000,0.00000000,0.00000000,False
2022-07-13 14:30:00,3120.72000000,3979.90000000,0.00000000,0.00000000,False
2022-07-13 14:35:00,2950.92000000,3670.80000000,0.00000000,0.00000000,False
2022-07-13 14:40:00,2828.31000000,3270.51000000,0.00000000,0.00000000,False
2022-07-13 14:45:00,2893.59000000,3553.48000000,0.00000000,0.00000000,False
2022-07-13 14:50:00,2969.17000000,3769.21000000,0.00000000,0.00000000,False
2022-07-13 14:55:00,2765.64000000,3345.46000000,0.00000000,0.00000000,False
2022-07-13 15:00:00,2672.25000000,3183.33000000,0.40000000,0.00000000,False
2022-07-13 15:05:00,2677.87000000,3095.63000000,0.00000000,0.00000000,False
2022-07-13 15:10:00,2622.63000000,2918.82000000,0.00000000,0.00000000,False
2022-07-13 15:15:00,2606.15000000,2951.65000000,0.00000000,0.00000000,False
2022-07-13 15:20:00,2538.70000000,2836.09000000,0.00000000,0.00000000,False
2022-07-13 15:25:00,2524.47000000,2909.11000000,0.00000000,0.00000000,False
2022-07-13 15:30:00,2593.59000000,3214.36000000,0.00000000,16.52790000,False
2022-07-13 15:35:00,2920.14000000,3718.23000000,0.00000000,159.96780000,False
2022-07-13 15:40:00,2741.55000000,3537.62000000,0.00000000,102.25330000,False
2022-07-13 15:45:00,2804.42000000,3656.92000000,0.00000000,144.94050000,False
2022-07-13 15:50:00,2901.72000000,3867.24000000,0.00000000,512.27260000,False
2022-07-13 15:55:00,2711.36000000,3564.92000000,0.00000000,115.57420000,False
2022-07-13 16:00:00,2623.11000000,3248.93000000,0.80000000,47.11210000,False
2022-07-13 16:05:00,2714.38000000,3310.87000000,0.80000000,70.09660000,False
2022-07-13 16:10:00,2812.30000000,3705.77000000,0.30000000,815.51210000,False
2022-07-13 16:15:00,2675.72000000,3405.91000000,0.00000000,117.19650000,False
2022-07-13 16:20:00,2627.34000000,3330.62000000,0.00000000,99.76770000,False
2022-07-13 16:25:00,2531.05000000,3121.68000000,0.00000000,0.00000000,False
2022-07-13 16:30:00,2655.32000000,3021.25000000,0.00000000,0.00000000,False
2022-07-13 16:35:00,2663.13000000,3421.66000000,0.00000000,18.55080000,False
2022-07-13 16:40:00,2870.19000000,4123.87000000,0.00000000,899.27390000,False
2022-07-13 16:45:00,2849.79000000,4089.76000000,0.00000000,887.24620000,False
2022-07-13 16:50:00,2836.95000000,4166.44000000,0.00000000,920.62080000,False
2022-07-13 16:55:00,2877.04000000,4359.96000000,0.00000000,1586.81450000,False
2022-07-13 17:00:00,2847.47000000,4402.69000000,15.30000000,978.25200000,False
2022-07-13 17:05:00,2865.80000000,4530.16000000,1.60000000,1345.03200000,False
2022-07-13 17:10:00,2751.11000000,4537.22000000,2.10000000,396.07730000,False
2022-07-13 17:15:00,2793.76000000,4402.90000000,0.00000000,401.44540000,False
2022-07-13 17:20:00,2714.06000000,4303.39000000,30.00000000,283.90030000,False
2022-07-13 17:25:00,2698.37000000,3973.91000000,30.00000000,0.00000000,False
2022-07-13 17:30:00,2713.87000000,3959.72000000,30.00000000,0.00000000,False
2022-07-13 17:35:00,2871.92000000,4268.57000000,30.00000000,70.05970000,False
2022-07-13 17:40:00,2818.14000000,4334.24000000,30.00000000,0.00000000,False
2022-07-13 17:45:00,2903.31000000,4322.37000000,30.00000000,0.00000000,False
2022-07-13 17:50:00,2856.15000000,4489.82000000,0.00000000,0.00000000,False
2022-07-13 17:55:00,2841.41000000,4342.81000000,0.00000000,0.00000000,False
2022-07-13 18:00:00,2896.93000000,4358.10000000,49.80000000,295.14400000,False
2022-07-13 18:05:00,2943.52000000,4934.54000000,0.00000000,2680.50200000,False
2022-07-13 18:10:00,3095.34000000,5352.31000000,1.00000000,2730.96440000,False
2022-07-13 18:15:00,3044.79000000,5369.14000000,15.50000000,2633.21880000,False
2022-07-13 18:20:00,3056.06000000,5328.86000000,17.00000000,2640.47530000,False
2022-07-13 18:25:00,3189.13000000,5376.01000000,17.00000000,2716.04930000,False
2022-07-13 18:30:00,3143.44000000,5507.79000000,17.00000000,2617.65920000,False
2022-07-13 18:35:00,3242.63000000,5671.88000000,17.00000000,1289.03280000,False
2022-07-13 18:40:00,3462.14000000,6038.99000000,17.00000000,1734.40880000,False
2022-07-13 18:45:00,3613.51000000,6387.42000000,17.00000000,532.00420000,False
2022-07-13 18:50:00,3693.93000000,6300.00000000,52.50000000,1039.80440000,False
2022-07-13 18:55:00,3850.16000000,6687.17000000,66.70000000,116.94440000,False
2022-07-13 19:00:00,3792.28000000,6486.61000000,85.50000000,201.49110000,False
2022-07-13 19:05:00,3676.12000000,5892.89000000,95.90000000,809.99010000,False
2022-07-13 19:10:00,3650.68000000,5926.34000000,263.90000000,1171.21310000,False
2022-07-13 19:15:00,3728.35000000,6387.48000000,199.90000000,119.20910000,False
2022-07-13 19:20:00,3703.89000000,6228.49000000,417.00000000,98.74910000,False
2022-07-13 19:25:00,3375.57000000,4738.74000000,889.16000000,1302.52980000,False
2022-07-13 19:30:00,3425.13000000,5099.79000000,824.33000000,422.69150000,False
2022-07-13 19:35:00,3395.16000000,5385.61000000,908.53000000,1535.20700000,False
2022-07-13 19:40:00,3524.29000000,5751.99000000,904.13000000,147.50910000,False
2022-07-13 19:45:00,3563.27000000,5957.04000000,642.37000000,111.68140000,False
2022-07-13 19:50:00,3530.32000000,5819.73000000,642.37000000,216.76390000,False
2022-07-13 19:55:00,3573.47000000,5925.63000000,727.24000000,113.01390000,False
2022-07-13 20:00:00,3445.25000000,5743.58000000,665.30000000,262.42710000,False
2022-07-13 20:05:00,3442.22000000,5862.40000000,664.90000000,111.52250000,False
2022-07-13 20:10:00,3295.80000000,5722.97000000,664.90000000,115.00740000,False
2022-07-13 20:15:00,3268.51000000,5755.37000000,732.58000000,99.36390000,False
2022-07-13 20:20:00,3290.67000000,5595.94000000,800.54000000,105.49750000,False
2022-07-13 20:25:00,3322.02000000,5727.50000000,1113.06000000,100.43160000,False
2022-07-13 20:30:00,3297.07000000,5667.42000000,1113.06000000,91.20410000,False
2022-07-13 20:35:00,3300.59000000,5751.10000000,1045.10000000,76.58700000,False
2022-07-13 20:40:00,3256.32000000,5668.51000000,1045.10000000,74.64640000,False
2022-07-13 20:45:00,3208.51000000,5481.18000000,1100.80000000,79.06270000,False
2022-07-13 20:50:00,3138.91000000,5532.53000000,1134.90000000,71.07420000,False
2022-07-13 20:55:00,3169.69000000,5642.22000000,1135.10000000,31.22680000,False
2022-07-13 21:00:00,3298.90000000,5668.91000000,1141.90000000,35.61580000,False
2022-07-13 21:05:00,3372.04000000,6077.59000000,1196.10000000,10.87570000,False
2022-07-13 21:10:00,3341.80000000,6122.93000000,1140.10000000,11.54020000,False
2022-07-13 21:15:00,3378.85000000,6127.81000000,1203.30000000,9.77170000,False
2022-07-13 21:20:00,3311.64000000,6323.69000000,1262.00000000,10.59140000,False
2022-07-13 21:25:00,3413.39000000,6509.58000000,1240.90000000,4.29730000,False
2022-07-13 21:30:00,3668.42000000,6811.20000000,1259.10000000,2.38200000,False
2022-07-13 21:35:00,3881.50000000,7150.80000000,1391.07000000,1.32950000,False
2022-07-13 21:40:00,4045.95000000,7418.19000000,1349.00000000,0.96930000,False
2022-07-13 21:45:00,4159.60000000,7897.04000000,1510.09000000,0.03770000,False
2022-07-13 21:50:00,4236.28000000,7573.44000000,1826.30000000,0.64640000,False
2022-07-13 21:55:00,4158.70000000,7771.16000000,2538.94000000,0.04220000,False
2022-07-13 22:00:00,3899.10000000,7628.11000000,2983.84000000,12.24250000,False
2022-07-13 22:05:00,4106.24000000,8218.68000000,3243.68000000,7.80070000,False
2022-07-13 22:10:00,3997.01000000,7998.74000000,3535.67000000,8.65220000,False
2022-07-13 22:15:00,3967.07000000,7984.80000000,3889.59000000,7.02810000,False
2022-07-13 22:20:00,3930.74000000,8556.60000000,4003.54000000,1.15720000,False
2022-07-13 22:25:00,3924.70000000,8796.59000000,3949.28000000,0.08580000,False
2022-07-13 22:30:00,3848.35000000,8804.17000000,4108.24000000,0.00440000,False
2022-07-13 22:35:00,3795.04000000,8883.49000000,4257.24000000,0.08070000,False
2022-07-13 22:40:00,3890.82000000,9186.18000000,4220.57000000,1.45830000,False
2022-07-13 22:45:00,3903.89000000,9220.27000000,4323.57000000,1.94480000,False
2022-07-13 22:50:00,3827.15000000,8906.50000000,4661.57000000,0.00010000,False
2022-07-13 22:55:00,3771.23000000,9097.20000000,4693.07000000,0.00050000,False
2022-07-13 23:00:00,3907.51000000,9361.94000000,5045.07000000,0.00040000,False
2022-07-13 23:05:00,3895.34000000,9739.61000000,5089.69000000,0.00000000,False
2022-07-13 23:10:00,3965.73000000,9847.36000000,5063.39000000,0.00000000,False
2022-07-13 23:15:00,4072.79000000,10136.78000000,5229.69000000,0.00000000,False
2022-07-13 23:20:00,4215.01000000,10086.14000000,5240.99000000,0.00000000,False
2022-07-13 23:25:00,4171.40000000,10285.65000000,5212.59000000,0.00000000,False
2022-07-13 23:30:00,4259.15000000,10651.48000000,5508.49000000,0.00000000,False
2022-07-13 23:35:00,4358.15000000,10890.30000000,5566.79000000,0.00000000,False
2022-07-13 23:40:00,4414.46000000,10836.43000000,5763.99000000,0.00000000,False
2022-07-13 23:45:00,4462.25000000,11037.77000000,5763.49000000,0.00000000,False
2022-07-13 23:50:00,4460.68000000,11247.03000000,5946.99000000,0.00000000,False
2022-07-13 23:55:00,4499.85000000,11359.74000000,5986.49000000,0.00000000,False
2022-07-14 00:00:00,4562.71000000,11353.49000000,6012.06000000,0.00000000,False
2022-07-14 00:05:00,4609.10000000,11515.66000000,5969.43000000,0.00000000,False
2022-07-14 00:10:00,4595.08000000,11424.77000000,5968.30000000,0.00000000,False
2022-07-14 00:15:00,4555.49000000,11315.43000000,5969.70000000,0.00000000,False
2022-07-14 00:20:00,4563.88000000,11666.57000000,5970.10000000,0.00000000,False
2022-07-14 00:25:00,4532.91000000,11616.76000000,5930.30000000,0.00000000,False
2022-07-14 00:30:00,4552.74000000,11464.86000000,5981.17000000,0.00000000,False
2022-07-14 00:35:00,4550.59000000,11422.21000000,6143.06000000,0.00000000,False
2022-07-14 00:40:00,4577.06000000,11705.80000000,6143.97000000,0.00000000,False
2022-07-14 00:45:00,4571.65000000,11784.18000000,6143.72000000,0.00000000,False
2022-07-14 00:50:00,4575.33000000,11796.76000000,6143.66000000,0.00000000,False
2022-07-14 00:55:00,4600.11000000,11908.69000000,6143.84000000,0.00000000,False
2022-07-14 01:00:00,4450.75000000,11730.60000000,6145.94000000,0.00000000,False
2022-07-14 01:05:00,4391.98000000,11544.34000000,6147.78000000,0.00000000,False
2022-07-14 01:10:00,4370.77000000,11536.75000000,6203.50000000,0.00000000,False
2022-07-14 01:15:00,4335.23000000,11381.05000000,6357.74000000,0.00000000,False
2022-07-14 01:20:00,4344.29000000,11479.42000000,6358.87000000,0.00000000,False
2022-07-14 01:25:00,4330.39000000,11408.93000000,6358.78000000,0.00000000,False
2022-07-14 01:30:00,4298.35000000,11329.74000000,6359.01000000,0.00000000,False
2022-07-14 01:35:00,4367.69000000,11307.40000000,6359.27000000,0.00000000,False
2022-07-14 01:40:00,4362.25000000,11563.59000000,6359.29000000,0.00000000,False
2022-07-14 01:45:00,4423.21000000,11665.87000000,6358.95000000,0.00000000,False
2022-07-14 01:50:00,4464.01000000,11849.16000000,6358.66000000,0.00000000,False
2022-07-14 01:55:00,4423.60000000,11833.79000000,6319.61000000,0.00000000,False
2022-07-14 02:00:00,4447.34000000,11709.34000000,6296.26000000,0.00000000,False
2022-07-14 02:05:00,4563.06000000,11921.94000000,6346.70000000,0.00000000,False
2022-07-14 02:10:00,4571.58000000,12066.30000000,6346.35000000,0.00000000,False
2022-07-14 02:15:00,4569.62000000,12182.98000000,6345.62000000,0.00000000,False
2022-07-14 02:20:00,4602.02000000,12172.75000000,6346.63000000,0.00000000,False
2022-07-14 02:25:00,4753.93000000,12476.95000000,6346.71000000,0.00000000,False
2022-07-14 02:30:00,4792.95000000,12710.70000000,6345.64000000,0.00000000,False
2022-07-14 02:35:00,4709.80000000,12700.69000000,6346.17000000,0.00000000,False
2022-07-14 02:40:00,4711.49000000,12706.63000000,6347.05000000,0.00000000,False
2022-07-14 02:45:00,4780.96000000,12893.16000000,6346.71000000,0.00000000,False
2022-07-14 02:50:00,4877.93000000,13237.75000000,6346.80000000,0.00000000,False
2022-07-14 02:55:00,4933.53000000,13472.60000000,6346.55000000,0.00000000,False
2022-07-14 03:00:00,5141.83000000,14367.06000000,6390.72000000,0.00000000,False
2022-07-14 03:05:00,5083.65000000,14416.41000000,6407.32000000,0.00000000,False
2022-07-14 03:10:00,5143.94000000,14435.29000000,6421.01000000,0.00000000,False
2022-07-14 03:15:00,5223.23000000,14717.56000000,6421.31000000,0.00000000,False
2022-07-14 03:20:00,5354.99000000,14923.05000000,6421.17000000,0.00000000,False
2022-07-14 03:25:00,5465.72000000,15033.80000000,6447.16000000,0.00000000,False
2022-07-14 03:30:00,5566.20000000,15265.96000000,6673.20000000,0.00000000,False
2022-07-14 03:35:00,5552.82000000,15350.60000000,6673.22000000,0.00000000,False
2022-07-14 03:40:00,5605.06000000,15375.53000000,6574.27000000,0.00000000,False
2022-07-14 03:45:00,5620.64000000,15365.19000000,6574.06000000,0.00000000,False
2022-07-14 03:50:00,5564.63000000,15468.92000000,6546.62000000,0.00000000,False
2022-07-14 03:55:00,5650.96000000,15609.83000000,6546.13000000,0.00000000,False
2022-07-14 04:00:00,5790.34000000,15415.76000000,6553.67000000,0.00000000,False
2022-07-14 04:05:00,5784.10000000,15529.64000000,6555.76000000,0.00000000,False
2022-07-14 04:10:00,5823.75000000,15378.15000000,6545.31000000,0.00000000,False
2022-07-14 04:15:00,5853.16000000,15599.91000000,6545.19000000,0.00000000,False
2022-07-14 04:20:00,5859.59000000,15604.42000000,6546.09000000,0.00000000,False
2022-07-14 04:25:00,6047.40000000,16090.33000000,6542.43000000,0.00000000,False
2022-07-14 04:30:00,6141.97000000,16114.16000000,6546.30000000,0.00000000,False
2022-07-14 04:35:00,6219.43000000,16412.47000000,6546.20000000,0.00000000,False
2022-07-14 04:40:00,6142.79000000,16272.04000000,6546.78000000,0.00000000,False
2022-07-14 04:45:00,6076.70000000,16116.34000000,6546.46000000,0.00000000,False
2022-07-14 04:50:00,6061.29000000,15982.06000000,6555.48000000,0.00000000,False
2022-07-14 04:55:00,6093.16000000,16002.39000000,6555.12000000,0.00000000,False
2022-07-14 05:00:00,6009.85000000,15737.78000000,6494.69000000,0.00000000,False
2022-07-14 05:05:00,5872.05000000,15474.62000000,6494.81000000,0.00000000,False
2022-07-14 05:10:00,5681.46000000,15192.02000000,6492.86000000,0.00000000,False
2022-07-14 05:15:00,5600.85000000,15253.99000000,6493.89000000,0.00000000,False
2022-07-14 05:20:00,5536.03000000,15212.64000000,6562.73000000,0.00000000,False
2022-07-14 05:25:00,5505.88000000,15155.71000000,6563.14000000,0.00000000,False
2022-07-14 05:30:00,5569.74000000,15216.01000000,6563.34000000,0.00000000,False
2022-07-14 05:35:00,5656.39000000,15334.34000000,6562.47000000,0.00000000,False
2022-07-14 05:40:00,5680.66000000,15371.09000000,6561.72000000,0.00000000,False
2022-07-14 05:45:00,5552.25000000,15237.02000000,6563.29000000,0.00000000,False
2022-07-14 05:50:00,5531.93000000,15210.13000000,6563.90000000,0.00000000,False
2022-07-14 05:55:00,5484.84000000,15207.47000000,6563.05000000,0.00000000,False
2022-07-14 06:00:00,5498.65000000,15049.69000000,6564.05000000,0.00000000,False
2022-07-14 06:05:00,5420.75000000,14855.42000000,6559.04000000,0.00000000,False
2022-07-14 06:10:00,5471.66000000,14925.73000000,6558.31000000,0.00000000,False
2022-07-14 06:15:00,5574.65000000,15093.64000000,6555.00000000,0.00000000,False
2022-07-14 06:20:00,5525.03000000,15146.99000000,6558.95000000,0.00000000,False
2022-07-14 06:25:00,5496.08000000,15070.49000000,6559.05000000,0.00000000,False
2022-07-14 06:30:00,5519.24000000,15132.98000000,6557.55000000,0.00000000,False
2022-07-14 06:35:00,5645.19000000,15345.41000000,6558.45000000,0.00000000,False
2022-07-14 06:40:00,5703.66000000,15181.00000000,6557.92000000,0.00000000,False
2022-07-14 06:45:00,5881.04000000,15604.92000000,6557.51000000,0.00000000,False
2022-07-14 06:50:00,5899.94000000,15628.39000000,6558.25000000,0.00000000,False
2022-07-14 06:55:00,5839.19000000,15577.00000000,6556.56000000,0.00000000,False
2022-07-14 07:00:00,5815.04000000,15476.86000000,6559.18000000,0.00000000,False
2022-07-14 07:05:00,5744.08000000,15414.86000000,6559.40000000,0.00000000,False
2022-07-14 07:10:00,5638.24000000,15270.63000000,6513.40000000,0.00000000,False
2022-07-14 07:15:00,5716.19000000,15458.32000000,6513.27000000,0.00000000,False
2022-07-14 07:20:00,5739.59000000,15407.69000000,6512.93000000,0.00000000,False
2022-07-14 07:25:00,5750.24000000,15409.38000000,6513.35000000,0.00000000,False
2022-07-14 07:30:00,5754.92000000,15386.30000000,6513.39000000,0.00000000,False
2022-07-14 07:35:00,5753.83000000,15342.87000000,6513.46000000,0.00000000,False
2022-07-14 07:40:00,5717.56000000,15107.12000000,6513.37000000,0.00000000,False
2022-07-14 07:45:00,5721.17000000,15210.29000000,6513.71000000,0.00000000,False
2022-07-14 07:50:00,5679.88000000,15046.61000000,6513.53000000,0.00000000,False
2022-07-14 07:55:00,5731.30000000,15176.80000000,6513.27000000,0.00000000,False
2022-07-14 08:00:00,5582.64000000,14972.45000000,6493.92000000,0.00000000,False
2022-07-14 08:05:00,5576.07000000,14927.89000000,6533.91000000,0.00000000,False
2022-07-14 08:10:00,5604.19000000,14961.05000000,6533.82000000,0.00000000,False
2022-07-14 08:15:00,5553.59000000,14948.14000000,6533.42000000,0.00000000,False
2022-07-14 08:20:00,5481.78000000,14790.16000000,6533.56000000,0.00000000,False
2022-07-14 08:25:00,5516.56000000,14928.46000000,6533.76000000,0.00000000,False
2022-07-14 08:30:00,5491.61000000,14898.48000000,6533.73000000,0.00000000,False
2022-07-14 08:35:00,5609.62000000,15084.70000000,6552.29000000,0.00000000,False
2022-07-14 08:40:00,5690.69000000,15256.56000000,6496.46000000,0.00000000,False
2022-07-14 08:45:00,5667.81000000,15052.82000000,6496.33000000,0.00000000,False
2022-07-14 08:50:00,5693.49000000,15078.75000000,6496.38000000,0.00000000,False
2022-07-14 08:55:00,5722.34000000,15161.57000000,6495.54000000,0.00000000,False
2022-07-14 09:00:00,5666.98000000,15235.99000000,6506.71000000,0.00000000,False
2022-07-14 09:05:00,5820.26000000,15590.01000000,6512.27000000,0.00000000,False
2022-07-14 09:10:00,6086.78000000,15756.85000000,6398.94000000,0.00000000,False
2022-07-14 09:15:00,6110.65000000,15606.91000000,6286.68000000,0.00000000,False
2022-07-14 09:20:00,6024.81000000,15360.43000000,6286.48000000,0.00000000,False
2022-07-14 09:25:00,5820.99000000,15059.72000000,6286.56000000,0.00000000,False
2022-07-14 09:30:00,5564.65000000,14680.67000000,6286.52000000,0.00000000,False
2022-07-14 09:35:00,5317.10000000,14340.07000000,6285.42000000,0.00000000,False
2022-07-14 09:40:00,5228.99000000,14241.76000000,6285.83000000,0.00000000,False
2022-07-14 09:45:00,5147.60000000,13974.59000000,6286.11000000,0.00000000,False
2022-07-14 09:50:00,4991.03000000,13611.39000000,6286.10000000,0.00000000,False
2022-07-14 09:55:00,4857.19000000,13318.12000000,6284.51000000,0.00000000,False
2022-07-14 10:00:00,4681.84000000,12973.46000000,6064.82000000,0.00000000,False
2022-07-14 10:05:00,4478.45000000,12552.21000000,6028.23000000,0.00000000,False
2022-07-14 10:10:00,4318.99000000,12104.56000000,6031.46000000,0.00000000,False
2022-07-14 10:15:00,4220.09000000,11688.73000000,6033.44000000,0.00000000,False
2022-07-14 10:20:00,4227.77000000,11632.97000000,6033.43000000,0.00000000,False
2022-07-14 10:25:00,4139.49000000,11418.78000000,6033.57000000,0.00000000,False
2022-07-14 10:30:00,4061.65000000,11001.17000000,6032.89000000,0.00000000,False
2022-07-14 10:35:00,4072.58000000,10699.67000000,6194.88000000,0.00000000,False
2022-07-14 10:40:00,4025.27000000,10338.48000000,6149.36000000,0.00000000,False
2022-07-14 10:45:00,3975.16000000,10029.54000000,6089.25000000,0.00000000,False
2022-07-14 10:50:00,3924.99000000,10296.33000000,5320.91000000,0.00000000,False
2022-07-14 10:55:00,4064.00000000,10674.99000000,4788.86000000,0.00000000,False
2022-07-14 11:00:00,4148.48000000,10954.22000000,4553.91000000,0.00000000,False
2022-07-14 11:05:00,4291.96000000,11102.60000000,4247.02000000,0.00000000,False
2022-07-14 11:10:00,4472.70000000,11641.21000000,3845.35000000,0.00000000,False
2022-07-14 11:15:00,4411.32000000,11200.63000000,3844.90000000,0.00000000,False
2022-07-14 11:20:00,4253.71000000,10535.13000000,3845.14000000,0.00000000,False
2022-07-14 11:25:00,4204.78000000,10095.66000000,3845.45000000,0.00000000,False
2022-07-14 11:30:00,4198.49000000,10061.63000000,3703.55000000,0.00000000,False
2022-07-14 11:35:00,4253.41000000,10000.99000000,3610.40000000,0.00000000,False
2022-07-14 11:40:00,4163.88000000,9741.73000000,3561.57000000,0.00000000,False
2022-07-14 11:45:00,4214.39000000,9526.43000000,3561.11000000,0.00000000,False
2022-07-14 11:50:00,4343.61000000,10004.69000000,3471.48000000,0.00000000,False
2022-07-14 11:55:00,4253.84000000,10028.68000000,3415.45000000,0.00000000,False
2022-07-14 12:00:00,4304.31000000,9725.20000000,3439.34000000,0.00000000,False
2022-07-14 12:05:00,4413.49000000,10368.56000000,2773.35000000,0.00000000,False
2022-07-14 12:10:00,4629.13000000,10532.05000000,2778.45000000,0.00000000,False
2022-07-14 12:15:00,4517.83000000,10508.18000000,2736.90000000,0.00000000,False
2022-07-14 12:20:00,4472.27000000,10605.85000000,2645.20000000,0.00000000,False
2022-07-14 12:25:00,4511.85000000,10532.48000000,2646.90000000,0.00000000,False
2022-07-14 12:30:00,4430.32000000,10467.45000000,2646.90000000,0.00000000,False
2022-07-14 12:35:00,4397.36000000,10421.60000000,2646.60000000,0.00000000,False
2022-07-14 12:40:00,4359.69000000,10410.48000000,2560.90000000,0.00000000,False
2022-07-14 12:45:00,4388.38000000,10418.57000000,2507.90000000,0.00000000,False
2022-07-14 12:50:00,4474.31000000,10286.02000000,2517.90000000,0.00000000,False
2022-07-14 12:55:00,4532.55000000,10354.17000000,2470.90000000,0.00000000,False
2022-07-14 13:00:00,4679.66000000,10752.16000000,2459.60000000,0.00000000,False
2022-07-14 13:05:00,4859.43000000,11164.02000000,2333.40000000,0.00000000,False
2022-07-14 13:10:00,4782.61000000,11023.73000000,2331.10000000,0.00000000,False
2022-07-14 13:15:00,4729.23000000,10929.98000000,2333.40000000,0.00000000,False
2022-07-14 13:20:00,4725.05000000,11004.65000000,2025.40000000,0.00000000,False
2022-07-14 13:25:00,4716.53000000,10808.13000000,2025.40000000,0.00000000,False
2022-07-14 13:30:00,4688.26000000,10941.02000000,2025.40000000,0.00000000,False
2022-07-14 13:35:00,4666.45000000,10945.10000000,2025.40000000,0.00000000,False
2022-07-14 13:40:00,4638.70000000,10915.44000000,2025.40000000,0.00000000,False
2022-07-14 13:45:00,4720.76000000,11057.62000000,2025.00000000,0.00000000,False
2022-07-14 13:50:00,4778.65000000,11321.08000000,2024.20000000,0.00000000,False
2022-07-14 13:55:00,4713.91000000,11329.80000000,1980.40000000,0.00000000,False
2022-07-14 14:00:00,4812.54000000,11485.64000000,1953.60000000,0.00000000,False
2022-07-14 14:05:00,5140.03000000,11780.12000000,1954.20000000,0.00000000,False
2022-07-14 14:10:00,5452.44000000,12199.89000000,1954.20000000,0.00000000,False
2022-07-14 14:15:00,5457.77000000,12490.80000000,1953.80000000,0.00000000,False
2022-07-14 14:20:00,5481.29000000,12456.42000000,1953.10000000,0.00000000,False
2022-07-14 14:25:00,5448.73000000,12417.00000000,1954.20000000,0.00000000,False
2022-07-14 14:30:00,5354.61000000,12204.68000000,1954.20000000,0.00000000,False
2022-07-14 14:35:00,5299.64000000,11976.24000000,2040.20000000,0.00000000,False
2022-07-14 14:40:00,5283.73000000,12000.74000000,2040.20000000,0.00000000,False
2022-07-14 14:45:00,5258.24000000,12119.56000000,2040.20000000,0.00000000,False
2022-07-14 14:50:00,5311.02000000,12328.05000000,2040.20000000,0.00000000,False
2022-07-14 14:55:00,5285.90000000,12184.95000000,2040.20000000,0.00000000,False
2022-07-14 15:00:00,5275.65000000,12453.92000000,2015.60000000,0.00000000,False
2022-07-14 15:05:00,5309.65000000,12264.16000000,2012.80000000,0.00000000,False
2022-07-14 15:10:00,5487.62000000,12452.15000000,2012.80000000,0.00000000,False
2022-07-14 15:15:00,5476.75000000,12507.59000000,2012.80000000,0.00000000,False
2022-07-14 15:20:00,5541.77000000,12848.24000000,2012.80000000,0.00000000,False
2022-07-14 15:25:00,5582.20000000,13218.64000000,2012.80000000,0.00000000,False
2022-07-14 15:30:00,5600.26000000,13420.65000000,2064.80000000,0.00000000,False
2022-07-14 15:35:00,5719.07000000,13650.30000000,2064.80000000,0.00000000,False
2022-07-14 15:40:00,5670.38000000,13711.86000000,2064.80000000,0.00000000,False
2022-07-14 15:45:00,5595.63000000,13438.54000000,2064.80000000,0.00000000,False
2022-07-14 15:50:00,5578.85000000,13311.54000000,2064.80000000,0.00000000,False
2022-07-14 15:55:00,5674.98000000,13479.99000000,2064.80000000,0.00000000,False
2022-07-14 16:00:00,5840.48000000,13814.10000000,2432.10000000,0.00000000,False
2022-07-14 16:05:00,6015.16000000,14246.85000000,2601.60000000,0.00000000,False
2022-07-14 16:10:00,5890.99000000,14084.53000000,2601.60000000,0.00000000,False
2022-07-14 16:15:00,5754.10000000,13907.07000000,2601.60000000,0.00000000,False
2022-07-14 16:20:00,5701.91000000,13998.45000000,2601.60000000,0.00000000,False
2022-07-14 16:25:00,5835.13000000,14209.11000000,2601.60000000,0.00000000,False
2022-07-14 16:30:00,6028.62000000,14472.29000000,2601.60000000,0.00000000,False
2022-07-14 16:35:00,6060.84000000,14557.78000000,2693.60000000,0.00000000,False
2022-07-14 16:40:00,6167.26000000,14838.88000000,2749.46000000,0.00000000,False
2022-07-14 16:45:00,6181.67000000,14761.87000000,2799.37000000,0.00000000,False
2022-07-14 16:50:00,6181.17000000,14926.17000000,2905.05000000,0.00000000,False
2022-07-14 16:55:00,6257.82000000,15215.88000000,2905.14000000,0.00000000,False
2022-07-14 17:00:00,6207.64000000,15294.04000000,3011.54000000,0.00000000,False
2022-07-14 17:05:00,6195.57000000,15265.95000000,3135.64000000,0.00000000,False
2022-07-14 17:10:00,6450.17000000,15427.80000000,3130.19000000,0.00000000,False
2022-07-14 17:15:00,6533.69000000,15925.54000000,3048.49000000,0.00000000,False
2022-07-14 17:20:00,6884.54000000,16470.42000000,3308.61000000,0.00000000,False
2022-07-14 17:25:00,7121.63000000,16834.99000000,3349.50000000,0.00000000,False
2022-07-14 17:30:00,7175.74000000,17247.33000000,3308.41000000,0.00000000,False
2022-07-14 17:35:00,7086.23000000,17230.29000000,3479.02000000,0.00000000,False
2022-07-14 17:40:00,7166.82000000,17453.59000000,3613.20000000,0.00000000,False
2022-07-14 17:45:00,7114.86000000,17528.05000000,3769.19000000,0.00000000,False
2022-07-14 17:50:00,7072.76000000,17257.44000000,3947.78000000,0.00000000,False
2022-07-14 17:55:00,6900.29000000,17240.98000000,4386.64000000,0.00000000,False
2022-07-14 18:00:00,6998.13000000,17322.73000000,4795.55000000,0.00000000,False
2022-07-14 18:05:00,6862.19000000,16878.96000000,4890.44000000,0.00000000,False
2022-07-14 18:10:00,6872.96000000,16717.71000000,5078.48000000,0.00000000,False
2022-07-14 18:15:00,6755.78000000,16807.03000000,5033.73000000,0.00000000,False
2022-07-14 18:20:00,6597.66000000,16141.02000000,5036.72000000,0.00000000,False
2022-07-14 18:25:00,6381.97000000,15627.82000000,4957.62000000,0.00000000,False
2022-07-14 18:30:00,6147.99000000,15371.64000000,4956.72000000,0.00000000,False
2022-07-14 18:35:00,6189.78000000,15640.29000000,4874.02000000,0.00000000,False
2022-07-14 18:40:00,6234.60000000,16027.09000000,4873.63000000,0.00000000,False
2022-07-14 18:45:00,6087.30000000,15568.50000000,4874.10000000,0.00000000,False
2022-07-14 18:50:00,6018.58000000,15452.96000000,4991.43000000,0.00000000,False
2022-07-14 18:55:00,6026.37000000,15866.74000000,4991.36000000,0.00000000,False
2022-07-14 19:00:00,5970.43000000,15938.85000000,5148.15000000,0.00000000,False
2022-07-14 19:05:00,6113.57000000,15702.03000000,5147.53000000,0.00000000,False
2022-07-14 19:10:00,6033.26000000,15518.54000000,5273.60000000,0.00000000,False
2022-07-14 19:15:00,5919.90000000,15540.91000000,5273.42000000,0.00000000,False
2022-07-14 19:20:00,5942.18000000,15427.10000000,5272.99000000,0.00000000,False
2022-07-14 19:25:00,5898.15000000,15302.81000000,5364.19000000,0.00000000,False
2022-07-14 19:30:00,5870.35000000,15247.93000000,5366.10000000,0.00000000,False
2022-07-14 19:35:00,5761.25000000,14780.99000000,5365.16000000,0.00000000,False
2022-07-14 19:40:00,5755.42000000,14737.53000000,5364.90000000,0.00000000,False
2022-07-14 19:45:00,5804.15000000,15059.95000000,5361.92000000,0.00000000,False
2022-07-14 19:50:00,5879.79000000,15460.17000000,5365.78000000,0.00000000,False
2022-07-14 19:55:00,5820.75000000,15110.64000000,5505.90000000,0.00000000,False
2022-07-14 20:00:00,5845.88000000,15311.69000000,5312.74000000,0.00000000,False
2022-07-14 20:05:00,5889.48000000,15117.27000000,5331.66000000,0.00000000,False
2022-07-14 20:10:00,5971.52000000,15231.87000000,5331.88000000,0.00000000,False
2022-07-14 20:15:00,5990.31000000,15299.92000000,5411.71000000,0.00000000,False
2022-07-14 20:20:00,5981.28000000,15455.79000000,5409.74000000,0.00000000,False
2022-07-14 20:25:00,5999.38000000,15331.85000000,5411.78000000,0.00000000,False
2022-07-14 20:30:00,5967.55000000,15543.42000000,5412.07000000,0.00000000,False
2022-07-14 20:35:00,5959.77000000,15431.92000000,5412.07000000,0.00000000,False
2022-07-14 20:40:00,5962.96000000,15773.50000000,5410.93000000,0.00000000,False
2022-07-14 20:45:00,6140.39000000,16050.74000000,5410.31000000,0.00000000,False
2022-07-14 20:50:00,6361.39000000,16601.71000000,5411.21000000,0.00000000,False
2022-07-14 20:55:00,6420.32000000,16761.95000000,5409.73000000,0.00000000,False
2022-07-14 21:00:00,6144.13000000,15439.78000000,5454.89000000,0.00000000,False
2022-07-14 21:05:00,6155.67000000,15461.55000000,5454.10000000,0.00000000,False
2022-07-14 21:10:00,6002.00000000,15169.85000000,5657.22000000,0.00000000,False
2022-07-14 21:15:00,5922.75000000,15107.36000000,5658.26000000,0.00000000,False
2022-07-14 21:20:00,5823.75000000,14907.69000000,5657.70000000,0.00000000,False
2022-07-14 21:25:00,5758.79000000,14933.09000000,5658.44000000,0.00000000,False
2022-07-14 21:30:00,6016.04000000,15445.97000000,5544.92000000,0.00000000,False
2022-07-14 21:35:00,6074.35000000,15617.60000000,5544.39000000,0.00000000,False
2022-07-14 21:40:00,5982.44000000,15391.60000000,5648.98000000,0.00000000,False
2022-07-14 21:45:00,5964.21000000,15501.09000000,5650.21000000,0.00000000,False
2022-07-14 21:50:00,6091.78000000,15914.19000000,5649.63000000,0.00000000,False
2022-07-14 21:55:00,6216.07000000,16124.14000000,5648.24000000,0.00000000,False
2022-07-14 22:00:00,6162.09000000,15718.78000000,6145.99000000,0.00000000,False
2022-07-14 22:05:00,6200.17000000,15849.75000000,6148.71000000,0.00000000,False
2022-07-14 22:10:00,6382.70000000,16119.92000000,6343.23000000,0.00000000,False
2022-07-14 22:15:00,6483.32000000,16188.97000000,6648.53000000,0.00000000,False
2022-07-14 22:20:00,6455.01000000,16071.28000000,6647.72000000,0.00000000,False
2022-07-14 22:25:00,6422.02000000,16132.25000000,6648.04000000,0.00000000,False
2022-07-14 22:30:00,6454.29000000,16142.86000000,6647.87000000,0.00000000,False
2022-07-14 22:35:00,6496.58000000,16218.43000000,6646.99000000,0.00000000,False
2022-07-14 22:40:00,6519.32000000,16339.80000000,6647.00000000,0.00000000,False
2022-07-14 22:45:00,6521.15000000,16346.69000000,6648.18000000,0.00000000,False
2022-07-14 22:50:00,6536.22000000,16445.29000000,6648.25000000,0.00000000,False
2022-07-14 22:55:00,6507.73000000,16356.71000000,6870.59000000,0.00000000,False
2022-07-14 23:00:00,6556.56000000,16514.31000000,6901.76000000,0.00000000,False
2022-07-14 23:05:00,6454.03000000,16231.01000000,6901.30000000,0.00000000,False
2022-07-14 23:10:00,6459.61000000,16275.29000000,6901.10000000,0.00000000,False
2022-07-14 23:15:00,6437.55000000,16233.81000000,7128.70000000,0.00000000,False
2022-07-14 23:20:00,6424.63000000,16320.87000000,7072.89000000,0.00000000,False
2022-07-14 23:25:00,6581.89000000,16689.42000000,7073.57000000,0.00000000,False
2022-07-14 23:30:00,6538.73000000,16706.78000000,7073.31000000,0.00000000,False
2022-07-14 23:35:00,6525.38000000,16537.94000000,7074.51000000,0.00000000,False
2022-07-14 23:40:00,6552.03000000,16591.14000000,7071.42000000,0.00000000,False
2022-07-14 23:45:00,6531.06000000,16530.68000000,7071.42000000,0.00000000,False
2022-07-14 23:50:00,6630.92000000,16618.14000000,6879.17000000,0.00000000,False
2022-07-14 23:55:00,6651.91000000,16804.76000000,6879.03000000,0.00000000,False
