batch,stamp,repeat,prc_mw,rtolcap_mw,rtoffcap_mw,rtordpa,slot
6514887,2022-07-09 00:00:20,N,5512.48,14964.23,5786.76,0.0,2022-07-09 00:00:00
6514894,2022-07-09 00:05:15,N,5514.51,15076.29,5790.48,0.0,2022-07-09 00:05:00
6514896,2022-07-09 00:10:14,N,5577.39,15001.99,5790.59,0.0,2022-07-09 00:10:00
6514898,2022-07-09 00:11:26,N,5493.69,14618.1,5840.15,0.0,2022-07-09 00:10:00
6514899,2022-07-09 00:15:16,N,5434.31,14811.47,5840.38,0.0,2022-07-09 00:15:00
6514903,2022-07-09 00:20:15,N,5562.67,15281.99,5890.26,0.0,2022-07-09 00:20:00
6514905,2022-07-09 00:25:14,N,6027.97,15784.45,5940.17,0.0,2022-07-09 00:25:00
6514907,2022-07-09 00:30:15,N,6314.75,16180.6,5990.0,0.0,2022-07-09 00:30:00
6514911,2022-07-09 00:35:14,N,6351.65,16184.18,5990.21,0.0,2022-07-09 00:35:00
6514913,2022-07-09 00:40:15,N,6397.69,16251.32,5990.25,0.0,2022-07-09 00:40:00
6514915,2022-07-09 00:45:13,N,6412.85,16262.47,5990.38,0.0,2022-07-09 00:45:00
6514919,2022-07-09 00:50:15,N,6316.69,16195.77,5990.26,0.0,2022-07-09 00:50:00
6514921,2022-07-09 00:55:15,N,6410.76,16441.46,5990.16,0.0,2022-07-09 00:55:00
6514925,2022-07-09 01:00:19,N,6671.79,17523.53,6023.03,0.0,2022-07-09 01:00:00
6514932,2022-07-09 01:05:19,N,6743.55,17618.52,6025.07,0.0,2022-07-09 01:05:00
6514935,2022-07-09 01:10:13,N,6950.61,17940.5,6025.08,0.0,2022-07-09 01:10:00
6514937,2022-07-09 01:15:14,N,6974.84,18059.28,6025.22,0.0,2022-07-09 01:15:00
6514941,2022-07-09 01:20:13,N,6973.96,17939.63,6025.04,0.0,2022-07-09 01:20:00
6514943,2022-07-09 01:25:14,N,6996.55,17838.67,6024.96,0.0,2022-07-09 01:25:00
6514947,2022-07-09 01:30:33,N,6898.97,17805.1,6024.93,0.0,2022-07-09 01:30:00
6514949,2022-07-09 01:35:15,N,6841.64,17741.04,6024.94,0.0,2022-07-09 01:35:00
6514951,2022-07-09 01:40:14,N,6841.14,17777.72,6025.04,0.0,2022-07-09 01:40:00
6514953,2022-07-09 01:45:14,N,6792.73,17641.9,6025.08,0.0,2022-07-09 01:45:00
6514957,2022-07-09 01:50:14,N,6764.0,17547.85,6025.06,0.0,2022-07-09 01:50:00
6514959,2022-07-09 01:55:14,N,6746.7,17457.34,6025.01,0.0,2022-07-09 01:55:00
6514964,2022-07-09 02:00:19,N,6724.86,17388.3,6036.18,0.0,2022-07-09 02:00:00
6514971,2022-07-09 02:05:15,N,6678.17,17312.13,6037.96,0.0,2022-07-09 02:05:00
6514973,2022-07-09 02:10:16,N,6637.63,16970.05,6085.3,0.0,2022-07-09 02:10:00
6514975,2022-07-09 02:15:15,N,6667.04,17246.06,6085.5,0.0,2022-07-09 02:15:00
6514979,2022-07-09 02:20:13,N,6706.57,17355.4,6085.64,0.0,2022-07-09 02:20:00
6514981,2022-07-09 02:25:15,N,6566.3,17134.2,6085.59,0.0,2022-07-09 02:25:00
6514983,2022-07-09 02:30:15,N,6683.85,17206.59,6130.85,0.0,2022-07-09 02:30:00
6514987,2022-07-09 02:35:14,N,6672.32,17278.64,6130.88,0.0,2022-07-09 02:35:00
6514989,2022-07-09 02:40:15,N,6675.82,17272.3,6130.71,0.0,2022-07-09 02:40:00
6514991,2022-07-09 02:45:12,N,6756.71,17549.19,6130.76,0.0,2022-07-09 02:45:00
6514995,2022-07-09 02:50:12,N,6689.63,17370.07,6130.9,0.0,2022-07-09 02:50:00
6514997,2022-07-09 02:55:11,N,6659.54,17133.38,6130.84,0.0,2022-07-09 02:55:00
6515000,2022-07-09 03:00:15,N,6770.86,17624.41,6053.46,0.0,2022-07-09 03:00:00
6515008,2022-07-09 03:05:11,N,6745.22,17509.87,6053.49,0.0,2022-07-09 03:05:00
6515010,2022-07-09 03:10:10,N,6692.87,17274.55,6053.48,0.0,2022-07-09 03:10:00
6515012,2022-07-09 03:15:12,N,6599.88,17160.57,6053.51,0.0,2022-07-09 03:15:00
6515016,2022-07-09 03:20:10,N,6634.99,17252.67,6053.64,0.0,2022-07-09 03:20:00
6515018,2022-07-09 03:25:10,N,6618.4,17248.86,6053.72,0.0,2022-07-09 03:25:00
6515020,2022-07-09 03:30:10,N,6587.35,17216.4,6053.75,0.0,2022-07-09 03:30:00
6515024,2022-07-09 03:35:11,N,6468.98,16873.04,6053.62,0.0,2022-07-09 03:35:00
6515026,2022-07-09 03:40:12,N,6275.31,16483.0,6053.59,0.0,2022-07-09 03:40:00
6515028,2022-07-09 03:45:13,N,6173.14,16282.77,6053.7,0.0,2022-07-09 03:45:00
6515032,2022-07-09 03:50:13,N,6124.68,16212.97,6053.7,0.0,2022-07-09 03:50:00
6515034,2022-07-09 03:55:12,N,6110.69,16302.32,6053.67,0.0,2022-07-09 03:55:00
6515038,2022-07-09 04:00:17,N,6149.53,16429.49,6056.13,0.0,2022-07-09 04:00:00
6515045,2022-07-09 04:05:11,N,6087.68,16312.54,6051.91,0.0,2022-07-09 04:05:00
6515047,2022-07-09 04:10:10,N,6052.62,16331.74,6052.02,0.0,2022-07-09 04:10:00
6515049,2022-07-09 04:15:12,N,5978.19,16061.82,6052.15,0.0,2022-07-09 04:15:00
6515053,2022-07-09 04:20:10,N,5845.17,16005.86,6052.18,0.0,2022-07-09 04:20:00
6515055,2022-07-09 04:25:12,N,5964.39,16159.58,6052.17,0.0,2022-07-09 04:25:00
6515057,2022-07-09 04:30:17,N,5953.48,16105.1,6052.03,0.0,2022-07-09 04:30:00
6515061,2022-07-09 04:35:11,N,5922.6,16079.98,6052.05,0.0,2022-07-09 04:35:00
6515063,2022-07-09 04:40:11,N,5960.74,16072.16,6052.08,0.0,2022-07-09 04:40:00
6515065,2022-07-09 04:45:10,N,5976.3,15893.5,6052.14,0.0,2022-07-09 04:45:00
6515069,2022-07-09 04:50:12,N,5849.53,15996.53,6052.15,0.0,2022-07-09 04:50:00
6515071,2022-07-09 04:55:11,N,5908.97,16101.42,6051.96,0.0,2022-07-09 04:55:00
6515075,2022-07-09 05:00:13,N,6032.08,16290.3,6066.51,0.0,2022-07-09 05:00:00
6515082,2022-07-09 05:05:11,N,5986.85,16151.28,6066.74,0.0,2022-07-09 05:05:00
6515084,2022-07-09 05:10:10,N,6070.83,16195.28,6066.76,0.0,2022-07-09 05:10:00
6515086,2022-07-09 05:15:10,N,6211.97,16396.89,6066.89,0.0,2022-07-09 05:15:00
6515090,2022-07-09 05:20:10,N,6173.14,16379.58,6076.05,0.0,2022-07-09 05:20:00
6515093,2022-07-09 05:25:11,N,6096.46,16289.58,6075.76,0.0,2022-07-09 05:25:00
6515095,2022-07-09 05:30:10,N,6075.34,16277.84,6075.77,0.0,2022-07-09 05:30:00
6515099,2022-07-09 05:35:13,N,6019.8,16272.0,6075.96,0.0,2022-07-09 05:35:00
6515101,2022-07-09 05:40:11,N,6151.51,16413.7,6075.94,0.0,2022-07-09 05:40:00
6515103,2022-07-09 05:45:11,N,6319.7,16739.6,6075.94,0.0,2022-07-09 05:45:00
6515107,2022-07-09 05:50:13,N,6383.28,16711.43,6075.94,0.0,2022-07-09 05:50:00
6515109,2022-07-09 05:55:11,N,6307.88,16636.98,6075.86,0.0,2022-07-09 05:55:00
6515114,2022-07-09 06:00:13,N,6306.93,16424.56,6291.45,0.0,2022-07-09 06:00:00
6515120,2022-07-09 06:05:11,N,6246.02,16252.5,6240.52,0.0,2022-07-09 06:05:00
6515122,2022-07-09 06:10:10,N,6341.44,16321.39,6243.63,0.0,2022-07-09 06:10:00
6515124,2022-07-09 06:15:11,N,6494.82,16698.02,6243.68,0.0,2022-07-09 06:15:00
6515128,2022-07-09 06:20:11,N,6554.43,16877.96,6243.67,0.0,2022-07-09 06:20:00
6515130,2022-07-09 06:25:10,N,6545.73,16605.76,6243.98,0.0,2022-07-09 06:25:00
6515132,2022-07-09 06:30:11,N,6483.43,16419.94,6243.26,0.0,2022-07-09 06:30:00
6515136,2022-07-09 06:35:14,N,6525.39,16940.96,6243.83,0.0,2022-07-09 06:35:00
6515138,2022-07-09 06:40:10,N,6693.06,17280.39,6242.33,0.0,2022-07-09 06:40:00
6515140,2022-07-09 06:45:10,N,6760.61,17319.8,6242.39,0.0,2022-07-09 06:45:00
6515144,2022-07-09 06:50:13,N,6733.04,17436.41,6243.4,0.0,2022-07-09 06:50:00
6515146,2022-07-09 06:55:10,N,6815.34,17352.18,6241.94,0.0,2022-07-09 06:55:00
6515151,2022-07-09 07:00:15,N,6733.28,17143.17,6243.45,0.0,2022-07-09 07:00:00
6515157,2022-07-09 07:05:13,N,6616.63,17142.51,6244.01,0.0,2022-07-09 07:05:00
6515159,2022-07-09 07:10:10,N,6613.7,17131.38,6245.02,0.0,2022-07-09 07:10:00
6515161,2022-07-09 07:15:10,N,6594.81,17037.56,6244.63,0.0,2022-07-09 07:15:00
6515165,2022-07-09 07:20:13,N,6618.67,17216.76,6246.05,0.0,2022-07-09 07:20:00
6515167,2022-07-09 07:25:11,N,6749.11,17393.31,6246.22,0.0,2022-07-09 07:25:00
6515169,2022-07-09 07:30:12,N,6824.35,17463.89,6244.77,0.0,2022-07-09 07:30:00
6515173,2022-07-09 07:35:13,N,6811.73,17511.86,6246.15,0.0,2022-07-09 07:35:00
6515175,2022-07-09 07:40:11,N,6872.13,17408.54,6246.12,0.0,2022-07-09 07:40:00
6515177,2022-07-09 07:45:10,N,6807.45,17285.93,6245.93,0.0,2022-07-09 07:45:00
6515181,2022-07-09 07:50:11,N,6883.19,17503.81,6246.15,0.0,2022-07-09 07:50:00
6515183,2022-07-09 07:55:11,N,6837.54,17200.77,6246.02,0.0,2022-07-09 07:55:00
6515188,2022-07-09 08:00:15,N,6697.41,16990.22,6227.63,0.0,2022-07-09 08:00:00
6515194,2022-07-09 08:05:12,N,6541.5,16839.12,6231.21,0.0,2022-07-09 08:05:00
6515196,2022-07-09 08:10:11,N,6545.69,16599.84,6231.09,0.0,2022-07-09 08:10:00
6515198,2022-07-09 08:15:10,N,6493.72,16507.12,6231.22,0.0,2022-07-09 08:15:00
6515202,2022-07-09 08:20:11,N,6479.99,16635.73,6231.35,0.0,2022-07-09 08:20:00
6515204,2022-07-09 08:25:11,N,6463.47,16440.49,6230.99,0.0,2022-07-09 08:25:00
6515206,2022-07-09 08:30:11,N,6364.45,16217.64,6231.35,0.0,2022-07-09 08:30:00
6515210,2022-07-09 08:35:12,N,6375.69,16447.0,6231.21,0.0,2022-07-09 08:35:00
6515212,2022-07-09 08:40:10,N,6294.46,16099.78,6230.59,0.0,2022-07-09 08:40:00
6515214,2022-07-09 08:45:10,N,6292.17,16081.91,6230.92,0.0,2022-07-09 08:45:00
6515218,2022-07-09 08:50:10,N,6224.35,15999.92,6231.29,0.0,2022-07-09 08:50:00
6515220,2022-07-09 08:55:10,N,6111.05,15622.64,6230.42,0.0,2022-07-09 08:55:00
6515225,2022-07-09 09:00:13,N,6057.47,15761.06,5956.79,0.0,2022-07-09 09:00:00
6515231,2022-07-09 09:05:11,N,5798.36,15592.3,5958.5,0.0,2022-07-09 09:05:00
6515233,2022-07-09 09:10:11,N,5569.88,15128.77,5959.33,0.0,2022-07-09 09:10:00
6515235,2022-07-09 09:15:10,N,5295.22,14917.32,5901.08,0.0,2022-07-09 09:15:00
6515239,2022-07-09 09:20:11,N,5313.28,14924.49,5901.39,0.0,2022-07-09 09:20:00
6515241,2022-07-09 09:25:11,N,5407.14,15067.17,5957.22,0.0,2022-07-09 09:25:00
6515243,2022-07-09 09:30:14,N,5442.47,14933.14,5959.63,0.0,2022-07-09 09:30:00
6515247,2022-07-09 09:35:15,N,5231.27,14230.67,5955.86,0.0,2022-07-09 09:35:00
6515249,2022-07-09 09:40:13,N,4837.9,13231.52,5954.04,0.0,2022-07-09 09:40:00
6515251,2022-07-09 09:45:14,N,4737.74,12711.16,5960.11,0.0,2022-07-09 09:45:00
6515255,2022-07-09 09:50:13,N,4691.63,12334.44,5960.61,0.0,2022-07-09 09:50:00
6515257,2022-07-09 09:55:14,N,4654.9,11846.17,5957.92,0.0,2022-07-09 09:55:00
6515261,2022-07-09 10:00:18,N,4604.68,11514.71,5585.52,0.0,2022-07-09 10:00:00
6515271,2022-07-09 10:05:18,N,4429.63,11286.61,5597.42,0.0,2022-07-09 10:05:00
6515273,2022-07-09 10:10:14,N,4250.2,10887.7,5591.52,0.0,2022-07-09 10:10:00
6515275,2022-07-09 10:15:15,N,4164.61,10500.72,5590.68,0.0,2022-07-09 10:15:00
6515279,2022-07-09 10:20:19,N,4173.84,10531.16,5402.1,0.0,2022-07-09 10:20:00
6515281,2022-07-09 10:25:13,N,4042.31,9946.98,5401.31,0.0,2022-07-09 10:25:00
6515283,2022-07-09 10:30:13,N,3984.85,9622.89,5401.07,0.0,2022-07-09 10:30:00
6515287,2022-07-09 10:35:16,N,3777.71,9340.65,5192.43,0.0,2022-07-09 10:35:00
6515289,2022-07-09 10:40:13,N,3785.04,9228.73,5188.6,0.0,2022-07-09 10:40:00
6515291,2022-07-09 10:45:14,N,3669.19,8740.57,5191.87,0.0,2022-07-09 10:45:00
6515295,2022-07-09 10:50:16,N,3618.79,8584.61,4786.79,0.0,2022-07-09 10:50:00
6515297,2022-07-09 10:55:13,N,3694.95,8697.15,4260.96,0.0,2022-07-09 10:55:00
6515302,2022-07-09 11:00:18,N,3825.95,9087.69,3988.05,0.4492,2022-07-09 11:00:00
6515308,2022-07-09 11:05:16,N,4024.7,9470.31,3442.71,0.9285,2022-07-09 11:05:00
6515310,2022-07-09 11:10:15,N,4009.13,9019.19,3400.93,0.0,2022-07-09 11:10:00
6515312,2022-07-09 11:15:14,N,3983.38,8410.52,3350.21,0.0,2022-07-09 11:15:00
6515316,2022-07-09 11:20:14,N,3802.4,7940.22,3256.43,0.0,2022-07-09 11:20:00
6515318,2022-07-09 11:25:13,N,3677.12,7658.84,3137.61,0.0,2022-07-09 11:25:00
6515320,2022-07-09 11:30:15,N,3633.57,7673.76,3045.91,0.0,2022-07-09 11:30:00
6515324,2022-07-09 11:35:13,N,3674.98,7765.21,2639.91,0.0,2022-07-09 11:35:00
6515326,2022-07-09 11:40:14,N,3776.68,8017.93,2108.31,2.2849,2022-07-09 11:40:00
6515328,2022-07-09 11:45:14,N,3920.45,8188.53,2099.61,2.0863,2022-07-09 11:45:00
6515332,2022-07-09 11:50:15,N,3926.71,8320.91,2043.8,0.0,2022-07-09 11:50:00
6515334,2022-07-09 11:55:14,N,3974.65,9043.19,2040.6,0.0,2022-07-09 11:55:00
6515339,2022-07-09 12:00:21,N,3757.51,7679.86,1981.6,0.0001,2022-07-09 12:00:00
6515345,2022-07-09 12:05:14,N,3631.94,7190.31,1973.3,0.0,2022-07-09 12:05:00
6515347,2022-07-09 12:10:15,N,3503.89,6988.73,1874.8,0.0,2022-07-09 12:10:00
6515349,2022-07-09 12:15:14,N,3380.68,6558.01,1831.2,0.0,2022-07-09 12:15:00
6515353,2022-07-09 12:20:15,N,3346.55,6297.09,1826.6,0.0,2022-07-09 12:20:00
6515355,2022-07-09 12:25:13,N,3328.16,6211.99,1608.5,0.0,2022-07-09 12:25:00
6515357,2022-07-09 12:30:14,N,3527.46,6279.16,1462.3,0.0,2022-07-09 12:30:00
6515361,2022-07-09 12:35:14,N,3598.62,6567.57,1462.3,0.0,2022-07-09 12:35:00
6515363,2022-07-09 12:40:14,N,3575.16,6472.3,1462.3,0.0,2022-07-09 12:40:00
6515365,2022-07-09 12:45:13,N,3422.48,6032.03,1432.23,0.0,2022-07-09 12:45:00
6515369,2022-07-09 12:50:14,N,3322.68,5632.85,1334.23,0.0,2022-07-09 12:50:00
6515371,2022-07-09 12:55:15,N,3347.52,5686.92,1266.3,0.0,2022-07-09 12:55:00
6515376,2022-07-09 13:00:20,N,3410.55,6897.48,1083.3,0.0,2022-07-09 13:00:00
6515382,2022-07-09 13:05:14,N,3550.77,6859.82,886.9,0.0,2022-07-09 13:05:00
6515384,2022-07-09 13:10:13,N,3474.33,6662.21,819.3,0.0,2022-07-09 13:10:00
6515386,2022-07-09 13:15:14,N,3566.43,6645.24,819.3,0.0,2022-07-09 13:15:00
6515390,2022-07-09 13:20:16,N,3473.03,6645.22,885.97,0.0,2022-07-09 13:20:00
6515392,2022-07-09 13:25:13,N,3428.78,6257.66,885.97,0.0,2022-07-09 13:25:00
6515394,2022-07-09 13:30:15,N,3385.13,6273.04,819.3,0.0,2022-07-09 13:30:00
6515398,2022-07-09 13:35:16,N,3311.95,6258.12,887.24,0.0,2022-07-09 13:35:00
6515400,2022-07-09 13:40:14,N,3407.13,6452.04,887.24,2.3108,2022-07-09 13:40:00
6515402,2022-07-09 13:45:13,N,3332.78,6289.19,819.3,0.0,2022-07-09 13:45:00
6515406,2022-07-09 13:50:14,N,3235.42,5815.97,885.22,0.0,2022-07-09 13:50:00
6515408,2022-07-09 13:55:16,N,3143.65,5534.92,819.3,0.0,2022-07-09 13:55:00
6515414,2022-07-09 14:00:18,N,3371.85,5920.86,597.3,0.0,2022-07-09 14:00:00
6515420,2022-07-09 14:05:15,N,3423.27,6094.83,515.17,3.6075,2022-07-09 14:05:00
6515422,2022-07-09 14:10:15,N,3421.32,5900.4,581.04,9.8398,2022-07-09 14:10:00
6515424,2022-07-09 14:15:16,N,3333.27,5744.06,513.77,0.0,2022-07-09 14:15:00
6515428,2022-07-09 14:20:17,N,3234.16,5666.11,436.77,0.0,2022-07-09 14:20:00
6515430,2022-07-09 14:25:13,N,3221.89,5390.52,436.77,0.0,2022-07-09 14:25:00
6515434,2022-07-09 14:30:14,N,3191.79,5289.05,436.77,0.0,2022-07-09 14:30:00
6515442,2022-07-09 14:35:16,N,3220.42,5535.71,370.9,68.1497,2022-07-09 14:35:00
6515444,2022-07-09 14:40:15,N,3184.85,5452.78,352.9,6.8434,2022-07-09 14:40:00
6515446,2022-07-09 14:45:14,N,3189.05,5588.43,352.9,27.2194,2022-07-09 14:45:00
6515450,2022-07-09 14:50:15,N,3307.94,5913.37,352.9,24.9693,2022-07-09 14:50:00
6515452,2022-07-09 14:55:14,N,3217.76,5515.1,352.9,3.5622,2022-07-09 14:55:00
6515456,2022-07-09 15:00:23,N,3065.88,4975.31,352.93,0.0,2022-07-09 15:00:00
6515463,2022-07-09 15:05:15,N,3218.71,5397.0,244.4,0.0,2022-07-09 15:05:00
6515465,2022-07-09 15:10:14,N,3055.8,5153.04,136.0,0.0,2022-07-09 15:10:00
6515467,2022-07-09 15:15:16,N,2953.97,4785.66,484.0,0.0,2022-07-09 15:15:00
6515471,2022-07-09 15:17:03,N,2926.57,4359.16,484.0,0.0,2022-07-09 15:15:00
6515472,2022-07-09 15:20:13,N,2921.48,4168.62,484.0,0.0,2022-07-09 15:20:00
6515474,2022-07-09 15:25:14,N,2903.19,3948.12,484.0,0.0,2022-07-09 15:25:00
6515476,2022-07-09 15:27:29,N,2980.09,4136.9,348.0,0.0,2022-07-09 15:25:00
6515477,2022-07-09 15:30:16,N,3069.59,4315.63,348.0,0.0,2022-07-09 15:30:00
6515482,2022-07-09 15:35:16,N,3362.34,4555.83,0.0,0.0,2022-07-09 15:35:00
6515484,2022-07-09 15:40:15,N,3411.64,4959.86,0.0,25.4935,2022-07-09 15:40:00
6515486,2022-07-09 15:45:14,N,3458.11,4965.23,0.0,11.8608,2022-07-09 15:45:00
6515490,2022-07-09 15:50:16,N,3367.67,4266.51,136.0,0.0,2022-07-09 15:50:00
6515492,2022-07-09 15:55:17,N,3321.39,4227.28,136.0,0.0,2022-07-09 15:55:00
6515496,2022-07-09 16:00:20,N,3327.4,4282.33,135.0,0.0,2022-07-09 16:00:00
6515503,2022-07-09 16:05:16,N,3372.26,4493.22,135.0,71.3114,2022-07-09 16:05:00
6515505,2022-07-09 16:10:16,N,3288.66,4270.73,135.0,8.7488,2022-07-09 16:10:00
6515507,2022-07-09 16:15:16,N,3080.81,3717.69,135.0,0.0,2022-07-09 16:15:00
6515511,2022-07-09 16:16:47,N,3067.7,3717.1,135.0,0.0,2022-07-09 16:15:00
6515512,2022-07-09 16:20:17,N,3019.28,3508.89,135.0,0.0,2022-07-09 16:20:00
6515514,2022-07-09 16:25:14,N,2922.65,3667.58,135.0,0.0,2022-07-09 16:25:00
6515516,2022-07-09 16:30:17,N,2926.15,3660.43,135.0,0.0,2022-07-09 16:30:00
6515521,2022-07-09 16:35:17,N,3027.58,3666.71,135.0,0.0,2022-07-09 16:35:00
6515523,2022-07-09 16:40:16,N,2885.52,3411.41,135.0,0.0,2022-07-09 16:40:00
6515525,2022-07-09 16:45:16,N,2901.42,3501.15,135.0,0.0,2022-07-09 16:45:00
6515529,2022-07-09 16:50:17,N,2927.69,3607.25,135.0,0.0,2022-07-09 16:50:00
6515531,2022-07-09 16:55:18,N,2896.33,3642.21,135.0,0.0,2022-07-09 16:55:00
6515535,2022-07-09 17:00:21,N,3018.13,4032.37,136.0,0.8815,2022-07-09 17:00:00
6515542,2022-07-09 17:05:19,N,3216.01,4609.08,193.0,49.3003,2022-07-09 17:05:00
6515544,2022-07-09 17:10:18,N,3384.95,4980.91,193.0,39.387,2022-07-09 17:10:00
6515546,2022-07-09 17:15:19,N,3393.92,4640.44,193.0,30.7095,2022-07-09 17:15:00
6515550,2022-07-09 17:20:17,N,3328.88,4772.11,193.0,28.8199,2022-07-09 17:20:00
6515552,2022-07-09 17:25:17,N,3319.73,4620.1,193.0,4.3078,2022-07-09 17:25:00
6515554,2022-07-09 17:30:19,N,3347.93,4767.7,193.0,32.9234,2022-07-09 17:30:00
6515559,2022-07-09 17:35:17,N,3642.86,5235.56,193.0,50.591,2022-07-09 17:35:00
6515561,2022-07-09 17:39:02,N,3734.09,5208.89,193.0,0.0,2022-07-09 17:35:00
6515562,2022-07-09 17:40:16,N,3679.61,5144.47,193.0,0.0,2022-07-09 17:40:00
6515564,2022-07-09 17:42:25,N,3604.98,4990.04,207.3,5.2157,2022-07-09 17:40:00
6515565,2022-07-09 17:45:16,N,3509.49,4687.08,213.8,0.0,2022-07-09 17:45:00
6515569,2022-07-09 17:50:19,N,3373.37,4535.27,220.3,0.0,2022-07-09 17:50:00
6515571,2022-07-09 17:55:20,N,3332.75,4721.22,222.8,2.5846,2022-07-09 17:55:00
6515575,2022-07-09 18:00:22,N,3371.36,4840.25,167.7,32.1089,2022-07-09 18:00:00
6515582,2022-07-09 18:05:19,N,3360.86,4688.36,242.3,32.0602,2022-07-09 18:05:00
6515584,2022-07-09 18:10:20,N,3380.25,4685.96,235.0,2.7311,2022-07-09 18:10:00
6515586,2022-07-09 18:12:32,N,3331.3,4479.36,235.0,0.0,2022-07-09 18:10:00
6515587,2022-07-09 18:13:03,N,3336.42,4474.15,235.0,0.0,2022-07-09 18:10:00
6515588,2022-07-09 18:15:16,N,3331.12,4458.79,235.0,3.1493,2022-07-09 18:15:00
6515592,2022-07-09 18:20:19,N,3303.34,4607.01,235.0,0.7705,2022-07-09 18:20:00
6515594,2022-07-09 18:25:16,N,3410.6,4917.11,235.0,0.0,2022-07-09 18:25:00
6515596,2022-07-09 18:30:17,N,3565.5,5065.72,235.0,1.7569,2022-07-09 18:30:00
6515601,2022-07-09 18:35:19,N,3470.27,4704.73,235.0,0.0,2022-07-09 18:35:00
6515603,2022-07-09 18:40:15,N,3441.13,4854.15,235.0,9.4191,2022-07-09 18:40:00
6515605,2022-07-09 18:45:16,N,3505.84,4965.11,235.0,10.4371,2022-07-09 18:45:00
6515609,2022-07-09 18:50:18,N,3692.96,5458.09,235.0,34.3571,2022-07-09 18:50:00
6515611,2022-07-09 18:55:19,N,3675.49,5303.4,235.0,32.09,2022-07-09 18:55:00
6515615,2022-07-09 19:00:21,N,3587.85,5198.61,247.9,35.4572,2022-07-09 19:00:00
6515622,2022-07-09 19:05:19,N,3609.19,5267.6,240.0,31.5884,2022-07-09 19:05:00
6515624,2022-07-09 19:10:16,N,3734.35,5517.19,240.0,9.3954,2022-07-09 19:10:00
6515626,2022-07-09 19:15:16,N,3738.42,5529.2,240.0,8.7395,2022-07-09 19:15:00
6515630,2022-07-09 19:17:32,N,3701.37,5380.22,240.0,3.5042,2022-07-09 19:15:00
6515631,2022-07-09 19:20:17,N,3605.03,5346.61,240.0,0.0,2022-07-09 19:20:00
6515633,2022-07-09 19:21:54,N,3589.28,5230.81,239.4,0.0,2022-07-09 19:20:00
6515634,2022-07-09 19:25:16,N,3662.34,5253.77,238.9,0.0,2022-07-09 19:25:00
6515636,2022-07-09 19:30:15,N,3722.84,5790.96,240.0,0.0,2022-07-09 19:30:00
6515641,2022-07-09 19:35:18,N,3644.06,5886.98,240.0,30.5107,2022-07-09 19:35:00
6515643,2022-07-09 19:40:15,N,3730.15,5847.59,240.0,26.0419,2022-07-09 19:40:00
6515645,2022-07-09 19:45:15,N,3767.0,5794.74,244.9,3.9103,2022-07-09 19:45:00
6515649,2022-07-09 19:49:09,N,3635.83,5634.43,250.0,0.6759,2022-07-09 19:45:00
6515650,2022-07-09 19:50:18,N,3613.97,5494.11,250.0,0.0,2022-07-09 19:50:00
6515652,2022-07-09 19:55:16,N,3510.99,5149.02,249.2,0.0,2022-07-09 19:55:00
6515656,2022-07-09 20:00:22,N,3400.85,4999.8,431.3,0.0,2022-07-09 20:00:00
6515662,2022-07-09 20:01:29,N,3438.95,4971.99,428.0,0.0,2022-07-09 20:00:00
6515664,2022-07-09 20:05:19,N,3388.63,4802.16,428.3,0.0,2022-07-09 20:05:00
6515666,2022-07-09 20:06:09,N,3361.55,4819.63,426.7,0.0,2022-07-09 20:05:00
6515667,2022-07-09 20:10:16,N,3408.26,5037.51,427.4,0.0,2022-07-09 20:10:00
6515669,2022-07-09 20:15:17,N,3379.6,5080.07,427.6,0.0,2022-07-09 20:15:00
6515673,2022-07-09 20:20:16,N,3350.04,4823.24,384.1,0.0,2022-07-09 20:20:00
6515675,2022-07-09 20:25:17,N,3411.89,4948.03,340.2,0.0,2022-07-09 20:25:00
6515677,2022-07-09 20:30:17,N,3460.24,5213.69,250.7,0.0,2022-07-09 20:30:00
6515682,2022-07-09 20:35:18,N,3449.1,5187.19,250.6,4.8764,2022-07-09 20:35:00
6515684,2022-07-09 20:40:16,N,3341.03,5112.68,251.0,38.7845,2022-07-09 20:40:00
6515686,2022-07-09 20:45:16,N,3508.11,5047.54,251.0,0.532,2022-07-09 20:45:00
6515690,2022-07-09 20:50:18,N,3658.45,5411.72,251.0,10.2467,2022-07-09 20:50:00
6515692,2022-07-09 20:55:16,N,3829.43,5703.06,251.0,17.6068,2022-07-09 20:55:00
6515696,2022-07-09 21:00:22,N,3862.21,5817.38,257.3,7.4866,2022-07-09 21:00:00
6515703,2022-07-09 21:05:17,N,3865.82,5910.31,346.4,2.304,2022-07-09 21:05:00
6515705,2022-07-09 21:10:16,N,3875.23,6185.66,416.1,8.7114,2022-07-09 21:10:00
6515707,2022-07-09 21:15:16,N,3901.94,6280.27,438.0,2.839,2022-07-09 21:15:00
6515713,2022-07-09 21:20:16,N,3803.6,6242.9,437.6,8.8015,2022-07-09 21:20:00
6515715,2022-07-09 21:25:16,N,3778.84,6220.89,681.4,4.853,2022-07-09 21:25:00
6515717,2022-07-09 21:30:15,N,3741.69,6660.2,540.7,2.7958,2022-07-09 21:30:00
6515721,2022-07-09 21:35:16,N,3840.16,6816.62,682.7,3.9787,2022-07-09 21:35:00
6515723,2022-07-09 21:40:16,N,3950.43,6982.88,937.0,5.4694,2022-07-09 21:40:00
6515725,2022-07-09 21:44:34,N,3921.1,6552.73,1151.1,3.1736,2022-07-09 21:40:00
6515726,2022-07-09 21:45:16,N,3866.05,6423.47,1151.1,0.1696,2022-07-09 21:45:00
6515730,2022-07-09 21:46:51,N,3820.07,6333.58,1343.0,0.6347,2022-07-09 21:45:00
6515731,2022-07-09 21:50:15,N,3841.58,6425.25,1451.9,1.4493,2022-07-09 21:50:00
6515733,2022-07-09 21:55:17,N,3774.48,6404.8,1668.8,1.3452,2022-07-09 21:55:00
6515735,2022-07-09 21:56:09,N,3555.08,5550.15,1668.1,1.494,2022-07-09 21:55:00
6515739,2022-07-09 22:00:19,N,3383.29,5548.38,1743.7,29.0723,2022-07-09 22:00:00
6515745,2022-07-09 22:05:17,N,3320.24,5495.37,1847.69,0.0,2022-07-09 22:05:00
6515747,2022-07-09 22:06:28,N,3302.59,5347.23,1850.87,0.0,2022-07-09 22:05:00
6515748,2022-07-09 22:10:16,N,3260.09,5161.38,1976.17,0.0,2022-07-09 22:10:00
6515750,2022-07-09 22:11:07,N,3268.4,5134.73,2031.87,0.0,2022-07-09 22:10:00
6515751,2022-07-09 22:14:08,N,3303.58,5080.46,2357.75,8.1358,2022-07-09 22:10:00
6515752,2022-07-09 22:15:17,N,3292.42,5120.75,2357.05,8.1366,2022-07-09 22:15:00
6515756,2022-07-09 22:16:57,N,3280.44,5174.39,2636.6,7.3068,2022-07-09 22:15:00
6515757,2022-07-09 22:20:16,N,3305.48,5120.36,2638.4,5.6179,2022-07-09 22:20:00
6515759,2022-07-09 22:22:18,N,3304.81,5006.56,2695.01,0.0,2022-07-09 22:20:00
6515760,2022-07-09 22:25:14,N,3348.16,5217.88,2829.89,3.1626,2022-07-09 22:25:00
6515762,2022-07-09 22:27:24,N,3301.41,5029.9,2770.89,0.0,2022-07-09 22:25:00
6515763,2022-07-09 22:30:15,N,3349.19,5209.99,2827.98,2.2452,2022-07-09 22:30:00
6515767,2022-07-09 22:31:35,N,3388.24,5414.35,2775.58,14.0903,2022-07-09 22:30:00
6515768,2022-07-09 22:35:16,N,3370.57,5769.96,2774.36,0.4309,2022-07-09 22:35:00
6515770,2022-07-09 22:36:47,N,3326.16,5614.99,2773.56,1.0203,2022-07-09 22:35:00
6515771,2022-07-09 22:40:15,N,3436.82,5799.81,2774.56,0.0,2022-07-09 22:40:00
6515773,2022-07-09 22:45:15,N,3285.42,5491.3,2886.32,4.1684,2022-07-09 22:45:00
6515777,2022-07-09 22:50:16,N,3306.37,5526.56,2943.31,1.2402,2022-07-09 22:50:00
6515779,2022-07-09 22:53:02,N,3276.54,5551.64,2819.36,0.6883,2022-07-09 22:50:00
6515780,2022-07-09 22:55:15,N,3303.94,5559.33,2881.85,0.1543,2022-07-09 22:55:00
6515782,2022-07-09 22:56:31,N,3289.36,5524.67,2958.02,0.0,2022-07-09 22:55:00
6515786,2022-07-09 23:00:18,N,3386.51,6383.83,2808.93,0.0,2022-07-09 23:00:00
6515792,2022-07-09 23:05:14,N,3432.73,5962.98,2733.7,0.0,2022-07-09 23:05:00
6515794,2022-07-09 23:06:19,N,3464.14,6070.64,2512.76,0.0,2022-07-09 23:05:00
6515795,2022-07-09 23:10:15,N,3509.38,6339.11,2651.37,0.0,2022-07-09 23:10:00
6515797,2022-07-09 23:15:14,N,3467.69,6374.9,2786.77,0.0,2022-07-09 23:15:00
6515801,2022-07-09 23:17:20,N,3605.05,6594.08,2865.96,0.0,2022-07-09 23:15:00
6515802,2022-07-09 23:20:15,N,3534.57,6453.78,2645.46,0.0,2022-07-09 23:20:00
6515804,2022-07-09 23:25:14,N,3414.15,6450.97,2714.04,0.0,2022-07-09 23:25:00
6515806,2022-07-09 23:30:16,N,3515.5,6932.79,2888.51,0.0,2022-07-09 23:30:00
6515810,2022-07-09 23:35:14,N,3639.82,7320.41,2985.76,0.0,2022-07-09 23:35:00
6515812,2022-07-09 23:40:14,N,3695.54,7424.58,2839.16,0.0,2022-07-09 23:40:00
6515814,2022-07-09 23:45:14,N,3724.97,7606.29,3058.1,0.0,2022-07-09 23:45:00
6515818,2022-07-09 23:50:14,N,3913.58,8079.83,2842.76,0.0,2022-07-09 23:50:00
6515820,2022-07-09 23:55:14,N,3854.58,8197.85,2749.16,0.0,2022-07-09 23:55:00
6515824,2022-07-10 00:00:21,N,3856.56,8316.05,2934.5,0.0,2022-07-10 00:00:00
6515831,2022-07-10 00:05:15,N,3930.97,8389.65,3145.28,0.0,2022-07-10 00:05:00
6515833,2022-07-10 00:10:15,N,3927.97,8525.7,3386.38,0.0,2022-07-10 00:10:00
6515835,2022-07-10 00:15:14,N,3919.06,8752.08,3567.38,0.0,2022-07-10 00:15:00
6515839,2022-07-10 00:20:13,N,4014.27,8872.94,3670.48,0.0,2022-07-10 00:20:00
6515841,2022-07-10 00:25:15,N,4065.59,8954.93,3931.7,0.0,2022-07-10 00:25:00
6515843,2022-07-10 00:30:13,N,4113.39,9177.68,4166.45,0.0,2022-07-10 00:30:00
6515847,2022-07-10 00:35:16,N,4198.42,9348.73,4294.48,0.0,2022-07-10 00:35:00
6515849,2022-07-10 00:40:16,N,4169.45,9049.19,4553.94,0.0,2022-07-10 00:40:00
6515851,2022-07-10 00:45:14,N,4186.24,9383.18,4725.0,0.0,2022-07-10 00:45:00
6515855,2022-07-10 00:50:15,N,4302.95,9807.54,4856.63,0.0,2022-07-10 00:50:00
6515857,2022-07-10 00:55:16,N,4347.45,9944.43,4851.87,0.0,2022-07-10 00:55:00
6515860,2022-07-10 01:00:21,N,4218.05,9868.79,4976.98,0.0,2022-07-10 01:00:00
6515868,2022-07-10 01:05:15,N,4126.26,9825.49,5123.64,0.0,2022-07-10 01:05:00
6515871,2022-07-10 01:10:15,N,4117.18,10007.67,5126.77,0.0,2022-07-10 01:10:00
6515873,2022-07-10 01:15:14,N,4189.48,10086.87,5140.66,0.0,2022-07-10 01:15:00
6515877,2022-07-10 01:20:16,N,4169.07,9954.12,5147.25,0.0,2022-07-10 01:20:00
6515879,2022-07-10 01:25:14,N,4122.38,10000.2,5159.17,0.0,2022-07-10 01:25:00
6515881,2022-07-10 01:30:16,N,4129.17,10240.48,5164.11,0.0,2022-07-10 01:30:00
6515885,2022-07-10 01:35:16,N,4391.24,10694.21,5163.37,0.0,2022-07-10 01:35:00
6515887,2022-07-10 01:40:14,N,4671.8,11398.36,5164.12,0.0,2022-07-10 01:40:00
6515889,2022-07-10 01:45:14,N,4688.47,11142.83,5306.71,0.0,2022-07-10 01:45:00
6515893,2022-07-10 01:50:15,N,4687.34,11168.58,5398.67,0.0,2022-07-10 01:50:00
6515895,2022-07-10 01:55:14,N,4823.25,11634.49,5450.53,0.0,2022-07-10 01:55:00
6515898,2022-07-10 02:00:20,N,4698.09,11510.59,5408.6,0.0,2022-07-10 02:00:00
6515906,2022-07-10 02:05:17,N,4542.23,11391.44,5417.05,0.0,2022-07-10 02:05:00
6515908,2022-07-10 02:10:15,N,4591.72,11614.25,5631.6,0.0,2022-07-10 02:10:00
6515910,2022-07-10 02:15:14,N,4625.64,11650.07,5692.17,0.0,2022-07-10 02:15:00
6515914,2022-07-10 02:20:15,N,4617.66,11714.39,5791.79,0.0,2022-07-10 02:20:00
6515916,2022-07-10 02:25:15,N,4570.53,11738.93,5745.1,0.0,2022-07-10 02:25:00
6515918,2022-07-10 02:30:13,N,4640.66,11954.28,5744.13,0.0,2022-07-10 02:30:00
6515922,2022-07-10 02:35:15,N,4656.04,12211.05,5828.22,0.0,2022-07-10 02:35:00
6515924,2022-07-10 02:40:14,N,4693.43,12255.38,5828.83,0.0,2022-07-10 02:40:00
6515926,2022-07-10 02:45:13,N,4678.37,12312.22,5884.6,0.0,2022-07-10 02:45:00
6515930,2022-07-10 02:50:14,N,4781.33,12563.01,5883.92,0.0,2022-07-10 02:50:00
6515932,2022-07-10 02:55:14,N,4785.12,12560.15,5884.47,0.0,2022-07-10 02:55:00
6515935,2022-07-10 03:00:18,N,4919.91,13051.92,6210.17,0.0,2022-07-10 03:00:00
6515943,2022-07-10 03:05:15,N,4964.95,13087.06,6213.79,0.0,2022-07-10 03:05:00
6515945,2022-07-10 03:10:14,N,5065.46,13218.61,6208.03,0.0,2022-07-10 03:10:00
6515947,2022-07-10 03:15:14,N,5179.92,13331.87,6208.36,0.0,2022-07-10 03:15:00
6515951,2022-07-10 03:20:14,N,5232.99,13540.78,6207.73,0.0,2022-07-10 03:20:00
6515953,2022-07-10 03:25:15,N,5228.03,13622.24,6207.9,0.0,2022-07-10 03:25:00
6515955,2022-07-10 03:30:13,N,5261.03,13777.62,6207.54,0.0,2022-07-10 03:30:00
6515959,2022-07-10 03:35:15,N,5245.48,13763.14,6207.92,0.0,2022-07-10 03:35:00
6515961,2022-07-10 03:40:16,N,5243.0,13772.25,6208.11,0.0,2022-07-10 03:40:00
6515963,2022-07-10 03:45:15,N,5322.67,13995.82,6208.37,0.0,2022-07-10 03:45:00
6515967,2022-07-10 03:50:15,N,5378.06,14250.85,6208.19,0.0,2022-07-10 03:50:00
6515969,2022-07-10 03:55:16,N,5435.77,14409.17,6207.03,0.0,2022-07-10 03:55:00
6515972,2022-07-10 04:00:19,N,5479.77,14510.21,6207.9,0.0,2022-07-10 04:00:00
6515980,2022-07-10 04:05:19,N,5341.24,14214.06,6207.0,0.0,2022-07-10 04:05:00
6515982,2022-07-10 04:10:14,N,5391.99,14236.86,6208.84,0.0,2022-07-10 04:10:00
6515984,2022-07-10 04:15:14,N,5490.98,14486.5,6159.09,0.0,2022-07-10 04:15:00
6515988,2022-07-10 04:20:15,N,5495.48,14708.37,6159.06,0.0,2022-07-10 04:20:00
6515990,2022-07-10 04:25:15,N,5576.06,14961.17,6159.05,0.0,2022-07-10 04:25:00
6515992,2022-07-10 04:30:14,N,5611.92,15076.64,6158.14,0.0,2022-07-10 04:30:00
6515996,2022-07-10 04:35:15,N,5532.75,14990.94,6158.7,0.0,2022-07-10 04:35:00
6515998,2022-07-10 04:40:14,N,5633.05,15143.7,6158.34,0.0,2022-07-10 04:40:00
6516000,2022-07-10 04:45:13,N,5703.03,15261.33,6159.03,0.0,2022-07-10 04:45:00
6516004,2022-07-10 04:50:13,N,5705.01,15401.51,6158.66,0.0,2022-07-10 04:50:00
6516006,2022-07-10 04:55:14,N,5710.38,15299.5,6157.54,0.0,2022-07-10 04:55:00
6516009,2022-07-10 05:00:18,N,5653.89,14964.6,6218.97,0.0,2022-07-10 05:00:00
6516017,2022-07-10 05:05:14,N,5490.51,14836.86,6219.65,0.0,2022-07-10 05:05:00
6516019,2022-07-10 05:10:13,N,5443.3,14592.65,6220.23,0.0,2022-07-10 05:10:00
6516021,2022-07-10 05:15:13,N,5529.19,14636.77,6224.47,0.0,2022-07-10 05:15:00
6516025,2022-07-10 05:20:14,N,5545.59,14763.41,6227.44,0.0,2022-07-10 05:20:00
6516028,2022-07-10 05:25:14,N,5562.98,14718.14,6228.46,0.0,2022-07-10 05:25:00
6516030,2022-07-10 05:30:14,N,5566.88,14496.48,6227.54,0.0,2022-07-10 05:30:00
6516034,2022-07-10 05:35:14,N,5463.79,14594.69,6227.25,0.0,2022-07-10 05:35:00
6516036,2022-07-10 05:40:15,N,5454.09,14581.81,6227.71,0.0,2022-07-10 05:40:00
6516038,2022-07-10 05:45:14,N,5414.79,14482.61,6227.58,0.0,2022-07-10 05:45:00
6516042,2022-07-10 05:50:14,N,5436.25,14651.94,6226.87,0.0,2022-07-10 05:50:00
6516044,2022-07-10 05:55:15,N,5400.82,14581.02,6228.19,0.0,2022-07-10 05:55:00
6516049,2022-07-10 06:00:20,N,5456.98,14546.91,6261.59,0.0,2022-07-10 06:00:00
6516055,2022-07-10 06:05:15,N,5458.33,14758.59,6261.47,0.0,2022-07-10 06:05:00
6516057,2022-07-10 06:10:15,N,5501.93,14763.2,6260.15,0.0,2022-07-10 06:10:00
6516059,2022-07-10 06:15:14,N,5496.62,14774.36,6262.62,0.0,2022-07-10 06:15:00
6516063,2022-07-10 06:20:15,N,5511.67,14909.79,6260.79,0.0,2022-07-10 06:20:00
6516065,2022-07-10 06:25:14,N,5615.69,15059.96,6260.62,0.0,2022-07-10 06:25:00
6516067,2022-07-10 06:30:14,N,5689.24,15250.75,6261.64,0.0,2022-07-10 06:30:00
6516071,2022-07-10 06:35:17,N,5563.56,14894.15,6261.62,0.0,2022-07-10 06:35:00
6516073,2022-07-10 06:40:16,N,5774.08,15174.44,6261.22,0.0,2022-07-10 06:40:00
6516075,2022-07-10 06:45:14,N,5851.37,15243.44,6259.06,0.0,2022-07-10 06:45:00
6516079,2022-07-10 06:50:15,N,5813.5,15183.62,6262.75,0.0,2022-07-10 06:50:00
6516081,2022-07-10 06:55:15,N,5774.4,15079.81,6262.46,0.0,2022-07-10 06:55:00
6516086,2022-07-10 07:00:18,N,5776.28,15071.02,6217.41,0.0,2022-07-10 07:00:00
6516092,2022-07-10 07:05:14,N,5626.7,14695.15,6219.18,0.0,2022-07-10 07:05:00
6516094,2022-07-10 07:10:13,N,5550.3,14699.31,6216.9,0.0,2022-07-10 07:10:00
6516096,2022-07-10 07:15:14,N,5574.52,14599.46,6217.99,0.0,2022-07-10 07:15:00
6516100,2022-07-10 07:20:14,N,5726.31,14958.11,6220.45,0.0,2022-07-10 07:20:00
6516102,2022-07-10 07:25:13,N,5765.93,14967.85,6220.84,0.0,2022-07-10 07:25:00
6516104,2022-07-10 07:30:15,N,5794.39,15130.48,6220.71,0.0,2022-07-10 07:30:00
6516108,2022-07-10 07:35:15,N,5814.6,14958.36,6220.25,0.0,2022-07-10 07:35:00
6516110,2022-07-10 07:40:13,N,5914.65,15147.37,6220.7,0.0,2022-07-10 07:40:00
6516112,2022-07-10 07:45:14,N,5901.0,14998.99,6220.8,0.0,2022-07-10 07:45:00
6516116,2022-07-10 07:50:13,N,5887.83,15051.4,6220.88,0.0,2022-07-10 07:50:00
6516118,2022-07-10 07:55:15,N,5886.5,14962.22,6265.24,0.0,2022-07-10 07:55:00
6516122,2022-07-10 08:00:18,N,5819.36,14819.41,6267.6,0.0,2022-07-10 08:00:00
6516129,2022-07-10 08:05:15,N,5636.66,14679.83,6268.11,0.0,2022-07-10 08:05:00
6516131,2022-07-10 08:10:14,N,5671.53,14610.95,6267.5,0.0,2022-07-10 08:10:00
6516133,2022-07-10 08:15:14,N,5676.45,14556.91,6331.06,0.0,2022-07-10 08:15:00
6516137,2022-07-10 08:20:16,N,5620.55,14719.79,6333.57,0.0,2022-07-10 08:20:00
6516139,2022-07-10 08:25:14,N,5607.85,14284.52,6333.56,0.0,2022-07-10 08:25:00
6516141,2022-07-10 08:30:13,N,5555.67,14134.92,6333.33,0.0,2022-07-10 08:30:00
6516145,2022-07-10 08:35:16,N,5580.61,14266.29,6333.25,0.0,2022-07-10 08:35:00
6516147,2022-07-10 08:40:13,N,5575.54,14270.25,6333.39,0.0,2022-07-10 08:40:00
6516149,2022-07-10 08:45:15,N,5551.31,14219.24,6333.45,0.0,2022-07-10 08:45:00
6516153,2022-07-10 08:50:15,N,5580.99,14216.75,6333.51,0.0,2022-07-10 08:50:00
6516155,2022-07-10 08:55:15,N,5634.44,14420.17,6333.52,0.0,2022-07-10 08:55:00
6516159,2022-07-10 09:00:19,N,5643.73,14616.8,6232.46,0.0,2022-07-10 09:00:00
6516166,2022-07-10 09:05:15,N,5542.89,14375.3,6232.54,0.0,2022-07-10 09:05:00
6516168,2022-07-10 09:10:15,N,5441.65,14139.38,6231.65,0.0,2022-07-10 09:10:00
6516170,2022-07-10 09:15:14,N,5355.16,14072.21,6231.74,0.0,2022-07-10 09:15:00
6516174,2022-07-10 09:20:15,N,5147.3,13661.29,6226.87,0.0,2022-07-10 09:20:00
6516176,2022-07-10 09:25:11,N,4888.99,13216.24,6227.5,0.0,2022-07-10 09:25:00
6516178,2022-07-10 09:30:10,N,4778.22,13097.14,6231.29,0.0,2022-07-10 09:30:00
6516182,2022-07-10 09:35:12,N,4778.76,13283.33,6163.16,0.0,2022-07-10 09:35:00
6516184,2022-07-10 09:40:11,N,4665.07,12747.84,6166.02,0.0,2022-07-10 09:40:00
6516186,2022-07-10 09:45:11,N,4557.76,12503.59,6164.24,0.0,2022-07-10 09:45:00
6516190,2022-07-10 09:50:15,N,4554.87,12252.98,6004.62,0.0,2022-07-10 09:50:00
6516192,2022-07-10 09:55:13,N,4659.88,12267.17,5898.13,0.0,2022-07-10 09:55:00
6516196,2022-07-10 10:00:18,N,4469.95,11907.05,5812.56,0.0,2022-07-10 10:00:00
6516206,2022-07-10 10:05:17,N,4276.41,11384.75,5765.11,0.0,2022-07-10 10:05:00
6516208,2022-07-10 10:10:14,N,4194.07,11000.67,5507.78,0.0,2022-07-10 10:10:00
6516210,2022-07-10 10:15:16,N,4278.03,10954.46,5357.18,0.0,2022-07-10 10:15:00
6516214,2022-07-10 10:20:18,N,4466.99,10936.18,5357.28,0.0,2022-07-10 10:20:00
6516216,2022-07-10 10:25:15,N,4273.35,10415.98,5309.78,0.0,2022-07-10 10:25:00
6516218,2022-07-10 10:30:14,N,4152.29,9986.01,5307.98,0.0,2022-07-10 10:30:00
6516222,2022-07-10 10:35:17,N,3881.51,9481.03,5305.53,0.0,2022-07-10 10:35:00
6516224,2022-07-10 10:40:14,N,3794.92,9102.01,5307.68,0.0,2022-07-10 10:40:00
6516226,2022-07-10 10:45:14,N,4131.11,9553.16,5265.98,0.0,2022-07-10 10:45:00
6516230,2022-07-10 10:50:16,N,4021.19,9350.65,5065.18,0.0,2022-07-10 10:50:00
6516232,2022-07-10 10:55:14,N,3945.98,8969.19,4741.18,0.0,2022-07-10 10:55:00
6516236,2022-07-10 11:00:20,N,3898.45,10086.28,4173.7,0.0,2022-07-10 11:00:00
6516243,2022-07-10 11:05:15,N,3981.21,9785.7,3989.7,0.0,2022-07-10 11:05:00
6516245,2022-07-10 11:10:14,N,3882.6,9450.06,3944.7,0.0,2022-07-10 11:10:00
6516247,2022-07-10 11:15:14,N,3859.08,9143.7,3913.1,0.0,2022-07-10 11:15:00
6516251,2022-07-10 11:20:13,N,3915.69,9127.12,3642.0,0.0,2022-07-10 11:20:00
6516253,2022-07-10 11:25:14,N,3897.54,8765.02,3641.2,0.0,2022-07-10 11:25:00
6516255,2022-07-10 11:30:14,N,3858.84,8307.69,3550.3,0.0,2022-07-10 11:30:00
6516259,2022-07-10 11:35:17,N,3753.55,8207.06,3458.8,0.0,2022-07-10 11:35:00
6516261,2022-07-10 11:40:15,N,3593.13,7855.92,3460.2,0.0,2022-07-10 11:40:00
6516263,2022-07-10 11:45:14,N,3533.77,7793.34,3459.5,0.0,2022-07-10 11:45:00
6516267,2022-07-10 11:50:15,N,3535.34,7797.82,3186.8,0.0,2022-07-10 11:50:00
6516269,2022-07-10 11:55:15,N,3733.47,8731.33,3063.0,0.0,2022-07-10 11:55:00
6516274,2022-07-10 12:00:23,N,3679.79,8087.98,2563.1,0.0,2022-07-10 12:00:00
6516280,2022-07-10 12:05:16,N,3706.78,8785.41,1590.7,2.5623,2022-07-10 12:05:00
6516282,2022-07-10 12:10:14,N,4023.05,8532.98,1599.9,0.0,2022-07-10 12:10:00
6516284,2022-07-10 12:15:14,N,4168.63,8525.88,1596.1,0.0,2022-07-10 12:15:00
6516288,2022-07-10 12:20:13,N,4034.52,8394.71,1597.3,0.0,2022-07-10 12:20:00
6516290,2022-07-10 12:25:14,N,4030.89,8224.83,1600.65,0.0,2022-07-10 12:25:00
6516292,2022-07-10 12:30:15,N,4042.17,8023.17,1598.4,0.0,2022-07-10 12:30:00
6516296,2022-07-10 12:35:15,N,3889.86,7751.34,1545.55,0.0,2022-07-10 12:35:00
6516298,2022-07-10 12:40:13,N,3737.46,7290.96,1443.9,0.0,2022-07-10 12:40:00
6516300,2022-07-10 12:45:16,N,3621.6,6977.85,1263.9,0.0,2022-07-10 12:45:00
6516304,2022-07-10 12:50:14,N,3521.73,6898.95,1129.5,0.0,2022-07-10 12:50:00
6516306,2022-07-10 12:55:16,N,3314.74,6450.64,1129.8,0.0,2022-07-10 12:55:00
6516310,2022-07-10 13:00:19,N,3372.75,7008.27,1092.2,0.0,2022-07-10 13:00:00
6516317,2022-07-10 13:05:15,N,3304.27,6830.29,961.8,0.0,2022-07-10 13:05:00
6516319,2022-07-10 13:10:14,N,3308.95,6525.45,934.8,0.0,2022-07-10 13:10:00
6516321,2022-07-10 13:15:15,N,3304.95,6484.77,863.7,0.0,2022-07-10 13:15:00
6516325,2022-07-10 13:20:15,N,3171.98,6125.31,863.7,0.0,2022-07-10 13:20:00
6516327,2022-07-10 13:25:14,N,3397.65,6434.74,863.7,0.0,2022-07-10 13:25:00
6516329,2022-07-10 13:30:14,N,3266.08,6087.34,863.7,0.0,2022-07-10 13:30:00
6516333,2022-07-10 13:35:13,N,3106.32,5753.65,863.7,0.0,2022-07-10 13:35:00
6516336,2022-07-10 13:40:13,N,3142.31,5730.95,769.1,0.0,2022-07-10 13:40:00
6516338,2022-07-10 13:45:14,N,3069.48,5682.33,719.1,0.0,2022-07-10 13:45:00
6516343,2022-07-10 13:50:13,N,2897.1,5280.02,420.1,0.0,2022-07-10 13:50:00
6516345,2022-07-10 13:55:15,N,2929.69,5415.49,279.1,0.0,2022-07-10 13:55:00
6516348,2022-07-10 14:00:19,N,3329.28,5859.69,279.1,0.0,2022-07-10 14:00:00
6516356,2022-07-10 14:05:16,N,3707.82,6254.11,47.0,0.0,2022-07-10 14:05:00
6516358,2022-07-10 14:10:15,N,3604.15,6225.76,0.0,0.0,2022-07-10 14:10:00
6516360,2022-07-10 14:15:14,N,3525.29,6084.53,0.0,0.0,2022-07-10 14:15:00
6516364,2022-07-10 14:20:15,N,3483.87,6072.33,0.0,0.0,2022-07-10 14:20:00
6516366,2022-07-10 14:25:16,N,3349.95,5558.28,0.0,0.0,2022-07-10 14:25:00
6516370,2022-07-10 14:30:14,N,3384.8,5532.87,0.0,0.0,2022-07-10 14:30:00
6516377,2022-07-10 14:35:14,N,3513.67,5822.8,0.0,0.0,2022-07-10 14:35:00
6516379,2022-07-10 14:40:15,N,3396.76,5818.37,0.0,0.0,2022-07-10 14:40:00
6516381,2022-07-10 14:45:14,N,3318.33,5521.96,0.0,0.0,2022-07-10 14:45:00
6516385,2022-07-10 14:50:15,N,3202.33,5448.4,0.0,0.0,2022-07-10 14:50:00
6516387,2022-07-10 14:55:16,N,3169.93,5237.27,0.0,0.0,2022-07-10 14:55:00
6516391,2022-07-10 15:00:23,N,3119.34,5117.02,0.83,0.0,2022-07-10 15:00:00
6516398,2022-07-10 15:05:14,N,3300.7,5618.8,0.0,0.0,2022-07-10 15:05:00
6516400,2022-07-10 15:10:13,N,3420.29,5782.13,0.0,0.0,2022-07-10 15:10:00
6516402,2022-07-10 15:15:13,N,3293.2,5463.19,0.0,0.0,2022-07-10 15:15:00
6516406,2022-07-10 15:20:15,N,3190.12,5384.58,0.0,0.0,2022-07-10 15:20:00
6516408,2022-07-10 15:25:13,N,3173.21,5416.2,0.0,0.0,2022-07-10 15:25:00
6516410,2022-07-10 15:30:16,N,3190.25,5479.92,0.0,0.0,2022-07-10 15:30:00
6516415,2022-07-10 15:34:26,N,3103.05,5159.08,0.0,0.0,2022-07-10 15:30:00
6516416,2022-07-10 15:35:14,N,3103.05,5126.56,0.0,0.0,2022-07-10 15:35:00
6516418,2022-07-10 15:40:15,N,3186.44,5487.49,0.0,0.0,2022-07-10 15:40:00
6516420,2022-07-10 15:45:13,N,3396.34,5917.49,0.0,0.0,2022-07-10 15:45:00
6516424,2022-07-10 15:50:17,N,3495.53,6131.02,0.0,0.0,2022-07-10 15:50:00
6516426,2022-07-10 15:55:17,N,3479.83,5835.81,0.0,0.0,2022-07-10 15:55:00
6516428,2022-07-10 15:58:01,N,3333.85,5442.93,0.0,0.0,2022-07-10 15:55:00
6516431,2022-07-10 16:00:19,N,3355.92,5397.57,0.0,0.0,2022-07-10 16:00:00
6516438,2022-07-10 16:05:15,N,3185.72,5388.28,0.0,0.0,2022-07-10 16:05:00
6516440,2022-07-10 16:10:14,N,3179.65,5431.56,0.0,0.0,2022-07-10 16:10:00
6516442,2022-07-10 16:15:13,N,3187.49,5357.17,0.0,0.0,2022-07-10 16:15:00
6516446,2022-07-10 16:20:16,N,3059.12,5014.16,0.0,0.0,2022-07-10 16:20:00
6516448,2022-07-10 16:25:13,N,3142.4,4981.12,0.0,0.0,2022-07-10 16:25:00
6516450,2022-07-10 16:30:15,N,3295.95,5232.39,0.0,0.0,2022-07-10 16:30:00
6516455,2022-07-10 16:35:16,N,3180.89,5204.74,0.0,0.0,2022-07-10 16:35:00
6516457,2022-07-10 16:38:00,N,3064.54,4819.2,0.0,0.0,2022-07-10 16:35:00
6516458,2022-07-10 16:40:13,N,3112.11,4772.23,0.0,0.0,2022-07-10 16:40:00
6516460,2022-07-10 16:45:14,N,3144.92,4993.75,0.0,0.0,2022-07-10 16:45:00
6516464,2022-07-10 16:50:16,N,3373.23,5338.36,0.0,0.0,2022-07-10 16:50:00
6516466,2022-07-10 16:55:16,N,3391.08,5623.5,0.0,0.0,2022-07-10 16:55:00
6516470,2022-07-10 17:00:19,N,3500.32,5819.43,0.45,0.0,2022-07-10 17:00:00
6516477,2022-07-10 17:05:17,N,3400.8,5444.73,0.0,0.0,2022-07-10 17:05:00
6516479,2022-07-10 17:10:15,N,3340.55,5244.49,0.0,0.0,2022-07-10 17:10:00
6516481,2022-07-10 17:15:14,N,3283.1,5161.47,0.0,0.0,2022-07-10 17:15:00
6516485,2022-07-10 17:20:16,N,3227.52,5239.04,51.0,0.0,2022-07-10 17:20:00
6516487,2022-07-10 17:25:13,N,3211.75,5274.32,51.0,0.0,2022-07-10 17:25:00
6516489,2022-07-10 17:30:14,N,3228.35,5335.25,51.0,0.0,2022-07-10 17:30:00
6516494,2022-07-10 17:35:16,N,3219.21,5261.96,51.0,0.0,2022-07-10 17:35:00
6516496,2022-07-10 17:40:13,N,3264.44,5479.65,51.0,0.0,2022-07-10 17:40:00
6516498,2022-07-10 17:45:15,N,3353.36,5706.23,51.0,0.0,2022-07-10 17:45:00
6516502,2022-07-10 17:50:17,N,3278.35,5512.65,51.0,0.0,2022-07-10 17:50:00
6516504,2022-07-10 17:52:05,N,3222.0,5412.96,51.0,0.0,2022-07-10 17:50:00
6516505,2022-07-10 17:55:15,N,3259.85,5435.06,51.0,0.0,2022-07-10 17:55:00
6516508,2022-07-10 18:00:21,N,3082.47,5181.32,57.5,0.0,2022-07-10 18:00:00
6516515,2022-07-10 18:01:37,N,3155.64,5239.56,51.0,0.0,2022-07-10 18:00:00
6516517,2022-07-10 18:05:16,N,3133.04,5372.26,51.0,0.0,2022-07-10 18:05:00
6516519,2022-07-10 18:10:16,N,3241.03,5618.61,51.0,0.0,2022-07-10 18:10:00
6516521,2022-07-10 18:15:15,N,3194.91,5348.97,51.0,0.0,2022-07-10 18:15:00
6516525,2022-07-10 18:20:16,N,3086.54,5097.68,51.0,0.0,2022-07-10 18:20:00
6516527,2022-07-10 18:21:56,N,3049.12,4880.42,51.0,0.0,2022-07-10 18:20:00
6516528,2022-07-10 18:25:14,N,3098.64,5062.36,51.0,0.0,2022-07-10 18:25:00
6516530,2022-07-10 18:30:16,N,3044.07,5158.26,51.0,0.0,2022-07-10 18:30:00
6516535,2022-07-10 18:35:16,N,2963.61,4919.49,51.0,0.0,2022-07-10 18:35:00
6516537,2022-07-10 18:36:36,N,2950.38,4950.83,51.0,0.0,2022-07-10 18:35:00
6516538,2022-07-10 18:40:14,N,2904.23,4987.61,51.0,0.0,2022-07-10 18:40:00
6516540,2022-07-10 18:45:14,N,2887.72,4917.59,51.0,0.0,2022-07-10 18:45:00
6516544,2022-07-10 18:46:14,N,2886.92,4885.32,51.0,0.0,2022-07-10 18:45:00
6516545,2022-07-10 18:47:00,N,2894.19,4610.39,51.0,0.0,2022-07-10 18:45:00
6516546,2022-07-10 18:50:13,N,2867.03,4632.53,51.0,0.0,2022-07-10 18:50:00
6516548,2022-07-10 18:55:15,N,2932.14,4708.92,68.25,0.0,2022-07-10 18:55:00
6516553,2022-07-10 19:00:19,N,2902.11,4848.3,1.5,0.0,2022-07-10 19:00:00
6516559,2022-07-10 19:05:17,N,3225.21,5133.33,0.0,0.0,2022-07-10 19:05:00
6516561,2022-07-10 19:10:16,N,3256.49,5361.95,0.0,0.0,2022-07-10 19:10:00
6516563,2022-07-10 19:15:16,N,3172.46,5250.18,0.0,0.0,2022-07-10 19:15:00
6516567,2022-07-10 19:20:16,N,3170.98,5348.24,0.0,0.0,2022-07-10 19:20:00
6516569,2022-07-10 19:21:47,N,3128.9,5224.74,0.0,0.0,2022-07-10 19:20:00
6516570,2022-07-10 19:25:14,N,3043.69,4962.25,4.8,0.0,2022-07-10 19:25:00
6516572,2022-07-10 19:26:34,N,3046.59,4911.27,8.8,0.0,2022-07-10 19:25:00
6516573,2022-07-10 19:30:16,N,3013.4,4870.03,23.9,0.0,2022-07-10 19:30:00
6516577,2022-07-10 19:31:20,N,2996.61,4817.08,24.6,0.0,2022-07-10 19:30:00
6516578,2022-07-10 19:33:07,N,3061.71,4619.9,27.5,0.0,2022-07-10 19:30:00
6516580,2022-07-10 19:35:15,N,3082.67,4918.31,36.2,0.0,2022-07-10 19:35:00
6516582,2022-07-10 19:40:15,N,3096.8,4806.34,60.8,0.0,2022-07-10 19:40:00
6516584,2022-07-10 19:45:16,N,3065.55,4642.13,92.9,0.0,2022-07-10 19:45:00
6516588,2022-07-10 19:50:16,N,3199.12,4840.22,110.0,0.0,2022-07-10 19:50:00
6516590,2022-07-10 19:52:28,N,3229.48,5124.48,109.1,0.0,2022-07-10 19:50:00
6516591,2022-07-10 19:55:16,N,3445.11,5336.41,110.0,0.0,2022-07-10 19:55:00
6516595,2022-07-10 20:00:20,N,3545.37,5644.04,110.1,0.0,2022-07-10 20:00:00
6516602,2022-07-10 20:03:40,N,3555.89,5390.14,110.0,0.0,2022-07-10 20:00:00
6516603,2022-07-10 20:05:16,N,3589.75,5214.73,110.0,0.0,2022-07-10 20:05:00
6516605,2022-07-10 20:10:16,N,3587.25,5606.89,110.0,0.0,2022-07-10 20:10:00
6516607,2022-07-10 20:15:15,N,3728.92,5876.6,110.0,0.0,2022-07-10 20:15:00
6516611,2022-07-10 20:20:17,N,3830.33,5941.0,155.0,0.0,2022-07-10 20:20:00
6516615,2022-07-10 20:25:16,N,3821.05,6040.75,110.0,0.0,2022-07-10 20:25:00
6516617,2022-07-10 20:30:15,N,3686.98,5707.38,196.4,0.0,2022-07-10 20:30:00
6516621,2022-07-10 20:35:16,N,3698.66,5826.03,267.6,0.0,2022-07-10 20:35:00
6516623,2022-07-10 20:40:15,N,3701.88,5916.21,365.4,0.0,2022-07-10 20:40:00
6516625,2022-07-10 20:45:16,N,3755.41,5796.68,416.0,0.0,2022-07-10 20:45:00
6516629,2022-07-10 20:50:15,N,3790.95,6189.6,488.6,0.0,2022-07-10 20:50:00
6516631,2022-07-10 20:55:16,N,3970.78,6661.6,432.4,0.0,2022-07-10 20:55:00
6516636,2022-07-10 21:00:19,N,4105.44,7022.21,516.5,0.0,2022-07-10 21:00:00
6516642,2022-07-10 21:05:17,N,4398.21,7436.0,513.6,0.0,2022-07-10 21:05:00
6516644,2022-07-10 21:10:16,N,4270.83,7246.74,705.2,0.0,2022-07-10 21:10:00
6516646,2022-07-10 21:15:16,N,4272.95,7696.82,991.39,0.0,2022-07-10 21:15:00
6516650,2022-07-10 21:20:16,N,4208.81,7815.28,1233.49,0.0,2022-07-10 21:20:00
6516652,2022-07-10 21:25:15,N,4292.57,7833.94,1272.69,0.0,2022-07-10 21:25:00
6516654,2022-07-10 21:30:15,N,4365.79,8315.32,1357.32,0.0,2022-07-10 21:30:00
6516658,2022-07-10 21:35:16,N,4359.15,8308.24,1430.67,0.0,2022-07-10 21:35:00
6516660,2022-07-10 21:40:14,N,4416.58,8627.89,1635.8,0.0,2022-07-10 21:40:00
6516662,2022-07-10 21:45:14,N,4651.25,9227.86,1685.23,0.0,2022-07-10 21:45:00
6516666,2022-07-10 21:50:15,N,5011.57,9159.91,1847.17,0.0,2022-07-10 21:50:00
6516668,2022-07-10 21:55:16,N,4977.82,9024.1,2512.5,0.0,2022-07-10 21:55:00
6516673,2022-07-10 22:00:20,N,4537.13,8848.65,2757.52,0.0,2022-07-10 22:00:00
6516679,2022-07-10 22:05:15,N,4829.38,9331.62,2919.06,0.0,2022-07-10 22:05:00
6516681,2022-07-10 22:10:16,N,4811.13,9892.7,3379.41,0.0,2022-07-10 22:10:00
6516683,2022-07-10 22:14:32,N,4788.81,10102.7,3435.59,0.0,2022-07-10 22:10:00
6516684,2022-07-10 22:15:17,N,4780.77,10153.07,3437.89,0.0,2022-07-10 22:15:00
6516688,2022-07-10 22:19:14,N,4729.16,10382.23,3651.27,0.0,2022-07-10 22:15:00
6516689,2022-07-10 22:20:14,N,4745.58,10576.68,3596.87,0.0,2022-07-10 22:20:00
6516691,2022-07-10 22:21:20,N,4752.07,10803.84,3607.15,0.0,2022-07-10 22:20:00
6516692,2022-07-10 22:25:14,N,4747.04,11003.84,3655.51,0.0,2022-07-10 22:25:00
6516694,2022-07-10 22:27:18,N,4723.36,10932.54,3588.59,0.0,2022-07-10 22:25:00
6516695,2022-07-10 22:30:16,N,4788.91,11250.78,3747.57,0.0,2022-07-10 22:30:00
6516699,2022-07-10 22:34:31,N,4861.84,11609.14,3745.14,0.0,2022-07-10 22:30:00
6516700,2022-07-10 22:35:15,N,4875.94,11431.41,3746.04,0.0,2022-07-10 22:35:00
6516702,2022-07-10 22:40:15,N,4960.77,11673.29,3691.86,0.0,2022-07-10 22:40:00
6516704,2022-07-10 22:45:15,N,4968.07,12049.95,3752.67,0.0,2022-07-10 22:45:00
6516708,2022-07-10 22:50:16,N,4899.62,12162.68,4033.4,0.0,2022-07-10 22:50:00
6516710,2022-07-10 22:55:16,N,4916.89,12392.67,4557.19,0.0,2022-07-10 22:55:00
6516715,2022-07-10 23:00:19,N,4863.79,12784.78,4599.04,0.0,2022-07-10 23:00:00
6516721,2022-07-10 23:05:14,N,5000.24,13096.19,4858.64,0.0,2022-07-10 23:05:00
6516723,2022-07-10 23:10:14,N,4924.61,12714.07,4806.02,0.0,2022-07-10 23:10:00
6516725,2022-07-10 23:11:49,N,4971.05,12894.45,4897.33,0.0,2022-07-10 23:10:00
6516726,2022-07-10 23:15:15,N,4965.07,12902.12,4875.97,0.0,2022-07-10 23:15:00
6516730,2022-07-10 23:20:16,N,5102.43,13173.4,5254.07,0.0,2022-07-10 23:20:00
6516732,2022-07-10 23:25:14,N,5030.83,13085.39,5454.75,0.0,2022-07-10 23:25:00
6516734,2022-07-10 23:27:34,N,5014.26,12954.13,5510.14,0.0,2022-07-10 23:25:00
6516735,2022-07-10 23:30:14,N,5051.96,13148.81,5651.18,0.0,2022-07-10 23:30:00
6516739,2022-07-10 23:32:19,N,5129.79,13085.0,5599.77,0.0,2022-07-10 23:30:00
6516740,2022-07-10 23:35:14,N,5155.58,13212.56,5605.85,0.0,2022-07-10 23:35:00
6516742,2022-07-10 23:40:13,N,5177.14,13567.11,5662.84,0.0,2022-07-10 23:40:00
6516744,2022-07-10 23:45:14,N,5236.05,13838.16,5577.82,0.0,2022-07-10 23:45:00
6516748,2022-07-10 23:50:16,N,5261.25,14044.15,5577.78,0.0,2022-07-10 23:50:00
6516750,2022-07-10 23:55:16,N,5338.23,14327.11,5715.83,0.0,2022-07-10 23:55:00
6516755,2022-07-11 00:00:20,N,5279.62,14792.85,5645.46,0.0,2022-07-11 00:00:00
6516761,2022-07-11 00:05:15,N,5399.34,14819.49,5702.95,0.0,2022-07-11 00:05:00
6516763,2022-07-11 00:10:16,N,5588.34,15101.7,5906.06,0.0,2022-07-11 00:10:00
6516765,2022-07-11 00:15:15,N,5679.4,15420.44,5906.07,0.0,2022-07-11 00:15:00
6516769,2022-07-11 00:20:15,N,5749.98,15690.41,5906.11,0.0,2022-07-11 00:20:00
6516771,2022-07-11 00:25:14,N,5904.58,15873.97,5906.09,0.0,2022-07-11 00:25:00
6516773,2022-07-11 00:30:16,N,6012.92,16063.59,5906.1,0.0,2022-07-11 00:30:00
6516777,2022-07-11 00:35:16,N,6063.83,16217.92,5955.71,0.0,2022-07-11 00:35:00
6516779,2022-07-11 00:40:16,N,6053.79,16129.0,6005.42,0.0,2022-07-11 00:40:00
6516781,2022-07-11 00:45:16,N,6101.15,16339.06,6105.3,0.0,2022-07-11 00:45:00
6516785,2022-07-11 00:50:15,N,6243.97,16724.15,6105.3,0.0,2022-07-11 00:50:00
6516787,2022-07-11 00:55:17,N,6339.52,16857.42,6105.53,0.0,2022-07-11 00:55:00
6516791,2022-07-11 01:00:20,N,6336.51,16981.66,6131.99,0.0,2022-07-11 01:00:00
6516798,2022-07-11 01:05:18,N,6352.6,17082.98,6132.06,0.0,2022-07-11 01:05:00
6516801,2022-07-11 01:10:16,N,6305.52,16901.21,6146.05,0.0,2022-07-11 01:10:00
6516803,2022-07-11 01:15:15,N,6367.58,17191.64,6145.59,0.0,2022-07-11 01:15:00
6516807,2022-07-11 01:20:17,N,6325.92,17305.07,6145.75,0.0,2022-07-11 01:20:00
6516809,2022-07-11 01:25:15,N,6285.45,17177.12,6145.83,0.0,2022-07-11 01:25:00
6516811,2022-07-11 01:30:14,N,6264.85,17277.51,6212.87,0.0,2022-07-11 01:30:00
6516815,2022-07-11 01:35:14,N,6385.89,17680.98,6213.01,0.0,2022-07-11 01:35:00
6516817,2022-07-11 01:40:14,N,6435.72,17699.85,6212.72,0.0,2022-07-11 01:40:00
6516819,2022-07-11 01:45:14,N,6611.14,17986.88,6212.59,0.0,2022-07-11 01:45:00
6516823,2022-07-11 01:50:14,N,6836.16,18729.57,6212.47,0.0,2022-07-11 01:50:00
6516825,2022-07-11 01:55:15,N,7012.27,18848.29,6212.71,0.0,2022-07-11 01:55:00
6516829,2022-07-11 02:00:19,N,7197.59,19082.02,6206.8,0.0,2022-07-11 02:00:00
6516836,2022-07-11 02:05:16,N,7320.72,19105.31,6206.94,0.0,2022-07-11 02:05:00
6516838,2022-07-11 02:10:14,N,7362.42,18936.15,6206.82,0.0,2022-07-11 02:10:00
6516840,2022-07-11 02:15:16,N,7313.37,19004.51,6206.47,0.0,2022-07-11 02:15:00
6516844,2022-07-11 02:20:15,N,7293.21,19106.56,6206.55,0.0,2022-07-11 02:20:00
6516846,2022-07-11 02:25:15,N,7243.81,18934.48,6206.69,0.0,2022-07-11 02:25:00
6516848,2022-07-11 02:30:15,N,7261.39,19186.15,6206.68,0.0,2022-07-11 02:30:00
6516852,2022-07-11 02:35:16,N,7209.7,18928.21,6207.01,0.0,2022-07-11 02:35:00
6516854,2022-07-11 02:40:15,N,7185.91,18763.14,6206.92,0.0,2022-07-11 02:40:00
6516856,2022-07-11 02:45:13,N,7138.76,18842.12,6206.95,0.0,2022-07-11 02:45:00
6516860,2022-07-11 02:50:16,N,7116.88,18819.73,6206.83,0.0,2022-07-11 02:50:00
6516862,2022-07-11 02:55:15,N,7093.15,18636.95,6207.04,0.0,2022-07-11 02:55:00
6516866,2022-07-11 03:00:21,N,7118.57,18587.89,6293.71,0.0,2022-07-11 03:00:00
6516873,2022-07-11 03:05:16,N,7041.59,18594.15,6329.57,0.0,2022-07-11 03:05:00
6516875,2022-07-11 03:10:14,N,6987.06,18435.25,6336.76,0.0,2022-07-11 03:10:00
6516877,2022-07-11 03:15:14,N,6916.02,18337.99,6338.05,0.0,2022-07-11 03:15:00
6516881,2022-07-11 03:20:14,N,6937.13,18519.4,6337.02,0.0,2022-07-11 03:20:00
6516883,2022-07-11 03:25:14,N,6964.51,18422.44,6336.52,0.0,2022-07-11 03:25:00
6516885,2022-07-11 03:30:14,N,6934.74,18262.57,6337.28,0.0,2022-07-11 03:30:00
6516889,2022-07-11 03:35:14,N,7003.07,18546.36,6338.19,0.0,2022-07-11 03:35:00
6516891,2022-07-11 03:40:16,N,7047.12,18615.21,6293.29,0.0,2022-07-11 03:40:00
6516893,2022-07-11 03:45:14,N,7067.39,18565.1,6293.16,0.0,2022-07-11 03:45:00
6516897,2022-07-11 03:50:16,N,7023.92,18647.54,6293.63,0.0,2022-07-11 03:50:00
6516899,2022-07-11 03:55:17,N,7006.56,18608.0,6293.7,0.0,2022-07-11 03:55:00
6516903,2022-07-11 04:00:20,N,6943.94,18241.33,6306.33,0.0,2022-07-11 04:00:00
6516910,2022-07-11 04:05:19,N,6819.42,17935.11,6306.43,0.0,2022-07-11 04:05:00
6516912,2022-07-11 04:10:13,N,6847.04,18318.29,6306.39,0.0,2022-07-11 04:10:00
6516914,2022-07-11 04:15:15,N,6896.88,18321.73,6306.22,0.0,2022-07-11 04:15:00
6516918,2022-07-11 04:20:16,N,6898.37,18409.05,6306.17,0.0,2022-07-11 04:20:00
6516920,2022-07-11 04:25:15,N,6884.08,18410.64,6306.03,0.0,2022-07-11 04:25:00
6516922,2022-07-11 04:30:15,N,6961.66,18398.48,6306.08,0.0,2022-07-11 04:30:00
6516926,2022-07-11 04:35:16,N,6905.47,18281.7,6306.38,0.0,2022-07-11 04:35:00
6516928,2022-07-11 04:40:14,N,6968.65,18444.57,6306.42,0.0,2022-07-11 04:40:00
6516930,2022-07-11 04:45:13,N,6971.79,18421.51,6306.26,0.0,2022-07-11 04:45:00
6516934,2022-07-11 04:50:14,N,6931.47,18400.25,6306.31,0.0,2022-07-11 04:50:00
6516936,2022-07-11 04:55:16,N,6900.23,18384.56,6306.42,0.0,2022-07-11 04:55:00
6516941,2022-07-11 05:00:17,N,6919.69,18268.26,6313.23,0.0,2022-07-11 05:00:00
6516947,2022-07-11 05:05:13,N,6808.25,17622.36,6313.97,0.0,2022-07-11 05:05:00
6516949,2022-07-11 05:10:13,N,6571.05,17411.82,6314.38,0.0,2022-07-11 05:10:00
6516951,2022-07-11 05:15:14,N,6588.69,17554.01,6314.3,0.0,2022-07-11 05:15:00
6516955,2022-07-11 05:20:14,N,6588.3,17614.91,6314.13,0.0,2022-07-11 05:20:00
6516958,2022-07-11 05:25:13,N,6637.78,17610.97,6313.99,0.0,2022-07-11 05:25:00
6516960,2022-07-11 05:30:13,N,6636.86,17574.76,6314.1,0.0,2022-07-11 05:30:00
6516964,2022-07-11 05:35:16,N,6472.13,17207.83,6315.35,0.0,2022-07-11 05:35:00
6516966,2022-07-11 05:40:14,N,6275.45,16825.46,6311.58,0.0,2022-07-11 05:40:00
6516968,2022-07-11 05:45:15,N,6268.03,16801.49,6311.28,0.0,2022-07-11 05:45:00
6516972,2022-07-11 05:50:13,N,6185.5,16702.04,6313.88,0.0,2022-07-11 05:50:00
6516974,2022-07-11 05:55:14,N,6101.58,16475.25,6312.52,0.0,2022-07-11 05:55:00
6516979,2022-07-11 06:00:19,N,6147.44,16801.53,6222.15,0.0,2022-07-11 06:00:00
6516985,2022-07-11 06:05:15,N,6056.76,16579.56,6221.67,0.0,2022-07-11 06:05:00
6516987,2022-07-11 06:10:15,N,5878.98,16133.67,6223.86,0.0,2022-07-11 06:10:00
6516989,2022-07-11 06:15:13,N,5804.01,16136.07,6222.01,0.0,2022-07-11 06:15:00
6516993,2022-07-11 06:20:15,N,5783.31,16070.22,6220.67,0.0,2022-07-11 06:20:00
6516995,2022-07-11 06:25:14,N,5750.29,16095.96,6220.16,0.0,2022-07-11 06:25:00
6516997,2022-07-11 06:30:14,N,5489.53,15327.19,6218.81,0.0,2022-07-11 06:30:00
6517001,2022-07-11 06:35:13,N,5326.75,15043.23,6221.97,0.0,2022-07-11 06:35:00
6517003,2022-07-11 06:40:15,N,5246.07,15058.47,6220.83,0.0,2022-07-11 06:40:00
6517005,2022-07-11 06:45:14,N,5333.3,15232.71,6223.0,0.0,2022-07-11 06:45:00
6517009,2022-07-11 06:50:14,N,5285.85,15085.57,6220.3,0.0,2022-07-11 06:50:00
6517011,2022-07-11 06:55:15,N,5287.41,14931.46,6220.69,0.0,2022-07-11 06:55:00
6517015,2022-07-11 07:00:20,N,5188.78,14471.7,6218.8,0.0,2022-07-11 07:00:00
6517022,2022-07-11 07:05:16,N,5185.44,14388.41,6215.45,0.0,2022-07-11 07:05:00
6517024,2022-07-11 07:10:14,N,5100.64,13992.13,6220.04,0.0,2022-07-11 07:10:00
6517026,2022-07-11 07:15:15,N,5159.66,14219.36,6216.91,0.0,2022-07-11 07:15:00
6517030,2022-07-11 07:20:16,N,5003.08,13754.48,6214.8,0.0,2022-07-11 07:20:00
6517032,2022-07-11 07:25:15,N,5151.06,13988.17,6219.58,0.0,2022-07-11 07:25:00
6517034,2022-07-11 07:30:15,N,5159.02,14056.41,6219.28,0.0,2022-07-11 07:30:00
6517038,2022-07-11 07:35:15,N,5192.43,14220.45,6216.12,0.0,2022-07-11 07:35:00
6517040,2022-07-11 07:40:16,N,5157.25,14231.33,6181.93,0.0,2022-07-11 07:40:00
6517042,2022-07-11 07:45:14,N,5133.2,14217.35,6183.82,0.0,2022-07-11 07:45:00
6517046,2022-07-11 07:50:12,N,5156.41,14315.26,6183.77,0.0,2022-07-11 07:50:00
6517048,2022-07-11 07:55:11,N,5128.43,14080.56,6183.9,0.0,2022-07-11 07:55:00
6517053,2022-07-11 08:00:13,N,5146.61,14130.91,6165.18,0.0,2022-07-11 08:00:00
6517059,2022-07-11 08:05:12,N,5037.15,14073.5,6168.71,0.0,2022-07-11 08:05:00
6517061,2022-07-11 08:10:11,N,5048.45,13950.18,6166.5,0.0,2022-07-11 08:10:00
6517063,2022-07-11 08:15:10,N,5009.07,13991.4,6168.65,0.0,2022-07-11 08:15:00
6517067,2022-07-11 08:20:12,N,5015.26,14007.62,6168.46,0.0,2022-07-11 08:20:00
6517069,2022-07-11 08:25:11,N,5000.45,13972.21,6168.2,0.0,2022-07-11 08:25:00
6517071,2022-07-11 08:30:11,N,4969.38,14044.41,6168.22,0.0,2022-07-11 08:30:00
6517075,2022-07-11 08:35:12,N,4962.92,14071.13,6168.43,0.0,2022-07-11 08:35:00
6517077,2022-07-11 08:40:10,N,4993.02,14193.49,6164.35,0.0,2022-07-11 08:40:00
6517079,2022-07-11 08:45:10,N,5117.28,14524.03,6165.21,0.0,2022-07-11 08:45:00
6517083,2022-07-11 08:50:12,N,5271.04,15022.86,6168.25,0.0,2022-07-11 08:50:00
6517085,2022-07-11 08:55:11,N,5387.18,15320.43,6138.14,0.0,2022-07-11 08:55:00
6517090,2022-07-11 09:00:13,N,5341.22,15253.57,6062.25,0.0,2022-07-11 09:00:00
6517096,2022-07-11 09:05:12,N,5282.86,15126.82,6058.71,0.0,2022-07-11 09:05:00
6517098,2022-07-11 09:10:11,N,5052.71,14656.4,6064.81,0.0,2022-07-11 09:10:00
6517100,2022-07-11 09:15:10,N,4969.83,14644.56,6062.23,0.0,2022-07-11 09:15:00
6517104,2022-07-11 09:20:12,N,4952.55,14593.36,6015.79,0.0,2022-07-11 09:20:00
6517106,2022-07-11 09:25:10,N,4900.36,14245.39,6014.39,0.0,2022-07-11 09:25:00
6517108,2022-07-11 09:30:11,N,4873.97,14106.7,6016.52,0.0,2022-07-11 09:30:00
6517112,2022-07-11 09:35:12,N,5011.35,14141.64,6016.85,0.0,2022-07-11 09:35:00
6517114,2022-07-11 09:40:10,N,4965.26,13764.02,6012.81,0.0,2022-07-11 09:40:00
6517116,2022-07-11 09:45:10,N,4847.28,13413.46,5816.7,0.0,2022-07-11 09:45:00
6517120,2022-07-11 09:50:12,N,4857.07,13234.33,5585.25,0.0,2022-07-11 09:50:00
6517122,2022-07-11 09:55:12,N,4841.37,12787.42,5581.35,0.0,2022-07-11 09:55:00
6517126,2022-07-11 10:00:15,N,4702.62,12386.71,5341.19,0.0,2022-07-11 10:00:00
6517136,2022-07-11 10:05:16,N,4695.41,12574.84,5046.5,0.0,2022-07-11 10:05:00
6517138,2022-07-11 10:10:15,N,4527.59,12502.3,4913.58,0.0,2022-07-11 10:10:00
6517140,2022-07-11 10:15:15,N,4346.66,12133.96,5015.41,0.0,2022-07-11 10:15:00
6517144,2022-07-11 10:20:14,N,4255.71,11373.21,5018.49,0.0,2022-07-11 10:20:00
6517146,2022-07-11 10:25:14,N,4152.11,11107.7,4853.99,0.0,2022-07-11 10:25:00
6517148,2022-07-11 10:30:15,N,4151.74,10768.87,4631.91,0.0,2022-07-11 10:30:00
6517152,2022-07-11 10:35:15,N,4061.4,10470.91,4636.66,0.0,2022-07-11 10:35:00
6517154,2022-07-11 10:40:13,N,3963.7,10021.18,4637.75,0.0,2022-07-11 10:40:00
6517156,2022-07-11 10:45:14,N,3973.08,9703.31,4270.28,0.0,2022-07-11 10:45:00
6517160,2022-07-11 10:50:16,N,4108.15,9945.17,4069.58,0.0,2022-07-11 10:50:00
6517162,2022-07-11 10:52:59,N,4112.86,9724.23,4070.98,0.0,2022-07-11 10:50:00
6517163,2022-07-11 10:55:15,N,4044.33,9419.96,4070.98,0.0,2022-07-11 10:55:00
6517167,2022-07-11 11:00:19,N,3955.67,9367.53,3530.8,0.0,2022-07-11 11:00:00
6517174,2022-07-11 11:05:15,N,4220.07,10276.56,2205.8,0.0,2022-07-11 11:05:00
6517176,2022-07-11 11:10:13,N,4463.94,10329.98,1866.3,0.0,2022-07-11 11:10:00
6517178,2022-07-11 11:15:14,N,4517.7,10368.56,1819.6,0.0,2022-07-11 11:15:00
6517182,2022-07-11 11:20:16,N,4422.31,9936.26,1817.4,0.0,2022-07-11 11:20:00
6517184,2022-07-11 11:25:14,N,4351.53,9686.96,1683.9,0.0,2022-07-11 11:25:00
6517186,2022-07-11 11:30:13,N,4296.69,9341.82,1683.7,0.0,2022-07-11 11:30:00
6517190,2022-07-11 11:35:17,N,4138.93,9074.78,1592.0,0.0,2022-07-11 11:35:00
6517192,2022-07-11 11:40:14,N,3998.19,8588.34,1640.8,0.0,2022-07-11 11:40:00
6517194,2022-07-11 11:45:14,N,3825.64,8311.16,1519.0,0.0,2022-07-11 11:45:00
6517198,2022-07-11 11:50:19,N,3612.45,7851.21,1510.9,0.0,2022-07-11 11:50:00
6517200,2022-07-11 11:55:14,N,3467.53,7544.69,1424.9,0.0,2022-07-11 11:55:00
6517203,2022-07-11 12:00:21,N,3519.37,7460.45,1413.6,0.0,2022-07-11 12:00:00
6517211,2022-07-11 12:05:15,N,3331.42,6818.58,1363.7,0.0,2022-07-11 12:05:00
6517213,2022-07-11 12:10:15,N,3320.64,6852.26,1177.8,0.0,2022-07-11 12:10:00
6517215,2022-07-11 12:15:14,N,3175.59,6382.84,1104.4,0.0,2022-07-11 12:15:00
6517219,2022-07-11 12:20:14,N,3250.8,6430.41,1014.4,0.0,2022-07-11 12:20:00
6517221,2022-07-11 12:25:13,N,3134.39,6113.65,1014.4,0.0,2022-07-11 12:25:00
6517223,2022-07-11 12:30:16,N,3183.63,5983.63,1014.4,0.0,2022-07-11 12:30:00
6517227,2022-07-11 12:35:14,N,3110.82,5732.99,996.4,0.0,2022-07-11 12:35:00
6517229,2022-07-11 12:40:15,N,3190.57,5825.43,996.4,0.0,2022-07-11 12:40:00
6517231,2022-07-11 12:45:14,N,3054.52,5658.38,996.4,0.0,2022-07-11 12:45:00
6517236,2022-07-11 12:50:14,N,2938.3,5318.36,996.4,0.0,2022-07-11 12:50:00
6517238,2022-07-11 12:55:16,N,2930.13,5394.48,694.4,0.0,2022-07-11 12:55:00
6517241,2022-07-11 13:00:23,N,3050.07,5543.09,587.6,0.0,2022-07-11 13:00:00
6517248,2022-07-11 13:02:15,N,3059.58,5570.78,457.9,0.0,2022-07-11 13:00:00
6517250,2022-07-11 13:05:16,N,3263.89,5457.57,457.9,0.0,2022-07-11 13:05:00
6517252,2022-07-11 13:10:14,N,3423.97,5444.17,243.4,0.0,2022-07-11 13:10:00
6517254,2022-07-11 13:15:14,N,3340.94,5190.05,243.4,0.0,2022-07-11 13:15:00
6517258,2022-07-11 13:20:14,N,3379.95,5287.6,243.4,0.0,2022-07-11 13:20:00
6517260,2022-07-11 13:25:14,N,3401.69,5420.8,189.3,0.0,2022-07-11 13:25:00
6517262,2022-07-11 13:30:14,N,3388.96,5615.04,53.3,0.0,2022-07-11 13:30:00
6517267,2022-07-11 13:35:15,N,3310.71,5158.78,53.3,0.0,2022-07-11 13:35:00
6517269,2022-07-11 13:40:14,N,3254.55,5105.54,53.3,0.0,2022-07-11 13:40:00
6517271,2022-07-11 13:45:14,N,3188.94,5056.45,53.3,0.0,2022-07-11 13:45:00
6517275,2022-07-11 13:50:15,N,3106.72,4956.28,53.3,0.0,2022-07-11 13:50:00
6517277,2022-07-11 13:55:14,N,3116.78,4807.88,53.3,0.0,2022-07-11 13:55:00
6517282,2022-07-11 14:00:18,N,3274.64,5268.31,53.3,0.0,2022-07-11 14:00:00
6517288,2022-07-11 14:05:17,N,3457.9,5522.01,53.3,0.0,2022-07-11 14:05:00
6517290,2022-07-11 14:10:15,N,3367.42,5565.54,53.3,0.0,2022-07-11 14:10:00
6517292,2022-07-11 14:15:15,N,3290.03,5345.52,53.3,0.0,2022-07-11 14:15:00
6517296,2022-07-11 14:20:16,N,3318.52,5370.01,53.3,0.0,2022-07-11 14:20:00
6517298,2022-07-11 14:25:14,N,3467.08,5677.78,53.3,0.0,2022-07-11 14:25:00
6517302,2022-07-11 14:30:16,N,3443.07,5781.49,53.3,0.0,2022-07-11 14:30:00
6517308,2022-07-11 14:35:17,N,3402.73,5654.35,53.3,0.0,2022-07-11 14:35:00
6517310,2022-07-11 14:40:15,N,3323.96,5627.15,53.3,0.0,2022-07-11 14:40:00
6517312,2022-07-11 14:45:16,N,3293.2,5579.47,53.3,0.0,2022-07-11 14:45:00
6517316,2022-07-11 14:50:16,N,3277.03,5501.29,53.3,0.0,2022-07-11 14:50:00
6517318,2022-07-11 14:55:13,N,3262.69,5558.49,53.3,0.0,2022-07-11 14:55:00
6517323,2022-07-11 15:00:19,N,3283.43,5626.91,53.4,0.0,2022-07-11 15:00:00
6517329,2022-07-11 15:05:19,N,3394.91,5992.55,0.0,0.0,2022-07-11 15:05:00
6517331,2022-07-11 15:10:14,N,3370.01,5953.82,0.0,0.0,2022-07-11 15:10:00
6517333,2022-07-11 15:15:14,N,3336.07,5846.12,0.4,0.0,2022-07-11 15:15:00
6517337,2022-07-11 15:20:16,N,3290.72,5842.21,0.4,0.0,2022-07-11 15:20:00
6517339,2022-07-11 15:25:14,N,3265.51,5779.64,0.4,0.0,2022-07-11 15:25:00
6517341,2022-07-11 15:30:16,N,3319.68,5978.3,0.0,0.0,2022-07-11 15:30:00
6517346,2022-07-11 15:35:16,N,3424.4,6233.47,0.0,0.0,2022-07-11 15:35:00
6517348,2022-07-11 15:40:15,N,3410.27,6186.78,0.4,0.0,2022-07-11 15:40:00
6517350,2022-07-11 15:45:15,N,3463.14,6383.5,0.4,0.0,2022-07-11 15:45:00
6517354,2022-07-11 15:50:15,N,3592.83,6565.08,0.4,0.0,2022-07-11 15:50:00
6517356,2022-07-11 15:55:17,N,3663.75,6752.94,0.4,0.0,2022-07-11 15:55:00
6517361,2022-07-11 16:00:21,N,3676.38,6677.75,0.4,0.0,2022-07-11 16:00:00
6517367,2022-07-11 16:05:18,N,3762.3,7071.66,0.0,0.0,2022-07-11 16:05:00
6517369,2022-07-11 16:10:16,N,3747.27,6969.49,0.0,0.0,2022-07-11 16:10:00
6517371,2022-07-11 16:15:16,N,3666.56,6733.28,0.0,0.0,2022-07-11 16:15:00
6517375,2022-07-11 16:20:16,N,3664.11,6906.38,0.0,0.0,2022-07-11 16:20:00
6517377,2022-07-11 16:25:16,N,3811.92,7175.17,0.0,0.0,2022-07-11 16:25:00
6517379,2022-07-11 16:30:16,N,3895.99,7276.74,0.0,0.0,2022-07-11 16:30:00
6517384,2022-07-11 16:35:17,N,3807.95,7180.62,18.0,0.0,2022-07-11 16:35:00
6517387,2022-07-11 16:40:15,N,3846.18,7399.73,18.0,0.0,2022-07-11 16:40:00
6517389,2022-07-11 16:45:16,N,3923.64,7541.86,18.0,0.0,2022-07-11 16:45:00
6517393,2022-07-11 16:50:16,N,3933.93,7700.59,18.0,0.0,2022-07-11 16:50:00
6517395,2022-07-11 16:55:17,N,3947.35,7955.98,18.0,0.0,2022-07-11 16:55:00
6517400,2022-07-11 17:00:21,N,3977.43,7715.29,43.5,0.0,2022-07-11 17:00:00
6517406,2022-07-11 17:05:15,N,3948.08,7642.9,39.8,0.0,2022-07-11 17:05:00
6517408,2022-07-11 17:10:14,N,3941.62,7900.56,18.0,0.0,2022-07-11 17:10:00
6517410,2022-07-11 17:15:16,N,3850.09,7452.09,18.0,0.0,2022-07-11 17:15:00
6517414,2022-07-11 17:20:16,N,3778.37,7247.02,282.5,0.0,2022-07-11 17:20:00
6517416,2022-07-11 17:25:15,N,3681.04,7112.31,410.75,0.0,2022-07-11 17:25:00
6517418,2022-07-11 17:30:16,N,3736.45,7467.16,335.5,0.0,2022-07-11 17:30:00
6517422,2022-07-11 17:35:18,N,3819.96,7845.96,335.5,0.0,2022-07-11 17:35:00
6517424,2022-07-11 17:40:16,N,3910.08,8069.55,392.5,0.0,2022-07-11 17:40:00
6517427,2022-07-11 17:45:16,N,3881.5,7825.19,403.48,0.0,2022-07-11 17:45:00
6517431,2022-07-11 17:50:17,N,3878.51,7750.1,335.9,0.0,2022-07-11 17:50:00
6517433,2022-07-11 17:55:18,N,3824.91,7654.69,339.3,0.0,2022-07-11 17:55:00
6517437,2022-07-11 18:00:22,N,3794.13,7957.17,381.7,0.0,2022-07-11 18:00:00
6517444,2022-07-11 18:05:17,N,3971.93,8292.04,389.7,0.0,2022-07-11 18:05:00
6517446,2022-07-11 18:10:16,N,4017.46,8484.77,407.1,0.0,2022-07-11 18:10:00
6517448,2022-07-11 18:15:15,N,4048.17,8155.75,477.0,0.0,2022-07-11 18:15:00
6517452,2022-07-11 18:20:18,N,3953.39,8014.02,505.1,0.0,2022-07-11 18:20:00
6517454,2022-07-11 18:25:15,N,3905.75,8118.46,625.4,0.0,2022-07-11 18:25:00
6517456,2022-07-11 18:30:16,N,4084.02,8411.84,582.7,0.0,2022-07-11 18:30:00
6517460,2022-07-11 18:35:18,N,4019.79,8583.5,776.2,0.0,2022-07-11 18:35:00
6517462,2022-07-11 18:40:17,N,4003.21,8224.76,617.1,0.0,2022-07-11 18:40:00
6517464,2022-07-11 18:45:14,N,3936.86,8044.98,691.7,0.0,2022-07-11 18:45:00
6517468,2022-07-11 18:50:19,N,3847.77,7876.33,674.9,0.0,2022-07-11 18:50:00
6517470,2022-07-11 18:55:18,N,3858.06,8070.51,779.9,0.0,2022-07-11 18:55:00
6517475,2022-07-11 19:00:19,N,3849.47,7976.14,619.7,0.0,2022-07-11 19:00:00
6517481,2022-07-11 19:05:18,N,3960.21,8258.99,756.9,0.0,2022-07-11 19:05:00
6517483,2022-07-11 19:10:17,N,4053.08,8333.88,783.9,0.0,2022-07-11 19:10:00
6517485,2022-07-11 19:15:17,N,4197.61,8762.5,703.9,0.0,2022-07-11 19:15:00
6517489,2022-07-11 19:20:18,N,4162.36,8360.88,802.9,0.0,2022-07-11 19:20:00
6517491,2022-07-11 19:25:18,N,4042.0,8373.66,816.11,0.0,2022-07-11 19:25:00
6517493,2022-07-11 19:30:17,N,3940.17,8203.58,816.78,0.0,2022-07-11 19:30:00
6517497,2022-07-11 19:35:18,N,3918.3,8281.63,896.78,0.0,2022-07-11 19:35:00
6517499,2022-07-11 19:40:18,N,3940.02,8484.7,896.58,0.0,2022-07-11 19:40:00
6517501,2022-07-11 19:45:16,N,3911.68,8417.42,937.47,0.0,2022-07-11 19:45:00
6517505,2022-07-11 19:50:17,N,3780.8,8193.58,853.78,0.0,2022-07-11 19:50:00
6517507,2022-07-11 19:55:17,N,3735.02,8019.32,853.67,0.0,2022-07-11 19:55:00
6517511,2022-07-11 20:00:22,N,3749.58,7802.83,1009.79,0.0,2022-07-11 20:00:00
6517518,2022-07-11 20:05:18,N,3861.21,8203.56,1015.37,0.0,2022-07-11 20:05:00
6517520,2022-07-11 20:10:17,N,3873.94,7933.91,959.08,0.0,2022-07-11 20:10:00
6517522,2022-07-11 20:15:18,N,3793.95,7737.55,960.47,0.0,2022-07-11 20:15:00
6517526,2022-07-11 20:20:17,N,3866.46,7743.06,957.47,0.0,2022-07-11 20:20:00
6517528,2022-07-11 20:25:17,N,3763.91,7511.82,915.07,0.0,2022-07-11 20:25:00
6517530,2022-07-11 20:30:16,N,3795.87,7379.4,913.57,0.0,2022-07-11 20:30:00
6517534,2022-07-11 20:35:18,N,3889.69,7567.65,969.22,0.0,2022-07-11 20:35:00
6517536,2022-07-11 20:40:17,N,3990.31,7886.98,911.71,0.0,2022-07-11 20:40:00
6517538,2022-07-11 20:45:17,N,4064.03,7854.49,911.02,0.0,2022-07-11 20:45:00
6517542,2022-07-11 20:50:17,N,4157.28,8082.94,1101.82,0.0,2022-07-11 20:50:00
6517544,2022-07-11 20:55:18,N,4198.25,8312.1,1044.51,0.0,2022-07-11 20:55:00
6517547,2022-07-11 21:00:21,N,4331.16,8481.88,1055.72,0.0,2022-07-11 21:00:00
6517555,2022-07-11 21:05:28,N,4410.12,8485.37,1110.39,0.0,2022-07-11 21:05:00
6517557,2022-07-11 21:10:17,N,4261.8,8401.67,1181.42,0.0,2022-07-11 21:10:00
6517559,2022-07-11 21:15:16,N,4138.85,8496.34,1349.16,0.0,2022-07-11 21:15:00
6517563,2022-07-11 21:20:19,N,4153.26,8715.03,1506.49,0.0,2022-07-11 21:20:00
6517565,2022-07-11 21:25:19,N,4256.87,9021.98,1589.69,0.0,2022-07-11 21:25:00
6517567,2022-07-11 21:30:18,N,4442.29,9404.59,1838.1,0.0,2022-07-11 21:30:00
6517571,2022-07-11 21:35:17,N,4569.11,9678.76,1914.99,0.0,2022-07-11 21:35:00
6517573,2022-07-11 21:40:17,N,4654.09,9958.07,2038.75,0.0,2022-07-11 21:40:00
6517575,2022-07-11 21:45:18,N,4780.9,10158.42,2062.17,0.0,2022-07-11 21:45:00
6517579,2022-07-11 21:50:21,N,4957.56,10441.94,2264.12,0.0,2022-07-11 21:50:00
6517581,2022-07-11 21:55:18,N,5067.41,10563.23,2656.57,0.0,2022-07-11 21:55:00
6517585,2022-07-11 22:00:22,N,4579.75,9521.51,3416.53,0.0,2022-07-11 22:00:00
6517592,2022-07-11 22:05:20,N,4632.6,9634.07,3877.16,0.0,2022-07-11 22:05:00
6517594,2022-07-11 22:10:18,N,4509.35,9217.77,3972.79,0.0,2022-07-11 22:10:00
6517596,2022-07-11 22:15:15,N,4504.43,9211.75,3972.58,0.0,2022-07-11 22:15:00
6517600,2022-07-11 22:20:18,N,4370.5,9290.31,4026.88,0.0,2022-07-11 22:20:00
6517602,2022-07-11 22:25:18,N,4438.86,9298.76,4160.86,0.0,2022-07-11 22:25:00
6517604,2022-07-11 22:30:16,N,4377.08,9502.62,4505.81,0.0,2022-07-11 22:30:00
6517608,2022-07-11 22:35:16,N,4544.83,10030.5,4747.42,0.0,2022-07-11 22:35:00
6517610,2022-07-11 22:40:17,N,4600.43,10420.88,4849.91,0.0,2022-07-11 22:40:00
6517612,2022-07-11 22:45:17,N,4685.85,10888.1,4956.95,0.0,2022-07-11 22:45:00
6517616,2022-07-11 22:50:17,N,4671.42,10885.26,4956.94,0.0,2022-07-11 22:50:00
6517618,2022-07-11 22:55:17,N,4595.78,10864.52,5151.91,0.0,2022-07-11 22:55:00
6517622,2022-07-11 23:00:21,N,4542.71,11163.24,5414.56,0.0,2022-07-11 23:00:00
6517629,2022-07-11 23:05:17,N,4623.47,11480.41,5414.59,0.0,2022-07-11 23:05:00
6517631,2022-07-11 23:10:16,N,4793.97,12182.85,5413.94,0.0,2022-07-11 23:10:00
6517633,2022-07-11 23:15:16,N,4784.98,12292.68,5413.1,0.0,2022-07-11 23:15:00
6517637,2022-07-11 23:20:14,N,4840.02,12447.78,5411.99,0.0,2022-07-11 23:20:00
6517639,2022-07-11 23:25:15,N,4910.31,12676.5,5412.43,0.0,2022-07-11 23:25:00
6517641,2022-07-11 23:30:16,N,4925.92,12991.01,5412.52,0.0,2022-07-11 23:30:00
6517645,2022-07-11 23:35:14,N,4949.32,13238.81,5412.09,0.0,2022-07-11 23:35:00
6517647,2022-07-11 23:40:16,N,4976.62,13341.24,5410.22,0.0,2022-07-11 23:40:00
6517649,2022-07-11 23:45:15,N,5057.48,13787.64,5411.2,0.0,2022-07-11 23:45:00
6517653,2022-07-11 23:50:16,N,5043.26,13728.61,5412.06,0.0,2022-07-11 23:50:00
6517655,2022-07-11 23:55:16,N,5332.78,14121.89,5411.56,0.0,2022-07-11 23:55:00
6517658,2022-07-12 00:00:21,N,5306.37,14000.15,5325.95,0.0,2022-07-12 00:00:00
6517666,2022-07-12 00:05:17,N,5274.73,13780.95,5613.23,0.0,2022-07-12 00:05:00
6517668,2022-07-12 00:10:15,N,5469.85,14220.92,5670.75,0.0,2022-07-12 00:10:00
6517670,2022-07-12 00:15:16,N,5544.98,14352.24,5778.09,0.0,2022-07-12 00:15:00
6517674,2022-07-12 00:20:18,N,5589.46,14741.32,5787.22,0.0,2022-07-12 00:20:00
6517676,2022-07-12 00:25:16,N,5860.72,15320.34,5788.5,0.0,2022-07-12 00:25:00
6517678,2022-07-12 00:30:15,N,6023.08,15336.64,5788.47,0.0,2022-07-12 00:30:00
6517682,2022-07-12 00:35:15,N,6110.11,15603.86,5788.49,0.0,2022-07-12 00:35:00
6517684,2022-07-12 00:40:17,N,6230.15,15872.48,5788.38,0.0,2022-07-12 00:40:00
6517686,2022-07-12 00:45:17,N,6368.82,16160.01,5788.29,0.0,2022-07-12 00:45:00
6517690,2022-07-12 00:50:16,N,6396.82,16352.39,5788.25,0.0,2022-07-12 00:50:00
6517692,2022-07-12 00:55:17,N,6392.56,16313.39,5788.38,0.0,2022-07-12 00:55:00
6517695,2022-07-12 01:00:23,N,6262.18,16005.99,5871.12,0.0,2022-07-12 01:00:00
6517704,2022-07-12 01:05:16,N,6291.03,16173.68,5874.87,0.0,2022-07-12 01:05:00
6517706,2022-07-12 01:10:16,N,6405.66,16569.91,5874.92,0.0,2022-07-12 01:10:00
6517708,2022-07-12 01:15:16,N,6401.97,16446.64,5872.55,0.0,2022-07-12 01:15:00
6517712,2022-07-12 01:20:16,N,6352.66,16429.8,5874.37,0.0,2022-07-12 01:20:00
6517714,2022-07-12 01:25:16,N,6402.46,16498.55,5874.98,0.0,2022-07-12 01:25:00
6517716,2022-07-12 01:30:16,N,6436.76,16828.8,5872.77,0.0,2022-07-12 01:30:00
6517720,2022-07-12 01:35:16,N,6512.6,16974.65,5879.93,0.0,2022-07-12 01:35:00
6517722,2022-07-12 01:40:15,N,6485.17,16964.42,5880.92,0.0,2022-07-12 01:40:00
6517724,2022-07-12 01:45:15,N,6487.6,16767.21,5880.3,0.0,2022-07-12 01:45:00
6517728,2022-07-12 01:50:15,N,6447.22,16674.93,5879.97,0.0,2022-07-12 01:50:00
6517730,2022-07-12 01:55:17,N,6501.11,16867.44,5880.49,0.0,2022-07-12 01:55:00
6517733,2022-07-12 02:00:22,N,6574.35,17057.27,5875.3,0.0,2022-07-12 02:00:00
6517741,2022-07-12 02:05:16,N,6559.91,16797.77,5871.18,0.0,2022-07-12 02:05:00
6517743,2022-07-12 02:10:15,N,6506.04,16822.25,5874.24,0.0,2022-07-12 02:10:00
6517745,2022-07-12 02:15:16,N,6530.53,16996.43,5875.21,0.0,2022-07-12 02:15:00
6517749,2022-07-12 02:20:17,N,6683.63,17308.7,5875.66,0.0,2022-07-12 02:20:00
6517751,2022-07-12 02:25:16,N,6831.22,17614.24,5874.32,0.0,2022-07-12 02:25:00
6517753,2022-07-12 02:30:16,N,6888.46,17758.76,5875.49,0.0,2022-07-12 02:30:00
6517757,2022-07-12 02:35:17,N,6940.73,17662.87,5874.87,0.0,2022-07-12 02:35:00
6517759,2022-07-12 02:40:17,N,6947.27,17781.21,5874.86,0.0,2022-07-12 02:40:00
6517761,2022-07-12 02:45:15,N,6970.58,17779.6,5875.41,0.0,2022-07-12 02:45:00
6517765,2022-07-12 02:50:19,N,6953.54,17759.81,5872.35,0.0,2022-07-12 02:50:00
6517767,2022-07-12 02:55:15,N,6948.44,17642.63,5888.26,0.0,2022-07-12 02:55:00
6517770,2022-07-12 03:00:20,N,7214.52,18632.68,5892.01,0.0,2022-07-12 03:00:00
6517778,2022-07-12 03:05:16,N,7225.02,18582.11,5892.05,0.0,2022-07-12 03:05:00
6517780,2022-07-12 03:10:16,N,7307.63,18698.68,5891.98,0.0,2022-07-12 03:10:00
6517782,2022-07-12 03:15:15,N,7403.16,18944.04,5892.04,0.0,2022-07-12 03:15:00
6517786,2022-07-12 03:20:15,N,7393.01,18781.21,5892.0,0.0,2022-07-12 03:20:00
6517788,2022-07-12 03:25:15,N,7338.53,18596.05,5892.07,0.0,2022-07-12 03:25:00
6517790,2022-07-12 03:30:15,N,7323.98,18446.68,5892.03,0.0,2022-07-12 03:30:00
6517794,2022-07-12 03:35:15,N,7324.02,18438.08,5891.99,0.0,2022-07-12 03:35:00
6517796,2022-07-12 03:40:16,N,7245.21,18290.02,5891.98,0.0,2022-07-12 03:40:00
6517798,2022-07-12 03:45:15,N,7260.19,18380.29,5791.85,0.0,2022-07-12 03:45:00
6517802,2022-07-12 03:50:17,N,7284.74,18479.65,5791.78,0.0,2022-07-12 03:50:00
6517804,2022-07-12 03:55:19,N,7249.13,18365.18,5791.86,0.0,2022-07-12 03:55:00
6517809,2022-07-12 04:00:27,N,7246.33,18259.45,5796.07,0.0,2022-07-12 04:00:00
6517815,2022-07-12 04:05:20,N,7288.27,18317.54,5796.11,0.0,2022-07-12 04:05:00
6517817,2022-07-12 04:10:16,N,7395.7,18497.05,5796.15,0.0,2022-07-12 04:10:00
6517819,2022-07-12 04:15:16,N,7371.48,18571.65,5796.1,0.0,2022-07-12 04:15:00
6517823,2022-07-12 04:20:15,N,7360.47,18476.58,5796.19,0.0,2022-07-12 04:20:00
6517825,2022-07-12 04:25:15,N,7340.39,18422.06,5796.19,0.0,2022-07-12 04:25:00
6517827,2022-07-12 04:30:14,N,7286.89,18262.77,5796.2,0.0,2022-07-12 04:30:00
6517831,2022-07-12 04:35:15,N,7240.47,17928.31,5796.06,0.0,2022-07-12 04:35:00
6517833,2022-07-12 04:40:14,N,7179.07,17927.64,5796.14,0.0,2022-07-12 04:40:00
6517835,2022-07-12 04:45:14,N,7420.35,18356.12,5796.01,0.0,2022-07-12 04:45:00
6517839,2022-07-12 04:50:15,N,7467.29,18479.12,5845.85,0.0,2022-07-12 04:50:00
6517841,2022-07-12 04:55:15,N,7534.03,18734.42,5846.11,0.0,2022-07-12 04:55:00
6517845,2022-07-12 05:00:18,N,7599.18,18734.5,5862.67,0.0,2022-07-12 05:00:00
6517852,2022-07-12 05:05:16,N,7420.39,18467.5,5743.6,0.0,2022-07-12 05:05:00
6517854,2022-07-12 05:10:14,N,7303.18,18031.28,5743.76,0.0,2022-07-12 05:10:00
6517856,2022-07-12 05:15:13,N,7070.5,17697.27,5743.74,0.0,2022-07-12 05:15:00
6517860,2022-07-12 05:20:15,N,7109.82,17803.94,5743.64,0.0,2022-07-12 05:20:00
6517863,2022-07-12 05:25:15,N,7108.25,17810.89,5743.68,0.0,2022-07-12 05:25:00
6517865,2022-07-12 05:30:15,N,7154.12,18105.52,5743.7,0.0,2022-07-12 05:30:00
6517869,2022-07-12 05:35:15,N,7099.87,17936.48,5743.69,0.0,2022-07-12 05:35:00
6517871,2022-07-12 05:40:13,N,7061.86,17683.95,5743.56,0.0,2022-07-12 05:40:00
6517873,2022-07-12 05:45:15,N,6989.72,17586.89,5735.13,0.0,2022-07-12 05:45:00
6517877,2022-07-12 05:50:15,N,6991.23,17667.55,5734.91,0.0,2022-07-12 05:50:00
6517879,2022-07-12 05:55:14,N,6975.27,17529.41,5734.89,0.0,2022-07-12 05:55:00
6517884,2022-07-12 06:00:19,N,6816.65,17044.61,5938.83,0.0,2022-07-12 06:00:00
6517890,2022-07-12 06:05:16,N,6702.71,16800.69,5949.3,0.0,2022-07-12 06:05:00
6517892,2022-07-12 06:10:15,N,6578.51,16494.0,5871.47,0.0,2022-07-12 06:10:00
6517894,2022-07-12 06:15:14,N,6476.17,16285.07,5871.39,0.0,2022-07-12 06:15:00
6517898,2022-07-12 06:20:16,N,6388.83,16184.13,5868.65,0.0,2022-07-12 06:20:00
6517900,2022-07-12 06:25:14,N,6315.52,16276.34,5869.81,0.0,2022-07-12 06:25:00
6517902,2022-07-12 06:30:15,N,6297.93,16178.04,5869.98,0.0,2022-07-12 06:30:00
6517906,2022-07-12 06:35:17,N,6280.49,16182.44,5869.54,0.0,2022-07-12 06:35:00
6517908,2022-07-12 06:40:16,N,6332.74,16418.59,5866.45,0.0,2022-07-12 06:40:00
6517910,2022-07-12 06:45:14,N,6400.53,16525.9,5867.29,0.0,2022-07-12 06:45:00
6517914,2022-07-12 06:50:18,N,6410.36,16357.09,5868.43,0.0,2022-07-12 06:50:00
6517916,2022-07-12 06:55:15,N,6317.15,15981.02,5867.71,0.0,2022-07-12 06:55:00
6517921,2022-07-12 07:00:19,N,6093.29,15718.3,5869.45,0.0,2022-07-12 07:00:00
6517927,2022-07-12 07:05:17,N,5923.23,15325.8,5870.6,0.0,2022-07-12 07:05:00
6517929,2022-07-12 07:10:16,N,5787.95,15313.55,5871.16,0.0,2022-07-12 07:10:00
6517931,2022-07-12 07:15:14,N,5840.09,15440.58,5871.01,0.0,2022-07-12 07:15:00
6517935,2022-07-12 07:20:15,N,5966.92,15703.4,5871.06,0.0,2022-07-12 07:20:00
6517937,2022-07-12 07:25:15,N,6051.74,15637.51,5870.7,0.0,2022-07-12 07:25:00
6517939,2022-07-12 07:30:15,N,6075.14,15865.56,5870.98,0.0,2022-07-12 07:30:00
6517943,2022-07-12 07:35:17,N,6198.56,15885.34,5871.02,0.0,2022-07-12 07:35:00
6517945,2022-07-12 07:40:13,N,6273.01,15998.82,5870.13,0.0,2022-07-12 07:40:00
6517947,2022-07-12 07:45:13,N,6327.89,16156.07,5870.43,0.0,2022-07-12 07:45:00
6517951,2022-07-12 07:50:16,N,6398.66,16202.83,5870.64,0.0,2022-07-12 07:50:00
6517953,2022-07-12 07:55:15,N,6420.86,16144.35,5870.35,0.0,2022-07-12 07:55:00
6517958,2022-07-12 08:00:21,N,6318.14,15921.73,5851.32,0.0,2022-07-12 08:00:00
6517964,2022-07-12 08:05:17,N,6257.39,15950.1,5901.34,0.0,2022-07-12 08:05:00
6517966,2022-07-12 08:10:14,N,6285.89,16042.01,5901.84,0.0,2022-07-12 08:10:00
6517968,2022-07-12 08:15:11,N,6310.86,16047.2,5903.77,0.0,2022-07-12 08:15:00
6517972,2022-07-12 08:20:13,N,6329.35,16192.9,5903.17,0.0,2022-07-12 08:20:00
6517974,2022-07-12 08:25:10,N,6444.05,16233.71,5903.84,0.0,2022-07-12 08:25:00
6517976,2022-07-12 08:30:11,N,6356.4,16005.53,5901.09,0.0,2022-07-12 08:30:00
6517980,2022-07-12 08:35:13,N,6429.78,16332.07,5901.58,0.0,2022-07-12 08:35:00
6517982,2022-07-12 08:40:10,N,6463.01,16554.4,5903.55,0.0,2022-07-12 08:40:00
6517984,2022-07-12 08:45:10,N,6510.63,16718.74,5903.28,0.0,2022-07-12 08:45:00
6517988,2022-07-12 08:50:13,N,6590.03,16760.66,5903.68,0.0,2022-07-12 08:50:00
6517990,2022-07-12 08:55:11,N,6724.46,17042.03,5903.4,0.0,2022-07-12 08:55:00
6517995,2022-07-12 09:00:14,N,6727.5,17220.98,5746.39,0.0,2022-07-12 09:00:00
6518001,2022-07-12 09:05:13,N,6795.97,17055.53,5698.09,0.0,2022-07-12 09:05:00
6518003,2022-07-12 09:10:11,N,6618.1,16499.71,5698.61,0.0,2022-07-12 09:10:00
6518005,2022-07-12 09:15:10,N,6407.66,16219.02,5698.94,0.0,2022-07-12 09:15:00
6518009,2022-07-12 09:20:14,N,6138.74,15664.51,5698.92,0.0,2022-07-12 09:20:00
6518011,2022-07-12 09:25:11,N,5810.86,15371.78,5697.78,0.0,2022-07-12 09:25:00
6518013,2022-07-12 09:30:10,N,5854.58,15346.07,5697.53,0.0,2022-07-12 09:30:00
6518017,2022-07-12 09:35:13,N,5736.65,15186.48,5698.66,0.0,2022-07-12 09:35:00
6518019,2022-07-12 09:40:12,N,5501.47,14471.41,5697.55,0.0,2022-07-12 09:40:00
6518021,2022-07-12 09:45:14,N,5132.45,14174.8,5486.03,0.0,2022-07-12 09:45:00
6518025,2022-07-12 09:50:14,N,4919.71,13837.63,5334.23,0.0,2022-07-12 09:50:00
6518027,2022-07-12 09:55:15,N,4872.63,13403.15,5284.53,0.0,2022-07-12 09:55:00
6518031,2022-07-12 10:00:17,N,4691.91,13146.07,5156.97,0.0,2022-07-12 10:00:00
6518041,2022-07-12 10:05:15,N,4482.54,12609.72,5169.52,0.0,2022-07-12 10:05:00
6518043,2022-07-12 10:10:14,N,4260.12,11909.99,5225.45,0.0,2022-07-12 10:10:00
6518045,2022-07-12 10:15:14,N,4137.24,11383.3,5225.0,0.0,2022-07-12 10:15:00
6518049,2022-07-12 10:20:13,N,4166.88,11350.34,4970.17,0.0,2022-07-12 10:20:00
6518051,2022-07-12 10:25:13,N,4244.19,11418.38,4720.25,0.0,2022-07-12 10:25:00
6518053,2022-07-12 10:30:15,N,4280.27,11478.18,4720.26,0.0,2022-07-12 10:30:00
6518057,2022-07-12 10:35:13,N,4172.83,11067.17,4720.07,0.0,2022-07-12 10:35:00
6518059,2022-07-12 10:40:14,N,4045.97,10819.5,4720.08,0.0,2022-07-12 10:40:00
6518061,2022-07-12 10:45:14,N,4054.83,10566.5,4719.95,0.0,2022-07-12 10:45:00
6518065,2022-07-12 10:50:15,N,4028.12,10430.43,4720.02,0.0,2022-07-12 10:50:00
6518067,2022-07-12 10:55:13,N,3923.56,10203.59,4534.54,0.0,2022-07-12 10:55:00
6518071,2022-07-12 11:00:18,N,3957.85,10314.73,4331.29,0.0,2022-07-12 11:00:00
6518078,2022-07-12 11:05:15,N,4256.2,10947.03,3602.7,0.0,2022-07-12 11:05:00
6518080,2022-07-12 11:10:14,N,4453.34,11176.38,3257.22,0.0,2022-07-12 11:10:00
6518082,2022-07-12 11:15:15,N,4670.96,11335.8,3211.72,0.0,2022-07-12 11:15:00
6518086,2022-07-12 11:20:14,N,4634.11,11516.64,3212.98,0.0,2022-07-12 11:20:00
6518088,2022-07-12 11:25:13,N,4618.84,11492.5,3221.39,0.0,2022-07-12 11:25:00
6518090,2022-07-12 11:30:16,N,4574.89,11329.52,3221.38,0.0,2022-07-12 11:30:00
6518094,2022-07-12 11:35:15,N,4538.9,11078.83,3221.43,0.0,2022-07-12 11:35:00
6518096,2022-07-12 11:40:15,N,4588.04,10973.73,3026.41,0.0,2022-07-12 11:40:00
6518098,2022-07-12 11:45:14,N,4501.64,10820.76,3026.24,0.0,2022-07-12 11:45:00
6518102,2022-07-12 11:50:16,N,4669.42,11331.78,2918.16,0.0,2022-07-12 11:50:00
6518104,2022-07-12 11:55:15,N,4536.11,11174.18,2918.3,0.0,2022-07-12 11:55:00
6518108,2022-07-12 12:00:22,N,4629.92,10566.61,2838.27,0.0,2022-07-12 12:00:00
6518115,2022-07-12 12:05:17,N,4616.52,10590.66,2840.38,0.0,2022-07-12 12:05:00
6518117,2022-07-12 12:10:15,N,4423.16,10178.82,2796.32,0.0,2022-07-12 12:10:00
6518119,2022-07-12 12:15:15,N,4282.78,9657.62,2732.3,0.0,2022-07-12 12:15:00
6518123,2022-07-12 12:20:15,N,4380.35,9792.96,2357.96,0.0,2022-07-12 12:20:00
6518125,2022-07-12 12:25:16,N,4485.46,9979.94,1933.83,0.0,2022-07-12 12:25:00
6518127,2022-07-12 12:30:18,N,4445.51,9852.93,1892.83,0.0,2022-07-12 12:30:00
6518131,2022-07-12 12:35:16,N,4432.33,9741.36,1892.83,0.0,2022-07-12 12:35:00
6518133,2022-07-12 12:40:15,N,4388.61,9275.49,1892.83,0.0,2022-07-12 12:40:00
6518135,2022-07-12 12:45:17,N,4356.24,8974.31,1806.83,0.0,2022-07-12 12:45:00
6518139,2022-07-12 12:50:17,N,4402.22,9161.61,1806.83,0.0,2022-07-12 12:50:00
6518141,2022-07-12 12:55:17,N,4234.23,8624.27,1806.63,0.0,2022-07-12 12:55:00
6518146,2022-07-12 13:00:19,N,4343.09,8265.87,1730.05,0.0,2022-07-12 13:00:00
6518152,2022-07-12 13:05:16,N,4316.16,8050.38,1589.95,0.0,2022-07-12 13:05:00
6518154,2022-07-12 13:10:15,N,4213.52,7660.28,1589.95,0.0,2022-07-12 13:10:00
6518156,2022-07-12 13:15:18,N,4079.78,7215.97,1589.95,0.0,2022-07-12 13:15:00
6518160,2022-07-12 13:20:14,N,4005.0,6959.11,1539.95,0.0,2022-07-12 13:20:00
6518162,2022-07-12 13:25:15,N,3773.21,6893.09,1439.45,0.0,2022-07-12 13:25:00
6518164,2022-07-12 13:30:18,N,3686.13,6442.71,1403.45,0.0,2022-07-12 13:30:00
6518168,2022-07-12 13:35:17,N,3597.06,6178.12,1403.45,0.0,2022-07-12 13:35:00
6518170,2022-07-12 13:40:15,N,3499.03,5904.35,1403.45,0.0,2022-07-12 13:40:00
6518172,2022-07-12 13:45:16,N,3487.9,5816.57,1295.45,1.7564,2022-07-12 13:45:00
6518176,2022-07-12 13:50:17,N,3315.79,5371.69,1244.45,0.0,2022-07-12 13:50:00
6518178,2022-07-12 13:55:17,N,3402.67,5586.5,1146.45,1.6646,2022-07-12 13:55:00
6518182,2022-07-12 14:00:21,N,3511.97,5777.18,1117.65,2.2521,2022-07-12 14:00:00
6518189,2022-07-12 14:05:19,N,3575.91,5458.59,1117.65,0.0,2022-07-12 14:05:00
6518191,2022-07-12 14:10:15,N,3603.16,5453.28,1117.65,0.0,2022-07-12 14:10:00
6518193,2022-07-12 14:15:14,N,3696.27,5408.14,1117.65,16.786,2022-07-12 14:15:00
6518197,2022-07-12 14:20:18,N,3496.53,4916.85,1117.65,0.0,2022-07-12 14:20:00
6518199,2022-07-12 14:25:16,N,3399.98,4686.3,1117.65,0.0,2022-07-12 14:25:00
6518203,2022-07-12 14:30:15,N,3618.91,5081.7,1099.65,41.4584,2022-07-12 14:30:00
6518208,2022-07-12 14:32:39,N,3409.55,4694.78,1099.65,0.0,2022-07-12 14:30:00
6518209,2022-07-12 14:35:16,N,3371.94,4627.83,1099.65,0.006,2022-07-12 14:35:00
6518211,2022-07-12 14:40:16,N,3389.62,4605.72,1099.65,85.4673,2022-07-12 14:40:00
6518213,2022-07-12 14:45:16,N,3411.68,4786.81,1099.65,0.0008,2022-07-12 14:45:00
6518217,2022-07-12 14:50:17,N,3553.95,5066.2,1099.65,124.9936,2022-07-12 14:50:00
6518219,2022-07-12 14:55:17,N,3392.26,4516.26,1099.65,0.0,2022-07-12 14:55:00
6518224,2022-07-12 15:00:19,N,3302.34,4579.44,1099.47,41.3976,2022-07-12 15:00:00
6518230,2022-07-12 15:05:17,N,3503.28,4960.93,1099.9,124.9956,2022-07-12 15:05:00
6518232,2022-07-12 15:10:14,N,3328.08,4675.88,1100.26,99.9987,2022-07-12 15:10:00
6518234,2022-07-12 15:12:52,N,3179.57,4296.07,1100.26,0.0,2022-07-12 15:10:00
6518235,2022-07-12 15:15:15,N,3228.96,4022.69,1100.26,0.0,2022-07-12 15:15:00
6518239,2022-07-12 15:20:17,N,3344.36,4405.59,1100.26,1.5523,2022-07-12 15:20:00
6518241,2022-07-12 15:25:14,N,3572.68,4464.36,1098.96,124.9911,2022-07-12 15:25:00
6518243,2022-07-12 15:30:17,N,3523.62,4590.94,1098.96,99.9939,2022-07-12 15:30:00
6518247,2022-07-12 15:35:16,N,3391.37,4207.78,1098.96,0.0,2022-07-12 15:35:00
6518249,2022-07-12 15:40:16,N,3368.5,3941.52,1098.96,0.0,2022-07-12 15:40:00
6518251,2022-07-12 15:45:15,N,3287.3,4075.45,1041.96,0.8348,2022-07-12 15:45:00
6518255,2022-07-12 15:50:15,N,3365.78,3950.59,1041.96,0.0,2022-07-12 15:50:00
6518257,2022-07-12 15:55:18,N,3341.51,3958.75,1041.96,0.4957,2022-07-12 15:55:00
6518261,2022-07-12 16:00:20,N,3406.35,4333.11,1040.17,148.4897,2022-07-12 16:00:00
6518268,2022-07-12 16:05:17,N,3554.48,4773.27,1040.45,143.773,2022-07-12 16:05:00
6518270,2022-07-12 16:10:16,N,3430.13,4290.04,1040.56,95.094,2022-07-12 16:10:00
6518272,2022-07-12 16:15:16,N,3442.24,4497.4,1190.56,119.4056,2022-07-12 16:15:00
6518276,2022-07-12 16:20:16,N,3499.71,4697.65,1040.56,62.781,2022-07-12 16:20:00
6518278,2022-07-12 16:25:16,N,3633.48,4982.27,1040.56,36.2877,2022-07-12 16:25:00
6518280,2022-07-12 16:30:17,N,3529.21,4607.14,1040.56,117.5959,2022-07-12 16:30:00
6518284,2022-07-12 16:35:17,N,3440.48,4669.74,1040.56,60.3985,2022-07-12 16:35:00
6518286,2022-07-12 16:40:17,N,3550.38,4829.82,1040.56,29.3859,2022-07-12 16:40:00
6518288,2022-07-12 16:45:17,N,3620.58,4876.46,1040.56,28.7271,2022-07-12 16:45:00
6518292,2022-07-12 16:50:18,N,3637.21,4922.56,1040.56,29.5225,2022-07-12 16:50:00
6518294,2022-07-12 16:55:17,N,3612.14,4790.83,1040.56,19.2907,2022-07-12 16:55:00
6518298,2022-07-12 17:00:22,N,3674.61,5046.13,1054.07,36.5621,2022-07-12 17:00:00
6518305,2022-07-12 17:05:19,N,3740.61,5209.47,1041.56,31.7239,2022-07-12 17:05:00
6518307,2022-07-12 17:10:17,N,3597.98,4787.83,1041.56,1.1032,2022-07-12 17:10:00
6518309,2022-07-12 17:15:17,N,3615.99,4881.06,1041.56,3.1966,2022-07-12 17:15:00
6518313,2022-07-12 17:20:18,N,3688.27,5087.53,1041.56,27.5256,2022-07-12 17:20:00
6518315,2022-07-12 17:25:16,N,3831.62,5367.6,1041.56,5.8141,2022-07-12 17:25:00
6518317,2022-07-12 17:30:17,N,4001.75,5781.66,1048.66,12.3167,2022-07-12 17:30:00
6518321,2022-07-12 17:35:16,N,4071.01,6192.52,1084.36,9.4307,2022-07-12 17:35:00
6518369,2022-07-12 17:45:47,N,3993.5,6067.07,1105.56,2.2459,2022-07-12 17:45:00
6518370,2022-07-12 17:47:03,N,3996.44,6111.24,1173.68,2.3375,2022-07-12 17:45:00
6518372,2022-07-12 17:50:18,N,3952.57,6187.51,1173.68,1.4967,2022-07-12 17:50:00
6518375,2022-07-12 17:55:17,N,4074.02,6439.07,1106.26,1.9821,2022-07-12 17:55:00
6518380,2022-07-12 18:00:22,N,4002.01,6703.6,1113.96,2.1164,2022-07-12 18:00:00
6518387,2022-07-12 18:05:18,N,4039.24,6395.0,1116.34,0.9414,2022-07-12 18:05:00
6518389,2022-07-12 18:10:19,N,4072.24,6277.45,1261.65,2.1663,2022-07-12 18:10:00
6518391,2022-07-12 18:15:18,N,4061.35,6582.42,1288.85,1.7906,2022-07-12 18:15:00
6518395,2022-07-12 18:20:18,N,4308.44,7120.33,1315.35,6.5566,2022-07-12 18:20:00
6518397,2022-07-12 18:25:18,N,4148.08,6821.8,1331.85,1.5766,2022-07-12 18:25:00
6518399,2022-07-12 18:30:18,N,4126.12,7090.6,1331.85,5.0389,2022-07-12 18:30:00
6518403,2022-07-12 18:35:20,N,4378.13,7457.89,1371.35,6.2009,2022-07-12 18:35:00
6518405,2022-07-12 18:40:18,N,4383.1,7706.99,1330.65,2.6804,2022-07-12 18:40:00
6518407,2022-07-12 18:45:18,N,4355.44,7727.98,1373.15,2.4705,2022-07-12 18:45:00
6518411,2022-07-12 18:50:18,N,4216.15,7282.92,1500.56,0.0,2022-07-12 18:50:00
6518413,2022-07-12 18:55:18,N,4247.38,7115.93,1504.72,0.1709,2022-07-12 18:55:00
6518416,2022-07-12 19:00:21,N,4391.09,7169.67,1484.43,0.0,2022-07-12 19:00:00
6518424,2022-07-12 19:05:19,N,4376.24,7357.33,1492.82,0.9346,2022-07-12 19:05:00
6518426,2022-07-12 19:10:19,N,4469.93,7590.87,1493.63,3.3468,2022-07-12 19:10:00
6518428,2022-07-12 19:15:18,N,4503.17,7864.34,1493.63,3.6179,2022-07-12 19:15:00
6518432,2022-07-12 19:20:17,N,4353.73,7339.54,1614.22,0.8623,2022-07-12 19:20:00
6518434,2022-07-12 19:25:23,N,4181.94,6939.58,1614.42,0.0,2022-07-12 19:25:00
6518436,2022-07-12 19:30:18,N,4038.92,6592.56,1687.09,0.0,2022-07-12 19:30:00
6518440,2022-07-12 19:35:20,N,4076.25,6728.87,1660.78,0.0,2022-07-12 19:35:00
6518442,2022-07-12 19:40:18,N,4091.98,6862.21,1592.13,0.3155,2022-07-12 19:40:00
6518444,2022-07-12 19:45:18,N,4015.18,6773.75,1551.01,0.5297,2022-07-12 19:45:00
6518449,2022-07-12 19:50:19,N,4054.02,6644.48,1620.87,0.2846,2022-07-12 19:50:00
6518451,2022-07-12 19:55:19,N,3931.72,6494.1,1468.43,0.0,2022-07-12 19:55:00
6518455,2022-07-12 20:00:23,N,3885.33,6215.64,1429.87,0.0,2022-07-12 20:00:00
6518461,2022-07-12 20:02:50,N,3792.24,5930.82,1499.87,0.0,2022-07-12 20:00:00
6518463,2022-07-12 20:04:34,N,3817.72,5797.6,1500.31,0.0,2022-07-12 20:00:00
6518464,2022-07-12 20:05:19,N,3767.21,5769.08,1501.13,0.0,2022-07-12 20:05:00
6518466,2022-07-12 20:09:01,N,3731.98,5582.6,1500.94,0.0,2022-07-12 20:05:00
6518467,2022-07-12 20:10:18,N,3733.01,5563.61,1500.94,0.0,2022-07-12 20:10:00
6518469,2022-07-12 20:11:48,N,3713.73,5437.71,1500.65,0.0,2022-07-12 20:10:00
6518470,2022-07-12 20:15:19,N,3658.95,4819.98,1410.85,0.0,2022-07-12 20:15:00
6518474,2022-07-12 20:20:17,N,3847.39,5335.41,1411.75,1.0699,2022-07-12 20:20:00
6518476,2022-07-12 20:25:16,N,3991.91,5282.69,1414.23,18.8187,2022-07-12 20:25:00
6518478,2022-07-12 20:30:17,N,4051.15,5606.61,1414.31,4.6719,2022-07-12 20:30:00
6518482,2022-07-12 20:35:07,N,3853.62,4580.57,1411.42,0.0,2022-07-12 20:35:00
6518484,2022-07-12 20:35:38,N,3805.12,4487.41,1411.21,0.0,2022-07-12 20:35:00
6518485,2022-07-12 20:40:17,N,3900.77,4720.29,1302.43,0.0,2022-07-12 20:40:00
6518487,2022-07-12 20:45:19,N,4132.19,5159.07,1451.93,5.9369,2022-07-12 20:45:00
6518491,2022-07-12 20:50:17,N,3982.82,5142.93,1449.83,2.881,2022-07-12 20:50:00
6518493,2022-07-12 20:55:18,N,3870.84,4863.01,1583.53,0.0,2022-07-12 20:55:00
6518497,2022-07-12 21:00:22,N,3869.53,5225.79,1601.08,27.7909,2022-07-12 21:00:00
6518504,2022-07-12 21:05:18,N,3945.71,5439.9,1590.08,8.5975,2022-07-12 21:05:00
6518506,2022-07-12 21:10:16,N,4058.6,5701.33,1590.08,4.525,2022-07-12 21:10:00
6518508,2022-07-12 21:15:16,N,4022.23,5549.33,1590.08,0.0,2022-07-12 21:15:00
6518512,2022-07-12 21:20:18,N,3979.04,5719.21,1590.08,0.1001,2022-07-12 21:20:00
6518514,2022-07-12 21:25:16,N,3949.15,5674.59,1590.08,0.2218,2022-07-12 21:25:00
6518516,2022-07-12 21:30:17,N,3960.82,5771.18,1590.08,0.8627,2022-07-12 21:30:00
6518520,2022-07-12 21:35:18,N,3989.96,6033.88,1590.08,6.3535,2022-07-12 21:35:00
6518522,2022-07-12 21:40:18,N,4118.69,6555.95,1590.08,13.4781,2022-07-12 21:40:00
6518524,2022-07-12 21:45:18,N,4289.92,6984.95,1632.08,11.3756,2022-07-12 21:45:00
6518528,2022-07-12 21:50:18,N,4297.94,6333.65,1921.08,3.3573,2022-07-12 21:50:00
6518530,2022-07-12 21:51:46,N,4279.08,6031.47,1963.78,0.2597,2022-07-12 21:50:00
6518531,2022-07-12 21:52:43,N,4251.6,6058.13,2182.48,0.274,2022-07-12 21:50:00
6518532,2022-07-12 21:55:18,N,4171.73,6222.52,2275.18,2.4007,2022-07-12 21:55:00
6518536,2022-07-12 22:00:22,N,3579.5,6955.87,2903.48,0.0,2022-07-12 22:00:00
6518543,2022-07-12 22:05:21,N,3857.99,7420.52,3069.55,0.0,2022-07-12 22:05:00
6518545,2022-07-12 22:10:17,N,3991.45,7577.89,3069.55,0.0,2022-07-12 22:10:00
6518547,2022-07-12 22:15:19,N,4118.01,7384.19,3152.64,0.0,2022-07-12 22:15:00
6518551,2022-07-12 22:20:18,N,3879.64,7189.71,3337.55,0.0,2022-07-12 22:20:00
6518553,2022-07-12 22:25:19,N,3944.62,7884.64,3302.01,0.0,2022-07-12 22:25:00
6518555,2022-07-12 22:30:17,N,4071.32,8194.95,3463.01,0.0,2022-07-12 22:30:00
6518559,2022-07-12 22:35:20,N,4113.6,8561.39,3510.58,0.0,2022-07-12 22:35:00
6518561,2022-07-12 22:40:15,N,4311.22,8956.64,3516.3,0.0,2022-07-12 22:40:00
6518563,2022-07-12 22:45:16,N,4328.85,9101.13,3562.89,0.0,2022-07-12 22:45:00
6518567,2022-07-12 22:50:18,N,4290.53,9442.37,3625.79,0.0,2022-07-12 22:50:00
6518569,2022-07-12 22:55:17,N,4320.19,9431.48,3898.33,0.0,2022-07-12 22:55:00
6518573,2022-07-12 23:00:19,N,4176.5,9205.02,3923.88,0.0,2022-07-12 23:00:00
6518580,2022-07-12 23:05:18,N,4275.24,9201.71,4267.69,0.0,2022-07-12 23:05:00
6518582,2022-07-12 23:10:16,N,4075.63,8927.16,4318.9,0.0,2022-07-12 23:10:00
6518584,2022-07-12 23:15:18,N,3983.35,8957.31,4397.02,0.0,2022-07-12 23:15:00
6518588,2022-07-12 23:20:18,N,4106.04,9063.21,4481.53,0.0,2022-07-12 23:20:00
6518590,2022-07-12 23:25:16,N,4039.83,8899.89,4592.91,0.0,2022-07-12 23:25:00
6518592,2022-07-12 23:30:16,N,4013.61,8768.85,4681.9,0.0,2022-07-12 23:30:00
6518596,2022-07-12 23:35:19,N,4008.18,8902.18,4620.74,0.0,2022-07-12 23:35:00
6518598,2022-07-12 23:40:17,N,4118.89,9351.45,4773.03,0.0,2022-07-12 23:40:00
6518600,2022-07-12 23:45:17,N,4191.34,9788.85,5148.49,0.0,2022-07-12 23:45:00
6518604,2022-07-12 23:50:18,N,4087.8,9643.06,5081.75,0.0,2022-07-12 23:50:00
6518606,2022-07-12 23:55:17,N,4198.29,9647.45,5384.8,0.0,2022-07-12 23:55:00
6518614,2022-07-13 00:00:35,N,4192.76,9772.2,5342.67,0.0,2022-07-13 00:00:00
6518617,2022-07-13 00:05:17,N,4284.1,10353.03,5392.74,0.0,2022-07-13 00:05:00
6518619,2022-07-13 00:10:14,N,4204.93,10377.95,5393.32,0.0,2022-07-13 00:10:00
6518621,2022-07-13 00:15:16,N,4287.09,10358.47,5393.12,0.0,2022-07-13 00:15:00
6518625,2022-07-13 00:20:11,N,4299.67,10341.97,5393.62,0.0,2022-07-13 00:20:00
6518627,2022-07-13 00:25:12,N,4315.18,10592.06,5440.05,0.0,2022-07-13 00:25:00
6518629,2022-07-13 00:30:11,N,4365.49,10545.64,5478.39,0.0,2022-07-13 00:30:00
6518633,2022-07-13 00:35:11,N,4428.33,10671.5,5394.05,0.0,2022-07-13 00:35:00
6518635,2022-07-13 00:40:16,N,4287.99,10345.13,5471.0,0.0,2022-07-13 00:40:00
6518637,2022-07-13 00:45:10,N,4278.64,10512.4,5431.98,0.0,2022-07-13 00:45:00
6518641,2022-07-13 00:50:10,N,4351.7,10887.28,5431.83,0.0,2022-07-13 00:50:00
6518643,2022-07-13 00:55:12,N,4342.17,10701.8,5393.45,0.0,2022-07-13 00:55:00
6518648,2022-07-13 01:00:15,N,4297.69,10709.36,5397.31,0.0,2022-07-13 01:00:00
6518655,2022-07-13 01:05:12,N,4223.83,10716.88,5398.3,0.0,2022-07-13 01:05:00
6518657,2022-07-13 01:10:10,N,4199.14,10491.81,5396.72,0.0,2022-07-13 01:10:00
6518659,2022-07-13 01:15:10,N,4144.92,10323.45,5397.83,0.0,2022-07-13 01:15:00
6518663,2022-07-13 01:20:11,N,4174.43,10490.94,5397.58,0.0,2022-07-13 01:20:00
6518665,2022-07-13 01:25:11,N,4295.29,10654.23,5397.6,0.0,2022-07-13 01:25:00
6518667,2022-07-13 01:30:11,N,4326.01,10957.38,5398.52,0.0,2022-07-13 01:30:00
6518671,2022-07-13 01:35:13,N,4421.95,11228.96,5397.09,0.0,2022-07-13 01:35:00
6518673,2022-07-13 01:40:11,N,4407.99,11402.32,5397.71,0.0,2022-07-13 01:40:00
6518675,2022-07-13 01:45:11,N,4455.25,11647.61,5398.43,0.0,2022-07-13 01:45:00
6518679,2022-07-13 01:50:13,N,4493.52,11765.84,5396.89,0.0,2022-07-13 01:50:00
6518681,2022-07-13 01:55:12,N,4551.8,12097.52,5397.56,0.0,2022-07-13 01:55:00
6518685,2022-07-13 02:00:14,N,4571.28,12110.83,5439.55,0.0,2022-07-13 02:00:00
6518692,2022-07-13 02:05:11,N,4526.32,11930.05,5437.81,0.0,2022-07-13 02:05:00
6518694,2022-07-13 02:10:12,N,4576.02,12095.59,5438.81,0.0,2022-07-13 02:10:00
6518696,2022-07-13 02:15:11,N,4664.9,12337.76,5437.38,0.0,2022-07-13 02:15:00
6518700,2022-07-13 02:20:12,N,4604.25,12290.13,5400.65,0.0,2022-07-13 02:20:00
6518702,2022-07-13 02:25:11,N,4551.8,12326.18,5400.63,0.0,2022-07-13 02:25:00
6518704,2022-07-13 02:30:10,N,4652.07,12351.66,5399.51,0.0,2022-07-13 02:30:00
6518708,2022-07-13 02:35:13,N,4637.99,12349.27,5399.95,0.0,2022-07-13 02:35:00
6518710,2022-07-13 02:40:11,N,4602.5,12372.29,5400.24,0.0,2022-07-13 02:40:00
6518712,2022-07-13 02:45:10,N,4675.07,12526.19,5438.51,0.0,2022-07-13 02:45:00
6518716,2022-07-13 02:50:13,N,4752.48,12648.56,5438.6,0.0,2022-07-13 02:50:00
6518718,2022-07-13 02:55:10,N,4806.78,12845.99,5436.38,0.0,2022-07-13 02:55:00
6518723,2022-07-13 03:00:14,N,4984.58,13682.93,5433.68,0.0,2022-07-13 03:00:00
6518729,2022-07-13 03:05:11,N,5058.67,13756.9,5433.88,0.0,2022-07-13 03:05:00
6518731,2022-07-13 03:10:10,N,5138.73,13784.83,5420.38,0.0,2022-07-13 03:10:00
6518733,2022-07-13 03:15:10,N,5231.71,13914.53,5421.67,0.0,2022-07-13 03:15:00
6518737,2022-07-13 03:20:11,N,5218.89,14004.37,5420.33,0.0,2022-07-13 03:20:00
6518739,2022-07-13 03:25:10,N,5168.53,13805.94,5420.98,0.0,2022-07-13 03:25:00
6518741,2022-07-13 03:30:11,N,5272.37,13939.35,5421.6,0.0,2022-07-13 03:30:00
6518745,2022-07-13 03:35:11,N,5262.79,14060.57,5421.16,0.0,2022-07-13 03:35:00
6518747,2022-07-13 03:40:10,N,5230.51,13784.63,5418.88,0.0,2022-07-13 03:40:00
6518749,2022-07-13 03:45:11,N,5186.35,13651.05,5328.81,0.0,2022-07-13 03:45:00
6518753,2022-07-13 03:50:13,N,5249.55,13914.31,5329.38,0.0,2022-07-13 03:50:00
6518755,2022-07-13 03:55:12,N,5212.26,13717.4,5329.26,0.0,2022-07-13 03:55:00
6518759,2022-07-13 04:00:14,N,5265.98,13818.46,5336.47,0.0,2022-07-13 04:00:00
6518766,2022-07-13 04:05:13,N,5134.22,13698.06,5337.31,0.0,2022-07-13 04:05:00
6518768,2022-07-13 04:10:12,N,5137.22,13632.91,5337.54,0.0,2022-07-13 04:10:00
6518770,2022-07-13 04:15:11,N,5100.03,13612.52,5437.09,0.0,2022-07-13 04:15:00
6518774,2022-07-13 04:20:11,N,5137.01,13629.43,5436.18,0.0,2022-07-13 04:20:00
6518776,2022-07-13 04:25:10,N,5104.62,13565.43,5437.38,0.0,2022-07-13 04:25:00
6518778,2022-07-13 04:30:11,N,5026.27,13312.04,5435.83,0.0,2022-07-13 04:30:00
6518782,2022-07-13 04:35:11,N,5079.14,13561.64,5437.13,0.0,2022-07-13 04:35:00
6518784,2022-07-13 04:40:10,N,5138.87,13574.05,5437.57,0.0,2022-07-13 04:40:00
6518786,2022-07-13 04:45:10,N,5170.15,13623.9,5435.37,0.0,2022-07-13 04:45:00
6518790,2022-07-13 04:50:12,N,5085.14,13465.78,5437.35,0.0,2022-07-13 04:50:00
6518792,2022-07-13 04:55:10,N,5092.68,13477.83,5437.44,0.0,2022-07-13 04:55:00
6518796,2022-07-13 05:00:14,N,5177.91,13507.82,5441.83,0.0,2022-07-13 05:00:00
6518803,2022-07-13 05:05:11,N,5109.05,13328.55,5441.96,0.0,2022-07-13 05:05:00
6518805,2022-07-13 05:10:10,N,5041.15,13212.07,5442.38,0.0,2022-07-13 05:10:00
6518807,2022-07-13 05:15:11,N,4941.49,12836.82,5442.88,0.0,2022-07-13 05:15:00
6518811,2022-07-13 05:20:11,N,4900.69,12919.51,5441.25,0.0,2022-07-13 05:20:00
6518814,2022-07-13 05:25:10,N,4883.82,12843.72,5441.55,0.0,2022-07-13 05:25:00
6518816,2022-07-13 05:30:10,N,4887.23,12772.0,5442.97,0.0,2022-07-13 05:30:00
6518820,2022-07-13 05:35:11,N,4816.08,12711.88,5441.85,0.0,2022-07-13 05:35:00
6518822,2022-07-13 05:40:11,N,4799.59,12528.47,5441.08,0.0,2022-07-13 05:40:00
6518824,2022-07-13 05:45:10,N,4766.76,12345.79,5440.54,0.0,2022-07-13 05:45:00
6518828,2022-07-13 05:50:11,N,4831.85,12561.14,5440.57,0.0,2022-07-13 05:50:00
6518830,2022-07-13 05:55:11,N,4839.6,12459.73,5441.15,0.0,2022-07-13 05:55:00
6518833,2022-07-13 06:00:15,N,4805.06,12418.46,5455.54,0.0,2022-07-13 06:00:00
6518841,2022-07-13 06:05:11,N,4686.95,12124.12,5466.55,0.0,2022-07-13 06:05:00
6518843,2022-07-13 06:10:10,N,4629.34,12022.28,5466.65,0.0,2022-07-13 06:10:00
6518845,2022-07-13 06:15:10,N,4595.77,11945.57,5525.01,0.0,2022-07-13 06:15:00
6518849,2022-07-13 06:20:12,N,4634.58,12058.17,5525.35,0.0,2022-07-13 06:20:00
6518851,2022-07-13 06:25:10,N,4606.82,11915.1,5525.36,0.0,2022-07-13 06:25:00
6518853,2022-07-13 06:30:10,N,4480.45,11590.45,5525.38,0.0,2022-07-13 06:30:00
6518857,2022-07-13 06:35:11,N,4440.21,11476.65,5525.37,0.0,2022-07-13 06:35:00
6518859,2022-07-13 06:40:10,N,4483.71,11586.47,5525.2,0.0,2022-07-13 06:40:00
6518861,2022-07-13 06:45:10,N,4503.11,11721.46,5524.96,0.0,2022-07-13 06:45:00
6518865,2022-07-13 06:50:11,N,4477.13,11569.33,5525.33,0.0,2022-07-13 06:50:00
6518867,2022-07-13 06:55:10,N,4411.3,11081.31,5525.27,0.0,2022-07-13 06:55:00
6518871,2022-07-13 07:00:20,N,4348.68,10927.69,5524.02,0.0,2022-07-13 07:00:00
6518878,2022-07-13 07:05:17,N,4237.55,10655.75,5525.24,0.0,2022-07-13 07:05:00
6518880,2022-07-13 07:10:15,N,4230.6,10474.79,5524.81,0.0,2022-07-13 07:10:00
6518882,2022-07-13 07:15:15,N,4220.31,10625.78,5567.63,0.0,2022-07-13 07:15:00
6518886,2022-07-13 07:20:16,N,4325.88,10881.4,5568.16,0.0,2022-07-13 07:20:00
6518888,2022-07-13 07:25:16,N,4390.89,10952.52,5568.3,0.0,2022-07-13 07:25:00
6518890,2022-07-13 07:30:16,N,4349.14,11019.05,5568.26,0.0,2022-07-13 07:30:00
6518894,2022-07-13 07:35:16,N,4376.96,10926.25,5568.28,0.0,2022-07-13 07:35:00
6518896,2022-07-13 07:40:17,N,4489.21,11109.35,5568.27,0.0,2022-07-13 07:40:00
6518898,2022-07-13 07:45:15,N,4440.46,10962.38,5568.09,0.0,2022-07-13 07:45:00
6518902,2022-07-13 07:50:14,N,4434.96,11112.34,5568.18,0.0,2022-07-13 07:50:00
6518904,2022-07-13 07:55:15,N,4456.0,10878.57,5525.15,0.0,2022-07-13 07:55:00
6518908,2022-07-13 08:00:20,N,4381.0,10684.93,5507.38,0.0,2022-07-13 08:00:00
6518915,2022-07-13 08:05:11,N,4460.64,10810.32,5507.67,0.0,2022-07-13 08:05:00
6518917,2022-07-13 08:10:11,N,4501.12,10889.26,5507.75,0.0,2022-07-13 08:10:00
6518919,2022-07-13 08:15:10,N,4460.42,10923.05,5507.65,0.0,2022-07-13 08:15:00
6518923,2022-07-13 08:20:11,N,4435.86,10835.01,5507.63,0.0,2022-07-13 08:20:00
6518925,2022-07-13 08:25:11,N,4416.84,10863.0,5507.59,0.0,2022-07-13 08:25:00
6518927,2022-07-13 08:30:10,N,4413.56,10878.15,5507.44,0.0,2022-07-13 08:30:00
6518931,2022-07-13 08:35:10,N,4434.55,10965.45,5507.64,0.0,2022-07-13 08:35:00
6518933,2022-07-13 08:40:11,N,4336.21,10791.81,5507.61,0.0,2022-07-13 08:40:00
6518935,2022-07-13 08:45:11,N,4382.18,11077.38,5507.43,0.0,2022-07-13 08:45:00
6518939,2022-07-13 08:50:11,N,4477.94,11195.16,5546.48,0.0,2022-07-13 08:50:00
6518941,2022-07-13 08:55:10,N,4549.17,11274.24,5546.16,0.0,2022-07-13 08:55:00
6518946,2022-07-13 09:00:13,N,4554.18,11485.0,5471.22,0.0,2022-07-13 09:00:00
6518952,2022-07-13 09:05:11,N,4623.68,11679.04,5473.51,0.0,2022-07-13 09:05:00
6518954,2022-07-13 09:08:46,N,4505.34,11406.32,5473.77,0.0,2022-07-13 09:05:00
6518955,2022-07-13 09:10:10,N,4461.44,11201.55,5473.83,0.0,2022-07-13 09:10:00
6518957,2022-07-13 09:15:10,N,4353.08,10874.08,5386.86,0.0,2022-07-13 09:15:00
6518961,2022-07-13 09:20:11,N,4432.16,10938.9,5386.84,0.0,2022-07-13 09:20:00
6518963,2022-07-13 09:25:12,N,4344.14,10521.29,5386.72,0.0,2022-07-13 09:25:00
6518965,2022-07-13 09:30:11,N,4348.95,10613.56,5386.63,0.0,2022-07-13 09:30:00
6518969,2022-07-13 09:35:12,N,4409.43,10610.59,5386.4,0.0,2022-07-13 09:35:00
6518971,2022-07-13 09:40:10,N,4298.57,10095.41,5386.34,0.0,2022-07-13 09:40:00
6518973,2022-07-13 09:45:11,N,4134.52,9643.76,5386.61,0.0,2022-07-13 09:45:00
6518977,2022-07-13 09:50:10,N,4142.29,9437.16,5282.64,0.0,2022-07-13 09:50:00
6518979,2022-07-13 09:55:10,N,4199.07,9467.76,4978.79,0.0,2022-07-13 09:55:00
6518983,2022-07-13 10:00:21,N,4103.82,9178.01,4909.32,0.0,2022-07-13 10:00:00
6518993,2022-07-13 10:05:17,N,4004.02,9047.85,4581.33,0.0,2022-07-13 10:05:00
6518995,2022-07-13 10:10:14,N,3932.23,8707.59,4475.5,0.0,2022-07-13 10:10:00
6518997,2022-07-13 10:15:16,N,3897.15,8550.8,4663.4,0.0,2022-07-13 10:15:00
6519001,2022-07-13 10:20:15,N,3846.75,8392.81,4171.68,0.0,2022-07-13 10:20:00
6519003,2022-07-13 10:25:15,N,3672.68,8145.29,3849.68,0.0,2022-07-13 10:25:00
6519005,2022-07-13 10:30:15,N,3539.07,7802.58,3759.68,0.0,2022-07-13 10:30:00
6519009,2022-07-13 10:35:16,N,3476.94,7213.39,3673.68,0.0,2022-07-13 10:35:00
6519011,2022-07-13 10:40:14,N,3430.36,7238.11,3197.68,0.0,2022-07-13 10:40:00
6519013,2022-07-13 10:45:14,N,3414.01,7092.39,3111.68,0.0,2022-07-13 10:45:00
6519018,2022-07-13 10:50:15,N,3400.8,7154.05,2717.88,0.0,2022-07-13 10:50:00
6519020,2022-07-13 10:55:15,N,3384.75,7228.88,2717.88,0.0,2022-07-13 10:55:00
6519024,2022-07-13 11:00:19,N,3436.02,7447.37,2690.18,0.0,2022-07-13 11:00:00
6519031,2022-07-13 11:05:15,N,3443.04,7993.65,2029.8,0.0,2022-07-13 11:05:00
6519033,2022-07-13 11:10:14,N,3448.59,7908.46,2030.3,0.0,2022-07-13 11:10:00
6519035,2022-07-13 11:15:15,N,3343.86,7570.77,2029.2,0.0,2022-07-13 11:15:00
6519039,2022-07-13 11:20:17,N,3258.42,7007.17,2030.3,0.0,2022-07-13 11:20:00
6519041,2022-07-13 11:25:15,N,3239.01,6496.42,2015.8,0.0,2022-07-13 11:25:00
6519043,2022-07-13 11:30:15,N,3129.83,6130.43,2122.4,0.0,2022-07-13 11:30:00
6519047,2022-07-13 11:35:16,N,3109.54,5935.96,1950.4,0.0,2022-07-13 11:35:00
6519049,2022-07-13 11:40:15,N,3295.66,6013.42,1847.7,0.0,2022-07-13 11:40:00
6519051,2022-07-13 11:45:15,N,3270.9,5908.75,1791.3,0.0,2022-07-13 11:45:00
6519055,2022-07-13 11:50:15,N,3380.33,6681.8,1452.3,0.0,2022-07-13 11:50:00
6519057,2022-07-13 11:55:17,N,3581.08,6958.87,1452.3,0.0,2022-07-13 11:55:00
6519061,2022-07-13 12:00:19,N,3521.2,6509.89,1495.0,0.0,2022-07-13 12:00:00
6519068,2022-07-13 12:05:18,N,3455.07,6515.72,1033.6,0.0,2022-07-13 12:05:00
6519070,2022-07-13 12:10:15,N,3381.74,6058.89,989.0,0.0,2022-07-13 12:10:00
6519072,2022-07-13 12:15:15,N,3352.51,5896.26,944.4,0.0,2022-07-13 12:15:00
6519076,2022-07-13 12:20:17,N,3339.93,5600.16,901.4,0.0,2022-07-13 12:20:00
6519078,2022-07-13 12:25:15,N,3270.5,5523.09,714.8,0.0,2022-07-13 12:25:00
6519080,2022-07-13 12:30:16,N,3271.66,5492.29,714.8,0.0,2022-07-13 12:30:00
6519084,2022-07-13 12:35:18,N,3104.01,5200.48,714.8,0.0,2022-07-13 12:35:00
6519087,2022-07-13 12:40:15,N,2877.44,4641.56,714.8,0.0,2022-07-13 12:40:00
6519090,2022-07-13 12:45:16,N,2735.46,4508.09,421.9,0.0,2022-07-13 12:45:00
6519094,2022-07-13 12:50:17,N,2789.22,4459.94,231.2,0.0,2022-07-13 12:50:00
6519096,2022-07-13 12:55:16,N,3008.88,4889.56,274.2,0.0,2022-07-13 12:55:00
6519099,2022-07-13 13:00:21,N,2996.04,4819.75,271.2,0.0,2022-07-13 13:00:00
6519107,2022-07-13 13:05:17,N,2978.41,4807.02,140.9,0.0,2022-07-13 13:05:00
6519109,2022-07-13 13:10:16,N,2893.36,4545.56,140.9,0.0,2022-07-13 13:10:00
6519111,2022-07-13 13:15:15,N,2961.73,4547.86,140.9,0.0,2022-07-13 13:15:00
6519115,2022-07-13 13:20:17,N,2839.15,4292.78,140.9,0.0,2022-07-13 13:20:00
6519117,2022-07-13 13:25:16,N,2786.01,3923.8,153.06,0.0,2022-07-13 13:25:00
6519119,2022-07-13 13:30:16,N,2986.84,4143.11,108.76,0.0,2022-07-13 13:30:00
6519124,2022-07-13 13:35:18,N,3090.24,4387.91,43.0,0.0,2022-07-13 13:35:00
6519126,2022-07-13 13:40:17,N,2965.45,4282.44,43.0,0.0,2022-07-13 13:40:00
6519128,2022-07-13 13:45:15,N,3045.61,4410.34,43.0,0.0,2022-07-13 13:45:00
6519132,2022-07-13 13:50:18,N,2957.64,4360.78,43.0,0.0,2022-07-13 13:50:00
6519134,2022-07-13 13:55:16,N,2899.67,4349.25,43.0,0.0,2022-07-13 13:55:00
6519139,2022-07-13 14:00:22,N,2923.85,4183.52,43.0,0.0,2022-07-13 14:00:00
6519145,2022-07-13 14:05:18,N,3089.36,4318.19,0.0,0.0,2022-07-13 14:05:00
6519147,2022-07-13 14:10:16,N,3234.76,4422.35,0.0,0.0,2022-07-13 14:10:00
6519149,2022-07-13 14:15:15,N,3421.46,4732.53,0.0,0.0,2022-07-13 14:15:00
6519153,2022-07-13 14:20:16,N,3318.09,4434.46,0.0,0.0,2022-07-13 14:20:00
6519155,2022-07-13 14:25:17,N,3043.66,3907.02,0.0,0.0,2022-07-13 14:25:00
6519159,2022-07-13 14:30:17,N,3120.72,3979.9,0.0,0.0,2022-07-13 14:30:00
6519165,2022-07-13 14:35:17,N,2950.92,3670.8,0.0,0.0,2022-07-13 14:35:00
6519167,2022-07-13 14:40:16,N,2828.31,3270.51,0.0,0.0,2022-07-13 14:40:00
6519169,2022-07-13 14:45:20,N,2893.59,3553.48,0.0,0.0,2022-07-13 14:45:00
6519173,2022-07-13 14:50:17,N,2969.17,3769.21,0.0,0.0,2022-07-13 14:50:00
6519175,2022-07-13 14:55:18,N,2765.64,3345.46,0.0,0.0,2022-07-13 14:55:00
6519179,2022-07-13 15:00:24,N,2636.51,3097.86,0.4,0.0,2022-07-13 15:00:00
6519185,2022-07-13 15:03:06,N,2672.25,3183.33,0.4,0.0,2022-07-13 15:00:00
6519187,2022-07-13 15:05:17,N,2666.43,3093.49,0.0,0.0,2022-07-13 15:05:00
6519189,2022-07-13 15:07:17,N,2677.87,3095.63,0.0,0.0,2022-07-13 15:05:00
6519190,2022-07-13 15:10:18,N,2653.72,3017.19,0.0,0.0,2022-07-13 15:10:00
6519192,2022-07-13 15:12:21,N,2626.63,2994.06,0.0,0.0,2022-07-13 15:10:00
6519193,2022-07-13 15:13:24,N,2622.63,2918.82,0.0,0.0,2022-07-13 15:10:00
6519194,2022-07-13 15:15:16,N,2606.15,2951.65,0.0,0.0,2022-07-13 15:15:00
6519198,2022-07-13 15:20:18,N,2538.7,2836.09,0.0,0.0,2022-07-13 15:20:00
6519200,2022-07-13 15:25:16,N,2524.47,2909.11,0.0,0.0,2022-07-13 15:25:00
6519202,2022-07-13 15:30:17,N,2593.59,3214.36,0.0,16.5279,2022-07-13 15:30:00
6519207,2022-07-13 15:35:18,N,2920.14,3718.23,0.0,159.9678,2022-07-13 15:35:00
6519209,2022-07-13 15:40:17,N,2741.55,3537.62,0.0,102.2533,2022-07-13 15:40:00
6519211,2022-07-13 15:45:18,N,2804.42,3656.92,0.0,144.9405,2022-07-13 15:45:00
6519215,2022-07-13 15:50:20,N,2901.72,3867.24,0.0,512.2726,2022-07-13 15:50:00
6519217,2022-07-13 15:55:20,N,2711.36,3564.92,0.0,115.5742,2022-07-13 15:55:00
6519221,2022-07-13 16:00:24,N,2623.11,3248.93,0.8,47.1121,2022-07-13 16:00:00
6519228,2022-07-13 16:05:24,N,2714.38,3310.87,0.8,70.0966,2022-07-13 16:05:00
6519230,2022-07-13 16:10:19,N,2812.3,3705.77,0.3,815.5121,2022-07-13 16:10:00
6519232,2022-07-13 16:15:18,N,2675.72,3405.91,0.0,117.1965,2022-07-13 16:15:00
6519236,2022-07-13 16:20:20,N,2627.34,3330.62,0.0,99.7677,2022-07-13 16:20:00
6519238,2022-07-13 16:25:19,N,2531.05,3121.68,0.0,0.0,2022-07-13 16:25:00
6519240,2022-07-13 16:30:21,N,2655.32,3021.25,0.0,0.0,2022-07-13 16:30:00
6519245,2022-07-13 16:35:21,N,2663.13,3421.66,0.0,18.5508,2022-07-13 16:35:00
6519247,2022-07-13 16:40:21,N,2833.89,4041.84,0.0,863.585,2022-07-13 16:40:00
6519249,2022-07-13 16:43:28,N,2870.19,4123.87,0.0,899.2739,2022-07-13 16:40:00
6519250,2022-07-13 16:45:20,N,2849.79,4089.76,0.0,887.2462,2022-07-13 16:45:00
6519254,2022-07-13 16:50:21,N,2836.95,4166.44,0.0,920.6208,2022-07-13 16:50:00
6519256,2022-07-13 16:55:20,N,2877.04,4359.96,0.0,1586.8145,2022-07-13 16:55:00
6519260,2022-07-13 17:00:29,N,2847.47,4402.69,15.3,978.252,2022-07-13 17:00:00
6519267,2022-07-13 17:05:21,N,2865.8,4530.16,1.6,1345.032,2022-07-13 17:05:00
6519269,2022-07-13 17:10:21,N,2751.11,4537.22,2.1,396.0773,2022-07-13 17:10:00
6519271,2022-07-13 17:15:22,N,2793.76,4402.9,0.0,401.4454,2022-07-13 17:15:00
6519275,2022-07-13 17:20:20,N,2714.06,4303.39,30.0,283.9003,2022-07-13 17:20:00
6519277,2022-07-13 17:25:19,N,2698.37,3973.91,30.0,0.0,2022-07-13 17:25:00
6519279,2022-07-13 17:30:20,N,2713.87,3959.72,30.0,0.0,2022-07-13 17:30:00
6519284,2022-07-13 17:35:21,N,2871.92,4268.57,30.0,70.0597,2022-07-13 17:35:00
6519286,2022-07-13 17:40:21,N,2818.14,4334.24,30.0,0.0,2022-07-13 17:40:00
6519288,2022-07-13 17:45:21,N,2903.31,4322.37,30.0,0.0,2022-07-13 17:45:00
6519292,2022-07-13 17:50:22,N,2856.15,4489.82,0.0,0.0,2022-07-13 17:50:00
6519294,2022-07-13 17:55:23,N,2841.41,4342.81,0.0,0.0,2022-07-13 17:55:00
6519298,2022-07-13 18:00:25,N,2896.93,4358.1,49.8,295.144,2022-07-13 18:00:00
6519305,2022-07-13 18:05:24,N,2943.52,4934.54,0.0,2680.502,2022-07-13 18:05:00
6519307,2022-07-13 18:10:21,N,3095.34,5352.31,1.0,2730.9644,2022-07-13 18:10:00
6519309,2022-07-13 18:15:19,N,3044.79,5369.14,15.5,2633.2188,2022-07-13 18:15:00
6519313,2022-07-13 18:20:22,N,3056.06,5328.86,17.0,2640.4753,2022-07-13 18:20:00
6519315,2022-07-13 18:25:19,N,3189.13,5376.01,17.0,2716.0493,2022-07-13 18:25:00
6519317,2022-07-13 18:30:19,N,3143.44,5507.79,17.0,2617.6592,2022-07-13 18:30:00
6519322,2022-07-13 18:35:21,N,3242.63,5671.88,17.0,1289.0328,2022-07-13 18:35:00
6519324,2022-07-13 18:40:20,N,3462.14,6038.99,17.0,1734.4088,2022-07-13 18:40:00
6519326,2022-07-13 18:45:19,N,3613.51,6387.42,17.0,532.0042,2022-07-13 18:45:00
6519330,2022-07-13 18:50:22,N,3693.93,6300.0,52.5,1039.8044,2022-07-13 18:50:00
6519332,2022-07-13 18:55:19,N,3850.16,6687.17,66.7,116.9444,2022-07-13 18:55:00
6519336,2022-07-13 19:00:27,N,3792.28,6486.61,85.5,201.4911,2022-07-13 19:00:00
6519344,2022-07-13 19:05:21,N,3676.12,5892.89,95.9,809.9901,2022-07-13 19:05:00
6519346,2022-07-13 19:10:17,N,3650.68,5926.34,263.9,1171.2131,2022-07-13 19:10:00
6519348,2022-07-13 19:15:16,N,3728.35,6387.48,199.9,119.2091,2022-07-13 19:15:00
6519352,2022-07-13 19:20:17,N,3703.89,6228.49,417.0,98.7491,2022-07-13 19:20:00
6519354,2022-07-13 19:25:16,N,3528.66,5334.05,774.23,1444.6307,2022-07-13 19:25:00
6519356,2022-07-13 19:26:46,N,3459.04,4886.14,904.58,265.2217,2022-07-13 19:25:00
6519357,2022-07-13 19:27:42,N,3378.43,4774.98,889.16,1012.3508,2022-07-13 19:25:00
6519358,2022-07-13 19:28:10,N,3375.57,4738.74,889.16,1302.5298,2022-07-13 19:25:00
6519359,2022-07-13 19:30:17,N,3425.13,5099.79,824.33,422.6915,2022-07-13 19:30:00
6519363,2022-07-13 19:35:16,N,3395.16,5385.61,908.53,1535.207,2022-07-13 19:35:00
6519365,2022-07-13 19:40:17,N,3524.29,5751.99,904.13,147.5091,2022-07-13 19:40:00
6519367,2022-07-13 19:45:17,N,3563.27,5957.04,642.37,111.6814,2022-07-13 19:45:00
6519371,2022-07-13 19:50:16,N,3530.32,5819.73,642.37,216.7639,2022-07-13 19:50:00
6519373,2022-07-13 19:55:17,N,3573.47,5925.63,727.24,113.0139,2022-07-13 19:55:00
6519377,2022-07-13 20:00:22,N,3445.25,5743.58,665.3,262.4271,2022-07-13 20:00:00
6519384,2022-07-13 20:05:18,N,3442.22,5862.4,664.9,111.5225,2022-07-13 20:05:00
6519386,2022-07-13 20:10:18,N,3295.8,5722.97,664.9,115.0074,2022-07-13 20:10:00
6519388,2022-07-13 20:15:16,N,3268.51,5755.37,732.58,99.3639,2022-07-13 20:15:00
6519392,2022-07-13 20:20:18,N,3290.67,5595.94,800.54,105.4975,2022-07-13 20:20:00
6519394,2022-07-13 20:25:18,N,3322.02,5727.5,1113.06,100.4316,2022-07-13 20:25:00
6519396,2022-07-13 20:30:17,N,3297.07,5667.42,1113.06,91.2041,2022-07-13 20:30:00
6519400,2022-07-13 20:35:19,N,3300.59,5751.1,1045.1,76.587,2022-07-13 20:35:00
6519402,2022-07-13 20:40:16,N,3256.32,5668.51,1045.1,74.6464,2022-07-13 20:40:00
6519404,2022-07-13 20:45:15,N,3208.51,5481.18,1100.8,79.0627,2022-07-13 20:45:00
6519408,2022-07-13 20:50:16,N,3138.91,5532.53,1134.9,71.0742,2022-07-13 20:50:00
6519410,2022-07-13 20:55:18,N,3169.69,5642.22,1135.1,31.2268,2022-07-13 20:55:00
6519414,2022-07-13 21:00:23,N,3298.9,5668.91,1141.9,35.6158,2022-07-13 21:00:00
6519421,2022-07-13 21:05:18,N,3372.04,6077.59,1196.1,10.8757,2022-07-13 21:05:00
6519423,2022-07-13 21:10:16,N,3341.8,6122.93,1140.1,11.5402,2022-07-13 21:10:00
6519425,2022-07-13 21:15:17,N,3378.85,6127.81,1203.3,9.7717,2022-07-13 21:15:00
6519429,2022-07-13 21:20:16,N,3311.64,6323.69,1262.0,10.5914,2022-07-13 21:20:00
6519431,2022-07-13 21:25:16,N,3413.39,6509.58,1240.9,4.2973,2022-07-13 21:25:00
6519433,2022-07-13 21:30:16,N,3668.42,6811.2,1259.1,2.382,2022-07-13 21:30:00
6519437,2022-07-13 21:35:16,N,3881.5,7150.8,1391.07,1.3295,2022-07-13 21:35:00
6519439,2022-07-13 21:40:17,N,4045.95,7418.19,1349.0,0.9693,2022-07-13 21:40:00
6519441,2022-07-13 21:45:17,N,4159.6,7897.04,1510.09,0.0377,2022-07-13 21:45:00
6519445,2022-07-13 21:50:16,N,4236.28,7573.44,1826.3,0.6464,2022-07-13 21:50:00
6519447,2022-07-13 21:55:17,N,4158.7,7771.16,2538.94,0.0422,2022-07-13 21:55:00
6519452,2022-07-13 22:00:22,N,3899.1,7628.11,2983.84,12.2425,2022-07-13 22:00:00
6519458,2022-07-13 22:05:19,N,4106.24,8218.68,3243.68,7.8007,2022-07-13 22:05:00
6519460,2022-07-13 22:10:17,N,4026.19,7984.38,3332.43,8.6506,2022-07-13 22:10:00
6519462,2022-07-13 22:11:56,N,3997.01,7998.74,3535.67,8.6522,2022-07-13 22:10:00
6519463,2022-07-13 22:15:17,N,3967.07,7984.8,3889.59,7.0281,2022-07-13 22:15:00
6519467,2022-07-13 22:20:17,N,3930.74,8556.6,4003.54,1.1572,2022-07-13 22:20:00
6519469,2022-07-13 22:25:15,N,3924.7,8796.59,3949.28,0.0858,2022-07-13 22:25:00
6519471,2022-07-13 22:30:16,N,3848.35,8804.17,4108.24,0.0044,2022-07-13 22:30:00
6519475,2022-07-13 22:35:16,N,3795.04,8883.49,4257.24,0.0807,2022-07-13 22:35:00
6519477,2022-07-13 22:40:16,N,3890.82,9186.18,4220.57,1.4583,2022-07-13 22:40:00
6519479,2022-07-13 22:45:16,N,3903.89,9220.27,4323.57,1.9448,2022-07-13 22:45:00
6519483,2022-07-13 22:50:18,N,3827.15,8906.5,4661.57,0.0001,2022-07-13 22:50:00
6519485,2022-07-13 22:55:17,N,3771.23,9097.2,4693.07,0.0005,2022-07-13 22:55:00
6519488,2022-07-13 23:00:20,N,3907.51,9361.94,5045.07,0.0004,2022-07-13 23:00:00
6519496,2022-07-13 23:05:18,N,3895.34,9739.61,5089.69,0.0,2022-07-13 23:05:00
6519498,2022-07-13 23:10:15,N,3965.73,9847.36,5063.39,0.0,2022-07-13 23:10:00
6519500,2022-07-13 23:15:16,N,4072.79,10136.78,5229.69,0.0,2022-07-13 23:15:00
6519504,2022-07-13 23:20:15,N,4215.01,10086.14,5240.99,0.0,2022-07-13 23:20:00
6519506,2022-07-13 23:25:15,N,4171.4,10285.65,5212.59,0.0,2022-07-13 23:25:00
6519508,2022-07-13 23:30:10,N,4259.15,10651.48,5508.49,0.0,2022-07-13 23:30:00
6519512,2022-07-13 23:35:10,N,4358.15,10890.3,5566.79,0.0,2022-07-13 23:35:00
6519514,2022-07-13 23:40:16,N,4414.46,10836.43,5763.99,0.0,2022-07-13 23:40:00
6519516,2022-07-13 23:45:17,N,4462.25,11037.77,5763.49,0.0,2022-07-13 23:45:00
6519520,2022-07-13 23:50:16,N,4460.68,11247.03,5946.99,0.0,2022-07-13 23:50:00
6519522,2022-07-13 23:55:16,N,4499.85,11359.74,5986.49,0.0,2022-07-13 23:55:00
6519525,2022-07-14 00:00:22,N,4562.71,11353.49,6012.06,0.0,2022-07-14 00:00:00
6519533,2022-07-14 00:05:18,N,4609.1,11515.66,5969.43,0.0,2022-07-14 00:05:00
6519535,2022-07-14 00:10:15,N,4595.08,11424.77,5968.3,0.0,2022-07-14 00:10:00
6519537,2022-07-14 00:15:17,N,4555.49,11315.43,5969.7,0.0,2022-07-14 00:15:00
6519541,2022-07-14 00:20:17,N,4563.88,11666.57,5970.1,0.0,2022-07-14 00:20:00
6519543,2022-07-14 00:25:17,N,4532.91,11616.76,5930.3,0.0,2022-07-14 00:25:00
6519545,2022-07-14 00:30:17,N,4552.74,11464.86,5981.17,0.0,2022-07-14 00:30:00
6519549,2022-07-14 00:35:16,N,4550.59,11422.21,6143.06,0.0,2022-07-14 00:35:00
6519551,2022-07-14 00:40:18,N,4577.06,11705.8,6143.97,0.0,2022-07-14 00:40:00
6519553,2022-07-14 00:45:17,N,4571.65,11784.18,6143.72,0.0,2022-07-14 00:45:00
6519557,2022-07-14 00:50:17,N,4575.33,11796.76,6143.66,0.0,2022-07-14 00:50:00
6519559,2022-07-14 00:55:18,N,4600.11,11908.69,6143.84,0.0,2022-07-14 00:55:00
6519563,2022-07-14 01:00:21,N,4450.75,11730.6,6145.94,0.0,2022-07-14 01:00:00
6519571,2022-07-14 01:05:17,N,4391.98,11544.34,6147.78,0.0,2022-07-14 01:05:00
6519573,2022-07-14 01:10:17,N,4370.77,11536.75,6203.5,0.0,2022-07-14 01:10:00
6519575,2022-07-14 01:15:16,N,4335.23,11381.05,6357.74,0.0,2022-07-14 01:15:00
6519579,2022-07-14 01:20:16,N,4344.29,11479.42,6358.87,0.0,2022-07-14 01:20:00
6519581,2022-07-14 01:25:16,N,4330.39,11408.93,6358.78,0.0,2022-07-14 01:25:00
6519583,2022-07-14 01:30:16,N,4298.35,11329.74,6359.01,0.0,2022-07-14 01:30:00
6519587,2022-07-14 01:35:18,N,4367.69,11307.4,6359.27,0.0,2022-07-14 01:35:00
6519589,2022-07-14 01:40:18,N,4362.25,11563.59,6359.29,0.0,2022-07-14 01:40:00
6519591,2022-07-14 01:45:17,N,4423.21,11665.87,6358.95,0.0,2022-07-14 01:45:00
6519595,2022-07-14 01:50:18,N,4464.01,11849.16,6358.66,0.0,2022-07-14 01:50:00
6519597,2022-07-14 01:55:16,N,4423.6,11833.79,6319.61,0.0,2022-07-14 01:55:00
6519600,2022-07-14 02:00:22,N,4447.34,11709.34,6296.26,0.0,2022-07-14 02:00:00
6519608,2022-07-14 02:05:18,N,4563.06,11921.94,6346.7,0.0,2022-07-14 02:05:00
6519610,2022-07-14 02:10:17,N,4571.58,12066.3,6346.35,0.0,2022-07-14 02:10:00
6519612,2022-07-14 02:15:15,N,4569.62,12182.98,6345.62,0.0,2022-07-14 02:15:00
6519616,2022-07-14 02:20:17,N,4602.02,12172.75,6346.63,0.0,2022-07-14 02:20:00
6519618,2022-07-14 02:25:15,N,4753.93,12476.95,6346.71,0.0,2022-07-14 02:25:00
6519620,2022-07-14 02:30:16,N,4792.95,12710.7,6345.64,0.0,2022-07-14 02:30:00
6519624,2022-07-14 02:35:17,N,4709.8,12700.69,6346.17,0.0,2022-07-14 02:35:00
6519626,2022-07-14 02:40:17,N,4711.49,12706.63,6347.05,0.0,2022-07-14 02:40:00
6519628,2022-07-14 02:45:16,N,4780.96,12893.16,6346.71,0.0,2022-07-14 02:45:00
6519632,2022-07-14 02:50:18,N,4877.93,13237.75,6346.8,0.0,2022-07-14 02:50:00
6519634,2022-07-14 02:55:17,N,4933.53,13472.6,6346.55,0.0,2022-07-14 02:55:00
6519637,2022-07-14 03:00:22,N,5141.83,14367.06,6390.72,0.0,2022-07-14 03:00:00
6519645,2022-07-14 03:05:18,N,5083.65,14416.41,6407.32,0.0,2022-07-14 03:05:00
6519647,2022-07-14 03:10:16,N,5143.94,14435.29,6421.01,0.0,2022-07-14 03:10:00
6519649,2022-07-14 03:15:16,N,5223.23,14717.56,6421.31,0.0,2022-07-14 03:15:00
6519653,2022-07-14 03:20:17,N,5354.99,14923.05,6421.17,0.0,2022-07-14 03:20:00
6519655,2022-07-14 03:25:16,N,5465.72,15033.8,6447.16,0.0,2022-07-14 03:25:00
6519657,2022-07-14 03:30:17,N,5566.2,15265.96,6673.2,0.0,2022-07-14 03:30:00
6519661,2022-07-14 03:35:18,N,5552.82,15350.6,6673.22,0.0,2022-07-14 03:35:00
6519663,2022-07-14 03:40:17,N,5605.06,15375.53,6574.27,0.0,2022-07-14 03:40:00
6519665,2022-07-14 03:45:18,N,5620.64,15365.19,6574.06,0.0,2022-07-14 03:45:00
6519669,2022-07-14 03:50:18,N,5564.63,15468.92,6546.62,0.0,2022-07-14 03:50:00
6519671,2022-07-14 03:55:13,N,5650.96,15609.83,6546.13,0.0,2022-07-14 03:55:00
6519676,2022-07-14 04:00:18,N,5790.34,15415.76,6553.67,0.0,2022-07-14 04:00:00
6519682,2022-07-14 04:05:13,N,5784.1,15529.64,6555.76,0.0,2022-07-14 04:05:00
6519684,2022-07-14 04:10:12,N,5823.75,15378.15,6545.31,0.0,2022-07-14 04:10:00
6519686,2022-07-14 04:15:11,N,5853.16,15599.91,6545.19,0.0,2022-07-14 04:15:00
6519690,2022-07-14 04:20:10,N,5859.59,15604.42,6546.09,0.0,2022-07-14 04:20:00
6519692,2022-07-14 04:25:11,N,6047.4,16090.33,6542.43,0.0,2022-07-14 04:25:00
6519694,2022-07-14 04:30:12,N,6141.97,16114.16,6546.3,0.0,2022-07-14 04:30:00
6519698,2022-07-14 04:35:12,N,6219.43,16412.47,6546.2,0.0,2022-07-14 04:35:00
6519700,2022-07-14 04:40:12,N,6142.79,16272.04,6546.78,0.0,2022-07-14 04:40:00
6519702,2022-07-14 04:45:11,N,6076.7,16116.34,6546.46,0.0,2022-07-14 04:45:00
6519706,2022-07-14 04:50:11,N,6061.29,15982.06,6555.48,0.0,2022-07-14 04:50:00
6519708,2022-07-14 04:55:11,N,6093.16,16002.39,6555.12,0.0,2022-07-14 04:55:00
6519711,2022-07-14 05:00:17,N,6009.85,15737.78,6494.69,0.0,2022-07-14 05:00:00
6519719,2022-07-14 05:05:11,N,5872.05,15474.62,6494.81,0.0,2022-07-14 05:05:00
6519721,2022-07-14 05:10:11,N,5681.46,15192.02,6492.86,0.0,2022-07-14 05:10:00
6519723,2022-07-14 05:15:11,N,5600.85,15253.99,6493.89,0.0,2022-07-14 05:15:00
6519727,2022-07-14 05:20:10,N,5536.03,15212.64,6562.73,0.0,2022-07-14 05:20:00
6519730,2022-07-14 05:25:11,N,5505.88,15155.71,6563.14,0.0,2022-07-14 05:25:00
6519732,2022-07-14 05:30:11,N,5569.74,15216.01,6563.34,0.0,2022-07-14 05:30:00
6519736,2022-07-14 05:35:12,N,5656.39,15334.34,6562.47,0.0,2022-07-14 05:35:00
6519738,2022-07-14 05:40:12,N,5680.66,15371.09,6561.72,0.0,2022-07-14 05:40:00
6519740,2022-07-14 05:45:11,N,5552.25,15237.02,6563.29,0.0,2022-07-14 05:45:00
6519744,2022-07-14 05:50:12,N,5531.93,15210.13,6563.9,0.0,2022-07-14 05:50:00
6519746,2022-07-14 05:55:11,N,5484.84,15207.47,6563.05,0.0,2022-07-14 05:55:00
6519750,2022-07-14 06:00:16,N,5498.65,15049.69,6564.05,0.0,2022-07-14 06:00:00
6519757,2022-07-14 06:05:12,N,5420.75,14855.42,6559.04,0.0,2022-07-14 06:05:00
6519759,2022-07-14 06:10:10,N,5471.66,14925.73,6558.31,0.0,2022-07-14 06:10:00
6519761,2022-07-14 06:15:11,N,5574.65,15093.64,6555.0,0.0,2022-07-14 06:15:00
6519765,2022-07-14 06:20:12,N,5525.03,15146.99,6558.95,0.0,2022-07-14 06:20:00
6519767,2022-07-14 06:25:12,N,5496.08,15070.49,6559.05,0.0,2022-07-14 06:25:00
6519769,2022-07-14 06:30:11,N,5519.24,15132.98,6557.55,0.0,2022-07-14 06:30:00
6519773,2022-07-14 06:35:11,N,5645.19,15345.41,6558.45,0.0,2022-07-14 06:35:00
6519775,2022-07-14 06:40:11,N,5703.66,15181.0,6557.92,0.0,2022-07-14 06:40:00
6519777,2022-07-14 06:45:11,N,5881.04,15604.92,6557.51,0.0,2022-07-14 06:45:00
6519781,2022-07-14 06:50:12,N,5899.94,15628.39,6558.25,0.0,2022-07-14 06:50:00
6519783,2022-07-14 06:55:11,N,5839.19,15577.0,6556.56,0.0,2022-07-14 06:55:00
6519787,2022-07-14 07:00:16,N,5815.04,15476.86,6559.18,0.0,2022-07-14 07:00:00
6519794,2022-07-14 07:05:12,N,5744.08,15414.86,6559.4,0.0,2022-07-14 07:05:00
6519796,2022-07-14 07:10:11,N,5638.24,15270.63,6513.4,0.0,2022-07-14 07:10:00
6519798,2022-07-14 07:15:11,N,5716.19,15458.32,6513.27,0.0,2022-07-14 07:15:00
6519802,2022-07-14 07:20:12,N,5739.59,15407.69,6512.93,0.0,2022-07-14 07:20:00
6519804,2022-07-14 07:25:11,N,5750.24,15409.38,6513.35,0.0,2022-07-14 07:25:00
6519806,2022-07-14 07:30:11,N,5754.92,15386.3,6513.39,0.0,2022-07-14 07:30:00
6519810,2022-07-14 07:35:12,N,5753.83,15342.87,6513.46,0.0,2022-07-14 07:35:00
6519812,2022-07-14 07:40:11,N,5717.56,15107.12,6513.37,0.0,2022-07-14 07:40:00
6519814,2022-07-14 07:45:11,N,5721.17,15210.29,6513.71,0.0,2022-07-14 07:45:00
6519818,2022-07-14 07:50:12,N,5679.88,15046.61,6513.53,0.0,2022-07-14 07:50:00
6519820,2022-07-14 07:55:11,N,5731.3,15176.8,6513.27,0.0,2022-07-14 07:55:00
6519823,2022-07-14 08:00:16,N,5582.64,14972.45,6493.92,0.0,2022-07-14 08:00:00
6519831,2022-07-14 08:05:13,N,5576.07,14927.89,6533.91,0.0,2022-07-14 08:05:00
6519833,2022-07-14 08:10:11,N,5604.19,14961.05,6533.82,0.0,2022-07-14 08:10:00
6519835,2022-07-14 08:15:11,N,5553.59,14948.14,6533.42,0.0,2022-07-14 08:15:00
6519839,2022-07-14 08:20:13,N,5481.78,14790.16,6533.56,0.0,2022-07-14 08:20:00
6519841,2022-07-14 08:25:11,N,5516.56,14928.46,6533.76,0.0,2022-07-14 08:25:00
6519843,2022-07-14 08:30:10,N,5491.61,14898.48,6533.73,0.0,2022-07-14 08:30:00
6519847,2022-07-14 08:35:12,N,5609.62,15084.7,6552.29,0.0,2022-07-14 08:35:00
6519849,2022-07-14 08:40:11,N,5690.69,15256.56,6496.46,0.0,2022-07-14 08:40:00
6519851,2022-07-14 08:45:12,N,5667.81,15052.82,6496.33,0.0,2022-07-14 08:45:00
6519855,2022-07-14 08:50:11,N,5693.49,15078.75,6496.38,0.0,2022-07-14 08:50:00
6519857,2022-07-14 08:55:11,N,5722.34,15161.57,6495.54,0.0,2022-07-14 08:55:00
6519861,2022-07-14 09:00:16,N,5666.98,15235.99,6506.71,0.0,2022-07-14 09:00:00
6519868,2022-07-14 09:05:11,N,5820.26,15590.01,6512.27,0.0,2022-07-14 09:05:00
6519870,2022-07-14 09:10:11,N,6086.78,15756.85,6398.94,0.0,2022-07-14 09:10:00
6519872,2022-07-14 09:15:11,N,6110.65,15606.91,6286.68,0.0,2022-07-14 09:15:00
6519876,2022-07-14 09:20:13,N,6024.81,15360.43,6286.48,0.0,2022-07-14 09:20:00
6519878,2022-07-14 09:25:11,N,5820.99,15059.72,6286.56,0.0,2022-07-14 09:25:00
6519880,2022-07-14 09:30:11,N,5564.65,14680.67,6286.52,0.0,2022-07-14 09:30:00
6519884,2022-07-14 09:35:13,N,5317.1,14340.07,6285.42,0.0,2022-07-14 09:35:00
6519886,2022-07-14 09:40:11,N,5228.99,14241.76,6285.83,0.0,2022-07-14 09:40:00
6519888,2022-07-14 09:45:11,N,5147.6,13974.59,6286.11,0.0,2022-07-14 09:45:00
6519892,2022-07-14 09:50:18,N,4991.03,13611.39,6286.1,0.0,2022-07-14 09:50:00
6519894,2022-07-14 09:55:17,N,4857.19,13318.12,6284.51,0.0,2022-07-14 09:55:00
6519898,2022-07-14 10:00:21,N,4681.84,12973.46,6064.82,0.0,2022-07-14 10:00:00
6519907,2022-07-14 10:05:17,N,4478.45,12552.21,6028.23,0.0,2022-07-14 10:05:00
6519910,2022-07-14 10:10:16,N,4318.99,12104.56,6031.46,0.0,2022-07-14 10:10:00
6519912,2022-07-14 10:15:15,N,4220.09,11688.73,6033.44,0.0,2022-07-14 10:15:00
6519916,2022-07-14 10:20:16,N,4227.77,11632.97,6033.43,0.0,2022-07-14 10:20:00
6519918,2022-07-14 10:25:15,N,4139.49,11418.78,6033.57,0.0,2022-07-14 10:25:00
6519920,2022-07-14 10:30:16,N,4061.65,11001.17,6032.89,0.0,2022-07-14 10:30:00
6519924,2022-07-14 10:35:17,N,4072.58,10699.67,6194.88,0.0,2022-07-14 10:35:00
6519926,2022-07-14 10:40:15,N,4025.27,10338.48,6149.36,0.0,2022-07-14 10:40:00
6519928,2022-07-14 10:45:15,N,3975.16,10029.54,6089.25,0.0,2022-07-14 10:45:00
6519932,2022-07-14 10:50:18,N,3924.99,10296.33,5320.91,0.0,2022-07-14 10:50:00
6519934,2022-07-14 10:55:16,N,4064.0,10674.99,4788.86,0.0,2022-07-14 10:55:00
6519937,2022-07-14 11:00:20,N,4148.48,10954.22,4553.91,0.0,2022-07-14 11:00:00
6519945,2022-07-14 11:05:18,N,4291.96,11102.6,4247.02,0.0,2022-07-14 11:05:00
6519947,2022-07-14 11:10:15,N,4472.7,11641.21,3845.35,0.0,2022-07-14 11:10:00
6519949,2022-07-14 11:15:16,N,4411.32,11200.63,3844.9,0.0,2022-07-14 11:15:00
6519953,2022-07-14 11:20:16,N,4253.71,10535.13,3845.14,0.0,2022-07-14 11:20:00
6519955,2022-07-14 11:25:15,N,4204.78,10095.66,3845.45,0.0,2022-07-14 11:25:00
6519957,2022-07-14 11:30:19,N,4198.49,10061.63,3703.55,0.0,2022-07-14 11:30:00
6519961,2022-07-14 11:35:16,N,4253.41,10000.99,3610.4,0.0,2022-07-14 11:35:00
6519963,2022-07-14 11:40:15,N,4163.88,9741.73,3561.57,0.0,2022-07-14 11:40:00
6519965,2022-07-14 11:45:17,N,4214.39,9526.43,3561.11,0.0,2022-07-14 11:45:00
6519969,2022-07-14 11:50:17,N,4343.61,10004.69,3471.48,0.0,2022-07-14 11:50:00
6519971,2022-07-14 11:55:17,N,4253.84,10028.68,3415.45,0.0,2022-07-14 11:55:00
6519976,2022-07-14 12:00:22,N,4304.31,9725.2,3439.34,0.0,2022-07-14 12:00:00
6519982,2022-07-14 12:05:17,N,4413.49,10368.56,2773.35,0.0,2022-07-14 12:05:00
6519984,2022-07-14 12:10:17,N,4629.13,10532.05,2778.45,0.0,2022-07-14 12:10:00
6519986,2022-07-14 12:15:15,N,4517.83,10508.18,2736.9,0.0,2022-07-14 12:15:00
6519990,2022-07-14 12:20:17,N,4472.27,10605.85,2645.2,0.0,2022-07-14 12:20:00
6519992,2022-07-14 12:25:17,N,4511.85,10532.48,2646.9,0.0,2022-07-14 12:25:00
6519994,2022-07-14 12:30:17,N,4430.32,10467.45,2646.9,0.0,2022-07-14 12:30:00
6519998,2022-07-14 12:35:18,N,4397.36,10421.6,2646.6,0.0,2022-07-14 12:35:00
6520000,2022-07-14 12:40:17,N,4359.69,10410.48,2560.9,0.0,2022-07-14 12:40:00
6520002,2022-07-14 12:45:17,N,4388.38,10418.57,2507.9,0.0,2022-07-14 12:45:00
6520006,2022-07-14 12:50:16,N,4474.31,10286.02,2517.9,0.0,2022-07-14 12:50:00
6520008,2022-07-14 12:55:17,N,4532.55,10354.17,2470.9,0.0,2022-07-14 12:55:00
6520012,2022-07-14 13:00:22,N,4679.66,10752.16,2459.6,0.0,2022-07-14 13:00:00
6520019,2022-07-14 13:05:18,N,4859.43,11164.02,2333.4,0.0,2022-07-14 13:05:00
6520021,2022-07-14 13:10:17,N,4782.61,11023.73,2331.1,0.0,2022-07-14 13:10:00
6520023,2022-07-14 13:15:15,N,4729.23,10929.98,2333.4,0.0,2022-07-14 13:15:00
6520027,2022-07-14 13:20:17,N,4725.05,11004.65,2025.4,0.0,2022-07-14 13:20:00
6520029,2022-07-14 13:25:16,N,4716.53,10808.13,2025.4,0.0,2022-07-14 13:25:00
6520031,2022-07-14 13:30:16,N,4688.26,10941.02,2025.4,0.0,2022-07-14 13:30:00
6520035,2022-07-14 13:35:17,N,4666.45,10945.1,2025.4,0.0,2022-07-14 13:35:00
6520037,2022-07-14 13:40:16,N,4638.7,10915.44,2025.4,0.0,2022-07-14 13:40:00
6520039,2022-07-14 13:45:16,N,4720.76,11057.62,2025.0,0.0,2022-07-14 13:45:00
6520043,2022-07-14 13:50:16,N,4778.65,11321.08,2024.2,0.0,2022-07-14 13:50:00
6520045,2022-07-14 13:55:16,N,4713.91,11329.8,1980.4,0.0,2022-07-14 13:55:00
6520050,2022-07-14 14:00:22,N,4812.54,11485.64,1953.6,0.0,2022-07-14 14:00:00
6520056,2022-07-14 14:05:17,N,5140.03,11780.12,1954.2,0.0,2022-07-14 14:05:00
6520058,2022-07-14 14:10:16,N,5452.44,12199.89,1954.2,0.0,2022-07-14 14:10:00
6520060,2022-07-14 14:15:15,N,5457.77,12490.8,1953.8,0.0,2022-07-14 14:15:00
6520064,2022-07-14 14:20:16,N,5481.29,12456.42,1953.1,0.0,2022-07-14 14:20:00
6520066,2022-07-14 14:25:15,N,5448.73,12417.0,1954.2,0.0,2022-07-14 14:25:00
6520070,2022-07-14 14:30:16,N,5354.61,12204.68,1954.2,0.0,2022-07-14 14:30:00
6520075,2022-07-14 14:35:17,N,5299.64,11976.24,2040.2,0.0,2022-07-14 14:35:00
6520078,2022-07-14 14:40:16,N,5283.73,12000.74,2040.2,0.0,2022-07-14 14:40:00
6520080,2022-07-14 14:45:15,N,5258.24,12119.56,2040.2,0.0,2022-07-14 14:45:00
6520084,2022-07-14 14:50:16,N,5311.02,12328.05,2040.2,0.0,2022-07-14 14:50:00
6520086,2022-07-14 14:55:17,N,5285.9,12184.95,2040.2,0.0,2022-07-14 14:55:00
6520090,2022-07-14 15:00:22,N,5275.65,12453.92,2015.6,0.0,2022-07-14 15:00:00
6520097,2022-07-14 15:05:17,N,5309.65,12264.16,2012.8,0.0,2022-07-14 15:05:00
6520099,2022-07-14 15:10:15,N,5487.62,12452.15,2012.8,0.0,2022-07-14 15:10:00
6520101,2022-07-14 15:15:16,N,5476.75,12507.59,2012.8,0.0,2022-07-14 15:15:00
6520105,2022-07-14 15:20:16,N,5541.77,12848.24,2012.8,0.0,2022-07-14 15:20:00
6520107,2022-07-14 15:25:17,N,5582.2,13218.64,2012.8,0.0,2022-07-14 15:25:00
6520109,2022-07-14 15:30:18,N,5600.26,13420.65,2064.8,0.0,2022-07-14 15:30:00
6520113,2022-07-14 15:35:16,N,5719.07,13650.3,2064.8,0.0,2022-07-14 15:35:00
6520115,2022-07-14 15:40:18,N,5670.38,13711.86,2064.8,0.0,2022-07-14 15:40:00
6520117,2022-07-14 15:45:17,N,5595.63,13438.54,2064.8,0.0,2022-07-14 15:45:00
6520121,2022-07-14 15:50:17,N,5578.85,13311.54,2064.8,0.0,2022-07-14 15:50:00
6520123,2022-07-14 15:55:17,N,5674.98,13479.99,2064.8,0.0,2022-07-14 15:55:00
6520127,2022-07-14 16:00:21,N,5840.48,13814.1,2432.1,0.0,2022-07-14 16:00:00
6520134,2022-07-14 16:05:19,N,6015.16,14246.85,2601.6,0.0,2022-07-14 16:05:00
6520136,2022-07-14 16:10:19,N,5890.99,14084.53,2601.6,0.0,2022-07-14 16:10:00
6520138,2022-07-14 16:15:17,N,5754.1,13907.07,2601.6,0.0,2022-07-14 16:15:00
6520142,2022-07-14 16:20:19,N,5701.91,13998.45,2601.6,0.0,2022-07-14 16:20:00
6520144,2022-07-14 16:25:16,N,5835.13,14209.11,2601.6,0.0,2022-07-14 16:25:00
6520146,2022-07-14 16:30:17,N,6028.62,14472.29,2601.6,0.0,2022-07-14 16:30:00
6520150,2022-07-14 16:35:18,N,6060.84,14557.78,2693.6,0.0,2022-07-14 16:35:00
6520152,2022-07-14 16:40:16,N,6167.26,14838.88,2749.46,0.0,2022-07-14 16:40:00
6520154,2022-07-14 16:45:19,N,6181.67,14761.87,2799.37,0.0,2022-07-14 16:45:00
6520158,2022-07-14 16:50:16,N,6181.17,14926.17,2905.05,0.0,2022-07-14 16:50:00
6520160,2022-07-14 16:55:18,N,6257.82,15215.88,2905.14,0.0,2022-07-14 16:55:00
6520164,2022-07-14 17:00:23,N,6207.64,15294.04,3011.54,0.0,2022-07-14 17:00:00
6520171,2022-07-14 17:05:20,N,6195.57,15265.95,3135.64,0.0,2022-07-14 17:05:00
6520173,2022-07-14 17:10:17,N,6450.17,15427.8,3130.19,0.0,2022-07-14 17:10:00
6520175,2022-07-14 17:15:17,N,6533.69,15925.54,3048.49,0.0,2022-07-14 17:15:00
6520179,2022-07-14 17:20:20,N,6884.54,16470.42,3308.61,0.0,2022-07-14 17:20:00
6520181,2022-07-14 17:25:16,N,7121.63,16834.99,3349.5,0.0,2022-07-14 17:25:00
6520183,2022-07-14 17:30:17,N,7175.74,17247.33,3308.41,0.0,2022-07-14 17:30:00
6520187,2022-07-14 17:35:19,N,7086.23,17230.29,3479.02,0.0,2022-07-14 17:35:00
6520189,2022-07-14 17:40:17,N,7166.82,17453.59,3613.2,0.0,2022-07-14 17:40:00
6520191,2022-07-14 17:45:19,N,7114.86,17528.05,3769.19,0.0,2022-07-14 17:45:00
6520195,2022-07-14 17:50:20,N,7072.76,17257.44,3947.78,0.0,2022-07-14 17:50:00
6520197,2022-07-14 17:55:17,N,6900.29,17240.98,4386.64,0.0,2022-07-14 17:55:00
6520200,2022-07-14 18:00:23,N,6998.13,17322.73,4795.55,0.0,2022-07-14 18:00:00
6520208,2022-07-14 18:05:21,N,6862.19,16878.96,4890.44,0.0,2022-07-14 18:05:00
6520210,2022-07-14 18:10:20,N,6872.96,16717.71,5078.48,0.0,2022-07-14 18:10:00
6520212,2022-07-14 18:15:17,N,6755.78,16807.03,5033.73,0.0,2022-07-14 18:15:00
6520216,2022-07-14 18:20:20,N,6597.66,16141.02,5036.72,0.0,2022-07-14 18:20:00
6520218,2022-07-14 18:25:16,N,6381.97,15627.82,4957.62,0.0,2022-07-14 18:25:00
6520220,2022-07-14 18:30:17,N,6147.99,15371.64,4956.72,0.0,2022-07-14 18:30:00
6520224,2022-07-14 18:35:20,N,6189.78,15640.29,4874.02,0.0,2022-07-14 18:35:00
6520226,2022-07-14 18:40:18,N,6234.6,16027.09,4873.63,0.0,2022-07-14 18:40:00
6520228,2022-07-14 18:45:18,N,6087.3,15568.5,4874.1,0.0,2022-07-14 18:45:00
6520232,2022-07-14 18:50:18,N,6018.58,15452.96,4991.43,0.0,2022-07-14 18:50:00
6520234,2022-07-14 18:55:17,N,6026.37,15866.74,4991.36,0.0,2022-07-14 18:55:00
6520238,2022-07-14 19:00:22,N,5970.43,15938.85,5148.15,0.0,2022-07-14 19:00:00
6520245,2022-07-14 19:05:20,N,6113.57,15702.03,5147.53,0.0,2022-07-14 19:05:00
6520247,2022-07-14 19:10:18,N,6033.26,15518.54,5273.6,0.0,2022-07-14 19:10:00
6520249,2022-07-14 19:15:18,N,5919.9,15540.91,5273.42,0.0,2022-07-14 19:15:00
6520253,2022-07-14 19:20:19,N,5942.18,15427.1,5272.99,0.0,2022-07-14 19:20:00
6520255,2022-07-14 19:25:17,N,5898.15,15302.81,5364.19,0.0,2022-07-14 19:25:00
6520257,2022-07-14 19:30:16,N,5870.35,15247.93,5366.1,0.0,2022-07-14 19:30:00
6520261,2022-07-14 19:35:18,N,5761.25,14780.99,5365.16,0.0,2022-07-14 19:35:00
6520263,2022-07-14 19:40:16,N,5755.42,14737.53,5364.9,0.0,2022-07-14 19:40:00
6520265,2022-07-14 19:45:18,N,5804.15,15059.95,5361.92,0.0,2022-07-14 19:45:00
6520269,2022-07-14 19:50:17,N,5879.79,15460.17,5365.78,0.0,2022-07-14 19:50:00
6520271,2022-07-14 19:55:17,N,5820.75,15110.64,5505.9,0.0,2022-07-14 19:55:00
6520276,2022-07-14 20:00:23,N,5845.88,15311.69,5312.74,0.0,2022-07-14 20:00:00
6520282,2022-07-14 20:05:18,N,5889.48,15117.27,5331.66,0.0,2022-07-14 20:05:00
6520284,2022-07-14 20:10:17,N,5971.52,15231.87,5331.88,0.0,2022-07-14 20:10:00
6520286,2022-07-14 20:15:17,N,5990.31,15299.92,5411.71,0.0,2022-07-14 20:15:00
6520290,2022-07-14 20:20:17,N,5981.28,15455.79,5409.74,0.0,2022-07-14 20:20:00
6520292,2022-07-14 20:25:17,N,5999.38,15331.85,5411.78,0.0,2022-07-14 20:25:00
6520294,2022-07-14 20:30:16,N,5967.55,15543.42,5412.07,0.0,2022-07-14 20:30:00
6520298,2022-07-14 20:35:18,N,5959.77,15431.92,5412.07,0.0,2022-07-14 20:35:00
6520300,2022-07-14 20:40:16,N,5962.96,15773.5,5410.93,0.0,2022-07-14 20:40:00
6520302,2022-07-14 20:45:16,N,6140.39,16050.74,5410.31,0.0,2022-07-14 20:45:00
6520306,2022-07-14 20:50:17,N,6361.39,16601.71,5411.21,0.0,2022-07-14 20:50:00
6520308,2022-07-14 20:55:17,N,6420.32,16761.95,5409.73,0.0,2022-07-14 20:55:00
6520312,2022-07-14 21:00:21,N,6144.13,15439.78,5454.89,0.0,2022-07-14 21:00:00
6520319,2022-07-14 21:05:17,N,6155.67,15461.55,5454.1,0.0,2022-07-14 21:05:00
6520321,2022-07-14 21:10:17,N,6002.0,15169.85,5657.22,0.0,2022-07-14 21:10:00
6520323,2022-07-14 21:15:18,N,5922.75,15107.36,5658.26,0.0,2022-07-14 21:15:00
6520327,2022-07-14 21:20:16,N,5823.75,14907.69,5657.7,0.0,2022-07-14 21:20:00
6520329,2022-07-14 21:25:16,N,5758.79,14933.09,5658.44,0.0,2022-07-14 21:25:00
6520331,2022-07-14 21:30:17,N,6016.04,15445.97,5544.92,0.0,2022-07-14 21:30:00
6520335,2022-07-14 21:35:18,N,6074.35,15617.6,5544.39,0.0,2022-07-14 21:35:00
6520337,2022-07-14 21:40:17,N,5982.44,15391.6,5648.98,0.0,2022-07-14 21:40:00
6520339,2022-07-14 21:45:17,N,5964.21,15501.09,5650.21,0.0,2022-07-14 21:45:00
6520343,2022-07-14 21:50:17,N,6091.78,15914.19,5649.63,0.0,2022-07-14 21:50:00
6520345,2022-07-14 21:55:17,N,6216.07,16124.14,5648.24,0.0,2022-07-14 21:55:00
6520349,2022-07-14 22:00:22,N,6162.09,15718.78,6145.99,0.0,2022-07-14 22:00:00
6520356,2022-07-14 22:05:13,N,6200.17,15849.75,6148.71,0.0,2022-07-14 22:05:00
6520358,2022-07-14 22:10:11,N,6382.7,16119.92,6343.23,0.0,2022-07-14 22:10:00
6520360,2022-07-14 22:15:11,N,6483.32,16188.97,6648.53,0.0,2022-07-14 22:15:00
6520364,2022-07-14 22:20:13,N,6455.01,16071.28,6647.72,0.0,2022-07-14 22:20:00
6520366,2022-07-14 22:25:12,N,6422.02,16132.25,6648.04,0.0,2022-07-14 22:25:00
6520368,2022-07-14 22:30:10,N,6454.29,16142.86,6647.87,0.0,2022-07-14 22:30:00
6520372,2022-07-14 22:35:11,N,6496.58,16218.43,6646.99,0.0,2022-07-14 22:35:00
6520374,2022-07-14 22:40:11,N,6519.32,16339.8,6647.0,0.0,2022-07-14 22:40:00
6520376,2022-07-14 22:45:10,N,6521.15,16346.69,6648.18,0.0,2022-07-14 22:45:00
6520380,2022-07-14 22:50:12,N,6536.22,16445.29,6648.25,0.0,2022-07-14 22:50:00
6520382,2022-07-14 22:55:11,N,6507.73,16356.71,6870.59,0.0,2022-07-14 22:55:00
6520386,2022-07-14 23:00:16,N,6556.56,16514.31,6901.76,0.0,2022-07-14 23:00:00
6520393,2022-07-14 23:05:12,N,6454.03,16231.01,6901.3,0.0,2022-07-14 23:05:00
6520395,2022-07-14 23:10:10,N,6459.61,16275.29,6901.1,0.0,2022-07-14 23:10:00
6520397,2022-07-14 23:15:11,N,6437.55,16233.81,7128.7,0.0,2022-07-14 23:15:00
6520401,2022-07-14 23:20:14,N,6424.63,16320.87,7072.89,0.0,2022-07-14 23:20:00
6520403,2022-07-14 23:25:11,N,6581.89,16689.42,7073.57,0.0,2022-07-14 23:25:00
6520405,2022-07-14 23:30:11,N,6538.73,16706.78,7073.31,0.0,2022-07-14 23:30:00
6520409,2022-07-14 23:35:13,N,6525.38,16537.94,7074.51,0.0,2022-07-14 23:35:00
6520411,2022-07-14 23:40:10,N,6552.03,16591.14,7071.42,0.0,2022-07-14 23:40:00
6520413,2022-07-14 23:45:10,N,6531.06,16530.68,7071.42,0.0,2022-07-14 23:45:00
6520417,2022-07-14 23:50:13,N,6630.92,16618.14,6879.17,0.0,2022-07-14 23:50:00
6520419,2022-07-14 23:55:10,N,6651.91,16804.76,6879.03,0.0,2022-07-14 23:55:00
6520422,2022-07-15 00:00:15,N,6349.69,15986.89,6907.46,0.0,2022-07-15 00:00:00
6520430,2022-07-15 00:05:13,N,6337.58,15490.16,6952.69,0.0,2022-07-15 00:05:00
6520432,2022-07-15 00:10:11,N,6006.16,14567.39,6953.56,0.0,2022-07-15 00:10:00
6520434,2022-07-15 00:15:12,N,5571.13,14012.05,6945.39,0.0,2022-07-15 00:15:00
6520438,2022-07-15 00:20:14,N,5365.6,13841.24,6952.51,0.0,2022-07-15 00:20:00
6520440,2022-07-15 00:25:11,N,5305.53,13880.11,6953.29,0.0,2022-07-15 00:25:00
6520442,2022-07-15 00:30:11,N,5241.6,13995.43,6953.18,0.0,2022-07-15 00:30:00
6520446,2022-07-15 00:35:13,N,5232.02,14007.71,6952.18,0.0,2022-07-15 00:35:00
6520448,2022-07-15 00:40:12,N,5233.11,14065.81,6952.06,0.0,2022-07-15 00:40:00
6520450,2022-07-15 00:45:11,N,5177.65,14001.2,6952.1,0.0,2022-07-15 00:45:00
6520454,2022-07-15 00:50:14,N,5152.78,13963.21,6952.48,0.0,2022-07-15 00:50:00
6520456,2022-07-15 00:55:13,N,5229.82,14091.13,6952.59,0.0,2022-07-15 00:55:00
6520460,2022-07-15 01:00:16,N,5171.21,14218.85,6928.38,0.0,2022-07-15 01:00:00
6520467,2022-07-15 01:05:14,N,5131.78,14004.54,6930.84,0.0,2022-07-15 01:05:00
6520470,2022-07-15 01:10:11,N,5075.51,13883.88,6977.03,0.0,2022-07-15 01:10:00
6520472,2022-07-15 01:15:11,N,5079.49,13881.0,6972.91,0.0,2022-07-15 01:15:00
6520476,2022-07-15 01:20:12,N,5025.98,13747.32,6980.14,0.0,2022-07-15 01:20:00
6520478,2022-07-15 01:25:11,N,5036.37,13772.7,6968.6,0.0,2022-07-15 01:25:00
6520480,2022-07-15 01:30:11,N,4993.21,13675.7,6981.92,0.0,2022-07-15 01:30:00
6520484,2022-07-15 01:35:12,N,5014.68,13734.11,6979.03,0.0,2022-07-15 01:35:00
6520486,2022-07-15 01:40:11,N,5019.75,13745.03,6983.11,0.0,2022-07-15 01:40:00
6520488,2022-07-15 01:45:11,N,4985.86,13584.86,6973.53,0.0,2022-07-15 01:45:00
6520492,2022-07-15 01:50:12,N,4968.22,13409.19,6979.41,0.0,2022-07-15 01:50:00
6520494,2022-07-15 01:55:11,N,5087.47,13697.61,6981.98,0.0,2022-07-15 01:55:00
6520498,2022-07-15 02:00:16,N,5099.72,13722.74,6957.76,0.0,2022-07-15 02:00:00
6520505,2022-07-15 02:05:12,N,5072.93,13738.79,6958.18,0.0,2022-07-15 02:05:00
6520507,2022-07-15 02:10:10,N,5215.63,13935.5,6958.7,0.0,2022-07-15 02:10:00
6520509,2022-07-15 02:15:10,N,5205.03,13913.28,6954.67,0.0,2022-07-15 02:15:00
6520513,2022-07-15 02:20:12,N,5152.45,13683.36,7002.38,0.0,2022-07-15 02:20:00
6520515,2022-07-15 02:25:11,N,5216.08,13702.6,6999.08,0.0,2022-07-15 02:25:00
6520517,2022-07-15 02:30:11,N,5332.78,14031.46,7006.25,0.0,2022-07-15 02:30:00
6520521,2022-07-15 02:35:13,N,5409.89,14398.29,7008.82,0.0,2022-07-15 02:35:00
6520523,2022-07-15 02:40:11,N,5505.83,14653.65,7008.32,0.0,2022-07-15 02:40:00
6520525,2022-07-15 02:45:11,N,5579.71,14663.82,7008.56,0.0,2022-07-15 02:45:00
6520529,2022-07-15 02:50:11,N,5644.39,14795.25,7008.63,0.0,2022-07-15 02:50:00
6520531,2022-07-15 02:55:11,N,5777.26,15187.83,7008.8,0.0,2022-07-15 02:55:00
6520535,2022-07-15 03:00:16,N,6158.86,16211.16,7007.82,0.0,2022-07-15 03:00:00
6520542,2022-07-15 03:05:11,N,6176.64,15899.66,7011.69,0.0,2022-07-15 03:05:00
6520544,2022-07-15 03:10:11,N,6319.88,16202.01,7011.52,0.0,2022-07-15 03:10:00
6520546,2022-07-15 03:15:11,N,6476.76,16532.44,7010.92,0.0,2022-07-15 03:15:00
6520550,2022-07-15 03:20:11,N,6566.74,16678.69,7011.68,0.0,2022-07-15 03:20:00
6520552,2022-07-15 03:25:11,N,6628.74,16914.52,7011.69,0.0,2022-07-15 03:25:00
6520554,2022-07-15 03:30:11,N,6625.2,16853.14,7011.55,0.0,2022-07-15 03:30:00
6520558,2022-07-15 03:35:11,N,6592.32,16750.88,7011.63,0.0,2022-07-15 03:35:00
6520560,2022-07-15 03:40:11,N,6645.52,16817.01,7011.76,0.0,2022-07-15 03:40:00
6520562,2022-07-15 03:45:11,N,6619.82,16606.87,7012.32,0.0,2022-07-15 03:45:00
6520566,2022-07-15 03:50:14,N,6763.16,16785.16,7011.53,0.0,2022-07-15 03:50:00
6520568,2022-07-15 03:55:12,N,6758.89,16715.34,7012.52,0.0,2022-07-15 03:55:00
6520573,2022-07-15 04:00:15,N,6746.19,16698.05,7021.15,0.0,2022-07-15 04:00:00
6520579,2022-07-15 04:05:12,N,6613.47,16515.99,7022.7,0.0,2022-07-15 04:05:00
6520581,2022-07-15 04:10:12,N,6510.12,16394.33,7023.64,0.0,2022-07-15 04:10:00
6520583,2022-07-15 04:15:12,N,6560.34,16474.01,7023.69,0.0,2022-07-15 04:15:00
6520587,2022-07-15 04:20:11,N,6498.16,16370.85,7023.72,0.0,2022-07-15 04:20:00
6520589,2022-07-15 04:25:10,N,6508.96,16415.6,7023.68,0.0,2022-07-15 04:25:00
6520591,2022-07-15 04:30:12,N,6582.31,16553.17,7023.26,0.0,2022-07-15 04:30:00
6520595,2022-07-15 04:35:12,N,6494.38,16549.29,7023.55,0.0,2022-07-15 04:35:00
6520597,2022-07-15 04:40:10,N,6549.81,16596.64,7023.38,0.0,2022-07-15 04:40:00
6520599,2022-07-15 04:45:11,N,6586.34,16590.82,7022.25,0.0,2022-07-15 04:45:00
6520603,2022-07-15 04:50:11,N,6610.27,16619.99,7022.59,0.0,2022-07-15 04:50:00
6520605,2022-07-15 04:55:11,N,6608.65,16676.38,7023.65,0.0,2022-07-15 04:55:00
6520610,2022-07-15 05:00:14,N,6687.53,16887.34,6928.34,0.0,2022-07-15 05:00:00
6520616,2022-07-15 05:05:14,N,6614.4,16728.6,6931.01,0.0,2022-07-15 05:05:00
6520618,2022-07-15 05:10:11,N,6595.5,16683.04,6931.35,0.0,2022-07-15 05:10:00
6520620,2022-07-15 05:15:11,N,6582.79,16708.26,6932.53,0.0,2022-07-15 05:15:00
6520624,2022-07-15 05:20:12,N,6522.09,16526.38,6931.29,0.0,2022-07-15 05:20:00
6520627,2022-07-15 05:25:11,N,6402.82,16379.55,6931.2,0.0,2022-07-15 05:25:00
6520629,2022-07-15 05:30:10,N,6297.27,16264.78,6826.08,0.0,2022-07-15 05:30:00
6520633,2022-07-15 05:35:11,N,6309.24,15996.93,6825.99,0.0,2022-07-15 05:35:00
6520635,2022-07-15 05:40:10,N,6223.92,15802.01,6825.99,0.0,2022-07-15 05:40:00
6520637,2022-07-15 05:45:11,N,6109.08,15667.51,6826.0,0.0,2022-07-15 05:45:00
6520641,2022-07-15 05:50:12,N,5961.48,15307.99,6826.31,0.0,2022-07-15 05:50:00
6520643,2022-07-15 05:55:11,N,5800.97,15108.17,6826.24,0.0,2022-07-15 05:55:00
6520647,2022-07-15 06:00:14,N,5703.74,14720.36,6880.47,0.0,2022-07-15 06:00:00
6520654,2022-07-15 06:05:13,N,5571.05,14130.04,6880.23,0.0,2022-07-15 06:05:00
6520656,2022-07-15 06:06:34,N,5553.34,14050.77,6880.09,0.0,2022-07-15 06:05:00
6520657,2022-07-15 06:10:11,N,5442.19,13872.69,6879.76,0.0,2022-07-15 06:10:00
6520659,2022-07-15 06:15:11,N,5371.36,14064.52,6880.24,0.0,2022-07-15 06:15:00
6520663,2022-07-15 06:20:11,N,5414.1,14199.83,6880.18,0.0,2022-07-15 06:20:00
6520665,2022-07-15 06:25:11,N,5425.51,14216.28,6842.18,0.0,2022-07-15 06:25:00
6520667,2022-07-15 06:30:11,N,5402.13,14152.99,6841.9,0.0,2022-07-15 06:30:00
6520671,2022-07-15 06:35:11,N,5394.89,14136.15,6841.63,0.0,2022-07-15 06:35:00
6520673,2022-07-15 06:40:10,N,5286.1,14186.42,6841.8,0.0,2022-07-15 06:40:00
6520675,2022-07-15 06:45:11,N,5224.66,13877.38,6841.81,0.0,2022-07-15 06:45:00
6520679,2022-07-15 06:50:11,N,5155.43,13766.33,6842.21,0.0,2022-07-15 06:50:00
6520681,2022-07-15 06:55:12,N,5047.6,13579.1,6842.23,0.0,2022-07-15 06:55:00
6520685,2022-07-15 07:00:15,N,4999.42,13500.0,6848.04,0.0,2022-07-15 07:00:00
6520692,2022-07-15 07:05:13,N,4861.45,13319.2,6842.99,0.0,2022-07-15 07:05:00
6520694,2022-07-15 07:10:12,N,4849.73,13250.78,6845.16,0.0,2022-07-15 07:10:00
6520696,2022-07-15 07:15:12,N,4808.8,13092.77,6845.22,0.0,2022-07-15 07:15:00
6520700,2022-07-15 07:20:13,N,4907.18,13118.17,6845.21,0.0,2022-07-15 07:20:00
6520702,2022-07-15 07:25:10,N,5001.86,13319.07,6845.21,0.0,2022-07-15 07:25:00
6520704,2022-07-15 07:30:12,N,5111.05,13637.77,6844.16,0.0,2022-07-15 07:30:00
6520708,2022-07-15 07:35:12,N,5142.7,13713.28,6843.23,0.0,2022-07-15 07:35:00
6520710,2022-07-15 07:40:12,N,5171.87,13602.27,6841.88,0.0,2022-07-15 07:40:00
6520712,2022-07-15 07:45:11,N,5163.29,13772.65,6842.94,0.0,2022-07-15 07:45:00
6520716,2022-07-15 07:50:11,N,5268.33,13897.02,6843.1,0.0,2022-07-15 07:50:00
6520718,2022-07-15 07:55:11,N,5378.22,13745.53,6843.15,0.0,2022-07-15 07:55:00
6520722,2022-07-15 08:00:15,N,5346.48,13628.48,6833.12,0.0,2022-07-15 08:00:00
6520729,2022-07-15 08:05:13,N,5154.45,13443.12,6833.58,0.0,2022-07-15 08:05:00
6520731,2022-07-15 08:10:11,N,4951.37,13179.6,6833.46,0.0,2022-07-15 08:10:00
6520733,2022-07-15 08:15:11,N,4956.68,13304.48,6832.47,0.0,2022-07-15 08:15:00
6520737,2022-07-15 08:20:11,N,4900.2,13302.58,6832.47,0.0,2022-07-15 08:20:00
6520739,2022-07-15 08:25:11,N,4842.04,13053.72,6830.36,0.0,2022-07-15 08:25:00
6520741,2022-07-15 08:30:10,N,4862.52,13056.37,6828.09,0.0,2022-07-15 08:30:00
6520745,2022-07-15 08:35:11,N,4873.04,13119.15,6829.19,0.0,2022-07-15 08:35:00
6520747,2022-07-15 08:40:11,N,4776.63,12748.39,6828.11,0.0,2022-07-15 08:40:00
6520749,2022-07-15 08:45:11,N,4762.08,12700.71,6827.93,0.0,2022-07-15 08:45:00
6520753,2022-07-15 08:50:12,N,4738.64,12614.46,6828.39,0.0,2022-07-15 08:50:00
6520755,2022-07-15 08:55:10,N,4735.84,12497.92,6828.37,0.0,2022-07-15 08:55:00
6520759,2022-07-15 09:00:16,N,4811.89,12969.99,6729.55,0.0,2022-07-15 09:00:00
6520766,2022-07-15 09:05:14,N,4801.29,12963.01,6767.15,0.0,2022-07-15 09:05:00
6520768,2022-07-15 09:10:11,N,4941.85,13260.33,6766.2,0.0,2022-07-15 09:10:00
6520770,2022-07-15 09:15:11,N,4903.7,13069.06,6766.23,0.0,2022-07-15 09:15:00
6520774,2022-07-15 09:20:14,N,4730.2,12907.81,6766.19,0.0,2022-07-15 09:20:00
6520776,2022-07-15 09:25:11,N,4702.94,12828.06,6765.16,0.0,2022-07-15 09:25:00
6520778,2022-07-15 09:30:11,N,4597.16,12715.96,6764.93,0.0,2022-07-15 09:30:00
6520782,2022-07-15 09:35:13,N,4619.05,12615.2,6765.05,0.0,2022-07-15 09:35:00
6520784,2022-07-15 09:40:10,N,4540.49,12354.05,6371.9,0.0,2022-07-15 09:40:00
6520786,2022-07-15 09:45:10,N,4577.42,12487.12,6371.75,0.0,2022-07-15 09:45:00
6520790,2022-07-15 09:50:13,N,4416.88,12195.26,6260.67,0.0,2022-07-15 09:50:00
6520792,2022-07-15 09:55:16,N,4381.37,12117.2,6160.8,0.0,2022-07-15 09:55:00
6520795,2022-07-15 10:00:21,N,4345.86,12038.6,6048.13,0.0,2022-07-15 10:00:00
6520806,2022-07-15 10:05:18,N,4281.53,11737.16,5999.69,0.0,2022-07-15 10:05:00
6520808,2022-07-15 10:10:16,N,4091.81,11259.72,5999.83,0.0,2022-07-15 10:10:00
6520810,2022-07-15 10:15:16,N,3936.88,11009.38,5999.88,0.0,2022-07-15 10:15:00
6520814,2022-07-15 10:20:18,N,3837.53,10599.14,5999.88,0.0,2022-07-15 10:20:00
6520816,2022-07-15 10:25:15,N,3753.48,10210.73,5999.34,0.0,2022-07-15 10:25:00
6520818,2022-07-15 10:30:16,N,3736.06,10225.34,5999.82,0.0,2022-07-15 10:30:00
6520822,2022-07-15 10:35:17,N,3669.27,9901.74,5999.8,0.0,2022-07-15 10:35:00
6520824,2022-07-15 10:40:17,N,3727.22,10008.8,5999.86,0.0,2022-07-15 10:40:00
6520826,2022-07-15 10:45:16,N,3805.91,9930.37,6000.04,0.0,2022-07-15 10:45:00
6520830,2022-07-15 10:50:18,N,3720.02,9550.0,5999.93,0.0,2022-07-15 10:50:00
6520832,2022-07-15 10:55:16,N,3564.21,9125.3,6000.03,0.0,2022-07-15 10:55:00
6520836,2022-07-15 11:00:20,N,3549.22,8910.71,5823.08,0.0,2022-07-15 11:00:00
6520843,2022-07-15 11:05:20,N,3734.14,9298.07,5258.94,0.0,2022-07-15 11:05:00
6520845,2022-07-15 11:10:16,N,3726.5,9302.42,5260.13,0.0,2022-07-15 11:10:00
6520847,2022-07-15 11:15:15,N,3675.92,9108.92,5259.96,0.0,2022-07-15 11:15:00
6520851,2022-07-15 11:20:17,N,3617.68,8981.45,5259.17,0.0,2022-07-15 11:20:00
6520853,2022-07-15 11:25:15,N,3561.15,8748.07,5260.01,0.0,2022-07-15 11:25:00
6520855,2022-07-15 11:30:16,N,3554.74,8592.11,5262.42,0.0,2022-07-15 11:30:00
6520859,2022-07-15 11:35:17,N,3525.26,8267.09,5174.59,0.0,2022-07-15 11:35:00
6520861,2022-07-15 11:40:15,N,3470.07,7784.49,5174.59,0.0,2022-07-15 11:40:00
6520863,2022-07-15 11:45:16,N,3390.1,7537.13,4841.54,0.0,2022-07-15 11:45:00
6520867,2022-07-15 11:50:17,N,3335.99,7814.27,4156.76,0.0,2022-07-15 11:50:00
6520869,2022-07-15 11:55:17,N,3594.05,8459.07,3728.17,0.0,2022-07-15 11:55:00
6520873,2022-07-15 12:00:20,N,3827.21,8720.23,3716.52,0.0,2022-07-15 12:00:00
6520880,2022-07-15 12:05:20,N,3696.99,8414.98,3715.22,0.0,2022-07-15 12:05:00
6520882,2022-07-15 12:10:17,N,3657.13,8240.48,3448.16,0.0,2022-07-15 12:10:00
6520884,2022-07-15 12:15:15,N,3667.81,7987.63,3450.1,0.0,2022-07-15 12:15:00
6520888,2022-07-15 12:20:17,N,3580.66,7789.38,3349.25,0.0,2022-07-15 12:20:00
6520890,2022-07-15 12:25:16,N,3481.02,7667.93,3349.17,0.0,2022-07-15 12:25:00
6520892,2022-07-15 12:30:15,N,3431.42,7565.05,3349.17,0.0,2022-07-15 12:30:00
6520896,2022-07-15 12:35:17,N,3380.26,7569.4,3349.22,0.0,2022-07-15 12:35:00
6520898,2022-07-15 12:40:16,N,3389.97,7422.87,3304.24,0.0,2022-07-15 12:40:00
6520900,2022-07-15 12:45:16,N,3328.2,7329.54,3259.24,0.0,2022-07-15 12:45:00
6520904,2022-07-15 12:50:16,N,3315.63,7536.48,3157.3,0.0,2022-07-15 12:50:00
6520906,2022-07-15 12:55:17,N,3301.06,7868.54,3157.32,0.0,2022-07-15 12:55:00
6520909,2022-07-15 13:00:24,N,3422.22,7768.02,2853.67,0.0,2022-07-15 13:00:00
6520917,2022-07-15 13:05:19,N,3605.98,8069.98,2645.65,0.0,2022-07-15 13:05:00
6520919,2022-07-15 13:10:16,N,3669.9,8032.95,2599.49,0.0,2022-07-15 13:10:00
6520921,2022-07-15 13:15:15,N,3538.72,7572.22,2594.92,0.0,2022-07-15 13:15:00
6520925,2022-07-15 13:20:15,N,3448.7,7067.87,2509.22,0.0,2022-07-15 13:20:00
6520927,2022-07-15 13:25:18,N,3335.58,6895.16,2512.84,0.0,2022-07-15 13:25:00
6520929,2022-07-15 13:30:16,N,3316.03,6850.1,2508.3,0.0,2022-07-15 13:30:00
6520933,2022-07-15 13:35:16,N,3286.92,6855.33,2507.35,0.0,2022-07-15 13:35:00
6520935,2022-07-15 13:40:18,N,3357.65,7058.92,2507.38,0.0,2022-07-15 13:40:00
6520937,2022-07-15 13:45:17,N,3394.14,7192.81,2465.79,0.0,2022-07-15 13:45:00
6520941,2022-07-15 13:50:16,N,3298.5,7027.57,2465.79,0.0,2022-07-15 13:50:00
6520943,2022-07-15 13:55:17,N,3247.83,6865.09,2465.79,0.0,2022-07-15 13:55:00
6520947,2022-07-15 14:00:20,N,3529.06,7210.32,2452.93,0.081,2022-07-15 14:00:00
6520954,2022-07-15 14:05:17,N,3947.48,7434.36,2410.13,0.0,2022-07-15 14:05:00
6520956,2022-07-15 14:10:16,N,4019.34,7554.39,2410.63,0.001,2022-07-15 14:10:00
6520958,2022-07-15 14:15:17,N,3982.42,7521.73,2410.33,0.0025,2022-07-15 14:15:00
6520962,2022-07-15 14:20:15,N,3971.21,7450.15,2410.63,0.0,2022-07-15 14:20:00
6520964,2022-07-15 14:25:17,N,3820.71,7201.3,2410.63,0.0,2022-07-15 14:25:00
6520968,2022-07-15 14:30:17,N,3808.99,7248.17,2410.63,0.0,2022-07-15 14:30:00
6520974,2022-07-15 14:35:16,N,3796.26,7186.44,2410.63,0.0,2022-07-15 14:35:00
6520976,2022-07-15 14:40:15,N,3732.95,7139.11,2410.13,0.0,2022-07-15 14:40:00
6520978,2022-07-15 14:45:17,N,3773.78,7242.19,2410.63,0.0,2022-07-15 14:45:00
6520982,2022-07-15 14:50:16,N,3730.0,7077.6,2410.63,0.0,2022-07-15 14:50:00
6520984,2022-07-15 14:55:16,N,3691.39,7172.85,2410.43,0.0,2022-07-15 14:55:00
6520988,2022-07-15 15:00:21,N,3727.81,7093.42,2411.59,0.0,2022-07-15 15:00:00
6520995,2022-07-15 15:05:16,N,3772.49,7142.98,2411.59,0.0,2022-07-15 15:05:00
6520997,2022-07-15 15:10:15,N,3788.19,7129.54,2411.59,0.0,2022-07-15 15:10:00
6520999,2022-07-15 15:15:16,N,3696.23,6719.97,2411.59,0.0,2022-07-15 15:15:00
6521003,2022-07-15 15:20:15,N,3603.85,6876.78,2411.59,0.0,2022-07-15 15:20:00
6521005,2022-07-15 15:25:16,N,3631.25,6738.93,2411.59,0.0,2022-07-15 15:25:00
6521007,2022-07-15 15:30:16,N,3560.99,6830.34,2411.59,0.0,2022-07-15 15:30:00
6521011,2022-07-15 15:35:18,N,3539.65,6833.46,2411.59,0.0,2022-07-15 15:35:00
6521013,2022-07-15 15:40:17,N,3640.36,7131.68,2411.59,0.3138,2022-07-15 15:40:00
6521015,2022-07-15 15:45:17,N,3666.09,7239.87,2411.59,0.1653,2022-07-15 15:45:00
6521019,2022-07-15 15:50:17,N,3770.74,7446.12,2411.59,0.8133,2022-07-15 15:50:00
6521021,2022-07-15 15:55:19,N,3797.52,7454.03,2411.59,0.105,2022-07-15 15:55:00
6521024,2022-07-15 16:00:22,N,3744.9,7238.79,2386.56,0.0,2022-07-15 16:00:00
6521032,2022-07-15 16:05:18,N,3775.17,7327.64,2385.96,0.0,2022-07-15 16:05:00
6521034,2022-07-15 16:10:16,N,3781.74,7404.27,2385.96,0.0,2022-07-15 16:10:00
6521036,2022-07-15 16:15:16,N,3624.15,6873.76,2385.96,0.0,2022-07-15 16:15:00
6521040,2022-07-15 16:20:17,N,3456.59,6693.07,2455.77,0.0,2022-07-15 16:20:00
6521042,2022-07-15 16:25:15,N,3622.1,6860.48,2385.96,0.0,2022-07-15 16:25:00
6521044,2022-07-15 16:30:18,N,3554.47,6787.5,2385.96,0.0,2022-07-15 16:30:00
6521048,2022-07-15 16:35:16,N,3500.17,6560.91,2385.96,0.0,2022-07-15 16:35:00
6521050,2022-07-15 16:40:16,N,3559.71,6574.69,2385.96,0.0,2022-07-15 16:40:00
6521052,2022-07-15 16:45:17,N,3567.99,6604.93,2385.66,0.0,2022-07-15 16:45:00
6521056,2022-07-15 16:50:16,N,3528.22,6576.18,2385.96,0.0,2022-07-15 16:50:00
6521058,2022-07-15 16:55:18,N,3524.98,6583.43,2385.96,0.0,2022-07-15 16:55:00
6521062,2022-07-15 17:00:22,N,3600.59,6891.35,2387.46,3.6205,2022-07-15 17:00:00
6521069,2022-07-15 17:05:19,N,3734.32,7261.45,2399.76,0.8578,2022-07-15 17:05:00
6521071,2022-07-15 17:10:16,N,3677.76,7259.42,2386.86,0.7166,2022-07-15 17:10:00
6521073,2022-07-15 17:15:18,N,3611.56,7072.91,2386.86,0.739,2022-07-15 17:15:00
6521077,2022-07-15 17:20:17,N,3649.72,7084.34,2386.86,0.9961,2022-07-15 17:20:00
6521079,2022-07-15 17:25:16,N,3833.44,7423.53,2386.86,0.2244,2022-07-15 17:25:00
6521081,2022-07-15 17:30:17,N,3958.77,7688.9,2386.86,0.0188,2022-07-15 17:30:00
6521085,2022-07-15 17:35:16,N,4151.1,7997.25,2386.86,0.0545,2022-07-15 17:35:00
6521087,2022-07-15 17:40:16,N,4206.79,8214.6,2386.86,0.1652,2022-07-15 17:40:00
6521089,2022-07-15 17:45:18,N,4286.31,8262.43,2386.86,0.001,2022-07-15 17:45:00
6521093,2022-07-15 17:50:18,N,4273.35,7963.41,2386.86,0.0328,2022-07-15 17:50:00
6521095,2022-07-15 17:55:16,N,4242.81,8356.0,2386.86,0.0844,2022-07-15 17:55:00
6521100,2022-07-15 18:00:20,N,4498.38,9508.19,2516.16,0.0,2022-07-15 18:00:00
6521106,2022-07-15 18:05:18,N,4472.0,9258.68,2486.86,0.0,2022-07-15 18:05:00
6521108,2022-07-15 18:10:16,N,4288.2,9182.2,2486.86,0.0,2022-07-15 18:10:00
6521110,2022-07-15 18:15:17,N,4204.45,8979.88,2574.86,0.0,2022-07-15 18:15:00
6521114,2022-07-15 18:20:18,N,4212.0,9041.18,2658.86,0.0,2022-07-15 18:20:00
6521116,2022-07-15 18:25:17,N,4218.08,9347.91,2658.86,0.0,2022-07-15 18:25:00
6521118,2022-07-15 18:30:18,N,4221.66,9585.53,2700.86,0.0,2022-07-15 18:30:00
6521122,2022-07-15 18:35:18,N,4269.08,9734.78,2700.86,0.0,2022-07-15 18:35:00
6521124,2022-07-15 18:40:17,N,4249.08,9861.8,2694.86,0.0,2022-07-15 18:40:00
6521126,2022-07-15 18:45:16,N,4220.52,9681.41,2689.86,0.0,2022-07-15 18:45:00
6521130,2022-07-15 18:50:17,N,4198.88,9996.05,2543.86,0.0,2022-07-15 18:50:00
6521132,2022-07-15 18:55:16,N,4210.76,9858.94,2543.86,0.0,2022-07-15 18:55:00
6521137,2022-07-15 19:00:22,N,4240.99,9999.34,2559.06,0.0,2022-07-15 19:00:00
6521143,2022-07-15 19:05:18,N,4200.32,10187.28,2512.45,0.0,2022-07-15 19:05:00
6521145,2022-07-15 19:10:17,N,4345.13,10342.64,2431.45,0.0,2022-07-15 19:10:00
6521147,2022-07-15 19:15:16,N,4294.26,9959.46,2448.35,0.0,2022-07-15 19:15:00
6521151,2022-07-15 19:20:17,N,4199.17,9579.58,2534.35,0.0,2022-07-15 19:20:00
6521153,2022-07-15 19:25:16,N,4269.67,9664.79,2534.35,0.0,2022-07-15 19:25:00
6521155,2022-07-15 19:30:17,N,4215.42,9632.1,2534.35,0.0,2022-07-15 19:30:00
6521159,2022-07-15 19:35:16,N,4268.6,9662.96,2534.35,0.0,2022-07-15 19:35:00
6521161,2022-07-15 19:40:16,N,4255.97,9714.08,2534.35,0.0,2022-07-15 19:40:00
6521163,2022-07-15 19:45:17,N,4226.84,9749.85,2534.35,0.0,2022-07-15 19:45:00
6521167,2022-07-15 19:50:17,N,4193.62,9631.99,2534.35,0.0,2022-07-15 19:50:00
6521169,2022-07-15 19:55:18,N,4190.26,9502.82,2534.35,0.0,2022-07-15 19:55:00
6521172,2022-07-15 20:00:22,N,4155.77,9423.88,2518.73,0.0,2022-07-15 20:00:00
6521180,2022-07-15 20:05:18,N,4243.36,9194.75,2518.73,0.0,2022-07-15 20:05:00
6521182,2022-07-15 20:10:17,N,4185.94,9075.59,2504.83,0.0,2022-07-15 20:10:00
6521184,2022-07-15 20:15:17,N,4103.83,8722.08,2504.83,0.0,2022-07-15 20:15:00
6521188,2022-07-15 20:20:17,N,3971.36,8473.13,2799.83,0.0,2022-07-15 20:20:00
6521190,2022-07-15 20:25:17,N,3895.95,8044.72,2890.83,0.0,2022-07-15 20:25:00
6521192,2022-07-15 20:30:17,N,3859.92,7864.76,3072.03,0.0,2022-07-15 20:30:00
6521196,2022-07-15 20:35:17,N,3781.55,7628.06,3357.23,0.0,2022-07-15 20:35:00
6521198,2022-07-15 20:40:16,N,3695.72,7897.67,3538.34,0.0,2022-07-15 20:40:00
6521200,2022-07-15 20:45:17,N,3709.04,7606.49,3719.17,0.0,2022-07-15 20:45:00
6521204,2022-07-15 20:50:16,N,4012.43,8148.61,3719.16,0.0,2022-07-15 20:50:00
6521206,2022-07-15 20:55:18,N,4017.84,8214.74,3775.05,0.0,2022-07-15 20:55:00
6521211,2022-07-15 21:00:21,N,3983.54,8600.14,3712.24,0.0,2022-07-15 21:00:00
6521217,2022-07-15 21:05:18,N,4102.85,8517.96,3902.26,0.0,2022-07-15 21:05:00
6521219,2022-07-15 21:10:18,N,4027.36,8526.94,3902.24,0.0,2022-07-15 21:10:00
6521221,2022-07-15 21:15:16,N,3907.89,8592.03,4281.25,0.0,2022-07-15 21:15:00
6521225,2022-07-15 21:20:17,N,3967.79,9105.5,4340.84,0.0,2022-07-15 21:20:00
6521227,2022-07-15 21:25:17,N,4076.18,9765.89,4399.96,0.0,2022-07-15 21:25:00
6521229,2022-07-15 21:30:17,N,4202.32,10204.82,4520.23,0.0,2022-07-15 21:30:00
6521233,2022-07-15 21:35:16,N,4265.41,10678.61,4636.62,0.0,2022-07-15 21:35:00
6521235,2022-07-15 21:40:18,N,4495.8,11260.74,4642.47,0.0,2022-07-15 21:40:00
6521237,2022-07-15 21:45:17,N,4604.35,11752.16,4712.61,0.0,2022-07-15 21:45:00
6521241,2022-07-15 21:50:16,N,4806.73,12122.25,4830.35,0.0,2022-07-15 21:50:00
6521243,2022-07-15 21:55:17,N,4869.84,12336.07,4869.64,0.0,2022-07-15 21:55:00
6521246,2022-07-15 22:00:23,N,4755.65,12436.97,5200.48,0.0,2022-07-15 22:00:00
6521254,2022-07-15 22:05:19,N,4801.51,12343.5,5599.94,0.0,2022-07-15 22:05:00
6521256,2022-07-15 22:10:17,N,4916.53,12667.41,5725.09,0.0,2022-07-15 22:10:00
6521258,2022-07-15 22:15:17,N,4974.93,13055.48,6028.71,0.0,2022-07-15 22:15:00
6521262,2022-07-15 22:20:16,N,4986.67,13151.2,6270.39,0.0,2022-07-15 22:20:00
6521264,2022-07-15 22:25:17,N,5198.52,13653.52,6432.91,0.0,2022-07-15 22:25:00
6521266,2022-07-15 22:30:17,N,5541.61,14241.39,6435.07,0.0,2022-07-15 22:30:00
6521270,2022-07-15 22:35:19,N,5805.23,14826.03,6447.62,0.0,2022-07-15 22:35:00
6521272,2022-07-15 22:40:19,N,6136.25,15384.72,6444.64,0.0,2022-07-15 22:40:00
6521274,2022-07-15 22:45:17,N,6331.56,15815.2,6443.64,0.0,2022-07-15 22:45:00
6521278,2022-07-15 22:50:18,N,6455.96,15977.84,6445.28,0.0,2022-07-15 22:50:00
6521280,2022-07-15 22:55:19,N,6650.77,16763.08,6445.56,0.0,2022-07-15 22:55:00
6521284,2022-07-15 23:00:24,N,6870.43,16804.28,6420.74,0.0,2022-07-15 23:00:00
6521291,2022-07-15 23:05:20,N,6900.78,16669.82,6429.93,0.0,2022-07-15 23:05:00
6521293,2022-07-15 23:10:17,N,6813.04,16009.18,6429.52,0.0,2022-07-15 23:10:00
6521295,2022-07-15 23:15:16,N,6733.42,15691.78,6490.48,0.0,2022-07-15 23:15:00
6521299,2022-07-15 23:20:18,N,6616.87,15678.56,6523.54,0.0,2022-07-15 23:20:00
6521301,2022-07-15 23:25:17,N,6549.13,15716.48,6543.47,0.0,2022-07-15 23:25:00
6521303,2022-07-15 23:30:17,N,6491.6,16022.63,6709.11,0.0,2022-07-15 23:30:00
6521307,2022-07-15 23:35:19,N,6677.6,16057.46,6706.29,0.0,2022-07-15 23:35:00
6521309,2022-07-15 23:40:18,N,6634.45,16000.59,6712.09,0.0,2022-07-15 23:40:00
6521311,2022-07-15 23:45:16,N,6729.3,16208.2,6717.67,0.0,2022-07-15 23:45:00
6521315,2022-07-15 23:50:18,N,6824.28,16261.86,6724.38,0.0,2022-07-15 23:50:00
6521317,2022-07-15 23:55:18,N,6868.67,16882.45,6839.23,0.0,2022-07-15 23:55:00
