slot,prc_mw,rtolcap_mw,rtoffcap_mw,rtordpa,imputed
2021-02-10 00:00:00,4198.41000000,7236.51000000,3497.15000000,0.00000000,False
2021-02-10 00:05:00,4087.15000000,6993.54000000,3730.54000000,0.00000000,False
2021-02-10 00:10:00,4050.77000000,6911.67000000,3730.46000000,0.00000000,False
2021-02-10 00:15:00,4135.76000000,6754.77000000,3690.42000000,0.00000000,False
2021-02-10 00:20:00,4112.84000000,6870.31000000,3785.52000000,0.00000000,False
2021-02-10 00:25:00,4055.78000000,6645.87000000,3777.74000000,0.00000000,False
2021-02-10 00:30:00,4455.23000000,6859.18000000,3675.39000000,0.00000000,False
2021-02-10 00:35:00,4579.79000000,6848.94000000,3743.47000000,0.00000000,False
2021-02-10 00:40:00,4575.20000000,7017.29000000,3810.42000000,0.00000000,False
2021-02-10 00:45:00,4756.90000000,7087.07000000,3856.44000000,0.00000000,False
2021-02-10 00:50:00,4630.95000000,6970.51000000,3962.37000000,0.00000000,False
2021-02-10 00:55:00,4620.64000000,6919.09000000,3912.39000000,0.00000000,False
2021-02-10 01:00:00,4783.14000000,7162.99000000,3794.40000000,0.00000000,False
2021-02-10 01:05:00,4848.10000000,7262.58000000,3799.30000000,0.00000000,False
2021-02-10 01:10:00,4833.26000000,7271.89000000,3813.11000000,0.00000000,False
2021-02-10 01:15:00,4903.61000000,7525.75000000,3767.12000000,0.00000000,False
2021-02-10 01:20:00,4902.13000000,7611.55000000,3767.11000000,0.00000000,False
2021-02-10 01:25:00,4756.58000000,7355.27000000,3767.11000000,0.00000000,False
2021-02-10 01:30:00,4637.83000000,7164.88000000,3859.13000000,0.00000000,False
2021-02-10 01:35:00,4697.49000000,7435.15000000,3859.14000000,0.00000000,False
2021-02-10 01:40:00,4689.76000000,7381.64000000,3859.21000000,0.00000000,False
2021-02-10 01:45:00,4751.77000000,7522.45000000,3859.22000000,0.00000000,False
2021-02-10 01:50:00,4684.71000000,7614.70000000,3859.15000000,0.00000000,False
2021-02-10 01:55:00,4786.01000000,7444.71000000,4044.22000000,0.00000000,False
2021-02-10 02:00:00,4789.73000000,7358.02000000,4248.13000000,0.00000000,False
2021-02-10 02:05:00,4772.08000000,7379.93000000,4323.70000000,0.00000000,False
2021-02-10 02:10:00,4783.29000000,7245.49000000,4392.97000000,0.00000000,False
2021-02-10 02:15:00,4558.08000000,7104.56000000,4406.96000000,0.00000000,False
2021-02-10 02:20:00,4501.57000000,7283.77000000,4307.98000000,0.00000000,False
2021-02-10 02:25:00,4394.53000000,7200.92000000,4184.73000000,0.00000000,False
2021-02-10 02:30:00,4415.71000000,7532.32000000,4062.29000000,0.00000000,False
2021-02-10 02:35:00,4487.49000000,7325.73000000,4144.89000000,0.00000000,False
2021-02-10 02:40:00,4447.41000000,7558.44000000,4062.33000000,0.00000000,False
2021-02-10 02:45:00,4412.65000000,7589.30000000,4062.33000000,0.00000000,False
2021-02-10 02:50:00,4338.80000000,7347.62000000,4158.40000000,0.00000000,False
2021-02-10 02:55:00,4353.62000000,7239.88000000,4236.75000000,0.00000000,False
2021-02-10 03:00:00,4181.62000000,7293.19000000,4166.06000000,0.00000000,False
2021-02-10 03:05:00,4106.47000000,6909.22000000,4159.53000000,0.00000000,False
2021-02-10 03:10:00,4037.99000000,6827.68000000,4159.56000000,0.00000000,False
2021-02-10 03:15:00,3925.57000000,6803.25000000,4288.90000000,0.00000000,False
2021-02-10 03:20:00,4053.30000000,6966.96000000,4205.70000000,0.00000000,False
2021-02-10 03:25:00,3915.54000000,6752.53000000,4205.62000000,0.00000000,False
2021-02-10 03:30:00,3903.01000000,6705.08000000,4205.53000000,0.00000000,False
2021-02-10 03:35:00,3977.81000000,6683.35000000,4205.52000000,0.00000000,False
2021-02-10 03:40:00,3893.47000000,6683.71000000,4205.54000000,0.00000000,False
2021-02-10 03:45:00,3927.93000000,6848.86000000,4205.55000000,0.00000000,False
2021-02-10 03:50:00,4163.61000000,7228.43000000,4205.57000000,0.00000000,False
2021-02-10 03:55:00,4931.33000000,8747.88000000,4104.65000000,0.00000000,False
2021-02-10 04:00:00,5092.45000000,8987.36000000,4105.66000000,0.00000000,False
2021-02-10 04:05:00,5143.14000000,8867.38000000,4105.76000000,0.00000000,False
2021-02-10 04:10:00,4888.66000000,8630.48000000,4147.29000000,0.00000000,False
2021-02-10 04:15:00,4677.49000000,8448.83000000,4230.27000000,0.00000000,False
2021-02-10 04:20:00,4396.80000000,8307.93000000,4147.40000000,0.00000000,False
2021-02-10 04:25:00,4296.16000000,8217.44000000,4147.43000000,0.00000000,False
2021-02-10 04:30:00,4298.23000000,8175.74000000,4230.86000000,0.00000000,False
2021-02-10 04:35:00,4253.80000000,8051.04000000,4147.42000000,0.00000000,False
2021-02-10 04:40:00,4225.96000000,7859.88000000,4219.37000000,0.00000000,False
2021-02-10 04:45:00,4291.18000000,8077.75000000,4290.43000000,0.00000000,False
2021-02-10 04:50:00,4151.30000000,7818.36000000,4244.51000000,0.00000000,False
2021-02-10 04:55:00,4242.32000000,7844.44000000,4101.41000000,0.00000000,False
2021-02-10 05:00:00,4444.63000000,8408.65000000,4216.73000000,0.00000000,False
2021-02-10 05:05:00,4354.08000000,8034.54000000,4195.23000000,0.00000000,False
2021-02-10 05:10:00,4279.51000000,8159.48000000,4122.27000000,0.00000000,False
2021-02-10 05:15:00,4209.50000000,8070.98000000,4122.25000000,0.00000000,False
2021-02-10 05:20:00,4309.81000000,8331.07000000,4050.69000000,0.00000000,False
2021-02-10 05:25:00,4373.87000000,8269.66000000,3958.67000000,0.00000000,False
2021-02-10 05:30:00,4457.50000000,8453.13000000,3958.71000000,0.00000000,False
2021-02-10 05:35:00,4330.48000000,8282.65000000,3862.62000000,0.00000000,False
2021-02-10 05:40:00,4263.96000000,8223.65000000,3862.44000000,0.00000000,False
2021-02-10 05:45:00,4503.94000000,8614.14000000,3718.53000000,0.00000000,False
2021-02-10 05:50:00,4414.02000000,8717.25000000,3566.32000000,0.00000000,False
2021-02-10 05:55:00,4437.34000000,8749.19000000,3516.08000000,0.00000000,False
2021-02-10 06:00:00,4444.53000000,8801.19000000,3512.08000000,0.00000000,False
2021-02-10 06:05:00,4376.80000000,8512.53000000,3512.29000000,0.00000000,False
2021-02-10 06:10:00,4106.69000000,7926.00000000,3512.31000000,0.00000000,False
2021-02-10 06:15:00,4090.84000000,7571.99000000,3512.33000000,0.00000000,False
2021-02-10 06:20:00,4120.52000000,7251.62000000,3512.38000000,0.00000000,False
2021-02-10 06:25:00,4147.81000000,7328.43000000,3512.46000000,0.00000000,False
2021-02-10 06:30:00,4073.14000000,7087.44000000,3512.37000000,0.00000000,False
2021-02-10 06:35:00,3986.23000000,6805.01000000,3464.32000000,0.00000000,False
2021-02-10 06:40:00,3978.78000000,6652.97000000,3408.41000000,0.00000000,False
2021-02-10 06:45:00,3959.99000000,6477.42000000,3408.39000000,0.00000000,False
2021-02-10 06:50:00,3878.60000000,6251.22000000,3408.26000000,0.00000000,False
2021-02-10 06:55:00,3944.76000000,6149.28000000,3352.53000000,0.00000000,False
2021-02-10 07:00:00,3710.62000000,5742.65000000,2982.48000000,0.00000000,False
2021-02-10 07:05:00,3777.30000000,6006.05000000,2982.58000000,0.00000000,False
2021-02-10 07:10:00,3666.75000000,5829.88000000,2982.56000000,0.00000000,False
2021-02-10 07:15:00,3581.64000000,5686.50000000,2823.28000000,0.00000000,False
2021-02-10 07:20:00,3548.06000000,5663.24000000,2823.33000000,0.00000000,False
2021-02-10 07:25:00,3670.45000000,5809.49000000,2823.31000000,0.00000000,False
2021-02-10 07:30:00,3679.62000000,5813.12000000,2823.28000000,0.00000000,False
2021-02-10 07:35:00,3640.68000000,5824.56000000,2743.25000000,0.00000000,False
2021-02-10 07:40:00,3517.59000000,5524.07000000,2743.25000000,0.00000000,False
2021-02-10 07:45:00,3622.50000000,5563.66000000,2743.25000000,0.00000000,False
2021-02-10 07:50:00,3646.24000000,5521.19000000,2743.17000000,0.00000000,False
2021-02-10 07:55:00,3582.79000000,5502.98000000,2718.07000000,0.00000000,False
2021-02-10 08:00:00,3515.08000000,5210.26000000,2808.94000000,0.00000000,False
2021-02-10 08:05:00,3472.73000000,5068.26000000,2718.86000000,0.00000000,False
2021-02-10 08:10:00,3450.44000000,4916.94000000,2684.93000000,0.00000000,False
2021-02-10 08:15:00,3606.28000000,5048.32000000,2547.91000000,0.00000000,False
2021-02-10 08:20:00,3714.02000000,5227.96000000,2548.00000000,0.00000000,False
2021-02-10 08:25:00,3723.05000000,5244.40000000,2453.03000000,0.00000000,False
2021-02-10 08:30:00,3720.66000000,5219.69000000,2414.60000000,0.00000000,False
2021-02-10 08:35:00,3798.41000000,5366.76000000,2440.53000000,0.00000000,False
2021-02-10 08:40:00,3684.58000000,5210.17000000,2440.51000000,0.00000000,False
2021-02-10 08:45:00,3694.08000000,5196.00000000,2398.82000000,0.00000000,False
2021-02-10 08:50:00,3751.00000000,5369.41000000,2398.82000000,0.00000000,False
2021-02-10 08:55:00,3780.97000000,5453.57000000,2398.82000000,0.00000000,False
2021-02-10 09:00:00,3665.60000000,5232.61000000,2443.32000000,0.00000000,False
2021-02-10 09:05:00,3730.02000000,5376.02000000,2397.62000000,0.00000000,False
2021-02-10 09:10:00,3831.07000000,5455.83000000,2397.62000000,0.00000000,False
2021-02-10 09:15:00,3917.12000000,5625.43000000,2396.60000000,0.00000000,False
2021-02-10 09:20:00,3909.71000000,5623.07000000,2396.60000000,0.00000000,False
2021-02-10 09:25:00,3747.92000000,5464.11000000,2396.60000000,0.00000000,False
2021-02-10 09:30:00,3823.23000000,5524.56000000,2396.60000000,0.00000000,False
2021-02-10 09:35:00,3841.12000000,5577.65000000,2396.60000000,0.00000000,False
2021-02-10 09:40:00,3856.30000000,5563.37000000,2396.60000000,0.00000000,False
2021-02-10 09:45:00,3787.58000000,5585.56000000,2434.00000000,0.00000000,False
2021-02-10 09:50:00,3728.63000000,5498.83000000,2628.00000000,0.00000000,False
2021-02-10 09:55:00,3635.40000000,5394.16000000,2739.65000000,0.00000000,False
2021-02-10 10:00:00,3598.47000000,5196.53000000,2734.94000000,0.00000000,False
2021-02-10 10:05:00,3596.10000000,5095.00000000,2754.75000000,0.00000000,False
2021-02-10 10:10:00,3603.60000000,5140.11000000,2655.13000000,0.00000000,False
2021-02-10 10:15:00,3735.11000000,5435.19000000,2498.27000000,0.00000000,False
2021-02-10 10:20:00,3875.66000000,5702.70000000,2379.27000000,0.00000000,False
2021-02-10 10:25:00,4085.25000000,6024.03000000,2379.25000000,0.00000000,False
2021-02-10 10:30:00,4065.23000000,5958.31000000,2438.24000000,0.00000000,False
2021-02-10 10:35:00,3984.07000000,5737.18000000,2438.17000000,0.00000000,False
2021-02-10 10:40:00,4019.87000000,5969.99000000,2536.18000000,0.00000000,False
2021-02-10 10:45:00,3979.10000000,5951.96000000,2536.15000000,0.00000000,False
2021-02-10 10:50:00,3973.62000000,5932.02000000,2534.17000000,0.00000000,False
2021-02-10 10:55:00,4029.14000000,6238.86000000,2536.20000000,0.00000000,False
2021-02-10 11:00:00,4026.29000000,6308.54000000,2530.53000000,0.00000000,False
2021-02-10 11:05:00,4123.22000000,6366.16000000,2507.85000000,0.00000000,False
2021-02-10 11:10:00,4033.60000000,6048.97000000,2507.42000000,0.00000000,False
2021-02-10 11:15:00,3867.24000000,5475.78000000,2549.46000000,0.00000000,False
2021-02-10 11:20:00,3813.18000000,5652.59000000,2549.03000000,0.00000000,False
2021-02-10 11:25:00,3766.86000000,5693.28000000,2548.31000000,0.00000000,False
2021-02-10 11:30:00,3799.90000000,5684.09000000,2594.94000000,0.00000000,False
2021-02-10 11:35:00,3766.49000000,5795.50000000,2715.80000000,0.00000000,False
2021-02-10 11:40:00,3810.39000000,5608.35000000,2740.66000000,0.00000000,False
2021-02-10 11:45:00,3564.40000000,5187.88000000,2786.70000000,0.00000000,False
2021-02-10 11:50:00,3639.47000000,5392.11000000,2783.33000000,0.00000000,False
2021-02-10 11:55:00,3637.80000000,5522.98000000,2736.76000000,0.00000000,False
2021-02-10 12:00:00,3641.47000000,5664.38000000,2732.13000000,0.00000000,False
2021-02-10 12:05:00,3673.59000000,5804.49000000,2731.13000000,0.00000000,False
2021-02-10 12:10:00,3651.04000000,5750.73000000,2732.36000000,0.00000000,False
2021-02-10 12:15:00,3734.39000000,5803.35000000,2651.58000000,0.00000000,False
2021-02-10 12:20:00,3773.56000000,5875.81000000,2651.90000000,0.00000000,False
2021-02-10 12:25:00,3699.31000000,5808.65000000,2653.75000000,0.00000000,False
2021-02-10 12:30:00,3711.34000000,5851.12000000,2653.27000000,0.00000000,False
2021-02-10 12:35:00,3716.84000000,5846.40000000,2698.28000000,0.00000000,False
2021-02-10 12:40:00,3910.06000000,6068.64000000,2698.53000000,0.00000000,False
2021-02-10 12:45:00,3991.93000000,6313.08000000,2697.96000000,0.00000000,False
2021-02-10 12:50:00,4030.33000000,6473.57000000,2697.97000000,0.00000000,False
2021-02-10 12:55:00,4065.95000000,6738.95000000,2813.43000000,0.00000000,False
2021-02-10 13:00:00,4043.36000000,6618.34000000,2892.18000000,0.00000000,False
2021-02-10 13:05:00,3845.79000000,6263.54000000,3144.03000000,0.00000000,False
2021-02-10 13:10:00,3673.76000000,6171.09000000,3066.12000000,0.00000000,False
2021-02-10 13:15:00,3711.20000000,6121.35000000,3113.00000000,0.00000000,False
2021-02-10 13:20:00,3738.23000000,6231.71000000,3115.83000000,0.00000000,False
2021-02-10 13:25:00,3800.56000000,6224.85000000,3192.85000000,0.00000000,False
2021-02-10 13:30:00,3750.55000000,6371.42000000,3109.59000000,0.00000000,False
2021-02-10 13:35:00,3644.00000000,6099.16000000,3181.28000000,0.00000000,False
2021-02-10 13:40:00,3640.66000000,6259.63000000,3108.80000000,0.00000000,False
2021-02-10 13:45:00,3701.79000000,6486.62000000,3194.08000000,0.00000000,False
2021-02-10 13:50:00,3863.45000000,6871.40000000,3111.04000000,0.00000000,False
2021-02-10 13:55:00,3870.87000000,7066.35000000,3111.11000000,0.00000000,False
2021-02-10 14:00:00,3856.21000000,7167.63000000,3113.16000000,0.00000000,False
2021-02-10 14:05:00,3857.00000000,7117.54000000,3112.08000000,0.00000000,False
2021-02-10 14:10:00,3842.62000000,6840.21000000,3153.67000000,0.00000000,False
2021-02-10 14:15:00,3824.29000000,6693.65000000,3203.74000000,0.00000000,False
2021-02-10 14:20:00,3769.82000000,6520.80000000,3203.75000000,0.00000000,False
2021-02-10 14:25:00,3870.01000000,6873.83000000,3163.18000000,0.00000000,False
2021-02-10 14:30:00,3849.91000000,7056.20000000,3163.31000000,0.00000000,False
2021-02-10 14:35:00,3868.44000000,7253.35000000,3208.33000000,0.00000000,False
2021-02-10 14:40:00,3797.38000000,6958.10000000,3264.61000000,0.00000000,False
2021-02-10 14:45:00,3792.15000000,6921.13000000,3264.50000000,0.00000000,False
2021-02-10 14:50:00,3817.05000000,6823.62000000,3264.50000000,0.00000000,False
2021-02-10 14:55:00,3857.64000000,6967.28000000,3264.64000000,0.00000000,False
2021-02-10 15:00:00,3866.25000000,7152.10000000,3264.88000000,0.00000000,False
2021-02-10 15:05:00,3854.67000000,6903.22000000,3264.65000000,0.00000000,False
2021-02-10 15:10:00,3726.43000000,6878.02000000,3220.66000000,0.00000000,False
2021-02-10 15:15:00,3819.41000000,6888.59000000,3220.61000000,0.00000000,False
2021-02-10 15:20:00,3945.77000000,6841.23000000,3220.59000000,0.00000000,False
2021-02-10 15:25:00,4005.41000000,6994.73000000,3220.51000000,0.00000000,False
2021-02-10 15:30:00,3949.50000000,6887.46000000,3220.51000000,0.00000000,False
2021-02-10 15:35:00,3973.50000000,6827.65000000,3220.53000000,0.00000000,False
2021-02-10 15:40:00,4011.07000000,6955.89000000,3220.59000000,0.00000000,False
2021-02-10 15:45:00,4007.44000000,7016.38000000,3220.62000000,0.00000000,False
2021-02-10 15:50:00,3973.00000000,7011.24000000,3221.08000000,0.00000000,False
2021-02-10 15:55:00,3950.73000000,6909.94000000,3221.14000000,0.00000000,False
2021-02-10 16:00:00,3977.96000000,6847.17000000,3219.41000000,0.00000000,False
2021-02-10 16:05:00,4060.87000000,6845.81000000,3297.47000000,0.00000000,False
2021-02-10 16:10:00,4051.60000000,6771.56000000,3297.51000000,0.00000000,False
2021-02-10 16:15:00,4078.00000000,6735.94000000,3219.37000000,0.00000000,False
2021-02-10 16:20:00,4028.38000000,6493.13000000,3216.71000000,0.00000000,False
2021-02-10 16:25:00,3991.59000000,6440.13000000,3219.43000000,0.00000000,False
2021-02-10 16:30:00,4040.42000000,6616.40000000,3220.35000000,0.00000000,False
2021-02-10 16:35:00,4081.62000000,6711.19000000,3216.34000000,0.00000000,False
2021-02-10 16:40:00,3970.40000000,6537.79000000,3213.66000000,0.00000000,False
2021-02-10 16:45:00,4058.07000000,6695.58000000,2861.38000000,0.00000000,False
2021-02-10 16:50:00,4094.03000000,6665.36000000,2565.45000000,0.00000000,False
2021-02-10 16:55:00,4249.60000000,7007.20000000,2409.50000000,0.00000000,False
2021-02-10 17:00:00,4285.62000000,7140.78000000,2344.25000000,0.00000000,False
2021-02-10 17:05:00,4345.76000000,7287.98000000,2389.30000000,0.00000000,False
2021-02-10 17:10:00,4334.63000000,7343.10000000,2434.30000000,0.00000000,False
2021-02-10 17:15:00,4296.27000000,7157.59000000,2434.40000000,0.00000000,False
2021-02-10 17:20:00,4224.03000000,6871.61000000,2435.30000000,0.00000000,False
2021-02-10 17:25:00,4110.24000000,6709.67000000,2389.36000000,0.00000000,False
2021-02-10 17:30:00,3966.53000000,6510.32000000,2436.40000000,0.00000000,False
2021-02-10 17:35:00,4024.44000000,6497.97000000,2390.00000000,0.00000000,False
2021-02-10 17:40:00,4056.45000000,6331.28000000,2390.00000000,0.00000000,False
2021-02-10 17:45:00,4029.51000000,6031.68000000,2296.33000000,0.00000000,False
2021-02-10 17:50:00,4085.42000000,6038.82000000,2195.37000000,0.00000000,False
2021-02-10 17:55:00,4003.17000000,5857.34000000,2194.93000000,0.00000000,False
2021-02-10 18:00:00,3979.63000000,5978.50000000,2156.34000000,0.00000000,False
2021-02-10 18:05:00,3920.52000000,5871.96000000,2155.86000000,0.00000000,False
2021-02-10 18:10:00,3943.52000000,5774.87000000,2156.61000000,0.00000000,False
2021-02-10 18:15:00,3896.12000000,5690.80000000,2056.98000000,0.00000000,False
2021-02-10 18:20:00,4013.21000000,5809.83000000,2018.98000000,0.00000000,False
2021-02-10 18:25:00,4176.68000000,5714.88000000,2021.25000000,0.00000000,False
2021-02-10 18:30:00,4133.33000000,5619.86000000,1955.48000000,0.00000000,False
2021-02-10 18:35:00,4147.23000000,5855.67000000,1958.11000000,0.00000000,False
2021-02-10 18:40:00,4030.92000000,5622.77000000,1958.84000000,0.00000000,False
2021-02-10 18:45:00,4007.07000000,5598.22000000,1965.16000000,0.00000000,False
2021-02-10 18:50:00,3955.08000000,5577.49000000,1965.18000000,0.00000000,False
2021-02-10 18:55:00,3850.74000000,5421.30000000,1967.06000000,0.00000000,False
2021-02-10 19:00:00,3909.24000000,5513.97000000,1971.08000000,0.00000000,False
2021-02-10 19:05:00,3697.61000000,5297.70000000,1969.55000000,0.00000000,False
2021-02-10 19:10:00,3925.45000000,5597.43000000,1968.30000000,0.00000000,False
2021-02-10 19:15:00,3858.59000000,5461.29000000,1958.15000000,0.00000000,False
2021-02-10 19:20:00,3705.20000000,5319.67000000,1964.29000000,0.00000000,False
2021-02-10 19:25:00,3645.98000000,5267.20000000,1991.43000000,0.00000000,False
2021-02-10 19:30:00,3646.97000000,5141.55000000,1997.53000000,0.00000000,False
2021-02-10 19:35:00,3652.28000000,5212.81000000,1992.23000000,0.00000000,False
2021-02-10 19:40:00,3985.21000000,5910.15000000,1989.22000000,0.00000000,False
2021-02-10 19:45:00,4147.79000000,6115.28000000,1999.23000000,0.00000000,False
2021-02-10 19:50:00,3986.15000000,6082.74000000,2100.90000000,0.00000000,False
2021-02-10 19:55:00,3829.10000000,5917.80000000,2101.09000000,0.00000000,False
2021-02-10 20:00:00,3781.99000000,5890.52000000,2160.14000000,0.00000000,False
2021-02-10 20:05:00,3885.04000000,5975.42000000,2264.34000000,0.00000000,False
2021-02-10 20:10:00,3973.55000000,6137.17000000,2263.82000000,0.00000000,False
2021-02-10 20:15:00,3969.85000000,6235.99000000,2309.46000000,0.00000000,False
2021-02-10 20:20:00,3920.10000000,6201.49000000,2306.66000000,0.00000000,False
2021-02-10 20:25:00,3895.21000000,6068.14000000,2357.74000000,0.00000000,False
2021-02-10 20:30:00,3851.18000000,6191.62000000,2470.70000000,0.00000000,False
2021-02-10 20:35:00,3810.66000000,6107.71000000,2520.45000000,0.00000000,False
2021-02-10 20:40:00,3777.88000000,6087.78000000,2519.14000000,0.00000000,False
2021-02-10 20:45:00,3869.99000000,6208.88000000,2607.94000000,0.00000000,False
2021-02-10 20:50:00,3952.89000000,6229.81000000,2612.48000000,0.00000000,False
2021-02-10 20:55:00,3852.50000000,6142.86000000,2614.31000000,0.00000000,False
2021-02-10 21:00:00,3814.61000000,6156.38000000,2624.01000000,0.00000000,False
2021-02-10 21:05:00,3996.31000000,6303.27000000,2698.00000000,0.00000000,False
2021-02-10 21:10:00,3876.40000000,6164.27000000,2811.14000000,0.00000000,False
2021-02-10 21:15:00,3849.67000000,6109.57000000,2981.91000000,0.00000000,False
2021-02-10 21:20:00,3833.51000000,6279.02000000,3031.92000000,0.00000000,False
2021-02-10 21:25:00,3826.65000000,6254.20000000,3102.66000000,0.00000000,False
2021-02-10 21:30:00,3820.32000000,6349.08000000,3177.60000000,0.00000000,False
2021-02-10 21:35:00,3777.87000000,6224.17000000,3177.68000000,0.00000000,False
2021-02-10 21:40:00,3700.69000000,6079.68000000,3251.87000000,0.00000000,False
2021-02-10 21:45:00,3881.15000000,6357.84000000,3438.05000000,0.00000000,False
2021-02-10 21:50:00,3885.43000000,6570.17000000,3359.09000000,0.00000000,False
2021-02-10 21:55:00,3762.82000000,6427.98000000,3276.90000000,0.00000000,False
2021-02-10 22:00:00,3783.57000000,6343.89000000,3412.80000000,0.00000000,False
2021-02-10 22:05:00,3971.66000000,6796.66000000,3253.26000000,0.00000000,False
2021-02-10 22:10:00,4024.21000000,7170.85000000,3492.90000000,0.00000000,False
2021-02-10 22:15:00,4126.54000000,7472.05000000,3325.52000000,0.00000000,False
2021-02-10 22:20:00,4014.68000000,7578.88000000,3367.12000000,0.00000000,False
2021-02-10 22:25:00,3985.53000000,7657.10000000,3458.06000000,0.00000000,False
2021-02-10 22:30:00,3901.93000000,7516.16000000,3517.99000000,0.00000000,False
2021-02-10 22:35:00,3862.73000000,7578.84000000,3520.81000000,0.00000000,False
2021-02-10 22:40:00,3827.50000000,7124.90000000,3687.99000000,0.00000000,False
2021-02-10 22:45:00,3933.36000000,7509.89000000,3762.38000000,0.00000000,False
2021-02-10 22:50:00,4056.23000000,7784.46000000,3904.26000000,0.00000000,False
2021-02-10 22:55:00,3995.69000000,7803.09000000,3830.02000000,0.00000000,False
2021-02-10 23:00:00,3970.09000000,7802.94000000,3831.56000000,0.00000000,False
2021-02-10 23:05:00,4063.31000000,7955.07000000,3831.39000000,0.00000000,False
2021-02-10 23:10:00,4082.95000000,8097.13000000,3927.44000000,0.00000000,False
2021-02-10 23:15:00,4052.33000000,8054.73000000,3993.65000000,0.00000000,False
2021-02-10 23:20:00,4030.59000000,8063.20000000,3991.53000000,0.00000000,False
2021-02-10 23:25:00,4078.09000000,8013.14000000,3991.54000000,0.00000000,False
2021-02-10 23:30:00,4120.58000000,8126.32000000,3991.56000000,0.00000000,False
2021-02-10 23:35:00,4093.61000000,8179.85000000,3991.48000000,0.00000000,False
2021-02-10 23:40:00,4019.48000000,7972.90000000,4083.32000000,0.00000000,False
2021-02-10 23:45:00,4083.42000000,7948.65000000,4083.57000000,0.00000000,False
2021-02-10 23:50:00,4257.71000000,8228.78000000,4083.60000000,0.00000000,False
2021-02-10 23:55:00,4256.81000000,8071.50000000,4157.44000000,0.00000000,False
2021-02-11 00:00:00,4188.06000000,7973.69000000,4216.06000000,0.00000000,False
2021-02-11 00:05:00,4127.76000000,7913.00000000,4238.08000000,0.00000000,False
2021-02-11 00:10:00,4113.01000000,7719.28000000,4238.11000000,0.00000000,False
2021-02-11 00:15:00,3879.15000000,7483.14000000,4237.92000000,0.00000000,False
2021-02-11 00:20:00,3766.64000000,7268.78000000,4237.90000000,0.00000000,False
2021-02-11 00:25:00,3808.72000000,7262.81000000,4237.22000000,0.00000000,False
2021-02-11 00:30:00,3995.59000000,7467.57000000,4314.63000000,0.00000000,False
2021-02-11 00:35:00,3894.80000000,7476.92000000,4314.32000000,0.00000000,False
2021-02-11 00:40:00,3980.93000000,7654.09000000,4237.56000000,0.00000000,False
2021-02-11 00:45:00,3990.79000000,7726.95000000,4237.61000000,0.00000000,False
2021-02-11 00:50:00,4052.45000000,7830.50000000,4237.83000000,0.00000000,False
2021-02-11 00:55:00,4156.28000000,8023.54000000,4237.64000000,0.00000000,False
2021-02-11 01:00:00,4276.30000000,8297.92000000,4233.11000000,0.00000000,False
2021-02-11 01:05:00,4300.70000000,8354.63000000,4224.31000000,0.00000000,False
2021-02-11 01:10:00,4223.43000000,8283.66000000,4224.40000000,0.00000000,False
2021-02-11 01:15:00,4224.43000000,8338.32000000,4517.41000000,0.00000000,False
2021-02-11 01:20:00,4246.02000000,8424.22000000,4517.32000000,0.00000000,False
2021-02-11 01:25:00,4065.24000000,8128.39000000,4573.94000000,0.00000000,False
2021-02-11 01:30:00,4117.05000000,8106.74000000,4630.38000000,0.00000000,False
2021-02-11 01:35:00,4168.87000000,8156.39000000,4630.23000000,0.00000000,False
2021-02-11 01:40:00,4169.00000000,8335.98000000,4630.12000000,0.00000000,False
2021-02-11 01:45:00,4172.96000000,8287.06000000,4630.15000000,0.00000000,False
2021-02-11 01:50:00,4039.41000000,8049.54000000,4630.24000000,0.00000000,False
2021-02-11 01:55:00,4061.94000000,7930.52000000,4630.48000000,0.00000000,False
2021-02-11 02:00:00,4071.04000000,7878.17000000,4652.32000000,0.00000000,False
2021-02-11 02:05:00,4064.87000000,7812.61000000,4652.36000000,0.00000000,False
2021-02-11 02:10:00,3940.42000000,7605.29000000,4652.23000000,0.00000000,False
2021-02-11 02:15:00,3933.53000000,7518.88000000,4652.38000000,0.00000000,False
2021-02-11 02:20:00,4109.66000000,7713.40000000,4652.36000000,0.00000000,False
2021-02-11 02:25:00,4104.67000000,7708.19000000,4652.43000000,0.00000000,False
2021-02-11 02:30:00,4116.79000000,7695.86000000,4652.40000000,0.00000000,False
2021-02-11 02:35:00,4290.67000000,8094.06000000,4652.33000000,0.00000000,False
2021-02-11 02:40:00,4113.58000000,8021.96000000,4652.14000000,0.00000000,False
2021-02-11 02:45:00,4108.85000000,7955.82000000,4651.28000000,0.00000000,False
2021-02-11 02:50:00,4142.38000000,7946.69000000,4651.46000000,0.00000000,False
2021-02-11 02:55:00,4195.19000000,8041.50000000,4651.42000000,0.00000000,False
2021-02-11 03:00:00,4097.21000000,7929.58000000,4655.35000000,0.00000000,False
2021-02-11 03:05:00,3952.69000000,7777.42000000,4655.34000000,0.00000000,False
2021-02-11 03:10:00,4054.32000000,7742.94000000,4655.31000000,0.00000000,False
2021-02-11 03:15:00,4070.25000000,7789.67000000,4655.35000000,0.00000000,False
2021-02-11 03:20:00,3952.88000000,7700.92000000,4655.41000000,0.00000000,False
2021-02-11 03:25:00,3933.87000000,7548.52000000,4655.37000000,0.00000000,False
2021-02-11 03:30:00,3824.04000000,7287.35000000,4655.37000000,0.00000000,False
2021-02-11 03:35:00,3762.82000000,7149.96000000,4745.33000000,0.00000000,False
2021-02-11 03:40:00,3791.02000000,7152.60000000,4744.29000000,0.00000000,False
2021-02-11 03:45:00,3761.66000000,7229.89000000,4655.39000000,0.00000000,False
2021-02-11 03:50:00,3666.75000000,6948.86000000,4654.38000000,0.00000000,False
2021-02-11 03:55:00,3653.20000000,6868.82000000,4654.42000000,0.00000000,False
2021-02-11 04:00:00,4075.69000000,7937.00000000,4657.60000000,0.00000000,False
2021-02-11 04:05:00,4102.02000000,7778.01000000,4657.76000000,0.00000000,False
2021-02-11 04:10:00,4152.36000000,7615.89000000,4657.73000000,0.00000000,False
2021-02-11 04:15:00,4368.41000000,7790.36000000,4657.71000000,0.00000000,False
2021-02-11 04:20:00,4413.34000000,7864.43000000,4657.79000000,0.00000000,False
2021-02-11 04:25:00,4184.76000000,7676.38000000,4565.67000000,0.00000000,False
2021-02-11 04:30:00,4091.22000000,7406.92000000,4373.57000000,0.00000000,False
2021-02-11 04:35:00,4197.37000000,7678.68000000,4278.55000000,0.00000000,False
2021-02-11 04:40:00,4161.90000000,7647.41000000,4278.41000000,0.00000000,False
2021-02-11 04:45:00,4195.26000000,7934.14000000,4278.44000000,0.00000000,False
2021-02-11 04:50:00,4265.60000000,7903.97000000,4278.67000000,0.00000000,False
2021-02-11 04:55:00,4115.17000000,7856.83000000,4186.70000000,0.00000000,False
2021-02-11 05:00:00,4113.21000000,8179.34000000,4084.46000000,0.00000000,False
2021-02-11 05:05:00,4072.91000000,8225.37000000,4121.39000000,0.00000000,False
2021-02-11 05:10:00,4101.36000000,7913.49000000,4008.54000000,0.00000000,False
2021-02-11 05:15:00,4308.60000000,8254.43000000,3762.56000000,0.00000000,False
2021-02-11 05:20:00,4522.60000000,8506.65000000,3662.78000000,0.00000000,False
2021-02-11 05:25:00,4566.54000000,8712.32000000,3561.90000000,0.00000000,False
2021-02-11 05:30:00,4505.06000000,8585.17000000,3561.84000000,0.00000000,False
2021-02-11 05:35:00,4396.23000000,8358.32000000,3561.78000000,0.00000000,False
2021-02-11 05:40:00,4402.78000000,8202.23000000,3561.71000000,0.00000000,False
2021-02-11 05:45:00,4537.11000000,8490.31000000,3417.47000000,0.00000000,False
2021-02-11 05:50:00,4611.22000000,8711.60000000,3305.94000000,0.00000000,False
2021-02-11 05:55:00,4550.81000000,8519.07000000,3205.06000000,0.00000000,False
2021-02-11 06:00:00,4717.60000000,8897.63000000,3209.73000000,0.00000000,False
2021-02-11 06:05:00,4366.57000000,8355.42000000,3141.84000000,0.00000000,False
2021-02-11 06:10:00,4213.20000000,7726.67000000,3204.93000000,0.00000000,False
2021-02-11 06:15:00,4117.88000000,7252.37000000,3204.98000000,0.00000000,False
2021-02-11 06:20:00,4219.02000000,7511.37000000,3141.92000000,0.00000000,False
2021-02-11 06:25:00,4535.97000000,7829.93000000,2967.04000000,0.00000000,False
2021-02-11 06:30:00,4652.54000000,7888.27000000,2967.29000000,0.00000000,False
2021-02-11 06:35:00,4685.61000000,7886.98000000,2888.02000000,0.00000000,False
2021-02-11 06:40:00,4605.75000000,7647.16000000,2276.95000000,0.00000000,False
2021-02-11 06:45:00,4571.67000000,7508.04000000,2130.91000000,0.00000000,False
2021-02-11 06:50:00,4716.79000000,7966.91000000,1986.00000000,0.00000000,False
2021-02-11 06:55:00,4739.75000000,8001.51000000,1986.02000000,0.00000000,False
2021-02-11 07:00:00,4683.11000000,8121.03000000,1986.02000000,0.00000000,False
2021-02-11 07:05:00,4358.97000000,7573.25000000,1986.81000000,0.00000000,False
2021-02-11 07:10:00,4205.73000000,7292.15000000,1986.88000000,0.00000000,False
2021-02-11 07:15:00,4190.61000000,7104.62000000,1986.91000000,0.00000000,False
2021-02-11 07:20:00,4153.68000000,6951.94000000,1984.78000000,0.00000000,False
2021-02-11 07:25:00,3999.49000000,6539.91000000,2086.03000000,0.00000000,False
2021-02-11 07:30:00,3959.63000000,6539.34000000,2081.23000000,0.00000000,False
2021-02-11 07:35:00,3956.54000000,6567.66000000,2051.89000000,0.00000000,False
2021-02-11 07:40:00,4042.53000000,6788.20000000,2050.54000000,0.00000000,False
2021-02-11 07:45:00,4059.42000000,6609.38000000,2052.27000000,0.00000000,False
2021-02-11 07:50:00,3994.69000000,6510.19000000,2050.85000000,0.00000000,False
2021-02-11 07:55:00,3935.93000000,6383.75000000,2052.32000000,0.00000000,False
2021-02-11 08:00:00,3749.50000000,6318.77000000,2008.44000000,0.00000000,False
2021-02-11 08:05:00,3538.20000000,6000.86000000,1963.83000000,0.00000000,False
2021-02-11 08:10:00,3562.85000000,5798.55000000,1851.89000000,0.00000000,False
2021-02-11 08:15:00,3770.76000000,5674.04000000,1851.91000000,0.00000000,False
2021-02-11 08:20:00,3702.27000000,5602.44000000,1852.89000000,0.00000000,False
2021-02-11 08:25:00,3806.98000000,5707.78000000,1802.96000000,0.00000000,False
2021-02-11 08:30:00,3701.84000000,5648.73000000,1802.95000000,0.00000000,False
2021-02-11 08:35:00,3698.02000000,5474.61000000,1703.78000000,0.00000000,False
2021-02-11 08:40:00,3956.45000000,6006.85000000,1675.31000000,0.00000000,False
2021-02-11 08:45:00,3984.92000000,6092.20000000,1717.07000000,0.00000000,False
2021-02-11 08:50:00,3889.82000000,5953.61000000,1727.75000000,0.00000000,False
2021-02-11 08:55:00,3811.25000000,6001.86000000,1719.76000000,0.00000000,False
2021-02-11 09:00:00,3693.90000000,5897.08000000,1722.17000000,0.00000000,False
2021-02-11 09:05:00,3911.47000000,6033.20000000,1568.66000000,0.00000000,False
2021-02-11 09:10:00,3737.35000000,5892.58000000,1567.79000000,0.00000000,False
2021-02-11 09:15:00,3708.58000000,5500.28000000,1566.53000000,0.00000000,False
2021-02-11 09:20:00,3894.81000000,6006.89000000,1567.57000000,0.00000000,False
2021-02-11 09:25:00,3805.79000000,5920.24000000,1569.60000000,0.00000000,False
2021-02-11 09:30:00,3703.18000000,5645.56000000,1530.52000000,0.00000000,False
2021-02-11 09:35:00,3847.72000000,5693.56000000,1530.40000000,0.00000000,False
2021-02-11 09:40:00,3778.72000000,5749.80000000,1539.31000000,0.00000000,False
2021-02-11 09:45:00,3769.99000000,5740.64000000,1536.49000000,0.00000000,False
2021-02-11 09:50:00,3666.01000000,5557.35000000,1537.61000000,0.00000000,False
2021-02-11 09:55:00,3794.38000000,5489.34000000,1536.59000000,0.00000000,False
2021-02-11 10:00:00,3648.57000000,5131.96000000,1489.88000000,0.00000000,False
2021-02-11 10:05:00,3637.36000000,5050.79000000,1488.78000000,0.00000000,False
2021-02-11 10:10:00,3674.63000000,5281.48000000,1486.43000000,0.00000000,False
2021-02-11 10:15:00,3660.09000000,5013.26000000,1482.55000000,0.00000000,False
2021-02-11 10:20:00,3597.04000000,4839.08000000,1488.69000000,0.00000000,False
2021-02-11 10:25:00,3579.31000000,5105.31000000,1443.63000000,0.00000000,False
2021-02-11 10:30:00,3878.92000000,5775.12000000,1441.64000000,0.00000000,False
2021-02-11 10:35:00,3898.47000000,6028.82000000,1442.60000000,0.00000000,False
2021-02-11 10:40:00,3811.34000000,5609.57000000,1438.64000000,0.00000000,False
2021-02-11 10:45:00,3781.98000000,5443.20000000,1440.79000000,0.00000000,False
2021-02-11 10:50:00,4074.34000000,6169.90000000,1441.46000000,0.00000000,False
2021-02-11 10:55:00,4171.58000000,6515.32000000,1440.58000000,0.00000000,False
2021-02-11 11:00:00,4084.21000000,6819.99000000,1426.21000000,0.00000000,False
2021-02-11 11:05:00,3953.92000000,6280.70000000,1437.59000000,0.00000000,False
2021-02-11 11:10:00,3948.62000000,6311.46000000,1437.31000000,0.00000000,False
2021-02-11 11:15:00,3989.02000000,6657.51000000,1435.34000000,0.00000000,False
2021-02-11 11:20:00,4175.63000000,6908.23000000,1436.39000000,0.00000000,False
2021-02-11 11:25:00,4072.63000000,6885.65000000,1463.70000000,0.00000000,False
2021-02-11 11:30:00,3943.34000000,6460.88000000,1523.44000000,0.00000000,False
2021-02-11 11:35:00,3880.34000000,6210.10000000,1556.20000000,0.00000000,False
2021-02-11 11:40:00,3806.56000000,6046.39000000,1639.89000000,0.00000000,False
2021-02-11 11:45:00,3756.69000000,6120.68000000,1638.55000000,0.00000000,False
2021-02-11 11:50:00,3729.29000000,5956.90000000,1831.11000000,0.00000000,False
2021-02-11 11:55:00,3649.53000000,5684.08000000,1830.28000000,0.00000000,False
2021-02-11 12:00:00,3898.07000000,6262.20000000,1960.49000000,0.00000000,False
2021-02-11 12:05:00,3642.08000000,5821.70000000,1910.48000000,0.00000000,False
2021-02-11 12:10:00,3836.36000000,6043.02000000,1865.57000000,0.00000000,False
2021-02-11 12:15:00,3561.24000000,5643.71000000,1868.60000000,0.00000000,False
2021-02-11 12:20:00,3647.18000000,5866.68000000,1788.30000000,0.00000000,False
2021-02-11 12:25:00,3708.55000000,5965.15000000,1815.23000000,0.00000000,False
2021-02-11 12:30:00,3641.12000000,5697.67000000,1815.22000000,0.00000000,False
2021-02-11 12:35:00,3801.75000000,5896.92000000,1815.22000000,0.00000000,False
2021-02-11 12:40:00,3790.15000000,6151.50000000,1808.82000000,0.00000000,False
2021-02-11 12:45:00,3685.93000000,5940.67000000,1815.16000000,0.00000000,False
2021-02-11 12:50:00,3533.75000000,5565.42000000,1729.78000000,0.00000000,False
2021-02-11 12:55:00,3785.82000000,5852.53000000,1730.39000000,0.00000000,False
2021-02-11 13:00:00,3847.07000000,6400.98000000,1725.29000000,0.00000000,False
2021-02-11 13:05:00,3804.49000000,6262.75000000,1658.81000000,0.00000000,False
2021-02-11 13:10:00,3719.40000000,5697.37000000,1666.32000000,0.00000000,False
2021-02-11 13:15:00,3922.03000000,6018.32000000,1670.19000000,0.00000000,False
2021-02-11 13:20:00,4032.40000000,6506.56000000,1670.18000000,0.00000000,False
2021-02-11 13:25:00,4052.95000000,6530.66000000,1670.20000000,0.00000000,False
2021-02-11 13:30:00,3971.64000000,6173.33000000,1670.21000000,0.00000000,False
2021-02-11 13:35:00,3943.32000000,6149.64000000,1670.22000000,0.00000000,False
2021-02-11 13:40:00,3887.14000000,6231.52000000,1718.23000000,0.00000000,False
2021-02-11 13:45:00,3808.96000000,6089.06000000,1719.14000000,0.00000000,False
2021-02-11 13:50:00,3833.54000000,5985.76000000,1719.80000000,0.00000000,False
2021-02-11 13:55:00,3903.50000000,6261.99000000,1719.79000000,0.00000000,False
2021-02-11 14:00:00,3871.40000000,6268.88000000,1716.68000000,0.00000000,False
2021-02-11 14:05:00,3722.61000000,6063.13000000,1794.52000000,0.00000000,False
2021-02-11 14:10:00,3800.55000000,6043.34000000,1806.93000000,0.00000000,False
2021-02-11 14:15:00,3890.00000000,6245.41000000,1806.98000000,0.00000000,False
2021-02-11 14:20:00,3988.88000000,6542.33000000,1806.97000000,0.00000000,False
2021-02-11 14:25:00,3909.81000000,6311.81000000,1807.12000000,0.00000000,False
2021-02-11 14:30:00,3844.65000000,6228.13000000,1797.85000000,0.00000000,False
2021-02-11 14:35:00,4010.63000000,6546.49000000,1797.87000000,0.00000000,False
2021-02-11 14:40:00,3921.05000000,6597.84000000,1881.42000000,0.00000000,False
2021-02-11 14:45:00,4152.26000000,6696.75000000,1797.91000000,0.00000000,False
2021-02-11 14:50:00,4119.60000000,6732.50000000,1797.89000000,0.00000000,False
2021-02-11 14:55:00,4078.26000000,6661.54000000,1797.91000000,0.00000000,False
2021-02-11 15:00:00,4025.32000000,6666.21000000,1707.31000000,0.00000000,False
2021-02-11 15:05:00,3933.65000000,6564.72000000,1707.87000000,0.00000000,False
2021-02-11 15:10:00,3945.87000000,6412.07000000,1707.63000000,0.00000000,False
2021-02-11 15:15:00,3970.66000000,6548.03000000,1707.87000000,0.00000000,False
2021-02-11 15:20:00,3933.59000000,6632.01000000,1707.77000000,0.00000000,False
2021-02-11 15:25:00,3856.73000000,6484.72000000,1707.79000000,0.00000000,False
2021-02-11 15:30:00,3987.31000000,6393.63000000,1775.82000000,0.00000000,False
2021-02-11 15:35:00,3866.92000000,6483.15000000,1775.82000000,0.00000000,False
2021-02-11 15:40:00,3957.97000000,6556.25000000,1848.83000000,0.00000000,False
2021-02-11 15:45:00,3992.17000000,6469.51000000,1848.63000000,0.00000000,False
2021-02-11 15:50:00,3942.62000000,6278.64000000,1847.33000000,0.00000000,False
2021-02-11 15:55:00,3885.26000000,6233.56000000,1920.12000000,0.00000000,False
2021-02-11 16:00:00,3778.25000000,5952.48000000,1918.90000000,0.00000000,False
2021-02-11 16:05:00,3648.24000000,5780.99000000,1922.75000000,0.00000000,False
2021-02-11 16:10:00,3781.68000000,6054.47000000,1921.60000000,0.00000000,False
2021-02-11 16:15:00,3783.33000000,6127.91000000,1921.24000000,0.00000000,False
2021-02-11 16:20:00,3767.90000000,6088.23000000,1919.91000000,0.00000000,False
2021-02-11 16:25:00,3736.13000000,6076.83000000,1722.95000000,0.00000000,False
2021-02-11 16:30:00,3863.94000000,6337.29000000,1733.82000000,0.00000000,False
2021-02-11 16:35:00,3823.39000000,6353.90000000,1732.65000000,0.00000000,False
2021-02-11 16:40:00,3509.80000000,5593.14000000,1689.56000000,0.00000000,False
2021-02-11 16:45:00,3664.96000000,5470.55000000,1688.64000000,0.00000000,False
2021-02-11 16:50:00,3739.12000000,5833.21000000,1578.74000000,0.00000000,False
2021-02-11 16:55:00,3753.90000000,5700.64000000,1577.45000000,0.00000000,False
2021-02-11 17:00:00,3953.16000000,5917.74000000,1552.42000000,0.00000000,False
2021-02-11 17:05:00,4155.97000000,6263.27000000,1552.39000000,0.00000000,False
2021-02-11 17:10:00,4040.60000000,6281.08000000,1552.18000000,0.00000000,False
2021-02-11 17:15:00,4086.88000000,6223.69000000,1552.42000000,0.00000000,False
2021-02-11 17:20:00,3903.07000000,5748.87000000,1552.36000000,0.00000000,False
2021-02-11 17:25:00,4139.69000000,5917.65000000,1642.38000000,0.00000000,False
2021-02-11 17:30:00,4172.94000000,6276.70000000,1642.40000000,0.00000000,False
2021-02-11 17:35:00,4170.83000000,6232.46000000,1651.47000000,0.00000000,False
2021-02-11 17:40:00,4080.34000000,5870.72000000,1715.39000000,0.00000000,False
2021-02-11 17:45:00,4086.27000000,5644.21000000,1642.41000000,0.00000000,False
2021-02-11 17:50:00,4256.97000000,5741.24000000,1642.38000000,0.00000000,False
2021-02-11 17:55:00,4188.72000000,5751.30000000,1649.42000000,0.00000000,False
2021-02-11 18:00:00,4119.38000000,5628.10000000,1648.82000000,0.00000000,False
2021-02-11 18:05:00,4077.84000000,5699.77000000,1695.80000000,0.00000000,False
2021-02-11 18:10:00,4037.59000000,5953.09000000,1648.79000000,0.00000000,False
2021-02-11 18:15:00,4051.95000000,5911.40000000,1648.83000000,0.00000000,False
2021-02-11 18:20:00,4017.25000000,5527.81000000,1648.38000000,0.00000000,False
2021-02-11 18:25:00,3997.12000000,5026.15000000,1695.83000000,0.00000000,False
2021-02-11 18:30:00,4206.35000000,5933.55000000,1695.80000000,0.00000000,False
2021-02-11 18:35:00,4177.38000000,6119.87000000,1695.76000000,0.00000000,False
2021-02-11 18:40:00,4126.65000000,5960.99000000,1695.82000000,0.00000000,False
2021-02-11 18:45:00,3908.57000000,5307.17000000,1687.57000000,0.00000000,False
2021-02-11 18:50:00,3967.44000000,5695.03000000,1695.83000000,0.00000000,False
2021-02-11 18:55:00,4032.43000000,5937.51000000,1695.88000000,0.00000000,False
2021-02-11 19:00:00,4149.82000000,6428.77000000,1701.58000000,0.00000000,False
2021-02-11 19:05:00,4063.83000000,6193.69000000,1701.57000000,0.00000000,False
2021-02-11 19:10:00,4029.62000000,6238.78000000,1701.46000000,0.00000000,False
2021-02-11 19:15:00,4058.08000000,6362.52000000,1748.53000000,0.00000000,False
2021-02-11 19:20:00,3977.21000000,6127.77000000,1748.55000000,0.00000000,False
2021-02-11 19:25:00,3985.61000000,6288.23000000,1748.59000000,0.00000000,False
2021-02-11 19:30:00,4064.92000000,6351.58000000,1851.67000000,0.00000000,False
2021-02-11 19:35:00,4039.75000000,6282.00000000,1851.66000000,0.00000000,False
2021-02-11 19:40:00,4243.24000000,6452.68000000,1899.69000000,0.00000000,False
2021-02-11 19:45:00,4305.44000000,6602.54000000,1852.69000000,0.00000000,False
2021-02-11 19:50:00,4092.08000000,6130.50000000,1947.64000000,0.00000000,False
2021-02-11 19:55:00,3960.55000000,5834.46000000,2194.19000000,0.00000000,False
2021-02-11 20:00:00,4074.05000000,5961.18000000,2194.70000000,0.00000000,False
2021-02-11 20:05:00,4145.88000000,6049.69000000,2194.72000000,0.00000000,False
2021-02-11 20:10:00,4250.34000000,6079.81000000,2260.64000000,0.00000000,False
2021-02-11 20:15:00,4136.45000000,5893.26000000,2400.27000000,0.00000000,False
2021-02-11 20:20:00,3972.93000000,5638.37000000,2450.20000000,0.00000000,False
2021-02-11 20:25:00,4017.60000000,5769.63000000,2450.34000000,0.00000000,False
2021-02-11 20:30:00,3866.73000000,5602.05000000,2469.33000000,0.00000000,False
2021-02-11 20:35:00,3898.17000000,5673.56000000,2419.33000000,0.00000000,False
2021-02-11 20:40:00,3927.25000000,5792.32000000,2419.31000000,0.00000000,False
2021-02-11 20:45:00,4023.62000000,5949.05000000,2419.31000000,0.00000000,False
2021-02-11 20:50:00,4060.15000000,6050.25000000,2419.31000000,0.00000000,False
2021-02-11 20:55:00,4028.04000000,6101.97000000,2419.31000000,0.00000000,False
2021-02-11 21:00:00,4064.41000000,6297.23000000,2421.68000000,0.00000000,False
2021-02-11 21:05:00,3974.42000000,6048.41000000,2561.74000000,0.00000000,False
2021-02-11 21:10:00,3999.88000000,6245.45000000,2608.80000000,0.00000000,False
2021-02-11 21:15:00,4099.64000000,6501.14000000,2437.90000000,0.00000000,False
2021-02-11 21:20:00,4242.94000000,6790.91000000,2475.64000000,0.00000000,False
2021-02-11 21:25:00,4140.84000000,6752.45000000,2475.66000000,0.00000000,False
2021-02-11 21:30:00,4121.21000000,6700.85000000,2531.31000000,0.00000000,False
2021-02-11 21:35:00,4194.99000000,6976.87000000,2531.51000000,0.00000000,False
2021-02-11 21:40:00,4013.69000000,6507.23000000,2531.54000000,0.00000000,False
2021-02-11 21:45:00,4221.20000000,6950.99000000,2531.54000000,0.00000000,False
2021-02-11 21:50:00,4384.39000000,7437.61000000,2531.50000000,0.00000000,False
2021-02-11 21:55:00,4424.51000000,7424.29000000,2531.52000000,0.00000000,False
2021-02-11 22:00:00,4618.21000000,7728.16000000,2441.28000000,0.00000000,False
2021-02-11 22:05:00,4815.62000000,7966.97000000,2441.35000000,0.00000000,False
2021-02-11 22:10:00,4823.65000000,7998.50000000,2441.24000000,0.00000000,False
2021-02-11 22:15:00,4699.88000000,8106.19000000,2649.92000000,0.00000000,False
2021-02-11 22:20:00,4632.12000000,8056.17000000,2771.62000000,0.00000000,False
2021-02-11 22:25:00,4694.01000000,8410.85000000,2863.72000000,0.00000000,False
2021-02-11 22:30:00,4768.10000000,8550.42000000,2784.02000000,0.00000000,False
2021-02-11 22:35:00,4732.18000000,8045.06000000,2783.99000000,0.00000000,False
2021-02-11 22:40:00,4797.16000000,8571.97000000,3021.19000000,0.00000000,False
2021-02-11 22:45:00,4674.47000000,8400.70000000,3213.35000000,0.00000000,False
2021-02-11 22:50:00,4665.47000000,8540.50000000,3365.91000000,0.00000000,False
2021-02-11 22:55:00,4738.41000000,8899.97000000,3358.10000000,0.00000000,False
2021-02-11 23:00:00,4810.29000000,8947.09000000,3302.97000000,0.00000000,False
2021-02-11 23:05:00,4727.39000000,9270.87000000,3447.88000000,0.00000000,False
2021-02-11 23:10:00,4614.44000000,9183.25000000,3366.71000000,0.00000000,False
2021-02-11 23:15:00,4646.64000000,9559.23000000,3364.81000000,0.00000000,False
2021-02-11 23:20:00,4872.93000000,10135.77000000,3289.00000000,0.00000000,False
2021-02-11 23:25:00,4945.32000000,10224.05000000,3289.29000000,0.00000000,False
2021-02-11 23:30:00,4830.74000000,10338.48000000,3289.13000000,0.00000000,False
2021-02-11 23:35:00,4657.57000000,10028.68000000,3289.01000000,0.00000000,False
2021-02-11 23:40:00,4713.50000000,10293.29000000,3413.00000000,0.00000000,False
2021-02-11 23:45:00,4544.69000000,9909.92000000,3413.01000000,0.00000000,False
2021-02-11 23:50:00,4598.57000000,10187.72000000,3536.03000000,0.00000000,False
2021-02-11 23:55:00,4736.15000000,10685.70000000,3689.92000000,0.00000000,False
2021-02-12 00:00:00,4887.29000000,10854.41000000,3489.18000000,0.00000000,False
2021-02-12 00:05:00,4890.04000000,11350.15000000,3462.21000000,0.00000000,False
2021-02-12 00:10:00,4979.81000000,11346.30000000,3462.19000000,0.00000000,False
2021-02-12 00:15:00,5069.18000000,11462.38000000,3462.11000000,0.00000000,False
2021-02-12 00:20:00,5173.93000000,11773.83000000,3462.03000000,0.00000000,False
2021-02-12 00:25:00,5070.97000000,11519.04000000,3337.13000000,0.00000000,False
2021-02-12 00:30:00,5037.83000000,11617.71000000,3337.14000000,0.00000000,False
2021-02-12 00:35:00,5066.32000000,11657.57000000,3450.00000000,0.00000000,False
2021-02-12 00:40:00,4881.60000000,11177.79000000,3449.83000000,0.00000000,False
2021-02-12 00:45:00,4983.18000000,11321.17000000,3608.99000000,0.00000000,False
2021-02-12 00:50:00,5016.40000000,11222.05000000,3609.07000000,0.00000000,False
2021-02-12 00:55:00,4958.15000000,10861.00000000,3608.98000000,0.00000000,False
2021-02-12 01:00:00,5017.23000000,11104.66000000,3710.77000000,0.00000000,False
2021-02-12 01:05:00,5123.44000000,11334.76000000,3710.86000000,0.00000000,False
2021-02-12 01:10:00,5156.70000000,11119.17000000,3756.94000000,0.00000000,False
2021-02-12 01:15:00,5319.23000000,11958.35000000,3756.79000000,0.00000000,False
2021-02-12 01:20:00,5385.44000000,12195.26000000,3804.73000000,0.00000000,False
2021-02-12 01:25:00,5269.15000000,12082.69000000,3852.87000000,0.00000000,False
2021-02-12 01:30:00,5047.20000000,11457.12000000,3947.77000000,0.00000000,False
2021-02-12 01:35:00,4972.64000000,11050.69000000,4081.56000000,0.00000000,False
2021-02-12 01:40:00,5124.38000000,11081.03000000,4126.34000000,0.00000000,False
2021-02-12 01:45:00,5142.60000000,10985.81000000,4126.49000000,0.00000000,False
2021-02-12 01:50:00,5174.13000000,11360.88000000,4126.60000000,0.00000000,False
2021-02-12 01:55:00,5058.24000000,10962.66000000,4126.67000000,0.00000000,False
2021-02-12 02:00:00,5133.72000000,11018.38000000,4126.78000000,0.00000000,False
2021-02-12 02:05:00,5045.17000000,11140.13000000,4126.70000000,0.00000000,False
2021-02-12 02:10:00,5081.80000000,11227.39000000,4063.75000000,0.00000000,False
2021-02-12 02:15:00,5084.94000000,11422.81000000,4063.73000000,0.00000000,False
2021-02-12 02:20:00,5104.82000000,11307.30000000,4063.59000000,0.00000000,False
2021-02-12 02:25:00,5083.41000000,11313.00000000,4063.84000000,0.00000000,False
2021-02-12 02:30:00,5021.13000000,11286.17000000,4063.80000000,0.00000000,False
2021-02-12 02:35:00,4827.63000000,10802.30000000,4062.71000000,0.00000000,False
2021-02-12 02:40:00,5041.76000000,11267.49000000,4063.56000000,0.00000000,False
2021-02-12 02:45:00,5021.53000000,11456.52000000,4067.65000000,0.00000000,False
2021-02-12 02:50:00,5072.67000000,11701.92000000,4067.60000000,0.00000000,False
2021-02-12 02:55:00,5092.98000000,11817.27000000,4067.66000000,0.00000000,False
2021-02-12 03:00:00,5157.29000000,11917.52000000,4068.43000000,0.00000000,False
2021-02-12 03:05:00,5231.47000000,11780.29000000,4067.36000000,0.00000000,False
2021-02-12 03:10:00,5091.51000000,11591.29000000,4067.44000000,0.00000000,False
2021-02-12 03:15:00,4916.34000000,11031.95000000,4067.43000000,0.00000000,False
2021-02-12 03:20:00,5050.16000000,11541.85000000,3993.55000000,0.00000000,False
2021-02-12 03:25:00,5150.01000000,11786.42000000,3993.67000000,0.00000000,False
2021-02-12 03:30:00,4965.22000000,11495.45000000,3993.55000000,0.00000000,False
2021-02-12 03:35:00,5070.40000000,11543.56000000,3993.48000000,0.00000000,False
2021-02-12 03:40:00,4851.01000000,10886.41000000,3989.46000000,0.00000000,False
2021-02-12 03:45:00,4997.37000000,11197.31000000,3990.47000000,0.00000000,False
2021-02-12 03:50:00,5026.98000000,11240.28000000,3993.58000000,0.00000000,False
2021-02-12 03:55:00,4992.16000000,11118.67000000,3994.60000000,0.00000000,False
2021-02-12 04:00:00,5236.04000000,11521.95000000,3991.11000000,0.00000000,False
2021-02-12 04:05:00,5032.85000000,11364.87000000,3991.04000000,0.00000000,False
2021-02-12 04:10:00,5050.33000000,11339.99000000,3991.10000000,0.00000000,False
2021-02-12 04:15:00,5078.38000000,11259.25000000,3991.02000000,0.00000000,False
2021-02-12 04:20:00,4802.04000000,10687.06000000,3990.97000000,0.00000000,False
2021-02-12 04:25:00,4659.48000000,10300.35000000,3991.10000000,0.00000000,False
2021-02-12 04:30:00,5044.98000000,11145.32000000,3991.11000000,0.00000000,False
2021-02-12 04:35:00,5082.73000000,11068.99000000,3994.99000000,0.00000000,False
2021-02-12 04:40:00,4943.54000000,10625.61000000,3990.81000000,0.00000000,False
2021-02-12 04:45:00,5133.83000000,11313.17000000,3990.83000000,0.00000000,False
2021-02-12 04:50:00,5153.94000000,11451.38000000,3878.83000000,0.00000000,False
2021-02-12 04:55:00,5099.99000000,11139.06000000,3779.09000000,0.00000000,False
2021-02-12 05:00:00,5135.82000000,11219.24000000,3640.51000000,0.00000000,False
2021-02-12 05:05:00,5133.71000000,11010.24000000,3453.63000000,0.00000000,False
2021-02-12 05:10:00,5187.73000000,10888.26000000,3357.60000000,0.00000000,False
2021-02-12 05:15:00,5224.40000000,10871.53000000,3218.60000000,0.00000000,False
2021-02-12 05:20:00,5119.84000000,10786.45000000,3132.63000000,0.00000000,False
2021-02-12 05:25:00,5046.47000000,10682.25000000,3132.78000000,0.00000000,False
2021-02-12 05:30:00,5079.39000000,10684.81000000,3132.75000000,0.00000000,False
2021-02-12 05:35:00,5010.47000000,10380.96000000,3132.77000000,0.00000000,False
2021-02-12 05:40:00,5006.06000000,10392.42000000,2856.68000000,0.00000000,False
2021-02-12 05:45:00,5190.54000000,10633.49000000,2746.64000000,0.00000000,False
2021-02-12 05:50:00,5129.08000000,10411.82000000,2737.67000000,0.00000000,False
2021-02-12 05:55:00,5163.79000000,10203.58000000,2665.65000000,0.00000000,False
2021-02-12 06:00:00,5236.06000000,10237.48000000,2128.32000000,0.00000000,False
2021-02-12 06:05:00,5124.48000000,10017.07000000,2078.45000000,0.00000000,False
2021-02-12 06:10:00,5069.56000000,9984.04000000,1973.39000000,0.00000000,False
2021-02-12 06:15:00,5047.40000000,10026.69000000,1972.94000000,0.00000000,False
2021-02-12 06:20:00,5002.45000000,9659.65000000,1973.18000000,0.00000000,False
2021-02-12 06:25:00,4836.77000000,9317.61000000,1614.40000000,0.00000000,False
2021-02-12 06:30:00,5079.52000000,9734.29000000,1422.51000000,0.00000000,False
2021-02-12 06:35:00,5134.65000000,10021.63000000,1342.53000000,0.00000000,False
2021-02-12 06:40:00,5068.63000000,9367.76000000,1342.52000000,0.00000000,False
2021-02-12 06:45:00,4857.26000000,8642.26000000,1342.49000000,0.00000000,False
2021-02-12 06:50:00,4832.88000000,8118.79000000,1342.56000000,0.00000000,False
2021-02-12 06:55:00,4991.73000000,8801.96000000,1116.60000000,0.00000000,False
2021-02-12 07:00:00,4868.39000000,8485.43000000,1117.50000000,0.00000000,False
2021-02-12 07:05:00,4687.45000000,8626.56000000,929.49000000,0.00000000,False
2021-02-12 07:10:00,4544.77000000,8293.59000000,929.41000000,0.00000000,False
2021-02-12 07:15:00,4364.15000000,8141.56000000,863.43000000,0.00000000,False
2021-02-12 07:20:00,4404.80000000,7892.77000000,797.33000000,0.00000000,False
2021-02-12 07:25:00,4481.58000000,8057.45000000,782.46000000,0.00000000,False
2021-02-12 07:30:00,4569.52000000,8692.45000000,782.48000000,0.00000000,False
2021-02-12 07:35:00,4515.57000000,8515.46000000,782.49000000,0.00000000,False
2021-02-12 07:40:00,4475.40000000,8203.06000000,782.38000000,0.00000000,False
2021-02-12 07:45:00,4433.55000000,8315.41000000,782.42000000,0.00000000,False
2021-02-12 07:50:00,4367.71000000,8195.35000000,782.51000000,0.00000000,False
2021-02-12 07:55:00,4206.26000000,7737.77000000,716.51000000,0.00000000,False
2021-02-12 08:00:00,4465.61000000,8305.74000000,716.53000000,0.00000000,False
2021-02-12 08:05:00,4501.77000000,8171.34000000,821.51000000,0.00000000,False
2021-02-12 08:10:00,4414.97000000,7903.22000000,821.44000000,0.00000000,False
2021-02-12 08:15:00,4409.12000000,8112.55000000,884.41000000,0.00000000,False
2021-02-12 08:20:00,4379.21000000,8039.08000000,884.41000000,0.00000000,False
2021-02-12 08:25:00,4440.22000000,7980.64000000,884.52000000,0.00000000,False
2021-02-12 08:30:00,4316.65000000,7723.91000000,884.49000000,0.00000000,False
2021-02-12 08:35:00,4253.36000000,7559.67000000,997.47000000,0.00000000,False
2021-02-12 08:40:00,4237.65000000,7714.09000000,1044.46000000,0.00000000,False
2021-02-12 08:45:00,4325.64000000,8070.86000000,1044.42000000,0.00000000,False
2021-02-12 08:50:00,4299.38000000,7800.12000000,1036.28000000,0.00000000,False
2021-02-12 08:55:00,4147.23000000,7516.05000000,1044.50000000,0.00000000,False
2021-02-12 09:00:00,4081.96000000,7321.60000000,997.99000000,0.00000000,False
2021-02-12 09:05:00,4131.33000000,7401.68000000,1048.00000000,0.00000000,False
2021-02-12 09:10:00,4088.32000000,7388.53000000,1048.00000000,0.00000000,False
2021-02-12 09:15:00,3989.89000000,7194.95000000,1047.93000000,0.00000000,False
2021-02-12 09:20:00,3925.00000000,7015.21000000,1000.87000000,0.00000000,False
2021-02-12 09:25:00,3992.79000000,7071.18000000,896.12000000,0.00000000,False
2021-02-12 09:30:00,3820.76000000,6414.35000000,896.13000000,0.00000000,False
2021-02-12 09:35:00,3697.51000000,6125.65000000,833.01000000,0.00000000,False
2021-02-12 09:40:00,3727.87000000,5909.36000000,832.97000000,0.00000000,False
2021-02-12 09:45:00,3768.71000000,6020.00000000,913.61000000,0.00000000,False
2021-02-12 09:50:00,3740.49000000,6017.70000000,850.62000000,0.00000000,False
2021-02-12 09:55:00,3720.85000000,5952.88000000,850.81000000,0.00000000,False
2021-02-12 10:00:00,3892.15000000,5975.99000000,770.13000000,0.00000000,False
2021-02-12 10:05:00,3922.08000000,5986.59000000,770.03000000,0.00000000,False
2021-02-12 10:10:00,3956.25000000,6028.11000000,769.98000000,0.00000000,False
2021-02-12 10:15:00,3786.13000000,5659.84000000,861.95000000,0.00000000,False
2021-02-12 10:20:00,3786.63000000,5534.23000000,871.79000000,0.00000000,False
2021-02-12 10:25:00,3842.21000000,5835.56000000,821.99000000,0.00000000,False
2021-02-12 10:30:00,3752.15000000,5502.46000000,820.97000000,0.00000000,False
2021-02-12 10:35:00,3658.15000000,5321.70000000,889.92000000,0.00000000,False
2021-02-12 10:40:00,3884.38000000,5369.12000000,889.85000000,0.00000000,False
2021-02-12 10:45:00,3909.29000000,5495.28000000,889.84000000,0.00000000,False
2021-02-12 10:50:00,3842.69000000,5526.59000000,931.52000000,0.00000000,False
2021-02-12 10:55:00,3766.45000000,5117.22000000,1039.39000000,0.00000000,False
2021-02-12 11:00:00,3794.81000000,4912.81000000,1090.64000000,0.00000000,False
2021-02-12 11:05:00,3748.58000000,5048.01000000,1114.67000000,0.00000000,False
2021-02-12 11:10:00,3698.96000000,5197.01000000,1145.63000000,0.00000000,False
2021-02-12 11:15:00,3614.51000000,4671.09000000,1145.72000000,0.00000000,False
2021-02-12 11:20:00,3615.65000000,4484.48000000,1145.66000000,0.00000000,False
2021-02-12 11:25:00,3821.31000000,4939.64000000,1145.64000000,0.00000000,False
2021-02-12 11:30:00,3692.33000000,4648.56000000,1218.70000000,0.00000000,False
2021-02-12 11:35:00,3530.97000000,4353.73000000,1218.34000000,0.00000000,False
2021-02-12 11:40:00,3448.83000000,4323.43000000,1145.48000000,0.00000000,False
2021-02-12 11:45:00,3513.24000000,4551.04000000,1070.95000000,0.00000000,False
2021-02-12 11:50:00,3663.35000000,4887.03000000,969.94000000,0.00000000,False
2021-02-12 11:55:00,3554.07000000,4740.11000000,969.93000000,0.00000000,False
2021-02-12 12:00:00,3528.90000000,4337.48000000,969.90000000,0.00000000,False
2021-02-12 12:05:00,3411.74000000,4350.97000000,1016.91000000,0.00000000,False
2021-02-12 12:10:00,3325.61000000,4404.38000000,1131.95000000,0.00000000,False
2021-02-12 12:15:00,3357.56000000,4609.06000000,1059.97000000,0.00000000,False
2021-02-12 12:20:00,3378.09000000,4428.50000000,1059.98000000,0.00000000,False
2021-02-12 12:25:00,3431.55000000,4567.22000000,1059.97000000,0.00000000,False
2021-02-12 12:30:00,3422.86000000,4673.37000000,1059.97000000,0.00000000,False
2021-02-12 12:35:00,3531.94000000,4957.60000000,1059.96000000,0.00000000,False
2021-02-12 12:40:00,3763.42000000,5421.86000000,975.90000000,0.00000000,False
2021-02-12 12:45:00,3781.82000000,5458.76000000,1023.90000000,0.00000000,False
2021-02-12 12:50:00,3778.56000000,5564.30000000,1023.90000000,0.00000000,False
2021-02-12 12:55:00,3758.14000000,5363.51000000,1070.90000000,0.00000000,False
2021-02-12 13:00:00,3745.73000000,5142.29000000,1117.90000000,0.00000000,False
2021-02-12 13:05:00,3877.57000000,5295.29000000,1117.90000000,0.00000000,False
2021-02-12 13:10:00,3880.27000000,5408.90000000,1117.90000000,0.00000000,False
2021-02-12 13:15:00,3768.42000000,5147.41000000,1117.90000000,0.00000000,False
2021-02-12 13:20:00,3813.41000000,5150.25000000,1117.90000000,0.00000000,False
2021-02-12 13:25:00,3797.21000000,5347.97000000,1117.90000000,0.00000000,False
2021-02-12 13:30:00,3874.99000000,5511.37000000,1108.00000000,0.00000000,False
2021-02-12 13:35:00,3837.54000000,5305.35000000,1108.00000000,0.00000000,False
2021-02-12 13:40:00,3842.22000000,5516.58000000,1014.00000000,0.00000000,False
2021-02-12 13:45:00,4019.42000000,6015.04000000,1014.00000000,0.00000000,False
2021-02-12 13:50:00,4074.92000000,5975.04000000,1011.09000000,0.00000000,False
2021-02-12 13:55:00,4042.68000000,5878.53000000,1014.00000000,0.00000000,False
2021-02-12 14:00:00,4009.48000000,6122.01000000,1126.00000000,0.00000000,False
2021-02-12 14:05:00,4034.43000000,6156.91000000,1263.60000000,0.00000000,False
2021-02-12 14:10:00,4043.09000000,6238.56000000,1332.60000000,0.00000000,False
2021-02-12 14:15:00,4027.84000000,6170.50000000,1306.60000000,0.00000000,False
2021-02-12 14:20:00,3968.65000000,6025.54000000,1380.60000000,0.00000000,False
2021-02-12 14:25:00,4014.49000000,6108.39000000,1420.60000000,0.00000000,False
2021-02-12 14:30:00,4056.93000000,6188.56000000,1467.60000000,0.00000000,False
2021-02-12 14:35:00,4010.78000000,6101.11000000,1514.60000000,0.00000000,False
2021-02-12 14:40:00,3968.42000000,6266.70000000,1425.59000000,0.00000000,False
2021-02-12 14:45:00,3970.54000000,6081.76000000,1544.58000000,0.00000000,False
2021-02-12 14:50:00,3943.46000000,5933.61000000,1544.59000000,0.00000000,False
2021-02-12 14:55:00,3845.59000000,5615.58000000,1515.59000000,0.00000000,False
2021-02-12 15:00:00,3845.36000000,5557.31000000,1515.60000000,0.00000000,False
2021-02-12 15:05:00,4009.63000000,5986.40000000,1557.59000000,0.00000000,False
2021-02-12 15:10:00,3879.28000000,5960.95000000,1557.60000000,0.00000000,False
2021-02-12 15:15:00,3926.20000000,5830.80000000,1557.58000000,0.00000000,False
2021-02-12 15:20:00,3915.67000000,5865.69000000,1557.59000000,0.00000000,False
2021-02-12 15:25:00,3973.83000000,5982.17000000,1557.59000000,0.00000000,False
2021-02-12 15:30:00,3884.86000000,5965.93000000,1557.63000000,0.00000000,False
2021-02-12 15:35:00,3913.01000000,6036.74000000,1557.59000000,0.00000000,False
2021-02-12 15:40:00,3967.81000000,6116.41000000,1557.60000000,0.00000000,False
2021-02-12 15:45:00,3910.02000000,6001.93000000,1557.59000000,0.00000000,False
2021-02-12 15:50:00,3887.80000000,5934.70000000,1557.59000000,0.00000000,False
2021-02-12 15:55:00,4017.60000000,6265.13000000,1557.59000000,0.00000000,False
2021-02-12 16:00:00,4146.76000000,6174.87000000,1562.59000000,0.00000000,False
2021-02-12 16:05:00,4252.28000000,6233.72000000,1561.10000000,0.00000000,False
2021-02-12 16:10:00,4023.09000000,5768.75000000,1559.90000000,0.00000000,False
2021-02-12 16:15:00,4015.79000000,5717.92000000,1550.30000000,0.00000000,False
2021-02-12 16:20:00,3983.39000000,5612.16000000,1333.30000000,0.00000000,False
2021-02-12 16:25:00,4036.82000000,5703.70000000,1331.92000000,0.00000000,False
2021-02-12 16:30:00,4040.31000000,5674.98000000,1764.90000000,0.00000000,False
2021-02-12 16:35:00,4245.58000000,5976.38000000,1323.00000000,0.00000000,False
2021-02-12 16:40:00,3925.87000000,4894.27000000,1518.30000000,0.00000000,False
2021-02-12 16:45:00,3745.33000000,4769.87000000,1518.40000000,0.00000000,False
2021-02-12 16:50:00,4166.17000000,5663.83000000,1254.40000000,0.00000000,False
2021-02-12 16:55:00,4340.42000000,6029.03000000,1154.00000000,0.00000000,False
2021-02-12 17:00:00,4405.85000000,6298.33000000,1115.50000000,0.00000000,False
2021-02-12 17:05:00,4201.56000000,6112.14000000,1020.02000000,0.00000000,False
2021-02-12 17:10:00,3990.67000000,5645.17000000,998.10000000,0.00000000,False
2021-02-12 17:15:00,3953.44000000,5507.57000000,1031.30000000,0.00000000,False
2021-02-12 17:20:00,4033.84000000,5351.95000000,922.37000000,0.00000000,False
2021-02-12 17:25:00,4159.59000000,5443.27000000,839.10000000,0.00000000,False
2021-02-12 17:30:00,4044.45000000,5281.78000000,839.10000000,0.00000000,False
2021-02-12 17:35:00,3908.26000000,4960.36000000,839.10000000,0.00000000,False
2021-02-12 17:40:00,3977.60000000,5178.40000000,664.10000000,0.00000000,False
2021-02-12 17:45:00,3963.97000000,5198.96000000,664.10000000,0.00000000,False
2021-02-12 17:50:00,3956.27000000,5071.44000000,664.10000000,0.00000000,False
2021-02-12 17:55:00,3884.06000000,4963.84000000,664.10000000,0.00000000,False
2021-02-12 18:00:00,3851.90000000,4926.79000000,664.60000000,0.00000000,False
2021-02-12 18:05:00,3731.11000000,4710.83000000,664.60000000,0.00000000,False
2021-02-12 18:10:00,3623.80000000,4457.56000000,643.40000000,0.00000000,False
2021-02-12 18:15:00,3662.25000000,4418.62000000,626.40000000,0.00000000,False
2021-02-12 18:20:00,3780.53000000,4528.17000000,677.10000000,0.00000000,False
2021-02-12 18:25:00,3877.57000000,4614.43000000,659.20000000,0.00000000,False
2021-02-12 18:30:00,3775.70000000,4589.02000000,585.00000000,0.00000000,False
2021-02-12 18:35:00,3905.54000000,4767.43000000,585.00000000,0.00000000,False
2021-02-12 18:40:00,3902.68000000,4853.65000000,535.30000000,0.00000000,False
2021-02-12 18:45:00,3872.36000000,4975.20000000,609.60000000,0.00000000,False
2021-02-12 18:50:00,3930.81000000,5090.11000000,609.20000000,0.00000000,False
2021-02-12 18:55:00,3926.45000000,5062.59000000,608.80000000,0.00000000,False
2021-02-12 19:00:00,3966.16000000,5133.31000000,608.60000000,0.00000000,False
2021-02-12 19:05:00,3935.25000000,5153.58000000,655.60000000,0.00000000,False
2021-02-12 19:10:00,3868.69000000,5048.11000000,655.60000000,0.00000000,False
2021-02-12 19:15:00,3847.87000000,5118.22000000,702.60000000,0.00000000,False
2021-02-12 19:20:00,3874.01000000,5119.08000000,776.60000000,0.00000000,False
2021-02-12 19:25:00,3823.70000000,5057.13000000,702.60000000,0.00000000,False
2021-02-12 19:30:00,3798.15000000,5115.51000000,776.60000000,0.00000000,False
2021-02-12 19:35:00,3814.45000000,5140.23000000,776.60000000,0.00000000,False
2021-02-12 19:40:00,3725.57000000,5159.48000000,663.50000000,0.00000000,False
2021-02-12 19:45:00,3646.09000000,4780.27000000,703.50000000,0.00000000,False
2021-02-12 19:50:00,3799.81000000,5031.34000000,703.10000000,0.00000000,False
2021-02-12 19:55:00,3789.86000000,5147.58000000,777.20000000,0.00000000,False
2021-02-12 20:00:00,3582.50000000,4583.86000000,702.60000000,0.00000000,False
2021-02-12 20:05:00,3494.27000000,4578.81000000,750.50000000,0.00000000,False
2021-02-12 20:10:00,3569.72000000,4731.66000000,1027.90000000,0.00000000,False
2021-02-12 20:15:00,3597.90000000,4771.56000000,1028.60000000,0.00000000,False
2021-02-12 20:20:00,3593.07000000,4808.34000000,1069.30000000,0.00000000,False
2021-02-12 20:25:00,3702.36000000,5138.22000000,891.30000000,0.00000000,False
2021-02-12 20:30:00,3808.06000000,5205.05000000,892.70000000,0.00000000,False
2021-02-12 20:35:00,3761.18000000,5248.83000000,845.70000000,0.00000000,False
2021-02-12 20:40:00,3801.09000000,5441.27000000,813.70000000,0.00000000,False
2021-02-12 20:45:00,3786.14000000,5220.74000000,804.79000000,0.00000000,False
2021-02-12 20:50:00,3743.82000000,5113.13000000,813.70000000,0.00000000,False
2021-02-12 20:55:00,3820.49000000,5325.85000000,813.70000000,0.00000000,False
2021-02-12 21:00:00,3922.19000000,5372.07000000,743.70000000,0.00000000,False
2021-02-12 21:05:00,3738.22000000,5198.05000000,808.70000000,0.00000000,False
2021-02-12 21:10:00,3793.60000000,5330.74000000,833.70000000,0.00000000,False
2021-02-12 21:15:00,3950.71000000,5779.68000000,833.70000000,0.00000000,False
2021-02-12 21:20:00,4098.47000000,5806.04000000,833.70000000,0.00000000,False
2021-02-12 21:25:00,3953.34000000,5702.13000000,833.70000000,0.00000000,False
2021-02-12 21:30:00,4042.59000000,5885.52000000,883.50000000,0.00000000,False
2021-02-12 21:35:00,3903.60000000,5585.46000000,1074.52000000,0.00000000,False
2021-02-12 21:40:00,3890.72000000,5725.69000000,1132.50000000,0.00000000,False
2021-02-12 21:45:00,4022.55000000,5849.56000000,1132.50000000,0.00000000,False
2021-02-12 21:50:00,3964.80000000,5968.52000000,1132.50000000,0.00000000,False
2021-02-12 21:55:00,3961.82000000,5972.68000000,1244.50000000,0.00000000,False
2021-02-12 22:00:00,4045.23000000,5673.94000000,1244.70000000,0.00000000,False
2021-02-12 22:05:00,4161.59000000,5944.61000000,1244.70000000,0.00000000,False
2021-02-12 22:10:00,4173.75000000,5911.21000000,1244.70000000,0.00000000,False
2021-02-12 22:15:00,4089.69000000,5960.39000000,1244.70000000,0.00000000,False
2021-02-12 22:20:00,4100.31000000,6052.05000000,1491.70000000,0.00000000,False
2021-02-12 22:25:00,4115.97000000,6184.64000000,1621.70000000,0.00000000,False
2021-02-12 22:30:00,4074.00000000,6299.58000000,1812.70000000,0.00000000,False
2021-02-12 22:35:00,4072.17000000,6170.94000000,1812.70000000,0.00000000,False
2021-02-12 22:40:00,3972.13000000,6132.73000000,2086.70000000,0.00000000,False
2021-02-12 22:45:00,4001.20000000,6290.01000000,2086.70000000,0.00000000,False
2021-02-12 22:50:00,3881.62000000,6147.15000000,2086.70000000,0.00000000,False
2021-02-12 22:55:00,3951.33000000,6190.20000000,2086.70000000,0.00000000,False
2021-02-12 23:00:00,4331.81000000,6818.51000000,2086.70000000,0.00000000,False
2021-02-12 23:05:00,4361.93000000,6981.71000000,2154.70000000,0.00000000,False
2021-02-12 23:10:00,4210.60000000,6899.30000000,2154.70000000,0.00000000,False
2021-02-12 23:15:00,4159.43000000,6768.52000000,2220.70000000,0.00000000,False
2021-02-12 23:20:00,4202.32000000,6915.20000000,2299.16000000,0.00000000,False
2021-02-12 23:25:00,4214.60000000,6894.08000000,2299.16000000,0.00000000,False
2021-02-12 23:30:00,4194.42000000,6888.43000000,2815.64000000,0.00000000,False
2021-02-12 23:35:00,4324.56000000,7142.64000000,2737.18000000,0.00000000,False
2021-02-12 23:40:00,4171.20000000,6996.09000000,2661.70000000,0.00000000,False
2021-02-12 23:45:00,4192.23000000,6958.90000000,2744.34000000,0.00000000,False
2021-02-12 23:50:00,4257.86000000,6988.04000000,2824.68000000,0.00000000,False
2021-02-12 23:55:00,4302.52000000,7153.62000000,2824.08000000,0.00000000,False
2021-02-13 00:00:00,4215.70000000,7053.44000000,2805.35000000,0.00000000,False
2021-02-13 00:05:00,4292.77000000,7320.04000000,2803.30000000,0.00000000,False
2021-02-13 00:10:00,4304.90000000,7239.09000000,2722.43000000,0.00000000,False
2021-02-13 00:15:00,4219.15000000,7120.81000000,2722.43000000,0.00000000,False
2021-02-13 00:20:00,4178.19000000,7116.71000000,3088.70000000,0.00000000,False
2021-02-13 00:25:00,4142.33000000,7190.45000000,3151.70000000,0.00000000,False
2021-02-13 00:30:00,4098.53000000,7240.52000000,3295.74000000,0.00000000,False
2021-02-13 00:35:00,4084.70000000,7128.13000000,3295.82000000,0.00000000,False
2021-02-13 00:40:00,4068.89000000,7168.77000000,3295.73000000,0.00000000,False
2021-02-13 00:45:00,4159.19000000,7347.59000000,3295.68000000,0.00000000,False
2021-02-13 00:50:00,4049.06000000,7274.29000000,3295.62000000,0.00000000,False
2021-02-13 00:55:00,4023.71000000,7251.44000000,3295.66000000,0.00000000,False
2021-02-13 01:00:00,4086.20000000,7482.07000000,3295.53000000,0.00000000,False
2021-02-13 01:05:00,4137.72000000,7540.54000000,3295.61000000,0.00000000,False
2021-02-13 01:10:00,4197.54000000,7754.21000000,3255.71000000,0.00000000,False
2021-02-13 01:15:00,4307.77000000,7906.05000000,3255.65000000,0.00000000,False
2021-02-13 01:20:00,4299.44000000,7925.22000000,3255.66000000,0.00000000,False
2021-02-13 01:25:00,4403.51000000,8161.35000000,3255.71000000,0.00000000,False
2021-02-13 01:30:00,4425.05000000,8233.05000000,3255.67000000,0.00000000,False
2021-02-13 01:35:00,4479.15000000,8321.93000000,3255.70000000,0.00000000,False
2021-02-13 01:40:00,4521.09000000,8406.73000000,3255.57000000,0.00000000,False
2021-02-13 01:45:00,4519.69000000,8516.49000000,3255.53000000,0.00000000,False
2021-02-13 01:50:00,4463.79000000,8225.30000000,3255.39000000,0.00000000,False
2021-02-13 01:55:00,4411.72000000,7949.22000000,3255.45000000,0.00000000,False
2021-02-13 02:00:00,4342.06000000,7695.14000000,3255.93000000,0.00000000,False
2021-02-13 02:05:00,4257.01000000,7687.06000000,3300.98000000,0.00000000,False
2021-02-13 02:10:00,4366.15000000,7599.17000000,3301.12000000,0.00000000,False
2021-02-13 02:15:00,4185.68000000,7578.16000000,3256.14000000,0.00000000,False
2021-02-13 02:20:00,4138.12000000,7259.32000000,3256.08000000,0.00000000,False
2021-02-13 02:25:00,4146.81000000,7400.47000000,3350.09000000,0.00000000,False
2021-02-13 02:30:00,4236.27000000,7452.37000000,3360.12000000,0.00000000,False
2021-02-13 02:35:00,4224.03000000,7536.27000000,3360.06000000,0.00000000,False
2021-02-13 02:40:00,4209.11000000,7497.58000000,3360.06000000,0.00000000,False
2021-02-13 02:45:00,4121.95000000,7407.66000000,3359.95000000,0.00000000,False
2021-02-13 02:50:00,4079.39000000,7387.14000000,3359.88000000,0.00000000,False
2021-02-13 02:55:00,4107.02000000,7499.27000000,3359.80000000,0.00000000,False
2021-02-13 03:00:00,4225.44000000,7526.47000000,3359.80000000,0.00000000,False
2021-02-13 03:05:00,4137.05000000,7248.59000000,3359.98000000,0.00000000,False
2021-02-13 03:10:00,4188.15000000,7418.16000000,3350.19000000,0.00000000,False
2021-02-13 03:15:00,4211.07000000,7558.08000000,3350.12000000,0.00000000,False
2021-02-13 03:20:00,4179.87000000,7453.99000000,3350.09000000,0.00000000,False
2021-02-13 03:25:00,4153.06000000,7454.99000000,3395.10000000,0.00000000,False
2021-02-13 03:30:00,4106.85000000,7322.61000000,3395.08000000,0.00000000,False
2021-02-13 03:35:00,4018.57000000,7114.63000000,3350.11000000,0.00000000,False
2021-02-13 03:40:00,4095.58000000,7101.15000000,3350.14000000,0.00000000,False
2021-02-13 03:45:00,4101.84000000,7225.50000000,3267.77000000,0.00000000,False
2021-02-13 03:50:00,4208.86000000,7400.63000000,3267.55000000,0.00000000,False
2021-02-13 03:55:00,4149.64000000,7267.99000000,3267.57000000,0.00000000,False
2021-02-13 04:00:00,4060.96000000,7097.30000000,3267.90000000,0.00000000,False
2021-02-13 04:05:00,3813.51000000,6468.79000000,2807.06000000,0.00000000,False
2021-02-13 04:10:00,3805.95000000,6552.23000000,2807.06000000,0.00000000,False
2021-02-13 04:15:00,3975.68000000,6753.86000000,2807.08000000,0.00000000,False
2021-02-13 04:20:00,4088.33000000,6932.83000000,2807.08000000,0.00000000,False
2021-02-13 04:25:00,4057.88000000,6901.50000000,2807.01000000,0.00000000,False
2021-02-13 04:30:00,3974.24000000,6587.05000000,2806.96000000,0.00000000,False
2021-02-13 04:35:00,3976.30000000,6387.11000000,2806.94000000,0.00000000,False
2021-02-13 04:40:00,3960.08000000,6179.60000000,2807.03000000,0.00000000,False
2021-02-13 04:45:00,3914.34000000,6165.85000000,2807.02000000,0.00000000,False
2021-02-13 04:50:00,4115.35000000,6882.88000000,2806.84000000,0.00000000,False
2021-02-13 04:55:00,4169.40000000,6918.90000000,2806.81000000,0.00000000,False
2021-02-13 05:00:00,3979.42000000,6540.87000000,2806.86000000,0.00000000,False
2021-02-13 05:05:00,4133.43000000,6585.40000000,2806.98000000,0.00000000,False
2021-02-13 05:10:00,4257.39000000,6644.75000000,2807.09000000,0.00000000,False
2021-02-13 05:15:00,4191.87000000,6538.48000000,2806.97000000,0.00000000,False
2021-02-13 05:20:00,4115.52000000,6406.28000000,2806.97000000,0.00000000,False
2021-02-13 05:25:00,4249.88000000,6486.64000000,2806.99000000,0.00000000,False
2021-02-13 05:30:00,4298.49000000,6670.88000000,2806.93000000,0.00000000,False
2021-02-13 05:35:00,4208.33000000,6476.76000000,2806.97000000,0.00000000,False
2021-02-13 05:40:00,4293.74000000,6765.90000000,2501.04000000,0.00000000,False
2021-02-13 05:45:00,4436.69000000,7010.89000000,2301.88000000,0.00000000,False
2021-02-13 05:50:00,4302.41000000,6879.30000000,2210.80000000,0.00000000,False
2021-02-13 05:55:00,4461.21000000,7048.65000000,2066.72000000,0.00000000,False
2021-02-13 06:00:00,4358.29000000,6947.97000000,2087.24000000,0.00000000,False
2021-02-13 06:05:00,4378.31000000,6896.84000000,1822.34000000,0.00000000,False
2021-02-13 06:10:00,4404.03000000,6897.29000000,1802.42000000,0.00000000,False
2021-02-13 06:15:00,4283.67000000,6856.35000000,1802.54000000,0.00000000,False
2021-02-13 06:20:00,4297.30000000,6821.25000000,1690.50000000,0.00000000,False
2021-02-13 06:25:00,4511.51000000,7146.79000000,1595.51000000,0.00000000,False
2021-02-13 06:30:00,4364.52000000,6943.44000000,1595.43000000,0.00000000,False
2021-02-13 06:35:00,4286.16000000,6858.76000000,1815.46000000,0.00000000,False
2021-02-13 06:40:00,4354.19000000,6845.16000000,1715.94000000,0.00000000,False
2021-02-13 06:45:00,4440.54000000,7041.50000000,1501.88000000,0.00000000,False
2021-02-13 06:50:00,4381.42000000,7158.20000000,1361.81000000,0.00000000,False
2021-02-13 06:55:00,4459.13000000,7274.59000000,1361.76000000,0.00000000,False
2021-02-13 07:00:00,4609.52000000,7225.93000000,1361.70000000,0.00000000,False
2021-02-13 07:05:00,4320.65000000,6910.65000000,1361.62000000,0.00000000,False
2021-02-13 07:10:00,4349.97000000,6897.94000000,1361.74000000,0.00000000,False
2021-02-13 07:15:00,4411.62000000,7009.22000000,1361.78000000,0.00000000,False
2021-02-13 07:20:00,4247.12000000,6759.19000000,1361.77000000,0.00000000,False
2021-02-13 07:25:00,4292.75000000,6733.39000000,1361.76000000,0.00000000,False
2021-02-13 07:30:00,4225.20000000,6512.08000000,1361.81000000,0.00000000,False
2021-02-13 07:35:00,4130.94000000,6362.98000000,1361.85000000,0.00000000,False
2021-02-13 07:40:00,4089.15000000,6372.96000000,1361.62000000,0.00000000,False
2021-02-13 07:45:00,4025.92000000,6299.80000000,1361.63000000,0.00000000,False
2021-02-13 07:50:00,3965.78000000,6105.63000000,1361.57000000,0.00000000,False
2021-02-13 07:55:00,3869.82000000,5928.32000000,1361.52000000,0.00000000,False
2021-02-13 08:00:00,3754.98000000,5630.89000000,1361.51000000,0.00000000,False
2021-02-13 08:05:00,3760.11000000,5708.63000000,1361.74000000,0.00000000,False
2021-02-13 08:10:00,3735.28000000,5537.48000000,1361.77000000,0.00000000,False
2021-02-13 08:15:00,3687.03000000,5289.62000000,1361.75000000,0.00000000,False
2021-02-13 08:20:00,3688.89000000,5153.01000000,1361.73000000,0.00000000,False
2021-02-13 08:25:00,3669.77000000,5073.56000000,1361.82000000,0.00000000,False
2021-02-13 08:30:00,3549.84000000,4984.25000000,1298.79000000,0.00000000,False
2021-02-13 08:35:00,3297.70000000,4484.72000000,1235.71000000,0.00000000,False
2021-02-13 08:40:00,2887.98000000,3106.78000000,1235.73000000,0.00000000,False
2021-02-13 08:45:00,2919.22000000,4002.92000000,760.70000000,0.00000000,False
2021-02-13 08:50:00,3179.11000000,4181.56000000,704.70000000,0.00000000,False
2021-02-13 08:55:00,3273.76000000,4113.69000000,641.70000000,0.00000000,False
2021-02-13 09:00:00,3195.80000000,3569.75000000,529.80000000,0.00000000,False
2021-02-13 09:05:00,3270.59000000,3781.34000000,529.80000000,0.00000000,False
2021-02-13 09:10:00,3462.52000000,4048.99000000,458.00000000,0.00000000,False
2021-02-13 09:15:00,3446.81000000,3996.80000000,428.00000000,0.00000000,False
2021-02-13 09:20:00,3650.80000000,4453.00000000,501.00000000,0.00000000,False
2021-02-13 09:25:00,3804.12000000,4669.72000000,342.00000000,0.00000000,False
2021-02-13 09:30:00,3637.91000000,4480.50000000,171.00000000,0.00000000,False
2021-02-13 09:35:00,3667.35000000,4422.85000000,276.00000000,0.00000000,False
2021-02-13 09:40:00,3653.72000000,4657.16000000,276.00000000,0.00000000,False
2021-02-13 09:45:00,3703.43000000,4846.37000000,276.00000000,0.00000000,False
2021-02-13 09:50:00,3614.58000000,4651.60000000,276.00000000,0.00000000,False
2021-02-13 09:55:00,3587.11000000,4402.47000000,287.00000000,0.00000000,False
2021-02-13 10:00:00,3586.55000000,4424.43000000,361.00000000,0.00000000,False
2021-02-13 10:05:00,3522.32000000,4133.42000000,361.00000000,0.00000000,False
2021-02-13 10:10:00,3478.58000000,3819.50000000,435.00000000,0.00000000,False
2021-02-13 10:15:00,3277.42000000,3531.23000000,435.00000000,0.00000000,False
2021-02-13 10:20:00,3228.78000000,3611.90000000,504.30000000,0.00000000,False
2021-02-13 10:25:00,3312.29000000,3888.36000000,330.00000000,0.00000000,False
2021-02-13 10:30:00,3317.58000000,3772.46000000,516.90000000,0.00000000,False
2021-02-13 10:35:00,3330.77000000,3810.45000000,516.90000000,0.00000000,False
2021-02-13 10:40:00,3449.68000000,4055.67000000,444.90000000,0.00000000,False
2021-02-13 10:45:00,3528.27000000,4156.48000000,296.90000000,0.00000000,False
2021-02-13 10:50:00,3460.28000000,4154.75000000,296.90000000,0.00000000,False
2021-02-13 10:55:00,3455.05000000,4176.86000000,296.90000000,0.00000000,False
2021-02-13 11:00:00,3452.41000000,4207.15000000,296.90000000,0.00000000,False
2021-02-13 11:05:00,3393.25000000,4094.54000000,296.90000000,0.00000000,False
2021-02-13 11:10:00,3395.40000000,4358.95000000,296.90000000,0.00000000,False
2021-02-13 11:15:00,3425.16000000,4504.66000000,296.90000000,0.00000000,False
2021-02-13 11:20:00,3452.90000000,4405.72000000,296.90000000,0.00000000,False
2021-02-13 11:25:00,3422.40000000,4604.59000000,161.90000000,0.00000000,False
2021-02-13 11:30:00,3554.53000000,4928.72000000,161.90000000,0.00000000,False
2021-02-13 11:35:00,3654.41000000,5089.02000000,161.90000000,0.00000000,False
2021-02-13 11:40:00,3633.62000000,5183.54000000,161.90000000,0.00000000,False
2021-02-13 11:45:00,3673.78000000,5220.10000000,161.90000000,0.00000000,False
2021-02-13 11:50:00,3616.96000000,5230.41000000,161.90000000,0.00000000,False
2021-02-13 11:55:00,3728.78000000,5438.60000000,161.90000000,0.00000000,False
2021-02-13 12:00:00,3744.64000000,5134.09000000,161.90000000,0.00000000,False
2021-02-13 12:05:00,3859.32000000,5482.91000000,161.90000000,0.00000000,False
2021-02-13 12:10:00,3911.60000000,5720.73000000,257.90000000,0.00000000,False
2021-02-13 12:15:00,4002.82000000,6167.41000000,302.90000000,0.00000000,False
2021-02-13 12:20:00,4101.72000000,6259.63000000,302.90000000,0.00000000,False
2021-02-13 12:25:00,3907.00000000,6129.45000000,354.90000000,0.00000000,False
2021-02-13 12:30:00,3959.88000000,6273.65000000,354.90000000,0.00000000,False
2021-02-13 12:35:00,4025.87000000,6634.94000000,354.90000000,0.00000000,False
2021-02-13 12:40:00,4025.76000000,6577.70000000,354.90000000,0.00000000,False
2021-02-13 12:45:00,3969.06000000,6708.81000000,354.90000000,0.00000000,False
2021-02-13 12:50:00,4072.89000000,6878.55000000,386.90000000,0.00000000,False
2021-02-13 12:55:00,4027.63000000,6975.21000000,532.25000000,0.00000000,False
2021-02-13 13:00:00,4051.19000000,7068.43000000,531.95000000,0.00000000,False
2021-02-13 13:05:00,4200.49000000,7385.71000000,515.90000000,0.00000000,False
2021-02-13 13:10:00,4182.31000000,7345.67000000,675.90000000,0.00000000,False
2021-02-13 13:15:00,4015.03000000,7154.07000000,826.90000000,0.00000000,False
2021-02-13 13:20:00,3987.78000000,7356.45000000,920.90000000,0.00000000,False
2021-02-13 13:25:00,3957.41000000,7022.15000000,1094.96000000,0.00000000,False
2021-02-13 13:30:00,4029.63000000,7268.59000000,1243.85000000,0.00000000,False
2021-02-13 13:35:00,3975.49000000,7152.75000000,1159.79000000,0.00000000,False
2021-02-13 13:40:00,3992.71000000,7457.80000000,1243.89000000,0.00000000,False
2021-02-13 13:45:00,4057.84000000,7672.10000000,1078.90000000,0.00000000,False
2021-02-13 13:50:00,4130.86000000,7332.89000000,1078.90000000,0.00000000,False
2021-02-13 13:55:00,4303.52000000,8110.73000000,1078.90000000,0.00000000,False
2021-02-13 14:00:00,4201.29000000,7840.27000000,1078.90000000,0.00000000,False
2021-02-13 14:05:00,4386.91000000,8319.56000000,1147.90000000,0.00000000,False
2021-02-13 14:10:00,4367.33000000,8482.29000000,1143.90000000,0.00000000,False
2021-02-13 14:15:00,4457.10000000,8582.80000000,1134.00000000,0.00000000,False
2021-02-13 14:20:00,4484.29000000,8776.22000000,1177.00000000,0.00000000,False
2021-02-13 14:25:00,4546.52000000,8773.20000000,1085.00000000,0.00000000,False
2021-02-13 14:30:00,4526.57000000,8825.20000000,1184.60000000,0.00000000,False
2021-02-13 14:35:00,4627.61000000,8952.28000000,1300.40000000,0.00000000,False
2021-02-13 14:40:00,4570.87000000,8824.03000000,1350.20000000,0.00000000,False
2021-02-13 14:45:00,4540.37000000,8512.87000000,1505.39000000,0.00000000,False
2021-02-13 14:50:00,4480.61000000,8684.11000000,1610.75000000,0.00000000,False
2021-02-13 14:55:00,4661.08000000,8883.02000000,1610.76000000,0.00000000,False
2021-02-13 15:00:00,4671.80000000,8910.88000000,1610.71000000,0.00000000,False
2021-02-13 15:05:00,4812.56000000,8987.55000000,1610.71000000,0.00000000,False
2021-02-13 15:10:00,4773.93000000,8926.87000000,1610.75000000,0.00000000,False
2021-02-13 15:15:00,4779.96000000,8875.80000000,1842.75000000,0.00000000,False
2021-02-13 15:20:00,4809.50000000,9079.47000000,1842.75000000,0.00000000,False
2021-02-13 15:25:00,4676.86000000,9086.97000000,1842.76000000,0.00000000,False
2021-02-13 15:30:00,4631.10000000,8979.77000000,1945.73000000,0.00000000,False
2021-02-13 15:35:00,4579.16000000,8853.32000000,1945.73000000,0.00000000,False
2021-02-13 15:40:00,4830.44000000,9259.25000000,1995.74000000,0.00000000,False
2021-02-13 15:45:00,4811.15000000,9087.41000000,1995.78000000,0.00000000,False
2021-02-13 15:50:00,4881.70000000,9451.89000000,1995.78000000,0.00000000,False
2021-02-13 15:55:00,4853.06000000,9503.22000000,1995.74000000,0.00000000,False
2021-02-13 16:00:00,4848.14000000,9579.01000000,1995.89000000,0.00000000,False
2021-02-13 16:05:00,4845.11000000,9591.44000000,1995.85000000,0.00000000,False
2021-02-13 16:10:00,4851.17000000,9705.41000000,1995.76000000,0.00000000,False
2021-02-13 16:15:00,4765.75000000,9574.19000000,1995.70000000,0.00000000,False
2021-02-13 16:20:00,4739.17000000,9523.63000000,1879.72000000,0.00000000,False
2021-02-13 16:25:00,4793.35000000,9747.88000000,1879.70000000,0.00000000,False
2021-02-13 16:30:00,4730.70000000,9616.82000000,1880.96000000,0.00000000,False
2021-02-13 16:35:00,4702.06000000,9398.51000000,1879.94000000,0.00000000,False
2021-02-13 16:40:00,4774.69000000,9492.29000000,1768.88000000,0.00000000,False
2021-02-13 16:45:00,4777.85000000,9689.92000000,1579.90000000,0.00000000,False
2021-02-13 16:50:00,4736.68000000,9740.55000000,1477.79000000,0.00000000,False
2021-02-13 16:55:00,4806.76000000,9649.54000000,1421.80000000,0.00000000,False
2021-02-13 17:00:00,4723.78000000,9384.77000000,1422.80000000,0.00000000,False
2021-02-13 17:05:00,4953.27000000,9421.96000000,1422.80000000,0.00000000,False
2021-02-13 17:10:00,4902.01000000,8775.26000000,1422.80000000,0.00000000,False
2021-02-13 17:15:00,4958.54000000,9166.17000000,1317.80000000,0.00000000,False
2021-02-13 17:20:00,4941.33000000,9135.87000000,1317.80000000,0.00000000,False
2021-02-13 17:25:00,4673.28000000,8289.83000000,1317.80000000,0.00000000,False
2021-02-13 17:30:00,4588.47000000,8513.34000000,1317.80000000,0.00000000,False
2021-02-13 17:35:00,4589.32000000,8542.18000000,1317.80000000,0.00000000,False
2021-02-13 17:40:00,4460.93000000,8154.13000000,1317.80000000,0.00000000,False
2021-02-13 17:45:00,4357.13000000,8230.92000000,1317.80000000,0.00000000,False
2021-02-13 17:50:00,4205.74000000,7925.92000000,1317.80000000,0.00000000,False
2021-02-13 17:55:00,4192.40000000,7840.04000000,1212.80000000,0.00000000,False
2021-02-13 18:00:00,4077.02000000,7753.16000000,1212.80000000,0.00000000,False
2021-02-13 18:05:00,4044.47000000,7571.98000000,894.80000000,0.00000000,False
2021-02-13 18:10:00,4153.33000000,7809.15000000,826.80000000,0.00000000,False
2021-02-13 18:15:00,4139.46000000,7666.48000000,826.80000000,0.00000000,False
2021-02-13 18:20:00,4047.30000000,7542.30000000,777.00000000,0.00000000,False
2021-02-13 18:25:00,4048.07000000,7455.95000000,777.00000000,0.00000000,False
2021-02-13 18:30:00,4055.43000000,7441.66000000,777.00000000,0.00000000,False
2021-02-13 18:35:00,4074.91000000,7484.48000000,777.00000000,0.00000000,False
2021-02-13 18:40:00,4157.46000000,7841.56000000,602.00000000,0.00000000,False
2021-02-13 18:45:00,4171.35000000,7972.06000000,602.00000000,0.00000000,False
2021-02-13 18:50:00,4070.06000000,7924.73000000,602.00000000,0.00000000,False
2021-02-13 18:55:00,4007.85000000,7707.59000000,602.00000000,0.00000000,False
2021-02-13 19:00:00,4003.06000000,7838.82000000,622.00000000,0.00000000,False
2021-02-13 19:05:00,4028.32000000,7840.28000000,622.00000000,0.00000000,False
2021-02-13 19:10:00,3993.79000000,7899.51000000,622.00000000,0.00000000,False
2021-02-13 19:15:00,3966.60000000,7804.37000000,622.00000000,0.00000000,False
2021-02-13 19:20:00,4000.08000000,7827.80000000,622.00000000,0.00000000,False
2021-02-13 19:25:00,4054.20000000,8011.86000000,622.00000000,0.00000000,False
2021-02-13 19:30:00,4026.34000000,7926.38000000,622.00000000,0.00000000,False
2021-02-13 19:35:00,3967.00000000,7842.02000000,622.00000000,0.00000000,False
2021-02-13 19:40:00,3952.58000000,8035.70000000,622.00000000,0.00000000,False
2021-02-13 19:45:00,3989.31000000,8159.94000000,622.00000000,0.00000000,False
2021-02-13 19:50:00,3914.78000000,7579.63000000,622.00000000,0.00000000,False
2021-02-13 19:55:00,3983.28000000,7272.68000000,622.00000000,0.00000000,False
2021-02-13 20:00:00,4032.61000000,7895.03000000,622.00000000,0.00000000,False
2021-02-13 20:05:00,4095.69000000,7929.14000000,622.00000000,0.00000000,False
2021-02-13 20:10:00,4004.43000000,7645.60000000,622.00000000,0.00000000,False
2021-02-13 20:15:00,4143.06000000,7907.87000000,622.00000000,0.00000000,False
2021-02-13 20:20:00,4155.84000000,7889.51000000,622.00000000,0.00000000,False
2021-02-13 20:25:00,4137.45000000,7892.85000000,622.00000000,0.00000000,False
2021-02-13 20:30:00,4104.28000000,7862.19000000,691.00000000,0.00000000,False
2021-02-13 20:35:00,4170.94000000,7609.74000000,759.00000000,0.00000000,False
2021-02-13 20:40:00,4295.90000000,8330.52000000,759.00000000,0.00000000,False
2021-02-13 20:45:00,4404.90000000,8294.99000000,759.00000000,0.00000000,False
2021-02-13 20:50:00,4275.43000000,7790.63000000,879.00000000,0.00000000,False
2021-02-13 20:55:00,4378.89000000,8333.16000000,879.00000000,0.00000000,False
2021-02-13 21:00:00,4453.92000000,7931.79000000,928.80000000,0.00000000,False
2021-02-13 21:05:00,4389.42000000,8293.56000000,928.80000000,0.00000000,False
2021-02-13 21:10:00,4660.54000000,8573.40000000,1022.80000000,0.00000000,False
2021-02-13 21:15:00,4688.45000000,8652.88000000,1022.80000000,0.00000000,False
2021-02-13 21:20:00,4725.90000000,8876.91000000,1085.80000000,0.00000000,False
2021-02-13 21:25:00,4794.25000000,9038.48000000,1148.80000000,0.00000000,False
2021-02-13 21:30:00,4727.94000000,9064.58000000,1148.80000000,0.00000000,False
2021-02-13 21:35:00,4658.01000000,8716.82000000,1148.80000000,0.00000000,False
2021-02-13 21:40:00,4704.97000000,9137.56000000,1148.80000000,0.00000000,False
2021-02-13 21:45:00,4688.73000000,8979.09000000,1148.80000000,0.00000000,False
2021-02-13 21:50:00,4676.68000000,8957.86000000,1148.80000000,0.00000000,False
2021-02-13 21:55:00,4621.32000000,8985.11000000,1148.80000000,0.00000000,False
2021-02-13 22:00:00,4570.28000000,8951.90000000,1148.80000000,0.00000000,False
2021-02-13 22:05:00,4843.08000000,9119.59000000,1148.80000000,0.00000000,False
2021-02-13 22:10:00,4717.73000000,9074.68000000,1148.80000000,0.00000000,False
2021-02-13 22:15:00,4647.36000000,8901.44000000,1148.80000000,0.00000000,False
2021-02-13 22:20:00,4656.19000000,8533.47000000,1260.80000000,0.00000000,False
2021-02-13 22:25:00,4810.26000000,9347.31000000,1260.80000000,0.00000000,False
2021-02-13 22:30:00,4722.05000000,9483.02000000,1260.80000000,0.00000000,False
2021-02-13 22:35:00,4799.76000000,9075.31000000,1260.80000000,0.00000000,False
2021-02-13 22:40:00,4834.88000000,9646.85000000,1260.80000000,0.00000000,False
2021-02-13 22:45:00,4763.16000000,9723.04000000,1262.80000000,0.00000000,False
2021-02-13 22:50:00,4895.33000000,9829.09000000,1262.80000000,0.00000000,False
2021-02-13 22:55:00,4895.02000000,9851.95000000,1262.80000000,0.00000000,False
2021-02-13 23:00:00,4995.09000000,10073.91000000,1262.80000000,0.00000000,False
2021-02-13 23:05:00,5186.60000000,10407.51000000,1262.80000000,0.00000000,False
2021-02-13 23:10:00,5054.79000000,10527.38000000,1354.80000000,0.00000000,False
2021-02-13 23:15:00,5034.62000000,10049.93000000,1354.80000000,0.00000000,False
2021-02-13 23:20:00,5206.57000000,10577.49000000,1354.80000000,0.00000000,False
2021-02-13 23:25:00,5217.55000000,10565.52000000,1354.80000000,0.00000000,False
2021-02-13 23:30:00,5141.96000000,10556.06000000,1354.80000000,0.00000000,False
2021-02-13 23:35:00,5162.96000000,10621.46000000,1354.80000000,0.00000000,False
2021-02-13 23:40:00,5171.09000000,10749.78000000,1262.80000000,0.00000000,False
2021-02-13 23:45:00,5189.81000000,10742.82000000,1262.80000000,0.00000000,False
2021-02-13 23:50:00,5102.15000000,10722.08000000,1262.80000000,0.00000000,False
2021-02-13 23:55:00,5187.69000000,10722.68000000,1262.80000000,0.00000000,False
2021-02-14 00:00:00,4956.05000000,10541.51000000,1454.10000000,0.00000000,False
2021-02-14 00:05:00,5134.97000000,10622.38000000,1596.40000000,0.00000000,False
2021-02-14 00:10:00,5183.18000000,10571.17000000,1681.00000000,0.00000000,False
2021-02-14 00:15:00,5278.03000000,10759.55000000,1681.00000000,0.00000000,False
2021-02-14 00:20:00,5344.76000000,10988.87000000,1681.00000000,0.00000000,False
2021-02-14 00:25:00,5325.90000000,10730.00000000,1681.00000000,0.00000000,False
2021-02-14 00:30:00,5472.91000000,11368.38000000,1681.00000000,0.00000000,False
2021-02-14 00:35:00,5376.78000000,11134.52000000,1777.00000000,0.00000000,False
2021-02-14 00:40:00,5458.23000000,11357.19000000,1777.00000000,0.00000000,False
2021-02-14 00:45:00,5464.77000000,11514.96000000,1908.00000000,0.00000000,False
2021-02-14 00:50:00,5493.25000000,11464.13000000,1908.00000000,0.00000000,False
2021-02-14 00:55:00,5469.49000000,11490.64000000,1908.00000000,0.00000000,False
2021-02-14 01:00:00,5533.21000000,11718.13000000,1916.00000000,0.00000000,False
2021-02-14 01:05:00,5645.74000000,11939.64000000,1916.00000000,0.00000000,False
2021-02-14 01:10:00,5676.25000000,12189.69000000,1916.00000000,0.00000000,False
2021-02-14 01:15:00,5657.42000000,12154.39000000,1916.00000000,0.00000000,False
2021-02-14 01:20:00,5616.92000000,11683.49000000,1916.00000000,0.00000000,False
2021-02-14 01:25:00,5526.05000000,11807.55000000,1972.50000000,0.00000000,False
2021-02-14 01:30:00,5672.94000000,12239.23000000,2029.00000000,0.00000000,False
2021-02-14 01:35:00,5613.06000000,12334.25000000,2297.14000000,0.00000000,False
2021-02-14 01:40:00,5791.29000000,12722.74000000,2354.05000000,0.00000000,False
2021-02-14 01:45:00,5764.85000000,12751.00000000,2354.03000000,0.00000000,False
2021-02-14 01:50:00,5729.99000000,12847.92000000,2354.05000000,0.00000000,False
2021-02-14 01:55:00,5681.15000000,12771.24000000,2354.03000000,0.00000000,False
2021-02-14 02:00:00,5800.64000000,13109.74000000,2354.06000000,0.00000000,False
2021-02-14 02:05:00,5909.80000000,13181.72000000,2353.96000000,0.00000000,False
2021-02-14 02:10:00,5837.69000000,13147.05000000,2354.02000000,0.00000000,False
2021-02-14 02:15:00,5775.40000000,12931.48000000,2354.16000000,0.00000000,False
2021-02-14 02:20:00,5778.71000000,12930.37000000,2354.06000000,0.00000000,False
2021-02-14 02:25:00,5811.42000000,12984.12000000,2354.09000000,0.00000000,False
2021-02-14 02:30:00,5812.05000000,13096.72000000,2354.04000000,0.00000000,False
2021-02-14 02:35:00,5718.59000000,12949.97000000,2353.97000000,0.00000000,False
2021-02-14 02:40:00,5770.83000000,12989.79000000,2354.08000000,0.00000000,False
2021-02-14 02:45:00,5778.19000000,13012.95000000,2354.10000000,0.00000000,False
2021-02-14 02:50:00,5756.85000000,12938.07000000,2354.03000000,0.00000000,False
2021-02-14 02:55:00,5834.10000000,13043.04000000,2354.16000000,0.00000000,False
2021-02-14 03:00:00,5828.20000000,13120.68000000,2354.17000000,0.00000000,False
2021-02-14 03:05:00,5623.65000000,12474.61000000,2354.10000000,0.00000000,False
2021-02-14 03:10:00,5707.40000000,12793.69000000,2354.28000000,0.00000000,False
2021-02-14 03:15:00,5781.19000000,12797.55000000,2354.24000000,0.00000000,False
2021-02-14 03:20:00,5764.00000000,12880.97000000,2354.25000000,0.00000000,False
2021-02-14 03:25:00,5721.55000000,12824.60000000,2354.37000000,0.00000000,False
2021-02-14 03:30:00,5764.71000000,12906.10000000,2354.44000000,0.00000000,False
2021-02-14 03:35:00,5665.28000000,12625.45000000,2354.33000000,0.00000000,False
2021-02-14 03:40:00,5707.05000000,12557.78000000,2354.32000000,0.00000000,False
2021-02-14 03:45:00,5762.70000000,12610.94000000,2354.31000000,0.00000000,False
2021-02-14 03:50:00,5812.28000000,12749.03000000,2354.37000000,0.00000000,False
2021-02-14 03:55:00,5775.73000000,12924.61000000,2105.41000000,0.00000000,False
2021-02-14 04:00:00,5755.84000000,12767.38000000,2105.33000000,0.00000000,False
2021-02-14 04:05:00,5667.12000000,12143.20000000,2105.17000000,0.00000000,False
2021-02-14 04:10:00,5654.73000000,12443.01000000,2105.25000000,0.00000000,False
2021-02-14 04:15:00,5589.68000000,12421.09000000,2105.36000000,0.00000000,False
2021-02-14 04:20:00,5648.35000000,12490.40000000,2105.29000000,0.00000000,False
2021-02-14 04:25:00,5587.83000000,12163.08000000,2105.30000000,0.00000000,False
2021-02-14 04:30:00,5637.75000000,12287.76000000,2105.29000000,0.00000000,False
2021-02-14 04:35:00,5619.77000000,12200.75000000,2055.51000000,0.00000000,False
2021-02-14 04:40:00,5676.88000000,12205.28000000,2055.55000000,0.00000000,False
2021-02-14 04:45:00,5674.71000000,12150.93000000,2055.48000000,0.00000000,False
2021-02-14 04:50:00,5749.16000000,12259.17000000,2055.58000000,0.00000000,False
2021-02-14 04:55:00,5655.74000000,12136.89000000,2055.39000000,0.00000000,False
2021-02-14 05:00:00,5791.38000000,12246.71000000,2055.31000000,0.00000000,False
2021-02-14 05:05:00,5688.60000000,11984.55000000,2055.17000000,0.00000000,False
2021-02-14 05:10:00,5609.05000000,11861.97000000,2055.22000000,0.00000000,False
2021-02-14 05:15:00,5644.57000000,11876.83000000,2056.47000000,0.00000000,False
2021-02-14 05:20:00,5568.11000000,11786.01000000,2099.49000000,0.00000000,False
2021-02-14 05:25:00,5539.69000000,11512.64000000,2141.75000000,0.00000000,False
2021-02-14 05:30:00,5537.50000000,11398.86000000,2163.25000000,0.00000000,False
2021-02-14 05:35:00,5555.97000000,11373.36000000,2162.72000000,0.00000000,False
2021-02-14 05:40:00,5494.10000000,11308.48000000,2161.79000000,0.00000000,False
2021-02-14 05:45:00,5502.88000000,11267.67000000,2055.29000000,0.00000000,False
2021-02-14 05:50:00,5603.92000000,11577.11000000,1845.25000000,0.00000000,False
2021-02-14 05:55:00,5724.02000000,11752.67000000,1845.22000000,0.00000000,False
2021-02-14 06:00:00,5615.96000000,11808.10000000,1844.84000000,0.00000000,False
2021-02-14 06:05:00,5505.84000000,11413.67000000,1748.75000000,0.00000000,False
2021-02-14 06:10:00,5397.05000000,11387.68000000,1699.03000000,0.00000000,False
2021-02-14 06:15:00,5323.16000000,11113.63000000,1698.87000000,0.00000000,False
2021-02-14 06:20:00,5273.12000000,11186.58000000,1698.90000000,0.00000000,False
2021-02-14 06:25:00,5233.73000000,10822.99000000,1593.00000000,0.00000000,False
2021-02-14 06:30:00,5511.47000000,11416.36000000,1593.00000000,0.00000000,False
2021-02-14 06:35:00,5551.00000000,11640.23000000,1481.00000000,0.00000000,False
2021-02-14 06:40:00,5452.00000000,11507.77000000,1481.00000000,0.00000000,False
2021-02-14 06:45:00,5488.08000000,11268.96000000,1481.00000000,0.00000000,False
2021-02-14 06:50:00,5459.38000000,11140.76000000,1424.90000000,0.00000000,False
2021-02-14 06:55:00,5478.35000000,11324.49000000,1424.90000000,0.00000000,False
2021-02-14 07:00:00,5528.18000000,11285.68000000,1332.50000000,0.00000000,False
2021-02-14 07:05:00,5490.78000000,11285.65000000,1284.50000000,0.00000000,False
2021-02-14 07:10:00,5470.74000000,11014.13000000,1241.50000000,0.00000000,False
2021-02-14 07:15:00,5588.49000000,11751.25000000,1241.50000000,0.00000000,False
2021-02-14 07:20:00,5557.87000000,11796.08000000,1241.50000000,0.00000000,False
2021-02-14 07:25:00,5511.94000000,11655.30000000,1241.50000000,0.00000000,False
2021-02-14 07:30:00,5562.67000000,12030.77000000,1241.50000000,0.00000000,False
2021-02-14 07:35:00,5565.60000000,11782.93000000,1241.50000000,0.00000000,False
2021-02-14 07:40:00,5408.61000000,11213.45000000,1241.50000000,0.00000000,False
2021-02-14 07:45:00,5386.64000000,11164.04000000,1097.50000000,0.00000000,False
2021-02-14 07:50:00,5523.45000000,11559.37000000,1097.50000000,0.00000000,False
2021-02-14 07:55:00,5496.68000000,11351.29000000,1147.48000000,0.00000000,False
2021-02-14 08:00:00,5452.92000000,11366.25000000,1148.20000000,0.00000000,False
2021-02-14 08:05:00,5408.48000000,11298.15000000,1148.20000000,0.00000000,False
2021-02-14 08:10:00,5343.24000000,11251.04000000,1148.21000000,0.00000000,False
2021-02-14 08:15:00,5304.12000000,11066.17000000,1148.33000000,0.00000000,False
2021-02-14 08:20:00,5212.14000000,11094.64000000,1148.32000000,0.00000000,False
2021-02-14 08:25:00,5169.36000000,10834.48000000,1148.20000000,0.00000000,False
2021-02-14 08:30:00,5118.96000000,10798.61000000,1148.21000000,0.00000000,False
2021-02-14 08:35:00,4992.84000000,10280.54000000,1148.21000000,0.00000000,False
2021-02-14 08:40:00,5001.24000000,10229.46000000,1148.21000000,0.00000000,False
2021-02-14 08:45:00,4971.89000000,9935.85000000,1148.33000000,0.00000000,False
2021-02-14 08:50:00,4885.04000000,9690.83000000,1148.33000000,0.00000000,False
2021-02-14 08:55:00,4815.63000000,9584.98000000,1148.31000000,0.00000000,False
2021-02-14 09:00:00,4507.06000000,8821.58000000,1093.00000000,0.00000000,False
2021-02-14 09:05:00,4720.08000000,8992.40000000,916.80000000,0.00000000,False
2021-02-14 09:10:00,4534.06000000,8817.67000000,1066.20000000,0.00000000,False
2021-02-14 09:15:00,4503.80000000,8793.82000000,1165.80000000,0.00000000,False
2021-02-14 09:20:00,4621.66000000,8955.41000000,1165.80000000,0.00000000,False
2021-02-14 09:25:00,4633.45000000,8978.05000000,1165.80000000,0.00000000,False
2021-02-14 09:30:00,4559.53000000,8847.69000000,1165.80000000,0.00000000,False
2021-02-14 09:35:00,4528.36000000,8840.36000000,1165.80000000,0.00000000,False
2021-02-14 09:40:00,4567.77000000,8897.71000000,1165.80000000,0.00000000,False
2021-02-14 09:45:00,4555.23000000,8877.35000000,1165.80000000,0.00000000,False
2021-02-14 09:50:00,4503.13000000,8731.71000000,1165.80000000,0.00000000,False
2021-02-14 09:55:00,4499.03000000,8629.94000000,1165.80000000,0.00000000,False
2021-02-14 10:00:00,4268.02000000,8018.74000000,1285.80000000,0.00000000,False
2021-02-14 10:05:00,4326.50000000,8155.78000000,1381.80000000,0.00000000,False
2021-02-14 10:10:00,4267.14000000,8008.12000000,1400.80000000,0.00000000,False
2021-02-14 10:15:00,4294.20000000,7950.27000000,1400.80000000,0.00000000,False
2021-02-14 10:20:00,4284.03000000,7873.50000000,1400.80000000,0.00000000,False
2021-02-14 10:25:00,4187.33000000,7712.32000000,1400.80000000,0.00000000,False
2021-02-14 10:30:00,4195.26000000,7565.99000000,1411.80000000,0.00000000,False
2021-02-14 10:35:00,4143.20000000,7474.52000000,1411.80000000,0.00000000,False
2021-02-14 10:40:00,4028.56000000,7413.42000000,1411.80000000,0.00000000,False
2021-02-14 10:45:00,4025.57000000,7321.11000000,1411.80000000,0.00000000,False
2021-02-14 10:50:00,3989.90000000,7240.92000000,1411.80000000,0.00000000,False
2021-02-14 10:55:00,4003.20000000,7221.12000000,1411.80000000,0.00000000,False
2021-02-14 11:00:00,3922.70000000,7001.64000000,1371.80000000,0.00000000,False
2021-02-14 11:05:00,3960.28000000,7027.07000000,1463.80000000,0.00000000,False
2021-02-14 11:10:00,3944.41000000,7121.45000000,1467.80000000,0.00000000,False
2021-02-14 11:15:00,3947.44000000,7211.42000000,1467.80000000,0.00000000,False
2021-02-14 11:20:00,4034.65000000,7229.39000000,1264.80000000,0.00000000,False
2021-02-14 11:25:00,4023.90000000,7156.16000000,1184.80000000,0.00000000,False
2021-02-14 11:30:00,4002.82000000,7037.44000000,1184.80000000,0.00000000,False
2021-02-14 11:35:00,3913.18000000,7017.39000000,1184.80000000,0.00000000,False
2021-02-14 11:40:00,3855.29000000,7047.00000000,1180.84000000,0.00000000,False
2021-02-14 11:45:00,3816.39000000,6962.77000000,1184.80000000,0.00000000,False
2021-02-14 11:50:00,3717.22000000,6776.29000000,1121.80000000,0.00000000,False
2021-02-14 11:55:00,3774.03000000,6747.42000000,1121.80000000,0.00000000,False
2021-02-14 12:00:00,3765.60000000,6616.40000000,1121.80000000,0.00000000,False
2021-02-14 12:05:00,3965.25000000,6896.45000000,872.80000000,0.00000000,False
2021-02-14 12:10:00,3942.92000000,6998.79000000,875.00000000,0.00000000,False
2021-02-14 12:15:00,3902.87000000,6795.97000000,802.80000000,0.00000000,False
2021-02-14 12:20:00,3958.48000000,6842.80000000,802.80000000,0.00000000,False
2021-02-14 12:25:00,4106.14000000,7227.84000000,802.80000000,0.00000000,False
2021-02-14 12:30:00,4099.09000000,7391.42000000,802.80000000,0.00000000,False
2021-02-14 12:35:00,4059.59000000,7257.21000000,802.80000000,0.00000000,False
2021-02-14 12:40:00,4104.07000000,7362.11000000,753.00000000,0.00000000,False
2021-02-14 12:45:00,4274.72000000,7460.10000000,753.00000000,0.00000000,False
2021-02-14 12:50:00,4402.85000000,7695.92000000,753.00000000,0.00000000,False
2021-02-14 12:55:00,4507.35000000,7974.50000000,753.00000000,0.00000000,False
2021-02-14 13:00:00,4536.56000000,8226.16000000,753.00000000,0.00000000,False
2021-02-14 13:05:00,4453.71000000,8133.97000000,753.00000000,0.00000000,False
2021-02-14 13:10:00,4492.36000000,8254.65000000,809.00000000,0.00000000,False
2021-02-14 13:15:00,4509.31000000,8066.39000000,864.94000000,0.00000000,False
2021-02-14 13:20:00,4415.07000000,8066.09000000,864.92000000,0.00000000,False
2021-02-14 13:25:00,4379.57000000,8084.82000000,902.03000000,0.00000000,False
2021-02-14 13:30:00,4152.04000000,7637.35000000,890.46000000,0.00000000,False
2021-02-14 13:35:00,4127.72000000,7518.83000000,1531.91000000,0.00000000,False
2021-02-14 13:40:00,4136.13000000,7565.82000000,1531.89000000,0.00000000,False
2021-02-14 13:45:00,4110.24000000,7364.52000000,971.90000000,0.00000000,False
2021-02-14 13:50:00,4007.63000000,7178.15000000,1008.93000000,0.00000000,False
2021-02-14 13:55:00,4208.21000000,7574.78000000,865.97000000,0.00000000,False
2021-02-14 14:00:00,4186.57000000,7780.16000000,846.91000000,0.00000000,False
2021-02-14 14:05:00,4265.29000000,7695.65000000,947.05000000,0.00000000,False
2021-02-14 14:10:00,4284.33000000,7740.34000000,947.19000000,0.00000000,False
2021-02-14 14:15:00,4224.06000000,7825.52000000,947.10000000,0.00000000,False
2021-02-14 14:20:00,4228.29000000,7918.60000000,898.97000000,0.00000000,False
2021-02-14 14:25:00,4147.41000000,7638.05000000,968.98000000,0.00000000,False
2021-02-14 14:30:00,4170.48000000,7653.47000000,968.96000000,0.00000000,False
2021-02-14 14:35:00,4205.66000000,7670.80000000,969.14000000,0.00000000,False
2021-02-14 14:40:00,4073.11000000,7378.71000000,969.34000000,0.00000000,False
2021-02-14 14:45:00,3881.98000000,7047.54000000,969.24000000,0.00000000,False
2021-02-14 14:50:00,4069.06000000,7121.95000000,969.16000000,0.00000000,False
2021-02-14 14:55:00,4093.36000000,7225.32000000,988.05000000,0.00000000,False
2021-02-14 15:00:00,4006.66000000,7019.84000000,988.07000000,0.00000000,False
2021-02-14 15:05:00,4099.62000000,7213.80000000,988.21000000,0.00000000,False
2021-02-14 15:10:00,4076.31000000,7445.43000000,988.33000000,0.00000000,False
2021-02-14 15:15:00,4178.84000000,7480.93000000,988.31000000,0.00000000,False
2021-02-14 15:20:00,4234.86000000,7632.48000000,988.27000000,0.00000000,False
2021-02-14 15:25:00,4218.39000000,7555.73000000,988.47000000,0.00000000,False
2021-02-14 15:30:00,4220.01000000,7649.84000000,988.48000000,0.00000000,False
2021-02-14 15:35:00,4256.70000000,7626.38000000,951.35000000,0.00000000,False
2021-02-14 15:40:00,4124.24000000,7476.65000000,951.31000000,0.00000000,False
2021-02-14 15:45:00,4131.56000000,7392.19000000,951.36000000,0.00000000,False
2021-02-14 15:50:00,4283.30000000,7564.96000000,951.48000000,0.00000000,False
2021-02-14 15:55:00,4275.37000000,7640.51000000,914.36000000,0.00000000,False
2021-02-14 16:00:00,4289.28000000,7691.26000000,844.20000000,0.00000000,False
2021-02-14 16:05:00,4235.85000000,7452.06000000,844.22000000,0.00000000,False
2021-02-14 16:10:00,4260.03000000,7434.81000000,844.48000000,0.00000000,False
2021-02-14 16:15:00,4205.02000000,7454.31000000,844.37000000,0.00000000,False
2021-02-14 16:20:00,4159.31000000,7241.35000000,748.42000000,0.00000000,False
2021-02-14 16:25:00,4136.98000000,7132.30000000,748.34000000,0.00000000,False
2021-02-14 16:30:00,4157.25000000,6966.98000000,648.06000000,0.00000000,False
2021-02-14 16:35:00,4094.14000000,6796.79000000,647.99000000,0.00000000,False
2021-02-14 16:40:00,4069.74000000,6657.98000000,578.07000000,0.00000000,False
2021-02-14 16:45:00,3880.93000000,6352.37000000,578.13000000,0.00000000,False
2021-02-14 16:50:00,3870.07000000,6228.99000000,578.08000000,0.00000000,False
2021-02-14 16:55:00,3929.51000000,6138.68000000,578.07000000,0.00000000,False
2021-02-14 17:00:00,3850.31000000,6231.75000000,816.79000000,0.00000000,False
2021-02-14 17:05:00,3906.26000000,6751.47000000,572.21000000,0.00000000,False
2021-02-14 17:10:00,3955.78000000,6740.65000000,324.09000000,0.00000000,False
2021-02-14 17:15:00,3923.53000000,6496.82000000,324.08000000,0.00000000,False
2021-02-14 17:20:00,4009.82000000,6731.25000000,324.08000000,0.00000000,False
2021-02-14 17:25:00,3952.74000000,6594.31000000,324.08000000,0.00000000,False
2021-02-14 17:30:00,3772.14000000,6238.27000000,457.22000000,0.00000000,False
2021-02-14 17:35:00,3630.15000000,5659.21000000,410.19000000,0.00000000,False
2021-02-14 17:40:00,3759.30000000,5543.17000000,410.15000000,0.00000000,False
2021-02-14 17:45:00,3752.01000000,5383.74000000,324.09000000,0.00000000,False
2021-02-14 17:50:00,3606.97000000,4923.18000000,324.10000000,0.00000000,False
2021-02-14 17:55:00,3770.36000000,5011.26000000,248.99000000,0.00000000,False
2021-02-14 18:00:00,3940.62000000,5600.42000000,193.00000000,0.00000000,False
2021-02-14 18:05:00,4095.99000000,6052.82000000,193.00000000,0.00000000,False
2021-02-14 18:10:00,3914.47000000,6175.91000000,193.00000000,0.00000000,False
2021-02-14 18:15:00,3755.54000000,5954.17000000,265.00000000,0.00000000,False
2021-02-14 18:20:00,3762.49000000,5967.40000000,193.00000000,0.00000000,False
2021-02-14 18:25:00,3747.95000000,5753.04000000,193.00000000,0.00000000,False
2021-02-14 18:30:00,3734.68000000,5640.00000000,193.00000000,0.00000000,False
2021-02-14 18:35:00,3558.68000000,5197.99000000,193.00000000,0.00000000,False
2021-02-14 18:40:00,3660.35000000,5293.81000000,395.00000000,0.00000000,False
2021-02-14 18:45:00,3571.11000000,5125.32000000,395.00000000,0.00000000,False
2021-02-14 18:50:00,3582.32000000,5219.50000000,193.00000000,0.00000000,False
2021-02-14 18:55:00,3656.58000000,5161.79000000,193.00000000,0.00000000,False
2021-02-14 19:00:00,3673.84000000,4867.12000000,193.00000000,0.00000000,False
2021-02-14 19:05:00,3691.56000000,4909.73000000,238.00000000,0.00000000,False
2021-02-14 19:10:00,3563.55000000,4737.45000000,281.00000000,0.00000000,False
2021-02-14 19:15:00,3746.28000000,4980.19000000,371.00000000,0.00000000,False
2021-02-14 19:20:00,3798.28000000,5268.39000000,371.00000000,0.00000000,False
2021-02-14 19:25:00,3827.01000000,5399.47000000,371.00000000,0.00000000,False
2021-02-14 19:30:00,3774.94000000,5304.40000000,371.00000000,0.00000000,False
2021-02-14 19:35:00,3745.81000000,5378.74000000,371.00000000,0.00000000,False
2021-02-14 19:40:00,3734.58000000,5434.37000000,371.00000000,0.00000000,False
2021-02-14 19:45:00,3793.78000000,5328.25000000,371.00000000,0.00000000,False
2021-02-14 19:50:00,3576.85000000,4580.57000000,371.00000000,0.00000000,False
2021-02-14 19:55:00,3600.10000000,4348.13000000,380.90000000,0.00000000,False
2021-02-14 20:00:00,3646.35000000,4427.71000000,380.90000000,0.00000000,False
2021-02-14 20:05:00,3759.73000000,4723.15000000,380.90000000,0.00000000,False
2021-02-14 20:10:00,3789.05000000,4800.36000000,380.90000000,0.00000000,False
2021-02-14 20:15:00,3733.50000000,4585.32000000,335.90000000,0.00000000,False
2021-02-14 20:20:00,3767.77000000,4718.18000000,354.90000000,0.00000000,False
2021-02-14 20:25:00,3752.72000000,4822.47000000,354.90000000,0.00000000,False
2021-02-14 20:30:00,3659.49000000,4612.69000000,354.90000000,0.00000000,False
2021-02-14 20:35:00,3639.67000000,4577.10000000,354.90000000,0.00000000,False
2021-02-14 20:40:00,3647.69000000,4556.53000000,354.90000000,0.00000000,False
2021-02-14 20:45:00,3681.58000000,4747.69000000,354.90000000,0.00000000,False
2021-02-14 20:50:00,3875.99000000,5033.94000000,354.90000000,0.00000000,False
2021-02-14 20:55:00,3884.99000000,5027.23000000,405.90000000,0.00000000,False
2021-02-14 21:00:00,3521.24000000,4630.95000000,512.90000000,0.00000000,False
2021-02-14 21:05:00,3546.39000000,4634.62000000,512.90000000,0.00000000,False
2021-02-14 21:10:00,3726.19000000,5106.76000000,512.90000000,0.00000000,False
2021-02-14 21:15:00,3704.75000000,4972.64000000,512.90000000,0.00000000,False
2021-02-14 21:20:00,3662.36000000,4894.49000000,512.90000000,0.00000000,False
2021-02-14 21:25:00,3587.81000000,4699.54000000,512.90000000,0.00000000,False
2021-02-14 21:30:00,3727.93000000,4943.20000000,512.90000000,0.00000000,False
2021-02-14 21:35:00,3674.75000000,5022.06000000,649.90000000,0.00000000,False
2021-02-14 21:40:00,3677.42000000,5025.16000000,649.90000000,0.00000000,False
2021-02-14 21:45:00,3675.05000000,5120.72000000,649.90000000,0.00000000,False
2021-02-14 21:50:00,3658.16000000,4915.40000000,606.90000000,0.00000000,False
2021-02-14 21:55:00,3750.62000000,5096.52000000,606.90000000,0.00000000,False
2021-02-14 22:00:00,3780.44000000,5274.42000000,606.90000000,0.00000000,False
2021-02-14 22:05:00,3756.83000000,5256.35000000,606.90000000,0.00000000,False
2021-02-14 22:10:00,3722.70000000,5017.74000000,606.90000000,0.00000000,False
2021-02-14 22:15:00,3676.54000000,4921.75000000,606.90000000,0.00000000,False
2021-02-14 22:20:00,3652.95000000,4830.95000000,606.90000000,0.00000000,False
2021-02-14 22:25:00,3484.70000000,4572.61000000,785.42000000,0.00000000,False
2021-02-14 22:30:00,3448.56000000,4356.93000000,775.52000000,0.00000000,False
2021-02-14 22:35:00,3407.32000000,4227.29000000,730.52000000,0.00000000,False
2021-02-14 22:40:00,3404.02000000,4228.61000000,730.52000000,0.00000000,False
2021-02-14 22:45:00,3301.49000000,4004.70000000,694.13000000,0.00000000,False
2021-02-14 22:50:00,3346.93000000,4078.52000000,694.10000000,0.00000000,False
2021-02-14 22:55:00,3444.24000000,4488.26000000,535.69000000,0.00000000,False
2021-02-14 23:00:00,3413.82000000,4514.91000000,265.85000000,0.00000000,False
2021-02-14 23:05:00,3333.97000000,4192.30000000,311.83000000,0.00000000,False
2021-02-14 23:10:00,3310.62000000,4274.44000000,311.83000000,0.00000000,False
2021-02-14 23:15:00,3371.91000000,4063.92000000,311.81000000,0.00000000,False
2021-02-14 23:20:00,3152.84000000,3844.93000000,222.79000000,0.00000000,False
2021-02-14 23:25:00,2878.76000000,3631.22000000,127.79000000,0.00000000,False
2021-02-14 23:30:00,2882.26000000,3617.59000000,127.79000000,0.00000000,False
2021-02-14 23:35:00,2686.56000000,3419.25000000,127.77000000,0.00000000,False
2021-02-14 23:40:00,2484.94000000,3618.42000000,127.77000000,0.00000000,False
2021-02-14 23:45:00,2533.45000000,3774.35000000,127.77000000,0.00000000,False
2021-02-14 23:50:00,2730.78000000,3945.89000000,127.77000000,0.00000000,False
2021-02-14 23:55:00,2702.67000000,3902.01000000,127.75000000,0.00000000,False
2021-02-15 00:00:00,2550.55000000,3433.42000000,81.75000000,0.00000000,False
2021-02-15 00:05:00,2456.31000000,3269.60000000,81.73000000,0.00000000,False
2021-02-15 00:10:00,2083.31000000,2661.50000000,0.00000000,0.00000000,False
2021-02-15 00:15:00,2099.61000000,2608.06000000,0.00000000,0.00000000,False
2021-02-15 00:20:00,2165.57000000,2909.06000000,0.00000000,0.00000000,False
2021-02-15 00:25:00,2105.02000000,2753.07000000,0.00000000,0.00000000,False
2021-02-15 00:30:00,2099.26000000,2719.35000000,0.00000000,0.00000000,False
2021-02-15 00:35:00,2107.41000000,2809.69000000,0.00000000,0.00000000,False
2021-02-15 00:40:00,2127.64000000,2772.86000000,0.00000000,0.00000000,False
2021-02-15 00:45:00,2065.99000000,2490.03000000,0.00000000,0.00000000,False
2021-02-15 00:50:00,2075.87000000,2579.94000000,0.00000000,0.00000000,False
2021-02-15 00:55:00,1903.31000000,1950.85000000,0.00000000,0.00000000,False
2021-02-15 01:00:00,1781.46000000,1837.98000000,0.00000000,0.00000000,False
2021-02-15 01:05:00,1769.11000000,1577.36000000,0.00000000,0.00000000,False
2021-02-15 01:10:00,1687.35000000,1222.26000000,0.00000000,0.00000000,False
2021-02-15 01:15:00,1279.01000000,545.58000000,0.00000000,0.00000000,False
2021-02-15 01:20:00,1191.91000000,1106.34000000,0.00000000,0.00000000,False
2021-02-15 01:25:00,1028.80000000,709.43000000,0.00000000,0.00000000,False
2021-02-15 01:30:00,1486.74000000,1608.19000000,0.00000000,0.00000000,False
2021-02-15 01:35:00,1582.63000000,2355.43000000,0.00000000,992.60840000,False
2021-02-15 01:40:00,1279.46000000,2041.71000000,0.00000000,1194.72800000,False
2021-02-15 01:45:00,1346.31000000,1605.03000000,0.00000000,0.00000000,False
2021-02-15 01:50:00,1308.18000000,1595.29000000,0.00000000,0.00000000,False
2021-02-15 01:55:00,917.81000000,1840.21000000,0.00000000,0.00000000,False
2021-02-15 02:00:00,2105.94000000,3210.99000000,0.00000000,0.00000000,False
2021-02-15 02:05:00,2068.88000000,2840.43000000,0.00000000,9.18660000,False
2021-02-15 02:10:00,2812.68000000,3951.55000000,126.90000000,67.90190000,False
2021-02-15 02:15:00,2818.01000000,4282.85000000,26.90000000,1030.98880000,False
2021-02-15 02:20:00,2708.85000000,3840.11000000,26.90000000,389.22630000,False
2021-02-15 02:25:00,3357.44000000,4781.45000000,26.90000000,1769.48770000,False
2021-02-15 02:30:00,3226.79000000,4861.79000000,26.90000000,1810.33360000,False
2021-02-15 02:35:00,3019.73000000,4793.83000000,26.90000000,1785.88340000,False
2021-02-15 02:40:00,2916.75000000,4556.26000000,26.90000000,332.72950000,False
2021-02-15 02:45:00,2769.53000000,4722.98000000,26.90000000,109.35960000,False
2021-02-15 02:50:00,2474.70000000,3793.35000000,26.90000000,0.00000000,False
2021-02-15 02:55:00,2505.36000000,3790.64000000,26.90000000,119.60210000,False
2021-02-15 03:00:00,2631.38000000,3778.60000000,26.90000000,1291.78640000,False
2021-02-15 03:05:00,2627.98000000,3607.88000000,77.90000000,1248.62630000,False
2021-02-15 03:10:00,2661.22000000,3732.43000000,26.90000000,1913.52000000,False
2021-02-15 03:15:00,2674.68000000,3823.63000000,26.90000000,547.21780000,False
2021-02-15 03:20:00,2720.55000000,3825.51000000,26.90000000,1343.21660000,False
2021-02-15 03:25:00,2672.95000000,3888.07000000,25.01000000,1957.10570000,False
2021-02-15 03:30:00,2665.32000000,3674.85000000,26.10000000,3780.85160000,False
2021-02-15 03:35:00,2572.26000000,3572.79000000,26.10000000,1711.28610000,False
2021-02-15 03:40:00,2553.56000000,3365.04000000,26.08000000,82.19850000,False
2021-02-15 03:45:00,2550.97000000,3326.74000000,26.08000000,1276.96370000,False
2021-02-15 03:50:00,2373.38000000,3194.25000000,26.05000000,1212.44820000,False
2021-02-15 03:55:00,2127.58000000,2721.82000000,0.00000000,62.15180000,False
2021-02-15 04:00:00,1876.72000000,2508.97000000,0.00000000,0.00000000,False
2021-02-15 04:05:00,1678.03000000,2299.63000000,0.00000000,0.00000000,False
2021-02-15 04:10:00,1626.54000000,2116.23000000,0.00000000,0.00000000,False
2021-02-15 04:15:00,1530.75000000,2075.51000000,0.00000000,0.00000000,False
2021-02-15 04:20:00,1456.84000000,2005.79000000,0.00000000,0.00000000,False
2021-02-15 04:25:00,1234.58000000,1719.16000000,0.00000000,0.00000000,False
2021-02-15 04:30:00,1089.13000000,1242.41000000,0.00000000,0.00000000,False
2021-02-15 04:35:00,1021.75000000,1220.35000000,0.00000000,0.00000000,False
2021-02-15 04:40:00,1052.51000000,1175.08000000,0.00000000,0.00000000,False
2021-02-15 04:45:00,1086.72000000,1223.43000000,0.00000000,0.00000000,False
2021-02-15 04:50:00,1303.55000000,1582.97000000,0.00000000,0.00000000,False
2021-02-15 04:55:00,1123.00000000,1137.75000000,0.00000000,0.00000000,False
2021-02-15 05:00:00,1003.63000000,1104.18000000,0.00000000,0.00000000,False
2021-02-15 05:05:00,1063.99000000,1197.70000000,0.00000000,0.00000000,False
2021-02-15 05:10:00,834.73000000,824.17000000,0.00000000,0.00000000,False
2021-02-15 05:15:00,1246.00000000,1546.03000000,0.00000000,0.00000000,False
2021-02-15 05:20:00,1437.53000000,1797.46000000,0.00000000,0.00000000,False
2021-02-15 05:25:00,1155.65000000,1789.94000000,0.00000000,0.00000000,False
2021-02-15 05:30:00,1520.94000000,2414.90000000,0.00000000,0.00000000,False
2021-02-15 05:35:00,1686.45000000,2701.94000000,0.00000000,0.00000000,False
2021-02-15 05:40:00,1640.53000000,2594.85000000,0.00000000,0.00000000,False
2021-02-15 05:45:00,1469.21000000,2309.11000000,0.00000000,0.00000000,False
2021-02-15 05:50:00,1480.24000000,2244.05000000,0.00000000,0.00000000,False
2021-02-15 05:55:00,1317.14000000,2031.97000000,0.00000000,0.00000000,False
2021-02-15 06:00:00,1789.92000000,2744.84000000,0.00000000,0.00000000,False
2021-02-15 06:05:00,1621.60000000,2549.56000000,0.00000000,0.00000000,False
2021-02-15 06:10:00,1772.67000000,2595.18000000,0.00000000,0.00000000,False
2021-02-15 06:15:00,1629.15000000,2359.64000000,0.00000000,0.00000000,False
2021-02-15 06:20:00,1581.46000000,1947.26000000,0.00000000,0.00000000,False
2021-02-15 06:25:00,1299.65000000,1664.50000000,0.00000000,0.00000000,False
2021-02-15 06:30:00,941.01000000,892.01000000,0.00000000,0.00000000,False
2021-02-15 06:35:00,1065.26000000,1304.27000000,0.00000000,0.00000000,False
2021-02-15 06:40:00,1124.25000000,1715.63000000,0.00000000,0.00000000,False
2021-02-15 06:45:00,1432.66000000,1948.28000000,0.00000000,0.00000000,False
2021-02-15 06:50:00,1375.92000000,1991.56000000,0.00000000,0.00000000,False
2021-02-15 06:55:00,1324.03000000,1773.91000000,0.00000000,0.00000000,False
2021-02-15 07:00:00,1319.52000000,1654.88000000,0.00000000,0.00000000,False
2021-02-15 07:05:00,1235.70000000,1412.54000000,0.00000000,0.00000000,False
2021-02-15 07:10:00,1447.67000000,1978.37000000,0.00000000,0.00000000,False
2021-02-15 07:15:00,1481.78000000,1911.30000000,0.00000000,0.00000000,False
2021-02-15 07:20:00,1506.11000000,2051.97000000,0.00000000,0.00000000,False
2021-02-15 07:25:00,1638.65000000,2159.19000000,0.00000000,972.36670000,False
2021-02-15 07:30:00,1221.12000000,1278.96000000,0.00000000,0.00000000,False
2021-02-15 07:35:00,1163.93000000,1171.94000000,0.00000000,0.00000000,False
2021-02-15 07:40:00,1073.30000000,960.88000000,0.00000000,0.00000000,False
2021-02-15 07:45:00,987.62000000,1000.97000000,0.00000000,0.00000000,False
2021-02-15 07:50:00,888.22000000,1125.53000000,0.00000000,0.00000000,False
2021-02-15 07:55:00,1063.47000000,1115.19000000,0.00000000,0.00000000,False
2021-02-15 08:00:00,1055.22000000,1132.60000000,0.00000000,0.00000000,False
2021-02-15 08:05:00,1295.81000000,1436.29000000,0.00000000,0.00000000,False
2021-02-15 08:10:00,1507.10000000,2040.92000000,0.00000000,1378.33130000,False
2021-02-15 08:15:00,1703.44000000,2288.75000000,0.00000000,1945.37280000,False
2021-02-15 08:20:00,1883.61000000,2428.23000000,0.00000000,2185.98880000,False
2021-02-15 08:25:00,1830.05000000,2518.57000000,0.00000000,2426.57030000,False
2021-02-15 08:30:00,1685.24000000,2393.29000000,0.00000000,2161.28250000,False
2021-02-15 08:35:00,1486.74000000,2166.50000000,0.00000000,1608.57690000,False
2021-02-15 08:40:00,1484.21000000,1987.69000000,0.00000000,0.00020000,False
2021-02-15 08:45:00,1535.37000000,2052.66000000,0.00000000,1708.43750000,False
2021-02-15 08:50:00,1685.81000000,2323.00000000,0.00000000,2613.28300000,False
2021-02-15 08:55:00,1554.68000000,1967.17000000,0.00000000,0.00000000,False
2021-02-15 09:00:00,1511.47000000,1950.14000000,0.00000000,0.00000000,False
2021-02-15 09:05:00,1513.54000000,1985.61000000,0.00000000,0.00000000,False
2021-02-15 09:10:00,1774.15000000,2439.18000000,0.00000000,2860.46900000,False
2021-02-15 09:15:00,1696.20000000,2216.22000000,0.00000000,1993.58790000,False
2021-02-15 09:20:00,1695.82000000,2367.25000000,0.00000000,2325.80270000,False
2021-02-15 09:25:00,1719.06000000,2617.74000000,0.00000000,2622.62450000,False
2021-02-15 09:30:00,1792.32000000,2677.48000000,0.00000000,3130.52610000,False
2021-02-15 09:35:00,1938.48000000,2907.50000000,0.00000000,4111.48730000,False
2021-02-15 09:40:00,2080.25000000,3251.00000000,0.00000000,2042.10680000,False
2021-02-15 09:45:00,2074.90000000,2982.93000000,0.00000000,2087.84740000,False
2021-02-15 09:50:00,1911.33000000,2672.88000000,0.00000000,3457.07250000,False
2021-02-15 09:55:00,1759.79000000,2546.11000000,0.00000000,3070.88990000,False
2021-02-15 10:00:00,1854.90000000,2958.88000000,0.00000000,4153.63670000,False
2021-02-15 10:05:00,2188.73000000,3388.99000000,0.00000000,2330.45560000,False
2021-02-15 10:10:00,2210.53000000,3484.24000000,0.00000000,2352.25270000,False
2021-02-15 10:15:00,2096.16000000,3356.38000000,0.00000000,2401.28760000,False
2021-02-15 10:20:00,2118.43000000,3266.32000000,0.00000000,3111.72270000,False
2021-02-15 10:25:00,2056.10000000,3021.60000000,0.00000000,3909.98880000,False
2021-02-15 10:30:00,2205.55000000,3306.19000000,0.00000000,3197.77830000,False
2021-02-15 10:35:00,2228.83000000,3850.15000000,0.00000000,1127.67680000,False
2021-02-15 10:40:00,2204.63000000,3746.92000000,0.00000000,1039.91780000,False
2021-02-15 10:45:00,2237.17000000,4076.67000000,0.00000000,444.10070000,False
2021-02-15 10:50:00,2169.83000000,3991.76000000,0.00000000,499.34030000,False
2021-02-15 10:55:00,2175.05000000,3807.43000000,0.00000000,1276.14670000,False
2021-02-15 11:00:00,2396.67000000,4116.55000000,73.06000000,415.87520000,False
2021-02-15 11:05:00,2491.82000000,4273.28000000,73.06000000,377.93100000,False
2021-02-15 11:10:00,2396.41000000,4303.74000000,72.40000000,409.26370000,False
2021-02-15 11:15:00,2373.68000000,4104.33000000,76.28000000,378.21630000,False
2021-02-15 11:20:00,2401.81000000,4242.04000000,28.19000000,327.38180000,False
2021-02-15 11:25:00,2443.89000000,4412.71000000,28.40000000,313.72380000,False
2021-02-15 11:30:00,2451.85000000,4343.55000000,28.51000000,361.35220000,False
2021-02-15 11:35:00,2353.26000000,4280.54000000,25.06000000,329.79300000,False
2021-02-15 11:40:00,2536.77000000,4798.42000000,25.06000000,236.08830000,False
2021-02-15 11:45:00,2539.13000000,4888.43000000,25.06000000,162.26140000,False
2021-02-15 11:50:00,2645.03000000,5116.97000000,65.06000000,218.61020000,False
2021-02-15 11:55:00,2504.41000000,4788.67000000,65.06000000,200.56300000,False
2021-02-15 12:00:00,2641.63000000,4938.34000000,65.06000000,219.94290000,False
2021-02-15 12:05:00,2764.15000000,4794.11000000,65.06000000,388.89290000,False
2021-02-15 12:10:00,2563.96000000,4548.67000000,65.06000000,2145.83110000,False
2021-02-15 12:15:00,2546.15000000,4158.14000000,65.06000000,1510.42630000,False
2021-02-15 12:20:00,2559.00000000,4506.25000000,65.06000000,2088.22460000,False
2021-02-15 12:25:00,2743.88000000,5016.46000000,65.06000000,661.21510000,False
2021-02-15 12:30:00,2767.16000000,5224.64000000,65.06000000,444.78980000,False
2021-02-15 12:35:00,2696.87000000,5117.95000000,65.06000000,462.29360000,False
2021-02-15 12:40:00,2695.49000000,5287.95000000,65.06000000,379.35990000,False
2021-02-15 12:45:00,2665.96000000,5267.81000000,65.06000000,307.35470000,False
2021-02-15 12:50:00,2879.76000000,5738.58000000,65.06000000,348.82920000,False
2021-02-15 12:55:00,2714.77000000,5081.74000000,65.06000000,354.93680000,False
2021-02-15 13:00:00,2687.23000000,4895.68000000,65.06000000,468.98330000,False
2021-02-15 13:05:00,2704.39000000,4851.20000000,65.06000000,354.40160000,False
2021-02-15 13:10:00,2708.62000000,5058.39000000,65.06000000,246.14030000,False
2021-02-15 13:15:00,2767.29000000,5134.10000000,65.06000000,243.53720000,False
2021-02-15 13:20:00,2781.16000000,5544.50000000,65.06000000,376.51870000,False
2021-02-15 13:25:00,2883.67000000,5728.49000000,65.06000000,325.38730000,False
2021-02-15 13:30:00,2953.09000000,5927.40000000,65.06000000,277.01460000,False
2021-02-15 13:35:00,2971.14000000,5657.46000000,65.06000000,299.49380000,False
2021-02-15 13:40:00,2846.24000000,5281.95000000,65.06000000,282.59120000,False
2021-02-15 13:45:00,2815.32000000,5093.16000000,65.06000000,299.71810000,False
2021-02-15 13:50:00,2862.57000000,5154.63000000,65.06000000,290.58200000,False
2021-02-15 13:55:00,2946.73000000,5659.03000000,65.06000000,242.07910000,False
2021-02-15 14:00:00,2988.27000000,5938.80000000,65.06000000,180.35830000,False
2021-02-15 14:05:00,2930.20000000,5605.72000000,65.06000000,264.62060000,False
2021-02-15 14:10:00,2756.53000000,5330.78000000,113.06000000,349.30550000,False
2021-02-15 14:15:00,2414.12000000,4531.49000000,113.06000000,329.42240000,False
2021-02-15 14:20:00,2680.20000000,4766.17000000,113.06000000,276.25920000,False
2021-02-15 14:25:00,2756.47000000,5039.58000000,73.06000000,271.91750000,False
2021-02-15 14:30:00,2800.80000000,5216.30000000,73.06000000,212.41280000,False
2021-02-15 14:35:00,2997.74000000,5289.53000000,73.06000000,212.09520000,False
2021-02-15 14:40:00,2981.51000000,5345.01000000,72.96000000,215.13890000,False
2021-02-15 14:45:00,2999.47000000,5375.86000000,72.96000000,207.09860000,False
2021-02-15 14:50:00,3016.66000000,5390.21000000,72.95000000,211.04760000,False
2021-02-15 14:55:00,3025.51000000,5346.45000000,24.95000000,219.54930000,False
2021-02-15 15:00:00,2814.91000000,5002.24000000,24.95000000,160.56290000,False
2021-02-15 15:05:00,2696.63000000,4609.66000000,24.95000000,201.08070000,False
2021-02-15 15:10:00,2506.47000000,4334.63000000,24.95000000,270.41380000,False
2021-02-15 15:15:00,2381.14000000,3939.05000000,72.95000000,65.59770000,False
2021-02-15 15:20:00,2350.86000000,3786.54000000,72.95000000,36.60580000,False
2021-02-15 15:25:00,2244.48000000,3578.94000000,0.00000000,61.61130000,False
2021-02-15 15:30:00,2526.65000000,3924.86000000,72.95000000,62.54870000,False
2021-02-15 15:35:00,2382.79000000,3644.77000000,72.95000000,42.66420000,False
2021-02-15 15:40:00,2393.18000000,3606.28000000,72.95000000,37.68540000,False
2021-02-15 15:45:00,2217.11000000,3333.33000000,0.00000000,3.48710000,False
2021-02-15 15:50:00,2267.14000000,3327.41000000,0.00000000,95.37480000,False
2021-02-15 15:55:00,2229.34000000,3089.38000000,0.00000000,0.00000000,False
2021-02-15 16:00:00,2183.25000000,2885.86000000,0.00000000,104.30470000,False
2021-02-15 16:05:00,2233.41000000,3107.95000000,0.00000000,336.56040000,False
2021-02-15 16:10:00,2396.29000000,3376.11000000,72.95000000,89.81520000,False
2021-02-15 16:15:00,2404.71000000,3435.89000000,72.95000000,52.73160000,False
2021-02-15 16:20:00,2294.74000000,3129.18000000,0.00000000,0.00000000,False
2021-02-15 16:25:00,2221.83000000,2766.47000000,0.00000000,0.00000000,False
2021-02-15 16:30:00,2159.37000000,2795.10000000,0.00000000,0.00000000,False
2021-02-15 16:35:00,2282.93000000,3074.49000000,0.00000000,0.00000000,False
2021-02-15 16:40:00,2141.65000000,2773.93000000,0.00000000,0.00000000,False
2021-02-15 16:45:00,2163.92000000,2539.62000000,0.00000000,0.00000000,False
2021-02-15 16:50:00,2138.85000000,2670.64000000,0.00000000,0.00000000,False
2021-02-15 16:55:00,2090.32000000,2400.68000000,0.00000000,0.00000000,False
2021-02-15 17:00:00,2104.37000000,2351.79000000,0.00000000,0.00000000,False
2021-02-15 17:05:00,1685.28000000,1479.67000000,0.00000000,0.00000000,False
2021-02-15 17:10:00,1688.25000000,1461.96000000,0.00000000,0.00000000,False
2021-02-15 17:15:00,1312.74000000,990.20000000,0.00000000,0.00000000,False
2021-02-15 17:20:00,1157.68000000,863.02000000,0.00000000,0.00000000,False
2021-02-15 17:25:00,1172.21000000,969.47000000,0.00000000,0.00000000,False
2021-02-15 17:30:00,1254.47000000,1408.41000000,0.00000000,0.00000000,False
2021-02-15 17:35:00,1473.74000000,1691.72000000,0.00000000,0.00000000,False
2021-02-15 17:40:00,2149.71000000,2519.69000000,0.00000000,0.00000000,False
2021-02-15 17:45:00,2177.51000000,2562.79000000,0.00000000,0.00000000,False
2021-02-15 17:50:00,2366.07000000,2665.39000000,24.88000000,516.83410000,False
2021-02-15 17:55:00,2229.48000000,2303.36000000,0.00000000,0.00000000,False
2021-02-15 18:00:00,2034.58000000,2066.50000000,0.00000000,0.00000000,False
2021-02-15 18:05:00,2015.71000000,2245.80000000,0.00000000,0.00000000,False
2021-02-15 18:10:00,1815.75000000,1932.55000000,0.00000000,0.00000000,False
2021-02-15 18:15:00,1666.15000000,1419.91000000,0.00000000,0.00000000,False
2021-02-15 18:20:00,1659.86000000,1414.46000000,0.00000000,0.00000000,False
2021-02-15 18:25:00,1284.49000000,1044.39000000,0.00000000,0.00000000,False
2021-02-15 18:30:00,1017.35000000,832.89000000,0.00000000,0.00000000,False
2021-02-15 18:35:00,1032.54000000,928.22000000,0.00000000,0.00000000,False
2021-02-15 18:40:00,1131.43000000,1273.77000000,0.00000000,0.00000000,False
2021-02-15 18:45:00,1092.03000000,1164.52000000,0.00000000,0.00000000,False
2021-02-15 18:50:00,1296.58000000,1863.15000000,0.00000000,0.00000000,False
2021-02-15 18:55:00,1323.71000000,1776.49000000,0.00000000,0.00000000,False
2021-02-15 19:00:00,1356.79000000,1879.34000000,0.00000000,0.00000000,False
2021-02-15 19:05:00,1606.30000000,2303.35000000,0.00000000,0.00000000,False
2021-02-15 19:10:00,1596.10000000,2392.50000000,0.00000000,0.00000000,False
2021-02-15 19:15:00,1616.71000000,2299.99000000,0.00000000,0.00000000,False
2021-02-15 19:20:00,1693.02000000,2422.60000000,0.00000000,0.00000000,False
2021-02-15 19:25:00,1704.95000000,2325.57000000,0.00000000,0.00000000,False
2021-02-15 19:30:00,2084.73000000,2711.96000000,0.00000000,0.00000000,False
2021-02-15 19:35:00,2356.81000000,3128.74000000,250.78000000,75.42550000,False
2021-02-15 19:40:00,2377.29000000,3144.82000000,250.78000000,37.49430000,False
2021-02-15 19:45:00,2484.28000000,3242.70000000,81.28000000,0.00000000,False
2021-02-15 19:50:00,2457.73000000,3155.55000000,24.78000000,0.00000000,False
2021-02-15 19:55:00,2501.41000000,3351.86000000,24.78000000,0.00000000,False
2021-02-15 20:00:00,2464.94000000,3424.87000000,24.78000000,0.00000000,False
2021-02-15 20:05:00,2439.55000000,3152.48000000,24.78000000,24.58950000,False
2021-02-15 20:10:00,2405.92000000,3058.63000000,24.78000000,0.00000000,False
2021-02-15 20:15:00,2353.02000000,3097.98000000,24.76000000,0.00000000,False
2021-02-15 20:20:00,2420.59000000,3262.19000000,24.76000000,0.00000000,False
2021-02-15 20:25:00,2338.95000000,3155.08000000,24.76000000,0.00000000,False
2021-02-15 20:30:00,2415.45000000,3200.99000000,24.76000000,0.00000000,False
2021-02-15 20:35:00,2753.86000000,3735.63000000,24.76000000,164.22680000,False
2021-02-15 20:40:00,2618.27000000,3689.56000000,24.76000000,0.00000000,False
2021-02-15 20:45:00,2479.43000000,3509.50000000,24.76000000,0.00000000,False
2021-02-15 20:50:00,2371.64000000,3396.53000000,24.76000000,0.00000000,False
2021-02-15 20:55:00,2191.33000000,3062.20000000,0.00000000,0.00000000,False
2021-02-15 21:00:00,2183.73000000,3249.31000000,0.00000000,0.00000000,False
2021-02-15 21:05:00,2293.29000000,3340.25000000,0.00000000,0.00000000,False
2021-02-15 21:10:00,2090.86000000,2984.82000000,0.00000000,0.00000000,False
2021-02-15 21:15:00,1994.08000000,2833.14000000,0.00000000,0.00000000,False
2021-02-15 21:20:00,1762.44000000,2523.65000000,0.00000000,0.00000000,False
2021-02-15 21:25:00,1795.83000000,2357.29000000,0.00000000,0.00000000,False
2021-02-15 21:30:00,1796.99000000,2356.13000000,0.00000000,0.00000000,False
2021-02-15 21:35:00,1541.05000000,1918.52000000,0.00000000,0.00000000,False
2021-02-15 21:40:00,1449.63000000,1823.76000000,0.00000000,0.00000000,False
2021-02-15 21:45:00,1416.99000000,1652.19000000,0.00000000,0.00000000,False
2021-02-15 21:50:00,1286.04000000,1631.06000000,0.00000000,0.00000000,False
2021-02-15 21:55:00,1198.05000000,1771.38000000,0.00000000,0.00000000,False
2021-02-15 22:00:00,1247.70000000,2008.19000000,0.00000000,0.00000000,False
2021-02-15 22:05:00,1636.40000000,2561.10000000,0.00000000,144.82180000,False
2021-02-15 22:10:00,1791.35000000,2791.91000000,0.00000000,91.64840000,False
2021-02-15 22:15:00,1842.46000000,2684.44000000,0.00000000,3612.10130000,False
2021-02-15 22:20:00,1677.73000000,2437.77000000,0.00000000,2186.31760000,False
2021-02-15 22:25:00,1613.11000000,2352.98000000,0.00000000,2018.65750000,False
2021-02-15 22:30:00,1757.75000000,2629.13000000,0.00000000,3402.81250000,False
2021-02-15 22:35:00,1997.15000000,3038.34000000,0.00000000,4480.76710000,False
2021-02-15 22:40:00,2154.65000000,3224.41000000,0.00000000,5098.43120000,False
2021-02-15 22:45:00,2118.19000000,3091.96000000,0.00000000,4384.15530000,False
2021-02-15 22:50:00,2069.40000000,3032.90000000,0.00000000,4559.10060000,False
2021-02-15 22:55:00,1972.64000000,2950.00000000,0.00000000,3005.12400000,False
2021-02-15 23:00:00,1876.37000000,2686.45000000,0.00000000,1579.30000000,False
2021-02-15 23:05:00,1975.73000000,2867.77000000,0.00000000,2875.55860000,False
2021-02-15 23:10:00,2094.21000000,2971.03000000,0.00000000,4100.63770000,False
2021-02-15 23:15:00,2100.27000000,2909.83000000,0.00000000,3111.80100000,False
2021-02-15 23:20:00,2168.93000000,3015.35000000,0.00000000,4513.49950000,False
2021-02-15 23:25:00,2155.37000000,2965.28000000,0.00000000,3214.43290000,False
2021-02-15 23:30:00,2102.39000000,2990.02000000,0.00000000,3332.36180000,False
2021-02-15 23:35:00,2321.69000000,3222.43000000,24.50000000,5200.75780000,False
2021-02-15 23:40:00,2258.10000000,3024.87000000,0.00000000,4615.81300000,False
2021-02-15 23:45:00,2391.65000000,3227.51000000,116.50000000,4787.71040000,False
2021-02-15 23:50:00,2374.55000000,3340.71000000,24.50000000,5156.81050000,False
2021-02-15 23:55:00,2469.05000000,3360.00000000,24.50000000,5251.99220000,False
2021-02-16 00:00:00,2522.46000000,3455.60000000,24.50000000,5664.75880000,False
2021-02-16 00:05:00,2484.68000000,3447.85000000,24.50000000,5677.36080000,False
2021-02-16 00:10:00,2577.89000000,3644.84000000,24.50000000,6013.70850000,False
2021-02-16 00:15:00,2466.38000000,3499.24000000,24.50000000,5749.19240000,False
2021-02-16 00:20:00,2472.46000000,3495.80000000,24.50000000,5737.47020000,False
2021-02-16 00:25:00,2458.52000000,3384.53000000,24.50000000,5508.51320000,False
2021-02-16 00:30:00,2495.45000000,3458.45000000,24.50000000,5656.16700000,False
2021-02-16 00:35:00,2513.87000000,3452.99000000,24.50000000,5643.51560000,False
2021-02-16 00:40:00,2297.84000000,3061.27000000,0.00000000,4603.89550000,False
2021-02-16 00:45:00,2251.26000000,3041.85000000,0.00000000,4276.43750000,False
2021-02-16 00:50:00,2224.18000000,2918.11000000,0.00000000,3197.09160000,False
2021-02-16 00:55:00,2316.91000000,2963.19000000,24.50000000,4109.33890000,False
2021-02-16 01:00:00,2291.65000000,2986.23000000,0.00000000,3794.26560000,False
2021-02-16 01:05:00,2156.89000000,2850.41000000,0.00000000,2930.57860000,False
2021-02-16 01:10:00,2224.13000000,2998.97000000,0.00000000,3347.95120000,False
2021-02-16 01:15:00,2258.56000000,3052.06000000,0.00000000,4095.09030000,False
2021-02-16 01:20:00,2208.04000000,3118.11000000,0.00000000,4244.37450000,False
2021-02-16 01:25:00,2190.01000000,3020.04000000,0.00000000,4486.11230000,False
2021-02-16 01:30:00,2362.04000000,3312.58000000,24.50000000,5302.74710000,False
2021-02-16 01:35:00,2381.80000000,3409.96000000,24.50000000,5484.05130000,False
2021-02-16 01:40:00,2263.60000000,3278.99000000,0.00000000,5161.07620000,False
2021-02-16 01:45:00,2234.96000000,3224.60000000,0.00000000,5052.59380000,False
2021-02-16 01:50:00,2412.36000000,3406.76000000,24.50000000,5542.79740000,False
2021-02-16 01:55:00,2427.39000000,3339.13000000,24.50000000,5376.93800000,False
2021-02-16 02:00:00,2296.61000000,3164.96000000,0.00000000,4908.94970000,False
2021-02-16 02:05:00,1812.29000000,2429.90000000,0.00000000,11.35550000,False
2021-02-16 02:10:00,1841.50000000,2437.63000000,0.00000000,0.00000000,False
2021-02-16 02:15:00,1848.54000000,2425.11000000,0.00000000,0.00000000,False
2021-02-16 02:20:00,1876.61000000,2352.95000000,0.00000000,0.00000000,False
2021-02-16 02:25:00,1997.91000000,2636.34000000,0.00000000,760.40410000,False
2021-02-16 02:30:00,2119.55000000,2950.22000000,0.00000000,3113.91700000,False
2021-02-16 02:35:00,2095.49000000,3002.97000000,0.00000000,3990.02730000,False
2021-02-16 02:40:00,2220.43000000,3166.56000000,0.00000000,4969.65970000,False
2021-02-16 02:45:00,2184.12000000,3134.27000000,0.00000000,4816.75780000,False
2021-02-16 02:50:00,2268.84000000,3290.29000000,0.00000000,5272.30130000,False
2021-02-16 02:55:00,2254.99000000,3533.59000000,0.00000000,5078.36080000,False
2021-02-16 03:00:00,1921.44000000,3027.68000000,0.00000000,0.00000000,False
2021-02-16 03:05:00,1774.39000000,2817.89000000,0.00000000,0.00000000,False
2021-02-16 03:10:00,1804.22000000,2712.98000000,0.00000000,0.00000000,False
2021-02-16 03:15:00,1795.47000000,2813.17000000,0.00000000,0.00000000,False
2021-02-16 03:20:00,1709.67000000,2666.98000000,0.00000000,0.00000000,False
2021-02-16 03:25:00,1736.58000000,2684.53000000,0.00000000,0.00000000,False
2021-02-16 03:30:00,1636.18000000,2475.05000000,0.00000000,20.34670000,False
2021-02-16 03:35:00,1642.37000000,2523.42000000,0.00000000,694.11380000,False
2021-02-16 03:40:00,1473.43000000,2135.66000000,0.00000000,0.00000000,False
2021-02-16 03:45:00,1356.00000000,1943.51000000,0.00000000,0.00000000,False
2021-02-16 03:50:00,1305.78000000,1946.07000000,0.00000000,0.00000000,False
2021-02-16 03:55:00,1449.17000000,2048.97000000,0.00000000,428.04040000,False
2021-02-16 04:00:00,1303.47000000,1654.14000000,0.00000000,0.00000000,False
2021-02-16 04:05:00,938.38000000,893.18000000,0.00000000,0.00000000,False
2021-02-16 04:10:00,812.01000000,840.35000000,0.00000000,0.00000000,False
2021-02-16 04:15:00,1128.98000000,1683.86000000,0.00000000,0.00020000,False
2021-02-16 04:20:00,1525.95000000,2180.03000000,0.00000000,2374.58060000,False
2021-02-16 04:25:00,1636.51000000,2402.90000000,0.00000000,2993.04150000,False
2021-02-16 04:30:00,1757.27000000,2521.91000000,0.00000000,3255.05470000,False
2021-02-16 04:35:00,1835.40000000,2614.29000000,0.00000000,3543.46240000,False
2021-02-16 04:40:00,1834.05000000,2457.01000000,0.00000000,3068.71070000,False
2021-02-16 04:45:00,1772.17000000,2365.75000000,0.00000000,2694.42380000,False
2021-02-16 04:50:00,1721.01000000,2307.20000000,0.00000000,2169.95650000,False
2021-02-16 04:55:00,1700.85000000,2268.49000000,0.00000000,1810.64940000,False
2021-02-16 05:00:00,1649.49000000,2031.38000000,0.00000000,17.70750000,False
2021-02-16 05:05:00,1633.00000000,1920.33000000,0.00000000,0.00000000,False
2021-02-16 05:10:00,1736.17000000,1970.82000000,0.00000000,0.00000000,False
2021-02-16 05:15:00,1824.38000000,2178.36000000,0.00000000,1611.96170000,False
2021-02-16 05:20:00,1728.78000000,2107.54000000,0.00000000,917.10330000,False
2021-02-16 05:25:00,1844.71000000,2302.23000000,0.00000000,2002.63280000,False
2021-02-16 05:30:00,1856.87000000,2473.76000000,0.00000000,3150.09570000,False
2021-02-16 05:35:00,1803.58000000,2378.52000000,0.00000000,2833.21830000,False
2021-02-16 05:40:00,1822.68000000,2445.38000000,0.00000000,3016.35280000,False
2021-02-16 05:45:00,1872.19000000,2454.68000000,0.00000000,2660.92020000,False
2021-02-16 05:50:00,1943.97000000,2468.42000000,0.00000000,2978.30620000,False
2021-02-16 05:55:00,2116.74000000,2583.70000000,0.00000000,2932.41650000,False
2021-02-16 06:00:00,2076.25000000,2765.59000000,0.00000000,3404.42530000,False
2021-02-16 06:05:00,2094.63000000,2460.82000000,0.00000000,1631.85450000,False
2021-02-16 06:10:00,2040.67000000,2208.16000000,0.00000000,3.14580000,False
2021-02-16 06:15:00,1992.58000000,1995.13000000,0.00000000,0.00000000,False
2021-02-16 06:20:00,2006.76000000,2098.15000000,0.00000000,0.00000000,False
2021-02-16 06:25:00,2144.50000000,2350.63000000,0.00000000,1186.76990000,False
2021-02-16 06:30:00,1931.20000000,2052.48000000,0.00000000,0.00000000,False
2021-02-16 06:35:00,2007.75000000,2153.44000000,0.00000000,0.00000000,False
2021-02-16 06:40:00,1740.36000000,1611.75000000,0.00000000,0.00000000,False
2021-02-16 06:45:00,1646.88000000,1451.13000000,0.00000000,0.00000000,False
2021-02-16 06:50:00,1455.42000000,1373.99000000,0.00000000,0.00000000,False
2021-02-16 06:55:00,1416.85000000,1395.67000000,0.00000000,0.00000000,False
2021-02-16 07:00:00,1385.29000000,1576.44000000,0.00000000,0.00000000,False
2021-02-16 07:05:00,1392.32000000,1693.00000000,0.00000000,0.00000000,False
2021-02-16 07:10:00,1453.83000000,1807.72000000,0.00000000,0.00000000,False
2021-02-16 07:15:00,1536.17000000,2225.30000000,0.00000000,32.12360000,False
2021-02-16 07:20:00,1545.74000000,2261.09000000,0.00000000,23.13410000,False
2021-02-16 07:25:00,1560.48000000,2187.96000000,0.00000000,21.73050000,False
2021-02-16 07:30:00,1441.76000000,1946.75000000,0.00000000,0.00000000,False
2021-02-16 07:35:00,1330.22000000,1708.84000000,0.00000000,0.00000000,False
2021-02-16 07:40:00,1239.94000000,1703.62000000,0.00000000,0.00000000,False
2021-02-16 07:45:00,850.97000000,1339.79000000,0.00000000,0.00000000,False
2021-02-16 07:50:00,893.97000000,1408.98000000,0.00000000,0.00000000,False
2021-02-16 07:55:00,840.71000000,1488.26000000,0.00000000,0.00000000,False
2021-02-16 08:00:00,747.10000000,1404.66000000,0.00000000,0.00000000,False
2021-02-16 08:05:00,944.68000000,1671.75000000,0.00000000,0.00000000,False
2021-02-16 08:10:00,1058.18000000,1809.43000000,0.00000000,0.00000000,False
2021-02-16 08:15:00,1328.13000000,2180.72000000,0.00000000,2405.21260000,False
2021-02-16 08:20:00,1506.33000000,2424.17000000,0.00000000,3135.01370000,False
2021-02-16 08:25:00,1654.39000000,2747.54000000,0.00000000,4116.17720000,False
2021-02-16 08:30:00,1639.68000000,2841.10000000,0.00000000,4260.19630000,False
2021-02-16 08:35:00,1635.60000000,2872.75000000,0.00000000,4354.43360000,False
2021-02-16 08:40:00,1671.82000000,2921.41000000,0.00000000,4476.92820000,False
2021-02-16 08:45:00,1825.68000000,3161.24000000,0.00000000,5107.59670000,False
2021-02-16 08:50:00,1829.85000000,3019.84000000,0.00000000,4739.01560000,False
2021-02-16 08:55:00,1829.48000000,2996.96000000,0.00000000,4674.11910000,False
2021-02-16 09:00:00,1768.98000000,3293.32000000,0.00000000,5297.31450000,False
2021-02-16 09:05:00,1969.24000000,3458.53000000,0.00000000,5739.79390000,False
2021-02-16 09:10:00,2198.21000000,3843.27000000,0.00000000,6492.29790000,False
2021-02-16 09:15:00,2272.45000000,4158.99000000,0.00000000,6892.82520000,False
2021-02-16 09:20:00,2288.63000000,4273.59000000,0.00000000,6971.12210000,False
2021-02-16 09:25:00,2235.69000000,4288.99000000,0.00000000,7018.02880000,False
2021-02-16 09:30:00,2300.01000000,4482.27000000,17.00000000,7242.72360000,False
2021-02-16 09:35:00,2325.37000000,4694.56000000,17.00000000,7442.24170000,False
2021-02-16 09:40:00,2234.20000000,3904.00000000,0.00000000,6753.02730000,False
2021-02-16 09:45:00,2139.89000000,3781.63000000,0.00000000,6563.81450000,False
2021-02-16 09:50:00,2129.92000000,3758.69000000,0.00000000,6428.10400000,False
2021-02-16 09:55:00,2213.36000000,3961.54000000,0.00000000,6819.97170000,False
2021-02-16 10:00:00,2304.66000000,4611.18000000,17.00000000,7410.00340000,False
2021-02-16 10:05:00,2274.32000000,4064.49000000,0.00000000,6945.54150000,False
2021-02-16 10:10:00,2347.19000000,4081.01000000,17.00000000,7015.05660000,False
2021-02-16 10:15:00,2600.40000000,4612.39000000,17.00000000,7558.99660000,False
2021-02-16 10:20:00,2670.44000000,4864.09000000,17.00000000,7718.87600000,False
2021-02-16 10:25:00,2682.07000000,4871.84000000,17.00000000,7720.37550000,False
2021-02-16 10:30:00,2623.51000000,4613.97000000,17.00000000,7532.34860000,False
2021-02-16 10:35:00,2561.90000000,4525.56000000,17.00000000,7453.64890000,False
2021-02-16 10:40:00,2636.90000000,4794.04000000,17.00000000,7687.08790000,False
2021-02-16 10:45:00,2710.16000000,5132.13000000,17.00000000,7818.92970000,False
2021-02-16 10:50:00,2776.55000000,5353.96000000,17.00000000,8023.01900000,False
2021-02-16 10:55:00,2700.02000000,5141.40000000,17.00000000,7839.81740000,False
2021-02-16 11:00:00,2660.61000000,5541.96000000,17.00000000,8010.15920000,False
2021-02-16 11:05:00,2858.62000000,4915.91000000,17.00000000,7767.51460000,False
2021-02-16 11:10:00,2620.04000000,4681.05000000,17.00000000,7683.30180000,False
2021-02-16 11:15:00,2897.53000000,5262.70000000,17.00000000,8200.34180000,False
2021-02-16 11:20:00,3075.91000000,5569.88000000,17.00000000,8670.04300000,False
2021-02-16 11:25:00,3098.75000000,5622.62000000,17.00000000,8454.48050000,False
2021-02-16 11:30:00,2989.88000000,5482.37000000,12.87000000,7963.97710000,False
2021-02-16 11:35:00,2769.32000000,4888.19000000,17.00000000,7734.91500000,False
2021-02-16 11:40:00,2743.82000000,4952.74000000,17.00000000,7785.61130000,False
2021-02-16 11:45:00,2775.01000000,5394.84000000,17.00000000,7953.24610000,False
2021-02-16 11:50:00,2720.63000000,5135.67000000,17.00000000,7897.67580000,False
2021-02-16 11:55:00,2875.88000000,5334.37000000,17.00000000,8413.92680000,False
2021-02-16 12:00:00,3011.19000000,6341.82000000,17.00000000,8857.05080000,False
2021-02-16 12:05:00,2649.75000000,5163.75000000,17.00000000,7844.65430000,False
2021-02-16 12:10:00,2630.69000000,4733.63000000,17.00000000,7662.85210000,False
2021-02-16 12:15:00,2310.25000000,4214.33000000,17.00000000,7275.18070000,False
2021-02-16 12:20:00,2367.69000000,4479.07000000,356.73000000,7631.07670000,False
2021-02-16 12:25:00,2534.68000000,4837.57000000,12.87000000,7761.16890000,False
2021-02-16 12:30:00,2458.25000000,4771.41000000,17.00000000,7715.46390000,False
2021-02-16 12:35:00,2543.73000000,4715.28000000,17.00000000,7695.94480000,False
2021-02-16 12:40:00,2501.62000000,4553.37000000,17.00000000,7559.57910000,False
2021-02-16 12:45:00,2185.99000000,3948.14000000,0.00000000,6657.81590000,False
2021-02-16 12:50:00,2173.01000000,3862.58000000,0.00000000,6648.47710000,False
2021-02-16 12:55:00,2069.97000000,3901.38000000,0.00000000,6602.81150000,False
2021-02-16 13:00:00,2614.12000000,4986.36000000,64.00000000,7754.30960000,False
2021-02-16 13:05:00,2672.59000000,5825.11000000,64.00000000,7975.14650000,False
2021-02-16 13:10:00,2838.83000000,6250.28000000,64.00000000,8191.81640000,False
2021-02-16 13:15:00,3044.53000000,6060.87000000,64.00000000,8340.81840000,False
2021-02-16 13:20:00,3098.88000000,6546.03000000,64.00000000,8556.31450000,False
2021-02-16 13:25:00,3015.57000000,6551.43000000,62.17000000,8464.30270000,False
2021-02-16 13:30:00,3139.16000000,6709.66000000,64.00000000,8335.51560000,False
2021-02-16 13:35:00,3156.17000000,6861.63000000,64.00000000,8114.74850000,False
2021-02-16 13:40:00,2995.02000000,6184.70000000,62.17000000,7918.39210000,False
2021-02-16 13:45:00,3113.56000000,6236.11000000,64.00000000,7922.20260000,False
2021-02-16 13:50:00,3042.72000000,6196.27000000,64.00000000,7945.96090000,False
2021-02-16 13:55:00,3077.86000000,6384.50000000,64.00000000,8154.08300000,False
2021-02-16 14:00:00,3192.42000000,6564.21000000,66.66000000,8496.12010000,False
2021-02-16 14:05:00,3179.18000000,6841.19000000,64.00000000,8703.44140000,False
2021-02-16 14:10:00,3025.56000000,6454.41000000,64.00000000,8111.24370000,False
2021-02-16 14:15:00,2931.53000000,6043.66000000,64.00000000,7941.28960000,False
2021-02-16 14:20:00,2808.69000000,5594.15000000,64.00000000,7815.26860000,False
2021-02-16 14:25:00,2550.21000000,4949.56000000,64.00000000,7482.02880000,False
2021-02-16 14:30:00,2503.34000000,4812.87000000,64.00000000,7403.92680000,False
2021-02-16 14:35:00,2172.84000000,4309.47000000,0.00000000,6957.93900000,False
2021-02-16 14:40:00,2213.84000000,4266.02000000,0.00000000,6780.75930000,False
2021-02-16 14:45:00,2275.85000000,4384.45000000,0.00000000,6978.78030000,False
2021-02-16 14:50:00,2285.17000000,4470.45000000,0.00000000,7043.06100000,False
2021-02-16 14:55:00,2378.90000000,4621.12000000,64.00000000,7190.74120000,False
2021-02-16 15:00:00,2391.74000000,4776.15000000,64.00000000,7351.05960000,False
2021-02-16 15:05:00,2342.16000000,4731.74000000,64.00000000,7333.79690000,False
2021-02-16 15:10:00,2313.55000000,4412.04000000,64.00000000,7019.10940000,False
2021-02-16 15:15:00,2393.74000000,4372.39000000,64.00000000,6898.11620000,False
2021-02-16 15:20:00,2458.94000000,4433.27000000,64.00000000,7037.17920000,False
2021-02-16 15:25:00,2512.44000000,4719.40000000,64.00000000,7302.76370000,False
2021-02-16 15:30:00,2392.93000000,4682.32000000,64.00000000,7339.70700000,False
2021-02-16 15:35:00,2391.71000000,4790.84000000,64.00000000,7420.24320000,False
2021-02-16 15:40:00,2188.76000000,4284.03000000,0.00000000,6912.50980000,False
2021-02-16 15:45:00,2044.93000000,3777.60000000,0.00000000,5136.78810000,False
2021-02-16 15:50:00,2149.17000000,3704.67000000,0.00000000,5839.19090000,False
2021-02-16 15:55:00,2218.37000000,3787.64000000,0.00000000,6235.68260000,False
2021-02-16 16:00:00,2341.31000000,4111.10000000,64.00000000,6826.25440000,False
2021-02-16 16:05:00,2101.82000000,3794.83000000,0.00000000,5811.47560000,False
2021-02-16 16:10:00,2057.85000000,3579.99000000,0.00000000,4251.52150000,False
2021-02-16 16:15:00,2030.92000000,3024.91000000,0.00000000,0.00000000,False
2021-02-16 16:20:00,2098.70000000,3068.69000000,0.00000000,1000.94530000,False
2021-02-16 16:25:00,2103.36000000,3117.26000000,0.00000000,3076.49000000,False
2021-02-16 16:30:00,2017.68000000,3013.25000000,0.00000000,3114.58810000,False
2021-02-16 16:35:00,2073.28000000,3056.15000000,0.00000000,3369.53760000,False
2021-02-16 16:40:00,2045.87000000,3095.27000000,0.00000000,3437.14990000,False
2021-02-16 16:45:00,1988.70000000,2967.51000000,0.00000000,3100.78420000,False
2021-02-16 16:50:00,1883.78000000,2946.83000000,0.00000000,3003.13010000,False
2021-02-16 16:55:00,1985.72000000,3122.93000000,0.00000000,3574.22390000,False
2021-02-16 17:00:00,2073.31000000,3135.76000000,0.00000000,3505.64720000,False
2021-02-16 17:05:00,1942.88000000,2819.55000000,0.00000000,1732.26980000,False
2021-02-16 17:10:00,1901.84000000,2582.80000000,0.00000000,0.00000000,False
2021-02-16 17:15:00,1884.54000000,2612.02000000,0.00000000,0.00000000,False
2021-02-16 17:20:00,1964.38000000,2771.12000000,0.00000000,0.24840000,False
2021-02-16 17:25:00,1848.81000000,2492.13000000,0.00000000,0.00000000,False
2021-02-16 17:30:00,1700.60000000,1995.28000000,0.00000000,0.00000000,False
2021-02-16 17:35:00,1523.10000000,1797.61000000,0.00000000,0.00000000,False
2021-02-16 17:40:00,1260.45000000,1624.44000000,0.00000000,0.00000000,False
2021-02-16 17:45:00,1487.72000000,1854.30000000,0.00000000,0.00000000,False
2021-02-16 17:50:00,1505.13000000,1873.49000000,0.00000000,0.00000000,False
2021-02-16 17:55:00,1673.67000000,2236.78000000,0.00000000,1586.48680000,False
2021-02-16 18:00:00,1652.16000000,2741.46000000,0.00000000,2839.55100000,False
2021-02-16 18:05:00,1570.51000000,2620.92000000,0.00000000,751.37100000,False
2021-02-16 18:10:00,1417.80000000,2341.11000000,0.00000000,0.00000000,False
2021-02-16 18:15:00,1639.09000000,2717.81000000,0.00000000,807.85700000,False
2021-02-16 18:20:00,2116.75000000,3131.59000000,0.00000000,4759.11230000,False
2021-02-16 18:25:00,2144.88000000,3127.51000000,0.00000000,4634.65530000,False
2021-02-16 18:30:00,2188.69000000,3242.98000000,0.00000000,5251.66600000,False
2021-02-16 18:35:00,2168.91000000,3442.81000000,0.00000000,5812.01270000,False
2021-02-16 18:40:00,2231.09000000,3633.12000000,0.00000000,6196.92430000,False
2021-02-16 18:45:00,1985.19000000,3527.87000000,0.00000000,5970.81880000,False
2021-02-16 18:50:00,2004.38000000,3537.24000000,0.00000000,5993.41360000,False
2021-02-16 18:55:00,2024.58000000,3394.55000000,0.00000000,5532.31100000,False
2021-02-16 19:00:00,2289.36000000,4087.18000000,0.00000000,6795.85940000,False
2021-02-16 19:05:00,2310.41000000,3558.96000000,17.00000000,5996.73140000,False
2021-02-16 19:10:00,2383.08000000,3761.98000000,17.00000000,6354.88960000,False
2021-02-16 19:15:00,2396.62000000,3802.23000000,17.00000000,6395.53370000,False
2021-02-16 19:20:00,2397.54000000,3781.25000000,17.00000000,6371.38280000,False
2021-02-16 19:25:00,2446.39000000,4011.69000000,17.00000000,6778.59770000,False
2021-02-16 19:30:00,2508.80000000,4236.49000000,17.00000000,7013.99510000,False
2021-02-16 19:35:00,2470.72000000,4236.47000000,17.00000000,6984.68900000,False
2021-02-16 19:40:00,2392.16000000,4138.98000000,17.00000000,6897.79440000,False
2021-02-16 19:45:00,2371.52000000,4067.38000000,17.00000000,6826.84470000,False
2021-02-16 19:50:00,2294.47000000,3860.56000000,0.00000000,6477.99020000,False
2021-02-16 19:55:00,2143.41000000,3579.13000000,0.00000000,5649.50780000,False
2021-02-16 20:00:00,2169.50000000,3589.59000000,0.00000000,5921.76760000,False
2021-02-16 20:05:00,2283.77000000,3642.28000000,0.00000000,6076.28710000,False
2021-02-16 20:10:00,2238.25000000,3619.90000000,0.00000000,6055.43850000,False
2021-02-16 20:15:00,2159.78000000,3379.00000000,0.00000000,5563.26170000,False
2021-02-16 20:20:00,2114.49000000,3208.11000000,0.00000000,4695.12600000,False
2021-02-16 20:25:00,2220.61000000,3312.28000000,0.00000000,5381.50780000,False
2021-02-16 20:30:00,2105.02000000,3179.82000000,0.00000000,5032.33250000,False
2021-02-16 20:35:00,2130.87000000,3214.49000000,0.00000000,5126.37500000,False
2021-02-16 20:40:00,2119.31000000,3106.41000000,0.00000000,4352.28270000,False
2021-02-16 20:45:00,2218.72000000,3364.12000000,0.00000000,5486.56980000,False
2021-02-16 20:50:00,2305.74000000,3533.85000000,138.00000000,6103.04100000,False
2021-02-16 20:55:00,2185.93000000,3537.57000000,0.00000000,5876.47560000,False
2021-02-16 21:00:00,2297.96000000,3697.60000000,0.00000000,6261.33790000,False
2021-02-16 21:05:00,2354.82000000,3731.11000000,138.00000000,6488.40330000,False
2021-02-16 21:10:00,2425.39000000,4150.81000000,138.00000000,7086.79150000,False
2021-02-16 21:15:00,2241.20000000,4065.72000000,0.00000000,6868.97560000,False
2021-02-16 21:20:00,2356.52000000,4290.57000000,17.00000000,7211.67720000,False
2021-02-16 21:25:00,2388.72000000,4445.52000000,17.00000000,7546.13040000,False
2021-02-16 21:30:00,2472.48000000,4574.85000000,17.00000000,7614.79250000,False
2021-02-16 21:35:00,2205.71000000,4096.86000000,0.00000000,6894.83590000,False
2021-02-16 21:40:00,2200.30000000,4103.91000000,0.00000000,6918.83060000,False
2021-02-16 21:45:00,2096.52000000,4032.21000000,0.00000000,6831.64060000,False
2021-02-16 21:50:00,2204.46000000,4248.24000000,0.00000000,7119.85890000,False
2021-02-16 21:55:00,2347.14000000,4600.73000000,17.00000000,7648.22020000,False
2021-02-16 22:00:00,2650.41000000,5180.80000000,17.00000000,7889.73540000,False
2021-02-16 22:05:00,2432.16000000,4765.20000000,17.00000000,7759.69340000,False
2021-02-16 22:10:00,2422.99000000,4652.84000000,17.00000000,7666.30180000,False
2021-02-16 22:15:00,2350.13000000,4505.99000000,62.00000000,7512.80760000,False
2021-02-16 22:20:00,2408.20000000,4533.03000000,62.00000000,7528.28420000,False
2021-02-16 22:25:00,2429.49000000,4693.24000000,62.00000000,7398.18310000,False
2021-02-16 22:30:00,2432.48000000,4779.86000000,17.00000000,7482.14990000,False
2021-02-16 22:35:00,2413.62000000,4856.86000000,17.00000000,7587.33690000,False
2021-02-16 22:40:00,2539.55000000,4998.78000000,17.00000000,7728.95460000,False
2021-02-16 22:45:00,2531.20000000,4958.23000000,42.00000000,7697.98630000,False
2021-02-16 22:50:00,2340.61000000,4528.41000000,17.00000000,7503.80620000,False
2021-02-16 22:55:00,2439.72000000,4772.92000000,17.00000000,7763.87700000,False
2021-02-16 23:00:00,2556.15000000,5018.48000000,17.00000000,8045.48050000,False
2021-02-16 23:05:00,2764.55000000,5515.26000000,17.00000000,8196.51460000,False
2021-02-16 23:10:00,2876.99000000,5818.71000000,17.00000000,8418.47460000,False
2021-02-16 23:15:00,2919.83000000,6011.03000000,17.00000000,8528.18160000,False
2021-02-16 23:20:00,2915.75000000,6081.51000000,17.00000000,8484.10640000,False
2021-02-16 23:25:00,2760.31000000,5896.38000000,17.00000000,8175.96680000,False
2021-02-16 23:30:00,2850.13000000,5957.58000000,17.00000000,8352.93650000,False
2021-02-16 23:35:00,2962.09000000,6115.85000000,17.00000000,8366.19920000,False
2021-02-16 23:40:00,2959.04000000,6184.71000000,17.00000000,8587.59570000,False
2021-02-16 23:45:00,2694.79000000,5586.83000000,117.00000000,7917.86620000,False
2021-02-16 23:50:00,2680.00000000,5375.85000000,117.00000000,7895.47660000,False
2021-02-16 23:55:00,2874.64000000,5434.52000000,117.00000000,7968.36910000,False
2021-02-17 00:00:00,2735.99000000,5275.01000000,182.00000000,7830.44480000,False
2021-02-17 00:05:00,2560.94000000,4918.39000000,182.00000000,7478.12700000,False
2021-02-17 00:10:00,2459.01000000,4482.57000000,182.00000000,5842.21240000,False
2021-02-17 00:15:00,2436.20000000,4396.96000000,82.00000000,6540.53910000,False
2021-02-17 00:20:00,2534.96000000,4647.58000000,82.00000000,6898.65630000,False
2021-02-17 00:25:00,2678.11000000,4829.11000000,82.00000000,7011.12740000,False
2021-02-17 00:30:00,2715.45000000,4455.11000000,82.00000000,7152.10160000,False
2021-02-17 00:35:00,2675.33000000,4459.33000000,82.00000000,7102.90090000,False
2021-02-17 00:40:00,2831.24000000,4739.27000000,82.00000000,7410.22410000,False
2021-02-17 00:45:00,2890.83000000,5034.46000000,82.00000000,7766.98730000,False
2021-02-17 00:50:00,3190.35000000,5669.53000000,82.00000000,8264.32320000,False
2021-02-17 00:55:00,3021.69000000,5210.41000000,82.00000000,7908.13770000,False
2021-02-17 01:00:00,3017.21000000,5457.20000000,82.00000000,7945.19380000,False
2021-02-17 01:05:00,2917.51000000,5243.21000000,82.00000000,7844.75540000,False
2021-02-17 01:10:00,3020.47000000,5257.96000000,91.06000000,7846.99660000,False
2021-02-17 01:15:00,3182.82000000,5514.53000000,91.06000000,7882.43210000,False
2021-02-17 01:20:00,3230.64000000,5674.72000000,91.05000000,7958.05470000,False
2021-02-17 01:25:00,3096.09000000,5493.98000000,91.05000000,7648.16020000,False
2021-02-17 01:30:00,3002.34000000,5394.56000000,91.05000000,7639.57810000,False
2021-02-17 01:35:00,2930.57000000,5151.21000000,91.05000000,7526.58640000,False
2021-02-17 01:40:00,3040.52000000,5535.40000000,91.05000000,7640.50240000,False
2021-02-17 01:45:00,2907.91000000,5080.14000000,91.05000000,7597.02100000,False
2021-02-17 01:50:00,2886.68000000,5027.51000000,91.05000000,7549.19040000,False
2021-02-17 01:55:00,2896.08000000,5044.67000000,91.05000000,7572.48440000,False
2021-02-17 02:00:00,2933.65000000,5110.05000000,91.05000000,7642.67040000,False
2021-02-17 02:05:00,2918.54000000,5086.95000000,91.05000000,7571.53470000,False
2021-02-17 02:10:00,2821.66000000,4894.84000000,91.05000000,7413.49510000,False
2021-02-17 02:15:00,2851.64000000,4968.37000000,91.05000000,7434.04690000,False
2021-02-17 02:20:00,2962.38000000,5042.34000000,91.05000000,7489.87010000,False
2021-02-17 02:25:00,2946.23000000,5131.76000000,91.05000000,7471.36130000,False
2021-02-17 02:30:00,2978.76000000,5191.47000000,91.05000000,7503.44970000,False
2021-02-17 02:35:00,2825.11000000,4646.76000000,91.05000000,7052.20560000,False
2021-02-17 02:40:00,2984.01000000,4762.52000000,91.05000000,7363.65230000,False
2021-02-17 02:45:00,2895.11000000,4840.54000000,91.05000000,7375.75200000,False
2021-02-17 02:50:00,2763.35000000,4736.12000000,91.03000000,7259.77640000,False
2021-02-17 02:55:00,2725.32000000,4660.28000000,91.03000000,6992.14450000,False
2021-02-17 03:00:00,2790.64000000,4687.73000000,91.03000000,7296.68510000,False
2021-02-17 03:05:00,2787.65000000,4710.84000000,91.03000000,7329.03860000,False
2021-02-17 03:10:00,2686.51000000,4471.09000000,91.03000000,6652.91310000,False
2021-02-17 03:15:00,2789.99000000,4549.38000000,91.03000000,6960.84960000,False
2021-02-17 03:20:00,2804.98000000,4574.20000000,91.03000000,7147.42820000,False
2021-02-17 03:25:00,2795.13000000,4555.94000000,91.03000000,7138.62650000,False
2021-02-17 03:30:00,2820.14000000,4549.08000000,95.03000000,7257.72460000,False
2021-02-17 03:35:00,2805.32000000,4593.54000000,95.03000000,7251.51170000,False
2021-02-17 03:40:00,2722.55000000,4394.42000000,95.03000000,6612.52780000,False
2021-02-17 03:45:00,2821.44000000,4559.39000000,95.03000000,7177.20750000,False
2021-02-17 03:50:00,2905.21000000,4781.88000000,95.03000000,7726.69780000,False
2021-02-17 03:55:00,2776.93000000,4540.40000000,95.03000000,7346.61820000,False
2021-02-17 04:00:00,2812.44000000,4516.60000000,95.03000000,7256.84810000,False
2021-02-17 04:05:00,2753.20000000,4239.25000000,95.03000000,6463.57860000,False
2021-02-17 04:10:00,2815.54000000,4231.16000000,94.18000000,5811.52930000,False
2021-02-17 04:15:00,2546.58000000,3599.08000000,95.03000000,4444.64600000,False
2021-02-17 04:20:00,2441.37000000,3416.12000000,95.03000000,4018.91410000,False
2021-02-17 04:25:00,2399.31000000,3335.31000000,95.03000000,3612.51370000,False
2021-02-17 04:30:00,2476.32000000,3242.12000000,78.18000000,1103.84640000,False
2021-02-17 04:35:00,2279.93000000,2772.43000000,0.00000000,0.00000000,False
2021-02-17 04:40:00,2251.88000000,2801.88000000,0.00000000,157.83850000,False
2021-02-17 04:45:00,2348.61000000,3106.23000000,95.00000000,2123.01660000,False
2021-02-17 04:50:00,2502.63000000,3163.40000000,95.00000000,2254.77540000,False
2021-02-17 04:55:00,2385.32000000,3026.01000000,95.00000000,2043.53660000,False
2021-02-17 05:00:00,2276.08000000,2791.37000000,0.00000000,703.60550000,False
2021-02-17 05:05:00,2082.37000000,2309.07000000,0.00000000,0.00000000,False
2021-02-17 05:10:00,2025.37000000,2236.13000000,0.00000000,71.67000000,False
2021-02-17 05:15:00,2037.19000000,2281.56000000,0.00000000,94.06970000,False
2021-02-17 05:20:00,2230.99000000,2516.86000000,0.00000000,690.26190000,False
2021-02-17 05:25:00,2126.42000000,2351.57000000,0.00000000,0.00000000,False
2021-02-17 05:30:00,2138.66000000,2418.86000000,0.00000000,1203.45480000,False
2021-02-17 05:35:00,2018.17000000,2116.77000000,0.00000000,0.00000000,False
2021-02-17 05:40:00,2009.45000000,2263.04000000,0.00000000,543.53120000,False
2021-02-17 05:45:00,2121.49000000,2473.28000000,0.00000000,1329.37780000,False
2021-02-17 05:50:00,2138.33000000,2400.09000000,0.00000000,1243.96030000,False
2021-02-17 05:55:00,1942.00000000,2129.19000000,0.00000000,9.08190000,False
2021-02-17 06:00:00,1669.13000000,1474.42000000,0.00000000,0.00000000,False
2021-02-17 06:05:00,1566.07000000,1304.38000000,0.00000000,0.00000000,False
2021-02-17 06:10:00,1451.36000000,1216.32000000,0.00000000,0.00000000,False
2021-02-17 06:15:00,1452.69000000,1287.72000000,0.00000000,0.00000000,False
2021-02-17 06:20:00,1431.88000000,1401.49000000,0.00000000,0.00000000,False
2021-02-17 06:25:00,1529.34000000,1726.68000000,0.00000000,0.00000000,False
2021-02-17 06:30:00,1516.73000000,1711.21000000,0.00000000,0.00000000,False
2021-02-17 06:35:00,1443.97000000,1589.61000000,0.00000000,0.00000000,False
2021-02-17 06:40:00,1464.49000000,1491.41000000,0.00000000,0.00000000,False
2021-02-17 06:45:00,1710.46000000,2013.84000000,0.00000000,802.68260000,False
2021-02-17 06:50:00,1538.14000000,1713.39000000,0.00000000,0.00000000,False
2021-02-17 06:55:00,1602.58000000,1825.83000000,0.00000000,0.00000000,False
2021-02-17 07:00:00,1619.28000000,2027.34000000,0.00000000,1251.04640000,False
2021-02-17 07:05:00,1692.15000000,2087.42000000,0.00000000,1343.89600000,False
2021-02-17 07:10:00,1547.15000000,2030.88000000,0.00000000,815.71560000,False
2021-02-17 07:15:00,1517.67000000,1957.48000000,0.00000000,0.00000000,False
2021-02-17 07:20:00,1408.69000000,1735.11000000,0.00000000,0.00000000,False
2021-02-17 07:25:00,1436.42000000,1797.45000000,0.00000000,0.00000000,False
2021-02-17 07:30:00,1295.04000000,1538.72000000,0.00000000,0.00000000,False
2021-02-17 07:35:00,1295.89000000,1527.57000000,0.00000000,0.00000000,False
2021-02-17 07:40:00,1283.26000000,1562.74000000,0.00000000,0.00000000,False
2021-02-17 07:45:00,1214.81000000,1541.23000000,0.00000000,0.00000000,False
2021-02-17 07:50:00,1272.65000000,1579.72000000,0.00000000,0.00000000,False
2021-02-17 07:55:00,1318.85000000,1653.73000000,0.00000000,0.00000000,False
2021-02-17 08:00:00,1669.10000000,2082.53000000,0.00000000,1336.23490000,False
2021-02-17 08:05:00,1603.86000000,2011.83000000,0.00000000,1227.56760000,False
2021-02-17 08:10:00,1648.01000000,2378.92000000,0.00000000,2135.01000000,False
2021-02-17 08:15:00,1872.38000000,2813.83000000,0.00000000,3965.24340000,False
2021-02-17 08:20:00,1729.91000000,2685.30000000,0.00000000,3087.55150000,False
2021-02-17 08:25:00,1757.35000000,2634.87000000,0.00000000,2663.37210000,False
2021-02-17 08:30:00,1735.15000000,2554.84000000,0.00000000,2836.26340000,False
2021-02-17 08:35:00,1823.55000000,2636.40000000,0.00000000,2978.05570000,False
2021-02-17 08:40:00,1770.98000000,2678.47000000,0.00000000,3073.75680000,False
2021-02-17 08:45:00,1926.08000000,2996.70000000,0.00000000,4734.52200000,False
2021-02-17 08:50:00,1895.05000000,3005.95000000,0.00000000,4405.91650000,False
2021-02-17 08:55:00,1870.52000000,2999.27000000,0.00000000,4341.50000000,False
2021-02-17 09:00:00,2348.95000000,3697.00000000,26.78000000,6410.32710000,False
2021-02-17 09:05:00,2336.91000000,3279.44000000,25.98000000,4883.56490000,False
2021-02-17 09:10:00,2057.43000000,2997.02000000,0.00000000,3920.52950000,False
2021-02-17 09:15:00,2297.14000000,3553.03000000,0.00000000,5345.24800000,False
2021-02-17 09:20:00,2260.09000000,3541.52000000,0.00000000,5326.73970000,False
2021-02-17 09:25:00,2169.49000000,3335.72000000,0.00000000,4767.39650000,False
2021-02-17 09:30:00,2313.16000000,3505.78000000,25.98000000,5355.63430000,False
2021-02-17 09:35:00,2348.43000000,3569.15000000,65.97000000,5494.93900000,False
2021-02-17 09:40:00,2154.48000000,3300.44000000,0.00000000,4897.37700000,False
2021-02-17 09:45:00,2167.57000000,3399.87000000,0.00000000,5047.33790000,False
2021-02-17 09:50:00,2216.99000000,3475.94000000,0.00000000,5218.78470000,False
2021-02-17 09:55:00,2427.61000000,3771.36000000,25.97000000,6053.12650000,False
2021-02-17 10:00:00,2424.72000000,4339.86000000,25.97000000,6773.35690000,False
2021-02-17 10:05:00,2275.92000000,3468.73000000,0.00000000,5167.76560000,False
2021-02-17 10:10:00,2240.31000000,3506.74000000,0.00000000,5231.32230000,False
2021-02-17 10:15:00,2277.53000000,3582.80000000,0.00000000,5300.48440000,False
2021-02-17 10:20:00,2157.57000000,3331.73000000,0.00000000,4572.01370000,False
2021-02-17 10:25:00,2079.48000000,3247.22000000,0.00000000,4682.20560000,False
2021-02-17 10:30:00,2306.03000000,3499.72000000,25.95000000,5345.47950000,False
2021-02-17 10:35:00,2414.54000000,3801.24000000,20.63000000,5783.89110000,False
2021-02-17 10:40:00,2364.03000000,3724.74000000,25.95000000,5619.93310000,False
2021-02-17 10:45:00,2235.44000000,3510.29000000,0.00000000,5237.15530000,False
2021-02-17 10:50:00,2464.58000000,3831.75000000,25.95000000,5754.47710000,False
2021-02-17 10:55:00,2591.39000000,4196.52000000,25.95000000,6505.34520000,False
2021-02-17 11:00:00,2826.13000000,4603.43000000,26.05000000,7638.36910000,False
2021-02-17 11:05:00,2957.05000000,4994.12000000,25.95000000,8040.72610000,False
2021-02-17 11:10:00,3066.31000000,5344.69000000,25.95000000,8120.11960000,False
2021-02-17 11:15:00,2891.47000000,5171.95000000,25.95000000,8085.74020000,False
2021-02-17 11:20:00,3085.02000000,5468.57000000,25.95000000,8377.83980000,False
2021-02-17 11:25:00,3110.97000000,5958.32000000,25.95000000,8630.24120000,False
2021-02-17 11:30:00,3366.60000000,6304.47000000,27.25000000,8816.80860000,False
2021-02-17 11:35:00,3307.66000000,6309.77000000,27.25000000,8814.94340000,False
2021-02-17 11:40:00,3198.22000000,6406.98000000,27.25000000,8700.81840000,False
2021-02-17 11:45:00,3302.39000000,6497.89000000,27.25000000,8838.17970000,False
2021-02-17 11:50:00,3278.61000000,6537.76000000,27.25000000,8819.35250000,False
2021-02-17 11:55:00,3400.01000000,6846.19000000,25.95000000,8922.97360000,False
2021-02-17 12:00:00,3651.99000000,7670.06000000,25.95000000,8924.85940000,False
2021-02-17 12:05:00,3624.18000000,7366.64000000,25.95000000,8879.81050000,False
2021-02-17 12:10:00,3687.44000000,7407.98000000,25.95000000,8877.24800000,False
2021-02-17 12:15:00,3810.43000000,7650.04000000,25.95000000,8924.84860000,False
2021-02-17 12:20:00,3887.41000000,7952.86000000,25.95000000,8924.95210000,False
2021-02-17 12:25:00,3828.04000000,7771.08000000,14.76000000,8889.16210000,False
2021-02-17 12:30:00,3821.21000000,7727.98000000,25.95000000,8883.85060000,False
2021-02-17 12:35:00,3838.14000000,7514.95000000,21.99000000,8712.61720000,False
2021-02-17 12:40:00,3581.92000000,7177.87000000,25.93000000,8690.03610000,False
2021-02-17 12:45:00,3711.58000000,7744.50000000,29.57000000,8872.19040000,False
2021-02-17 12:50:00,3888.64000000,7953.60000000,30.15000000,8920.29980000,False
2021-02-17 12:55:00,3927.88000000,8137.06000000,32.09000000,8920.32520000,False
2021-02-17 13:00:00,4008.41000000,8212.34000000,33.89000000,8882.67090000,False
2021-02-17 13:05:00,3897.49000000,7960.32000000,25.93000000,8874.27150000,False
2021-02-17 13:10:00,3841.45000000,7797.05000000,25.93000000,8771.89060000,False
2021-02-17 13:15:00,3911.05000000,7966.02000000,25.93000000,8874.96190000,False
2021-02-17 13:20:00,3940.56000000,8063.20000000,25.93000000,8871.93650000,False
2021-02-17 13:25:00,3978.51000000,8107.58000000,25.93000000,8771.78130000,False
2021-02-17 13:30:00,4076.14000000,8250.84000000,25.92000000,8871.95700000,False
2021-02-17 13:35:00,4035.25000000,8087.85000000,25.92000000,8834.87790000,False
2021-02-17 13:40:00,3910.81000000,7952.36000000,25.92000000,8778.55470000,False
2021-02-17 13:45:00,3917.50000000,7951.43000000,25.92000000,8749.94920000,False
2021-02-17 13:50:00,3851.62000000,7805.47000000,25.92000000,8734.64360000,False
2021-02-17 13:55:00,3999.54000000,8102.55000000,25.92000000,8843.31930000,False
2021-02-17 14:00:00,4060.03000000,8269.74000000,26.87000000,8926.12790000,False
2021-02-17 14:05:00,3963.87000000,7853.92000000,25.92000000,8914.21000000,False
2021-02-17 14:10:00,4203.47000000,8363.81000000,25.92000000,8882.57230000,False
2021-02-17 14:15:00,4452.06000000,9117.84000000,25.92000000,8926.12110000,False
2021-02-17 14:20:00,4270.03000000,9061.91000000,25.92000000,8925.26660000,False
2021-02-17 14:25:00,4149.78000000,8586.63000000,22.03000000,8882.15230000,False
2021-02-17 14:30:00,4231.75000000,8655.86000000,25.92000000,8880.72170000,False
2021-02-17 14:35:00,4196.86000000,8611.08000000,50.82000000,8881.93850000,False
2021-02-17 14:40:00,4278.74000000,9089.11000000,25.92000000,8925.28420000,False
2021-02-17 14:45:00,4347.12000000,9275.08000000,25.90000000,8931.88870000,False
2021-02-17 14:50:00,4493.72000000,9443.97000000,25.90000000,8935.75000000,False
2021-02-17 14:55:00,4614.27000000,9709.19000000,25.90000000,8935.89550000,False
2021-02-17 15:00:00,4666.22000000,9772.10000000,25.90000000,8932.08980000,False
2021-02-17 15:05:00,4592.25000000,9618.58000000,25.90000000,8925.29880000,False
2021-02-17 15:10:00,4562.00000000,9583.10000000,25.90000000,8927.81450000,False
2021-02-17 15:15:00,4594.84000000,9576.37000000,33.60000000,8927.76950000,False
2021-02-17 15:20:00,4628.10000000,9734.05000000,83.10000000,8927.75780000,False
2021-02-17 15:25:00,4477.05000000,9196.60000000,113.10000000,8927.72560000,False
2021-02-17 15:30:00,4468.64000000,9159.41000000,129.90000000,8888.76170000,False
2021-02-17 15:35:00,4471.20000000,9134.31000000,85.90000000,8927.70700000,False
2021-02-17 15:40:00,4578.04000000,9354.56000000,85.80000000,8927.65430000,False
2021-02-17 15:45:00,4658.64000000,9716.12000000,85.90000000,8934.53910000,False
2021-02-17 15:50:00,4577.22000000,9064.02000000,85.90000000,8720.53320000,False
2021-02-17 15:55:00,4202.55000000,8445.10000000,85.90000000,8697.86430000,False
2021-02-17 16:00:00,4255.23000000,8697.87000000,85.90000000,8770.59960000,False
2021-02-17 16:05:00,4219.58000000,8965.03000000,85.90000000,8869.37600000,False
2021-02-17 16:10:00,4333.96000000,9278.25000000,130.90000000,8871.16700000,False
2021-02-17 16:15:00,4279.01000000,9020.58000000,130.90000000,8854.43260000,False
2021-02-17 16:20:00,4389.79000000,9272.37000000,130.90000000,8891.02050000,False
2021-02-17 16:25:00,4365.09000000,9183.98000000,85.90000000,8927.59860000,False
2021-02-17 16:30:00,4413.91000000,9147.39000000,85.90000000,8884.97850000,False
2021-02-17 16:35:00,4281.80000000,8643.29000000,85.90000000,8835.30080000,False
2021-02-17 16:40:00,3869.25000000,7863.04000000,85.90000000,8581.51460000,False
2021-02-17 16:45:00,3718.71000000,7390.53000000,85.90000000,8505.97270000,False
2021-02-17 16:50:00,3517.38000000,7028.69000000,85.90000000,8682.20020000,False
2021-02-17 16:55:00,3645.07000000,7371.69000000,85.90000000,8772.73240000,False
2021-02-17 17:00:00,3747.14000000,7808.39000000,85.90000000,8738.15430000,False
2021-02-17 17:05:00,3737.99000000,7588.33000000,85.90000000,8824.74900000,False
2021-02-17 17:10:00,3357.09000000,6588.50000000,82.80000000,7536.99560000,False
2021-02-17 17:15:00,3235.08000000,6030.90000000,85.90000000,7494.26070000,False
2021-02-17 17:20:00,3271.07000000,6318.32000000,85.90000000,7970.82180000,False
2021-02-17 17:25:00,3314.99000000,6644.31000000,85.90000000,8428.85840000,False
2021-02-17 17:30:00,3384.57000000,6450.01000000,85.90000000,8569.32230000,False
2021-02-17 17:35:00,3257.35000000,6262.91000000,85.90000000,7673.44780000,False
2021-02-17 17:40:00,3134.96000000,5572.41000000,85.90000000,6912.92140000,False
2021-02-17 17:45:00,3114.52000000,5399.06000000,25.90000000,6680.57520000,False
2021-02-17 17:50:00,3041.94000000,5388.13000000,25.90000000,6887.74070000,False
2021-02-17 17:55:00,3150.35000000,5523.38000000,25.90000000,7096.40330000,False
2021-02-17 18:00:00,3188.15000000,5641.67000000,121.32000000,7230.41550000,False
2021-02-17 18:05:00,3204.44000000,5466.09000000,110.92000000,6558.48490000,False
2021-02-17 18:10:00,3077.22000000,5113.13000000,25.90000000,6079.15720000,False
2021-02-17 18:15:00,2928.94000000,4948.38000000,25.90000000,5920.48000000,False
2021-02-17 18:20:00,2810.27000000,4723.44000000,25.90000000,5899.95460000,False
2021-02-17 18:25:00,2760.59000000,4691.37000000,25.90000000,5740.90820000,False
2021-02-17 18:30:00,2722.08000000,4582.87000000,25.90000000,5622.50240000,False
2021-02-17 18:35:00,2704.33000000,4521.65000000,25.88000000,5539.19730000,False
2021-02-17 18:40:00,2768.18000000,4640.29000000,25.88000000,5776.43850000,False
2021-02-17 18:45:00,2839.09000000,4928.57000000,25.88000000,6413.52980000,False
2021-02-17 18:50:00,2823.01000000,4924.34000000,25.88000000,6356.21970000,False
2021-02-17 18:55:00,3029.94000000,5306.42000000,25.88000000,6681.60940000,False
2021-02-17 19:00:00,2892.31000000,5319.41000000,25.88000000,7205.83010000,False
2021-02-17 19:05:00,2625.15000000,4713.51000000,25.88000000,6107.01610000,False
2021-02-17 19:10:00,2485.50000000,4412.72000000,25.88000000,6215.20260000,False
2021-02-17 19:15:00,2648.59000000,4673.49000000,25.88000000,7109.96290000,False
2021-02-17 19:20:00,2611.37000000,4600.21000000,25.88000000,6580.62790000,False
2021-02-17 19:25:00,2625.62000000,4614.18000000,25.88000000,6759.82760000,False
2021-02-17 19:30:00,2803.05000000,5092.09000000,25.88000000,7525.86870000,False
2021-02-17 19:35:00,3018.61000000,5461.96000000,25.88000000,7939.02640000,False
2021-02-17 19:40:00,2899.55000000,5165.33000000,21.75000000,7275.15770000,False
2021-02-17 19:45:00,2766.32000000,4852.81000000,25.87000000,6675.76560000,False
2021-02-17 19:50:00,2724.85000000,4700.09000000,25.87000000,6388.91210000,False
2021-02-17 19:55:00,2653.39000000,4579.77000000,25.87000000,6319.60450000,False
2021-02-17 20:00:00,2819.16000000,5005.90000000,25.87000000,7099.88870000,False
2021-02-17 20:05:00,3137.58000000,5420.52000000,25.87000000,7882.87110000,False
2021-02-17 20:10:00,3218.26000000,5593.88000000,25.87000000,7903.43410000,False
2021-02-17 20:15:00,3026.82000000,5479.73000000,25.87000000,7577.17580000,False
2021-02-17 20:20:00,2866.01000000,5252.71000000,25.87000000,7405.82520000,False
2021-02-17 20:25:00,2931.90000000,5277.53000000,25.87000000,7381.62790000,False
2021-02-17 20:30:00,2947.03000000,5272.10000000,25.87000000,7407.53420000,False
2021-02-17 20:35:00,3048.69000000,5471.80000000,25.87000000,7615.07960000,False
2021-02-17 20:40:00,2843.91000000,5409.58000000,25.87000000,7565.29100000,False
2021-02-17 20:45:00,2821.50000000,5303.16000000,25.87000000,7463.34720000,False
2021-02-17 20:50:00,2872.14000000,5324.66000000,25.87000000,7491.87600000,False
2021-02-17 20:55:00,2901.51000000,5433.26000000,25.87000000,7570.70120000,False
2021-02-17 21:00:00,2963.01000000,5699.56000000,25.87000000,7913.00440000,False
2021-02-17 21:05:00,3065.11000000,5888.04000000,25.87000000,8395.78610000,False
2021-02-17 21:10:00,3037.88000000,5888.53000000,25.87000000,8387.33980000,False
2021-02-17 21:15:00,2980.88000000,5724.98000000,25.87000000,8368.98730000,False
2021-02-17 21:20:00,3063.32000000,5919.19000000,25.87000000,8403.33110000,False
2021-02-17 21:25:00,3046.15000000,5930.70000000,25.87000000,8437.39840000,False
2021-02-17 21:30:00,3053.42000000,5993.26000000,25.87000000,8603.72950000,False
2021-02-17 21:35:00,3072.00000000,6124.37000000,25.87000000,8616.08400000,False
2021-02-17 21:40:00,3105.70000000,6016.18000000,25.87000000,8417.34670000,False
2021-02-17 21:45:00,3183.98000000,6159.78000000,25.87000000,8643.95310000,False
2021-02-17 21:50:00,3249.51000000,6357.96000000,25.87000000,8756.75680000,False
2021-02-17 21:55:00,3167.06000000,6291.47000000,25.87000000,8655.29690000,False
2021-02-17 22:00:00,3287.03000000,6600.43000000,25.87000000,8847.80660000,False
2021-02-17 22:05:00,3407.09000000,6949.55000000,25.87000000,8923.51370000,False
2021-02-17 22:10:00,3161.00000000,6511.81000000,25.87000000,8818.68850000,False
2021-02-17 22:15:00,3145.64000000,6360.99000000,17.67000000,8640.30960000,False
2021-02-17 22:20:00,3061.13000000,6119.27000000,25.87000000,8417.64940000,False
2021-02-17 22:25:00,3006.26000000,5802.02000000,25.87000000,7920.53130000,False
2021-02-17 22:30:00,3139.86000000,6137.08000000,25.87000000,8398.50200000,False
2021-02-17 22:35:00,3250.77000000,6520.56000000,25.87000000,8765.66800000,False
2021-02-17 22:40:00,3390.69000000,6823.22000000,25.87000000,8853.78520000,False
2021-02-17 22:45:00,3358.29000000,6859.33000000,25.87000000,8837.68950000,False
2021-02-17 22:50:00,3240.08000000,6550.23000000,25.87000000,8673.03220000,False
2021-02-17 22:55:00,3198.18000000,6367.94000000,25.86000000,8608.57030000,False
2021-02-17 23:00:00,3269.40000000,6645.43000000,25.86000000,8698.51950000,False
2021-02-17 23:05:00,3405.24000000,6892.51000000,25.86000000,8849.51370000,False
2021-02-17 23:10:00,3351.51000000,6984.41000000,25.84000000,8838.01950000,False
2021-02-17 23:15:00,3344.02000000,7066.85000000,25.84000000,8823.64650000,False
2021-02-17 23:20:00,3448.29000000,7242.45000000,25.84000000,8855.12010000,False
2021-02-17 23:25:00,3323.18000000,7094.46000000,25.84000000,8633.18750000,False
2021-02-17 23:30:00,3341.89000000,6628.15000000,25.84000000,8196.46290000,False
2021-02-17 23:35:00,3177.01000000,6201.76000000,25.84000000,7938.25730000,False
2021-02-17 23:40:00,3175.75000000,6340.78000000,25.84000000,8400.84770000,False
2021-02-17 23:45:00,3405.31000000,6600.57000000,25.84000000,8820.59080000,False
2021-02-17 23:50:00,3499.30000000,6928.00000000,25.84000000,8923.41310000,False
2021-02-17 23:55:00,3494.96000000,7268.12000000,25.84000000,8924.45310000,False
2021-02-18 00:00:00,3430.88000000,7202.56000000,25.84000000,8775.84770000,False
2021-02-18 00:05:00,3236.60000000,6595.53000000,25.84000000,8686.55760000,False
2021-02-18 00:10:00,3192.41000000,6492.15000000,25.84000000,8681.16310000,False
2021-02-18 00:15:00,3249.64000000,6643.17000000,25.84000000,8758.94040000,False
2021-02-18 00:20:00,3283.52000000,6775.91000000,25.84000000,8774.05860000,False
2021-02-18 00:25:00,3305.71000000,6981.68000000,25.84000000,8785.08400000,False
2021-02-18 00:30:00,3392.10000000,7049.57000000,25.84000000,8836.33010000,False
2021-02-18 00:35:00,3443.73000000,7307.60000000,25.84000000,8860.59670000,False
2021-02-18 00:40:00,3441.86000000,7363.84000000,25.84000000,8860.42770000,False
2021-02-18 00:45:00,3449.23000000,7362.42000000,25.84000000,8860.39450000,False
2021-02-18 00:50:00,3473.59000000,7413.51000000,25.84000000,8864.36040000,False
2021-02-18 00:55:00,3483.94000000,7424.55000000,25.84000000,8864.86430000,False
2021-02-18 01:00:00,3482.94000000,7351.46000000,25.84000000,8860.64840000,False
2021-02-18 01:05:00,3435.66000000,7277.56000000,25.84000000,8843.00200000,False
2021-02-18 01:10:00,3491.14000000,7308.45000000,25.84000000,8845.86430000,False
2021-02-18 01:15:00,3488.02000000,7339.64000000,25.84000000,8851.44240000,False
2021-02-18 01:20:00,3483.83000000,7343.35000000,25.82000000,8832.15530000,False
2021-02-18 01:25:00,3463.58000000,7200.23000000,25.82000000,8799.77440000,False
2021-02-18 01:30:00,3575.92000000,7350.84000000,25.82000000,8823.49710000,False
2021-02-18 01:35:00,3528.23000000,7457.47000000,25.82000000,8845.67090000,False
2021-02-18 01:40:00,3571.50000000,7608.88000000,25.82000000,8870.49410000,False
2021-02-18 01:45:00,3615.69000000,7601.29000000,25.82000000,8864.50780000,False
2021-02-18 01:50:00,3578.98000000,7492.23000000,25.82000000,8829.50100000,False
2021-02-18 01:55:00,3686.19000000,7768.20000000,25.82000000,8876.13960000,False
2021-02-18 02:00:00,3770.91000000,7907.49000000,25.82000000,8875.51860000,False
2021-02-18 02:05:00,3857.77000000,8060.08000000,25.82000000,8882.50000000,False
2021-02-18 02:10:00,3905.04000000,8075.83000000,25.82000000,8880.83400000,False
2021-02-18 02:15:00,4019.28000000,8243.18000000,120.82000000,8878.22560000,False
2021-02-18 02:20:00,4030.29000000,8354.47000000,120.82000000,8880.46970000,False
2021-02-18 02:25:00,4062.02000000,8398.35000000,120.82000000,8883.66800000,False
2021-02-18 02:30:00,4112.55000000,8601.35000000,25.82000000,8891.65720000,False
2021-02-18 02:35:00,4145.79000000,8841.57000000,25.82000000,8936.52340000,False
2021-02-18 02:40:00,4210.28000000,9004.43000000,25.82000000,8946.46970000,False
2021-02-18 02:45:00,4185.03000000,8950.65000000,25.82000000,8949.40630000,False
2021-02-18 02:50:00,4289.38000000,8829.80000000,25.82000000,8951.56050000,False
2021-02-18 02:55:00,4306.95000000,8779.97000000,25.82000000,8932.04100000,False
2021-02-18 03:00:00,4201.57000000,8636.91000000,25.82000000,8929.32810000,False
2021-02-18 03:05:00,4160.06000000,8700.06000000,25.82000000,8930.68650000,False
2021-02-18 03:10:00,4208.97000000,8850.26000000,25.82000000,8946.75980000,False
2021-02-18 03:15:00,4253.91000000,8877.51000000,25.82000000,8941.37500000,False
2021-02-18 03:20:00,4276.29000000,8874.04000000,120.79000000,8937.05470000,False
2021-02-18 03:25:00,4297.29000000,8659.86000000,120.79000000,8890.99120000,False
2021-02-18 03:30:00,4181.79000000,8544.17000000,120.79000000,8892.79100000,False
2021-02-18 03:35:00,4123.14000000,8566.63000000,120.79000000,8890.20510000,False
2021-02-18 03:40:00,4075.17000000,8381.89000000,120.79000000,8885.08890000,False
2021-02-18 03:45:00,4050.86000000,8224.61000000,120.79000000,8881.60940000,False
2021-02-18 03:50:00,4057.62000000,8237.32000000,25.79000000,8880.74510000,False
2021-02-18 03:55:00,4047.63000000,8257.21000000,25.79000000,8880.11330000,False
2021-02-18 04:00:00,4046.91000000,8199.33000000,25.79000000,8878.23050000,False
2021-02-18 04:05:00,4038.92000000,8203.74000000,25.79000000,8880.13380000,False
2021-02-18 04:10:00,4048.07000000,8209.15000000,25.79000000,8881.49510000,False
2021-02-18 04:15:00,4035.32000000,8251.06000000,25.79000000,8883.32320000,False
2021-02-18 04:20:00,4048.54000000,8357.81000000,25.79000000,8884.14450000,False
2021-02-18 04:25:00,3995.40000000,8292.94000000,25.79000000,8884.21390000,False
2021-02-18 04:30:00,4000.57000000,8307.18000000,25.79000000,8884.28910000,False
2021-02-18 04:35:00,3996.46000000,8386.24000000,25.79000000,8886.78910000,False
2021-02-18 04:40:00,4037.91000000,8389.08000000,25.79000000,8884.29390000,False
2021-02-18 04:45:00,4039.10000000,8074.19000000,25.79000000,8875.25000000,False
2021-02-18 04:50:00,3830.48000000,7755.48000000,25.79000000,8785.01950000,False
2021-02-18 04:55:00,3823.29000000,7651.84000000,25.79000000,8773.61720000,False
2021-02-18 05:00:00,3829.76000000,7480.37000000,25.79000000,8767.74710000,False
2021-02-18 05:05:00,3700.02000000,7236.83000000,25.79000000,8679.33980000,False
2021-02-18 05:10:00,3674.76000000,7070.90000000,25.79000000,8635.05570000,False
2021-02-18 05:15:00,3683.60000000,7052.60000000,25.79000000,8677.47170000,False
2021-02-18 05:20:00,3692.48000000,7190.60000000,25.79000000,8673.02730000,False
2021-02-18 05:25:00,3651.42000000,7200.40000000,25.77000000,8677.94430000,False
2021-02-18 05:30:00,3696.34000000,7273.76000000,25.77000000,8720.76460000,False
2021-02-18 05:35:00,3780.47000000,7293.21000000,25.77000000,8700.85350000,False
2021-02-18 05:40:00,3717.56000000,7270.96000000,25.77000000,8702.48930000,False
2021-02-18 05:45:00,3634.99000000,7149.18000000,25.77000000,8642.01170000,False
2021-02-18 05:50:00,3520.77000000,6796.20000000,25.77000000,8433.46970000,False
2021-02-18 05:55:00,3392.27000000,6313.26000000,25.77000000,7941.36960000,False
2021-02-18 06:00:00,3482.54000000,6202.03000000,25.77000000,7515.10790000,False
2021-02-18 06:05:00,3392.07000000,5806.30000000,25.77000000,7136.90820000,False
2021-02-18 06:10:00,3334.60000000,5748.23000000,25.77000000,7286.40330000,False
2021-02-18 06:15:00,3217.15000000,5587.07000000,25.77000000,7273.22510000,False
2021-02-18 06:20:00,3141.17000000,5486.17000000,25.77000000,7145.69140000,False
2021-02-18 06:25:00,3099.41000000,5296.52000000,25.77000000,6537.10400000,False
2021-02-18 06:30:00,3214.12000000,5343.26000000,25.77000000,6703.68800000,False
2021-02-18 06:35:00,3160.93000000,5391.97000000,25.77000000,6776.02340000,False
2021-02-18 06:40:00,3088.00000000,5300.43000000,25.77000000,6594.56100000,False
2021-02-18 06:45:00,3067.95000000,5081.51000000,25.77000000,6359.79050000,False
2021-02-18 06:50:00,3060.06000000,5054.29000000,25.77000000,6493.47120000,False
2021-02-18 06:55:00,3000.20000000,4935.99000000,25.77000000,6337.34770000,False
2021-02-18 07:00:00,2929.13000000,4809.27000000,25.77000000,6231.32910000,False
2021-02-18 07:05:00,2885.49000000,4872.57000000,25.77000000,6148.81150000,False
2021-02-18 07:10:00,2930.57000000,5065.75000000,25.77000000,6607.51420000,False
2021-02-18 07:15:00,3074.16000000,5449.01000000,25.77000000,7219.60500000,False
2021-02-18 07:20:00,3235.53000000,5843.31000000,25.77000000,8542.11820000,False
2021-02-18 07:25:00,3072.66000000,5598.97000000,17.00000000,7901.20210000,False
2021-02-18 07:30:00,2906.24000000,5202.30000000,17.00000000,6666.26460000,False
2021-02-18 07:35:00,2914.04000000,5131.98000000,17.00000000,6654.59080000,False
2021-02-18 07:40:00,2879.14000000,5037.44000000,17.00000000,6550.84810000,False
2021-02-18 07:45:00,2801.58000000,4940.15000000,17.00000000,6417.55420000,False
2021-02-18 07:50:00,2808.77000000,4844.46000000,17.00000000,6195.37840000,False
2021-02-18 07:55:00,2664.01000000,4551.04000000,17.00000000,5850.50980000,False
2021-02-18 08:00:00,2635.23000000,4637.69000000,17.00000000,6015.55030000,False
2021-02-18 08:05:00,2648.22000000,4683.88000000,17.00000000,5972.40530000,False
2021-02-18 08:10:00,2719.54000000,4797.41000000,17.00000000,6147.59860000,False
2021-02-18 08:15:00,2734.29000000,4872.74000000,17.00000000,6237.50730000,False
2021-02-18 08:20:00,2722.67000000,4744.72000000,17.00000000,6056.07370000,False
2021-02-18 08:25:00,2684.02000000,4754.34000000,17.00000000,6059.50730000,False
2021-02-18 08:30:00,2677.86000000,4787.53000000,17.00000000,6070.35060000,False
2021-02-18 08:35:00,2714.66000000,4910.33000000,17.00000000,6234.74710000,False
2021-02-18 08:40:00,2773.38000000,4972.75000000,17.00000000,6354.90280000,False
2021-02-18 08:45:00,2745.74000000,4903.42000000,17.00000000,6306.27250000,False
2021-02-18 08:50:00,2741.20000000,4900.63000000,17.00000000,6302.70950000,False
2021-02-18 08:55:00,2645.38000000,4757.53000000,17.00000000,6247.15140000,False
2021-02-18 09:00:00,2467.78000000,4277.15000000,17.00000000,5763.86720000,False
2021-02-18 09:05:00,2550.53000000,4432.35000000,17.00000000,6447.61130000,False
2021-02-18 09:10:00,2550.87000000,4426.81000000,17.00000000,6358.99560000,False
2021-02-18 09:15:00,2476.38000000,4405.56000000,17.00000000,6126.72310000,False
2021-02-18 09:20:00,2447.05000000,4323.63000000,17.00000000,5792.98540000,False
2021-02-18 09:25:00,2464.82000000,4324.93000000,17.00000000,5739.13130000,False
2021-02-18 09:30:00,2764.61000000,5052.81000000,17.00000000,7178.60940000,False
2021-02-18 09:35:00,2786.02000000,5110.94000000,17.00000000,6861.94820000,False
2021-02-18 09:40:00,2594.63000000,4882.57000000,17.00000000,6248.55270000,False
2021-02-18 09:45:00,2601.60000000,4799.58000000,17.00000000,6165.21340000,False
2021-02-18 09:50:00,2612.51000000,4801.88000000,17.00000000,6028.07760000,False
2021-02-18 09:55:00,2566.80000000,4854.53000000,17.00000000,6080.25590000,False
2021-02-18 10:00:00,2620.60000000,4847.31000000,18.39000000,6325.53080000,False
2021-02-18 10:05:00,2574.95000000,4707.07000000,17.00000000,6103.77000000,False
2021-02-18 10:10:00,2666.14000000,4755.83000000,17.00000000,6120.81840000,False
2021-02-18 10:15:00,2650.03000000,4677.51000000,17.00000000,5906.42920000,False
2021-02-18 10:20:00,2717.45000000,4702.18000000,17.00000000,5895.12110000,False
2021-02-18 10:25:00,2942.57000000,5214.12000000,17.00000000,6435.59080000,False
2021-02-18 10:30:00,2898.05000000,5072.99000000,17.00000000,6798.87600000,False
2021-02-18 10:35:00,2855.02000000,5298.11000000,17.00000000,6656.25000000,False
2021-02-18 10:40:00,2803.89000000,5140.02000000,17.00000000,6758.15280000,False
2021-02-18 10:45:00,3080.55000000,5738.84000000,17.00000000,7547.34470000,False
2021-02-18 10:50:00,3058.18000000,5564.02000000,17.00000000,7552.16700000,False
2021-02-18 10:55:00,3066.12000000,5617.59000000,17.00000000,7356.87890000,False
2021-02-18 11:00:00,3048.85000000,5384.44000000,17.00000000,7324.40380000,False
2021-02-18 11:05:00,3199.04000000,5765.78000000,17.00000000,8111.59130000,False
2021-02-18 11:10:00,3414.00000000,6237.86000000,17.00000000,8489.30080000,False
2021-02-18 11:15:00,3296.96000000,5981.14000000,17.00000000,8346.46680000,False
2021-02-18 11:20:00,3478.10000000,6425.18000000,17.00000000,8633.88570000,False
2021-02-18 11:25:00,3558.70000000,6801.30000000,17.00000000,8678.40630000,False
2021-02-18 11:30:00,3645.03000000,7114.69000000,17.00000000,8694.70700000,False
2021-02-18 11:35:00,3503.30000000,7069.32000000,17.00000000,8675.31840000,False
2021-02-18 11:40:00,3631.08000000,7232.81000000,17.00000000,8826.54300000,False
2021-02-18 11:45:00,3755.42000000,7622.68000000,17.00000000,8857.59670000,False
2021-02-18 11:50:00,3911.97000000,7941.78000000,17.00000000,8913.31450000,False
2021-02-18 11:55:00,4028.05000000,8332.13000000,17.00000000,8920.84860000,False
2021-02-18 12:00:00,4240.56000000,8650.07000000,17.60000000,8922.85550000,False
2021-02-18 12:05:00,4291.53000000,8959.57000000,17.00000000,8929.34960000,False
2021-02-18 12:10:00,4669.49000000,9871.10000000,17.00000000,8936.05370000,False
2021-02-18 12:15:00,4843.15000000,10007.18000000,17.00000000,8935.04880000,False
2021-02-18 12:20:00,4957.29000000,10323.00000000,17.00000000,8935.62890000,False
2021-02-18 12:25:00,5109.54000000,10460.93000000,17.00000000,8936.37010000,False
2021-02-18 12:30:00,5026.28000000,10517.43000000,17.00000000,8939.69530000,False
2021-02-18 12:35:00,5188.40000000,10876.95000000,17.00000000,8950.54200000,False
2021-02-18 12:40:00,5159.64000000,11170.50000000,17.00000000,8951.49710000,False
2021-02-18 12:45:00,5106.78000000,10765.45000000,17.00000000,8957.13870000,False
2021-02-18 12:50:00,5255.82000000,11145.18000000,17.00000000,8960.75880000,False
2021-02-18 12:55:00,5497.44000000,11685.48000000,62.00000000,8960.85940000,False
2021-02-18 13:00:00,5463.05000000,11656.99000000,17.00000000,8962.21580000,False
2021-02-18 13:05:00,5498.92000000,11996.38000000,62.00000000,8971.54790000,False
2021-02-18 13:10:00,5527.98000000,11703.95000000,62.00000000,8973.74710000,False
2021-02-18 13:15:00,5519.81000000,11815.88000000,62.00000000,8971.59470000,False
2021-02-18 13:20:00,5547.92000000,11688.62000000,17.00000000,8972.15040000,False
2021-02-18 13:25:00,5644.43000000,11792.52000000,17.40000000,8975.63960000,False
2021-02-18 13:30:00,5752.92000000,12510.24000000,18.30000000,8977.66410000,False
2021-02-18 13:35:00,5880.70000000,12820.17000000,63.90000000,8974.36720000,False
2021-02-18 13:40:00,6003.81000000,12839.91000000,63.00000000,8973.95700000,False
2021-02-18 13:45:00,6010.21000000,12804.06000000,63.40000000,8973.40530000,False
2021-02-18 13:50:00,6030.26000000,13024.25000000,64.30000000,8973.55660000,False
2021-02-18 13:55:00,6069.27000000,13191.22000000,63.40000000,8973.71880000,False
2021-02-18 14:00:00,6222.50000000,13736.01000000,63.40000000,8975.42190000,False
2021-02-18 14:05:00,6163.31000000,13708.93000000,17.40000000,8974.01560000,False
2021-02-18 14:10:00,6180.37000000,13691.73000000,17.70000000,8974.28810000,False
2021-02-18 14:15:00,6245.72000000,13894.71000000,17.80000000,8974.29590000,False
2021-02-18 14:20:00,6084.53000000,13832.81000000,17.40000000,8975.15630000,False
2021-02-18 14:25:00,6234.23000000,14165.98000000,17.60000000,8975.33690000,False
2021-02-18 14:30:00,6319.71000000,14516.31000000,17.40000000,8974.78610000,False
2021-02-18 14:35:00,6337.39000000,14673.04000000,17.40000000,8975.41800000,False
2021-02-18 14:40:00,6507.71000000,15059.63000000,24.30000000,8976.84080000,False
2021-02-18 14:45:00,6520.42000000,15005.57000000,22.70000000,8976.88380000,False
2021-02-18 14:50:00,6494.34000000,15282.21000000,20.70000000,8982.44920000,False
2021-02-18 14:55:00,6384.83000000,14853.54000000,20.80000000,8979.95700000,False
2021-02-18 15:00:00,6672.35000000,15443.53000000,17.60000000,8989.20510000,False
2021-02-18 15:05:00,6654.07000000,15428.28000000,18.90000000,8989.09670000,False
2021-02-18 15:10:00,6627.27000000,15375.54000000,23.80000000,8988.82030000,False
2021-02-18 15:15:00,6396.19000000,14947.56000000,25.70000000,8979.58300000,False
2021-02-18 15:20:00,6524.47000000,15467.39000000,26.60000000,8977.71580000,False
2021-02-18 15:25:00,6074.99000000,14455.59000000,26.90000000,8979.49510000,False
2021-02-18 15:30:00,6152.65000000,14487.58000000,26.00000000,8981.64060000,False
2021-02-18 15:35:00,6273.03000000,14971.44000000,26.20000000,8988.72460000,False
2021-02-18 15:40:00,6571.43000000,15293.07000000,26.80000000,8988.91700000,False
2021-02-18 15:45:00,6755.43000000,15396.42000000,27.70000000,8989.78910000,False
2021-02-18 15:50:00,6777.32000000,15738.17000000,27.00000000,8989.09380000,False
2021-02-18 15:55:00,6791.92000000,15793.31000000,43.30000000,8989.04690000,False
2021-02-18 16:00:00,7080.72000000,16333.80000000,69.50000000,8990.17380000,False
2021-02-18 16:05:00,6975.75000000,16176.29000000,77.00000000,8990.03910000,False
2021-02-18 16:10:00,6852.16000000,15887.68000000,77.00000000,8993.60450000,False
2021-02-18 16:15:00,6853.52000000,15959.89000000,77.00000000,8989.74120000,False
2021-02-18 16:20:00,6887.63000000,15884.27000000,77.00000000,8989.73540000,False
2021-02-18 16:25:00,6939.81000000,16306.10000000,77.00000000,8989.73140000,False
2021-02-18 16:30:00,6961.50000000,16326.97000000,77.00000000,8989.64260000,False
2021-02-18 16:35:00,7016.14000000,16309.79000000,77.00000000,8989.77340000,False
2021-02-18 16:40:00,6963.64000000,16454.18000000,77.00000000,8987.73730000,False
2021-02-18 16:45:00,6857.16000000,16170.68000000,77.00000000,8975.47360000,False
2021-02-18 16:50:00,6812.45000000,16062.64000000,77.00000000,8976.22460000,False
2021-02-18 16:55:00,6803.92000000,16250.85000000,77.00000000,8977.20020000,False
2021-02-18 17:00:00,6877.08000000,15876.77000000,77.00000000,8974.95610000,False
2021-02-18 17:05:00,6876.39000000,15662.11000000,77.00000000,8974.09080000,False
2021-02-18 17:10:00,6725.42000000,15080.46000000,77.00000000,8973.89450000,False
2021-02-18 17:15:00,6788.28000000,14865.47000000,77.00000000,8971.22560000,False
2021-02-18 17:20:00,6658.87000000,14113.22000000,77.00000000,8970.65230000,False
2021-02-18 17:25:00,6248.72000000,13670.70000000,77.00000000,8971.22750000,False
2021-02-18 17:30:00,6253.30000000,13886.38000000,77.00000000,8979.90140000,False
2021-02-18 17:35:00,6169.23000000,13691.75000000,77.00000000,8979.34670000,False
2021-02-18 17:40:00,6060.71000000,13576.34000000,77.00000000,8975.53420000,False
2021-02-18 17:45:00,5810.39000000,13199.32000000,77.00000000,8968.66500000,False
2021-02-18 17:50:00,5556.77000000,12347.54000000,77.00000000,8944.76660000,False
2021-02-18 17:55:00,5672.71000000,11529.86000000,77.00000000,8943.03610000,False
2021-02-18 18:00:00,5437.90000000,11516.62000000,77.00000000,8942.91310000,False
2021-02-18 18:05:00,5368.47000000,11237.63000000,46.40000000,8944.25780000,False
2021-02-18 18:10:00,5161.79000000,11326.27000000,17.50000000,8933.56540000,False
2021-02-18 18:15:00,5047.65000000,10790.19000000,17.00000000,8835.13180000,False
2021-02-18 18:20:00,4756.54000000,10263.71000000,17.00000000,8740.50000000,False
2021-02-18 18:25:00,4661.97000000,10208.71000000,17.60000000,8662.83590000,False
2021-02-18 18:30:00,4402.35000000,9272.81000000,17.40000000,8662.46970000,False
2021-02-18 18:35:00,4403.10000000,9286.18000000,17.00000000,8653.07710000,False
2021-02-18 18:40:00,4442.96000000,9364.09000000,17.00000000,8639.12790000,False
2021-02-18 18:45:00,4346.10000000,9072.17000000,17.00000000,8639.40040000,False
2021-02-18 18:50:00,4266.54000000,8901.57000000,17.00000000,8633.58690000,False
2021-02-18 18:55:00,4120.48000000,9028.48000000,17.00000000,8633.53710000,False
2021-02-18 19:00:00,4074.63000000,9121.54000000,27.10000000,8666.40920000,False
2021-02-18 19:05:00,4217.75000000,9323.19000000,80.00000000,8667.17680000,False
2021-02-18 19:10:00,4124.02000000,9253.99000000,49.00000000,8671.21190000,False
2021-02-18 19:15:00,4203.85000000,9513.06000000,49.00000000,8671.84770000,False
2021-02-18 19:20:00,4175.65000000,9459.41000000,49.00000000,8669.77830000,False
2021-02-18 19:25:00,4205.40000000,9594.02000000,49.00000000,8655.91020000,False
2021-02-18 19:30:00,4045.03000000,9304.59000000,49.00000000,8473.40820000,False
2021-02-18 19:35:00,4156.55000000,9250.36000000,49.00000000,8649.92680000,False
2021-02-18 19:40:00,4259.41000000,9580.92000000,95.00000000,8657.36130000,False
2021-02-18 19:45:00,4358.51000000,9811.35000000,95.00000000,8648.95310000,False
2021-02-18 19:50:00,4249.04000000,9525.52000000,63.00000000,8667.97070000,False
2021-02-18 19:55:00,4335.21000000,9550.49000000,63.00000000,8656.83500000,False
2021-02-18 20:00:00,4356.56000000,9627.53000000,18.45000000,8674.20120000,False
2021-02-18 20:05:00,4444.31000000,9845.58000000,17.00000000,8675.48930000,False
2021-02-18 20:10:00,4306.35000000,9745.91000000,17.00000000,8673.70310000,False
2021-02-18 20:15:00,4354.36000000,9657.14000000,17.00000000,8674.39750000,False
2021-02-18 20:20:00,4379.79000000,9987.48000000,17.00000000,8675.18260000,False
2021-02-18 20:25:00,4419.44000000,10089.00000000,17.00000000,8682.25200000,False
2021-02-18 20:30:00,4354.94000000,10071.42000000,17.00000000,8672.82710000,False
2021-02-18 20:35:00,4306.19000000,9757.25000000,17.00000000,8680.35740000,False
2021-02-18 20:40:00,4403.75000000,9943.47000000,17.00000000,8680.76170000,False
2021-02-18 20:45:00,4437.60000000,10140.61000000,17.00000000,8828.54880000,False
2021-02-18 20:50:00,4469.58000000,10327.54000000,17.00000000,8820.85840000,False
2021-02-18 20:55:00,4375.60000000,10072.23000000,17.00000000,8799.04390000,False
2021-02-18 21:00:00,4446.97000000,10015.90000000,17.20000000,8831.15430000,False
2021-02-18 21:05:00,4594.96000000,10293.35000000,17.00000000,8837.01950000,False
2021-02-18 21:10:00,4565.97000000,10361.71000000,17.00000000,8835.13670000,False
2021-02-18 21:15:00,4578.94000000,10360.24000000,17.00000000,8835.21290000,False
2021-02-18 21:20:00,4580.44000000,10319.86000000,17.00000000,8837.25000000,False
2021-02-18 21:25:00,4625.42000000,10482.41000000,17.00000000,8839.23630000,False
2021-02-18 21:30:00,4554.54000000,10422.36000000,17.00000000,8839.83300000,False
2021-02-18 21:35:00,4727.94000000,10678.42000000,17.00000000,8906.16800000,False
2021-02-18 21:40:00,4734.98000000,10597.40000000,17.00000000,8918.18950000,False
2021-02-18 21:45:00,4808.74000000,10606.70000000,17.00000000,8919.64360000,False
2021-02-18 21:50:00,4734.35000000,10714.16000000,17.00000000,8928.84670000,False
2021-02-18 21:55:00,4742.60000000,10750.84000000,17.00000000,8931.60350000,False
2021-02-18 22:00:00,4927.48000000,10773.83000000,17.00000000,8939.81350000,False
2021-02-18 22:05:00,5261.33000000,11488.28000000,17.00000000,8940.48630000,False
2021-02-18 22:10:00,5220.99000000,11548.75000000,17.00000000,8941.54790000,False
2021-02-18 22:15:00,5248.64000000,11508.28000000,17.00000000,8941.70510000,False
2021-02-18 22:20:00,5233.88000000,11466.61000000,17.00000000,8949.38090000,False
2021-02-18 22:25:00,5197.63000000,11517.36000000,17.00000000,8952.40430000,False
2021-02-18 22:30:00,5228.68000000,11701.43000000,17.00000000,8961.59770000,False
2021-02-18 22:35:00,5205.19000000,11777.04000000,17.00000000,8957.88960000,False
2021-02-18 22:40:00,5149.92000000,11503.76000000,17.00000000,8958.92870000,False
2021-02-18 22:45:00,5186.57000000,11827.86000000,17.00000000,8960.32810000,False
2021-02-18 22:50:00,5262.17000000,12018.13000000,17.00000000,8963.06930000,False
2021-02-18 22:55:00,5276.67000000,12053.71000000,17.00000000,8963.47170000,False
2021-02-18 23:00:00,5296.86000000,12111.64000000,17.00000000,8968.90630000,False
2021-02-18 23:05:00,5222.40000000,11927.44000000,17.00000000,8970.31840000,False
2021-02-18 23:10:00,5263.62000000,12117.96000000,17.00000000,8970.59280000,False
2021-02-18 23:15:00,5040.80000000,11398.42000000,17.00000000,8962.84770000,False
2021-02-18 23:20:00,4963.00000000,11508.30000000,17.00000000,8969.29200000,False
2021-02-18 23:25:00,5063.64000000,11811.28000000,17.00000000,8969.40430000,False
2021-02-18 23:30:00,5062.37000000,11811.15000000,17.00000000,8970.77440000,False
2021-02-18 23:35:00,5115.32000000,11891.83000000,17.00000000,8970.91990000,False
2021-02-18 23:40:00,5125.75000000,11818.48000000,17.00000000,8970.97270000,False
2021-02-18 23:45:00,5216.98000000,11947.34000000,17.00000000,8971.58110000,False
2021-02-18 23:50:00,5206.83000000,11954.66000000,17.00000000,8971.71880000,False
2021-02-18 23:55:00,5296.60000000,12074.45000000,17.00000000,8971.84470000,False
2021-02-19 00:00:00,5321.20000000,12279.19000000,57.00000000,8971.79100000,False
2021-02-19 00:05:00,5514.39000000,12410.50000000,57.00000000,8972.14360000,False
2021-02-19 00:10:00,5542.15000000,12432.13000000,57.00000000,8972.31540000,False
2021-02-19 00:15:00,5535.60000000,12397.41000000,57.00000000,8972.16020000,False
2021-02-19 00:20:00,5540.19000000,12211.04000000,57.00000000,8972.10160000,False
2021-02-19 00:25:00,5505.39000000,12299.96000000,57.00000000,8971.92680000,False
2021-02-19 00:30:00,5399.51000000,12154.36000000,17.00000000,8971.97660000,False
2021-02-19 00:35:00,5428.21000000,12087.83000000,17.00000000,8972.10250000,False
2021-02-19 00:40:00,5492.58000000,12111.42000000,17.00000000,8971.69240000,False
2021-02-19 00:45:00,5603.17000000,12347.40000000,17.00000000,8971.59280000,False
2021-02-19 00:50:00,5725.44000000,12538.28000000,17.00000000,8970.50100000,False
2021-02-19 00:55:00,5652.99000000,12443.62000000,17.00000000,8970.47270000,False
2021-02-19 01:00:00,5626.52000000,12200.91000000,17.00000000,8970.43460000,False
2021-02-19 01:05:00,5522.22000000,12118.38000000,17.00000000,8970.51170000,False
2021-02-19 01:10:00,5594.87000000,12335.52000000,17.00000000,8970.55270000,False
2021-02-19 01:15:00,5697.50000000,12630.36000000,17.00000000,8970.50680000,False
2021-02-19 01:20:00,5675.97000000,12745.08000000,17.00000000,8970.40330000,False
2021-02-19 01:25:00,5604.49000000,12315.36000000,17.00000000,8970.42770000,False
2021-02-19 01:30:00,5652.77000000,12481.98000000,17.00000000,8970.33400000,False
2021-02-19 01:35:00,5661.10000000,12593.25000000,17.00000000,8970.31840000,False
2021-02-19 01:40:00,5594.10000000,12513.25000000,17.00000000,8970.52440000,False
2021-02-19 01:45:00,5564.66000000,12478.22000000,17.00000000,8970.37300000,False
2021-02-19 01:50:00,5650.59000000,12688.64000000,17.00000000,8970.32230000,False
2021-02-19 01:55:00,5624.26000000,12526.50000000,17.00000000,8970.24510000,False
2021-02-19 02:00:00,5609.38000000,12648.02000000,17.00000000,8970.39160000,False
2021-02-19 02:05:00,5569.42000000,12486.16000000,17.00000000,8970.26070000,False
2021-02-19 02:10:00,5552.67000000,12471.86000000,17.00000000,8970.17290000,False
2021-02-19 02:15:00,5542.93000000,12400.26000000,17.00000000,8970.03130000,False
2021-02-19 02:20:00,5445.49000000,12288.91000000,17.00000000,8970.04200000,False
2021-02-19 02:25:00,5373.70000000,12073.56000000,17.00000000,8967.91210000,False
2021-02-19 02:30:00,5330.57000000,11996.94000000,17.00000000,8969.98140000,False
2021-02-19 02:35:00,5406.27000000,12231.78000000,17.00000000,8964.75200000,False
2021-02-19 02:40:00,5374.09000000,12056.97000000,17.00000000,8967.15330000,False
2021-02-19 02:45:00,5248.54000000,11827.54000000,17.00000000,8957.96390000,False
2021-02-19 02:50:00,5275.30000000,11873.34000000,17.00000000,8956.24610000,False
2021-02-19 02:55:00,5232.54000000,11664.80000000,26.90000000,8935.82230000,False
2021-02-19 03:00:00,5256.55000000,11865.22000000,26.90000000,8949.86620000,False
2021-02-19 03:05:00,5197.12000000,11623.88000000,26.90000000,8934.84380000,False
2021-02-19 03:10:00,5182.68000000,11576.46000000,26.90000000,8943.40720000,False
2021-02-19 03:15:00,5196.01000000,11770.94000000,26.90000000,8939.84670000,False
2021-02-19 03:20:00,5179.12000000,11627.00000000,26.90000000,8934.75980000,False
2021-02-19 03:25:00,5082.55000000,11473.51000000,26.90000000,8933.14360000,False
2021-02-19 03:30:00,5047.16000000,11304.97000000,26.90000000,8931.64840000,False
2021-02-19 03:35:00,5032.67000000,11282.00000000,26.90000000,8929.49410000,False
2021-02-19 03:40:00,4937.73000000,11049.33000000,26.90000000,8927.06840000,False
2021-02-19 03:45:00,4846.36000000,10643.29000000,26.90000000,8920.89360000,False
2021-02-19 03:50:00,4882.29000000,10720.94000000,26.90000000,8920.56250000,False
2021-02-19 03:55:00,4877.80000000,10575.18000000,26.90000000,8919.98240000,False
2021-02-19 04:00:00,4861.78000000,10635.68000000,26.90000000,8917.02050000,False
2021-02-19 04:05:00,4627.09000000,10075.32000000,26.90000000,8723.99120000,False
2021-02-19 04:10:00,4536.69000000,9889.89000000,26.90000000,8712.00590000,False
2021-02-19 04:15:00,4380.82000000,9474.10000000,26.90000000,8680.44040000,False
2021-02-19 04:20:00,4371.08000000,9381.27000000,26.90000000,8686.32420000,False
2021-02-19 04:25:00,4340.23000000,9262.78000000,26.90000000,8685.79790000,False
2021-02-19 04:30:00,4274.14000000,9066.87000000,26.90000000,8670.53910000,False
2021-02-19 04:35:00,4266.17000000,9015.59000000,26.90000000,8465.92290000,False
2021-02-19 04:40:00,4203.06000000,8768.50000000,26.90000000,8274.41890000,False
2021-02-19 04:45:00,4182.23000000,8619.30000000,26.90000000,8342.41600000,False
2021-02-19 04:50:00,4141.19000000,8509.90000000,26.90000000,8224.65040000,False
2021-02-19 04:55:00,4082.45000000,8086.33000000,142.90000000,7917.68210000,False
2021-02-19 05:00:00,4069.89000000,7872.65000000,142.90000000,7724.93210000,False
2021-02-19 05:05:00,4095.62000000,7729.12000000,72.90000000,7920.41060000,False
2021-02-19 05:10:00,4030.33000000,7698.87000000,72.90000000,7524.27690000,False
2021-02-19 05:15:00,4011.64000000,7564.07000000,72.90000000,7568.35890000,False
2021-02-19 05:20:00,3973.72000000,7492.29000000,72.90000000,7531.50240000,False
2021-02-19 05:25:00,3796.23000000,7191.85000000,204.90000000,7304.21480000,False
2021-02-19 05:30:00,3807.65000000,7158.77000000,26.90000000,7466.64550000,False
2021-02-19 05:35:00,3711.19000000,6937.01000000,26.90000000,7293.22020000,False
2021-02-19 05:40:00,3641.50000000,6682.74000000,26.90000000,6780.56880000,False
2021-02-19 05:45:00,3615.54000000,6492.33000000,26.90000000,6801.00980000,False
2021-02-19 05:50:00,3517.04000000,6248.59000000,26.90000000,6687.56100000,False
2021-02-19 05:55:00,3432.64000000,5941.51000000,26.90000000,6526.77000000,False
2021-02-19 06:00:00,3412.39000000,5649.61000000,26.90000000,6254.30030000,False
2021-02-19 06:05:00,3259.59000000,5061.53000000,26.90000000,5972.56490000,False
2021-02-19 06:10:00,2921.67000000,4867.26000000,26.90000000,5829.10690000,False
2021-02-19 06:15:00,2913.14000000,4726.70000000,26.90000000,5794.60640000,False
2021-02-19 06:20:00,2764.01000000,4481.70000000,26.90000000,5551.52000000,False
2021-02-19 06:25:00,2820.16000000,4414.32000000,26.90000000,5592.48630000,False
2021-02-19 06:30:00,2821.86000000,4385.26000000,26.90000000,5577.11770000,False
2021-02-19 06:35:00,2821.19000000,4360.88000000,26.90000000,5312.05520000,False
2021-02-19 06:40:00,2705.91000000,4175.19000000,26.90000000,4993.92290000,False
2021-02-19 06:45:00,2708.08000000,4129.24000000,26.90000000,4967.67530000,False
2021-02-19 06:50:00,2706.45000000,4197.33000000,26.90000000,5036.14310000,False
2021-02-19 06:55:00,2752.47000000,4247.66000000,26.90000000,5089.78270000,False
2021-02-19 07:00:00,2955.59000000,4575.66000000,26.90000000,5744.74410000,False
2021-02-19 07:05:00,2806.11000000,4409.92000000,26.90000000,5592.16990000,False
2021-02-19 07:10:00,2855.87000000,4526.51000000,26.90000000,5723.54880000,False
2021-02-19 07:15:00,2836.18000000,4567.19000000,26.90000000,5735.50590000,False
2021-02-19 07:20:00,2872.48000000,4715.01000000,26.90000000,5915.61080000,False
2021-02-19 07:25:00,2951.51000000,4843.44000000,26.90000000,5991.96530000,False
2021-02-19 07:30:00,2855.99000000,4813.30000000,26.90000000,6038.84810000,False
2021-02-19 07:35:00,2836.75000000,4810.07000000,26.90000000,5989.96630000,False
2021-02-19 07:40:00,3105.88000000,5370.08000000,26.90000000,7228.76860000,False
2021-02-19 07:45:00,3079.15000000,5497.18000000,26.90000000,7309.03470000,False
2021-02-19 07:50:00,3108.47000000,5682.32000000,26.90000000,7405.71730000,False
2021-02-19 07:55:00,3211.75000000,5856.53000000,26.90000000,7520.70070000,False
2021-02-19 08:00:00,3232.78000000,6060.23000000,26.90000000,7908.82760000,False
2021-02-19 08:05:00,3439.45000000,6454.38000000,26.90000000,7926.41160000,False
2021-02-19 08:10:00,3543.55000000,6844.02000000,26.90000000,8239.72460000,False
2021-02-19 08:15:00,3663.89000000,7416.51000000,26.90000000,8513.84670000,False
2021-02-19 08:20:00,3922.22000000,8028.72000000,26.90000000,8655.79790000,False
2021-02-19 08:25:00,4042.09000000,8325.75000000,26.90000000,8770.80960000,False
2021-02-19 08:30:00,4162.89000000,8482.50000000,26.90000000,8899.00200000,False
2021-02-19 08:35:00,4329.20000000,9020.05000000,26.90000000,8919.93460000,False
2021-02-19 08:40:00,4579.76000000,9604.94000000,26.90000000,8922.77730000,False
2021-02-19 08:45:00,4835.37000000,10123.39000000,26.90000000,8925.89940000,False
2021-02-19 08:50:00,4858.22000000,10466.67000000,26.90000000,8925.31250000,False
2021-02-19 08:55:00,5078.99000000,11064.53000000,26.90000000,8925.56050000,False
2021-02-19 09:00:00,5003.72000000,11246.12000000,26.90000000,8931.62790000,False
2021-02-19 09:05:00,4948.41000000,11067.37000000,26.90000000,16.76320000,False
2021-02-19 09:10:00,5174.08000000,11681.46000000,110.90000000,29.39930000,False
2021-02-19 09:15:00,5139.95000000,12018.67000000,156.90000000,27.54860000,False
2021-02-19 09:20:00,5328.87000000,12444.45000000,156.90000000,6.44220000,False
2021-02-19 09:25:00,5582.58000000,12788.55000000,157.30000000,5.19750000,False
2021-02-19 09:30:00,5621.48000000,13168.14000000,158.60000000,3.64840000,False
2021-02-19 09:35:00,5704.12000000,13431.51000000,157.40000000,22.26250000,False
2021-02-19 09:40:00,5725.32000000,13641.63000000,27.80000000,19.86820000,False
2021-02-19 09:45:00,5851.07000000,14123.35000000,27.30000000,15.33630000,False
2021-02-19 09:50:00,5898.69000000,14327.11000000,27.30000000,4.77020000,False
2021-02-19 09:55:00,6198.46000000,14170.36000000,27.30000000,3.53490000,False
2021-02-19 10:00:00,6506.42000000,15088.05000000,27.30000000,0.00000000,False
2021-02-19 10:05:00,6600.37000000,14971.26000000,27.30000000,2.35370000,False
2021-02-19 10:10:00,6254.78000000,13837.33000000,157.60000000,10.24760000,False
2021-02-19 10:15:00,5936.93000000,13254.91000000,643.97000000,4.50090000,False
2021-02-19 10:20:00,5971.63000000,13834.91000000,1084.14000000,2.21050000,False
2021-02-19 10:25:00,5887.93000000,13963.99000000,1564.39000000,2.34890000,False
2021-02-19 10:30:00,5871.70000000,14432.21000000,1224.69000000,2.04840000,False
2021-02-19 10:35:00,6066.88000000,15453.75000000,591.80000000,2.28620000,False
2021-02-19 10:40:00,6056.13000000,15818.79000000,661.80000000,2.38600000,False
2021-02-19 10:45:00,6005.94000000,15838.51000000,802.90000000,3.15590000,False
2021-02-19 10:50:00,6034.31000000,15683.56000000,1391.30000000,13.19480000,False
2021-02-19 10:55:00,6096.19000000,15635.40000000,1594.86000000,5.92450000,False
2021-02-19 11:00:00,6155.22000000,16148.98000000,1886.81000000,5.46660000,False
2021-02-19 11:05:00,6075.50000000,15598.98000000,1946.00000000,4.92090000,False
2021-02-19 11:10:00,6051.07000000,15597.95000000,2020.19000000,3.67260000,False
2021-02-19 11:15:00,6216.69000000,15884.97000000,2222.16000000,1.75430000,False
2021-02-19 11:20:00,6317.75000000,16249.98000000,2182.41000000,3.67230000,False
2021-02-19 11:25:00,6351.26000000,16372.46000000,2235.38000000,3.97950000,False
2021-02-19 11:30:00,6421.40000000,16379.34000000,2297.12000000,4.29200000,False
2021-02-19 11:35:00,6502.22000000,16494.57000000,2297.04000000,4.31840000,False
2021-02-19 11:40:00,6613.73000000,16931.68000000,2297.05000000,2.71440000,False
2021-02-19 11:45:00,6678.04000000,16996.15000000,2297.05000000,2.89740000,False
2021-02-19 11:50:00,6535.56000000,17123.40000000,2297.27000000,2.64740000,False
2021-02-19 11:55:00,6782.48000000,17476.08000000,2297.26000000,1.27480000,False
2021-02-19 12:00:00,6949.84000000,18208.62000000,2293.71000000,1.12610000,False
2021-02-19 12:05:00,6995.06000000,18425.55000000,2208.86000000,0.29610000,False
2021-02-19 12:10:00,7032.50000000,18557.44000000,2178.79000000,0.33350000,False
2021-02-19 12:15:00,7021.56000000,18618.34000000,2224.79000000,0.27130000,False
2021-02-19 12:20:00,7088.56000000,18774.90000000,2225.02000000,0.17150000,False
2021-02-19 12:25:00,7087.08000000,18972.58000000,2225.05000000,0.18730000,False
2021-02-19 12:30:00,7151.23000000,19034.15000000,2221.83000000,0.01840000,False
2021-02-19 12:35:00,7244.22000000,19169.43000000,2274.75000000,0.19690000,False
2021-02-19 12:40:00,7261.28000000,19025.29000000,2274.80000000,0.58910000,False
2021-02-19 12:45:00,7355.40000000,19631.64000000,2274.80000000,0.23100000,False
2021-02-19 12:50:00,7431.13000000,19958.54000000,2433.36000000,0.89670000,False
2021-02-19 12:55:00,7496.77000000,19866.71000000,2680.48000000,11.24010000,False
2021-02-19 13:00:00,7477.87000000,20015.66000000,2675.35000000,0.26190000,False
2021-02-19 13:05:00,7535.80000000,20103.99000000,2923.23000000,0.33940000,False
2021-02-19 13:10:00,7454.52000000,20240.04000000,2919.21000000,1.40330000,False
2021-02-19 13:15:00,7403.27000000,19983.80000000,2919.23000000,4.57980000,False
2021-02-19 13:20:00,7539.11000000,20545.42000000,2853.60000000,9.66700000,False
2021-02-19 13:25:00,7633.96000000,20847.33000000,2857.69000000,9.76120000,False
2021-02-19 13:30:00,7829.65000000,21188.22000000,2854.72000000,9.29290000,False
2021-02-19 13:35:00,7859.93000000,21069.42000000,2858.59000000,9.58220000,False
2021-02-19 13:40:00,7928.71000000,21479.46000000,2858.37000000,9.38150000,False
2021-02-19 13:45:00,8013.61000000,21365.81000000,2858.37000000,6.33370000,False
2021-02-19 13:50:00,8019.14000000,21777.83000000,2854.60000000,2.31680000,False
2021-02-19 13:55:00,8121.77000000,22317.61000000,2900.71000000,0.60560000,False
2021-02-19 14:00:00,8095.42000000,22508.88000000,3441.02000000,0.63700000,False
2021-02-19 14:05:00,8068.61000000,22383.43000000,3440.56000000,0.57160000,False
2021-02-19 14:10:00,8172.42000000,22760.07000000,3440.60000000,0.43290000,False
2021-02-19 14:15:00,8158.92000000,22583.47000000,3440.56000000,0.59080000,False
2021-02-19 14:20:00,8161.68000000,22544.21000000,3440.56000000,0.65140000,False
2021-02-19 14:25:00,8185.59000000,22931.24000000,3444.55000000,0.68700000,False
2021-02-19 14:30:00,8116.62000000,22735.83000000,3444.60000000,0.57470000,False
2021-02-19 14:35:00,8130.56000000,22757.68000000,3571.56000000,0.56920000,False
2021-02-19 14:40:00,8030.50000000,22484.59000000,3572.38000000,0.57820000,False
2021-02-19 14:45:00,8093.16000000,22776.46000000,3568.36000000,0.57230000,False
2021-02-19 14:50:00,8106.66000000,22883.07000000,3573.55000000,0.53190000,False
2021-02-19 14:55:00,8098.87000000,22701.38000000,3705.51000000,0.53920000,False
2021-02-19 15:00:00,8119.43000000,22764.46000000,3802.21000000,0.46920000,False
2021-02-19 15:05:00,8118.89000000,22942.95000000,3801.31000000,0.23540000,False
2021-02-19 15:10:00,8194.77000000,22968.97000000,3798.29000000,0.24610000,False
2021-02-19 15:15:00,8238.42000000,23001.19000000,3805.12000000,0.23940000,False
2021-02-19 15:20:00,8192.60000000,23099.75000000,3805.10000000,0.38100000,False
2021-02-19 15:25:00,8169.23000000,23327.59000000,3797.11000000,0.79510000,False
2021-02-19 15:30:00,8338.06000000,23397.79000000,3797.21000000,0.79230000,False
2021-02-19 15:35:00,8342.78000000,23438.77000000,3801.29000000,0.79220000,False
2021-02-19 15:40:00,8384.31000000,23552.42000000,3800.07000000,0.79060000,False
2021-02-19 15:45:00,8406.35000000,23904.19000000,3702.92000000,0.75370000,False
2021-02-19 15:50:00,8458.74000000,23795.68000000,3703.21000000,0.68770000,False
2021-02-19 15:55:00,8487.41000000,23895.61000000,3706.18000000,0.68720000,False
2021-02-19 16:00:00,8516.92000000,24062.93000000,3703.56000000,0.45230000,False
2021-02-19 16:05:00,8493.43000000,24002.22000000,3784.45000000,0.84330000,False
2021-02-19 16:10:00,8425.55000000,23796.87000000,3862.53000000,0.88100000,False
2021-02-19 16:15:00,8359.45000000,24086.20000000,3864.40000000,0.15160000,False
2021-02-19 16:20:00,8457.45000000,23776.77000000,3884.39000000,0.00000000,False
2021-02-19 16:25:00,8361.50000000,23725.11000000,3883.42000000,0.00000000,False
2021-02-19 16:30:00,8384.37000000,23910.71000000,3886.45000000,0.00000000,False
2021-02-19 16:35:00,8303.96000000,23466.28000000,3886.39000000,0.00000000,False
2021-02-19 16:40:00,8254.17000000,23154.53000000,3882.18000000,0.00000000,False
2021-02-19 16:45:00,8252.52000000,22943.17000000,3886.23000000,0.00000000,False
2021-02-19 16:50:00,8139.78000000,22530.52000000,3886.36000000,0.00000000,False
2021-02-19 16:55:00,8110.71000000,22190.26000000,3883.22000000,0.00000000,False
2021-02-19 17:00:00,8077.86000000,22051.61000000,3887.68000000,0.00000000,False
2021-02-19 17:05:00,7986.82000000,21498.60000000,3883.92000000,0.00000000,False
2021-02-19 17:10:00,7892.69000000,20963.00000000,3882.84000000,0.00000000,False
2021-02-19 17:15:00,7907.08000000,20453.76000000,3886.69000000,0.00000000,False
2021-02-19 17:20:00,7925.93000000,20200.54000000,3887.63000000,0.00000000,False
2021-02-19 17:25:00,7787.84000000,19669.54000000,3883.85000000,0.00000000,False
2021-02-19 17:30:00,7644.75000000,18800.12000000,3891.90000000,0.00000000,False
2021-02-19 17:35:00,7540.41000000,18088.94000000,3890.95000000,0.00000000,False
2021-02-19 17:40:00,7464.08000000,17393.17000000,3650.73000000,0.00000000,False
2021-02-19 17:45:00,7437.80000000,17027.94000000,3650.71000000,0.00000000,False
2021-02-19 17:50:00,7372.66000000,16815.55000000,3650.84000000,0.00000000,False
2021-02-19 17:55:00,7135.63000000,16214.92000000,3659.87000000,0.00000000,False
2021-02-19 18:00:00,6871.09000000,15377.66000000,3666.39000000,0.00000000,False
2021-02-19 18:05:00,6517.24000000,14439.33000000,3755.08000000,0.00000000,False
2021-02-19 18:10:00,5961.10000000,13708.57000000,3753.97000000,0.00000000,False
2021-02-19 18:15:00,5643.83000000,13250.74000000,3753.86000000,0.00000000,False
2021-02-19 18:20:00,5452.48000000,12797.04000000,3753.82000000,0.00000000,False
2021-02-19 18:25:00,5389.24000000,12693.78000000,3753.90000000,0.00000000,False
2021-02-19 18:30:00,5136.23000000,12176.13000000,3754.02000000,0.00000000,False
2021-02-19 18:35:00,5151.91000000,11986.73000000,3753.99000000,0.00000000,False
2021-02-19 18:40:00,5096.48000000,11662.33000000,3753.66000000,0.00000000,False
2021-02-19 18:45:00,5299.84000000,12096.52000000,3753.68000000,0.00000000,False
2021-02-19 18:50:00,4985.52000000,11905.08000000,3752.92000000,0.00000000,False
2021-02-19 18:55:00,4903.16000000,11528.61000000,3753.04000000,0.00000000,False
2021-02-19 19:00:00,4827.42000000,11634.96000000,3756.47000000,0.00000000,False
2021-02-19 19:05:00,5131.01000000,11882.57000000,3755.91000000,0.00000000,False
2021-02-19 19:10:00,5002.07000000,11920.12000000,3757.70000000,0.00000000,False
2021-02-19 19:15:00,5079.59000000,12213.25000000,3756.77000000,0.00000000,False
2021-02-19 19:20:00,5088.67000000,12283.11000000,3756.20000000,0.00000000,False
2021-02-19 19:25:00,5116.51000000,12367.53000000,3755.86000000,0.00000000,False
2021-02-19 19:30:00,5141.24000000,12473.08000000,3756.66000000,0.00000000,False
2021-02-19 19:35:00,5061.38000000,12474.26000000,3755.79000000,0.00000000,False
2021-02-19 19:40:00,4990.42000000,12362.59000000,3755.72000000,0.00000000,False
2021-02-19 19:45:00,4989.03000000,12411.66000000,3755.33000000,0.00000000,False
2021-02-19 19:50:00,4976.34000000,12404.45000000,3757.81000000,0.00000000,False
2021-02-19 19:55:00,4953.88000000,12422.81000000,3757.70000000,0.00000000,False
2021-02-19 20:00:00,5073.08000000,12694.90000000,3758.20000000,0.00000000,False
2021-02-19 20:05:00,5072.91000000,12818.23000000,3758.18000000,0.00000000,False
2021-02-19 20:10:00,5013.52000000,12715.31000000,3758.22000000,0.00000000,False
2021-02-19 20:15:00,4985.28000000,12546.95000000,3758.01000000,0.00000000,False
2021-02-19 20:20:00,5159.30000000,12634.82000000,3758.02000000,0.00000000,False
2021-02-19 20:25:00,5244.27000000,12827.73000000,3758.11000000,0.00000000,False
2021-02-19 20:30:00,5194.51000000,12438.57000000,3758.18000000,0.00000000,False
2021-02-19 20:35:00,5350.58000000,12855.29000000,3758.15000000,0.00000000,False
2021-02-19 20:40:00,5292.29000000,12810.40000000,3757.95000000,0.00000000,False
2021-02-19 20:45:00,5611.01000000,13433.48000000,3757.92000000,0.00000000,False
2021-02-19 20:50:00,5639.33000000,13598.57000000,3761.12000000,0.00000000,False
2021-02-19 20:55:00,5571.53000000,13606.98000000,3761.15000000,0.00000000,False
2021-02-19 21:00:00,5549.90000000,13770.31000000,3762.01000000,0.00000000,False
2021-02-19 21:05:00,5633.16000000,13914.30000000,3761.51000000,0.00000000,False
2021-02-19 21:10:00,5604.19000000,13864.84000000,3761.42000000,0.00000000,False
2021-02-19 21:15:00,5705.70000000,13891.01000000,3761.27000000,0.00000000,False
2021-02-19 21:20:00,5795.51000000,13992.49000000,3761.26000000,0.00000000,False
2021-02-19 21:25:00,5815.70000000,14111.20000000,3761.36000000,0.00000000,False
2021-02-19 21:30:00,5853.62000000,14239.74000000,3761.40000000,0.00000000,False
2021-02-19 21:35:00,5891.63000000,14273.86000000,3761.41000000,0.00000000,False
2021-02-19 21:40:00,5809.44000000,14046.14000000,3761.18000000,0.00000000,False
2021-02-19 21:45:00,5767.26000000,14036.84000000,3761.20000000,0.00000000,False
2021-02-19 21:50:00,5809.81000000,14216.31000000,3761.56000000,0.00000000,False
2021-02-19 21:55:00,5810.95000000,14324.15000000,3761.55000000,0.00000000,False
2021-02-19 22:00:00,5894.54000000,14469.99000000,3762.08000000,0.00000000,False
2021-02-19 22:05:00,5878.06000000,14495.85000000,3761.98000000,0.00000000,False
2021-02-19 22:10:00,5826.50000000,14444.72000000,3761.98000000,0.00000000,False
2021-02-19 22:15:00,5818.93000000,14459.63000000,3761.83000000,0.00000000,False
2021-02-19 22:20:00,5874.75000000,14473.63000000,3761.83000000,0.00000000,False
2021-02-19 22:25:00,5881.42000000,14561.56000000,3761.91000000,0.00000000,False
2021-02-19 22:30:00,5847.53000000,14394.01000000,3753.01000000,0.00000000,False
2021-02-19 22:35:00,5891.53000000,14563.27000000,3753.98000000,0.00000000,False
2021-02-19 22:40:00,5907.89000000,14538.76000000,3753.78000000,0.00000000,False
2021-02-19 22:45:00,5963.39000000,14769.17000000,3753.75000000,0.00000000,False
2021-02-19 22:50:00,6059.01000000,14889.46000000,3753.95000000,0.00000000,False
2021-02-19 22:55:00,5978.79000000,14856.98000000,3753.98000000,0.00000000,False
2021-02-19 23:00:00,6184.80000000,15163.13000000,3754.82000000,0.00000000,False
2021-02-19 23:05:00,6247.85000000,15371.23000000,3755.43000000,0.00000000,False
2021-02-19 23:10:00,6267.98000000,15302.74000000,3756.42000000,0.00000000,False
2021-02-19 23:15:00,6263.53000000,15278.89000000,3756.22000000,0.00000000,False
2021-02-19 23:20:00,6288.96000000,15186.80000000,3754.42000000,0.00000000,False
2021-02-19 23:25:00,6377.87000000,15183.38000000,3755.61000000,0.00000000,False
2021-02-19 23:30:00,6401.88000000,15277.46000000,3755.61000000,0.00000000,False
2021-02-19 23:35:00,6334.82000000,15192.27000000,3754.60000000,0.00000000,False
2021-02-19 23:40:00,6329.37000000,15153.83000000,3754.85000000,0.00000000,False
2021-02-19 23:45:00,6359.97000000,15168.05000000,3755.42000000,0.00000000,False
2021-02-19 23:50:00,6383.44000000,15211.55000000,3699.71000000,0.00000000,False
2021-02-19 23:55:00,6396.50000000,15348.13000000,3700.01000000,0.00000000,False
2021-02-20 00:00:00,6586.14000000,15651.87000000,3803.82000000,0.00000000,False
2021-02-20 00:05:00,6551.75000000,15453.75000000,3780.60000000,0.00000000,False
2021-02-20 00:10:00,6487.12000000,15425.23000000,3779.87000000,0.00000000,False
2021-02-20 00:15:00,6427.09000000,15315.76000000,3816.23000000,0.00000000,False
2021-02-20 00:20:00,6367.49000000,15002.52000000,3814.31000000,0.00000000,False
2021-02-20 00:25:00,6367.44000000,14948.20000000,3814.16000000,0.00000000,False
2021-02-20 00:30:00,6451.60000000,15037.44000000,3814.01000000,0.00000000,False
2021-02-20 00:35:00,6416.76000000,15020.80000000,3814.22000000,0.00000000,False
2021-02-20 00:40:00,6459.75000000,15120.97000000,3813.27000000,0.00000000,False
2021-02-20 00:45:00,6411.59000000,14986.61000000,3813.52000000,0.00000000,False
2021-02-20 00:50:00,6379.90000000,14973.16000000,3813.11000000,0.00000000,False
2021-02-20 00:55:00,6268.64000000,14538.94000000,3812.64000000,0.00000000,False
2021-02-20 01:00:00,6152.23000000,14534.55000000,3767.67000000,0.00000000,False
2021-02-20 01:05:00,6180.62000000,14490.72000000,3878.26000000,0.00000000,False
2021-02-20 01:10:00,6274.92000000,14723.07000000,3880.45000000,0.00000000,False
2021-02-20 01:15:00,6299.72000000,14788.04000000,3879.17000000,0.00000000,False
2021-02-20 01:20:00,6264.36000000,14841.94000000,3882.95000000,0.00000000,False
2021-02-20 01:25:00,6306.94000000,14747.46000000,3921.53000000,0.00000000,False
2021-02-20 01:30:00,6296.41000000,14736.34000000,3925.19000000,0.00000000,False
2021-02-20 01:35:00,6152.97000000,14552.28000000,3925.21000000,0.00000000,False
2021-02-20 01:40:00,6059.68000000,14389.78000000,3924.15000000,0.00000000,False
2021-02-20 01:45:00,6101.26000000,14378.76000000,3924.58000000,0.00000000,False
2021-02-20 01:50:00,6078.76000000,14326.23000000,3925.21000000,0.00000000,False
2021-02-20 01:55:00,6069.40000000,14345.29000000,3924.51000000,0.00000000,False
2021-02-20 02:00:00,6032.66000000,14120.52000000,3884.67000000,0.00000000,False
2021-02-20 02:05:00,6021.25000000,14033.34000000,3884.80000000,0.00000000,False
2021-02-20 02:10:00,5972.90000000,13972.71000000,3885.61000000,0.00000000,False
2021-02-20 02:15:00,5902.16000000,13844.39000000,3884.14000000,0.00000000,False
2021-02-20 02:20:00,5868.98000000,13704.20000000,3884.24000000,0.00000000,False
2021-02-20 02:25:00,5791.60000000,13581.40000000,3884.55000000,0.00000000,False
2021-02-20 02:30:00,5743.17000000,13545.08000000,3929.80000000,0.00000000,False
2021-02-20 02:35:00,5705.47000000,13458.27000000,3884.32000000,0.00000000,False
2021-02-20 02:40:00,5584.18000000,13206.77000000,3884.85000000,0.00000000,False
2021-02-20 02:45:00,5484.70000000,12971.13000000,3883.89000000,0.00000000,False
2021-02-20 02:50:00,5425.56000000,12569.94000000,3884.12000000,0.00000000,False
2021-02-20 02:55:00,5398.36000000,12326.90000000,3884.52000000,0.00000000,False
2021-02-20 03:00:00,5372.81000000,12106.19000000,3884.29000000,0.00000000,False
2021-02-20 03:05:00,5325.53000000,12002.51000000,3885.02000000,0.00000000,False
2021-02-20 03:10:00,5290.37000000,11938.21000000,3884.24000000,0.00000000,False
2021-02-20 03:15:00,5236.18000000,11811.82000000,3884.49000000,0.00000000,False
2021-02-20 03:20:00,5160.33000000,11596.74000000,3888.11000000,0.00000000,False
2021-02-20 03:25:00,5066.46000000,11418.10000000,3888.49000000,0.00000000,False
2021-02-20 03:30:00,4976.00000000,11226.49000000,3887.32000000,0.00000000,False
2021-02-20 03:35:00,4914.41000000,11099.50000000,3824.04000000,0.00000000,False
2021-02-20 03:40:00,4830.61000000,11034.13000000,3823.72000000,0.00000000,False
2021-02-20 03:45:00,4674.21000000,10668.10000000,3822.36000000,0.00000000,False
2021-02-20 03:50:00,4602.17000000,10296.14000000,3800.02000000,0.00000000,False
2021-02-20 03:55:00,4705.16000000,10394.24000000,3701.07000000,0.00000000,False
2021-02-20 04:00:00,4714.62000000,10194.20000000,3825.67000000,0.00000000,False
2021-02-20 04:05:00,4682.42000000,10021.78000000,3825.65000000,0.00000000,False
2021-02-20 04:10:00,4560.77000000,9915.59000000,3825.66000000,0.00000000,False
2021-02-20 04:15:00,4405.44000000,9628.13000000,3825.53000000,0.00000000,False
2021-02-20 04:20:00,4408.50000000,9528.89000000,3825.51000000,0.00000000,False
2021-02-20 04:25:00,4364.35000000,9485.34000000,3825.72000000,0.00000000,False
2021-02-20 04:30:00,4312.83000000,9336.61000000,3825.67000000,0.00000000,False
2021-02-20 04:35:00,4196.15000000,9110.82000000,3825.66000000,0.00000000,False
2021-02-20 04:40:00,4189.99000000,8946.01000000,3825.45000000,0.00000000,False
2021-02-20 04:45:00,4197.99000000,8941.85000000,3779.45000000,0.00000000,False
2021-02-20 04:50:00,4200.61000000,8805.97000000,3733.69000000,0.00000000,False
2021-02-20 04:55:00,4234.82000000,8942.52000000,3637.72000000,0.00000000,False
2021-02-20 05:00:00,4372.56000000,9118.77000000,3636.86000000,0.00000000,False
2021-02-20 05:05:00,4280.34000000,8774.20000000,3636.81000000,0.00000000,False
2021-02-20 05:10:00,4189.58000000,8560.13000000,3636.86000000,0.00000000,False
2021-02-20 05:15:00,4276.95000000,8635.24000000,3636.71000000,0.00000000,False
2021-02-20 05:20:00,4217.09000000,8547.76000000,3644.68000000,0.00000000,False
2021-02-20 05:25:00,4333.18000000,8636.06000000,3644.83000000,0.00000000,False
2021-02-20 05:30:00,4384.67000000,8629.80000000,3644.89000000,0.00000000,False
2021-02-20 05:35:00,4272.67000000,8508.88000000,3644.92000000,0.00000000,False
2021-02-20 05:40:00,4262.15000000,8467.50000000,3549.70000000,0.00000000,False
2021-02-20 05:45:00,4229.84000000,8509.68000000,3549.63000000,0.00000000,False
2021-02-20 05:50:00,4296.12000000,8463.67000000,3549.71000000,0.00000000,False
2021-02-20 05:55:00,4279.92000000,8352.46000000,3499.86000000,0.00000000,False
2021-02-20 06:00:00,4234.31000000,8424.08000000,3484.13000000,0.00000000,False
2021-02-20 06:05:00,4005.37000000,7940.23000000,3468.77000000,0.00000000,False
2021-02-20 06:10:00,3886.45000000,7555.89000000,3468.75000000,0.00000000,False
2021-02-20 06:15:00,3920.01000000,7504.18000000,3413.25000000,0.00000000,False
2021-02-20 06:20:00,3922.22000000,7511.36000000,3413.22000000,0.00000000,False
2021-02-20 06:25:00,3887.31000000,7629.02000000,3274.22000000,0.00000000,False
2021-02-20 06:30:00,3890.39000000,7609.02000000,3274.24000000,0.00000000,False
2021-02-20 06:35:00,3848.68000000,7459.92000000,3274.34000000,0.00000000,False
2021-02-20 06:40:00,3705.45000000,7221.17000000,3226.22000000,0.00000000,False
2021-02-20 06:45:00,3651.06000000,7095.73000000,3226.23000000,0.00000000,False
2021-02-20 06:50:00,3476.37000000,6841.70000000,3194.70000000,0.00000000,False
2021-02-20 06:55:00,3552.38000000,6992.96000000,3102.70000000,0.00000000,False
2021-02-20 07:00:00,3558.15000000,7060.23000000,2939.70000000,0.00000000,False
2021-02-20 07:05:00,3559.87000000,6919.82000000,2939.70000000,0.00000000,False
2021-02-20 07:10:00,3512.70000000,6871.34000000,2939.70000000,0.00000000,False
2021-02-20 07:15:00,3460.67000000,6819.14000000,2939.70000000,0.00000000,False
2021-02-20 07:20:00,3444.43000000,6873.98000000,2939.70000000,0.00000000,False
2021-02-20 07:25:00,3501.67000000,6873.79000000,2840.70000000,0.00000000,False
2021-02-20 07:30:00,3511.43000000,6850.48000000,2840.70000000,0.00000000,False
2021-02-20 07:35:00,3515.01000000,6950.80000000,2746.70000000,0.00000000,False
2021-02-20 07:40:00,3626.41000000,7116.49000000,2746.70000000,0.00000000,False
2021-02-20 07:45:00,3805.98000000,7464.25000000,2698.70000000,0.00000000,False
2021-02-20 07:50:00,3924.85000000,7564.38000000,2695.70000000,0.00000000,False
2021-02-20 07:55:00,3981.26000000,7565.21000000,2695.70000000,0.00000000,False
2021-02-20 08:00:00,4113.23000000,7961.24000000,2726.60000000,0.00000000,False
2021-02-20 08:05:00,4277.48000000,8433.38000000,2845.10000000,0.00000000,False
2021-02-20 08:10:00,4439.56000000,8771.34000000,2935.73000000,0.00000000,False
2021-02-20 08:15:00,4597.21000000,9273.71000000,2935.73000000,0.00000000,False
2021-02-20 08:20:00,4636.26000000,9471.49000000,2935.73000000,0.00000000,False
2021-02-20 08:25:00,4646.17000000,9647.03000000,2935.95000000,0.00000000,False
2021-02-20 08:30:00,4758.68000000,9945.30000000,2935.95000000,0.00000000,False
2021-02-20 08:35:00,4782.23000000,10393.87000000,2935.73000000,0.00000000,False
2021-02-20 08:40:00,4751.57000000,10697.45000000,2982.83000000,0.00000000,False
2021-02-20 08:45:00,4688.90000000,10601.05000000,3119.71000000,0.00000000,False
2021-02-20 08:50:00,4800.14000000,11008.76000000,3274.66000000,0.00000000,False
2021-02-20 08:55:00,4735.74000000,11096.68000000,3264.98000000,0.00000000,False
2021-02-20 09:00:00,4747.79000000,11048.15000000,3361.80000000,0.00000000,False
2021-02-20 09:05:00,4606.75000000,10563.99000000,3457.70000000,0.00000000,False
2021-02-20 09:10:00,4591.90000000,10428.33000000,3457.70000000,0.00000000,False
2021-02-20 09:15:00,4462.01000000,10039.61000000,3457.57000000,0.00000000,False
2021-02-20 09:20:00,4346.19000000,9906.50000000,3597.58000000,0.00000000,False
2021-02-20 09:25:00,4495.29000000,10303.51000000,3597.77000000,0.00000000,False
2021-02-20 09:30:00,4653.11000000,10656.43000000,3689.79000000,0.00000000,False
2021-02-20 09:35:00,4526.31000000,10525.28000000,3689.72000000,0.00000000,False
2021-02-20 09:40:00,4500.63000000,10543.54000000,3689.72000000,0.00000000,False
2021-02-20 09:45:00,4421.22000000,10748.77000000,3735.60000000,0.00000000,False
2021-02-20 09:50:00,4616.96000000,11369.54000000,3685.52000000,0.00000000,False
2021-02-20 09:55:00,4800.10000000,11712.11000000,3639.73000000,0.00000000,False
2021-02-20 10:00:00,4964.30000000,12297.91000000,3611.37000000,0.00000000,False
2021-02-20 10:05:00,5187.49000000,12547.28000000,3612.37000000,0.00000000,False
2021-02-20 10:10:00,5357.95000000,12827.06000000,3566.36000000,0.00000000,False
2021-02-20 10:15:00,5377.84000000,13097.77000000,3566.36000000,0.00000000,False
2021-02-20 10:20:00,5348.53000000,13187.13000000,3566.37000000,0.00000000,False
2021-02-20 10:25:00,5384.53000000,13467.18000000,3567.36000000,0.00000000,False
2021-02-20 10:30:00,5402.81000000,13702.48000000,3567.36000000,0.00000000,False
2021-02-20 10:35:00,5536.41000000,13987.07000000,3567.36000000,0.00000000,False
2021-02-20 10:40:00,5719.28000000,14357.63000000,3567.37000000,0.00000000,False
2021-02-20 10:45:00,6043.02000000,14710.47000000,3567.15000000,0.00000000,False
2021-02-20 10:50:00,6229.48000000,14949.17000000,3564.14000000,0.00000000,False
2021-02-20 10:55:00,6262.36000000,15282.44000000,3564.36000000,0.00000000,False
2021-02-20 11:00:00,6471.06000000,15540.75000000,3551.96000000,0.00000000,False
2021-02-20 11:05:00,6421.12000000,15791.73000000,3551.97000000,0.00000000,False
2021-02-20 11:10:00,6453.96000000,15979.63000000,3551.96000000,0.00000000,False
2021-02-20 11:15:00,6654.74000000,16404.97000000,3551.96000000,0.00000000,False
2021-02-20 11:20:00,6674.86000000,16757.10000000,3551.96000000,0.00000000,False
2021-02-20 11:25:00,6913.16000000,17283.33000000,3551.96000000,0.00000000,False
2021-02-20 11:30:00,7046.45000000,17651.58000000,3551.96000000,0.00000000,False
2021-02-20 11:35:00,7081.87000000,17832.08000000,3551.96000000,0.00000000,False
2021-02-20 11:40:00,7125.42000000,18205.84000000,3551.94000000,0.00000000,False
2021-02-20 11:45:00,7112.74000000,18412.05000000,3551.72000000,0.00000000,False
2021-02-20 11:50:00,7052.97000000,18599.54000000,3551.64000000,0.00000000,False
2021-02-20 11:55:00,7108.84000000,18962.74000000,3551.86000000,0.00000000,False
2021-02-20 12:00:00,7118.78000000,18833.51000000,3544.41000000,0.00000000,False
2021-02-20 12:05:00,7287.25000000,19611.67000000,3544.41000000,0.00000000,False
2021-02-20 12:10:00,7223.69000000,19535.77000000,3541.34000000,0.00000000,False
2021-02-20 12:15:00,7128.83000000,19502.87000000,3541.38000000,0.00000000,False
2021-02-20 12:20:00,7371.25000000,20228.56000000,3587.38000000,0.00000000,False
2021-02-20 12:25:00,7392.56000000,20549.63000000,3586.32000000,0.00000000,False
2021-02-20 12:30:00,7542.53000000,21089.71000000,3586.28000000,0.00000000,False
2021-02-20 12:35:00,7437.36000000,21194.68000000,3586.29000000,0.00000000,False
2021-02-20 12:40:00,7309.80000000,20965.29000000,3586.25000000,0.00000000,False
2021-02-20 12:45:00,7419.09000000,21318.57000000,3586.16000000,0.00000000,False
2021-02-20 12:50:00,7540.81000000,21697.75000000,3586.09000000,0.00000000,False
2021-02-20 12:55:00,7572.75000000,21501.30000000,3585.23000000,0.00000000,False
2021-02-20 13:00:00,7608.92000000,21645.98000000,3579.29000000,0.00000000,False
2021-02-20 13:05:00,7513.14000000,21625.28000000,3579.25000000,0.00000000,False
2021-02-20 13:10:00,7563.71000000,21854.96000000,3579.28000000,0.00000000,False
2021-02-20 13:15:00,7610.43000000,22132.03000000,3578.32000000,0.00000000,False
2021-02-20 13:20:00,7634.22000000,22369.80000000,3579.26000000,0.00000000,False
2021-02-20 13:25:00,7632.87000000,22828.02000000,3578.25000000,0.00000000,False
2021-02-20 13:30:00,7788.97000000,23425.13000000,3579.17000000,0.00000000,False
2021-02-20 13:35:00,7768.83000000,23456.08000000,3577.23000000,0.00000000,False
2021-02-20 13:40:00,7803.26000000,23981.06000000,3578.32000000,0.00000000,False
2021-02-20 13:45:00,7894.54000000,24193.92000000,3577.12000000,0.00000000,False
2021-02-20 13:50:00,7857.48000000,24580.58000000,3577.10000000,0.00000000,False
2021-02-20 13:55:00,8026.71000000,25112.95000000,3576.23000000,0.00000000,False
2021-02-20 14:00:00,7978.15000000,25242.15000000,3570.92000000,0.00000000,False
2021-02-20 14:05:00,8137.04000000,25728.94000000,3570.98000000,0.00000000,False
2021-02-20 14:10:00,8092.70000000,25599.07000000,3569.90000000,0.00000000,False
2021-02-20 14:15:00,8364.29000000,26392.17000000,3569.96000000,0.00000000,False
2021-02-20 14:20:00,8434.39000000,26613.40000000,3570.04000000,0.00000000,False
2021-02-20 14:25:00,8552.34000000,26895.45000000,3569.92000000,0.00000000,False
2021-02-20 14:30:00,8588.78000000,27057.69000000,3569.99000000,0.00000000,False
2021-02-20 14:35:00,8501.22000000,26848.19000000,3569.96000000,0.00000000,False
2021-02-20 14:40:00,8677.27000000,27317.20000000,3569.83000000,0.00000000,False
2021-02-20 14:45:00,8599.44000000,27248.50000000,3569.79000000,0.00000000,False
2021-02-20 14:50:00,8549.17000000,27143.33000000,3568.82000000,0.00000000,False
2021-02-20 14:55:00,8620.89000000,27783.97000000,3568.92000000,0.00000000,False
2021-02-20 15:00:00,8756.49000000,28607.13000000,3567.70000000,0.00000000,False
2021-02-20 15:05:00,8803.73000000,28784.31000000,3567.73000000,0.00000000,False
2021-02-20 15:10:00,8936.24000000,29099.07000000,3568.73000000,0.00000000,False
2021-02-20 15:15:00,8847.03000000,29256.52000000,3566.78000000,0.00000000,False
2021-02-20 15:20:00,8876.47000000,29456.86000000,3566.81000000,0.00000000,False
2021-02-20 15:25:00,9056.44000000,29899.08000000,3566.79000000,0.00000000,False
2021-02-20 15:30:00,9105.68000000,30079.82000000,3566.73000000,0.00000000,False
2021-02-20 15:35:00,9194.94000000,30390.23000000,3792.75000000,0.00000000,False
2021-02-20 15:40:00,9200.39000000,30505.14000000,3856.78000000,0.00000000,False
2021-02-20 15:45:00,9152.88000000,30080.18000000,3852.54000000,0.00000000,False
2021-02-20 15:50:00,9335.14000000,30731.27000000,3852.59000000,0.00000000,False
2021-02-20 15:55:00,9307.88000000,30693.32000000,3852.78000000,0.00000000,False
2021-02-20 16:00:00,9258.44000000,30464.67000000,3879.16000000,0.00000000,False
2021-02-20 16:05:00,9329.65000000,30630.67000000,3874.16000000,0.00000000,False
2021-02-20 16:10:00,9413.91000000,30966.70000000,3880.12000000,0.00000000,False
2021-02-20 16:15:00,9176.36000000,30494.29000000,3880.15000000,0.00000000,False
2021-02-20 16:20:00,9173.71000000,30375.58000000,3874.19000000,0.00000000,False
2021-02-20 16:25:00,9111.92000000,30276.82000000,3879.21000000,0.00000000,False
2021-02-20 16:30:00,9298.91000000,30937.22000000,3879.21000000,0.00000000,False
2021-02-20 16:35:00,9403.42000000,30894.21000000,3879.15000000,0.00000000,False
2021-02-20 16:40:00,9401.98000000,31168.12000000,3879.13000000,0.00000000,False
2021-02-20 16:45:00,9418.78000000,31198.72000000,3879.95000000,0.00000000,False
2021-02-20 16:50:00,9396.42000000,31184.86000000,3879.90000000,0.00000000,False
2021-02-20 16:55:00,9411.88000000,30904.44000000,3880.06000000,0.00000000,False
2021-02-20 17:00:00,9415.14000000,30741.04000000,4257.93000000,0.00000000,False
2021-02-20 17:05:00,9373.93000000,30638.17000000,4253.02000000,0.00000000,False
2021-02-20 17:10:00,9287.11000000,30041.75000000,4257.98000000,0.00000000,False
2021-02-20 17:15:00,9274.36000000,29796.61000000,4302.04000000,0.00000000,False
2021-02-20 17:20:00,9313.83000000,29812.49000000,4301.90000000,0.00000000,False
2021-02-20 17:25:00,9137.04000000,29500.92000000,4301.87000000,0.00000000,False
2021-02-20 17:30:00,8929.07000000,28905.43000000,4304.92000000,0.00000000,False
2021-02-20 17:35:00,8873.30000000,28175.22000000,4304.99000000,0.00000000,False
2021-02-20 17:40:00,8794.08000000,28065.79000000,4304.96000000,0.00000000,False
2021-02-20 17:45:00,8791.69000000,28048.25000000,4309.75000000,0.00000000,False
2021-02-20 17:50:00,8501.36000000,27365.61000000,4309.67000000,0.00000000,False
2021-02-20 17:55:00,8452.33000000,26813.36000000,4304.96000000,0.00000000,False
2021-02-20 18:00:00,8319.81000000,26022.07000000,4349.93000000,0.00000000,False
2021-02-20 18:05:00,8235.66000000,25461.40000000,4349.87000000,0.00000000,False
2021-02-20 18:10:00,8207.45000000,25005.16000000,4344.84000000,0.00000000,False
2021-02-20 18:15:00,8043.43000000,24631.60000000,4344.90000000,0.00000000,False
2021-02-20 18:20:00,7792.08000000,23941.91000000,4344.99000000,0.00000000,False
2021-02-20 18:25:00,7570.19000000,22999.71000000,4351.10000000,0.00000000,False
2021-02-20 18:30:00,7385.09000000,22177.56000000,4351.95000000,0.00000000,False
2021-02-20 18:35:00,7262.61000000,21757.89000000,4351.89000000,0.00000000,False
2021-02-20 18:40:00,7190.01000000,21724.11000000,4351.88000000,0.00000000,False
2021-02-20 18:45:00,7072.94000000,20829.92000000,4351.61000000,0.00000000,False
2021-02-20 18:50:00,6983.07000000,21128.82000000,4351.71000000,0.00000000,False
2021-02-20 18:55:00,6946.01000000,21014.81000000,4354.90000000,0.00000000,False
2021-02-20 19:00:00,6967.96000000,21198.76000000,4334.00000000,0.00000000,False
2021-02-20 19:05:00,6953.38000000,21080.64000000,4335.00000000,0.00000000,False
2021-02-20 19:10:00,7132.17000000,21107.03000000,4335.03000000,0.00000000,False
2021-02-20 19:15:00,7091.77000000,21263.23000000,4335.00000000,0.00000000,False
2021-02-20 19:20:00,7130.41000000,21418.69000000,4340.06000000,0.00000000,False
2021-02-20 19:25:00,7132.82000000,21189.29000000,4345.03000000,0.00000000,False
2021-02-20 19:30:00,7130.64000000,21293.35000000,4344.86000000,0.00000000,False
2021-02-20 19:35:00,7111.33000000,20993.99000000,4344.80000000,0.00000000,False
2021-02-20 19:40:00,7102.65000000,21181.86000000,4328.89000000,0.00000000,False
2021-02-20 19:45:00,7084.89000000,21071.04000000,4344.72000000,0.00000000,False
2021-02-20 19:50:00,7033.96000000,21177.52000000,4344.84000000,0.00000000,False
2021-02-20 19:55:00,7082.35000000,21107.68000000,4344.99000000,0.00000000,False
2021-02-20 20:00:00,7073.63000000,21141.68000000,4347.70000000,0.00000000,False
2021-02-20 20:05:00,7110.38000000,21168.08000000,4347.73000000,0.00000000,False
2021-02-20 20:10:00,7141.89000000,21359.23000000,4348.71000000,0.00000000,False
2021-02-20 20:15:00,7158.36000000,21550.83000000,4348.62000000,0.00000000,False
2021-02-20 20:20:00,7162.89000000,21725.08000000,4348.65000000,0.00000000,False
2021-02-20 20:25:00,7177.60000000,22015.80000000,4348.68000000,0.00000000,False
2021-02-20 20:30:00,7190.70000000,22047.87000000,4348.62000000,0.00000000,False
2021-02-20 20:35:00,7203.14000000,22058.72000000,4348.67000000,0.00000000,False
2021-02-20 20:40:00,7212.61000000,22272.78000000,4349.68000000,0.00000000,False
2021-02-20 20:45:00,7223.57000000,22381.42000000,4349.43000000,0.00000000,False
2021-02-20 20:50:00,7278.28000000,22362.02000000,4349.45000000,0.00000000,False
2021-02-20 20:55:00,7207.85000000,22408.48000000,4349.67000000,0.00000000,False
2021-02-20 21:00:00,7063.80000000,22118.04000000,4349.76000000,0.00000000,False
2021-02-20 21:05:00,7066.78000000,22063.83000000,4349.71000000,0.00000000,False
2021-02-20 21:10:00,7062.13000000,22247.42000000,4349.62000000,0.00000000,False
2021-02-20 21:15:00,7156.66000000,22252.51000000,4349.61000000,0.00000000,False
2021-02-20 21:20:00,7155.55000000,22417.47000000,4349.65000000,0.00000000,False
2021-02-20 21:25:00,7124.72000000,22218.59000000,4350.62000000,0.00000000,False
2021-02-20 21:30:00,7193.93000000,22568.50000000,4350.67000000,0.00000000,False
2021-02-20 21:35:00,7186.33000000,22735.78000000,4351.76000000,0.00000000,False
2021-02-20 21:40:00,7220.00000000,22605.76000000,4351.68000000,0.00000000,False
2021-02-20 21:45:00,7189.92000000,22851.81000000,4351.40000000,0.00000000,False
2021-02-20 21:50:00,7240.61000000,22916.59000000,4303.39000000,0.00000000,False
2021-02-20 21:55:00,7235.60000000,22973.28000000,4303.63000000,0.00000000,False
2021-02-20 22:00:00,7271.95000000,23095.23000000,4302.38000000,0.00000000,False
2021-02-20 22:05:00,7302.38000000,23452.58000000,4302.37000000,0.00000000,False
2021-02-20 22:10:00,7227.54000000,23225.37000000,4302.32000000,0.00000000,False
2021-02-20 22:15:00,7241.67000000,23307.17000000,4302.38000000,0.00000000,False
2021-02-20 22:20:00,7249.75000000,23400.92000000,4302.38000000,0.00000000,False
2021-02-20 22:25:00,7244.86000000,23536.81000000,4302.40000000,0.00000000,False
2021-02-20 22:30:00,7282.11000000,23573.01000000,4302.40000000,0.00000000,False
2021-02-20 22:35:00,7280.75000000,23574.33000000,4302.35000000,0.00000000,False
2021-02-20 22:40:00,7298.62000000,23707.06000000,4302.32000000,0.00000000,False
2021-02-20 22:45:00,7329.49000000,23899.55000000,4301.12000000,0.00000000,False
2021-02-20 22:50:00,7354.24000000,23846.95000000,4306.18000000,0.00000000,False
2021-02-20 22:55:00,7365.77000000,23976.64000000,4300.35000000,0.00000000,False
2021-02-20 23:00:00,7387.36000000,24019.49000000,4299.44000000,0.00000000,False
2021-02-20 23:05:00,7567.05000000,24420.48000000,4299.47000000,0.00000000,False
2021-02-20 23:10:00,7563.99000000,24571.54000000,4299.45000000,0.00000000,False
2021-02-20 23:15:00,7574.59000000,24657.54000000,4299.42000000,0.00000000,False
2021-02-20 23:20:00,7630.43000000,24649.87000000,4299.41000000,0.00000000,False
2021-02-20 23:25:00,7625.16000000,24878.57000000,4299.56000000,0.00000000,False
2021-02-20 23:30:00,7633.60000000,24772.21000000,4299.50000000,0.00000000,False
2021-02-20 23:35:00,7635.06000000,24663.66000000,4299.47000000,0.00000000,False
2021-02-20 23:40:00,7618.51000000,24992.08000000,4299.41000000,0.00000000,False
2021-02-20 23:45:00,7719.21000000,25057.98000000,4299.22000000,0.00000000,False
2021-02-20 23:50:00,7719.15000000,25296.51000000,4299.19000000,0.00000000,False
2021-02-20 23:55:00,7720.36000000,25375.99000000,4299.44000000,0.00000000,False
2021-02-21 00:00:00,7850.65000000,25547.50000000,4236.81000000,0.00000000,False
2021-02-21 00:05:00,7916.86000000,25596.91000000,4236.82000000,0.00000000,False
2021-02-21 00:10:00,7911.87000000,25185.26000000,4196.82000000,0.00000000,False
2021-02-21 00:15:00,7977.85000000,25337.91000000,4274.87000000,0.00000000,False
2021-02-21 00:20:00,7997.37000000,25280.52000000,4274.93000000,0.00000000,False
2021-02-21 00:25:00,7992.70000000,25325.71000000,4274.87000000,0.00000000,False
2021-02-21 00:30:00,7965.06000000,25562.40000000,4196.84000000,0.00000000,False
2021-02-21 00:35:00,8015.88000000,25552.41000000,4196.90000000,0.00000000,False
2021-02-21 00:40:00,8018.39000000,25595.98000000,4196.84000000,0.00000000,False
2021-02-21 00:45:00,8035.78000000,25529.14000000,4196.58000000,0.00000000,False
2021-02-21 00:50:00,7959.13000000,25420.13000000,4196.59000000,0.00000000,False
2021-02-21 00:55:00,7943.43000000,25500.63000000,4196.81000000,0.00000000,False
2021-02-21 01:00:00,7966.51000000,25694.66000000,4196.82000000,0.00000000,False
2021-02-21 01:05:00,7995.47000000,25854.20000000,4196.84000000,0.00000000,False
2021-02-21 01:10:00,7980.67000000,25732.34000000,4196.84000000,0.00000000,False
2021-02-21 01:15:00,8009.22000000,25849.10000000,4196.81000000,0.00000000,False
2021-02-21 01:20:00,8006.94000000,25874.15000000,4196.84000000,0.00000000,False
2021-02-21 01:25:00,8007.75000000,25763.59000000,4196.87000000,0.00000000,False
2021-02-21 01:30:00,8019.57000000,25741.65000000,4196.87000000,0.00000000,False
2021-02-21 01:35:00,8017.88000000,25888.50000000,4196.84000000,0.00000000,False
2021-02-21 01:40:00,8039.81000000,25883.50000000,4196.85000000,0.00000000,False
2021-02-21 01:45:00,8036.09000000,25569.76000000,4196.61000000,0.00000000,False
2021-02-21 01:50:00,7952.15000000,25734.73000000,4201.61000000,0.00000000,False
2021-02-21 01:55:00,7981.10000000,25756.11000000,4201.81000000,0.00000000,False
2021-02-21 02:00:00,8028.17000000,25469.88000000,4202.02000000,0.00000000,False
2021-02-21 02:05:00,7945.81000000,25713.76000000,4200.10000000,0.00000000,False
2021-02-21 02:10:00,7981.05000000,25567.41000000,4200.07000000,0.00000000,False
2021-02-21 02:15:00,7997.03000000,25655.63000000,4200.01000000,0.00000000,False
2021-02-21 02:20:00,7992.61000000,25766.00000000,4200.02000000,0.00000000,False
2021-02-21 02:25:00,8018.35000000,25601.60000000,4200.02000000,0.00000000,False
2021-02-21 02:30:00,8003.54000000,25637.01000000,4200.02000000,0.00000000,False
2021-02-21 02:35:00,8022.36000000,25596.49000000,4200.01000000,0.00000000,False
2021-02-21 02:40:00,8002.69000000,25786.65000000,4200.05000000,0.00000000,False
2021-02-21 02:45:00,8054.88000000,25891.78000000,4199.69000000,0.00000000,False
2021-02-21 02:50:00,8093.27000000,26076.73000000,4199.69000000,0.00000000,False
2021-02-21 02:55:00,8120.75000000,25920.51000000,4200.01000000,0.00000000,False
2021-02-21 03:00:00,8119.96000000,25869.23000000,4195.82000000,0.00000000,False
2021-02-21 03:05:00,8065.94000000,25801.16000000,4195.82000000,0.00000000,False
2021-02-21 03:10:00,8011.24000000,25837.44000000,4195.85000000,0.00000000,False
2021-02-21 03:15:00,8025.58000000,25677.69000000,4195.84000000,0.00000000,False
2021-02-21 03:20:00,7999.44000000,25585.79000000,4195.84000000,0.00000000,False
2021-02-21 03:25:00,7987.65000000,25332.57000000,4195.82000000,0.00000000,False
2021-02-21 03:30:00,7946.29000000,25400.51000000,4195.82000000,0.00000000,False
2021-02-21 03:35:00,7968.10000000,25536.19000000,4195.81000000,0.00000000,False
2021-02-21 03:40:00,7981.67000000,25657.70000000,4195.81000000,0.00000000,False
2021-02-21 03:45:00,7973.86000000,25679.96000000,4194.64000000,0.00000000,False
2021-02-21 03:50:00,8031.04000000,25572.56000000,4194.61000000,0.00000000,False
2021-02-21 03:55:00,7995.00000000,25620.62000000,4194.82000000,0.00000000,False
2021-02-21 04:00:00,7978.24000000,25527.51000000,4195.31000000,0.00000000,False
2021-02-21 04:05:00,7965.94000000,25208.93000000,4195.12000000,0.00000000,False
2021-02-21 04:10:00,7900.95000000,25253.41000000,4195.12000000,0.00000000,False
2021-02-21 04:15:00,7901.99000000,25366.76000000,4198.12000000,0.00000000,False
2021-02-21 04:20:00,7925.41000000,25288.38000000,4198.11000000,0.00000000,False
2021-02-21 04:25:00,7914.73000000,24912.43000000,4195.17000000,0.00000000,False
2021-02-21 04:30:00,7851.62000000,24744.43000000,4198.12000000,0.00000000,False
2021-02-21 04:35:00,7798.19000000,24556.54000000,4276.14000000,0.00000000,False
2021-02-21 04:40:00,7766.36000000,24247.76000000,4273.12000000,0.00000000,False
2021-02-21 04:45:00,7736.67000000,24515.96000000,4272.88000000,0.00000000,False
2021-02-21 04:50:00,7780.58000000,24263.62000000,4272.89000000,0.00000000,False
2021-02-21 04:55:00,7732.94000000,23791.84000000,4273.12000000,0.00000000,False
2021-02-21 05:00:00,7660.74000000,23820.57000000,4302.42000000,0.00000000,False
2021-02-21 05:05:00,7661.51000000,23503.36000000,4304.41000000,0.00000000,False
2021-02-21 05:10:00,7607.81000000,23323.41000000,4301.42000000,0.00000000,False
2021-02-21 05:15:00,7572.12000000,23083.78000000,4299.42000000,0.00000000,False
2021-02-21 05:20:00,7584.92000000,23337.40000000,4299.42000000,0.00000000,False
2021-02-21 05:25:00,7563.50000000,23128.64000000,4221.42000000,0.00000000,False
2021-02-21 05:30:00,7578.28000000,23004.06000000,4221.44000000,0.00000000,False
2021-02-21 05:35:00,7590.85000000,22701.03000000,4221.45000000,0.00000000,False
2021-02-21 05:40:00,7505.60000000,22759.72000000,4221.42000000,0.00000000,False
2021-02-21 05:45:00,7592.85000000,22910.94000000,4221.19000000,0.00000000,False
2021-02-21 05:50:00,7561.00000000,22933.19000000,4221.18000000,0.00000000,False
2021-02-21 05:55:00,7545.83000000,22861.33000000,4221.42000000,0.00000000,False
2021-02-21 06:00:00,7521.19000000,22542.39000000,4235.92000000,0.00000000,False
2021-02-21 06:05:00,7482.20000000,22040.91000000,4220.32000000,0.00000000,False
2021-02-21 06:10:00,7354.04000000,21909.48000000,4220.31000000,0.00000000,False
2021-02-21 06:15:00,7330.63000000,21681.00000000,4220.32000000,0.00000000,False
2021-02-21 06:20:00,7262.97000000,21536.33000000,4220.32000000,0.00000000,False
2021-02-21 06:25:00,7267.91000000,21363.98000000,4220.35000000,0.00000000,False
2021-02-21 06:30:00,7200.41000000,21110.12000000,4220.35000000,0.00000000,False
2021-02-21 06:35:00,7089.38000000,20943.63000000,4220.34000000,0.00000000,False
2021-02-21 06:40:00,7106.15000000,20601.07000000,4215.35000000,0.00000000,False
2021-02-21 06:45:00,7040.35000000,20501.33000000,4220.12000000,0.00000000,False
2021-02-21 06:50:00,7025.79000000,20227.04000000,4220.11000000,0.00000000,False
2021-02-21 06:55:00,7026.14000000,20525.94000000,4215.32000000,0.00000000,False
2021-02-21 07:00:00,7051.86000000,20561.86000000,4219.92000000,0.00000000,False
2021-02-21 07:05:00,7052.56000000,20324.07000000,4219.93000000,0.00000000,False
2021-02-21 07:10:00,6897.08000000,19730.03000000,4219.93000000,0.00000000,False
2021-02-21 07:15:00,6906.83000000,19501.43000000,4219.94000000,0.00000000,False
2021-02-21 07:20:00,6892.47000000,19338.19000000,4219.94000000,0.00000000,False
2021-02-21 07:25:00,6907.76000000,19342.86000000,4219.95000000,0.00000000,False
2021-02-21 07:30:00,6909.42000000,19209.28000000,4219.95000000,0.00000000,False
2021-02-21 07:35:00,6878.60000000,19124.51000000,4219.95000000,0.00000000,False
2021-02-21 07:40:00,6884.62000000,18942.70000000,4219.95000000,0.00000000,False
2021-02-21 07:45:00,6809.24000000,19205.59000000,4219.74000000,0.00000000,False
2021-02-21 07:50:00,6877.75000000,19165.24000000,4220.71000000,0.00000000,False
2021-02-21 07:55:00,6849.46000000,18808.37000000,4217.95000000,0.00000000,False
2021-02-21 08:00:00,6772.62000000,18631.08000000,4211.25000000,0.00000000,False
2021-02-21 08:05:00,6758.16000000,18344.24000000,4212.25000000,0.00000000,False
2021-02-21 08:10:00,6767.15000000,18400.04000000,4212.25000000,0.00000000,False
2021-02-21 08:15:00,6739.11000000,18320.13000000,4211.41000000,0.00000000,False
2021-02-21 08:20:00,6777.34000000,18012.05000000,4212.25000000,0.00000000,False
2021-02-21 08:25:00,6852.68000000,18174.37000000,4212.25000000,0.00000000,False
2021-02-21 08:30:00,6875.59000000,18150.10000000,4212.23000000,0.00000000,False
2021-02-21 08:35:00,6905.44000000,18151.11000000,4211.25000000,0.00000000,False
2021-02-21 08:40:00,6936.36000000,18089.28000000,4211.28000000,0.00000000,False
2021-02-21 08:45:00,6917.87000000,18036.44000000,4211.04000000,0.00000000,False
2021-02-21 08:50:00,6932.53000000,18026.79000000,4211.01000000,0.00000000,False
2021-02-21 08:55:00,6952.37000000,18119.72000000,4212.25000000,0.00000000,False
2021-02-21 09:00:00,6957.65000000,18192.53000000,4210.55000000,0.00000000,False
2021-02-21 09:05:00,6963.87000000,18023.62000000,4205.55000000,0.00000000,False
2021-02-21 09:10:00,6947.30000000,17956.44000000,4205.55000000,0.00000000,False
2021-02-21 09:15:00,6906.79000000,18267.56000000,4204.54000000,0.00000000,False
2021-02-21 09:20:00,6996.51000000,18275.20000000,4204.58000000,0.00000000,False
2021-02-21 09:25:00,6989.55000000,18637.14000000,4204.58000000,0.00000000,False
2021-02-21 09:30:00,7005.53000000,19190.98000000,4200.58000000,0.00000000,False
2021-02-21 09:35:00,6992.15000000,19075.09000000,4193.80000000,0.00000000,False
2021-02-21 09:40:00,7012.31000000,19142.11000000,4201.55000000,0.00000000,False
2021-02-21 09:45:00,7003.21000000,19532.59000000,4200.31000000,0.00000000,False
2021-02-21 09:50:00,7091.49000000,19891.27000000,4248.31000000,0.00000000,False
2021-02-21 09:55:00,7347.16000000,20662.14000000,4248.55000000,0.00000000,False
2021-02-21 10:00:00,7395.14000000,20911.40000000,4247.35000000,0.00000000,False
2021-02-21 10:05:00,7482.51000000,21097.04000000,4246.35000000,0.00000000,False
2021-02-21 10:10:00,7500.06000000,21155.98000000,4246.38000000,0.00000000,False
2021-02-21 10:15:00,7491.25000000,21128.55000000,4240.35000000,0.00000000,False
2021-02-21 10:20:00,7386.57000000,20796.36000000,4241.35000000,0.00000000,False
2021-02-21 10:25:00,7513.43000000,21366.56000000,4240.35000000,0.00000000,False
2021-02-21 10:30:00,7540.10000000,21852.26000000,4239.35000000,0.00000000,False
2021-02-21 10:35:00,7540.16000000,21932.65000000,4239.38000000,0.00000000,False
2021-02-21 10:40:00,7611.55000000,22096.60000000,4240.43000000,0.00000000,False
2021-02-21 10:45:00,7691.37000000,22341.30000000,4240.17000000,0.00000000,False
2021-02-21 10:50:00,7726.15000000,22474.80000000,4240.11000000,0.00000000,False
2021-02-21 10:55:00,7741.15000000,22840.38000000,4240.34000000,0.00000000,False
2021-02-21 11:00:00,7758.06000000,22859.65000000,4235.15000000,0.00000000,False
2021-02-21 11:05:00,7770.32000000,23086.97000000,4233.65000000,0.00000000,False
2021-02-21 11:10:00,7779.63000000,23255.29000000,4234.65000000,0.00000000,False
2021-02-21 11:15:00,7821.65000000,23632.59000000,4232.65000000,0.00000000,False
2021-02-21 11:20:00,7830.39000000,23637.22000000,4232.67000000,0.00000000,False
2021-02-21 11:25:00,7765.06000000,23241.60000000,4232.73000000,0.00000000,False
2021-02-21 11:30:00,7803.66000000,23588.32000000,4232.68000000,0.00000000,False
2021-02-21 11:35:00,7792.98000000,23749.66000000,4232.67000000,0.00000000,False
2021-02-21 11:40:00,7880.17000000,23934.70000000,4231.67000000,0.00000000,False
2021-02-21 11:45:00,7897.27000000,23928.09000000,4231.41000000,0.00000000,False
2021-02-21 11:50:00,7897.27000000,24055.14000000,4231.41000000,0.00000000,False
2021-02-21 11:55:00,7883.52000000,24053.06000000,4232.65000000,0.00000000,False
2021-02-21 12:00:00,7943.06000000,24140.80000000,4283.63000000,0.00000000,False
2021-02-21 12:05:00,8002.78000000,24350.80000000,4282.00000000,0.00000000,False
2021-02-21 12:10:00,8000.72000000,24366.29000000,4280.94000000,0.00000000,False
2021-02-21 12:15:00,7988.99000000,24239.62000000,4280.94000000,0.00000000,False
2021-02-21 12:20:00,7966.51000000,24123.72000000,4281.03000000,0.00000000,False
2021-02-21 12:25:00,7973.28000000,24217.56000000,4279.96000000,0.00000000,False
2021-02-21 12:30:00,7968.94000000,24211.35000000,4280.97000000,0.00000000,False
2021-02-21 12:35:00,7953.22000000,23847.84000000,4280.94000000,0.00000000,False
2021-02-21 12:40:00,7985.31000000,23916.92000000,4274.88000000,0.00000000,False
2021-02-21 12:45:00,7988.67000000,24116.18000000,4277.65000000,0.00000000,False
2021-02-21 12:50:00,7966.36000000,24248.35000000,4278.73000000,0.00000000,False
2021-02-21 12:55:00,8006.93000000,24136.80000000,4278.96000000,0.00000000,False
2021-02-21 13:00:00,8023.44000000,24093.75000000,4275.19000000,0.00000000,False
2021-02-21 13:05:00,7995.57000000,24089.62000000,4274.00000000,0.00000000,False
2021-02-21 13:10:00,7855.85000000,23962.53000000,4269.05000000,0.00000000,False
2021-02-21 13:15:00,7898.76000000,23926.85000000,4268.96000000,0.00000000,False
2021-02-21 13:20:00,7883.74000000,23929.60000000,4268.93000000,0.00000000,False
2021-02-21 13:25:00,7906.76000000,23878.58000000,4271.99000000,0.00000000,False
2021-02-21 13:30:00,7877.74000000,23990.21000000,4265.99000000,0.00000000,False
2021-02-21 13:35:00,7924.68000000,24200.86000000,4268.01000000,0.00000000,False
2021-02-21 13:40:00,7928.06000000,24185.72000000,4267.01000000,0.00000000,False
2021-02-21 13:45:00,7951.88000000,24102.70000000,4265.82000000,0.00000000,False
2021-02-21 13:50:00,7902.94000000,24003.84000000,4265.74000000,0.00000000,False
2021-02-21 13:55:00,7896.47000000,23688.53000000,4266.92000000,0.00000000,False
2021-02-21 14:00:00,7851.80000000,23485.50000000,4263.71000000,0.00000000,False
2021-02-21 14:05:00,7814.57000000,23765.69000000,4263.35000000,0.00000000,False
2021-02-21 14:10:00,7846.19000000,23966.51000000,4264.38000000,0.00000000,False
2021-02-21 14:15:00,7835.35000000,23615.39000000,4264.41000000,0.00000000,False
2021-02-21 14:20:00,7783.01000000,23497.84000000,4263.35000000,0.00000000,False
2021-02-21 14:25:00,7795.43000000,23756.93000000,4265.35000000,0.00000000,False
2021-02-21 14:30:00,7643.77000000,23198.82000000,4264.41000000,0.00000000,False
2021-02-21 14:35:00,7788.03000000,23382.77000000,4264.46000000,0.00000000,False
2021-02-21 14:40:00,7772.08000000,23343.93000000,4263.40000000,0.00000000,False
2021-02-21 14:45:00,7764.55000000,23410.40000000,4263.18000000,0.00000000,False
2021-02-21 14:50:00,7743.76000000,23385.02000000,4262.07000000,0.00000000,False
2021-02-21 14:55:00,7775.52000000,23291.17000000,4263.35000000,0.00000000,False
2021-02-21 15:00:00,7785.87000000,23387.75000000,4259.72000000,0.00000000,False
2021-02-21 15:05:00,7783.76000000,23027.09000000,4167.75000000,0.00000000,False
2021-02-21 15:10:00,7706.32000000,22908.61000000,4167.84000000,0.00000000,False
2021-02-21 15:15:00,7677.95000000,22966.37000000,4167.80000000,0.00000000,False
2021-02-21 15:20:00,7694.87000000,22994.87000000,4167.77000000,0.00000000,False
2021-02-21 15:25:00,7535.35000000,22397.53000000,4167.78000000,0.00000000,False
2021-02-21 15:30:00,7499.41000000,22445.37000000,4167.84000000,0.00000000,False
2021-02-21 15:35:00,7473.52000000,22548.88000000,4165.77000000,0.00000000,False
2021-02-21 15:40:00,7526.26000000,22575.16000000,4166.80000000,0.00000000,False
2021-02-21 15:45:00,7516.36000000,22342.71000000,4167.60000000,0.00000000,False
2021-02-21 15:50:00,7548.70000000,22195.62000000,4167.54000000,0.00000000,False
2021-02-21 15:55:00,7472.57000000,22235.57000000,4167.74000000,0.00000000,False
2021-02-21 16:00:00,7486.99000000,22421.89000000,4117.00000000,0.00000000,False
2021-02-21 16:05:00,7488.13000000,22379.65000000,4117.01000000,0.00000000,False
2021-02-21 16:10:00,7580.01000000,22599.52000000,4116.95000000,0.00000000,False
2021-02-21 16:15:00,7561.79000000,22275.88000000,4115.96000000,0.00000000,False
2021-02-21 16:20:00,7508.30000000,22204.40000000,4114.99000000,0.00000000,False
2021-02-21 16:25:00,7458.75000000,22198.95000000,4115.94000000,0.00000000,False
2021-02-21 16:30:00,7441.41000000,22153.78000000,4114.99000000,0.00000000,False
2021-02-21 16:35:00,7466.48000000,22261.48000000,4115.96000000,0.00000000,False
2021-02-21 16:40:00,7446.62000000,22165.65000000,4115.02000000,0.00000000,False
2021-02-21 16:45:00,7469.62000000,21809.12000000,4114.85000000,0.00000000,False
2021-02-21 16:50:00,7417.66000000,21689.81000000,4115.76000000,0.00000000,False
2021-02-21 16:55:00,7391.98000000,21306.60000000,4116.91000000,0.00000000,False
2021-02-21 17:00:00,7331.29000000,21213.63000000,4123.34000000,0.00000000,False
2021-02-21 17:05:00,7282.87000000,20887.59000000,4123.37000000,0.00000000,False
2021-02-21 17:10:00,7226.97000000,20493.93000000,4123.35000000,0.00000000,False
2021-02-21 17:15:00,7177.28000000,20229.45000000,4123.34000000,0.00000000,False
2021-02-21 17:20:00,7100.97000000,19523.56000000,4123.40000000,0.00000000,False
2021-02-21 17:25:00,6991.44000000,19152.67000000,4123.46000000,0.00000000,False
2021-02-21 17:30:00,6826.45000000,18204.60000000,4123.44000000,0.00000000,False
2021-02-21 17:35:00,6783.03000000,17746.89000000,4123.37000000,0.00000000,False
2021-02-21 17:40:00,6773.78000000,17357.23000000,4127.40000000,0.00000000,False
2021-02-21 17:45:00,6678.70000000,16780.30000000,4128.14000000,0.00000000,False
2021-02-21 17:50:00,6496.42000000,16271.94000000,4128.15000000,0.00000000,False
2021-02-21 17:55:00,6411.01000000,15788.38000000,4128.35000000,0.00000000,False
2021-02-21 18:00:00,6208.00000000,15343.03000000,4134.52000000,0.00000000,False
2021-02-21 18:05:00,5959.32000000,14193.42000000,4138.60000000,0.00000000,False
2021-02-21 18:10:00,5929.94000000,13690.72000000,4138.62000000,0.00000000,False
2021-02-21 18:15:00,5779.10000000,13053.55000000,4138.62000000,0.00000000,False
2021-02-21 18:20:00,5398.37000000,12299.36000000,4139.62000000,0.00000000,False
2021-02-21 18:25:00,5305.70000000,12038.66000000,4139.59000000,0.00000000,False
2021-02-21 18:30:00,5223.44000000,11372.87000000,4139.61000000,0.00000000,False
2021-02-21 18:35:00,5182.65000000,10836.81000000,4139.69000000,0.00000000,False
2021-02-21 18:40:00,5138.81000000,10558.37000000,4140.59000000,0.00000000,False
2021-02-21 18:45:00,5061.11000000,10382.62000000,4140.33000000,0.00000000,False
2021-02-21 18:50:00,4971.23000000,10293.42000000,4134.29000000,0.00000000,False
2021-02-21 18:55:00,4987.01000000,10436.03000000,4044.42000000,0.00000000,False
2021-02-21 19:00:00,4994.25000000,10568.08000000,4039.48000000,0.00000000,False
2021-02-21 19:05:00,4884.27000000,10610.04000000,3998.16000000,0.00000000,False
2021-02-21 19:10:00,4733.43000000,10486.67000000,3998.13000000,0.00000000,False
2021-02-21 19:15:00,4650.02000000,10450.52000000,3998.18000000,0.00000000,False
2021-02-21 19:20:00,4581.27000000,10388.02000000,3998.19000000,0.00000000,False
2021-02-21 19:25:00,4676.76000000,10503.36000000,4001.13000000,0.00000000,False
2021-02-21 19:30:00,4601.55000000,10498.45000000,4002.18000000,0.00000000,False
2021-02-21 19:35:00,4691.27000000,10756.99000000,4003.18000000,0.00000000,False
2021-02-21 19:40:00,4697.06000000,10982.51000000,4003.16000000,0.00000000,False
2021-02-21 19:45:00,4757.71000000,10950.40000000,4002.92000000,0.00000000,False
2021-02-21 19:50:00,4789.14000000,11037.72000000,4002.95000000,0.00000000,False
2021-02-21 19:55:00,4884.67000000,11338.79000000,4023.19000000,0.00000000,False
2021-02-21 20:00:00,4887.06000000,11392.70000000,4016.36000000,0.00000000,False
2021-02-21 20:05:00,4905.04000000,11246.94000000,4080.40000000,0.00000000,False
2021-02-21 20:10:00,4880.98000000,11200.36000000,4080.55000000,0.00000000,False
2021-02-21 20:15:00,4748.17000000,11200.62000000,4081.54000000,0.00000000,False
2021-02-21 20:20:00,4808.19000000,11202.22000000,4081.46000000,0.00000000,False
2021-02-21 20:25:00,4837.75000000,11244.82000000,4082.46000000,0.00000000,False
2021-02-21 20:30:00,4786.52000000,11075.67000000,4082.46000000,0.00000000,False
2021-02-21 20:35:00,4755.82000000,10988.49000000,4082.43000000,0.00000000,False
2021-02-21 20:40:00,4814.13000000,11209.27000000,4082.56000000,0.00000000,False
2021-02-21 20:45:00,4781.43000000,11258.77000000,4083.39000000,0.00000000,False
2021-02-21 20:50:00,4705.82000000,10951.79000000,4083.32000000,0.00000000,False
2021-02-21 20:55:00,4681.21000000,11124.62000000,4171.43000000,0.00000000,False
2021-02-21 21:00:00,4679.15000000,11233.86000000,4173.86000000,0.00000000,False
2021-02-21 21:05:00,4626.90000000,11149.46000000,4173.69000000,0.00000000,False
2021-02-21 21:10:00,4572.64000000,10898.57000000,4178.66000000,0.00000000,False
2021-02-21 21:15:00,4574.40000000,10829.94000000,4178.63000000,0.00000000,False
2021-02-21 21:20:00,4824.65000000,11121.54000000,4178.63000000,0.00000000,False
2021-02-21 21:25:00,4908.72000000,11468.11000000,4178.63000000,0.00000000,False
2021-02-21 21:30:00,4936.91000000,11563.34000000,4179.60000000,0.00000000,False
2021-02-21 21:35:00,4988.29000000,11657.61000000,4179.59000000,0.00000000,False
2021-02-21 21:40:00,4970.98000000,11708.47000000,4182.71000000,0.00000000,False
2021-02-21 21:45:00,4974.63000000,11685.04000000,4179.50000000,0.00000000,False
2021-02-21 21:50:00,5013.22000000,11845.18000000,4180.43000000,0.00000000,False
2021-02-21 21:55:00,5100.70000000,11950.85000000,4180.59000000,0.00000000,False
2021-02-21 22:00:00,5064.91000000,11925.41000000,4180.62000000,0.00000000,False
2021-02-21 22:05:00,5041.58000000,11991.89000000,4183.63000000,0.00000000,False
2021-02-21 22:10:00,5060.89000000,12014.95000000,4183.62000000,0.00000000,False
2021-02-21 22:15:00,5095.08000000,12027.35000000,4183.63000000,0.00000000,False
2021-02-21 22:20:00,5114.43000000,12063.64000000,4183.72000000,0.00000000,False
2021-02-21 22:25:00,5155.59000000,12224.44000000,4184.69000000,0.00000000,False
2021-02-21 22:30:00,5186.52000000,12166.46000000,4184.63000000,0.00000000,False
2021-02-21 22:35:00,5191.07000000,12182.51000000,4184.60000000,0.00000000,False
2021-02-21 22:40:00,5272.81000000,12437.99000000,4184.68000000,0.00000000,False
2021-02-21 22:45:00,5257.31000000,12661.41000000,4184.38000000,0.00000000,False
2021-02-21 22:50:00,5247.21000000,12786.76000000,4184.42000000,0.00000000,False
2021-02-21 22:55:00,5242.70000000,12799.96000000,4185.63000000,0.00000000,False
2021-02-21 23:00:00,5215.04000000,12741.11000000,4186.53000000,0.00000000,False
2021-02-21 23:05:00,5276.25000000,12623.16000000,4185.89000000,0.00000000,False
2021-02-21 23:10:00,5245.40000000,12473.73000000,4185.94000000,0.00000000,False
2021-02-21 23:15:00,5265.68000000,12461.79000000,4186.09000000,0.00000000,False
2021-02-21 23:20:00,5310.35000000,12494.31000000,4200.94000000,0.00000000,False
2021-02-21 23:25:00,5323.37000000,12443.83000000,4200.92000000,0.00000000,False
2021-02-21 23:30:00,5311.00000000,12538.27000000,4195.90000000,0.00000000,False
2021-02-21 23:35:00,5254.57000000,12382.12000000,4195.96000000,0.00000000,False
2021-02-21 23:40:00,5230.96000000,12325.19000000,4195.98000000,0.00000000,False
2021-02-21 23:45:00,5267.32000000,12378.08000000,4196.73000000,0.00000000,False
2021-02-21 23:50:00,5307.86000000,12538.30000000,4196.69000000,0.00000000,False
2021-02-21 23:55:00,5306.31000000,12504.17000000,4178.65000000,0.00000000,False
