batch,stamp,repeat,prc_mw,rtolcap_mw,rtoffcap_mw,rtordpa,slot
6058928,2021-02-09 00:00:22,N,5239.3,10036.89,4881.3,0.0,2021-02-09 00:00:00
6058936,2021-02-09 00:05:14,N,5157.65,9934.83,4862.59,0.0,2021-02-09 00:05:00
6058938,2021-02-09 00:10:16,N,4992.48,9784.2,4862.8,0.0,2021-02-09 00:10:00
6058940,2021-02-09 00:15:16,N,4806.73,9506.83,4862.62,0.0,2021-02-09 00:15:00
6058944,2021-02-09 00:20:15,N,4736.95,9398.5,4862.57,0.0,2021-02-09 00:20:00
6058946,2021-02-09 00:25:15,N,4750.88,9437.68,4862.49,0.0,2021-02-09 00:25:00
6058948,2021-02-09 00:30:17,N,4771.76,9544.05,4862.74,0.0,2021-02-09 00:30:00
6058952,2021-02-09 00:35:15,N,4731.89,9473.5,4862.53,0.0,2021-02-09 00:35:00
6058954,2021-02-09 00:40:16,N,4707.96,9428.27,4862.52,0.0,2021-02-09 00:40:00
6058956,2021-02-09 00:45:15,N,4688.31,9458.07,4862.3,0.0,2021-02-09 00:45:00
6058960,2021-02-09 00:50:15,N,4689.26,9393.25,4862.42,0.0,2021-02-09 00:50:00
6058962,2021-02-09 00:55:17,N,4697.04,9430.83,4862.44,0.0,2021-02-09 00:55:00
6058964,2021-02-09 01:00:22,N,4695.46,9409.15,4867.02,0.0,2021-02-09 01:00:00
6058972,2021-02-09 01:05:16,N,4708.93,9106.1,5181.22,0.0,2021-02-09 01:05:00
6058975,2021-02-09 01:10:16,N,4733.74,9503.72,4864.85,0.0,2021-02-09 01:10:00
6058977,2021-02-09 01:15:15,N,4731.36,9498.44,4864.85,0.0,2021-02-09 01:15:00
6058981,2021-02-09 01:20:15,N,4758.19,9554.47,4864.66,0.0,2021-02-09 01:20:00
6058983,2021-02-09 01:25:14,N,4775.62,9594.62,4864.56,0.0,2021-02-09 01:25:00
6058985,2021-02-09 01:30:15,N,4832.49,9686.82,4864.72,0.0,2021-02-09 01:30:00
6058989,2021-02-09 01:35:15,N,4839.55,9720.47,4864.7,0.0,2021-02-09 01:35:00
6058991,2021-02-09 01:40:15,N,4883.65,9788.76,4864.74,0.0,2021-02-09 01:40:00
6058993,2021-02-09 01:45:15,N,4847.32,9655.68,4864.45,0.0,2021-02-09 01:45:00
6058997,2021-02-09 01:50:14,N,4835.76,9693.75,4864.63,0.0,2021-02-09 01:50:00
6058999,2021-02-09 01:55:16,N,4892.25,9845.34,4864.77,0.0,2021-02-09 01:55:00
6059001,2021-02-09 02:00:21,N,4823.34,9607.99,4933.29,0.0,2021-02-09 02:00:00
6059009,2021-02-09 02:05:16,N,4736.63,9408.02,4925.4,0.0,2021-02-09 02:05:00
6059011,2021-02-09 02:10:15,N,4627.3,9247.47,4925.63,0.0,2021-02-09 02:10:00
6059013,2021-02-09 02:15:15,N,4579.06,9200.11,4925.56,0.0,2021-02-09 02:15:00
6059017,2021-02-09 02:20:16,N,4662.91,9413.82,4925.36,0.0,2021-02-09 02:20:00
6059019,2021-02-09 02:25:15,N,4624.66,9322.79,4925.59,0.0,2021-02-09 02:25:00
6059021,2021-02-09 02:30:15,N,4568.28,9126.39,4925.46,0.0,2021-02-09 02:30:00
6059025,2021-02-09 02:35:15,N,4556.98,9112.07,4925.32,0.0,2021-02-09 02:35:00
6059027,2021-02-09 02:40:15,N,4483.48,8957.7,4926.39,0.0,2021-02-09 02:40:00
6059029,2021-02-09 02:45:14,N,4710.87,9506.74,4926.52,0.0,2021-02-09 02:45:00
6059033,2021-02-09 02:50:16,N,4624.52,9406.81,4926.5,0.0,2021-02-09 02:50:00
6059035,2021-02-09 02:55:15,N,4632.27,9324.77,4926.63,0.0,2021-02-09 02:55:00
6059037,2021-02-09 03:00:20,N,4501.2,9151.42,4929.08,0.0,2021-02-09 03:00:00
6059045,2021-02-09 03:05:16,N,4366.05,8833.1,4928.48,0.0,2021-02-09 03:05:00
6059047,2021-02-09 03:10:14,N,4382.21,8791.12,4928.7,0.0,2021-02-09 03:10:00
6059049,2021-02-09 03:15:16,N,4449.35,8884.66,4928.66,0.0,2021-02-09 03:15:00
6059053,2021-02-09 03:20:15,N,4422.05,8883.85,4928.53,0.0,2021-02-09 03:20:00
6059055,2021-02-09 03:25:16,N,4321.5,8602.86,4928.5,0.0,2021-02-09 03:25:00
6059057,2021-02-09 03:30:15,N,4270.73,8452.45,4928.34,0.0,2021-02-09 03:30:00
6059061,2021-02-09 03:35:16,N,4076.32,8213.98,4928.32,0.0,2021-02-09 03:35:00
6059063,2021-02-09 03:40:18,N,4061.16,8014.33,4928.66,0.0,2021-02-09 03:40:00
6059065,2021-02-09 03:45:17,N,4072.11,8058.83,4928.38,0.0,2021-02-09 03:45:00
6059069,2021-02-09 03:50:18,N,4106.05,8196.03,4928.44,0.0,2021-02-09 03:50:00
6059071,2021-02-09 03:55:18,N,3983.59,7934.0,4928.42,0.0,2021-02-09 03:55:00
6059073,2021-02-09 04:00:22,N,4229.05,8576.77,4939.28,0.0,2021-02-09 04:00:00
6059081,2021-02-09 04:05:15,N,4249.59,8463.71,4929.61,0.0,2021-02-09 04:05:00
6059083,2021-02-09 04:10:15,N,4313.72,8402.8,4929.42,0.0,2021-02-09 04:10:00
6059085,2021-02-09 04:15:15,N,4430.75,8421.96,4929.56,0.0,2021-02-09 04:15:00
6059089,2021-02-09 04:20:16,N,4354.19,8225.8,4929.47,0.0,2021-02-09 04:20:00
6059091,2021-02-09 04:25:17,N,4421.04,8250.52,4929.54,0.0,2021-02-09 04:25:00
6059093,2021-02-09 04:30:17,N,4187.61,7892.17,4929.42,0.0,2021-02-09 04:30:00
6059097,2021-02-09 04:35:15,N,4144.95,7742.67,4929.43,0.0,2021-02-09 04:35:00
6059099,2021-02-09 04:40:16,N,4180.8,7653.64,4929.58,0.0,2021-02-09 04:40:00
6059101,2021-02-09 04:45:15,N,4198.77,7614.28,4929.4,0.0,2021-02-09 04:45:00
6059105,2021-02-09 04:50:16,N,3903.99,7202.42,4921.17,0.0,2021-02-09 04:50:00
6059107,2021-02-09 04:55:16,N,3760.91,6988.44,4929.63,0.0,2021-02-09 04:55:00
6059109,2021-02-09 05:00:20,N,3886.32,6759.82,4878.78,0.0,2021-02-09 05:00:00
6059117,2021-02-09 05:05:16,N,3508.55,6292.81,4604.54,0.0,2021-02-09 05:05:00
6059119,2021-02-09 05:10:15,N,3735.15,6271.5,4554.6,0.0,2021-02-09 05:10:00
6059121,2021-02-09 05:15:15,N,4078.16,6521.03,4405.31,0.0,2021-02-09 05:15:00
6059125,2021-02-09 05:20:15,N,4263.78,6925.97,4074.68,0.0,2021-02-09 05:20:00
6059128,2021-02-09 05:25:16,N,4042.51,6761.2,4016.56,0.0,2021-02-09 05:25:00
6059130,2021-02-09 05:30:17,N,3998.58,6398.59,3915.67,0.0,2021-02-09 05:30:00
6059134,2021-02-09 05:35:15,N,3944.63,6453.38,3915.62,0.0,2021-02-09 05:35:00
6059136,2021-02-09 05:40:16,N,4007.14,6396.57,3915.89,0.0,2021-02-09 05:40:00
6059138,2021-02-09 05:45:15,N,3963.11,6358.27,3763.75,0.0,2021-02-09 05:45:00
6059142,2021-02-09 05:50:17,N,4099.55,6505.59,3659.79,0.0,2021-02-09 05:50:00
6059144,2021-02-09 05:55:17,N,4118.11,6523.96,3517.75,0.0,2021-02-09 05:55:00
6059146,2021-02-09 06:00:21,N,4186.18,6800.81,3521.6,0.0,2021-02-09 06:00:00
6059154,2021-02-09 06:05:15,N,3856.96,6127.49,3521.44,0.0,2021-02-09 06:05:00
6059156,2021-02-09 06:10:16,N,3620.43,5828.45,3521.57,0.0,2021-02-09 06:10:00
6059158,2021-02-09 06:15:15,N,3562.54,5502.87,3473.6,0.0,2021-02-09 06:15:00
6059162,2021-02-09 06:20:15,N,3569.22,5607.21,3431.83,0.0,2021-02-09 06:20:00
6059164,2021-02-09 06:25:16,N,3807.92,5777.29,3332.9,0.0,2021-02-09 06:25:00
6059166,2021-02-09 06:30:16,N,3641.11,5304.92,3332.88,0.0,2021-02-09 06:30:00
6059170,2021-02-09 06:35:15,N,3477.2,5101.29,3196.93,0.0,2021-02-09 06:35:00
6059172,2021-02-09 06:40:15,N,3603.77,5023.92,3063.7,0.0,2021-02-09 06:40:00
6059174,2021-02-09 06:45:16,N,3715.11,4933.92,2973.7,0.0,2021-02-09 06:45:00
6059178,2021-02-09 06:50:16,N,3655.73,4799.92,2829.7,0.0,2021-02-09 06:50:00
6059180,2021-02-09 06:54:51,N,3638.45,4912.94,2058.7,0.0,2021-02-09 06:50:00
6059181,2021-02-09 06:55:16,N,3642.82,4912.15,2058.7,0.0,2021-02-09 06:55:00
6059183,2021-02-09 07:00:19,N,3864.79,5219.27,2057.6,0.0,2021-02-09 07:00:00
6059191,2021-02-09 07:05:16,N,4039.23,5414.16,1675.4,0.0,2021-02-09 07:05:00
6059193,2021-02-09 07:10:15,N,3785.41,5274.71,1667.2,0.0,2021-02-09 07:10:00
6059195,2021-02-09 07:15:17,N,3787.83,5234.71,1675.4,0.0,2021-02-09 07:15:00
6059199,2021-02-09 07:20:15,N,3689.15,5140.33,1675.38,0.0,2021-02-09 07:20:00
6059201,2021-02-09 07:25:16,N,3576.02,4919.9,1675.38,0.0,2021-02-09 07:25:00
6059203,2021-02-09 07:30:16,N,3646.19,4958.77,1675.38,0.0,2021-02-09 07:30:00
6059207,2021-02-09 07:35:17,N,3625.86,4851.48,1675.38,0.0,2021-02-09 07:35:00
6059209,2021-02-09 07:40:16,N,3471.07,4528.45,1675.38,0.0,2021-02-09 07:40:00
6059211,2021-02-09 07:45:16,N,3786.01,5011.63,1666.6,0.0,2021-02-09 07:45:00
6059215,2021-02-09 07:50:16,N,3879.91,5483.95,1813.57,0.0,2021-02-09 07:50:00
6059217,2021-02-09 07:55:16,N,3807.91,5187.24,1778.35,0.0,2021-02-09 07:55:00
6059219,2021-02-09 08:00:20,N,3492.76,4822.54,1779.45,0.0,2021-02-09 08:00:00
6059227,2021-02-09 08:05:15,N,3606.26,4879.3,1779.45,0.0,2021-02-09 08:05:00
6059229,2021-02-09 08:10:15,N,3624.3,4859.42,1779.45,0.0,2021-02-09 08:10:00
6059231,2021-02-09 08:15:17,N,3635.38,4824.94,1779.45,0.0,2021-02-09 08:15:00
6059235,2021-02-09 08:20:15,N,3679.53,4941.74,1779.45,0.0,2021-02-09 08:20:00
6059237,2021-02-09 08:25:16,N,3912.03,5242.66,1779.45,0.0,2021-02-09 08:25:00
6059239,2021-02-09 08:30:15,N,4049.38,5471.32,1729.65,0.0,2021-02-09 08:30:00
6059243,2021-02-09 08:35:15,N,4087.26,5581.82,1774.65,0.0,2021-02-09 08:35:00
6059245,2021-02-09 08:40:15,N,3906.49,5602.26,1800.55,0.0,2021-02-09 08:40:00
6059247,2021-02-09 08:45:15,N,3781.01,5353.65,1800.55,0.0,2021-02-09 08:45:00
6059251,2021-02-09 08:50:16,N,3845.32,5496.83,1800.55,0.0,2021-02-09 08:50:00
6059253,2021-02-09 08:55:17,N,3894.82,5604.02,1800.55,0.0,2021-02-09 08:55:00
6059255,2021-02-09 09:00:19,N,3726.79,5400.69,1829.66,0.0,2021-02-09 09:00:00
6059263,2021-02-09 09:05:16,N,3782.5,5334.82,1829.66,0.0,2021-02-09 09:05:00
6059265,2021-02-09 09:10:16,N,3713.51,5288.47,1776.95,0.0,2021-02-09 09:10:00
6059267,2021-02-09 09:15:15,N,3585.93,5108.67,1776.93,0.0,2021-02-09 09:15:00
6059271,2021-02-09 09:20:16,N,3645.56,5080.28,1929.45,0.0,2021-02-09 09:20:00
6059273,2021-02-09 09:25:17,N,3728.43,5362.68,1849.13,0.0,2021-02-09 09:25:00
6059275,2021-02-09 09:30:16,N,3853.06,5480.61,1776.93,0.0,2021-02-09 09:30:00
6059279,2021-02-09 09:35:16,N,3579.22,5031.85,1776.93,0.0,2021-02-09 09:35:00
6059281,2021-02-09 09:40:17,N,3450.83,4868.1,1776.91,0.0,2021-02-09 09:40:00
6059284,2021-02-09 09:45:16,N,3656.49,5223.58,1776.91,0.0,2021-02-09 09:45:00
6059288,2021-02-09 09:50:18,N,3758.97,5356.36,1776.93,0.0,2021-02-09 09:50:00
6059290,2021-02-09 09:55:17,N,3649.44,5154.52,1776.93,0.0,2021-02-09 09:55:00
6059292,2021-02-09 10:00:21,N,3563.04,5033.67,1582.63,0.0,2021-02-09 10:00:00
6059303,2021-02-09 10:05:17,N,3658.94,5353.68,1535.65,0.0,2021-02-09 10:05:00
6059305,2021-02-09 10:10:15,N,3820.07,5534.27,1535.65,0.0,2021-02-09 10:10:00
6059307,2021-02-09 10:15:16,N,3930.54,5670.3,1535.65,0.0,2021-02-09 10:15:00
6059311,2021-02-09 10:20:15,N,3867.21,5546.68,1535.65,0.0,2021-02-09 10:20:00
6059314,2021-02-09 10:25:15,N,3781.6,5395.07,1535.65,0.0,2021-02-09 10:25:00
6059316,2021-02-09 10:30:18,N,3723.22,5371.96,1535.65,0.0,2021-02-09 10:30:00
6059320,2021-02-09 10:35:15,N,3676.24,5348.81,1535.65,0.0,2021-02-09 10:35:00
6059322,2021-02-09 10:40:14,N,3674.25,5385.25,1591.95,0.0,2021-02-09 10:40:00
6059324,2021-02-09 10:45:15,N,3601.95,5281.59,1652.45,0.0,2021-02-09 10:45:00
6059328,2021-02-09 10:50:14,N,3500.27,5094.43,1652.45,0.0,2021-02-09 10:50:00
6059330,2021-02-09 10:55:24,N,3432.76,4996.92,1652.45,0.0,2021-02-09 10:55:00
6059332,2021-02-09 11:00:29,N,3384.26,4903.28,1648.05,0.0,2021-02-09 11:00:00
6059340,2021-02-09 11:05:19,N,3371.69,4792.4,1648.05,0.0,2021-02-09 11:05:00
6059343,2021-02-09 11:10:15,N,3456.07,4865.98,1648.05,0.0,2021-02-09 11:10:00
6059345,2021-02-09 11:15:15,N,3674.71,5128.25,1648.05,0.0,2021-02-09 11:15:00
6059349,2021-02-09 11:20:15,N,3609.85,4992.47,1685.31,0.0,2021-02-09 11:20:00
6059351,2021-02-09 11:25:16,N,3564.92,4939.67,1685.41,0.0,2021-02-09 11:25:00
6059353,2021-02-09 11:30:17,N,3501.6,4859.14,1685.41,0.0,2021-02-09 11:30:00
6059357,2021-02-09 11:35:16,N,3613.41,5029.42,1685.37,0.0,2021-02-09 11:35:00
6059359,2021-02-09 11:40:16,N,3717.62,5190.61,1685.37,0.0,2021-02-09 11:40:00
6059361,2021-02-09 11:45:16,N,3743.27,5556.29,1741.41,0.0,2021-02-09 11:45:00
6059365,2021-02-09 11:50:16,N,3873.19,5527.72,1741.44,0.0,2021-02-09 11:50:00
6059367,2021-02-09 11:55:15,N,3791.62,5316.11,1820.14,0.0,2021-02-09 11:55:00
6059369,2021-02-09 12:00:21,N,3985.48,5513.45,1804.51,0.0,2021-02-09 12:00:00
6059377,2021-02-09 12:05:17,N,3785.82,5366.21,1803.89,0.0,2021-02-09 12:05:00
6059379,2021-02-09 12:10:15,N,3785.51,5424.85,1802.77,0.0,2021-02-09 12:10:00
6059381,2021-02-09 12:15:30,N,3749.22,5422.95,1802.79,0.0,2021-02-09 12:15:00
6059385,2021-02-09 12:20:15,N,3810.99,5552.61,1871.46,0.0,2021-02-09 12:20:00
6059387,2021-02-09 12:25:15,N,3647.37,5329.69,1871.5,0.0,2021-02-09 12:25:00
6059389,2021-02-09 12:30:16,N,3778.28,5593.17,1734.07,0.0,2021-02-09 12:30:00
6059393,2021-02-09 12:35:31,N,3816.83,5689.22,1734.1,0.0,2021-02-09 12:35:00
6059395,2021-02-09 12:40:16,N,3794.49,5745.09,1817.12,0.0,2021-02-09 12:40:00
6059397,2021-02-09 12:45:15,N,3909.22,5931.89,1733.87,0.0,2021-02-09 12:45:00
6059401,2021-02-09 12:50:15,N,4030.63,6093.32,1733.92,0.0,2021-02-09 12:50:00
6059403,2021-02-09 12:55:16,N,4023.43,6201.66,1733.94,0.0,2021-02-09 12:55:00
6059405,2021-02-09 13:00:19,N,4036.43,6396.82,1814.53,0.0,2021-02-09 13:00:00
6059413,2021-02-09 13:05:16,N,3908.55,6076.11,1684.22,0.0,2021-02-09 13:05:00
6059415,2021-02-09 13:10:14,N,3796.37,5970.56,1732.22,0.0,2021-02-09 13:10:00
6059417,2021-02-09 13:15:15,N,3997.9,6152.8,1950.1,0.0,2021-02-09 13:15:00
6059421,2021-02-09 13:20:15,N,3956.15,6303.34,1868.19,0.0,2021-02-09 13:20:00
6059423,2021-02-09 13:25:16,N,3946.38,6523.46,1912.21,0.0,2021-02-09 13:25:00
6059425,2021-02-09 13:30:16,N,3774.15,6276.33,1984.19,0.0,2021-02-09 13:30:00
6059429,2021-02-09 13:35:16,N,3816.83,6455.17,1912.31,0.0,2021-02-09 13:35:00
6059431,2021-02-09 13:40:18,N,3882.14,6594.74,1912.31,0.0,2021-02-09 13:40:00
6059433,2021-02-09 13:45:16,N,3888.39,6862.28,1887.31,0.0,2021-02-09 13:45:00
6059437,2021-02-09 13:50:19,N,3967.35,7145.81,2027.45,0.0,2021-02-09 13:50:00
6059439,2021-02-09 13:55:16,N,3991.09,7331.49,1991.9,0.0,2021-02-09 13:55:00
6059441,2021-02-09 14:00:22,N,3934.53,7366.66,1986.7,0.0,2021-02-09 14:00:00
6059449,2021-02-09 14:05:17,N,3874.89,7340.98,1985.96,0.0,2021-02-09 14:05:00
6059451,2021-02-09 14:10:15,N,3791.45,7239.8,2035.84,0.0,2021-02-09 14:10:00
6059453,2021-02-09 14:15:16,N,3952.5,7490.98,1991.81,0.0,2021-02-09 14:15:00
6059457,2021-02-09 14:20:16,N,4047.8,7670.74,1991.83,0.0,2021-02-09 14:20:00
6059459,2021-02-09 14:25:16,N,4136.84,7984.31,1991.98,0.0,2021-02-09 14:25:00
6059461,2021-02-09 14:30:16,N,4073.69,8013.01,2133.24,0.0,2021-02-09 14:30:00
6059465,2021-02-09 14:35:17,N,3938.01,7783.85,2481.89,0.0,2021-02-09 14:35:00
6059467,2021-02-09 14:40:18,N,3910.28,7807.19,2559.1,0.0,2021-02-09 14:40:00
6059469,2021-02-09 14:45:17,N,3959.31,7915.78,2558.08,0.0,2021-02-09 14:45:00
6059475,2021-02-09 14:50:20,N,4033.86,8066.13,2558.2,0.0,2021-02-09 14:50:00
6059480,2021-02-09 14:55:16,N,4003.28,8083.73,2708.74,0.0,2021-02-09 14:55:00
6059482,2021-02-09 15:00:20,N,3960.14,8112.34,2713.23,0.0,2021-02-09 15:00:00
6059490,2021-02-09 15:05:17,N,3992.36,8168.15,2830.6,0.0,2021-02-09 15:05:00
6059492,2021-02-09 15:10:16,N,4179.59,8454.6,2756.44,0.0,2021-02-09 15:10:00
6059494,2021-02-09 15:15:16,N,4324.16,8744.26,2756.51,0.0,2021-02-09 15:15:00
6059498,2021-02-09 15:20:15,N,4503.9,8902.18,2832.02,0.0,2021-02-09 15:20:00
6059500,2021-02-09 15:25:16,N,4379.53,8950.5,2832.29,0.0,2021-02-09 15:25:00
6059502,2021-02-09 15:30:17,N,4232.07,8561.1,2758.25,0.0,2021-02-09 15:30:00
6059506,2021-02-09 15:35:16,N,4357.17,8645.51,2759.01,0.0,2021-02-09 15:35:00
6059508,2021-02-09 15:40:16,N,4252.48,8560.49,2748.78,0.0,2021-02-09 15:40:00
6059510,2021-02-09 15:45:16,N,4234.98,8483.84,2879.81,0.0,2021-02-09 15:45:00
6059514,2021-02-09 15:50:18,N,4336.92,8553.89,2879.89,0.0,2021-02-09 15:50:00
6059516,2021-02-09 15:55:16,N,4762.68,9217.23,2879.98,0.0,2021-02-09 15:55:00
6059518,2021-02-09 16:00:19,N,4733.99,9152.19,2892.77,0.0,2021-02-09 16:00:00
6059526,2021-02-09 16:05:16,N,4637.25,9189.03,3132.86,0.0,2021-02-09 16:05:00
6059528,2021-02-09 16:10:16,N,4601.84,9079.28,3132.88,0.0,2021-02-09 16:10:00
6059530,2021-02-09 16:15:16,N,4628.41,9149.21,3132.82,0.0,2021-02-09 16:15:00
6059534,2021-02-09 16:20:16,N,4652.39,9218.43,3132.94,0.0,2021-02-09 16:20:00
6059536,2021-02-09 16:25:16,N,4797.54,9761.77,3133.01,0.0,2021-02-09 16:25:00
6059538,2021-02-09 16:30:15,N,4866.9,9888.3,3133.06,0.0,2021-02-09 16:30:00
6059542,2021-02-09 16:35:15,N,4731.66,9646.31,3133.21,0.0,2021-02-09 16:35:00
6059544,2021-02-09 16:40:15,N,4717.27,9656.53,3133.13,0.0,2021-02-09 16:40:00
6059546,2021-02-09 16:45:15,N,4690.01,9726.19,3133.05,0.0,2021-02-09 16:45:00
6059550,2021-02-09 16:50:16,N,4683.61,9892.71,3097.01,0.0,2021-02-09 16:50:00
6059552,2021-02-09 16:55:18,N,4718.59,9936.82,3097.18,0.0,2021-02-09 16:55:00
6059554,2021-02-09 17:00:23,N,4644.11,9925.7,3036.93,0.0,2021-02-09 17:00:00
6059562,2021-02-09 17:05:16,N,4586.39,9865.65,3036.85,0.0,2021-02-09 17:05:00
6059564,2021-02-09 17:10:17,N,4450.95,9860.4,3036.79,0.0,2021-02-09 17:10:00
6059566,2021-02-09 17:15:16,N,4353.65,9562.52,3036.58,0.0,2021-02-09 17:15:00
6059570,2021-02-09 17:20:15,N,4090.73,9112.23,3036.76,0.0,2021-02-09 17:20:00
6059572,2021-02-09 17:25:16,N,4033.95,8889.69,3036.79,0.0,2021-02-09 17:25:00
6059574,2021-02-09 17:30:16,N,4013.25,8962.6,3036.86,0.0,2021-02-09 17:30:00
6059578,2021-02-09 17:35:15,N,3940.66,8834.85,3036.92,0.0,2021-02-09 17:35:00
6059580,2021-02-09 17:40:16,N,3695.59,8199.22,3037.02,0.0,2021-02-09 17:40:00
6059582,2021-02-09 17:45:14,N,3612.06,7593.27,3036.9,0.0,2021-02-09 17:45:00
6059586,2021-02-09 17:50:16,N,3544.04,7232.63,3036.96,0.0,2021-02-09 17:50:00
6059588,2021-02-09 17:55:16,N,3579.27,7036.87,3037.03,0.0,2021-02-09 17:55:00
6059590,2021-02-09 18:00:18,N,3564.18,6864.12,2879.48,0.0,2021-02-09 18:00:00
6059598,2021-02-09 18:05:16,N,3602.92,6726.41,2729.92,0.0,2021-02-09 18:05:00
6059600,2021-02-09 18:10:15,N,3636.29,6603.21,2681.98,0.0,2021-02-09 18:10:00
6059602,2021-02-09 18:15:14,N,3509.95,6065.22,2681.48,0.0,2021-02-09 18:15:00
6059606,2021-02-09 18:20:14,N,3598.54,6009.76,2329.4,0.0,2021-02-09 18:20:00
6059608,2021-02-09 18:25:15,N,3908.27,6241.45,2140.4,0.0,2021-02-09 18:25:00
6059610,2021-02-09 18:28:03,N,4005.98,6383.12,2141.4,0.0,2021-02-09 18:25:00
6059611,2021-02-09 18:30:15,N,3943.96,6207.22,2141.4,0.0,2021-02-09 18:30:00
6059615,2021-02-09 18:31:17,N,3914.22,6181.63,2141.4,0.0,2021-02-09 18:30:00
6059616,2021-02-09 18:35:15,N,3859.81,6261.71,2141.4,0.0,2021-02-09 18:35:00
6059618,2021-02-09 18:40:16,N,3925.82,6489.99,2141.4,0.0,2021-02-09 18:40:00
6059620,2021-02-09 18:45:15,N,3845.61,6380.96,2141.4,0.0,2021-02-09 18:45:00
6059624,2021-02-09 18:50:15,N,3908.48,6580.93,2142.4,0.0,2021-02-09 18:50:00
6059626,2021-02-09 18:55:15,N,4008.76,6835.28,2142.4,0.0,2021-02-09 18:55:00
6059628,2021-02-09 19:00:18,N,3937.02,6506.31,2143.6,0.0,2021-02-09 19:00:00
6059636,2021-02-09 19:05:16,N,4047.59,6941.26,2188.1,0.0,2021-02-09 19:05:00
6059638,2021-02-09 19:10:14,N,3944.02,6877.49,2188.1,0.0,2021-02-09 19:10:00
6059640,2021-02-09 19:15:15,N,3971.6,6892.4,2188.1,0.0,2021-02-09 19:15:00
6059645,2021-02-09 19:20:15,N,4100.42,7071.1,2343.77,0.0,2021-02-09 19:20:00
6059647,2021-02-09 19:25:16,N,4084.89,7334.66,2343.77,0.0,2021-02-09 19:25:00
6059649,2021-02-09 19:30:17,N,3951.27,7246.61,2460.67,0.0,2021-02-09 19:30:00
6059653,2021-02-09 19:35:17,N,3821.89,7040.12,2510.56,0.0,2021-02-09 19:35:00
6059655,2021-02-09 19:40:16,N,3830.52,7004.75,2609.57,0.0,2021-02-09 19:40:00
6059657,2021-02-09 19:45:15,N,4015.8,7244.25,2609.57,0.0,2021-02-09 19:45:00
6059661,2021-02-09 19:50:18,N,3984.23,7091.03,2677.07,0.0,2021-02-09 19:50:00
6059663,2021-02-09 19:55:17,N,3926.93,6877.91,2677.06,0.0,2021-02-09 19:55:00
6059665,2021-02-09 20:00:20,N,3953.33,6655.52,2847.58,0.0,2021-02-09 20:00:00
6059673,2021-02-09 20:05:18,N,3981.71,6785.08,2873.19,0.0,2021-02-09 20:05:00
6059675,2021-02-09 20:10:15,N,3917.67,6779.96,2801.16,0.0,2021-02-09 20:10:00
6059677,2021-02-09 20:15:17,N,3749.84,6370.71,2756.18,0.0,2021-02-09 20:15:00
6059681,2021-02-09 20:16:59,N,3712.72,6304.01,2756.21,0.0,2021-02-09 20:15:00
6059682,2021-02-09 20:20:16,N,3647.19,6099.54,2755.33,0.0,2021-02-09 20:20:00
6059684,2021-02-09 20:21:20,N,3592.45,6038.53,2756.2,0.0,2021-02-09 20:20:00
6059685,2021-02-09 20:25:15,N,3624.2,5961.35,2756.18,0.0,2021-02-09 20:25:00
6059687,2021-02-09 20:26:45,N,3653.78,5896.81,2824.59,0.0,2021-02-09 20:25:00
6059688,2021-02-09 20:29:19,N,3782.88,6055.5,2756.11,0.0,2021-02-09 20:25:00
6059689,2021-02-09 20:30:16,N,3775.1,6082.58,2756.11,0.0,2021-02-09 20:30:00
6059693,2021-02-09 20:32:29,N,3809.36,6115.02,2756.12,0.0,2021-02-09 20:30:00
6059694,2021-02-09 20:34:26,N,3889.71,6210.56,2802.23,0.0,2021-02-09 20:30:00
6059695,2021-02-09 20:35:15,N,3918.98,6250.83,2802.25,0.0,2021-02-09 20:35:00
6059697,2021-02-09 20:38:21,N,3955.53,6290.45,2802.3,0.0,2021-02-09 20:35:00
6059698,2021-02-09 20:40:14,N,3923.83,6340.71,2802.35,0.0,2021-02-09 20:40:00
6059700,2021-02-09 20:45:16,N,3952.85,6223.12,2848.36,0.0,2021-02-09 20:45:00
6059704,2021-02-09 20:50:16,N,3978.14,6234.5,2848.35,0.0,2021-02-09 20:50:00
6059706,2021-02-09 20:55:17,N,3928.88,6202.24,2848.3,0.0,2021-02-09 20:55:00
6059708,2021-02-09 21:00:21,N,3972.31,6364.81,2880.28,0.0,2021-02-09 21:00:00
6059716,2021-02-09 21:05:21,N,4035.55,6512.48,2932.29,0.0,2021-02-09 21:05:00
6059718,2021-02-09 21:06:44,N,4017.92,6486.86,2932.28,0.0,2021-02-09 21:05:00
6059719,2021-02-09 21:10:15,N,3913.12,6262.09,2958.18,0.0,2021-02-09 21:10:00
6059721,2021-02-09 21:15:14,N,3931.88,6281.19,2958.17,0.0,2021-02-09 21:15:00
6059725,2021-02-09 21:20:15,N,3976.77,6480.07,2958.15,0.0,2021-02-09 21:20:00
6059727,2021-02-09 21:22:08,N,3956.25,6520.2,3029.15,0.0,2021-02-09 21:20:00
6059728,2021-02-09 21:24:15,N,3946.85,6493.88,3029.12,0.0,2021-02-09 21:20:00
6059729,2021-02-09 21:25:16,N,3782.68,6008.58,3029.08,0.0,2021-02-09 21:25:00
6059731,2021-02-09 21:30:16,N,3814.87,6037.05,3029.2,0.0,2021-02-09 21:30:00
6059735,2021-02-09 21:35:16,N,3805.1,5925.53,3021.33,0.0,2021-02-09 21:35:00
6059737,2021-02-09 21:36:15,N,3813.53,5996.57,3028.22,0.0,2021-02-09 21:35:00
6059738,2021-02-09 21:40:16,N,3678.83,5891.33,3029.2,0.0,2021-02-09 21:40:00
6059740,2021-02-09 21:42:15,N,3681.75,5981.66,3029.2,0.0,2021-02-09 21:40:00
6059741,2021-02-09 21:45:15,N,3768.04,6108.44,3029.2,0.0,2021-02-09 21:45:00
6059745,2021-02-09 21:50:15,N,3934.53,6434.54,2979.41,0.0,2021-02-09 21:50:00
6059747,2021-02-09 21:55:15,N,4176.75,7008.65,2971.19,0.0,2021-02-09 21:55:00
6059749,2021-02-09 22:00:21,N,4300.62,7366.52,2873.86,0.0,2021-02-09 22:00:00
6059757,2021-02-09 22:05:15,N,4536.1,7761.61,2873.87,0.0,2021-02-09 22:05:00
6059759,2021-02-09 22:10:16,N,4481.28,7672.36,2864.36,0.0,2021-02-09 22:10:00
6059761,2021-02-09 22:15:16,N,4260.06,7195.43,2945.81,0.0,2021-02-09 22:15:00
6059765,2021-02-09 22:20:16,N,4120.99,6860.22,3090.17,0.0,2021-02-09 22:20:00
6059767,2021-02-09 22:25:16,N,4041.94,6648.12,3091.22,0.0,2021-02-09 22:25:00
6059769,2021-02-09 22:30:17,N,4159.26,6854.81,3160.49,0.0,2021-02-09 22:30:00
6059773,2021-02-09 22:35:17,N,4214.93,6810.45,3232.52,0.0,2021-02-09 22:35:00
6059775,2021-02-09 22:40:17,N,4163.44,6812.91,3140.56,0.0,2021-02-09 22:40:00
6059777,2021-02-09 22:45:17,N,4087.04,6919.33,2999.18,0.0,2021-02-09 22:45:00
6059781,2021-02-09 22:50:16,N,4169.81,7205.8,2999.13,0.0,2021-02-09 22:50:00
6059783,2021-02-09 22:55:15,N,4231.09,7225.38,2999.22,0.0,2021-02-09 22:55:00
6059785,2021-02-09 23:00:22,N,4205.45,7163.93,3004.86,0.0,2021-02-09 23:00:00
6059793,2021-02-09 23:05:17,N,4173.25,7353.67,3004.97,0.0,2021-02-09 23:05:00
6059795,2021-02-09 23:10:16,N,4297.6,7513.47,3104.97,0.0,2021-02-09 23:10:00
6059797,2021-02-09 23:15:16,N,4262.66,7696.65,3104.99,0.0,2021-02-09 23:15:00
6059801,2021-02-09 23:20:16,N,4165.97,7682.07,3104.0,0.0,2021-02-09 23:20:00
6059803,2021-02-09 23:25:16,N,4052.98,7482.77,3104.07,0.0,2021-02-09 23:25:00
6059805,2021-02-09 23:30:16,N,4073.24,7398.99,3204.06,0.0,2021-02-09 23:30:00
6059809,2021-02-09 23:35:15,N,4075.74,7318.0,3204.03,0.0,2021-02-09 23:35:00
6059811,2021-02-09 23:40:16,N,3951.18,6824.99,3271.1,0.0,2021-02-09 23:40:00
6059813,2021-02-09 23:45:16,N,4162.98,7378.42,3270.99,0.0,2021-02-09 23:45:00
6059817,2021-02-09 23:50:16,N,4242.25,7557.88,3414.36,0.0,2021-02-09 23:50:00
6059819,2021-02-09 23:55:17,N,4188.84,7778.45,3436.3,0.0,2021-02-09 23:55:00
6059826,2021-02-10 00:00:35,N,4198.41,7236.51,3497.15,0.0,2021-02-10 00:00:00
6059829,2021-02-10 00:05:16,N,4087.15,6993.54,3730.54,0.0,2021-02-10 00:05:00
6059831,2021-02-10 00:10:16,N,4050.77,6911.67,3730.46,0.0,2021-02-10 00:10:00
6059833,2021-02-10 00:15:16,N,4135.76,6754.77,3690.42,0.0,2021-02-10 00:15:00
6059837,2021-02-10 00:20:15,N,4112.84,6870.31,3785.52,0.0,2021-02-10 00:20:00
6059839,2021-02-10 00:25:13,N,4055.78,6645.87,3777.74,0.0,2021-02-10 00:25:00
6059841,2021-02-10 00:30:15,N,4455.23,6859.18,3675.39,0.0,2021-02-10 00:30:00
6059845,2021-02-10 00:35:13,N,4579.79,6848.94,3743.47,0.0,2021-02-10 00:35:00
6059847,2021-02-10 00:40:17,N,4575.2,7017.29,3810.42,0.0,2021-02-10 00:40:00
6059849,2021-02-10 00:45:15,N,4756.9,7087.07,3856.44,0.0,2021-02-10 00:45:00
6059853,2021-02-10 00:50:15,N,4630.95,6970.51,3962.37,0.0,2021-02-10 00:50:00
6059855,2021-02-10 00:55:16,N,4620.64,6919.09,3912.39,0.0,2021-02-10 00:55:00
6059857,2021-02-10 01:00:20,N,4732.43,7036.14,3790.4,0.0,2021-02-10 01:00:00
6059864,2021-02-10 01:03:19,N,4783.14,7162.99,3794.4,0.0,2021-02-10 01:00:00
6059866,2021-02-10 01:05:16,N,4848.57,7185.39,3795.55,0.0,2021-02-10 01:05:00
6059869,2021-02-10 01:06:49,N,4848.1,7262.58,3799.3,0.0,2021-02-10 01:05:00
6059870,2021-02-10 01:10:16,N,4833.26,7271.89,3813.11,0.0,2021-02-10 01:10:00
6059872,2021-02-10 01:15:13,N,4878.7,7421.17,3767.11,0.0,2021-02-10 01:15:00
6059876,2021-02-10 01:17:49,N,4903.61,7525.75,3767.12,0.0,2021-02-10 01:15:00
6059877,2021-02-10 01:20:13,N,4902.13,7611.55,3767.11,0.0,2021-02-10 01:20:00
6059879,2021-02-10 01:25:13,N,4756.58,7355.27,3767.11,0.0,2021-02-10 01:25:00
6059881,2021-02-10 01:30:16,N,4637.83,7164.88,3859.13,0.0,2021-02-10 01:30:00
6059885,2021-02-10 01:35:15,N,4697.49,7435.15,3859.14,0.0,2021-02-10 01:35:00
6059887,2021-02-10 01:40:14,N,4689.76,7381.64,3859.21,0.0,2021-02-10 01:40:00
6059889,2021-02-10 01:45:14,N,4751.77,7522.45,3859.22,0.0,2021-02-10 01:45:00
6059893,2021-02-10 01:50:14,N,4684.71,7614.7,3859.15,0.0,2021-02-10 01:50:00
6059895,2021-02-10 01:55:15,N,4786.01,7444.71,4044.22,0.0,2021-02-10 01:55:00
6059897,2021-02-10 02:00:20,N,4789.73,7358.02,4248.13,0.0,2021-02-10 02:00:00
6059905,2021-02-10 02:05:16,N,4772.08,7379.93,4323.7,0.0,2021-02-10 02:05:00
6059907,2021-02-10 02:10:15,N,4783.29,7245.49,4392.97,0.0,2021-02-10 02:10:00
6059909,2021-02-10 02:15:14,N,4558.08,7104.56,4406.96,0.0,2021-02-10 02:15:00
6059913,2021-02-10 02:20:14,N,4501.57,7283.77,4307.98,0.0,2021-02-10 02:20:00
6059915,2021-02-10 02:25:14,N,4394.53,7200.92,4184.73,0.0,2021-02-10 02:25:00
6059917,2021-02-10 02:30:16,N,4415.71,7532.32,4062.29,0.0,2021-02-10 02:30:00
6059921,2021-02-10 02:35:14,N,4487.49,7325.73,4144.89,0.0,2021-02-10 02:35:00
6059923,2021-02-10 02:40:14,N,4447.41,7558.44,4062.33,0.0,2021-02-10 02:40:00
6059925,2021-02-10 02:45:15,N,4412.65,7589.3,4062.33,0.0,2021-02-10 02:45:00
6059929,2021-02-10 02:50:15,N,4338.8,7347.62,4158.4,0.0,2021-02-10 02:50:00
6059931,2021-02-10 02:55:15,N,4353.62,7239.88,4236.75,0.0,2021-02-10 02:55:00
6059933,2021-02-10 03:00:23,N,4181.62,7293.19,4166.06,0.0,2021-02-10 03:00:00
6059941,2021-02-10 03:05:16,N,4106.47,6909.22,4159.53,0.0,2021-02-10 03:05:00
6059943,2021-02-10 03:10:15,N,4037.99,6827.68,4159.56,0.0,2021-02-10 03:10:00
6059945,2021-02-10 03:15:15,N,3925.57,6803.25,4288.9,0.0,2021-02-10 03:15:00
6059949,2021-02-10 03:20:15,N,4053.3,6966.96,4205.7,0.0,2021-02-10 03:20:00
6059951,2021-02-10 03:25:13,N,3915.54,6752.53,4205.62,0.0,2021-02-10 03:25:00
6059953,2021-02-10 03:30:14,N,3903.01,6705.08,4205.53,0.0,2021-02-10 03:30:00
6059957,2021-02-10 03:35:14,N,3977.81,6683.35,4205.52,0.0,2021-02-10 03:35:00
6059959,2021-02-10 03:40:15,N,3893.47,6683.71,4205.54,0.0,2021-02-10 03:40:00
6059961,2021-02-10 03:45:17,N,3927.93,6848.86,4205.55,0.0,2021-02-10 03:45:00
6059965,2021-02-10 03:50:18,N,4163.61,7228.43,4205.57,0.0,2021-02-10 03:50:00
6059967,2021-02-10 03:55:17,N,4551.99,7923.5,4104.69,0.0,2021-02-10 03:55:00
6059969,2021-02-10 03:56:14,N,4741.57,8153.53,4104.67,0.0,2021-02-10 03:55:00
6059970,2021-02-10 03:57:33,N,4931.33,8747.88,4104.65,0.0,2021-02-10 03:55:00
6059971,2021-02-10 04:00:20,N,5092.45,8987.36,4105.66,0.0,2021-02-10 04:00:00
6059979,2021-02-10 04:05:16,N,5143.14,8867.38,4105.76,0.0,2021-02-10 04:05:00
6059981,2021-02-10 04:10:16,N,4888.66,8630.48,4147.29,0.0,2021-02-10 04:10:00
6059983,2021-02-10 04:15:15,N,4677.49,8448.83,4230.27,0.0,2021-02-10 04:15:00
6059987,2021-02-10 04:20:14,N,4396.8,8307.93,4147.4,0.0,2021-02-10 04:20:00
6059989,2021-02-10 04:25:15,N,4296.16,8217.44,4147.43,0.0,2021-02-10 04:25:00
6059991,2021-02-10 04:30:16,N,4298.23,8175.74,4230.86,0.0,2021-02-10 04:30:00
6059995,2021-02-10 04:35:14,N,4253.8,8051.04,4147.42,0.0,2021-02-10 04:35:00
6059997,2021-02-10 04:40:13,N,4225.96,7859.88,4219.37,0.0,2021-02-10 04:40:00
6059999,2021-02-10 04:45:14,N,4291.18,8077.75,4290.43,0.0,2021-02-10 04:45:00
6060003,2021-02-10 04:50:14,N,4151.3,7818.36,4244.51,0.0,2021-02-10 04:50:00
6060005,2021-02-10 04:55:15,N,4242.32,7844.44,4101.41,0.0,2021-02-10 04:55:00
6060007,2021-02-10 05:00:21,N,4444.63,8408.65,4216.73,0.0,2021-02-10 05:00:00
6060015,2021-02-10 05:05:14,N,4354.08,8034.54,4195.23,0.0,2021-02-10 05:05:00
6060017,2021-02-10 05:10:16,N,4279.51,8159.48,4122.27,0.0,2021-02-10 05:10:00
6060019,2021-02-10 05:15:15,N,4209.5,8070.98,4122.25,0.0,2021-02-10 05:15:00
6060023,2021-02-10 05:20:19,N,4309.81,8331.07,4050.69,0.0,2021-02-10 05:20:00
6060026,2021-02-10 05:25:14,N,4373.87,8269.66,3958.67,0.0,2021-02-10 05:25:00
6060028,2021-02-10 05:30:14,N,4457.5,8453.13,3958.71,0.0,2021-02-10 05:30:00
6060032,2021-02-10 05:35:13,N,4330.48,8282.65,3862.62,0.0,2021-02-10 05:35:00
6060034,2021-02-10 05:40:15,N,4263.96,8223.65,3862.44,0.0,2021-02-10 05:40:00
6060036,2021-02-10 05:45:14,N,4503.94,8614.14,3718.53,0.0,2021-02-10 05:45:00
6060040,2021-02-10 05:50:15,N,4414.02,8717.25,3566.32,0.0,2021-02-10 05:50:00
6060042,2021-02-10 05:55:15,N,4437.34,8749.19,3516.08,0.0,2021-02-10 05:55:00
6060044,2021-02-10 06:00:17,N,4444.53,8801.19,3512.08,0.0,2021-02-10 06:00:00
6060052,2021-02-10 06:05:15,N,4376.8,8512.53,3512.29,0.0,2021-02-10 06:05:00
6060054,2021-02-10 06:10:15,N,4106.69,7926.0,3512.31,0.0,2021-02-10 06:10:00
6060056,2021-02-10 06:15:14,N,4090.84,7571.99,3512.33,0.0,2021-02-10 06:15:00
6060060,2021-02-10 06:20:14,N,4120.52,7251.62,3512.38,0.0,2021-02-10 06:20:00
6060062,2021-02-10 06:25:14,N,4147.81,7328.43,3512.46,0.0,2021-02-10 06:25:00
6060064,2021-02-10 06:30:14,N,4073.14,7087.44,3512.37,0.0,2021-02-10 06:30:00
6060068,2021-02-10 06:35:14,N,3986.23,6805.01,3464.32,0.0,2021-02-10 06:35:00
6060070,2021-02-10 06:40:13,N,3978.78,6652.97,3408.41,0.0,2021-02-10 06:40:00
6060072,2021-02-10 06:45:14,N,3959.99,6477.42,3408.39,0.0,2021-02-10 06:45:00
6060076,2021-02-10 06:50:14,N,3878.6,6251.22,3408.26,0.0,2021-02-10 06:50:00
6060078,2021-02-10 06:55:15,N,3944.76,6149.28,3352.53,0.0,2021-02-10 06:55:00
6060080,2021-02-10 07:00:18,N,3850.88,6158.0,3185.48,0.0,2021-02-10 07:00:00
6060088,2021-02-10 07:03:45,N,3710.62,5742.65,2982.48,0.0,2021-02-10 07:00:00
6060089,2021-02-10 07:05:16,N,3777.3,6006.05,2982.58,0.0,2021-02-10 07:05:00
6060091,2021-02-10 07:10:14,N,3666.75,5829.88,2982.56,0.0,2021-02-10 07:10:00
6060093,2021-02-10 07:15:13,N,3581.64,5686.5,2823.28,0.0,2021-02-10 07:15:00
6060097,2021-02-10 07:20:15,N,3548.06,5663.24,2823.33,0.0,2021-02-10 07:20:00
6060099,2021-02-10 07:25:16,N,3670.45,5809.49,2823.31,0.0,2021-02-10 07:25:00
6060101,2021-02-10 07:30:15,N,3679.62,5813.12,2823.28,0.0,2021-02-10 07:30:00
6060105,2021-02-10 07:35:15,N,3640.68,5824.56,2743.25,0.0,2021-02-10 07:35:00
6060107,2021-02-10 07:40:15,N,3517.59,5524.07,2743.25,0.0,2021-02-10 07:40:00
6060109,2021-02-10 07:45:15,N,3622.5,5563.66,2743.25,0.0,2021-02-10 07:45:00
6060113,2021-02-10 07:50:15,N,3646.24,5521.19,2743.17,0.0,2021-02-10 07:50:00
6060115,2021-02-10 07:55:14,N,3582.79,5502.98,2718.07,0.0,2021-02-10 07:55:00
6060117,2021-02-10 08:00:18,N,3515.08,5210.26,2808.94,0.0,2021-02-10 08:00:00
6060125,2021-02-10 08:05:15,N,3472.73,5068.26,2718.86,0.0,2021-02-10 08:05:00
6060127,2021-02-10 08:10:14,N,3450.44,4916.94,2684.93,0.0,2021-02-10 08:10:00
6060129,2021-02-10 08:15:13,N,3606.28,5048.32,2547.91,0.0,2021-02-10 08:15:00
6060133,2021-02-10 08:20:15,N,3714.02,5227.96,2548.0,0.0,2021-02-10 08:20:00
6060135,2021-02-10 08:25:14,N,3723.05,5244.4,2453.03,0.0,2021-02-10 08:25:00
6060137,2021-02-10 08:30:14,N,3720.66,5219.69,2414.6,0.0,2021-02-10 08:30:00
6060141,2021-02-10 08:35:14,N,3798.41,5366.76,2440.53,0.0,2021-02-10 08:35:00
6060143,2021-02-10 08:40:14,N,3684.58,5210.17,2440.51,0.0,2021-02-10 08:40:00
6060145,2021-02-10 08:45:14,N,3694.08,5196.0,2398.82,0.0,2021-02-10 08:45:00
6060149,2021-02-10 08:50:16,N,3751.0,5369.41,2398.82,0.0,2021-02-10 08:50:00
6060151,2021-02-10 08:55:14,N,3780.97,5453.57,2398.82,0.0,2021-02-10 08:55:00
6060153,2021-02-10 09:00:20,N,3665.6,5232.61,2443.32,0.0,2021-02-10 09:00:00
6060161,2021-02-10 09:05:16,N,3730.02,5376.02,2397.62,0.0,2021-02-10 09:05:00
6060163,2021-02-10 09:10:15,N,3831.07,5455.83,2397.62,0.0,2021-02-10 09:10:00
6060165,2021-02-10 09:15:16,N,3917.12,5625.43,2396.6,0.0,2021-02-10 09:15:00
6060169,2021-02-10 09:20:16,N,3909.71,5623.07,2396.6,0.0,2021-02-10 09:20:00
6060171,2021-02-10 09:25:15,N,3747.92,5464.11,2396.6,0.0,2021-02-10 09:25:00
6060173,2021-02-10 09:30:14,N,3823.23,5524.56,2396.6,0.0,2021-02-10 09:30:00
6060177,2021-02-10 09:35:15,N,3841.12,5577.65,2396.6,0.0,2021-02-10 09:35:00
6060180,2021-02-10 09:40:15,N,3856.3,5563.37,2396.6,0.0,2021-02-10 09:40:00
6060182,2021-02-10 09:45:14,N,3787.58,5585.56,2434.0,0.0,2021-02-10 09:45:00
6060186,2021-02-10 09:50:16,N,3728.63,5498.83,2628.0,0.0,2021-02-10 09:50:00
6060188,2021-02-10 09:55:15,N,3635.4,5394.16,2739.65,0.0,2021-02-10 09:55:00
6060190,2021-02-10 10:00:20,N,3598.47,5196.53,2734.94,0.0,2021-02-10 10:00:00
6060201,2021-02-10 10:05:18,N,3596.1,5095.0,2754.75,0.0,2021-02-10 10:05:00
6060203,2021-02-10 10:10:16,N,3603.6,5140.11,2655.13,0.0,2021-02-10 10:10:00
6060205,2021-02-10 10:15:14,N,3735.11,5435.19,2498.27,0.0,2021-02-10 10:15:00
6060209,2021-02-10 10:20:14,N,3875.66,5702.7,2379.27,0.0,2021-02-10 10:20:00
6060211,2021-02-10 10:25:14,N,4085.25,6024.03,2379.25,0.0,2021-02-10 10:25:00
6060213,2021-02-10 10:30:16,N,4065.23,5958.31,2438.24,0.0,2021-02-10 10:30:00
6060217,2021-02-10 10:35:15,N,3984.07,5737.18,2438.17,0.0,2021-02-10 10:35:00
6060219,2021-02-10 10:40:15,N,4019.87,5969.99,2536.18,0.0,2021-02-10 10:40:00
6060221,2021-02-10 10:45:15,N,3979.1,5951.96,2536.15,0.0,2021-02-10 10:45:00
6060225,2021-02-10 10:50:16,N,3973.62,5932.02,2534.17,0.0,2021-02-10 10:50:00
6060227,2021-02-10 10:55:15,N,4029.14,6238.86,2536.2,0.0,2021-02-10 10:55:00
6060231,2021-02-10 11:00:18,N,4026.29,6308.54,2530.53,0.0,2021-02-10 11:00:00
6060239,2021-02-10 11:05:28,N,4123.22,6366.16,2507.85,0.0,2021-02-10 11:05:00
6060241,2021-02-10 11:10:16,N,4033.6,6048.97,2507.42,0.0,2021-02-10 11:10:00
6060243,2021-02-10 11:15:15,N,3867.24,5475.78,2549.46,0.0,2021-02-10 11:15:00
6060247,2021-02-10 11:20:15,N,3813.18,5652.59,2549.03,0.0,2021-02-10 11:20:00
6060249,2021-02-10 11:25:14,N,3766.86,5693.28,2548.31,0.0,2021-02-10 11:25:00
6060251,2021-02-10 11:30:15,N,3799.9,5684.09,2594.94,0.0,2021-02-10 11:30:00
6060255,2021-02-10 11:35:15,N,3766.49,5795.5,2715.8,0.0,2021-02-10 11:35:00
6060259,2021-02-10 11:40:14,N,3810.39,5608.35,2740.66,0.0,2021-02-10 11:40:00
6060261,2021-02-10 11:45:15,N,3564.4,5187.88,2786.7,0.0,2021-02-10 11:45:00
6060265,2021-02-10 11:50:25,N,3639.47,5392.11,2783.33,0.0,2021-02-10 11:50:00
6060267,2021-02-10 11:55:15,N,3637.8,5522.98,2736.76,0.0,2021-02-10 11:55:00
6060269,2021-02-10 12:00:20,N,3641.47,5664.38,2732.13,0.0,2021-02-10 12:00:00
6060277,2021-02-10 12:05:27,N,3673.59,5804.49,2731.13,0.0,2021-02-10 12:05:00
6060279,2021-02-10 12:10:15,N,3651.04,5750.73,2732.36,0.0,2021-02-10 12:10:00
6060281,2021-02-10 12:15:14,N,3734.39,5803.35,2651.58,0.0,2021-02-10 12:15:00
6060285,2021-02-10 12:20:15,N,3773.56,5875.81,2651.9,0.0,2021-02-10 12:20:00
6060287,2021-02-10 12:25:15,N,3699.31,5808.65,2653.75,0.0,2021-02-10 12:25:00
6060289,2021-02-10 12:30:16,N,3711.34,5851.12,2653.27,0.0,2021-02-10 12:30:00
6060293,2021-02-10 12:35:16,N,3716.84,5846.4,2698.28,0.0,2021-02-10 12:35:00
6060295,2021-02-10 12:40:15,N,3910.06,6068.64,2698.53,0.0,2021-02-10 12:40:00
6060297,2021-02-10 12:45:16,N,3991.93,6313.08,2697.96,0.0,2021-02-10 12:45:00
6060301,2021-02-10 12:50:16,N,4030.33,6473.57,2697.97,0.0,2021-02-10 12:50:00
6060303,2021-02-10 12:55:19,N,4065.95,6738.95,2813.43,0.0,2021-02-10 12:55:00
6060305,2021-02-10 13:00:22,N,4043.36,6618.34,2892.18,0.0,2021-02-10 13:00:00
6060313,2021-02-10 13:05:17,N,3845.79,6263.54,3144.03,0.0,2021-02-10 13:05:00
6060315,2021-02-10 13:10:18,N,3673.76,6171.09,3066.12,0.0,2021-02-10 13:10:00
6060317,2021-02-10 13:15:17,N,3711.2,6121.35,3113.0,0.0,2021-02-10 13:15:00
6060321,2021-02-10 13:20:16,N,3738.23,6231.71,3115.83,0.0,2021-02-10 13:20:00
6060323,2021-02-10 13:25:15,N,3800.56,6224.85,3192.85,0.0,2021-02-10 13:25:00
6060325,2021-02-10 13:30:17,N,3750.55,6371.42,3109.59,0.0,2021-02-10 13:30:00
6060329,2021-02-10 13:35:16,N,3644.0,6099.16,3181.28,0.0,2021-02-10 13:35:00
6060331,2021-02-10 13:40:17,N,3640.66,6259.63,3108.8,0.0,2021-02-10 13:40:00
6060333,2021-02-10 13:45:16,N,3701.79,6486.62,3194.08,0.0,2021-02-10 13:45:00
6060337,2021-02-10 13:50:16,N,3863.45,6871.4,3111.04,0.0,2021-02-10 13:50:00
6060339,2021-02-10 13:55:16,N,3870.87,7066.35,3111.11,0.0,2021-02-10 13:55:00
6060341,2021-02-10 14:00:25,N,3856.21,7167.63,3113.16,0.0,2021-02-10 14:00:00
6060349,2021-02-10 14:05:16,N,3857.0,7117.54,3112.08,0.0,2021-02-10 14:05:00
6060351,2021-02-10 14:10:16,N,3842.62,6840.21,3153.67,0.0,2021-02-10 14:10:00
6060353,2021-02-10 14:15:16,N,3824.29,6693.65,3203.74,0.0,2021-02-10 14:15:00
6060357,2021-02-10 14:20:16,N,3769.82,6520.8,3203.75,0.0,2021-02-10 14:20:00
6060359,2021-02-10 14:25:15,N,3870.01,6873.83,3163.18,0.0,2021-02-10 14:25:00
6060361,2021-02-10 14:30:17,N,3849.91,7056.2,3163.31,0.0,2021-02-10 14:30:00
6060368,2021-02-10 14:35:16,N,3868.44,7253.35,3208.33,0.0,2021-02-10 14:35:00
6060371,2021-02-10 14:40:15,N,3797.38,6958.1,3264.61,0.0,2021-02-10 14:40:00
6060373,2021-02-10 14:45:15,N,3792.15,6921.13,3264.5,0.0,2021-02-10 14:45:00
6060377,2021-02-10 14:50:16,N,3817.05,6823.62,3264.5,0.0,2021-02-10 14:50:00
6060379,2021-02-10 14:55:16,N,3857.64,6967.28,3264.64,0.0,2021-02-10 14:55:00
6060381,2021-02-10 15:00:20,N,3866.25,7152.1,3264.88,0.0,2021-02-10 15:00:00
6060389,2021-02-10 15:05:15,N,3854.67,6903.22,3264.65,0.0,2021-02-10 15:05:00
6060391,2021-02-10 15:10:14,N,3726.43,6878.02,3220.66,0.0,2021-02-10 15:10:00
6060393,2021-02-10 15:15:14,N,3819.41,6888.59,3220.61,0.0,2021-02-10 15:15:00
6060397,2021-02-10 15:20:15,N,3945.77,6841.23,3220.59,0.0,2021-02-10 15:20:00
6060399,2021-02-10 15:25:16,N,4005.41,6994.73,3220.51,0.0,2021-02-10 15:25:00
6060401,2021-02-10 15:30:17,N,3949.5,6887.46,3220.51,0.0,2021-02-10 15:30:00
6060405,2021-02-10 15:35:16,N,3973.5,6827.65,3220.53,0.0,2021-02-10 15:35:00
6060407,2021-02-10 15:40:15,N,4011.07,6955.89,3220.59,0.0,2021-02-10 15:40:00
6060409,2021-02-10 15:45:16,N,4007.44,7016.38,3220.62,0.0,2021-02-10 15:45:00
6060413,2021-02-10 15:50:17,N,3973.0,7011.24,3221.08,0.0,2021-02-10 15:50:00
6060415,2021-02-10 15:55:17,N,3950.73,6909.94,3221.14,0.0,2021-02-10 15:55:00
6060417,2021-02-10 16:00:19,N,3977.96,6847.17,3219.41,0.0,2021-02-10 16:00:00
6060425,2021-02-10 16:05:16,N,4060.87,6845.81,3297.47,0.0,2021-02-10 16:05:00
6060427,2021-02-10 16:10:16,N,4051.6,6771.56,3297.51,0.0,2021-02-10 16:10:00
6060429,2021-02-10 16:15:14,N,4078.0,6735.94,3219.37,0.0,2021-02-10 16:15:00
6060433,2021-02-10 16:20:15,N,4028.38,6493.13,3216.71,0.0,2021-02-10 16:20:00
6060435,2021-02-10 16:25:16,N,3991.59,6440.13,3219.43,0.0,2021-02-10 16:25:00
6060437,2021-02-10 16:30:17,N,4040.42,6616.4,3220.35,0.0,2021-02-10 16:30:00
6060441,2021-02-10 16:35:16,N,4081.62,6711.19,3216.34,0.0,2021-02-10 16:35:00
6060443,2021-02-10 16:40:16,N,3970.4,6537.79,3213.66,0.0,2021-02-10 16:40:00
6060445,2021-02-10 16:45:15,N,4058.07,6695.58,2861.38,0.0,2021-02-10 16:45:00
6060449,2021-02-10 16:50:15,N,4094.03,6665.36,2565.45,0.0,2021-02-10 16:50:00
6060451,2021-02-10 16:55:14,N,4249.6,7007.2,2409.5,0.0,2021-02-10 16:55:00
6060453,2021-02-10 17:00:22,N,4285.62,7140.78,2344.25,0.0,2021-02-10 17:00:00
6060461,2021-02-10 17:05:16,N,4345.76,7287.98,2389.3,0.0,2021-02-10 17:05:00
6060463,2021-02-10 17:10:15,N,4334.63,7343.1,2434.3,0.0,2021-02-10 17:10:00
6060465,2021-02-10 17:15:15,N,4296.27,7157.59,2434.4,0.0,2021-02-10 17:15:00
6060469,2021-02-10 17:20:17,N,4224.03,6871.61,2435.3,0.0,2021-02-10 17:20:00
6060471,2021-02-10 17:25:16,N,4110.24,6709.67,2389.36,0.0,2021-02-10 17:25:00
6060473,2021-02-10 17:30:16,N,3966.53,6510.32,2436.4,0.0,2021-02-10 17:30:00
6060477,2021-02-10 17:35:14,N,4024.44,6497.97,2390.0,0.0,2021-02-10 17:35:00
6060479,2021-02-10 17:40:14,N,4056.45,6331.28,2390.0,0.0,2021-02-10 17:40:00
6060481,2021-02-10 17:45:14,N,4029.51,6031.68,2296.33,0.0,2021-02-10 17:45:00
6060485,2021-02-10 17:50:16,N,4085.42,6038.82,2195.37,0.0,2021-02-10 17:50:00
6060487,2021-02-10 17:55:15,N,4003.17,5857.34,2194.93,0.0,2021-02-10 17:55:00
6060489,2021-02-10 18:00:21,N,3979.63,5978.5,2156.34,0.0,2021-02-10 18:00:00
6060497,2021-02-10 18:05:17,N,3920.52,5871.96,2155.86,0.0,2021-02-10 18:05:00
6060499,2021-02-10 18:10:15,N,3943.52,5774.87,2156.61,0.0,2021-02-10 18:10:00
6060501,2021-02-10 18:15:15,N,3896.12,5690.8,2056.98,0.0,2021-02-10 18:15:00
6060505,2021-02-10 18:20:15,N,4013.21,5809.83,2018.98,0.0,2021-02-10 18:20:00
6060507,2021-02-10 18:25:16,N,4176.68,5714.88,2021.25,0.0,2021-02-10 18:25:00
6060509,2021-02-10 18:30:16,N,4133.33,5619.86,1955.48,0.0,2021-02-10 18:30:00
6060513,2021-02-10 18:35:15,N,4147.23,5855.67,1958.11,0.0,2021-02-10 18:35:00
6060515,2021-02-10 18:40:15,N,4030.92,5622.77,1958.84,0.0,2021-02-10 18:40:00
6060517,2021-02-10 18:45:15,N,4007.07,5598.22,1965.16,0.0,2021-02-10 18:45:00
6060521,2021-02-10 18:50:16,N,3955.08,5577.49,1965.18,0.0,2021-02-10 18:50:00
6060523,2021-02-10 18:55:15,N,3850.74,5421.3,1967.06,0.0,2021-02-10 18:55:00
6060525,2021-02-10 19:00:19,N,3909.24,5513.97,1971.08,0.0,2021-02-10 19:00:00
6060533,2021-02-10 19:05:16,N,3697.61,5297.7,1969.55,0.0,2021-02-10 19:05:00
6060535,2021-02-10 19:10:14,N,3925.45,5597.43,1968.3,0.0,2021-02-10 19:10:00
6060537,2021-02-10 19:15:14,N,3858.59,5461.29,1958.15,0.0,2021-02-10 19:15:00
6060541,2021-02-10 19:20:16,N,3705.2,5319.67,1964.29,0.0,2021-02-10 19:20:00
6060543,2021-02-10 19:25:15,N,3645.98,5267.2,1991.43,0.0,2021-02-10 19:25:00
6060545,2021-02-10 19:30:14,N,3646.97,5141.55,1997.53,0.0,2021-02-10 19:30:00
6060549,2021-02-10 19:35:15,N,3652.28,5212.81,1992.23,0.0,2021-02-10 19:35:00
6060551,2021-02-10 19:40:15,N,3985.21,5910.15,1989.22,0.0,2021-02-10 19:40:00
6060553,2021-02-10 19:45:15,N,4147.79,6115.28,1999.23,0.0,2021-02-10 19:45:00
6060557,2021-02-10 19:50:17,N,3986.15,6082.74,2100.9,0.0,2021-02-10 19:50:00
6060559,2021-02-10 19:55:16,N,3829.1,5917.8,2101.09,0.0,2021-02-10 19:55:00
6060561,2021-02-10 20:00:19,N,3781.99,5890.52,2160.14,0.0,2021-02-10 20:00:00
6060569,2021-02-10 20:05:15,N,3885.04,5975.42,2264.34,0.0,2021-02-10 20:05:00
6060571,2021-02-10 20:10:14,N,3973.55,6137.17,2263.82,0.0,2021-02-10 20:10:00
6060573,2021-02-10 20:15:15,N,3969.85,6235.99,2309.46,0.0,2021-02-10 20:15:00
6060577,2021-02-10 20:20:14,N,3920.1,6201.49,2306.66,0.0,2021-02-10 20:20:00
6060579,2021-02-10 20:25:16,N,3895.21,6068.14,2357.74,0.0,2021-02-10 20:25:00
6060581,2021-02-10 20:30:15,N,3851.18,6191.62,2470.7,0.0,2021-02-10 20:30:00
6060585,2021-02-10 20:35:15,N,3810.66,6107.71,2520.45,0.0,2021-02-10 20:35:00
6060587,2021-02-10 20:40:15,N,3777.88,6087.78,2519.14,0.0,2021-02-10 20:40:00
6060589,2021-02-10 20:45:14,N,3869.99,6208.88,2607.94,0.0,2021-02-10 20:45:00
6060593,2021-02-10 20:50:15,N,3952.89,6229.81,2612.48,0.0,2021-02-10 20:50:00
6060595,2021-02-10 20:55:14,N,3852.5,6142.86,2614.31,0.0,2021-02-10 20:55:00
6060598,2021-02-10 21:00:18,N,3814.61,6156.38,2624.01,0.0,2021-02-10 21:00:00
6060605,2021-02-10 21:05:16,N,3996.31,6303.27,2698.0,0.0,2021-02-10 21:05:00
6060607,2021-02-10 21:10:14,N,3876.4,6164.27,2811.14,0.0,2021-02-10 21:10:00
6060609,2021-02-10 21:15:15,N,3849.67,6109.57,2981.91,0.0,2021-02-10 21:15:00
6060613,2021-02-10 21:20:15,N,3833.51,6279.02,3031.92,0.0,2021-02-10 21:20:00
6060615,2021-02-10 21:25:14,N,3826.65,6254.2,3102.66,0.0,2021-02-10 21:25:00
6060617,2021-02-10 21:30:16,N,3820.32,6349.08,3177.6,0.0,2021-02-10 21:30:00
6060621,2021-02-10 21:35:14,N,3777.87,6224.17,3177.68,0.0,2021-02-10 21:35:00
6060623,2021-02-10 21:40:16,N,3700.69,6079.68,3251.87,0.0,2021-02-10 21:40:00
6060625,2021-02-10 21:45:15,N,3881.15,6357.84,3438.05,0.0,2021-02-10 21:45:00
6060629,2021-02-10 21:50:17,N,3885.43,6570.17,3359.09,0.0,2021-02-10 21:50:00
6060631,2021-02-10 21:55:15,N,3762.82,6427.98,3276.9,0.0,2021-02-10 21:55:00
6060633,2021-02-10 22:00:20,N,3783.57,6343.89,3412.8,0.0,2021-02-10 22:00:00
6060641,2021-02-10 22:05:17,N,3971.66,6796.66,3253.26,0.0,2021-02-10 22:05:00
6060643,2021-02-10 22:10:15,N,4024.21,7170.85,3492.9,0.0,2021-02-10 22:10:00
6060645,2021-02-10 22:15:15,N,4126.54,7472.05,3325.52,0.0,2021-02-10 22:15:00
6060649,2021-02-10 22:20:15,N,4014.68,7578.88,3367.12,0.0,2021-02-10 22:20:00
6060651,2021-02-10 22:25:14,N,3985.53,7657.1,3458.06,0.0,2021-02-10 22:25:00
6060653,2021-02-10 22:30:14,N,3901.93,7516.16,3517.99,0.0,2021-02-10 22:30:00
6060657,2021-02-10 22:35:16,N,3862.73,7578.84,3520.81,0.0,2021-02-10 22:35:00
6060659,2021-02-10 22:40:15,N,3827.5,7124.9,3687.99,0.0,2021-02-10 22:40:00
6060661,2021-02-10 22:45:16,N,3933.36,7509.89,3762.38,0.0,2021-02-10 22:45:00
6060665,2021-02-10 22:50:15,N,4056.23,7784.46,3904.26,0.0,2021-02-10 22:50:00
6060667,2021-02-10 22:55:16,N,3995.69,7803.09,3830.02,0.0,2021-02-10 22:55:00
6060669,2021-02-10 23:00:21,N,3970.09,7802.94,3831.56,0.0,2021-02-10 23:00:00
6060677,2021-02-10 23:05:15,N,4063.31,7955.07,3831.39,0.0,2021-02-10 23:05:00
6060679,2021-02-10 23:10:15,N,4082.95,8097.13,3927.44,0.0,2021-02-10 23:10:00
6060681,2021-02-10 23:15:14,N,4052.33,8054.73,3993.65,0.0,2021-02-10 23:15:00
6060685,2021-02-10 23:20:16,N,4030.59,8063.2,3991.53,0.0,2021-02-10 23:20:00
6060687,2021-02-10 23:25:15,N,4078.09,8013.14,3991.54,0.0,2021-02-10 23:25:00
6060689,2021-02-10 23:30:16,N,4120.58,8126.32,3991.56,0.0,2021-02-10 23:30:00
6060693,2021-02-10 23:35:15,N,4093.61,8179.85,3991.48,0.0,2021-02-10 23:35:00
6060695,2021-02-10 23:40:15,N,4019.48,7972.9,4083.32,0.0,2021-02-10 23:40:00
6060697,2021-02-10 23:45:15,N,4083.42,7948.65,4083.57,0.0,2021-02-10 23:45:00
6060701,2021-02-10 23:50:14,N,4257.71,8228.78,4083.6,0.0,2021-02-10 23:50:00
6060703,2021-02-10 23:55:16,N,4256.81,8071.5,4157.44,0.0,2021-02-10 23:55:00
6060705,2021-02-11 00:00:23,N,4188.06,7973.69,4216.06,0.0,2021-02-11 00:00:00
6060713,2021-02-11 00:05:16,N,4127.76,7913.0,4238.08,0.0,2021-02-11 00:05:00
6060715,2021-02-11 00:10:16,N,4113.01,7719.28,4238.11,0.0,2021-02-11 00:10:00
6060717,2021-02-11 00:15:15,N,3879.15,7483.14,4237.92,0.0,2021-02-11 00:15:00
6060721,2021-02-11 00:20:14,N,3766.64,7268.78,4237.9,0.0,2021-02-11 00:20:00
6060723,2021-02-11 00:25:15,N,3808.72,7262.81,4237.22,0.0,2021-02-11 00:25:00
6060725,2021-02-11 00:30:15,N,3995.59,7467.57,4314.63,0.0,2021-02-11 00:30:00
6060729,2021-02-11 00:35:14,N,3894.8,7476.92,4314.32,0.0,2021-02-11 00:35:00
6060731,2021-02-11 00:40:16,N,3980.93,7654.09,4237.56,0.0,2021-02-11 00:40:00
6060733,2021-02-11 00:45:16,N,3990.79,7726.95,4237.61,0.0,2021-02-11 00:45:00
6060737,2021-02-11 00:50:15,N,4052.45,7830.5,4237.83,0.0,2021-02-11 00:50:00
6060739,2021-02-11 00:55:14,N,4156.28,8023.54,4237.64,0.0,2021-02-11 00:55:00
6060741,2021-02-11 01:00:21,N,4276.3,8297.92,4233.11,0.0,2021-02-11 01:00:00
6060749,2021-02-11 01:05:18,N,4300.7,8354.63,4224.31,0.0,2021-02-11 01:05:00
6060752,2021-02-11 01:10:15,N,4223.43,8283.66,4224.4,0.0,2021-02-11 01:10:00
6060754,2021-02-11 01:15:14,N,4177.81,8288.78,4517.34,0.0,2021-02-11 01:15:00
6060758,2021-02-11 01:18:51,N,4224.43,8338.32,4517.41,0.0,2021-02-11 01:15:00
6060759,2021-02-11 01:20:14,N,4246.02,8424.22,4517.32,0.0,2021-02-11 01:20:00
6060761,2021-02-11 01:25:14,N,4065.24,8128.39,4573.94,0.0,2021-02-11 01:25:00
6060763,2021-02-11 01:30:15,N,3993.67,8019.1,4630.55,0.0,2021-02-11 01:30:00
6060767,2021-02-11 01:33:05,N,4117.05,8106.74,4630.38,0.0,2021-02-11 01:30:00
6060768,2021-02-11 01:35:14,N,4168.87,8156.39,4630.23,0.0,2021-02-11 01:35:00
6060770,2021-02-11 01:40:14,N,4169.0,8335.98,4630.12,0.0,2021-02-11 01:40:00
6060772,2021-02-11 01:45:14,N,4172.96,8287.06,4630.15,0.0,2021-02-11 01:45:00
6060776,2021-02-11 01:50:16,N,4039.41,8049.54,4630.24,0.0,2021-02-11 01:50:00
6060778,2021-02-11 01:55:16,N,4061.94,7930.52,4630.48,0.0,2021-02-11 01:55:00
6060780,2021-02-11 02:00:19,N,4071.04,7878.17,4652.32,0.0,2021-02-11 02:00:00
6060788,2021-02-11 02:05:16,N,4064.87,7812.61,4652.36,0.0,2021-02-11 02:05:00
6060790,2021-02-11 02:10:16,N,3940.42,7605.29,4652.23,0.0,2021-02-11 02:10:00
6060792,2021-02-11 02:15:16,N,3933.53,7518.88,4652.38,0.0,2021-02-11 02:15:00
6060796,2021-02-11 02:20:14,N,4109.66,7713.4,4652.36,0.0,2021-02-11 02:20:00
6060798,2021-02-11 02:25:14,N,4104.67,7708.19,4652.43,0.0,2021-02-11 02:25:00
6060800,2021-02-11 02:30:14,N,4116.79,7695.86,4652.4,0.0,2021-02-11 02:30:00
6060804,2021-02-11 02:35:14,N,4290.67,8094.06,4652.33,0.0,2021-02-11 02:35:00
6060806,2021-02-11 02:40:14,N,4113.58,8021.96,4652.14,0.0,2021-02-11 02:40:00
6060808,2021-02-11 02:45:14,N,4108.85,7955.82,4651.28,0.0,2021-02-11 02:45:00
6060812,2021-02-11 02:50:15,N,4142.38,7946.69,4651.46,0.0,2021-02-11 02:50:00
6060814,2021-02-11 02:55:15,N,4195.19,8041.5,4651.42,0.0,2021-02-11 02:55:00
6060816,2021-02-11 03:00:21,N,4097.21,7929.58,4655.35,0.0,2021-02-11 03:00:00
6060824,2021-02-11 03:05:15,N,3952.69,7777.42,4655.34,0.0,2021-02-11 03:05:00
6060826,2021-02-11 03:10:15,N,4054.32,7742.94,4655.31,0.0,2021-02-11 03:10:00
6060828,2021-02-11 03:15:15,N,4070.25,7789.67,4655.35,0.0,2021-02-11 03:15:00
6060832,2021-02-11 03:20:15,N,3952.88,7700.92,4655.41,0.0,2021-02-11 03:20:00
6060834,2021-02-11 03:25:14,N,3933.87,7548.52,4655.37,0.0,2021-02-11 03:25:00
6060836,2021-02-11 03:30:16,N,3824.04,7287.35,4655.37,0.0,2021-02-11 03:30:00
6060840,2021-02-11 03:35:15,N,3762.82,7149.96,4745.33,0.0,2021-02-11 03:35:00
6060842,2021-02-11 03:40:15,N,3791.02,7152.6,4744.29,0.0,2021-02-11 03:40:00
6060844,2021-02-11 03:45:15,N,3761.66,7229.89,4655.39,0.0,2021-02-11 03:45:00
6060848,2021-02-11 03:50:16,N,3666.75,6948.86,4654.38,0.0,2021-02-11 03:50:00
6060850,2021-02-11 03:55:15,N,3653.2,6868.82,4654.42,0.0,2021-02-11 03:55:00
6060853,2021-02-11 04:00:20,N,4075.69,7937.0,4657.6,0.0,2021-02-11 04:00:00
6060860,2021-02-11 04:05:15,N,4102.02,7778.01,4657.76,0.0,2021-02-11 04:05:00
6060862,2021-02-11 04:10:15,N,4152.36,7615.89,4657.73,0.0,2021-02-11 04:10:00
6060864,2021-02-11 04:15:14,N,4368.41,7790.36,4657.71,0.0,2021-02-11 04:15:00
6060868,2021-02-11 04:20:15,N,4413.34,7864.43,4657.79,0.0,2021-02-11 04:20:00
6060870,2021-02-11 04:25:15,N,4184.76,7676.38,4565.67,0.0,2021-02-11 04:25:00
6060872,2021-02-11 04:30:17,N,4091.22,7406.92,4373.57,0.0,2021-02-11 04:30:00
6060876,2021-02-11 04:35:16,N,4197.37,7678.68,4278.55,0.0,2021-02-11 04:35:00
6060878,2021-02-11 04:40:16,N,4161.9,7647.41,4278.41,0.0,2021-02-11 04:40:00
6060880,2021-02-11 04:45:14,N,4195.26,7934.14,4278.44,0.0,2021-02-11 04:45:00
6060884,2021-02-11 04:50:15,N,4265.6,7903.97,4278.67,0.0,2021-02-11 04:50:00
6060886,2021-02-11 04:55:16,N,4115.17,7856.83,4186.7,0.0,2021-02-11 04:55:00
6060888,2021-02-11 05:00:21,N,4113.21,8179.34,4084.46,0.0,2021-02-11 05:00:00
6060896,2021-02-11 05:05:16,N,4072.91,8225.37,4121.39,0.0,2021-02-11 05:05:00
6060898,2021-02-11 05:10:14,N,4101.36,7913.49,4008.54,0.0,2021-02-11 05:10:00
6060900,2021-02-11 05:15:15,N,4308.6,8254.43,3762.56,0.0,2021-02-11 05:15:00
6060904,2021-02-11 05:20:17,N,4522.6,8506.65,3662.78,0.0,2021-02-11 05:20:00
6060907,2021-02-11 05:25:15,N,4566.54,8712.32,3561.9,0.0,2021-02-11 05:25:00
6060909,2021-02-11 05:30:16,N,4505.06,8585.17,3561.84,0.0,2021-02-11 05:30:00
6060913,2021-02-11 05:35:15,N,4396.23,8358.32,3561.78,0.0,2021-02-11 05:35:00
6060915,2021-02-11 05:40:15,N,4402.78,8202.23,3561.71,0.0,2021-02-11 05:40:00
6060917,2021-02-11 05:45:16,N,4537.11,8490.31,3417.47,0.0,2021-02-11 05:45:00
6060921,2021-02-11 05:50:15,N,4611.22,8711.6,3305.94,0.0,2021-02-11 05:50:00
6060923,2021-02-11 05:55:16,N,4550.81,8519.07,3205.06,0.0,2021-02-11 05:55:00
6060925,2021-02-11 06:00:20,N,4717.6,8897.63,3209.73,0.0,2021-02-11 06:00:00
6060933,2021-02-11 06:05:16,N,4366.57,8355.42,3141.84,0.0,2021-02-11 06:05:00
6060935,2021-02-11 06:10:16,N,4213.2,7726.67,3204.93,0.0,2021-02-11 06:10:00
6060937,2021-02-11 06:15:16,N,4117.88,7252.37,3204.98,0.0,2021-02-11 06:15:00
6060941,2021-02-11 06:20:16,N,4219.02,7511.37,3141.92,0.0,2021-02-11 06:20:00
6060943,2021-02-11 06:25:16,N,4535.97,7829.93,2967.04,0.0,2021-02-11 06:25:00
6060945,2021-02-11 06:30:16,N,4652.54,7888.27,2967.29,0.0,2021-02-11 06:30:00
6060949,2021-02-11 06:35:15,N,4685.61,7886.98,2888.02,0.0,2021-02-11 06:35:00
6060951,2021-02-11 06:40:15,N,4605.75,7647.16,2276.95,0.0,2021-02-11 06:40:00
6060953,2021-02-11 06:45:16,N,4571.67,7508.04,2130.91,0.0,2021-02-11 06:45:00
6060957,2021-02-11 06:50:16,N,4716.79,7966.91,1986.0,0.0,2021-02-11 06:50:00
6060959,2021-02-11 06:55:15,N,4739.75,8001.51,1986.02,0.0,2021-02-11 06:55:00
6060961,2021-02-11 07:00:21,N,4683.11,8121.03,1986.02,0.0,2021-02-11 07:00:00
6060969,2021-02-11 07:05:16,N,4358.97,7573.25,1986.81,0.0,2021-02-11 07:05:00
6060971,2021-02-11 07:10:14,N,4205.73,7292.15,1986.88,0.0,2021-02-11 07:10:00
6060973,2021-02-11 07:15:15,N,4190.61,7104.62,1986.91,0.0,2021-02-11 07:15:00
6060977,2021-02-11 07:20:15,N,4153.68,6951.94,1984.78,0.0,2021-02-11 07:20:00
6060979,2021-02-11 07:25:15,N,4012.95,6717.96,2093.9,0.0,2021-02-11 07:25:00
6060981,2021-02-11 07:29:20,N,3999.49,6539.91,2086.03,0.0,2021-02-11 07:25:00
6060982,2021-02-11 07:30:15,N,3959.63,6539.34,2081.23,0.0,2021-02-11 07:30:00
6060986,2021-02-11 07:35:15,N,3956.54,6567.66,2051.89,0.0,2021-02-11 07:35:00
6060988,2021-02-11 07:40:15,N,4042.53,6788.2,2050.54,0.0,2021-02-11 07:40:00
6060990,2021-02-11 07:45:16,N,4059.42,6609.38,2052.27,0.0,2021-02-11 07:45:00
6060994,2021-02-11 07:50:17,N,3994.69,6510.19,2050.85,0.0,2021-02-11 07:50:00
6060996,2021-02-11 07:55:18,N,3935.93,6383.75,2052.32,0.0,2021-02-11 07:55:00
6060998,2021-02-11 08:00:19,N,3749.5,6318.77,2008.44,0.0,2021-02-11 08:00:00
6061006,2021-02-11 08:05:15,N,3538.2,6000.86,1963.83,0.0,2021-02-11 08:05:00
6061008,2021-02-11 08:10:15,N,3562.85,5798.55,1851.89,0.0,2021-02-11 08:10:00
6061010,2021-02-11 08:15:14,N,3770.76,5674.04,1851.91,0.0,2021-02-11 08:15:00
6061014,2021-02-11 08:20:17,N,3702.27,5602.44,1852.89,0.0,2021-02-11 08:20:00
6061016,2021-02-11 08:25:16,N,3806.98,5707.78,1802.96,0.0,2021-02-11 08:25:00
6061018,2021-02-11 08:30:17,N,3701.84,5648.73,1802.95,0.0,2021-02-11 08:30:00
6061022,2021-02-11 08:35:16,N,3698.02,5474.61,1703.78,0.0,2021-02-11 08:35:00
6061024,2021-02-11 08:40:16,N,3956.45,6006.85,1675.31,0.0,2021-02-11 08:40:00
6061026,2021-02-11 08:45:15,N,3984.92,6092.2,1717.07,0.0,2021-02-11 08:45:00
6061030,2021-02-11 08:50:16,N,3889.82,5953.61,1727.75,0.0,2021-02-11 08:50:00
6061032,2021-02-11 08:55:15,N,3811.25,6001.86,1719.76,0.0,2021-02-11 08:55:00
6061034,2021-02-11 09:00:23,N,3693.9,5897.08,1722.17,0.0,2021-02-11 09:00:00
6061042,2021-02-11 09:05:16,N,3911.47,6033.2,1568.66,0.0,2021-02-11 09:05:00
6061044,2021-02-11 09:10:16,N,3737.35,5892.58,1567.79,0.0,2021-02-11 09:10:00
6061046,2021-02-11 09:15:16,N,3708.58,5500.28,1566.53,0.0,2021-02-11 09:15:00
6061050,2021-02-11 09:20:17,N,3894.81,6006.89,1567.57,0.0,2021-02-11 09:20:00
6061052,2021-02-11 09:25:15,N,3805.79,5920.24,1569.6,0.0,2021-02-11 09:25:00
6061054,2021-02-11 09:30:16,N,3703.18,5645.56,1530.52,0.0,2021-02-11 09:30:00
6061058,2021-02-11 09:35:15,N,3847.72,5693.56,1530.4,0.0,2021-02-11 09:35:00
6061060,2021-02-11 09:40:18,N,3778.72,5749.8,1539.31,0.0,2021-02-11 09:40:00
6061062,2021-02-11 09:45:15,N,3769.99,5740.64,1536.49,0.0,2021-02-11 09:45:00
6061066,2021-02-11 09:50:18,N,3666.01,5557.35,1537.61,0.0,2021-02-11 09:50:00
6061068,2021-02-11 09:55:16,N,3794.38,5489.34,1536.59,0.0,2021-02-11 09:55:00
6061070,2021-02-11 10:00:24,N,3648.57,5131.96,1489.88,0.0,2021-02-11 10:00:00
6061081,2021-02-11 10:05:16,N,3637.36,5050.79,1488.78,0.0,2021-02-11 10:05:00
6061083,2021-02-11 10:10:15,N,3674.63,5281.48,1486.43,0.0,2021-02-11 10:10:00
6061085,2021-02-11 10:15:16,N,3660.09,5013.26,1482.55,0.0,2021-02-11 10:15:00
6061089,2021-02-11 10:20:16,N,3597.04,4839.08,1488.69,0.0,2021-02-11 10:20:00
6061091,2021-02-11 10:25:14,N,3579.31,5105.31,1443.63,0.0,2021-02-11 10:25:00
6061093,2021-02-11 10:30:16,N,3878.92,5775.12,1441.64,0.0,2021-02-11 10:30:00
6061097,2021-02-11 10:35:16,N,3898.47,6028.82,1442.6,0.0,2021-02-11 10:35:00
6061099,2021-02-11 10:40:33,N,3811.34,5609.57,1438.64,0.0,2021-02-11 10:40:00
6061101,2021-02-11 10:45:16,N,3781.98,5443.2,1440.79,0.0,2021-02-11 10:45:00
6061105,2021-02-11 10:50:16,N,4074.34,6169.9,1441.46,0.0,2021-02-11 10:50:00
6061107,2021-02-11 10:55:16,N,4171.58,6515.32,1440.58,0.0,2021-02-11 10:55:00
6061109,2021-02-11 11:00:19,N,4084.21,6819.99,1426.21,0.0,2021-02-11 11:00:00
6061117,2021-02-11 11:05:19,N,3953.92,6280.7,1437.59,0.0,2021-02-11 11:05:00
6061120,2021-02-11 11:10:17,N,3948.62,6311.46,1437.31,0.0,2021-02-11 11:10:00
6061122,2021-02-11 11:15:14,N,3989.02,6657.51,1435.34,0.0,2021-02-11 11:15:00
6061126,2021-02-11 11:20:14,N,4175.63,6908.23,1436.39,0.0,2021-02-11 11:20:00
6061128,2021-02-11 11:25:16,N,4072.63,6885.65,1463.7,0.0,2021-02-11 11:25:00
6061130,2021-02-11 11:30:18,N,3943.34,6460.88,1523.44,0.0,2021-02-11 11:30:00
6061134,2021-02-11 11:35:16,N,3880.34,6210.1,1556.2,0.0,2021-02-11 11:35:00
6061136,2021-02-11 11:40:16,N,3806.56,6046.39,1639.89,0.0,2021-02-11 11:40:00
6061138,2021-02-11 11:45:27,N,3756.69,6120.68,1638.55,0.0,2021-02-11 11:45:00
6061142,2021-02-11 11:50:15,N,3729.29,5956.9,1831.11,0.0,2021-02-11 11:50:00
6061144,2021-02-11 11:55:16,N,3649.53,5684.08,1830.28,0.0,2021-02-11 11:55:00
6061146,2021-02-11 12:00:21,N,3898.07,6262.2,1960.49,0.0,2021-02-11 12:00:00
6061154,2021-02-11 12:05:15,N,3642.08,5821.7,1910.48,0.0,2021-02-11 12:05:00
6061156,2021-02-11 12:10:18,N,3836.36,6043.02,1865.57,0.0,2021-02-11 12:10:00
6061158,2021-02-11 12:15:17,N,3561.24,5643.71,1868.6,0.0,2021-02-11 12:15:00
6061162,2021-02-11 12:20:16,N,3647.18,5866.68,1788.3,0.0,2021-02-11 12:20:00
6061164,2021-02-11 12:25:15,N,3708.55,5965.15,1815.23,0.0,2021-02-11 12:25:00
6061166,2021-02-11 12:30:16,N,3641.12,5697.67,1815.22,0.0,2021-02-11 12:30:00
6061170,2021-02-11 12:35:17,N,3801.75,5896.92,1815.22,0.0,2021-02-11 12:35:00
6061172,2021-02-11 12:40:16,N,3790.15,6151.5,1808.82,0.0,2021-02-11 12:40:00
6061174,2021-02-11 12:45:18,N,3685.93,5940.67,1815.16,0.0,2021-02-11 12:45:00
6061178,2021-02-11 12:50:18,N,3533.75,5565.42,1729.78,0.0,2021-02-11 12:50:00
6061180,2021-02-11 12:55:16,N,3785.82,5852.53,1730.39,0.0,2021-02-11 12:55:00
6061182,2021-02-11 13:00:20,N,3847.07,6400.98,1725.29,0.0,2021-02-11 13:00:00
6061191,2021-02-11 13:05:20,N,3804.49,6262.75,1658.81,0.0,2021-02-11 13:05:00
6061193,2021-02-11 13:10:16,N,3719.4,5697.37,1666.32,0.0,2021-02-11 13:10:00
6061195,2021-02-11 13:15:14,N,3922.03,6018.32,1670.19,0.0,2021-02-11 13:15:00
6061199,2021-02-11 13:20:15,N,4032.4,6506.56,1670.18,0.0,2021-02-11 13:20:00
6061201,2021-02-11 13:25:15,N,4052.95,6530.66,1670.2,0.0,2021-02-11 13:25:00
6061203,2021-02-11 13:30:16,N,3971.64,6173.33,1670.21,0.0,2021-02-11 13:30:00
6061207,2021-02-11 13:35:15,N,3943.32,6149.64,1670.22,0.0,2021-02-11 13:35:00
6061209,2021-02-11 13:40:17,N,3887.14,6231.52,1718.23,0.0,2021-02-11 13:40:00
6061211,2021-02-11 13:45:16,N,3808.96,6089.06,1719.14,0.0,2021-02-11 13:45:00
6061215,2021-02-11 13:50:17,N,3833.54,5985.76,1719.8,0.0,2021-02-11 13:50:00
6061217,2021-02-11 13:55:16,N,3903.5,6261.99,1719.79,0.0,2021-02-11 13:55:00
6061219,2021-02-11 14:00:21,N,3871.4,6268.88,1716.68,0.0,2021-02-11 14:00:00
6061227,2021-02-11 14:05:15,N,3722.61,6063.13,1794.52,0.0,2021-02-11 14:05:00
6061230,2021-02-11 14:10:16,N,3800.55,6043.34,1806.93,0.0,2021-02-11 14:10:00
6061232,2021-02-11 14:15:17,N,3890.0,6245.41,1806.98,0.0,2021-02-11 14:15:00
6061236,2021-02-11 14:20:16,N,3988.88,6542.33,1806.97,0.0,2021-02-11 14:20:00
6061238,2021-02-11 14:25:15,N,3909.81,6311.81,1807.12,0.0,2021-02-11 14:25:00
6061242,2021-02-11 14:30:18,N,3844.65,6228.13,1797.85,0.0,2021-02-11 14:30:00
6061248,2021-02-11 14:35:16,N,4010.63,6546.49,1797.87,0.0,2021-02-11 14:35:00
6061250,2021-02-11 14:40:16,N,3921.05,6597.84,1881.42,0.0,2021-02-11 14:40:00
6061252,2021-02-11 14:45:16,N,4152.26,6696.75,1797.91,0.0,2021-02-11 14:45:00
6061256,2021-02-11 14:50:17,N,4119.6,6732.5,1797.89,0.0,2021-02-11 14:50:00
6061258,2021-02-11 14:55:17,N,4078.26,6661.54,1797.91,0.0,2021-02-11 14:55:00
6061260,2021-02-11 15:00:21,N,4025.32,6666.21,1707.31,0.0,2021-02-11 15:00:00
6061268,2021-02-11 15:05:18,N,3933.65,6564.72,1707.87,0.0,2021-02-11 15:05:00
6061270,2021-02-11 15:10:17,N,3945.87,6412.07,1707.63,0.0,2021-02-11 15:10:00
6061272,2021-02-11 15:15:17,N,3970.66,6548.03,1707.87,0.0,2021-02-11 15:15:00
6061276,2021-02-11 15:20:17,N,3933.59,6632.01,1707.77,0.0,2021-02-11 15:20:00
6061278,2021-02-11 15:25:18,N,3856.73,6484.72,1707.79,0.0,2021-02-11 15:25:00
6061280,2021-02-11 15:30:19,N,3987.31,6393.63,1775.82,0.0,2021-02-11 15:30:00
6061284,2021-02-11 15:35:17,N,3866.92,6483.15,1775.82,0.0,2021-02-11 15:35:00
6061286,2021-02-11 15:40:18,N,3957.97,6556.25,1848.83,0.0,2021-02-11 15:40:00
6061288,2021-02-11 15:45:18,N,3992.17,6469.51,1848.63,0.0,2021-02-11 15:45:00
6061292,2021-02-11 15:50:19,N,3942.62,6278.64,1847.33,0.0,2021-02-11 15:50:00
6061294,2021-02-11 15:55:18,N,3885.26,6233.56,1920.12,0.0,2021-02-11 15:55:00
6061296,2021-02-11 16:00:24,N,3778.25,5952.48,1918.9,0.0,2021-02-11 16:00:00
6061304,2021-02-11 16:05:17,N,3648.24,5780.99,1922.75,0.0,2021-02-11 16:05:00
6061306,2021-02-11 16:10:18,N,3781.68,6054.47,1921.6,0.0,2021-02-11 16:10:00
6061308,2021-02-11 16:15:18,N,3783.33,6127.91,1921.24,0.0,2021-02-11 16:15:00
6061312,2021-02-11 16:20:16,N,3767.9,6088.23,1919.91,0.0,2021-02-11 16:20:00
6061314,2021-02-11 16:25:15,N,3736.13,6076.83,1722.95,0.0,2021-02-11 16:25:00
6061316,2021-02-11 16:30:19,N,3769.37,6243.43,1722.6,0.0,2021-02-11 16:30:00
6061320,2021-02-11 16:32:37,N,3863.94,6337.29,1733.82,0.0,2021-02-11 16:30:00
6061321,2021-02-11 16:35:18,N,3823.39,6353.9,1732.65,0.0,2021-02-11 16:35:00
6061323,2021-02-11 16:40:17,N,3581.73,5748.52,1687.05,0.0,2021-02-11 16:40:00
6061325,2021-02-11 16:41:46,N,3509.8,5593.14,1689.56,0.0,2021-02-11 16:40:00
6061326,2021-02-11 16:45:17,N,3664.96,5470.55,1688.64,0.0,2021-02-11 16:45:00
6061330,2021-02-11 16:50:16,N,3739.12,5833.21,1578.74,0.0,2021-02-11 16:50:00
6061332,2021-02-11 16:55:17,N,3753.9,5700.64,1577.45,0.0,2021-02-11 16:55:00
6061334,2021-02-11 17:00:23,N,3953.16,5917.74,1552.42,0.0,2021-02-11 17:00:00
6061342,2021-02-11 17:05:18,N,4141.9,6305.64,1552.39,0.0,2021-02-11 17:05:00
6061344,2021-02-11 17:07:46,N,4155.97,6263.27,1552.39,0.0,2021-02-11 17:05:00
6061345,2021-02-11 17:10:18,N,4040.6,6281.08,1552.18,0.0,2021-02-11 17:10:00
6061347,2021-02-11 17:15:16,N,4086.88,6223.69,1552.42,0.0,2021-02-11 17:15:00
6061351,2021-02-11 17:20:16,N,3903.07,5748.87,1552.36,0.0,2021-02-11 17:20:00
6061353,2021-02-11 17:25:16,N,4139.69,5917.65,1642.38,0.0,2021-02-11 17:25:00
6061355,2021-02-11 17:30:16,N,4172.94,6276.7,1642.4,0.0,2021-02-11 17:30:00
6061359,2021-02-11 17:35:14,N,4170.83,6232.46,1651.47,0.0,2021-02-11 17:35:00
6061361,2021-02-11 17:40:17,N,4080.34,5870.72,1715.39,0.0,2021-02-11 17:40:00
6061363,2021-02-11 17:45:16,N,4086.27,5644.21,1642.41,0.0,2021-02-11 17:45:00
6061367,2021-02-11 17:50:16,N,4256.97,5741.24,1642.38,0.0,2021-02-11 17:50:00
6061369,2021-02-11 17:55:16,N,4188.72,5751.3,1649.42,0.0,2021-02-11 17:55:00
6061371,2021-02-11 18:00:21,N,4119.38,5628.1,1648.82,0.0,2021-02-11 18:00:00
6061379,2021-02-11 18:05:17,N,4077.84,5699.77,1695.8,0.0,2021-02-11 18:05:00
6061381,2021-02-11 18:10:17,N,4037.59,5953.09,1648.79,0.0,2021-02-11 18:10:00
6061383,2021-02-11 18:15:15,N,4051.95,5911.4,1648.83,0.0,2021-02-11 18:15:00
6061387,2021-02-11 18:20:15,N,4017.25,5527.81,1648.38,0.0,2021-02-11 18:20:00
6061389,2021-02-11 18:25:17,N,3997.12,5026.15,1695.83,0.0,2021-02-11 18:25:00
6061391,2021-02-11 18:30:16,N,4149.91,5441.27,1695.81,0.0,2021-02-11 18:30:00
6061395,2021-02-11 18:33:37,N,4206.35,5933.55,1695.8,0.0,2021-02-11 18:30:00
6061396,2021-02-11 18:35:16,N,4177.38,6119.87,1695.76,0.0,2021-02-11 18:35:00
6061398,2021-02-11 18:40:16,N,4210.0,6102.92,1695.77,0.0,2021-02-11 18:40:00
6061400,2021-02-11 18:42:47,N,4126.65,5960.99,1695.82,0.0,2021-02-11 18:40:00
6061401,2021-02-11 18:45:16,N,3908.57,5307.17,1687.57,0.0,2021-02-11 18:45:00
6061405,2021-02-11 18:50:17,N,3967.44,5695.03,1695.83,0.0,2021-02-11 18:50:00
6061407,2021-02-11 18:55:17,N,4032.43,5937.51,1695.88,0.0,2021-02-11 18:55:00
6061409,2021-02-11 19:00:20,N,4149.82,6428.77,1701.58,0.0,2021-02-11 19:00:00
6061417,2021-02-11 19:05:17,N,4063.83,6193.69,1701.57,0.0,2021-02-11 19:05:00
6061419,2021-02-11 19:10:16,N,4029.62,6238.78,1701.46,0.0,2021-02-11 19:10:00
6061421,2021-02-11 19:15:16,N,4058.08,6362.52,1748.53,0.0,2021-02-11 19:15:00
6061425,2021-02-11 19:20:17,N,3977.21,6127.77,1748.55,0.0,2021-02-11 19:20:00
6061427,2021-02-11 19:25:16,N,3985.61,6288.23,1748.59,0.0,2021-02-11 19:25:00
6061429,2021-02-11 19:30:16,N,4064.92,6351.58,1851.67,0.0,2021-02-11 19:30:00
6061433,2021-02-11 19:35:16,N,4039.75,6282.0,1851.66,0.0,2021-02-11 19:35:00
6061435,2021-02-11 19:40:14,N,4243.24,6452.68,1899.69,0.0,2021-02-11 19:40:00
6061437,2021-02-11 19:45:17,N,4305.44,6602.54,1852.69,0.0,2021-02-11 19:45:00
6061441,2021-02-11 19:50:17,N,4092.08,6130.5,1947.64,0.0,2021-02-11 19:50:00
6061443,2021-02-11 19:55:16,N,3960.55,5834.46,2194.19,0.0,2021-02-11 19:55:00
6061445,2021-02-11 20:00:21,N,4074.05,5961.18,2194.7,0.0,2021-02-11 20:00:00
6061453,2021-02-11 20:05:16,N,4145.88,6049.69,2194.72,0.0,2021-02-11 20:05:00
6061455,2021-02-11 20:10:16,N,4250.34,6079.81,2260.64,0.0,2021-02-11 20:10:00
6061457,2021-02-11 20:15:17,N,4136.45,5893.26,2400.27,0.0,2021-02-11 20:15:00
6061461,2021-02-11 20:20:15,N,3972.93,5638.37,2450.2,0.0,2021-02-11 20:20:00
6061463,2021-02-11 20:25:16,N,4017.6,5769.63,2450.34,0.0,2021-02-11 20:25:00
6061465,2021-02-11 20:30:18,N,3866.73,5602.05,2469.33,0.0,2021-02-11 20:30:00
6061469,2021-02-11 20:35:16,N,3898.17,5673.56,2419.33,0.0,2021-02-11 20:35:00
6061471,2021-02-11 20:40:15,N,3927.25,5792.32,2419.31,0.0,2021-02-11 20:40:00
6061473,2021-02-11 20:45:14,N,4023.62,5949.05,2419.31,0.0,2021-02-11 20:45:00
6061477,2021-02-11 20:50:16,N,4060.15,6050.25,2419.31,0.0,2021-02-11 20:50:00
6061479,2021-02-11 20:55:16,N,4028.04,6101.97,2419.31,0.0,2021-02-11 20:55:00
6061481,2021-02-11 21:00:20,N,4064.41,6297.23,2421.68,0.0,2021-02-11 21:00:00
6061489,2021-02-11 21:05:17,N,3974.42,6048.41,2561.74,0.0,2021-02-11 21:05:00
6061491,2021-02-11 21:10:15,N,3999.88,6245.45,2608.8,0.0,2021-02-11 21:10:00
6061493,2021-02-11 21:15:14,N,4099.64,6501.14,2437.9,0.0,2021-02-11 21:15:00
6061497,2021-02-11 21:20:16,N,4242.94,6790.91,2475.64,0.0,2021-02-11 21:20:00
6061499,2021-02-11 21:25:15,N,4140.84,6752.45,2475.66,0.0,2021-02-11 21:25:00
6061501,2021-02-11 21:30:16,N,4119.74,6790.32,2475.64,0.0,2021-02-11 21:30:00
6061505,2021-02-11 21:33:24,N,4121.21,6700.85,2531.31,0.0,2021-02-11 21:30:00
6061506,2021-02-11 21:35:15,N,4194.99,6976.87,2531.51,0.0,2021-02-11 21:35:00
6061508,2021-02-11 21:40:16,N,4013.69,6507.23,2531.54,0.0,2021-02-11 21:40:00
6061510,2021-02-11 21:45:16,N,4221.2,6950.99,2531.54,0.0,2021-02-11 21:45:00
6061514,2021-02-11 21:50:14,N,4384.39,7437.61,2531.5,0.0,2021-02-11 21:50:00
6061516,2021-02-11 21:55:14,N,4424.51,7424.29,2531.52,0.0,2021-02-11 21:55:00
6061518,2021-02-11 22:00:22,N,4618.21,7728.16,2441.28,0.0,2021-02-11 22:00:00
6061526,2021-02-11 22:05:17,N,4815.62,7966.97,2441.35,0.0,2021-02-11 22:05:00
6061528,2021-02-11 22:10:17,N,4823.65,7998.5,2441.24,0.0,2021-02-11 22:10:00
6061530,2021-02-11 22:15:15,N,4699.88,8106.19,2649.92,0.0,2021-02-11 22:15:00
6061534,2021-02-11 22:20:16,N,4632.12,8056.17,2771.62,0.0,2021-02-11 22:20:00
6061536,2021-02-11 22:25:15,N,4694.01,8410.85,2863.72,0.0,2021-02-11 22:25:00
6061538,2021-02-11 22:30:16,N,4768.1,8550.42,2784.02,0.0,2021-02-11 22:30:00
6061542,2021-02-11 22:35:15,N,4732.18,8045.06,2783.99,0.0,2021-02-11 22:35:00
6061544,2021-02-11 22:40:16,N,4797.16,8571.97,3021.19,0.0,2021-02-11 22:40:00
6061546,2021-02-11 22:45:14,N,4674.47,8400.7,3213.35,0.0,2021-02-11 22:45:00
6061550,2021-02-11 22:50:16,N,4665.47,8540.5,3365.91,0.0,2021-02-11 22:50:00
6061552,2021-02-11 22:55:16,N,4738.41,8899.97,3358.1,0.0,2021-02-11 22:55:00
6061554,2021-02-11 23:00:24,N,4810.29,8947.09,3302.97,0.0,2021-02-11 23:00:00
6061562,2021-02-11 23:05:18,N,4727.39,9270.87,3447.88,0.0,2021-02-11 23:05:00
6061564,2021-02-11 23:10:16,N,4614.44,9183.25,3366.71,0.0,2021-02-11 23:10:00
6061566,2021-02-11 23:15:16,N,4646.64,9559.23,3364.81,0.0,2021-02-11 23:15:00
6061570,2021-02-11 23:20:15,N,4872.93,10135.77,3289.0,0.0,2021-02-11 23:20:00
6061572,2021-02-11 23:25:14,N,4945.32,10224.05,3289.29,0.0,2021-02-11 23:25:00
6061574,2021-02-11 23:30:16,N,4830.74,10338.48,3289.13,0.0,2021-02-11 23:30:00
6061578,2021-02-11 23:35:16,N,4657.57,10028.68,3289.01,0.0,2021-02-11 23:35:00
6061580,2021-02-11 23:40:15,N,4713.5,10293.29,3413.0,0.0,2021-02-11 23:40:00
6061582,2021-02-11 23:45:16,N,4544.69,9909.92,3413.01,0.0,2021-02-11 23:45:00
6061586,2021-02-11 23:50:16,N,4598.57,10187.72,3536.03,0.0,2021-02-11 23:50:00
6061588,2021-02-11 23:55:15,N,4736.15,10685.7,3689.92,0.0,2021-02-11 23:55:00
6061590,2021-02-12 00:00:22,N,4887.29,10854.41,3489.18,0.0,2021-02-12 00:00:00
6061598,2021-02-12 00:05:16,N,4890.04,11350.15,3462.21,0.0,2021-02-12 00:05:00
6061600,2021-02-12 00:10:17,N,4979.81,11346.3,3462.19,0.0,2021-02-12 00:10:00
6061602,2021-02-12 00:15:16,N,5069.18,11462.38,3462.11,0.0,2021-02-12 00:15:00
6061606,2021-02-12 00:20:14,N,5173.93,11773.83,3462.03,0.0,2021-02-12 00:20:00
6061608,2021-02-12 00:25:14,N,5070.97,11519.04,3337.13,0.0,2021-02-12 00:25:00
6061610,2021-02-12 00:30:17,N,5037.83,11617.71,3337.14,0.0,2021-02-12 00:30:00
6061614,2021-02-12 00:35:16,N,5066.32,11657.57,3450.0,0.0,2021-02-12 00:35:00
6061616,2021-02-12 00:40:18,N,4881.6,11177.79,3449.83,0.0,2021-02-12 00:40:00
6061618,2021-02-12 00:45:16,N,4983.18,11321.17,3608.99,0.0,2021-02-12 00:45:00
6061622,2021-02-12 00:50:17,N,5016.4,11222.05,3609.07,0.0,2021-02-12 00:50:00
6061624,2021-02-12 00:55:16,N,4958.15,10861.0,3608.98,0.0,2021-02-12 00:55:00
6061626,2021-02-12 01:00:27,N,5017.23,11104.66,3710.77,0.0,2021-02-12 01:00:00
6061634,2021-02-12 01:05:16,N,5123.44,11334.76,3710.86,0.0,2021-02-12 01:05:00
6061637,2021-02-12 01:10:17,N,5156.7,11119.17,3756.94,0.0,2021-02-12 01:10:00
6061639,2021-02-12 01:15:15,N,5319.23,11958.35,3756.79,0.0,2021-02-12 01:15:00
6061643,2021-02-12 01:20:14,N,5385.44,12195.26,3804.73,0.0,2021-02-12 01:20:00
6061645,2021-02-12 01:25:14,N,5269.15,12082.69,3852.87,0.0,2021-02-12 01:25:00
6061647,2021-02-12 01:30:14,N,5047.2,11457.12,3947.77,0.0,2021-02-12 01:30:00
6061651,2021-02-12 01:35:14,N,4972.64,11050.69,4081.56,0.0,2021-02-12 01:35:00
6061653,2021-02-12 01:40:14,N,5124.38,11081.03,4126.34,0.0,2021-02-12 01:40:00
6061655,2021-02-12 01:45:15,N,5142.6,10985.81,4126.49,0.0,2021-02-12 01:45:00
6061659,2021-02-12 01:50:18,N,5174.13,11360.88,4126.6,0.0,2021-02-12 01:50:00
6061661,2021-02-12 01:55:15,N,5058.24,10962.66,4126.67,0.0,2021-02-12 01:55:00
6061663,2021-02-12 02:00:20,N,5133.72,11018.38,4126.78,0.0,2021-02-12 02:00:00
6061671,2021-02-12 02:05:15,N,5045.17,11140.13,4126.7,0.0,2021-02-12 02:05:00
6061673,2021-02-12 02:10:15,N,5081.8,11227.39,4063.75,0.0,2021-02-12 02:10:00
6061675,2021-02-12 02:15:15,N,5084.94,11422.81,4063.73,0.0,2021-02-12 02:15:00
6061679,2021-02-12 02:20:16,N,5104.82,11307.3,4063.59,0.0,2021-02-12 02:20:00
6061681,2021-02-12 02:25:16,N,5083.41,11313.0,4063.84,0.0,2021-02-12 02:25:00
6061683,2021-02-12 02:30:17,N,5021.13,11286.17,4063.8,0.0,2021-02-12 02:30:00
6061687,2021-02-12 02:35:14,N,4827.63,10802.3,4062.71,0.0,2021-02-12 02:35:00
6061689,2021-02-12 02:40:16,N,5041.76,11267.49,4063.56,0.0,2021-02-12 02:40:00
6061691,2021-02-12 02:45:15,N,5021.53,11456.52,4067.65,0.0,2021-02-12 02:45:00
6061695,2021-02-12 02:50:16,N,5072.67,11701.92,4067.6,0.0,2021-02-12 02:50:00
6061697,2021-02-12 02:55:16,N,5092.98,11817.27,4067.66,0.0,2021-02-12 02:55:00
6061699,2021-02-12 03:00:20,N,5157.29,11917.52,4068.43,0.0,2021-02-12 03:00:00
6061707,2021-02-12 03:05:18,N,5231.47,11780.29,4067.36,0.0,2021-02-12 03:05:00
6061709,2021-02-12 03:10:16,N,5091.51,11591.29,4067.44,0.0,2021-02-12 03:10:00
6061711,2021-02-12 03:15:15,N,4916.34,11031.95,4067.43,0.0,2021-02-12 03:15:00
6061715,2021-02-12 03:20:15,N,5050.16,11541.85,3993.55,0.0,2021-02-12 03:20:00
6061717,2021-02-12 03:25:15,N,5150.01,11786.42,3993.67,0.0,2021-02-12 03:25:00
6061719,2021-02-12 03:30:17,N,4965.22,11495.45,3993.55,0.0,2021-02-12 03:30:00
6061723,2021-02-12 03:35:16,N,5070.4,11543.56,3993.48,0.0,2021-02-12 03:35:00
6061725,2021-02-12 03:40:17,N,4851.01,10886.41,3989.46,0.0,2021-02-12 03:40:00
6061727,2021-02-12 03:45:16,N,4997.37,11197.31,3990.47,0.0,2021-02-12 03:45:00
6061731,2021-02-12 03:50:17,N,5026.98,11240.28,3993.58,0.0,2021-02-12 03:50:00
6061733,2021-02-12 03:55:17,N,4992.16,11118.67,3994.6,0.0,2021-02-12 03:55:00
6061735,2021-02-12 04:00:20,N,5236.04,11521.95,3991.11,0.0,2021-02-12 04:00:00
6061743,2021-02-12 04:05:16,N,5032.85,11364.87,3991.04,0.0,2021-02-12 04:05:00
6061745,2021-02-12 04:10:17,N,5050.33,11339.99,3991.1,0.0,2021-02-12 04:10:00
6061747,2021-02-12 04:15:15,N,5078.38,11259.25,3991.02,0.0,2021-02-12 04:15:00
6061751,2021-02-12 04:20:16,N,4802.04,10687.06,3990.97,0.0,2021-02-12 04:20:00
6061753,2021-02-12 04:25:14,N,4659.48,10300.35,3991.1,0.0,2021-02-12 04:25:00
6061755,2021-02-12 04:30:17,N,5044.98,11145.32,3991.11,0.0,2021-02-12 04:30:00
6061759,2021-02-12 04:35:15,N,5082.73,11068.99,3994.99,0.0,2021-02-12 04:35:00
6061761,2021-02-12 04:40:15,N,4943.54,10625.61,3990.81,0.0,2021-02-12 04:40:00
6061763,2021-02-12 04:45:15,N,5133.83,11313.17,3990.83,0.0,2021-02-12 04:45:00
6061767,2021-02-12 04:50:16,N,5153.94,11451.38,3878.83,0.0,2021-02-12 04:50:00
6061769,2021-02-12 04:55:16,N,5099.99,11139.06,3779.09,0.0,2021-02-12 04:55:00
6061771,2021-02-12 05:00:21,N,5135.82,11219.24,3640.51,0.0,2021-02-12 05:00:00
6061779,2021-02-12 05:05:15,N,5133.71,11010.24,3453.63,0.0,2021-02-12 05:05:00
6061781,2021-02-12 05:10:15,N,5187.73,10888.26,3357.6,0.0,2021-02-12 05:10:00
6061783,2021-02-12 05:15:15,N,5224.4,10871.53,3218.6,0.0,2021-02-12 05:15:00
6061787,2021-02-12 05:20:15,N,5119.84,10786.45,3132.63,0.0,2021-02-12 05:20:00
6061790,2021-02-12 05:25:15,N,5046.47,10682.25,3132.78,0.0,2021-02-12 05:25:00
6061792,2021-02-12 05:30:15,N,5079.39,10684.81,3132.75,0.0,2021-02-12 05:30:00
6061796,2021-02-12 05:35:15,N,5010.47,10380.96,3132.77,0.0,2021-02-12 05:35:00
6061798,2021-02-12 05:40:15,N,5006.06,10392.42,2856.68,0.0,2021-02-12 05:40:00
6061800,2021-02-12 05:45:16,N,5190.54,10633.49,2746.64,0.0,2021-02-12 05:45:00
6061804,2021-02-12 05:50:15,N,5129.08,10411.82,2737.67,0.0,2021-02-12 05:50:00
6061806,2021-02-12 05:55:15,N,5163.79,10203.58,2665.65,0.0,2021-02-12 05:55:00
6061808,2021-02-12 06:00:18,N,5236.06,10237.48,2128.32,0.0,2021-02-12 06:00:00
6061816,2021-02-12 06:05:15,N,5124.48,10017.07,2078.45,0.0,2021-02-12 06:05:00
6061818,2021-02-12 06:10:16,N,5069.56,9984.04,1973.39,0.0,2021-02-12 06:10:00
6061820,2021-02-12 06:15:17,N,5047.4,10026.69,1972.94,0.0,2021-02-12 06:15:00
6061824,2021-02-12 06:20:14,N,5002.45,9659.65,1973.18,0.0,2021-02-12 06:20:00
6061826,2021-02-12 06:25:15,N,4836.77,9317.61,1614.4,0.0,2021-02-12 06:25:00
6061828,2021-02-12 06:30:16,N,5079.52,9734.29,1422.51,0.0,2021-02-12 06:30:00
6061832,2021-02-12 06:35:14,N,5134.65,10021.63,1342.53,0.0,2021-02-12 06:35:00
6061834,2021-02-12 06:40:15,N,5068.63,9367.76,1342.52,0.0,2021-02-12 06:40:00
6061836,2021-02-12 06:45:15,N,4857.26,8642.26,1342.49,0.0,2021-02-12 06:45:00
6061840,2021-02-12 06:50:16,N,4832.88,8118.79,1342.56,0.0,2021-02-12 06:50:00
6061842,2021-02-12 06:55:15,N,4991.73,8801.96,1116.6,0.0,2021-02-12 06:55:00
6061844,2021-02-12 07:00:20,N,4868.39,8485.43,1117.5,0.0,2021-02-12 07:00:00
6061852,2021-02-12 07:05:17,N,4687.45,8626.56,929.49,0.0,2021-02-12 07:05:00
6061854,2021-02-12 07:10:16,N,4544.77,8293.59,929.41,0.0,2021-02-12 07:10:00
6061856,2021-02-12 07:15:15,N,4364.15,8141.56,863.43,0.0,2021-02-12 07:15:00
6061860,2021-02-12 07:20:15,N,4404.8,7892.77,797.33,0.0,2021-02-12 07:20:00
6061862,2021-02-12 07:25:14,N,4481.58,8057.45,782.46,0.0,2021-02-12 07:25:00
6061864,2021-02-12 07:30:16,N,4569.52,8692.45,782.48,0.0,2021-02-12 07:30:00
6061868,2021-02-12 07:35:15,N,4515.57,8515.46,782.49,0.0,2021-02-12 07:35:00
6061870,2021-02-12 07:40:17,N,4475.4,8203.06,782.38,0.0,2021-02-12 07:40:00
6061872,2021-02-12 07:45:16,N,4433.55,8315.41,782.42,0.0,2021-02-12 07:45:00
6061876,2021-02-12 07:50:15,N,4367.71,8195.35,782.51,0.0,2021-02-12 07:50:00
6061878,2021-02-12 07:55:15,N,4206.26,7737.77,716.51,0.0,2021-02-12 07:55:00
6061880,2021-02-12 08:00:18,N,4465.61,8305.74,716.53,0.0,2021-02-12 08:00:00
6061888,2021-02-12 08:05:16,N,4501.77,8171.34,821.51,0.0,2021-02-12 08:05:00
6061890,2021-02-12 08:10:16,N,4414.97,7903.22,821.44,0.0,2021-02-12 08:10:00
6061892,2021-02-12 08:15:16,N,4409.12,8112.55,884.41,0.0,2021-02-12 08:15:00
6061896,2021-02-12 08:20:14,N,4379.21,8039.08,884.41,0.0,2021-02-12 08:20:00
6061898,2021-02-12 08:25:15,N,4440.22,7980.64,884.52,0.0,2021-02-12 08:25:00
6061900,2021-02-12 08:30:17,N,4316.65,7723.91,884.49,0.0,2021-02-12 08:30:00
6061904,2021-02-12 08:35:15,N,4253.36,7559.67,997.47,0.0,2021-02-12 08:35:00
6061906,2021-02-12 08:40:15,N,4237.65,7714.09,1044.46,0.0,2021-02-12 08:40:00
6061908,2021-02-12 08:45:17,N,4325.64,8070.86,1044.42,0.0,2021-02-12 08:45:00
6061912,2021-02-12 08:50:17,N,4299.38,7800.12,1036.28,0.0,2021-02-12 08:50:00
6061914,2021-02-12 08:55:15,N,4147.23,7516.05,1044.5,0.0,2021-02-12 08:55:00
6061916,2021-02-12 09:00:21,N,4081.96,7321.6,997.99,0.0,2021-02-12 09:00:00
6061924,2021-02-12 09:05:17,N,4131.33,7401.68,1048.0,0.0,2021-02-12 09:05:00
6061926,2021-02-12 09:10:15,N,4088.32,7388.53,1048.0,0.0,2021-02-12 09:10:00
6061928,2021-02-12 09:15:15,N,3989.89,7194.95,1047.93,0.0,2021-02-12 09:15:00
6061932,2021-02-12 09:20:18,N,3925.0,7015.21,1000.87,0.0,2021-02-12 09:20:00
6061934,2021-02-12 09:25:15,N,3992.79,7071.18,896.12,0.0,2021-02-12 09:25:00
6061936,2021-02-12 09:30:17,N,3820.76,6414.35,896.13,0.0,2021-02-12 09:30:00
6061940,2021-02-12 09:35:16,N,3697.51,6125.65,833.01,0.0,2021-02-12 09:35:00
6061942,2021-02-12 09:40:17,N,3727.87,5909.36,832.97,0.0,2021-02-12 09:40:00
6061944,2021-02-12 09:45:17,N,3768.71,6020.0,913.61,0.0,2021-02-12 09:45:00
6061948,2021-02-12 09:50:16,N,3740.49,6017.7,850.62,0.0,2021-02-12 09:50:00
6061950,2021-02-12 09:55:17,N,3720.85,5952.88,850.81,0.0,2021-02-12 09:55:00
6061952,2021-02-12 10:00:24,N,3892.15,5975.99,770.13,0.0,2021-02-12 10:00:00
6061962,2021-02-12 10:05:17,N,3922.08,5986.59,770.03,0.0,2021-02-12 10:05:00
6061966,2021-02-12 10:10:14,N,3956.25,6028.11,769.98,0.0,2021-02-12 10:10:00
6061969,2021-02-12 10:15:16,N,3786.13,5659.84,861.95,0.0,2021-02-12 10:15:00
6061973,2021-02-12 10:20:15,N,3786.63,5534.23,871.79,0.0,2021-02-12 10:20:00
6061975,2021-02-12 10:25:15,N,3842.21,5835.56,821.99,0.0,2021-02-12 10:25:00
6061977,2021-02-12 10:30:17,N,3752.15,5502.46,820.97,0.0,2021-02-12 10:30:00
6061981,2021-02-12 10:35:15,N,3658.15,5321.7,889.92,0.0,2021-02-12 10:35:00
6061983,2021-02-12 10:40:17,N,3884.38,5369.12,889.85,0.0,2021-02-12 10:40:00
6061985,2021-02-12 10:45:22,N,3909.29,5495.28,889.84,0.0,2021-02-12 10:45:00
6061989,2021-02-12 10:50:17,N,3842.69,5526.59,931.52,0.0,2021-02-12 10:50:00
6061991,2021-02-12 10:55:29,N,3766.45,5117.22,1039.39,0.0,2021-02-12 10:55:00
6061993,2021-02-12 11:00:20,N,3794.81,4912.81,1090.64,0.0,2021-02-12 11:00:00
6062001,2021-02-12 11:05:16,N,3748.58,5048.01,1114.67,0.0,2021-02-12 11:05:00
6062003,2021-02-12 11:10:30,N,3698.96,5197.01,1145.63,0.0,2021-02-12 11:10:00
6062005,2021-02-12 11:15:14,N,3614.51,4671.09,1145.72,0.0,2021-02-12 11:15:00
6062009,2021-02-12 11:20:14,N,3615.65,4484.48,1145.66,0.0,2021-02-12 11:20:00
6062011,2021-02-12 11:25:15,N,3821.31,4939.64,1145.64,0.0,2021-02-12 11:25:00
6062013,2021-02-12 11:30:15,N,3692.33,4648.56,1218.7,0.0,2021-02-12 11:30:00
6062017,2021-02-12 11:35:30,N,3530.97,4353.73,1218.34,0.0,2021-02-12 11:35:00
6062019,2021-02-12 11:40:16,N,3448.83,4323.43,1145.48,0.0,2021-02-12 11:40:00
6062021,2021-02-12 11:45:15,N,3513.24,4551.04,1070.95,0.0,2021-02-12 11:45:00
6062025,2021-02-12 11:50:17,N,3663.35,4887.03,969.94,0.0,2021-02-12 11:50:00
6062027,2021-02-12 11:55:15,N,3554.07,4740.11,969.93,0.0,2021-02-12 11:55:00
6062029,2021-02-12 12:00:21,N,3528.9,4337.48,969.9,0.0,2021-02-12 12:00:00
6062037,2021-02-12 12:05:14,N,3411.74,4350.97,1016.91,0.0,2021-02-12 12:05:00
6062039,2021-02-12 12:10:15,N,3325.61,4404.38,1131.95,0.0,2021-02-12 12:10:00
6062041,2021-02-12 12:15:15,N,3357.56,4609.06,1059.97,0.0,2021-02-12 12:15:00
6062045,2021-02-12 12:20:15,N,3378.09,4428.5,1059.98,0.0,2021-02-12 12:20:00
6062047,2021-02-12 12:25:16,N,3431.55,4567.22,1059.97,0.0,2021-02-12 12:25:00
6062049,2021-02-12 12:30:17,N,3422.86,4673.37,1059.97,0.0,2021-02-12 12:30:00
6062053,2021-02-12 12:35:17,N,3531.94,4957.6,1059.96,0.0,2021-02-12 12:35:00
6062055,2021-02-12 12:40:15,N,3763.42,5421.86,975.9,0.0,2021-02-12 12:40:00
6062057,2021-02-12 12:45:16,N,3781.82,5458.76,1023.9,0.0,2021-02-12 12:45:00
6062061,2021-02-12 12:50:15,N,3778.56,5564.3,1023.9,0.0,2021-02-12 12:50:00
6062063,2021-02-12 12:55:16,N,3758.14,5363.51,1070.9,0.0,2021-02-12 12:55:00
6062065,2021-02-12 13:00:20,N,3745.73,5142.29,1117.9,0.0,2021-02-12 13:00:00
6062073,2021-02-12 13:05:18,N,3877.57,5295.29,1117.9,0.0,2021-02-12 13:05:00
6062075,2021-02-12 13:10:14,N,3880.27,5408.9,1117.9,0.0,2021-02-12 13:10:00
6062077,2021-02-12 13:15:15,N,3768.42,5147.41,1117.9,0.0,2021-02-12 13:15:00
6062081,2021-02-12 13:20:17,N,3813.41,5150.25,1117.9,0.0,2021-02-12 13:20:00
6062083,2021-02-12 13:25:15,N,3797.21,5347.97,1117.9,0.0,2021-02-12 13:25:00
6062085,2021-02-12 13:30:16,N,3874.99,5511.37,1108.0,0.0,2021-02-12 13:30:00
6062089,2021-02-12 13:35:17,N,3837.54,5305.35,1108.0,0.0,2021-02-12 13:35:00
6062091,2021-02-12 13:40:16,N,3842.22,5516.58,1014.0,0.0,2021-02-12 13:40:00
6062093,2021-02-12 13:45:16,N,4019.42,6015.04,1014.0,0.0,2021-02-12 13:45:00
6062097,2021-02-12 13:50:17,N,4074.92,5975.04,1011.09,0.0,2021-02-12 13:50:00
6062099,2021-02-12 13:55:17,N,4042.68,5878.53,1014.0,0.0,2021-02-12 13:55:00
6062101,2021-02-12 14:00:22,N,4009.48,6122.01,1126.0,0.0,2021-02-12 14:00:00
6062109,2021-02-12 14:05:15,N,4034.43,6156.91,1263.6,0.0,2021-02-12 14:05:00
6062111,2021-02-12 14:10:16,N,4043.09,6238.56,1332.6,0.0,2021-02-12 14:10:00
6062113,2021-02-12 14:15:15,N,4027.84,6170.5,1306.6,0.0,2021-02-12 14:15:00
6062117,2021-02-12 14:20:16,N,3968.65,6025.54,1380.6,0.0,2021-02-12 14:20:00
6062119,2021-02-12 14:25:16,N,4014.49,6108.39,1420.6,0.0,2021-02-12 14:25:00
6062123,2021-02-12 14:30:16,N,4056.93,6188.56,1467.6,0.0,2021-02-12 14:30:00
6062129,2021-02-12 14:35:15,N,4010.78,6101.11,1514.6,0.0,2021-02-12 14:35:00
6062131,2021-02-12 14:40:15,N,3968.42,6266.7,1425.59,0.0,2021-02-12 14:40:00
6062133,2021-02-12 14:45:15,N,3970.54,6081.76,1544.58,0.0,2021-02-12 14:45:00
6062137,2021-02-12 14:50:15,N,3943.46,5933.61,1544.59,0.0,2021-02-12 14:50:00
6062139,2021-02-12 14:55:15,N,3845.59,5615.58,1515.59,0.0,2021-02-12 14:55:00
6062141,2021-02-12 15:00:19,N,3845.36,5557.31,1515.6,0.0,2021-02-12 15:00:00
6062149,2021-02-12 15:05:16,N,4009.63,5986.4,1557.59,0.0,2021-02-12 15:05:00
6062151,2021-02-12 15:10:14,N,3879.28,5960.95,1557.6,0.0,2021-02-12 15:10:00
6062153,2021-02-12 15:15:14,N,3926.2,5830.8,1557.58,0.0,2021-02-12 15:15:00
6062157,2021-02-12 15:20:15,N,3915.67,5865.69,1557.59,0.0,2021-02-12 15:20:00
6062159,2021-02-12 15:25:16,N,3973.83,5982.17,1557.59,0.0,2021-02-12 15:25:00
6062161,2021-02-12 15:30:16,N,3884.86,5965.93,1557.63,0.0,2021-02-12 15:30:00
6062165,2021-02-12 15:35:16,N,3913.01,6036.74,1557.59,0.0,2021-02-12 15:35:00
6062167,2021-02-12 15:40:16,N,3967.81,6116.41,1557.6,0.0,2021-02-12 15:40:00
6062169,2021-02-12 15:45:16,N,3910.02,6001.93,1557.59,0.0,2021-02-12 15:45:00
6062173,2021-02-12 15:50:16,N,3887.8,5934.7,1557.59,0.0,2021-02-12 15:50:00
6062175,2021-02-12 15:55:16,N,4017.6,6265.13,1557.59,0.0,2021-02-12 15:55:00
6062177,2021-02-12 16:00:24,N,4146.76,6174.87,1562.59,0.0,2021-02-12 16:00:00
6062185,2021-02-12 16:05:16,N,4252.28,6233.72,1561.1,0.0,2021-02-12 16:05:00
6062187,2021-02-12 16:10:15,N,4023.09,5768.75,1559.9,0.0,2021-02-12 16:10:00
6062189,2021-02-12 16:15:15,N,4015.79,5717.92,1550.3,0.0,2021-02-12 16:15:00
6062193,2021-02-12 16:20:15,N,3983.39,5612.16,1333.3,0.0,2021-02-12 16:20:00
6062195,2021-02-12 16:25:15,N,4036.82,5703.7,1331.92,0.0,2021-02-12 16:25:00
6062197,2021-02-12 16:30:15,N,4040.31,5674.98,1764.9,0.0,2021-02-12 16:30:00
6062201,2021-02-12 16:35:15,N,4245.58,5976.38,1323.0,0.0,2021-02-12 16:35:00
6062203,2021-02-12 16:40:16,N,3925.87,4894.27,1518.3,0.0,2021-02-12 16:40:00
6062205,2021-02-12 16:45:15,N,3745.33,4769.87,1518.4,0.0,2021-02-12 16:45:00
6062209,2021-02-12 16:50:16,N,4166.17,5663.83,1254.4,0.0,2021-02-12 16:50:00
6062211,2021-02-12 16:55:15,N,4340.42,6029.03,1154.0,0.0,2021-02-12 16:55:00
6062213,2021-02-12 17:00:20,N,4405.85,6298.33,1115.5,0.0,2021-02-12 17:00:00
6062221,2021-02-12 17:05:17,N,4201.56,6112.14,1020.02,0.0,2021-02-12 17:05:00
6062223,2021-02-12 17:10:16,N,3990.67,5645.17,998.1,0.0,2021-02-12 17:10:00
6062225,2021-02-12 17:15:14,N,3953.44,5507.57,1031.3,0.0,2021-02-12 17:15:00
6062229,2021-02-12 17:20:14,N,4033.84,5351.95,922.37,0.0,2021-02-12 17:20:00
6062231,2021-02-12 17:25:15,N,4159.59,5443.27,839.1,0.0,2021-02-12 17:25:00
6062233,2021-02-12 17:30:16,N,4044.45,5281.78,839.1,0.0,2021-02-12 17:30:00
6062237,2021-02-12 17:35:15,N,3908.26,4960.36,839.1,0.0,2021-02-12 17:35:00
6062239,2021-02-12 17:40:16,N,3977.6,5178.4,664.1,0.0,2021-02-12 17:40:00
6062241,2021-02-12 17:45:15,N,3963.97,5198.96,664.1,0.0,2021-02-12 17:45:00
6062245,2021-02-12 17:50:15,N,3956.27,5071.44,664.1,0.0,2021-02-12 17:50:00
6062247,2021-02-12 17:55:16,N,3884.06,4963.84,664.1,0.0,2021-02-12 17:55:00
6062249,2021-02-12 18:00:21,N,3851.9,4926.79,664.6,0.0,2021-02-12 18:00:00
6062257,2021-02-12 18:05:14,N,3731.11,4710.83,664.6,0.0,2021-02-12 18:05:00
6062259,2021-02-12 18:10:14,N,3623.8,4457.56,643.4,0.0,2021-02-12 18:10:00
6062261,2021-02-12 18:15:14,N,3662.25,4418.62,626.4,0.0,2021-02-12 18:15:00
6062265,2021-02-12 18:20:15,N,3780.53,4528.17,677.1,0.0,2021-02-12 18:20:00
6062267,2021-02-12 18:25:15,N,3877.57,4614.43,659.2,0.0,2021-02-12 18:25:00
6062269,2021-02-12 18:30:16,N,3775.7,4589.02,585.0,0.0,2021-02-12 18:30:00
6062273,2021-02-12 18:35:16,N,3905.54,4767.43,585.0,0.0,2021-02-12 18:35:00
6062275,2021-02-12 18:40:15,N,3902.68,4853.65,535.3,0.0,2021-02-12 18:40:00
6062277,2021-02-12 18:45:15,N,3872.36,4975.2,609.6,0.0,2021-02-12 18:45:00
6062281,2021-02-12 18:50:15,N,3930.81,5090.11,609.2,0.0,2021-02-12 18:50:00
6062283,2021-02-12 18:55:16,N,3926.45,5062.59,608.8,0.0,2021-02-12 18:55:00
6062285,2021-02-12 19:00:20,N,3966.16,5133.31,608.6,0.0,2021-02-12 19:00:00
6062293,2021-02-12 19:05:14,N,3935.25,5153.58,655.6,0.0,2021-02-12 19:05:00
6062295,2021-02-12 19:10:13,N,3868.69,5048.11,655.6,0.0,2021-02-12 19:10:00
6062297,2021-02-12 19:15:14,N,3847.87,5118.22,702.6,0.0,2021-02-12 19:15:00
6062301,2021-02-12 19:20:14,N,3874.01,5119.08,776.6,0.0,2021-02-12 19:20:00
6062303,2021-02-12 19:25:15,N,3823.7,5057.13,702.6,0.0,2021-02-12 19:25:00
6062305,2021-02-12 19:30:16,N,3798.15,5115.51,776.6,0.0,2021-02-12 19:30:00
6062309,2021-02-12 19:35:15,N,3814.45,5140.23,776.6,0.0,2021-02-12 19:35:00
6062311,2021-02-12 19:40:14,N,3725.57,5159.48,663.5,0.0,2021-02-12 19:40:00
6062313,2021-02-12 19:45:16,N,3646.09,4780.27,703.5,0.0,2021-02-12 19:45:00
6062317,2021-02-12 19:50:16,N,3799.81,5031.34,703.1,0.0,2021-02-12 19:50:00
6062319,2021-02-12 19:55:15,N,3789.86,5147.58,777.2,0.0,2021-02-12 19:55:00
6062321,2021-02-12 20:00:18,N,3582.5,4583.86,702.6,0.0,2021-02-12 20:00:00
6062329,2021-02-12 20:05:15,N,3494.27,4578.81,750.5,0.0,2021-02-12 20:05:00
6062331,2021-02-12 20:10:14,N,3569.72,4731.66,1027.9,0.0,2021-02-12 20:10:00
6062333,2021-02-12 20:15:16,N,3597.9,4771.56,1028.6,0.0,2021-02-12 20:15:00
6062337,2021-02-12 20:20:15,N,3593.07,4808.34,1069.3,0.0,2021-02-12 20:20:00
6062339,2021-02-12 20:25:15,N,3702.36,5138.22,891.3,0.0,2021-02-12 20:25:00
6062341,2021-02-12 20:30:15,N,3808.06,5205.05,892.7,0.0,2021-02-12 20:30:00
6062345,2021-02-12 20:35:15,N,3761.18,5248.83,845.7,0.0,2021-02-12 20:35:00
6062347,2021-02-12 20:40:14,N,3801.09,5441.27,813.7,0.0,2021-02-12 20:40:00
6062349,2021-02-12 20:45:15,N,3786.14,5220.74,804.79,0.0,2021-02-12 20:45:00
6062353,2021-02-12 20:50:16,N,3743.82,5113.13,813.7,0.0,2021-02-12 20:50:00
6062355,2021-02-12 20:55:17,N,3820.49,5325.85,813.7,0.0,2021-02-12 20:55:00
6062357,2021-02-12 21:00:20,N,3922.19,5372.07,743.7,0.0,2021-02-12 21:00:00
6062365,2021-02-12 21:05:15,N,3738.22,5198.05,808.7,0.0,2021-02-12 21:05:00
6062367,2021-02-12 21:10:14,N,3793.6,5330.74,833.7,0.0,2021-02-12 21:10:00
6062369,2021-02-12 21:15:14,N,3950.71,5779.68,833.7,0.0,2021-02-12 21:15:00
6062373,2021-02-12 21:20:15,N,4098.47,5806.04,833.7,0.0,2021-02-12 21:20:00
6062375,2021-02-12 21:25:15,N,3953.34,5702.13,833.7,0.0,2021-02-12 21:25:00
6062377,2021-02-12 21:30:15,N,4042.59,5885.52,883.5,0.0,2021-02-12 21:30:00
6062381,2021-02-12 21:35:15,N,3903.6,5585.46,1074.52,0.0,2021-02-12 21:35:00
6062383,2021-02-12 21:40:14,N,3890.72,5725.69,1132.5,0.0,2021-02-12 21:40:00
6062385,2021-02-12 21:45:13,N,4022.55,5849.56,1132.5,0.0,2021-02-12 21:45:00
6062389,2021-02-12 21:50:16,N,3964.8,5968.52,1132.5,0.0,2021-02-12 21:50:00
6062391,2021-02-12 21:55:15,N,3961.82,5972.68,1244.5,0.0,2021-02-12 21:55:00
6062393,2021-02-12 22:00:21,N,4045.23,5673.94,1244.7,0.0,2021-02-12 22:00:00
6062401,2021-02-12 22:05:15,N,4161.59,5944.61,1244.7,0.0,2021-02-12 22:05:00
6062403,2021-02-12 22:10:15,N,4173.75,5911.21,1244.7,0.0,2021-02-12 22:10:00
6062405,2021-02-12 22:15:14,N,4089.69,5960.39,1244.7,0.0,2021-02-12 22:15:00
6062409,2021-02-12 22:20:16,N,4100.31,6052.05,1491.7,0.0,2021-02-12 22:20:00
6062411,2021-02-12 22:25:16,N,4115.97,6184.64,1621.7,0.0,2021-02-12 22:25:00
6062413,2021-02-12 22:30:17,N,4074.0,6299.58,1812.7,0.0,2021-02-12 22:30:00
6062417,2021-02-12 22:35:15,N,4072.17,6170.94,1812.7,0.0,2021-02-12 22:35:00
6062419,2021-02-12 22:40:14,N,3972.13,6132.73,2086.7,0.0,2021-02-12 22:40:00
6062421,2021-02-12 22:45:16,N,4001.2,6290.01,2086.7,0.0,2021-02-12 22:45:00
6062425,2021-02-12 22:50:16,N,3881.62,6147.15,2086.7,0.0,2021-02-12 22:50:00
6062427,2021-02-12 22:55:16,N,3951.33,6190.2,2086.7,0.0,2021-02-12 22:55:00
6062429,2021-02-12 23:00:23,N,4331.81,6818.51,2086.7,0.0,2021-02-12 23:00:00
6062437,2021-02-12 23:05:15,N,4361.93,6981.71,2154.7,0.0,2021-02-12 23:05:00
6062439,2021-02-12 23:10:16,N,4210.6,6899.3,2154.7,0.0,2021-02-12 23:10:00
6062441,2021-02-12 23:15:15,N,4159.43,6768.52,2220.7,0.0,2021-02-12 23:15:00
6062445,2021-02-12 23:20:15,N,4202.32,6915.2,2299.16,0.0,2021-02-12 23:20:00
6062447,2021-02-12 23:25:14,N,4214.6,6894.08,2299.16,0.0,2021-02-12 23:25:00
6062449,2021-02-12 23:30:16,N,4194.42,6888.43,2815.64,0.0,2021-02-12 23:30:00
6062453,2021-02-12 23:35:15,N,4324.56,7142.64,2737.18,0.0,2021-02-12 23:35:00
6062455,2021-02-12 23:40:15,N,4171.2,6996.09,2661.7,0.0,2021-02-12 23:40:00
6062457,2021-02-12 23:45:15,N,4192.23,6958.9,2744.34,0.0,2021-02-12 23:45:00
6062461,2021-02-12 23:50:15,N,4257.86,6988.04,2824.68,0.0,2021-02-12 23:50:00
6062463,2021-02-12 23:55:16,N,4302.52,7153.62,2824.08,0.0,2021-02-12 23:55:00
6062465,2021-02-13 00:00:22,N,4215.7,7053.44,2805.35,0.0,2021-02-13 00:00:00
6062473,2021-02-13 00:05:16,N,4292.77,7320.04,2803.3,0.0,2021-02-13 00:05:00
6062475,2021-02-13 00:10:15,N,4304.9,7239.09,2722.43,0.0,2021-02-13 00:10:00
6062477,2021-02-13 00:15:16,N,4219.15,7120.81,2722.43,0.0,2021-02-13 00:15:00
6062481,2021-02-13 00:20:14,N,4178.19,7116.71,3088.7,0.0,2021-02-13 00:20:00
6062483,2021-02-13 00:25:14,N,4142.33,7190.45,3151.7,0.0,2021-02-13 00:25:00
6062485,2021-02-13 00:30:15,N,4098.53,7240.52,3295.74,0.0,2021-02-13 00:30:00
6062489,2021-02-13 00:35:15,N,4084.7,7128.13,3295.82,0.0,2021-02-13 00:35:00
6062491,2021-02-13 00:40:17,N,4068.89,7168.77,3295.73,0.0,2021-02-13 00:40:00
6062493,2021-02-13 00:45:15,N,4159.19,7347.59,3295.68,0.0,2021-02-13 00:45:00
6062497,2021-02-13 00:50:16,N,4049.06,7274.29,3295.62,0.0,2021-02-13 00:50:00
6062499,2021-02-13 00:55:15,N,4023.71,7251.44,3295.66,0.0,2021-02-13 00:55:00
6062501,2021-02-13 01:00:23,N,4086.2,7482.07,3295.53,0.0,2021-02-13 01:00:00
6062510,2021-02-13 01:05:17,N,4137.72,7540.54,3295.61,0.0,2021-02-13 01:05:00
6062513,2021-02-13 01:10:15,N,4197.54,7754.21,3255.71,0.0,2021-02-13 01:10:00
6062516,2021-02-13 01:15:15,N,4307.77,7906.05,3255.65,0.0,2021-02-13 01:15:00
6062520,2021-02-13 01:20:14,N,4299.44,7925.22,3255.66,0.0,2021-02-13 01:20:00
6062522,2021-02-13 01:25:15,N,4403.51,8161.35,3255.71,0.0,2021-02-13 01:25:00
6062525,2021-02-13 01:30:14,N,4425.05,8233.05,3255.67,0.0,2021-02-13 01:30:00
6062530,2021-02-13 01:35:14,N,4479.15,8321.93,3255.7,0.0,2021-02-13 01:35:00
6062532,2021-02-13 01:40:14,N,4521.09,8406.73,3255.57,0.0,2021-02-13 01:40:00
6062535,2021-02-13 01:45:14,N,4519.69,8516.49,3255.53,0.0,2021-02-13 01:45:00
6062539,2021-02-13 01:50:14,N,4463.79,8225.3,3255.39,0.0,2021-02-13 01:50:00
6062541,2021-02-13 01:55:14,N,4411.72,7949.22,3255.45,0.0,2021-02-13 01:55:00
6062543,2021-02-13 02:00:20,N,4342.06,7695.14,3255.93,0.0,2021-02-13 02:00:00
6062551,2021-02-13 02:05:15,N,4257.01,7687.06,3300.98,0.0,2021-02-13 02:05:00
6062553,2021-02-13 02:10:16,N,4366.15,7599.17,3301.12,0.0,2021-02-13 02:10:00
6062555,2021-02-13 02:15:16,N,4185.68,7578.16,3256.14,0.0,2021-02-13 02:15:00
6062559,2021-02-13 02:20:15,N,4138.12,7259.32,3256.08,0.0,2021-02-13 02:20:00
6062561,2021-02-13 02:25:16,N,4146.81,7400.47,3350.09,0.0,2021-02-13 02:25:00
6062563,2021-02-13 02:30:16,N,4236.27,7452.37,3360.12,0.0,2021-02-13 02:30:00
6062567,2021-02-13 02:35:14,N,4224.03,7536.27,3360.06,0.0,2021-02-13 02:35:00
6062569,2021-02-13 02:40:15,N,4209.11,7497.58,3360.06,0.0,2021-02-13 02:40:00
6062571,2021-02-13 02:45:16,N,4121.95,7407.66,3359.95,0.0,2021-02-13 02:45:00
6062575,2021-02-13 02:50:15,N,4079.39,7387.14,3359.88,0.0,2021-02-13 02:50:00
6062577,2021-02-13 02:55:15,N,4107.02,7499.27,3359.8,0.0,2021-02-13 02:55:00
6062579,2021-02-13 03:00:19,N,4225.44,7526.47,3359.8,0.0,2021-02-13 03:00:00
6062587,2021-02-13 03:05:14,N,4137.05,7248.59,3359.98,0.0,2021-02-13 03:05:00
6062589,2021-02-13 03:10:14,N,4188.15,7418.16,3350.19,0.0,2021-02-13 03:10:00
6062591,2021-02-13 03:15:15,N,4211.07,7558.08,3350.12,0.0,2021-02-13 03:15:00
6062595,2021-02-13 03:20:15,N,4179.87,7453.99,3350.09,0.0,2021-02-13 03:20:00
6062597,2021-02-13 03:25:14,N,4153.06,7454.99,3395.1,0.0,2021-02-13 03:25:00
6062599,2021-02-13 03:30:14,N,4106.85,7322.61,3395.08,0.0,2021-02-13 03:30:00
6062603,2021-02-13 03:35:14,N,4018.57,7114.63,3350.11,0.0,2021-02-13 03:35:00
6062605,2021-02-13 03:40:15,N,4095.58,7101.15,3350.14,0.0,2021-02-13 03:40:00
6062607,2021-02-13 03:45:15,N,4101.84,7225.5,3267.77,0.0,2021-02-13 03:45:00
6062611,2021-02-13 03:50:14,N,4208.86,7400.63,3267.55,0.0,2021-02-13 03:50:00
6062613,2021-02-13 03:55:15,N,4149.64,7267.99,3267.57,0.0,2021-02-13 03:55:00
6062615,2021-02-13 04:00:19,N,4060.96,7097.3,3267.9,0.0,2021-02-13 04:00:00
6062623,2021-02-13 04:05:15,N,3813.51,6468.79,2807.06,0.0,2021-02-13 04:05:00
6062625,2021-02-13 04:10:15,N,3805.95,6552.23,2807.06,0.0,2021-02-13 04:10:00
6062628,2021-02-13 04:15:14,N,3975.68,6753.86,2807.08,0.0,2021-02-13 04:15:00
6062633,2021-02-13 04:20:14,N,4088.33,6932.83,2807.08,0.0,2021-02-13 04:20:00
6062635,2021-02-13 04:25:14,N,4057.88,6901.5,2807.01,0.0,2021-02-13 04:25:00
6062637,2021-02-13 04:30:17,N,3974.24,6587.05,2806.96,0.0,2021-02-13 04:30:00
6062641,2021-02-13 04:35:15,N,3976.3,6387.11,2806.94,0.0,2021-02-13 04:35:00
6062644,2021-02-13 04:40:15,N,3960.08,6179.6,2807.03,0.0,2021-02-13 04:40:00
6062646,2021-02-13 04:45:14,N,3914.34,6165.85,2807.02,0.0,2021-02-13 04:45:00
6062651,2021-02-13 04:50:15,N,4115.35,6882.88,2806.84,0.0,2021-02-13 04:50:00
6062653,2021-02-13 04:55:14,N,4169.4,6918.9,2806.81,0.0,2021-02-13 04:55:00
6062656,2021-02-13 05:00:19,N,3979.42,6540.87,2806.86,0.0,2021-02-13 05:00:00
6062664,2021-02-13 05:05:15,N,4133.43,6585.4,2806.98,0.0,2021-02-13 05:05:00
6062666,2021-02-13 05:10:15,N,4257.39,6644.75,2807.09,0.0,2021-02-13 05:10:00
6062668,2021-02-13 05:15:14,N,4191.87,6538.48,2806.97,0.0,2021-02-13 05:15:00
6062673,2021-02-13 05:20:16,N,4115.52,6406.28,2806.97,0.0,2021-02-13 05:20:00
6062676,2021-02-13 05:25:15,N,4249.88,6486.64,2806.99,0.0,2021-02-13 05:25:00
6062679,2021-02-13 05:30:15,N,4298.49,6670.88,2806.93,0.0,2021-02-13 05:30:00
6062683,2021-02-13 05:35:16,N,4208.33,6476.76,2806.97,0.0,2021-02-13 05:35:00
6062685,2021-02-13 05:40:16,N,4293.74,6765.9,2501.04,0.0,2021-02-13 05:40:00
6062688,2021-02-13 05:45:15,N,4436.69,7010.89,2301.88,0.0,2021-02-13 05:45:00
6062692,2021-02-13 05:50:16,N,4302.41,6879.3,2210.8,0.0,2021-02-13 05:50:00
6062695,2021-02-13 05:55:16,N,4461.21,7048.65,2066.72,0.0,2021-02-13 05:55:00
6062698,2021-02-13 06:00:24,N,4358.29,6947.97,2087.24,0.0,2021-02-13 06:00:00
6062707,2021-02-13 06:05:16,N,4378.31,6896.84,1822.34,0.0,2021-02-13 06:05:00
6062710,2021-02-13 06:10:16,N,4404.03,6897.29,1802.42,0.0,2021-02-13 06:10:00
6062712,2021-02-13 06:15:14,N,4283.67,6856.35,1802.54,0.0,2021-02-13 06:15:00
6062716,2021-02-13 06:20:15,N,4297.3,6821.25,1690.5,0.0,2021-02-13 06:20:00
6062718,2021-02-13 06:25:15,N,4511.51,7146.79,1595.51,0.0,2021-02-13 06:25:00
6062720,2021-02-13 06:30:19,N,4364.52,6943.44,1595.43,0.0,2021-02-13 06:30:00
6062726,2021-02-13 06:35:16,N,4286.16,6858.76,1815.46,0.0,2021-02-13 06:35:00
6062728,2021-02-13 06:40:14,N,4354.19,6845.16,1715.94,0.0,2021-02-13 06:40:00
6062730,2021-02-13 06:45:16,N,4440.54,7041.5,1501.88,0.0,2021-02-13 06:45:00
6062736,2021-02-13 06:50:15,N,4381.42,7158.2,1361.81,0.0,2021-02-13 06:50:00
6062739,2021-02-13 06:55:18,N,4459.13,7274.59,1361.76,0.0,2021-02-13 06:55:00
6062741,2021-02-13 07:00:19,N,4609.52,7225.93,1361.7,0.0,2021-02-13 07:00:00
6062749,2021-02-13 07:05:16,N,4320.65,6910.65,1361.62,0.0,2021-02-13 07:05:00
6062751,2021-02-13 07:10:13,N,4349.97,6897.94,1361.74,0.0,2021-02-13 07:10:00
6062754,2021-02-13 07:15:14,N,4411.62,7009.22,1361.78,0.0,2021-02-13 07:15:00
6062758,2021-02-13 07:20:14,N,4247.12,6759.19,1361.77,0.0,2021-02-13 07:20:00
6062760,2021-02-13 07:25:14,N,4292.75,6733.39,1361.76,0.0,2021-02-13 07:25:00
6062762,2021-02-13 07:30:14,N,4225.2,6512.08,1361.81,0.0,2021-02-13 07:30:00
6062766,2021-02-13 07:35:14,N,4130.94,6362.98,1361.85,0.0,2021-02-13 07:35:00
6062768,2021-02-13 07:40:15,N,4089.15,6372.96,1361.62,0.0,2021-02-13 07:40:00
6062770,2021-02-13 07:45:14,N,4025.92,6299.8,1361.63,0.0,2021-02-13 07:45:00
6062774,2021-02-13 07:50:17,N,3965.78,6105.63,1361.57,0.0,2021-02-13 07:50:00
6062776,2021-02-13 07:55:14,N,3869.82,5928.32,1361.52,0.0,2021-02-13 07:55:00
6062778,2021-02-13 08:00:18,N,3754.98,5630.89,1361.51,0.0,2021-02-13 08:00:00
6062786,2021-02-13 08:05:15,N,3760.11,5708.63,1361.74,0.0,2021-02-13 08:05:00
6062788,2021-02-13 08:10:15,N,3735.28,5537.48,1361.77,0.0,2021-02-13 08:10:00
6062790,2021-02-13 08:15:14,N,3687.03,5289.62,1361.75,0.0,2021-02-13 08:15:00
6062794,2021-02-13 08:20:14,N,3688.89,5153.01,1361.73,0.0,2021-02-13 08:20:00
6062796,2021-02-13 08:25:14,N,3669.77,5073.56,1361.82,0.0,2021-02-13 08:25:00
6062798,2021-02-13 08:30:15,N,3549.84,4984.25,1298.79,0.0,2021-02-13 08:30:00
6062802,2021-02-13 08:35:16,N,3355.45,4582.6,1235.83,0.0,2021-02-13 08:35:00
6062804,2021-02-13 08:36:22,N,3297.7,4484.72,1235.71,0.0,2021-02-13 08:35:00
6062805,2021-02-13 08:40:15,N,3009.8,3673.8,1235.73,0.0,2021-02-13 08:40:00
6062807,2021-02-13 08:42:23,N,2887.98,3106.78,1235.73,0.0,2021-02-13 08:40:00
6062808,2021-02-13 08:45:15,N,2926.39,3950.49,1105.76,0.0,2021-02-13 08:45:00
6062812,2021-02-13 08:46:14,N,2919.22,4002.92,760.7,0.0,2021-02-13 08:45:00
6062814,2021-02-13 08:50:15,N,3179.11,4181.56,704.7,0.0,2021-02-13 08:50:00
6062816,2021-02-13 08:55:15,N,3273.76,4113.69,641.7,0.0,2021-02-13 08:55:00
6062819,2021-02-13 09:00:22,N,3195.8,3569.75,529.8,0.0,2021-02-13 09:00:00
6062827,2021-02-13 09:05:16,N,3270.59,3781.34,529.8,0.0,2021-02-13 09:05:00
6062829,2021-02-13 09:10:16,N,3462.52,4048.99,458.0,0.0,2021-02-13 09:10:00
6062831,2021-02-13 09:15:15,N,3446.81,3996.8,428.0,0.0,2021-02-13 09:15:00
6062835,2021-02-13 09:20:16,N,3650.8,4453.0,501.0,0.0,2021-02-13 09:20:00
6062837,2021-02-13 09:25:16,N,3804.12,4669.72,342.0,0.0,2021-02-13 09:25:00
6062839,2021-02-13 09:30:16,N,3637.91,4480.5,171.0,0.0,2021-02-13 09:30:00
6062843,2021-02-13 09:35:17,N,3667.35,4422.85,276.0,0.0,2021-02-13 09:35:00
6062846,2021-02-13 09:40:17,N,3653.72,4657.16,276.0,0.0,2021-02-13 09:40:00
6062848,2021-02-13 09:45:17,N,3703.43,4846.37,276.0,0.0,2021-02-13 09:45:00
6062852,2021-02-13 09:50:17,N,3614.58,4651.6,276.0,0.0,2021-02-13 09:50:00
6062854,2021-02-13 09:55:17,N,3587.11,4402.47,287.0,0.0,2021-02-13 09:55:00
6062856,2021-02-13 10:00:24,N,3586.55,4424.43,361.0,0.0,2021-02-13 10:00:00
6062869,2021-02-13 10:05:20,N,3522.32,4133.42,361.0,0.0,2021-02-13 10:05:00
6062871,2021-02-13 10:10:16,N,3478.58,3819.5,435.0,0.0,2021-02-13 10:10:00
6062873,2021-02-13 10:15:15,N,3277.42,3531.23,435.0,0.0,2021-02-13 10:15:00
6062877,2021-02-13 10:20:19,N,3228.78,3611.9,504.3,0.0,2021-02-13 10:20:00
6062879,2021-02-13 10:25:15,N,3312.29,3888.36,330.0,0.0,2021-02-13 10:25:00
6062881,2021-02-13 10:30:16,N,3317.58,3772.46,516.9,0.0,2021-02-13 10:30:00
6062885,2021-02-13 10:35:28,N,3330.77,3810.45,516.9,0.0,2021-02-13 10:35:00
6062888,2021-02-13 10:40:18,N,3449.68,4055.67,444.9,0.0,2021-02-13 10:40:00
6062890,2021-02-13 10:45:16,N,3528.27,4156.48,296.9,0.0,2021-02-13 10:45:00
6062894,2021-02-13 10:50:17,N,3460.28,4154.75,296.9,0.0,2021-02-13 10:50:00
6062896,2021-02-13 10:55:17,N,3455.05,4176.86,296.9,0.0,2021-02-13 10:55:00
6062898,2021-02-13 11:00:24,N,3452.41,4207.15,296.9,0.0,2021-02-13 11:00:00
6062907,2021-02-13 11:05:17,N,3393.25,4094.54,296.9,0.0,2021-02-13 11:05:00
6062909,2021-02-13 11:10:16,N,3395.4,4358.95,296.9,0.0,2021-02-13 11:10:00
6062911,2021-02-13 11:15:16,N,3425.16,4504.66,296.9,0.0,2021-02-13 11:15:00
6062915,2021-02-13 11:20:18,N,3452.9,4405.72,296.9,0.0,2021-02-13 11:20:00
6062917,2021-02-13 11:25:17,N,3422.4,4604.59,161.9,0.0,2021-02-13 11:25:00
6062920,2021-02-13 11:30:17,N,3554.53,4928.72,161.9,0.0,2021-02-13 11:30:00
6062924,2021-02-13 11:35:17,N,3654.41,5089.02,161.9,0.0,2021-02-13 11:35:00
6062927,2021-02-13 11:40:18,N,3633.62,5183.54,161.9,0.0,2021-02-13 11:40:00
6062931,2021-02-13 11:45:16,N,3673.78,5220.1,161.9,0.0,2021-02-13 11:45:00
6062935,2021-02-13 11:50:18,N,3616.96,5230.41,161.9,0.0,2021-02-13 11:50:00
6062937,2021-02-13 11:55:17,N,3728.78,5438.6,161.9,0.0,2021-02-13 11:55:00
6062940,2021-02-13 12:00:21,N,3744.64,5134.09,161.9,0.0,2021-02-13 12:00:00
6062948,2021-02-13 12:05:16,N,3859.32,5482.91,161.9,0.0,2021-02-13 12:05:00
6062951,2021-02-13 12:10:15,N,3911.6,5720.73,257.9,0.0,2021-02-13 12:10:00
6062953,2021-02-13 12:15:29,N,4002.82,6167.41,302.9,0.0,2021-02-13 12:15:00
6062957,2021-02-13 12:20:17,N,4101.72,6259.63,302.9,0.0,2021-02-13 12:20:00
6062959,2021-02-13 12:25:18,N,3907.0,6129.45,354.9,0.0,2021-02-13 12:25:00
6062961,2021-02-13 12:30:17,N,3959.88,6273.65,354.9,0.0,2021-02-13 12:30:00
6062965,2021-02-13 12:35:31,N,4025.87,6634.94,354.9,0.0,2021-02-13 12:35:00
6062968,2021-02-13 12:40:15,N,4025.76,6577.7,354.9,0.0,2021-02-13 12:40:00
6062970,2021-02-13 12:45:17,N,3969.06,6708.81,354.9,0.0,2021-02-13 12:45:00
6062974,2021-02-13 12:50:16,N,4072.89,6878.55,386.9,0.0,2021-02-13 12:50:00
6062976,2021-02-13 12:55:16,N,4027.63,6975.21,532.25,0.0,2021-02-13 12:55:00
6062978,2021-02-13 13:00:22,N,4051.19,7068.43,531.95,0.0,2021-02-13 13:00:00
6062986,2021-02-13 13:05:18,N,4200.49,7385.71,515.9,0.0,2021-02-13 13:05:00
6062988,2021-02-13 13:10:16,N,4182.31,7345.67,675.9,0.0,2021-02-13 13:10:00
6062990,2021-02-13 13:15:17,N,4015.03,7154.07,826.9,0.0,2021-02-13 13:15:00
6062994,2021-02-13 13:20:18,N,3987.78,7356.45,920.9,0.0,2021-02-13 13:20:00
6062996,2021-02-13 13:25:18,N,3957.41,7022.15,1094.96,0.0,2021-02-13 13:25:00
6062998,2021-02-13 13:30:16,N,4029.63,7268.59,1243.85,0.0,2021-02-13 13:30:00
6063002,2021-02-13 13:35:16,N,3975.49,7152.75,1159.79,0.0,2021-02-13 13:35:00
6063004,2021-02-13 13:40:15,N,3992.71,7457.8,1243.89,0.0,2021-02-13 13:40:00
6063006,2021-02-13 13:45:18,N,4057.84,7672.1,1078.9,0.0,2021-02-13 13:45:00
6063010,2021-02-13 13:50:19,N,4130.86,7332.89,1078.9,0.0,2021-02-13 13:50:00
6063012,2021-02-13 13:55:17,N,4303.52,8110.73,1078.9,0.0,2021-02-13 13:55:00
6063014,2021-02-13 14:00:21,N,4201.29,7840.27,1078.9,0.0,2021-02-13 14:00:00
6063022,2021-02-13 14:05:16,N,4386.91,8319.56,1147.9,0.0,2021-02-13 14:05:00
6063024,2021-02-13 14:10:15,N,4367.33,8482.29,1143.9,0.0,2021-02-13 14:10:00
6063026,2021-02-13 14:15:15,N,4457.1,8582.8,1134.0,0.0,2021-02-13 14:15:00
6063030,2021-02-13 14:20:16,N,4484.29,8776.22,1177.0,0.0,2021-02-13 14:20:00
6063032,2021-02-13 14:25:15,N,4546.52,8773.2,1085.0,0.0,2021-02-13 14:25:00
6063035,2021-02-13 14:30:16,N,4526.57,8825.2,1184.6,0.0,2021-02-13 14:30:00
6063042,2021-02-13 14:35:14,N,4627.61,8952.28,1300.4,0.0,2021-02-13 14:35:00
6063044,2021-02-13 14:40:15,N,4570.87,8824.03,1350.2,0.0,2021-02-13 14:40:00
6063046,2021-02-13 14:45:15,N,4540.37,8512.87,1505.39,0.0,2021-02-13 14:45:00
6063050,2021-02-13 14:50:15,N,4480.61,8684.11,1610.75,0.0,2021-02-13 14:50:00
6063052,2021-02-13 14:55:14,N,4661.08,8883.02,1610.76,0.0,2021-02-13 14:55:00
6063054,2021-02-13 15:00:21,N,4671.8,8910.88,1610.71,0.0,2021-02-13 15:00:00
6063062,2021-02-13 15:05:17,N,4812.56,8987.55,1610.71,0.0,2021-02-13 15:05:00
6063064,2021-02-13 15:10:15,N,4773.93,8926.87,1610.75,0.0,2021-02-13 15:10:00
6063066,2021-02-13 15:15:14,N,4779.96,8875.8,1842.75,0.0,2021-02-13 15:15:00
6063070,2021-02-13 15:20:16,N,4809.5,9079.47,1842.75,0.0,2021-02-13 15:20:00
6063072,2021-02-13 15:25:15,N,4676.86,9086.97,1842.76,0.0,2021-02-13 15:25:00
6063074,2021-02-13 15:30:17,N,4631.1,8979.77,1945.73,0.0,2021-02-13 15:30:00
6063078,2021-02-13 15:35:15,N,4579.16,8853.32,1945.73,0.0,2021-02-13 15:35:00
6063080,2021-02-13 15:40:14,N,4830.44,9259.25,1995.74,0.0,2021-02-13 15:40:00
6063082,2021-02-13 15:45:15,N,4811.15,9087.41,1995.78,0.0,2021-02-13 15:45:00
6063086,2021-02-13 15:50:16,N,4881.7,9451.89,1995.78,0.0,2021-02-13 15:50:00
6063088,2021-02-13 15:55:17,N,4853.06,9503.22,1995.74,0.0,2021-02-13 15:55:00
6063090,2021-02-13 16:00:20,N,4848.14,9579.01,1995.89,0.0,2021-02-13 16:00:00
6063098,2021-02-13 16:05:17,N,4845.11,9591.44,1995.85,0.0,2021-02-13 16:05:00
6063100,2021-02-13 16:10:16,N,4851.17,9705.41,1995.76,0.0,2021-02-13 16:10:00
6063102,2021-02-13 16:15:15,N,4765.75,9574.19,1995.7,0.0,2021-02-13 16:15:00
6063106,2021-02-13 16:20:16,N,4739.17,9523.63,1879.72,0.0,2021-02-13 16:20:00
6063108,2021-02-13 16:25:15,N,4793.35,9747.88,1879.7,0.0,2021-02-13 16:25:00
6063110,2021-02-13 16:30:16,N,4730.7,9616.82,1880.96,0.0,2021-02-13 16:30:00
6063114,2021-02-13 16:35:15,N,4702.06,9398.51,1879.94,0.0,2021-02-13 16:35:00
6063116,2021-02-13 16:40:15,N,4774.69,9492.29,1768.88,0.0,2021-02-13 16:40:00
6063118,2021-02-13 16:45:15,N,4777.85,9689.92,1579.9,0.0,2021-02-13 16:45:00
6063122,2021-02-13 16:50:17,N,4736.68,9740.55,1477.79,0.0,2021-02-13 16:50:00
6063124,2021-02-13 16:55:15,N,4806.76,9649.54,1421.8,0.0,2021-02-13 16:55:00
6063126,2021-02-13 17:00:21,N,4723.78,9384.77,1422.8,0.0,2021-02-13 17:00:00
6063134,2021-02-13 17:05:16,N,4953.27,9421.96,1422.8,0.0,2021-02-13 17:05:00
6063136,2021-02-13 17:10:14,N,4902.01,8775.26,1422.8,0.0,2021-02-13 17:10:00
6063138,2021-02-13 17:15:14,N,4958.54,9166.17,1317.8,0.0,2021-02-13 17:15:00
6063142,2021-02-13 17:20:14,N,4941.33,9135.87,1317.8,0.0,2021-02-13 17:20:00
6063144,2021-02-13 17:25:15,N,4673.28,8289.83,1317.8,0.0,2021-02-13 17:25:00
6063146,2021-02-13 17:30:15,N,4588.47,8513.34,1317.8,0.0,2021-02-13 17:30:00
6063150,2021-02-13 17:35:15,N,4589.32,8542.18,1317.8,0.0,2021-02-13 17:35:00
6063152,2021-02-13 17:40:14,N,4460.93,8154.13,1317.8,0.0,2021-02-13 17:40:00
6063154,2021-02-13 17:45:15,N,4357.13,8230.92,1317.8,0.0,2021-02-13 17:45:00
6063158,2021-02-13 17:50:16,N,4205.74,7925.92,1317.8,0.0,2021-02-13 17:50:00
6063160,2021-02-13 17:55:15,N,4192.4,7840.04,1212.8,0.0,2021-02-13 17:55:00
6063162,2021-02-13 18:00:18,N,4077.02,7753.16,1212.8,0.0,2021-02-13 18:00:00
6063170,2021-02-13 18:05:15,N,4044.47,7571.98,894.8,0.0,2021-02-13 18:05:00
6063172,2021-02-13 18:10:14,N,4153.33,7809.15,826.8,0.0,2021-02-13 18:10:00
6063174,2021-02-13 18:15:14,N,4139.46,7666.48,826.8,0.0,2021-02-13 18:15:00
6063178,2021-02-13 18:20:14,N,4047.3,7542.3,777.0,0.0,2021-02-13 18:20:00
6063180,2021-02-13 18:25:15,N,4048.07,7455.95,777.0,0.0,2021-02-13 18:25:00
6063182,2021-02-13 18:30:16,N,4055.43,7441.66,777.0,0.0,2021-02-13 18:30:00
6063186,2021-02-13 18:35:14,N,4074.91,7484.48,777.0,0.0,2021-02-13 18:35:00
6063188,2021-02-13 18:40:14,N,4157.46,7841.56,602.0,0.0,2021-02-13 18:40:00
6063190,2021-02-13 18:45:15,N,4171.35,7972.06,602.0,0.0,2021-02-13 18:45:00
6063194,2021-02-13 18:50:15,N,4070.06,7924.73,602.0,0.0,2021-02-13 18:50:00
6063196,2021-02-13 18:55:16,N,4007.85,7707.59,602.0,0.0,2021-02-13 18:55:00
6063198,2021-02-13 19:00:19,N,4003.06,7838.82,622.0,0.0,2021-02-13 19:00:00
6063206,2021-02-13 19:05:14,N,4028.32,7840.28,622.0,0.0,2021-02-13 19:05:00
6063208,2021-02-13 19:10:15,N,3993.79,7899.51,622.0,0.0,2021-02-13 19:10:00
6063210,2021-02-13 19:15:15,N,3966.6,7804.37,622.0,0.0,2021-02-13 19:15:00
6063214,2021-02-13 19:20:14,N,4000.08,7827.8,622.0,0.0,2021-02-13 19:20:00
6063216,2021-02-13 19:25:15,N,4054.2,8011.86,622.0,0.0,2021-02-13 19:25:00
6063218,2021-02-13 19:30:15,N,4026.34,7926.38,622.0,0.0,2021-02-13 19:30:00
6063222,2021-02-13 19:35:15,N,3967.0,7842.02,622.0,0.0,2021-02-13 19:35:00
6063224,2021-02-13 19:40:15,N,3952.58,8035.7,622.0,0.0,2021-02-13 19:40:00
6063226,2021-02-13 19:45:15,N,3989.31,8159.94,622.0,0.0,2021-02-13 19:45:00
6063230,2021-02-13 19:50:16,N,3914.78,7579.63,622.0,0.0,2021-02-13 19:50:00
6063232,2021-02-13 19:55:14,N,3983.28,7272.68,622.0,0.0,2021-02-13 19:55:00
6063234,2021-02-13 20:00:20,N,4032.61,7895.03,622.0,0.0,2021-02-13 20:00:00
6063242,2021-02-13 20:05:15,N,4095.69,7929.14,622.0,0.0,2021-02-13 20:05:00
6063244,2021-02-13 20:10:14,N,4004.43,7645.6,622.0,0.0,2021-02-13 20:10:00
6063246,2021-02-13 20:15:16,N,4143.06,7907.87,622.0,0.0,2021-02-13 20:15:00
6063250,2021-02-13 20:20:14,N,4155.84,7889.51,622.0,0.0,2021-02-13 20:20:00
6063252,2021-02-13 20:25:15,N,4137.45,7892.85,622.0,0.0,2021-02-13 20:25:00
6063254,2021-02-13 20:30:14,N,4104.28,7862.19,691.0,0.0,2021-02-13 20:30:00
6063258,2021-02-13 20:35:16,N,4170.94,7609.74,759.0,0.0,2021-02-13 20:35:00
6063260,2021-02-13 20:40:13,N,4295.9,8330.52,759.0,0.0,2021-02-13 20:40:00
6063262,2021-02-13 20:45:15,N,4404.9,8294.99,759.0,0.0,2021-02-13 20:45:00
6063266,2021-02-13 20:50:15,N,4275.43,7790.63,879.0,0.0,2021-02-13 20:50:00
6063268,2021-02-13 20:55:16,N,4378.89,8333.16,879.0,0.0,2021-02-13 20:55:00
6063270,2021-02-13 21:00:19,N,4453.92,7931.79,928.8,0.0,2021-02-13 21:00:00
6063278,2021-02-13 21:05:15,N,4389.42,8293.56,928.8,0.0,2021-02-13 21:05:00
6063280,2021-02-13 21:10:14,N,4660.54,8573.4,1022.8,0.0,2021-02-13 21:10:00
6063282,2021-02-13 21:15:15,N,4688.45,8652.88,1022.8,0.0,2021-02-13 21:15:00
6063286,2021-02-13 21:20:15,N,4725.9,8876.91,1085.8,0.0,2021-02-13 21:20:00
6063288,2021-02-13 21:25:13,N,4794.25,9038.48,1148.8,0.0,2021-02-13 21:25:00
6063290,2021-02-13 21:30:16,N,4727.94,9064.58,1148.8,0.0,2021-02-13 21:30:00
6063294,2021-02-13 21:35:15,N,4658.01,8716.82,1148.8,0.0,2021-02-13 21:35:00
6063296,2021-02-13 21:40:14,N,4704.97,9137.56,1148.8,0.0,2021-02-13 21:40:00
6063298,2021-02-13 21:45:15,N,4688.73,8979.09,1148.8,0.0,2021-02-13 21:45:00
6063302,2021-02-13 21:50:14,N,4676.68,8957.86,1148.8,0.0,2021-02-13 21:50:00
6063304,2021-02-13 21:55:15,N,4621.32,8985.11,1148.8,0.0,2021-02-13 21:55:00
6063306,2021-02-13 22:00:19,N,4570.28,8951.9,1148.8,0.0,2021-02-13 22:00:00
6063314,2021-02-13 22:05:15,N,4843.08,9119.59,1148.8,0.0,2021-02-13 22:05:00
6063316,2021-02-13 22:10:15,N,4717.73,9074.68,1148.8,0.0,2021-02-13 22:10:00
6063318,2021-02-13 22:15:14,N,4647.36,8901.44,1148.8,0.0,2021-02-13 22:15:00
6063322,2021-02-13 22:20:14,N,4656.19,8533.47,1260.8,0.0,2021-02-13 22:20:00
6063324,2021-02-13 22:25:14,N,4810.26,9347.31,1260.8,0.0,2021-02-13 22:25:00
6063326,2021-02-13 22:30:14,N,4722.05,9483.02,1260.8,0.0,2021-02-13 22:30:00
6063330,2021-02-13 22:35:14,N,4799.76,9075.31,1260.8,0.0,2021-02-13 22:35:00
6063332,2021-02-13 22:40:15,N,4834.88,9646.85,1260.8,0.0,2021-02-13 22:40:00
6063334,2021-02-13 22:45:15,N,4763.16,9723.04,1262.8,0.0,2021-02-13 22:45:00
6063338,2021-02-13 22:50:16,N,4895.33,9829.09,1262.8,0.0,2021-02-13 22:50:00
6063340,2021-02-13 22:55:16,N,4895.02,9851.95,1262.8,0.0,2021-02-13 22:55:00
6063342,2021-02-13 23:00:22,N,4995.09,10073.91,1262.8,0.0,2021-02-13 23:00:00
6063350,2021-02-13 23:05:14,N,5186.6,10407.51,1262.8,0.0,2021-02-13 23:05:00
6063352,2021-02-13 23:10:15,N,5054.79,10527.38,1354.8,0.0,2021-02-13 23:10:00
6063354,2021-02-13 23:15:15,N,5034.62,10049.93,1354.8,0.0,2021-02-13 23:15:00
6063358,2021-02-13 23:20:15,N,5206.57,10577.49,1354.8,0.0,2021-02-13 23:20:00
6063360,2021-02-13 23:25:15,N,5217.55,10565.52,1354.8,0.0,2021-02-13 23:25:00
6063362,2021-02-13 23:30:15,N,5141.96,10556.06,1354.8,0.0,2021-02-13 23:30:00
6063366,2021-02-13 23:35:15,N,5162.96,10621.46,1354.8,0.0,2021-02-13 23:35:00
6063368,2021-02-13 23:40:15,N,5171.09,10749.78,1262.8,0.0,2021-02-13 23:40:00
6063370,2021-02-13 23:45:15,N,5189.81,10742.82,1262.8,0.0,2021-02-13 23:45:00
6063374,2021-02-13 23:50:15,N,5102.15,10722.08,1262.8,0.0,2021-02-13 23:50:00
6063376,2021-02-13 23:55:16,N,5187.69,10722.68,1262.8,0.0,2021-02-13 23:55:00
6063378,2021-02-14 00:00:23,N,4956.05,10541.51,1454.1,0.0,2021-02-14 00:00:00
6063386,2021-02-14 00:05:14,N,5134.97,10622.38,1596.4,0.0,2021-02-14 00:05:00
6063388,2021-02-14 00:10:15,N,5183.18,10571.17,1681.0,0.0,2021-02-14 00:10:00
6063390,2021-02-14 00:15:15,N,5278.03,10759.55,1681.0,0.0,2021-02-14 00:15:00
6063394,2021-02-14 00:20:14,N,5344.76,10988.87,1681.0,0.0,2021-02-14 00:20:00
6063396,2021-02-14 00:25:15,N,5325.9,10730.0,1681.0,0.0,2021-02-14 00:25:00
6063398,2021-02-14 00:30:15,N,5472.91,11368.38,1681.0,0.0,2021-02-14 00:30:00
6063402,2021-02-14 00:35:16,N,5376.78,11134.52,1777.0,0.0,2021-02-14 00:35:00
6063404,2021-02-14 00:40:17,N,5458.23,11357.19,1777.0,0.0,2021-02-14 00:40:00
6063406,2021-02-14 00:45:15,N,5464.77,11514.96,1908.0,0.0,2021-02-14 00:45:00
6063410,2021-02-14 00:50:15,N,5493.25,11464.13,1908.0,0.0,2021-02-14 00:50:00
6063412,2021-02-14 00:55:15,N,5469.49,11490.64,1908.0,0.0,2021-02-14 00:55:00
6063414,2021-02-14 01:00:25,N,5533.21,11718.13,1916.0,0.0,2021-02-14 01:00:00
6063422,2021-02-14 01:05:17,N,5645.74,11939.64,1916.0,0.0,2021-02-14 01:05:00
6063424,2021-02-14 01:10:14,N,5676.25,12189.69,1916.0,0.0,2021-02-14 01:10:00
6063428,2021-02-14 01:15:14,N,5657.42,12154.39,1916.0,0.0,2021-02-14 01:15:00
6063432,2021-02-14 01:20:13,N,5616.92,11683.49,1916.0,0.0,2021-02-14 01:20:00
6063434,2021-02-14 01:25:14,N,5526.05,11807.55,1972.5,0.0,2021-02-14 01:25:00
6063436,2021-02-14 01:30:15,N,5672.94,12239.23,2029.0,0.0,2021-02-14 01:30:00
6063440,2021-02-14 01:35:16,N,5613.06,12334.25,2297.14,0.0,2021-02-14 01:35:00
6063442,2021-02-14 01:40:14,N,5791.29,12722.74,2354.05,0.0,2021-02-14 01:40:00
6063444,2021-02-14 01:45:14,N,5764.85,12751.0,2354.03,0.0,2021-02-14 01:45:00
6063448,2021-02-14 01:50:15,N,5729.99,12847.92,2354.05,0.0,2021-02-14 01:50:00
6063450,2021-02-14 01:55:14,N,5681.15,12771.24,2354.03,0.0,2021-02-14 01:55:00
6063452,2021-02-14 02:00:19,N,5800.64,13109.74,2354.06,0.0,2021-02-14 02:00:00
6063460,2021-02-14 02:05:15,N,5909.8,13181.72,2353.96,0.0,2021-02-14 02:05:00
6063462,2021-02-14 02:10:15,N,5837.69,13147.05,2354.02,0.0,2021-02-14 02:10:00
6063464,2021-02-14 02:15:14,N,5775.4,12931.48,2354.16,0.0,2021-02-14 02:15:00
6063468,2021-02-14 02:20:14,N,5778.71,12930.37,2354.06,0.0,2021-02-14 02:20:00
6063470,2021-02-14 02:25:14,N,5811.42,12984.12,2354.09,0.0,2021-02-14 02:25:00
6063472,2021-02-14 02:30:14,N,5812.05,13096.72,2354.04,0.0,2021-02-14 02:30:00
6063476,2021-02-14 02:35:14,N,5718.59,12949.97,2353.97,0.0,2021-02-14 02:35:00
6063478,2021-02-14 02:40:15,N,5770.83,12989.79,2354.08,0.0,2021-02-14 02:40:00
6063480,2021-02-14 02:45:15,N,5778.19,13012.95,2354.1,0.0,2021-02-14 02:45:00
6063484,2021-02-14 02:50:16,N,5756.85,12938.07,2354.03,0.0,2021-02-14 02:50:00
6063486,2021-02-14 02:55:14,N,5834.1,13043.04,2354.16,0.0,2021-02-14 02:55:00
6063488,2021-02-14 03:00:20,N,5828.2,13120.68,2354.17,0.0,2021-02-14 03:00:00
6063496,2021-02-14 03:05:15,N,5623.65,12474.61,2354.1,0.0,2021-02-14 03:05:00
6063498,2021-02-14 03:10:14,N,5707.4,12793.69,2354.28,0.0,2021-02-14 03:10:00
6063500,2021-02-14 03:15:16,N,5781.19,12797.55,2354.24,0.0,2021-02-14 03:15:00
6063504,2021-02-14 03:20:15,N,5764.0,12880.97,2354.25,0.0,2021-02-14 03:20:00
6063506,2021-02-14 03:25:14,N,5721.55,12824.6,2354.37,0.0,2021-02-14 03:25:00
6063508,2021-02-14 03:30:15,N,5764.71,12906.1,2354.44,0.0,2021-02-14 03:30:00
6063512,2021-02-14 03:35:15,N,5665.28,12625.45,2354.33,0.0,2021-02-14 03:35:00
6063514,2021-02-14 03:40:17,N,5707.05,12557.78,2354.32,0.0,2021-02-14 03:40:00
6063516,2021-02-14 03:45:16,N,5762.7,12610.94,2354.31,0.0,2021-02-14 03:45:00
6063520,2021-02-14 03:50:15,N,5812.28,12749.03,2354.37,0.0,2021-02-14 03:50:00
6063522,2021-02-14 03:55:15,N,5775.73,12924.61,2105.41,0.0,2021-02-14 03:55:00
6063524,2021-02-14 04:00:20,N,5755.84,12767.38,2105.33,0.0,2021-02-14 04:00:00
6063532,2021-02-14 04:05:14,N,5667.12,12143.2,2105.17,0.0,2021-02-14 04:05:00
6063534,2021-02-14 04:10:15,N,5654.73,12443.01,2105.25,0.0,2021-02-14 04:10:00
6063536,2021-02-14 04:15:14,N,5589.68,12421.09,2105.36,0.0,2021-02-14 04:15:00
6063540,2021-02-14 04:20:15,N,5648.35,12490.4,2105.29,0.0,2021-02-14 04:20:00
6063542,2021-02-14 04:25:13,N,5587.83,12163.08,2105.3,0.0,2021-02-14 04:25:00
6063544,2021-02-14 04:30:16,N,5637.75,12287.76,2105.29,0.0,2021-02-14 04:30:00
6063548,2021-02-14 04:35:16,N,5619.77,12200.75,2055.51,0.0,2021-02-14 04:35:00
6063550,2021-02-14 04:40:15,N,5676.88,12205.28,2055.55,0.0,2021-02-14 04:40:00
6063552,2021-02-14 04:45:14,N,5674.71,12150.93,2055.48,0.0,2021-02-14 04:45:00
6063556,2021-02-14 04:50:15,N,5749.16,12259.17,2055.58,0.0,2021-02-14 04:50:00
6063558,2021-02-14 04:55:15,N,5655.74,12136.89,2055.39,0.0,2021-02-14 04:55:00
6063560,2021-02-14 05:00:23,N,5791.38,12246.71,2055.31,0.0,2021-02-14 05:00:00
6063568,2021-02-14 05:05:14,N,5688.6,11984.55,2055.17,0.0,2021-02-14 05:05:00
6063570,2021-02-14 05:10:14,N,5609.05,11861.97,2055.22,0.0,2021-02-14 05:10:00
6063572,2021-02-14 05:15:15,N,5644.57,11876.83,2056.47,0.0,2021-02-14 05:15:00
6063576,2021-02-14 05:20:15,N,5568.11,11786.01,2099.49,0.0,2021-02-14 05:20:00
6063579,2021-02-14 05:25:14,N,5539.69,11512.64,2141.75,0.0,2021-02-14 05:25:00
6063581,2021-02-14 05:30:15,N,5537.5,11398.86,2163.25,0.0,2021-02-14 05:30:00
6063585,2021-02-14 05:35:13,N,5555.97,11373.36,2162.72,0.0,2021-02-14 05:35:00
6063587,2021-02-14 05:40:15,N,5494.1,11308.48,2161.79,0.0,2021-02-14 05:40:00
6063589,2021-02-14 05:45:15,N,5502.88,11267.67,2055.29,0.0,2021-02-14 05:45:00
6063593,2021-02-14 05:50:14,N,5603.92,11577.11,1845.25,0.0,2021-02-14 05:50:00
6063595,2021-02-14 05:55:14,N,5724.02,11752.67,1845.22,0.0,2021-02-14 05:55:00
6063597,2021-02-14 06:00:21,N,5615.96,11808.1,1844.84,0.0,2021-02-14 06:00:00
6063605,2021-02-14 06:05:15,N,5505.84,11413.67,1748.75,0.0,2021-02-14 06:05:00
6063607,2021-02-14 06:10:16,N,5397.05,11387.68,1699.03,0.0,2021-02-14 06:10:00
6063609,2021-02-14 06:15:14,N,5323.16,11113.63,1698.87,0.0,2021-02-14 06:15:00
6063613,2021-02-14 06:20:15,N,5273.12,11186.58,1698.9,0.0,2021-02-14 06:20:00
6063615,2021-02-14 06:25:14,N,5233.73,10822.99,1593.0,0.0,2021-02-14 06:25:00
6063617,2021-02-14 06:30:17,N,5511.47,11416.36,1593.0,0.0,2021-02-14 06:30:00
6063621,2021-02-14 06:35:16,N,5551.0,11640.23,1481.0,0.0,2021-02-14 06:35:00
6063623,2021-02-14 06:40:16,N,5452.0,11507.77,1481.0,0.0,2021-02-14 06:40:00
6063625,2021-02-14 06:45:15,N,5488.08,11268.96,1481.0,0.0,2021-02-14 06:45:00
6063629,2021-02-14 06:50:16,N,5459.38,11140.76,1424.9,0.0,2021-02-14 06:50:00
6063631,2021-02-14 06:55:16,N,5478.35,11324.49,1424.9,0.0,2021-02-14 06:55:00
6063633,2021-02-14 07:00:19,N,5528.18,11285.68,1332.5,0.0,2021-02-14 07:00:00
6063641,2021-02-14 07:05:15,N,5490.78,11285.65,1284.5,0.0,2021-02-14 07:05:00
6063643,2021-02-14 07:10:14,N,5470.74,11014.13,1241.5,0.0,2021-02-14 07:10:00
6063645,2021-02-14 07:15:14,N,5588.49,11751.25,1241.5,0.0,2021-02-14 07:15:00
6063649,2021-02-14 07:20:15,N,5557.87,11796.08,1241.5,0.0,2021-02-14 07:20:00
6063651,2021-02-14 07:25:14,N,5511.94,11655.3,1241.5,0.0,2021-02-14 07:25:00
6063653,2021-02-14 07:30:16,N,5562.67,12030.77,1241.5,0.0,2021-02-14 07:30:00
6063657,2021-02-14 07:35:15,N,5565.6,11782.93,1241.5,0.0,2021-02-14 07:35:00
6063659,2021-02-14 07:40:15,N,5408.61,11213.45,1241.5,0.0,2021-02-14 07:40:00
6063661,2021-02-14 07:45:16,N,5386.64,11164.04,1097.5,0.0,2021-02-14 07:45:00
6063665,2021-02-14 07:50:17,N,5523.45,11559.37,1097.5,0.0,2021-02-14 07:50:00
6063667,2021-02-14 07:55:16,N,5496.68,11351.29,1147.48,0.0,2021-02-14 07:55:00
6063669,2021-02-14 08:00:19,N,5452.92,11366.25,1148.2,0.0,2021-02-14 08:00:00
6063677,2021-02-14 08:05:15,N,5408.48,11298.15,1148.2,0.0,2021-02-14 08:05:00
6063679,2021-02-14 08:10:16,N,5343.24,11251.04,1148.21,0.0,2021-02-14 08:10:00
6063681,2021-02-14 08:15:15,N,5304.12,11066.17,1148.33,0.0,2021-02-14 08:15:00
6063685,2021-02-14 08:20:15,N,5212.14,11094.64,1148.32,0.0,2021-02-14 08:20:00
6063687,2021-02-14 08:25:15,N,5169.36,10834.48,1148.2,0.0,2021-02-14 08:25:00
6063689,2021-02-14 08:30:15,N,5118.96,10798.61,1148.21,0.0,2021-02-14 08:30:00
6063693,2021-02-14 08:35:15,N,4992.84,10280.54,1148.21,0.0,2021-02-14 08:35:00
6063695,2021-02-14 08:40:15,N,5001.24,10229.46,1148.21,0.0,2021-02-14 08:40:00
6063697,2021-02-14 08:45:16,N,4971.89,9935.85,1148.33,0.0,2021-02-14 08:45:00
6063701,2021-02-14 08:50:16,N,4885.04,9690.83,1148.33,0.0,2021-02-14 08:50:00
6063703,2021-02-14 08:55:15,N,4815.63,9584.98,1148.31,0.0,2021-02-14 08:55:00
6063705,2021-02-14 09:00:21,N,4507.06,8821.58,1093.0,0.0,2021-02-14 09:00:00
6063713,2021-02-14 09:05:16,N,4720.08,8992.4,916.8,0.0,2021-02-14 09:05:00
6063715,2021-02-14 09:10:16,N,4534.06,8817.67,1066.2,0.0,2021-02-14 09:10:00
6063717,2021-02-14 09:15:16,N,4503.8,8793.82,1165.8,0.0,2021-02-14 09:15:00
6063721,2021-02-14 09:20:16,N,4621.66,8955.41,1165.8,0.0,2021-02-14 09:20:00
6063723,2021-02-14 09:25:15,N,4633.45,8978.05,1165.8,0.0,2021-02-14 09:25:00
6063725,2021-02-14 09:30:17,N,4559.53,8847.69,1165.8,0.0,2021-02-14 09:30:00
6063729,2021-02-14 09:35:16,N,4528.36,8840.36,1165.8,0.0,2021-02-14 09:35:00
6063731,2021-02-14 09:40:16,N,4567.77,8897.71,1165.8,0.0,2021-02-14 09:40:00
6063733,2021-02-14 09:45:16,N,4555.23,8877.35,1165.8,0.0,2021-02-14 09:45:00
6063737,2021-02-14 09:50:16,N,4503.13,8731.71,1165.8,0.0,2021-02-14 09:50:00
6063739,2021-02-14 09:55:16,N,4499.03,8629.94,1165.8,0.0,2021-02-14 09:55:00
6063741,2021-02-14 10:00:23,N,4268.02,8018.74,1285.8,0.0,2021-02-14 10:00:00
6063752,2021-02-14 10:05:18,N,4326.5,8155.78,1381.8,0.0,2021-02-14 10:05:00
6063754,2021-02-14 10:10:16,N,4267.14,8008.12,1400.8,0.0,2021-02-14 10:10:00
6063756,2021-02-14 10:15:16,N,4294.2,7950.27,1400.8,0.0,2021-02-14 10:15:00
6063760,2021-02-14 10:20:16,N,4284.03,7873.5,1400.8,0.0,2021-02-14 10:20:00
6063762,2021-02-14 10:25:16,N,4187.33,7712.32,1400.8,0.0,2021-02-14 10:25:00
6063764,2021-02-14 10:30:17,N,4195.26,7565.99,1411.8,0.0,2021-02-14 10:30:00
6063768,2021-02-14 10:35:16,N,4143.2,7474.52,1411.8,0.0,2021-02-14 10:35:00
6063770,2021-02-14 10:40:16,N,4028.56,7413.42,1411.8,0.0,2021-02-14 10:40:00
6063773,2021-02-14 10:45:17,N,4025.57,7321.11,1411.8,0.0,2021-02-14 10:45:00
6063777,2021-02-14 10:50:17,N,3989.9,7240.92,1411.8,0.0,2021-02-14 10:50:00
6063779,2021-02-14 10:55:18,N,4003.2,7221.12,1411.8,0.0,2021-02-14 10:55:00
6063781,2021-02-14 11:00:22,N,3922.7,7001.64,1371.8,0.0,2021-02-14 11:00:00
6063789,2021-02-14 11:05:16,N,3960.28,7027.07,1463.8,0.0,2021-02-14 11:05:00
6063791,2021-02-14 11:10:16,N,3944.41,7121.45,1467.8,0.0,2021-02-14 11:10:00
6063794,2021-02-14 11:15:16,N,3947.44,7211.42,1467.8,0.0,2021-02-14 11:15:00
6063798,2021-02-14 11:20:17,N,4034.65,7229.39,1264.8,0.0,2021-02-14 11:20:00
6063802,2021-02-14 11:25:15,N,4023.9,7156.16,1184.8,0.0,2021-02-14 11:25:00
6063804,2021-02-14 11:30:17,N,4002.82,7037.44,1184.8,0.0,2021-02-14 11:30:00
6063808,2021-02-14 11:35:16,N,3913.18,7017.39,1184.8,0.0,2021-02-14 11:35:00
6063810,2021-02-14 11:40:16,N,3855.29,7047.0,1180.84,0.0,2021-02-14 11:40:00
6063812,2021-02-14 11:45:29,N,3816.39,6962.77,1184.8,0.0,2021-02-14 11:45:00
6063816,2021-02-14 11:50:16,N,3717.22,6776.29,1121.8,0.0,2021-02-14 11:50:00
6063818,2021-02-14 11:55:16,N,3774.03,6747.42,1121.8,0.0,2021-02-14 11:55:00
6063820,2021-02-14 12:00:24,N,3765.6,6616.4,1121.8,0.0,2021-02-14 12:00:00
6063830,2021-02-14 12:05:16,N,3965.25,6896.45,872.8,0.0,2021-02-14 12:05:00
6063832,2021-02-14 12:10:34,N,3942.92,6998.79,875.0,0.0,2021-02-14 12:10:00
6063834,2021-02-14 12:15:16,N,3902.87,6795.97,802.8,0.0,2021-02-14 12:15:00
6063838,2021-02-14 12:20:17,N,3958.48,6842.8,802.8,0.0,2021-02-14 12:20:00
6063840,2021-02-14 12:25:17,N,4106.14,7227.84,802.8,0.0,2021-02-14 12:25:00
6063842,2021-02-14 12:30:18,N,4099.09,7391.42,802.8,0.0,2021-02-14 12:30:00
6063846,2021-02-14 12:35:17,N,4059.59,7257.21,802.8,0.0,2021-02-14 12:35:00
6063848,2021-02-14 12:40:19,N,4104.07,7362.11,753.0,0.0,2021-02-14 12:40:00
6063850,2021-02-14 12:45:18,N,4274.72,7460.1,753.0,0.0,2021-02-14 12:45:00
6063854,2021-02-14 12:50:19,N,4402.85,7695.92,753.0,0.0,2021-02-14 12:50:00
6063856,2021-02-14 12:55:19,N,4507.35,7974.5,753.0,0.0,2021-02-14 12:55:00
6063858,2021-02-14 13:00:22,N,4536.56,8226.16,753.0,0.0,2021-02-14 13:00:00
6063866,2021-02-14 13:05:19,N,4453.71,8133.97,753.0,0.0,2021-02-14 13:05:00
6063869,2021-02-14 13:10:17,N,4492.36,8254.65,809.0,0.0,2021-02-14 13:10:00
6063871,2021-02-14 13:15:17,N,4509.31,8066.39,864.94,0.0,2021-02-14 13:15:00
6063875,2021-02-14 13:20:17,N,4415.07,8066.09,864.92,0.0,2021-02-14 13:20:00
6063877,2021-02-14 13:25:17,N,4379.57,8084.82,902.03,0.0,2021-02-14 13:25:00
6063879,2021-02-14 13:30:17,N,4152.04,7637.35,890.46,0.0,2021-02-14 13:30:00
6063883,2021-02-14 13:35:19,N,4127.72,7518.83,1531.91,0.0,2021-02-14 13:35:00
6063885,2021-02-14 13:40:18,N,4136.13,7565.82,1531.89,0.0,2021-02-14 13:40:00
6063887,2021-02-14 13:45:18,N,4110.24,7364.52,971.9,0.0,2021-02-14 13:45:00
6063891,2021-02-14 13:50:19,N,4007.63,7178.15,1008.93,0.0,2021-02-14 13:50:00
6063893,2021-02-14 13:55:19,N,4208.21,7574.78,865.97,0.0,2021-02-14 13:55:00
6063895,2021-02-14 14:00:22,N,4186.57,7780.16,846.91,0.0,2021-02-14 14:00:00
6063903,2021-02-14 14:05:16,N,4265.29,7695.65,947.05,0.0,2021-02-14 14:05:00
6063905,2021-02-14 14:10:18,N,4284.33,7740.34,947.19,0.0,2021-02-14 14:10:00
6063907,2021-02-14 14:15:18,N,4224.06,7825.52,947.1,0.0,2021-02-14 14:15:00
6063911,2021-02-14 14:20:17,N,4228.29,7918.6,898.97,0.0,2021-02-14 14:20:00
6063913,2021-02-14 14:25:18,N,4147.41,7638.05,968.98,0.0,2021-02-14 14:25:00
6063915,2021-02-14 14:30:17,N,4170.48,7653.47,968.96,0.0,2021-02-14 14:30:00
6063919,2021-02-14 14:35:18,N,4205.66,7670.8,969.14,0.0,2021-02-14 14:35:00
6063921,2021-02-14 14:40:17,N,4073.11,7378.71,969.34,0.0,2021-02-14 14:40:00
6063923,2021-02-14 14:45:18,N,3881.98,7047.54,969.24,0.0,2021-02-14 14:45:00
6063927,2021-02-14 14:50:18,N,4069.06,7121.95,969.16,0.0,2021-02-14 14:50:00
6063929,2021-02-14 14:55:19,N,4093.36,7225.32,988.05,0.0,2021-02-14 14:55:00
6063931,2021-02-14 15:00:21,N,4006.66,7019.84,988.07,0.0,2021-02-14 15:00:00
6063939,2021-02-14 15:05:19,N,4099.62,7213.8,988.21,0.0,2021-02-14 15:05:00
6063941,2021-02-14 15:10:17,N,4076.31,7445.43,988.33,0.0,2021-02-14 15:10:00
6063943,2021-02-14 15:15:17,N,4178.84,7480.93,988.31,0.0,2021-02-14 15:15:00
6063947,2021-02-14 15:20:17,N,4234.86,7632.48,988.27,0.0,2021-02-14 15:20:00
6063949,2021-02-14 15:25:19,N,4218.39,7555.73,988.47,0.0,2021-02-14 15:25:00
6063951,2021-02-14 15:30:19,N,4220.01,7649.84,988.48,0.0,2021-02-14 15:30:00
6063955,2021-02-14 15:35:18,N,4256.7,7626.38,951.35,0.0,2021-02-14 15:35:00
6063957,2021-02-14 15:40:17,N,4124.24,7476.65,951.31,0.0,2021-02-14 15:40:00
6063959,2021-02-14 15:45:19,N,4131.56,7392.19,951.36,0.0,2021-02-14 15:45:00
6063963,2021-02-14 15:50:20,N,4283.3,7564.96,951.48,0.0,2021-02-14 15:50:00
6063965,2021-02-14 15:55:19,N,4275.37,7640.51,914.36,0.0,2021-02-14 15:55:00
6063967,2021-02-14 16:00:21,N,4289.28,7691.26,844.2,0.0,2021-02-14 16:00:00
6063975,2021-02-14 16:05:17,N,4235.85,7452.06,844.22,0.0,2021-02-14 16:05:00
6063981,2021-02-14 16:10:17,N,4260.03,7434.81,844.48,0.0,2021-02-14 16:10:00
6063983,2021-02-14 16:15:17,N,4205.02,7454.31,844.37,0.0,2021-02-14 16:15:00
6063987,2021-02-14 16:20:16,N,4159.31,7241.35,748.42,0.0,2021-02-14 16:20:00
6063989,2021-02-14 16:25:17,N,4136.98,7132.3,748.34,0.0,2021-02-14 16:25:00
6063991,2021-02-14 16:30:19,N,4157.25,6966.98,648.06,0.0,2021-02-14 16:30:00
6063995,2021-02-14 16:35:18,N,4094.14,6796.79,647.99,0.0,2021-02-14 16:35:00
6063997,2021-02-14 16:40:17,N,4069.74,6657.98,578.07,0.0,2021-02-14 16:40:00
6063999,2021-02-14 16:45:19,N,3880.93,6352.37,578.13,0.0,2021-02-14 16:45:00
6064003,2021-02-14 16:50:18,N,3870.07,6228.99,578.08,0.0,2021-02-14 16:50:00
6064005,2021-02-14 16:55:18,N,3929.51,6138.68,578.07,0.0,2021-02-14 16:55:00
6064007,2021-02-14 17:00:23,N,3850.31,6231.75,816.79,0.0,2021-02-14 17:00:00
6064015,2021-02-14 17:05:20,N,3906.26,6751.47,572.21,0.0,2021-02-14 17:05:00
6064017,2021-02-14 17:10:20,N,3955.78,6740.65,324.09,0.0,2021-02-14 17:10:00
6064019,2021-02-14 17:15:18,N,3923.53,6496.82,324.08,0.0,2021-02-14 17:15:00
6064023,2021-02-14 17:20:18,N,4009.82,6731.25,324.08,0.0,2021-02-14 17:20:00
6064025,2021-02-14 17:25:17,N,3952.74,6594.31,324.08,0.0,2021-02-14 17:25:00
6064027,2021-02-14 17:30:18,N,3772.14,6238.27,457.22,0.0,2021-02-14 17:30:00
6064031,2021-02-14 17:35:19,N,3630.15,5659.21,410.19,0.0,2021-02-14 17:35:00
6064033,2021-02-14 17:40:20,N,3759.3,5543.17,410.15,0.0,2021-02-14 17:40:00
6064035,2021-02-14 17:45:19,N,3752.01,5383.74,324.09,0.0,2021-02-14 17:45:00
6064039,2021-02-14 17:50:17,N,3606.97,4923.18,324.1,0.0,2021-02-14 17:50:00
6064041,2021-02-14 17:55:18,N,3770.36,5011.26,248.99,0.0,2021-02-14 17:55:00
6064043,2021-02-14 18:00:22,N,3940.62,5600.42,193.0,0.0,2021-02-14 18:00:00
6064051,2021-02-14 18:05:20,N,4095.99,6052.82,193.0,0.0,2021-02-14 18:05:00
6064053,2021-02-14 18:10:20,N,3914.47,6175.91,193.0,0.0,2021-02-14 18:10:00
6064055,2021-02-14 18:15:20,N,3755.54,5954.17,265.0,0.0,2021-02-14 18:15:00
6064059,2021-02-14 18:20:17,N,3762.49,5967.4,193.0,0.0,2021-02-14 18:20:00
6064061,2021-02-14 18:25:18,N,3747.95,5753.04,193.0,0.0,2021-02-14 18:25:00
6064063,2021-02-14 18:30:20,N,3734.68,5640.0,193.0,0.0,2021-02-14 18:30:00
6064067,2021-02-14 18:35:21,N,3558.68,5197.99,193.0,0.0,2021-02-14 18:35:00
6064069,2021-02-14 18:40:21,N,3660.35,5293.81,395.0,0.0,2021-02-14 18:40:00
6064071,2021-02-14 18:45:20,N,3571.11,5125.32,395.0,0.0,2021-02-14 18:45:00
6064075,2021-02-14 18:50:20,N,3582.32,5219.5,193.0,0.0,2021-02-14 18:50:00
6064077,2021-02-14 18:55:21,N,3656.58,5161.79,193.0,0.0,2021-02-14 18:55:00
6064079,2021-02-14 19:00:26,N,3673.84,4867.12,193.0,0.0,2021-02-14 19:00:00
6064087,2021-02-14 19:05:21,N,3691.56,4909.73,238.0,0.0,2021-02-14 19:05:00
6064089,2021-02-14 19:10:20,N,3563.55,4737.45,281.0,0.0,2021-02-14 19:10:00
6064091,2021-02-14 19:15:21,N,3746.28,4980.19,371.0,0.0,2021-02-14 19:15:00
6064095,2021-02-14 19:20:21,N,3798.28,5268.39,371.0,0.0,2021-02-14 19:20:00
6064097,2021-02-14 19:25:18,N,3827.01,5399.47,371.0,0.0,2021-02-14 19:25:00
6064099,2021-02-14 19:30:21,N,3774.94,5304.4,371.0,0.0,2021-02-14 19:30:00
6064103,2021-02-14 19:35:21,N,3745.81,5378.74,371.0,0.0,2021-02-14 19:35:00
6064105,2021-02-14 19:40:20,N,3734.58,5434.37,371.0,0.0,2021-02-14 19:40:00
6064107,2021-02-14 19:45:19,N,3793.78,5328.25,371.0,0.0,2021-02-14 19:45:00
6064111,2021-02-14 19:50:21,N,3576.85,4580.57,371.0,0.0,2021-02-14 19:50:00
6064113,2021-02-14 19:55:21,N,3600.1,4348.13,380.9,0.0,2021-02-14 19:55:00
6064115,2021-02-14 20:00:23,N,3646.35,4427.71,380.9,0.0,2021-02-14 20:00:00
6064123,2021-02-14 20:05:18,N,3759.73,4723.15,380.9,0.0,2021-02-14 20:05:00
6064125,2021-02-14 20:10:18,N,3789.05,4800.36,380.9,0.0,2021-02-14 20:10:00
6064127,2021-02-14 20:15:21,N,3733.5,4585.32,335.9,0.0,2021-02-14 20:15:00
6064131,2021-02-14 20:20:20,N,3767.77,4718.18,354.9,0.0,2021-02-14 20:20:00
6064133,2021-02-14 20:25:19,N,3752.72,4822.47,354.9,0.0,2021-02-14 20:25:00
6064135,2021-02-14 20:30:20,N,3659.49,4612.69,354.9,0.0,2021-02-14 20:30:00
6064139,2021-02-14 20:35:19,N,3639.67,4577.1,354.9,0.0,2021-02-14 20:35:00
6064141,2021-02-14 20:40:20,N,3647.69,4556.53,354.9,0.0,2021-02-14 20:40:00
6064143,2021-02-14 20:45:20,N,3681.58,4747.69,354.9,0.0,2021-02-14 20:45:00
6064147,2021-02-14 20:50:20,N,3875.99,5033.94,354.9,0.0,2021-02-14 20:50:00
6064149,2021-02-14 20:55:21,N,3884.99,5027.23,405.9,0.0,2021-02-14 20:55:00
6064151,2021-02-14 21:00:23,N,3521.24,4630.95,512.9,0.0,2021-02-14 21:00:00
6064159,2021-02-14 21:05:21,N,3546.39,4634.62,512.9,0.0,2021-02-14 21:05:00
6064161,2021-02-14 21:10:19,N,3726.19,5106.76,512.9,0.0,2021-02-14 21:10:00
6064163,2021-02-14 21:15:19,N,3704.75,4972.64,512.9,0.0,2021-02-14 21:15:00
6064167,2021-02-14 21:20:20,N,3662.36,4894.49,512.9,0.0,2021-02-14 21:20:00
6064169,2021-02-14 21:25:19,N,3587.81,4699.54,512.9,0.0,2021-02-14 21:25:00
6064171,2021-02-14 21:30:20,N,3727.93,4943.2,512.9,0.0,2021-02-14 21:30:00
6064175,2021-02-14 21:35:21,N,3674.75,5022.06,649.9,0.0,2021-02-14 21:35:00
6064177,2021-02-14 21:40:21,N,3677.42,5025.16,649.9,0.0,2021-02-14 21:40:00
6064179,2021-02-14 21:45:17,N,3675.05,5120.72,649.9,0.0,2021-02-14 21:45:00
6064183,2021-02-14 21:50:18,N,3658.16,4915.4,606.9,0.0,2021-02-14 21:50:00
6064185,2021-02-14 21:55:19,N,3750.62,5096.52,606.9,0.0,2021-02-14 21:55:00
6064187,2021-02-14 22:00:23,N,3780.44,5274.42,606.9,0.0,2021-02-14 22:00:00
6064195,2021-02-14 22:05:19,N,3756.83,5256.35,606.9,0.0,2021-02-14 22:05:00
6064197,2021-02-14 22:10:19,N,3722.7,5017.74,606.9,0.0,2021-02-14 22:10:00
6064199,2021-02-14 22:15:20,N,3676.54,4921.75,606.9,0.0,2021-02-14 22:15:00
6064203,2021-02-14 22:20:18,N,3652.95,4830.95,606.9,0.0,2021-02-14 22:20:00
6064205,2021-02-14 22:25:16,N,3477.99,4644.37,673.61,0.0,2021-02-14 22:25:00
6064207,2021-02-14 22:25:53,N,3466.09,4628.81,673.61,0.0,2021-02-14 22:25:00
6064208,2021-02-14 22:27:04,N,3484.7,4572.61,785.42,0.0,2021-02-14 22:25:00
6064209,2021-02-14 22:30:18,N,3466.68,4303.3,775.52,0.0,2021-02-14 22:30:00
6064213,2021-02-14 22:32:52,N,3448.56,4356.93,775.52,0.0,2021-02-14 22:30:00
6064214,2021-02-14 22:35:20,N,3395.85,4271.61,730.52,0.0,2021-02-14 22:35:00
6064216,2021-02-14 22:37:34,N,3407.32,4227.29,730.52,0.0,2021-02-14 22:35:00
6064217,2021-02-14 22:40:17,N,3403.18,4252.88,730.52,0.0,2021-02-14 22:40:00
6064219,2021-02-14 22:43:26,N,3404.02,4228.61,730.52,0.0,2021-02-14 22:40:00
6064220,2021-02-14 22:45:18,N,3415.88,4225.32,730.52,0.0,2021-02-14 22:45:00
6064224,2021-02-14 22:47:23,N,3301.49,4004.7,694.13,0.0,2021-02-14 22:45:00
6064225,2021-02-14 22:50:18,N,3346.93,4078.52,694.1,0.0,2021-02-14 22:50:00
6064227,2021-02-14 22:55:18,N,3444.24,4488.26,535.69,0.0,2021-02-14 22:55:00
6064229,2021-02-14 23:00:21,N,3369.62,4368.03,433.77,0.0,2021-02-14 23:00:00
6064237,2021-02-14 23:03:37,N,3413.82,4514.91,265.85,0.0,2021-02-14 23:00:00
6064238,2021-02-14 23:05:16,N,3291.66,4308.96,265.83,0.0,2021-02-14 23:05:00
6064240,2021-02-14 23:08:08,N,3333.97,4192.3,311.83,0.0,2021-02-14 23:05:00
6064241,2021-02-14 23:10:18,N,3310.62,4274.44,311.83,0.0,2021-02-14 23:10:00
6064243,2021-02-14 23:15:18,N,3362.32,4098.66,311.83,0.0,2021-02-14 23:15:00
6064247,2021-02-14 23:16:48,N,3371.91,4063.92,311.81,0.0,2021-02-14 23:15:00
6064249,2021-02-14 23:20:17,N,3279.51,3979.97,222.81,0.0,2021-02-14 23:20:00
6064251,2021-02-14 23:23:17,N,3152.84,3844.93,222.79,0.0,2021-02-14 23:20:00
6064252,2021-02-14 23:25:18,N,3125.09,3828.26,190.79,0.0,2021-02-14 23:25:00
6064254,2021-02-14 23:28:31,N,2878.76,3631.22,127.79,0.0,2021-02-14 23:25:00
6064255,2021-02-14 23:30:17,N,2882.26,3617.59,127.79,0.0,2021-02-14 23:30:00
6064259,2021-02-14 23:35:17,N,2713.48,3458.77,127.77,0.0,2021-02-14 23:35:00
6064262,2021-02-14 23:37:45,N,2686.56,3419.25,127.77,0.0,2021-02-14 23:35:00
6064263,2021-02-14 23:40:19,N,2613.23,3239.64,127.77,0.0,2021-02-14 23:40:00
6064265,2021-02-14 23:42:55,N,2484.94,3618.42,127.77,0.0,2021-02-14 23:40:00
6064266,2021-02-14 23:45:18,N,2533.45,3774.35,127.77,0.0,2021-02-14 23:45:00
6064270,2021-02-14 23:50:19,N,2730.78,3945.89,127.77,0.0,2021-02-14 23:50:00
6064272,2021-02-14 23:55:20,N,2695.64,3890.72,127.77,0.0,2021-02-14 23:55:00
6064274,2021-02-14 23:58:40,N,2702.67,3902.01,127.75,0.0,2021-02-14 23:55:00
6064275,2021-02-15 00:00:26,N,2661.29,3575.15,81.75,0.0,2021-02-15 00:00:00
6064283,2021-02-15 00:03:08,N,2550.55,3433.42,81.75,0.0,2021-02-15 00:00:00
6064285,2021-02-15 00:05:20,N,2532.27,3381.06,81.73,0.0,2021-02-15 00:05:00
6064287,2021-02-15 00:06:54,N,2456.31,3269.6,81.73,0.0,2021-02-15 00:05:00
6064288,2021-02-15 00:10:21,N,2332.01,3173.65,81.73,0.0,2021-02-15 00:10:00
6064290,2021-02-15 00:12:41,N,2083.31,2661.5,0.0,0.0,2021-02-15 00:10:00
6064291,2021-02-15 00:15:18,N,2099.61,2608.06,0.0,0.0,2021-02-15 00:15:00
6064295,2021-02-15 00:20:25,N,2165.57,2909.06,0.0,0.0,2021-02-15 00:20:00
6064297,2021-02-15 00:25:22,N,2105.02,2753.07,0.0,0.0,2021-02-15 00:25:00
6064299,2021-02-15 00:30:25,N,2099.26,2719.35,0.0,0.0,2021-02-15 00:30:00
6064303,2021-02-15 00:35:29,N,2107.41,2809.69,0.0,0.0,2021-02-15 00:35:00
6064306,2021-02-15 00:40:25,N,2127.64,2772.86,0.0,0.0,2021-02-15 00:40:00
6064308,2021-02-15 00:45:25,N,2065.99,2490.03,0.0,0.0,2021-02-15 00:45:00
6064312,2021-02-15 00:50:24,N,2075.87,2579.94,0.0,0.0,2021-02-15 00:50:00
6064314,2021-02-15 00:55:29,N,1903.31,1950.85,0.0,0.0,2021-02-15 00:55:00
6064316,2021-02-15 01:00:33,N,1781.46,1837.98,0.0,0.0,2021-02-15 01:00:00
6064325,2021-02-15 01:05:26,N,1769.11,1577.36,0.0,0.0,2021-02-15 01:05:00
6064327,2021-02-15 01:10:26,N,1687.35,1222.26,0.0,0.0,2021-02-15 01:10:00
6064330,2021-02-15 01:15:24,N,1279.01,545.58,0.0,0.0,2021-02-15 01:15:00
6064334,2021-02-15 01:20:24,N,1191.91,1106.34,0.0,0.0,2021-02-15 01:20:00
6064336,2021-02-15 01:25:23,N,1028.8,709.43,0.0,0.0,2021-02-15 01:25:00
6064338,2021-02-15 01:30:26,N,1486.74,1608.19,0.0,0.0,2021-02-15 01:30:00
6064344,2021-02-15 01:35:24,N,1582.63,2355.43,0.0,992.6084,2021-02-15 01:35:00
6064347,2021-02-15 01:40:23,N,1279.46,2041.71,0.0,1194.728,2021-02-15 01:40:00
6064349,2021-02-15 01:45:24,N,1104.47,1306.23,0.0,0.0,2021-02-15 01:45:00
6064353,2021-02-15 01:46:05,N,1346.31,1605.03,0.0,0.0,2021-02-15 01:45:00
6064354,2021-02-15 01:50:25,N,1308.18,1595.29,0.0,0.0,2021-02-15 01:50:00
6064356,2021-02-15 01:55:25,N,917.81,1840.21,0.0,0.0,2021-02-15 01:55:00
6064359,2021-02-15 02:00:32,N,1486.17,2103.21,0.0,183.6841,2021-02-15 02:00:00
6064367,2021-02-15 02:04:06,N,1926.3,2981.67,0.0,0.0,2021-02-15 02:00:00
6064368,2021-02-15 02:04:42,N,2105.94,3210.99,0.0,0.0,2021-02-15 02:00:00
6064369,2021-02-15 02:05:24,N,2068.88,2840.43,0.0,9.1866,2021-02-15 02:05:00
6064373,2021-02-15 02:10:27,N,2812.68,3951.55,126.9,67.9019,2021-02-15 02:10:00
6064375,2021-02-15 02:15:22,N,2818.01,4282.85,26.9,1030.9888,2021-02-15 02:15:00
6064380,2021-02-15 02:20:25,N,2708.85,3840.11,26.9,389.2263,2021-02-15 02:20:00
6064382,2021-02-15 02:25:24,N,3357.44,4781.45,26.9,1769.4877,2021-02-15 02:25:00
6064384,2021-02-15 02:30:22,N,3226.79,4861.79,26.9,1810.3336,2021-02-15 02:30:00
6064388,2021-02-15 02:35:21,N,3019.73,4793.83,26.9,1785.8834,2021-02-15 02:35:00
6064391,2021-02-15 02:40:23,N,2916.75,4556.26,26.9,332.7295,2021-02-15 02:40:00
6064393,2021-02-15 02:45:22,N,2769.53,4722.98,26.9,109.3596,2021-02-15 02:45:00
6064397,2021-02-15 02:50:22,N,2670.36,4440.69,26.9,26.1252,2021-02-15 02:50:00
6064399,2021-02-15 02:53:49,N,2474.7,3793.35,26.9,0.0,2021-02-15 02:50:00
6064400,2021-02-15 02:55:21,N,2505.36,3790.64,26.9,119.6021,2021-02-15 02:55:00
6064403,2021-02-15 03:00:28,N,2631.38,3778.6,26.9,1291.7864,2021-02-15 03:00:00
6064411,2021-02-15 03:05:23,N,2627.98,3607.88,77.9,1248.6263,2021-02-15 03:05:00
6064413,2021-02-15 03:10:22,N,2661.22,3732.43,26.9,1913.52,2021-02-15 03:10:00
6064415,2021-02-15 03:15:22,N,2674.68,3823.63,26.9,547.2178,2021-02-15 03:15:00
6064419,2021-02-15 03:20:21,N,2720.55,3825.51,26.9,1343.2166,2021-02-15 03:20:00
6064421,2021-02-15 03:25:21,N,2672.95,3888.07,25.01,1957.1057,2021-02-15 03:25:00
6064423,2021-02-15 03:30:22,N,2665.32,3674.85,26.1,3780.8516,2021-02-15 03:30:00
6064427,2021-02-15 03:35:22,N,2572.26,3572.79,26.1,1711.2861,2021-02-15 03:35:00
6064430,2021-02-15 03:40:23,N,2588.18,3427.47,26.1,84.0362,2021-02-15 03:40:00
6064432,2021-02-15 03:42:38,N,2536.08,3468.87,26.08,0.0,2021-02-15 03:40:00
6064433,2021-02-15 03:43:56,N,2553.56,3365.04,26.08,82.1985,2021-02-15 03:40:00
6064434,2021-02-15 03:45:27,N,2550.97,3326.74,26.08,1276.9637,2021-02-15 03:45:00
6064438,2021-02-15 03:50:26,N,2373.38,3194.25,26.05,1212.4482,2021-02-15 03:50:00
6064440,2021-02-15 03:55:22,N,2127.58,2721.82,0.0,62.1518,2021-02-15 03:55:00
6064442,2021-02-15 04:00:30,N,1876.72,2508.97,0.0,0.0,2021-02-15 04:00:00
6064451,2021-02-15 04:05:24,N,1678.03,2299.63,0.0,0.0,2021-02-15 04:05:00
6064453,2021-02-15 04:10:25,N,1626.54,2116.23,0.0,0.0,2021-02-15 04:10:00
6064455,2021-02-15 04:15:24,N,1530.75,2075.51,0.0,0.0,2021-02-15 04:15:00
6064460,2021-02-15 04:20:25,N,1456.84,2005.79,0.0,0.0,2021-02-15 04:20:00
6064464,2021-02-15 04:25:24,N,1234.58,1719.16,0.0,0.0,2021-02-15 04:25:00
6064467,2021-02-15 04:30:24,N,1089.13,1242.41,0.0,0.0,2021-02-15 04:30:00
6064471,2021-02-15 04:35:23,N,882.63,1041.32,0.0,0.0,2021-02-15 04:35:00
6064474,2021-02-15 04:38:58,N,1021.75,1220.35,0.0,0.0,2021-02-15 04:35:00
6064475,2021-02-15 04:40:23,N,1078.36,1326.92,0.0,0.0,2021-02-15 04:40:00
6064477,2021-02-15 04:44:23,N,1052.51,1175.08,0.0,0.0,2021-02-15 04:40:00
6064479,2021-02-15 04:45:25,N,1086.72,1223.43,0.0,0.0,2021-02-15 04:45:00
6064483,2021-02-15 04:50:25,N,1243.5,1510.95,0.0,0.0,2021-02-15 04:50:00
6064485,2021-02-15 04:52:51,N,1303.55,1582.97,0.0,0.0,2021-02-15 04:50:00
6064486,2021-02-15 04:55:23,N,1276.57,1377.56,0.0,0.0,2021-02-15 04:55:00
6064488,2021-02-15 04:56:19,N,1170.41,1116.07,0.0,0.0,2021-02-15 04:55:00
6064489,2021-02-15 04:57:36,N,1123.0,1137.75,0.0,0.0,2021-02-15 04:55:00
6064490,2021-02-15 05:00:31,N,963.11,975.98,0.0,0.0,2021-02-15 05:00:00
6064498,2021-02-15 05:03:14,N,1003.63,1104.18,0.0,0.0,2021-02-15 05:00:00
6064500,2021-02-15 05:05:27,N,1063.99,1197.7,0.0,0.0,2021-02-15 05:05:00
6064503,2021-02-15 05:10:24,N,895.71,912.46,0.0,0.0,2021-02-15 05:10:00
6064505,2021-02-15 05:12:53,N,834.73,824.17,0.0,0.0,2021-02-15 05:10:00
6064506,2021-02-15 05:15:24,N,1006.8,1045.22,0.0,0.0,2021-02-15 05:15:00
6064510,2021-02-15 05:18:09,N,1246.0,1546.03,0.0,0.0,2021-02-15 05:15:00
6064511,2021-02-15 05:20:25,N,1437.53,1797.46,0.0,0.0,2021-02-15 05:20:00
6064514,2021-02-15 05:25:23,N,1644.87,2608.28,0.0,743.9602,2021-02-15 05:25:00
6064516,2021-02-15 05:28:31,N,1155.65,1789.94,0.0,0.0,2021-02-15 05:25:00
6064517,2021-02-15 05:30:25,N,1378.28,2111.79,0.0,1519.1187,2021-02-15 05:30:00
6064521,2021-02-15 05:32:13,N,1520.94,2414.9,0.0,0.0,2021-02-15 05:30:00
6064522,2021-02-15 05:35:23,N,1686.45,2701.94,0.0,0.0,2021-02-15 05:35:00
6064525,2021-02-15 05:40:21,N,1960.64,3139.61,0.0,3293.752,2021-02-15 05:40:00
6064527,2021-02-15 05:43:19,N,1640.53,2594.85,0.0,0.0,2021-02-15 05:40:00
6064528,2021-02-15 05:45:19,N,1469.21,2309.11,0.0,0.0,2021-02-15 05:45:00
6064532,2021-02-15 05:50:20,N,1480.24,2244.05,0.0,0.0,2021-02-15 05:50:00
6064534,2021-02-15 05:55:20,N,1317.14,2031.97,0.0,0.0,2021-02-15 05:55:00
6064537,2021-02-15 06:00:28,N,1789.92,2744.84,0.0,0.0,2021-02-15 06:00:00
6064545,2021-02-15 06:05:21,N,1621.6,2549.56,0.0,0.0,2021-02-15 06:05:00
6064548,2021-02-15 06:10:23,N,1698.0,2682.61,0.0,0.0,2021-02-15 06:10:00
6064550,2021-02-15 06:13:37,N,1772.67,2595.18,0.0,0.0,2021-02-15 06:10:00
6064551,2021-02-15 06:15:20,N,1629.15,2359.64,0.0,0.0,2021-02-15 06:15:00
6064555,2021-02-15 06:20:21,N,1581.46,1947.26,0.0,0.0,2021-02-15 06:20:00
6064557,2021-02-15 06:25:21,N,1299.65,1664.5,0.0,0.0,2021-02-15 06:25:00
6064559,2021-02-15 06:30:20,N,941.01,892.01,0.0,0.0,2021-02-15 06:30:00
6064563,2021-02-15 06:35:22,N,1065.26,1304.27,0.0,0.0,2021-02-15 06:35:00
6064566,2021-02-15 06:40:21,N,1124.25,1715.63,0.0,0.0,2021-02-15 06:40:00
6064568,2021-02-15 06:45:22,N,1432.66,1948.28,0.0,0.0,2021-02-15 06:45:00
6064572,2021-02-15 06:50:19,N,1375.92,1991.56,0.0,0.0,2021-02-15 06:50:00
6064574,2021-02-15 06:55:21,N,1324.03,1773.91,0.0,0.0,2021-02-15 06:55:00
6064576,2021-02-15 07:00:27,N,1319.52,1654.88,0.0,0.0,2021-02-15 07:00:00
6064585,2021-02-15 07:05:22,N,1235.7,1412.54,0.0,0.0,2021-02-15 07:05:00
6064588,2021-02-15 07:10:21,N,1447.67,1978.37,0.0,0.0,2021-02-15 07:10:00
6064590,2021-02-15 07:15:23,N,1481.78,1911.3,0.0,0.0,2021-02-15 07:15:00
6064594,2021-02-15 07:20:20,N,1506.11,2051.97,0.0,0.0,2021-02-15 07:20:00
6064596,2021-02-15 07:25:20,N,1638.65,2159.19,0.0,972.3667,2021-02-15 07:25:00
6064598,2021-02-15 07:30:22,N,1234.32,1311.53,0.0,0.0,2021-02-15 07:30:00
6064602,2021-02-15 07:32:01,N,1221.12,1278.96,0.0,0.0,2021-02-15 07:30:00
6064603,2021-02-15 07:35:22,N,1119.55,1108.81,0.0,0.0,2021-02-15 07:35:00
6064606,2021-02-15 07:36:24,N,1163.93,1171.94,0.0,0.0,2021-02-15 07:35:00
6064607,2021-02-15 07:40:20,N,1174.84,1077.92,0.0,0.0,2021-02-15 07:40:00
6064609,2021-02-15 07:41:55,N,1073.3,960.88,0.0,0.0,2021-02-15 07:40:00
6064610,2021-02-15 07:45:21,N,987.62,1000.97,0.0,0.0,2021-02-15 07:45:00
6064614,2021-02-15 07:50:21,N,888.22,1125.53,0.0,0.0,2021-02-15 07:50:00
6064616,2021-02-15 07:55:24,N,1035.01,1155.23,0.0,0.0,2021-02-15 07:55:00
6064618,2021-02-15 07:56:27,N,1063.47,1115.19,0.0,0.0,2021-02-15 07:55:00
6064619,2021-02-15 08:00:26,N,1055.22,1132.6,0.0,0.0,2021-02-15 08:00:00
6064628,2021-02-15 08:05:20,N,1295.81,1436.29,0.0,0.0,2021-02-15 08:05:00
6064631,2021-02-15 08:10:22,N,1507.1,2040.92,0.0,1378.3313,2021-02-15 08:10:00
6064633,2021-02-15 08:15:21,N,1703.44,2288.75,0.0,1945.3728,2021-02-15 08:15:00
6064637,2021-02-15 08:20:22,N,1883.61,2428.23,0.0,2185.9888,2021-02-15 08:20:00
6064639,2021-02-15 08:25:20,N,1830.05,2518.57,0.0,2426.5703,2021-02-15 08:25:00
6064641,2021-02-15 08:30:21,N,1685.24,2393.29,0.0,2161.2825,2021-02-15 08:30:00
6064645,2021-02-15 08:35:20,N,1486.74,2166.5,0.0,1608.5769,2021-02-15 08:35:00
6064648,2021-02-15 08:40:21,N,1484.21,1987.69,0.0,0.0002,2021-02-15 08:40:00
6064650,2021-02-15 08:45:20,N,1535.37,2052.66,0.0,1708.4375,2021-02-15 08:45:00
6064654,2021-02-15 08:50:21,N,1685.81,2323.0,0.0,2613.283,2021-02-15 08:50:00
6064656,2021-02-15 08:55:22,N,1614.92,2079.98,0.0,1905.7749,2021-02-15 08:55:00
6064658,2021-02-15 08:56:19,N,1554.68,1967.17,0.0,0.0,2021-02-15 08:55:00
6064659,2021-02-15 09:00:26,N,1511.47,1950.14,0.0,0.0,2021-02-15 09:00:00
6064668,2021-02-15 09:05:22,N,1513.54,1985.61,0.0,0.0,2021-02-15 09:05:00
6064671,2021-02-15 09:10:20,N,1774.15,2439.18,0.0,2860.469,2021-02-15 09:10:00
6064673,2021-02-15 09:15:20,N,1696.2,2216.22,0.0,1993.5879,2021-02-15 09:15:00
6064677,2021-02-15 09:20:20,N,1695.82,2367.25,0.0,2325.8027,2021-02-15 09:20:00
6064679,2021-02-15 09:25:20,N,1719.06,2617.74,0.0,2622.6245,2021-02-15 09:25:00
6064681,2021-02-15 09:30:21,N,1792.32,2677.48,0.0,3130.5261,2021-02-15 09:30:00
6064685,2021-02-15 09:35:21,N,1938.48,2907.5,0.0,4111.4873,2021-02-15 09:35:00
6064688,2021-02-15 09:40:21,N,2080.25,3251.0,0.0,2042.1068,2021-02-15 09:40:00
6064690,2021-02-15 09:45:22,N,2074.9,2982.93,0.0,2087.8474,2021-02-15 09:45:00
6064694,2021-02-15 09:50:22,N,1911.33,2672.88,0.0,3457.0725,2021-02-15 09:50:00
6064696,2021-02-15 09:55:20,N,1759.79,2546.11,0.0,3070.8899,2021-02-15 09:55:00
6064698,2021-02-15 10:00:28,N,1854.9,2958.88,0.0,4153.6367,2021-02-15 10:00:00
6064710,2021-02-15 10:05:21,N,2128.81,3283.95,0.0,2449.0898,2021-02-15 10:05:00
6064713,2021-02-15 10:08:47,N,2188.73,3388.99,0.0,2330.4556,2021-02-15 10:05:00
6064714,2021-02-15 10:10:20,N,2210.53,3484.24,0.0,2352.2527,2021-02-15 10:10:00
6064716,2021-02-15 10:15:20,N,2096.16,3356.38,0.0,2401.2876,2021-02-15 10:15:00
6064720,2021-02-15 10:20:20,N,2118.43,3266.32,0.0,3111.7227,2021-02-15 10:20:00
6064722,2021-02-15 10:25:20,N,2056.1,3021.6,0.0,3909.9888,2021-02-15 10:25:00
6064724,2021-02-15 10:30:26,N,2205.55,3306.19,0.0,3197.7783,2021-02-15 10:30:00
6064729,2021-02-15 10:35:20,N,2228.83,3850.15,0.0,1127.6768,2021-02-15 10:35:00
6064731,2021-02-15 10:40:20,N,2204.63,3746.92,0.0,1039.9178,2021-02-15 10:40:00
6064733,2021-02-15 10:45:20,N,2285.99,4070.9,0.0,414.724,2021-02-15 10:45:00
6064737,2021-02-15 10:46:21,N,2237.17,4076.67,0.0,444.1007,2021-02-15 10:45:00
6064738,2021-02-15 10:50:21,N,2243.59,4166.97,0.0,410.5951,2021-02-15 10:50:00
6064740,2021-02-15 10:51:59,N,2169.83,3991.76,0.0,499.3403,2021-02-15 10:50:00
6064741,2021-02-15 10:55:20,N,2175.05,3807.43,0.0,1276.1467,2021-02-15 10:55:00
6064743,2021-02-15 11:00:32,N,2354.97,4043.41,73.06,377.2598,2021-02-15 11:00:00
6064751,2021-02-15 11:02:32,N,2396.67,4116.55,73.06,415.8752,2021-02-15 11:00:00
6064753,2021-02-15 11:05:21,N,2491.82,4273.28,73.06,377.931,2021-02-15 11:05:00
6064756,2021-02-15 11:10:21,N,2444.09,4554.37,73.06,489.0205,2021-02-15 11:10:00
6064758,2021-02-15 11:11:31,N,2396.41,4303.74,72.4,409.2637,2021-02-15 11:10:00
6064760,2021-02-15 11:15:21,N,2373.68,4104.33,76.28,378.2163,2021-02-15 11:15:00
6064765,2021-02-15 11:20:21,N,2326.41,4122.7,28.39,346.89,2021-02-15 11:20:00
6064767,2021-02-15 11:23:07,N,2401.81,4242.04,28.19,327.3818,2021-02-15 11:20:00
6064768,2021-02-15 11:25:20,N,2440.32,4332.98,28.43,370.77,2021-02-15 11:25:00
6064772,2021-02-15 11:28:53,N,2443.89,4412.71,28.4,313.7238,2021-02-15 11:25:00
6064773,2021-02-15 11:30:23,N,2451.85,4343.55,28.51,361.3522,2021-02-15 11:30:00
6064777,2021-02-15 11:35:19,N,2353.26,4280.54,25.06,329.793,2021-02-15 11:35:00
6064780,2021-02-15 11:40:19,N,2536.77,4798.42,25.06,236.0883,2021-02-15 11:40:00
6064782,2021-02-15 11:45:20,N,2539.13,4888.43,25.06,162.2614,2021-02-15 11:45:00
6064786,2021-02-15 11:50:21,N,2645.03,5116.97,65.06,218.6102,2021-02-15 11:50:00
6064788,2021-02-15 11:55:23,N,2456.06,4538.32,65.06,230.6134,2021-02-15 11:55:00
6064790,2021-02-15 11:56:55,N,2513.07,4633.1,65.06,223.6838,2021-02-15 11:55:00
6064791,2021-02-15 11:57:55,N,2504.41,4788.67,65.06,200.563,2021-02-15 11:55:00
6064793,2021-02-15 12:00:33,N,2641.63,4938.34,65.06,219.9429,2021-02-15 12:00:00
6064801,2021-02-15 12:05:22,N,2764.15,4794.11,65.06,388.8929,2021-02-15 12:05:00
6064804,2021-02-15 12:10:24,N,2563.96,4548.67,65.06,2145.8311,2021-02-15 12:10:00
6064806,2021-02-15 12:15:20,N,2546.15,4158.14,65.06,1510.4263,2021-02-15 12:15:00
6064810,2021-02-15 12:20:22,N,2559.0,4506.25,65.06,2088.2246,2021-02-15 12:20:00
6064812,2021-02-15 12:25:21,N,2743.88,5016.46,65.06,661.2151,2021-02-15 12:25:00
6064814,2021-02-15 12:30:22,N,2767.16,5224.64,65.06,444.7898,2021-02-15 12:30:00
6064818,2021-02-15 12:35:20,N,2696.87,5117.95,65.06,462.2936,2021-02-15 12:35:00
6064821,2021-02-15 12:40:21,N,2695.49,5287.95,65.06,379.3599,2021-02-15 12:40:00
6064823,2021-02-15 12:45:21,N,2665.96,5267.81,65.06,307.3547,2021-02-15 12:45:00
6064827,2021-02-15 12:50:21,N,2879.76,5738.58,65.06,348.8292,2021-02-15 12:50:00
6064829,2021-02-15 12:55:20,N,2921.61,5722.32,65.06,338.3097,2021-02-15 12:55:00
6064831,2021-02-15 12:59:15,N,2714.77,5081.74,65.06,354.9368,2021-02-15 12:55:00
6064832,2021-02-15 13:00:27,N,2687.23,4895.68,65.06,468.9833,2021-02-15 13:00:00
6064841,2021-02-15 13:05:20,N,2704.39,4851.2,65.06,354.4016,2021-02-15 13:05:00
6064844,2021-02-15 13:10:21,N,2708.62,5058.39,65.06,246.1403,2021-02-15 13:10:00
6064846,2021-02-15 13:15:20,N,2767.29,5134.1,65.06,243.5372,2021-02-15 13:15:00
6064850,2021-02-15 13:20:21,N,2781.16,5544.5,65.06,376.5187,2021-02-15 13:20:00
6064852,2021-02-15 13:25:20,N,2883.67,5728.49,65.06,325.3873,2021-02-15 13:25:00
6064854,2021-02-15 13:30:21,N,2953.09,5927.4,65.06,277.0146,2021-02-15 13:30:00
6064858,2021-02-15 13:35:19,N,2970.81,5744.87,65.06,280.9001,2021-02-15 13:35:00
6064861,2021-02-15 13:36:59,N,2971.14,5657.46,65.06,299.4938,2021-02-15 13:35:00
6064862,2021-02-15 13:40:22,N,2890.53,5377.16,65.06,259.2977,2021-02-15 13:40:00
6064864,2021-02-15 13:41:23,N,2846.24,5281.95,65.06,282.5912,2021-02-15 13:40:00
6064865,2021-02-15 13:45:21,N,2815.32,5093.16,65.06,299.7181,2021-02-15 13:45:00
6064869,2021-02-15 13:50:24,N,2862.57,5154.63,65.06,290.582,2021-02-15 13:50:00
6064871,2021-02-15 13:55:23,N,2946.73,5659.03,65.06,242.0791,2021-02-15 13:55:00
6064874,2021-02-15 14:00:27,N,2988.27,5938.8,65.06,180.3583,2021-02-15 14:00:00
6064882,2021-02-15 14:05:20,N,2930.2,5605.72,65.06,264.6206,2021-02-15 14:05:00
6064885,2021-02-15 14:10:19,N,2756.53,5330.78,113.06,349.3055,2021-02-15 14:10:00
6064887,2021-02-15 14:15:19,N,2414.12,4531.49,113.06,329.4224,2021-02-15 14:15:00
6064891,2021-02-15 14:20:21,N,2680.2,4766.17,113.06,276.2592,2021-02-15 14:20:00
6064893,2021-02-15 14:25:18,N,2756.47,5039.58,73.06,271.9175,2021-02-15 14:25:00
6064897,2021-02-15 14:30:22,N,2800.8,5216.3,73.06,212.4128,2021-02-15 14:30:00
6064902,2021-02-15 14:35:20,N,2997.74,5289.53,73.06,212.0952,2021-02-15 14:35:00
6064905,2021-02-15 14:40:19,N,2981.51,5345.01,72.96,215.1389,2021-02-15 14:40:00
6064907,2021-02-15 14:45:19,N,2999.47,5375.86,72.96,207.0986,2021-02-15 14:45:00
6064911,2021-02-15 14:50:21,N,3016.66,5390.21,72.95,211.0476,2021-02-15 14:50:00
6064914,2021-02-15 14:55:21,N,3025.51,5346.45,24.95,219.5493,2021-02-15 14:55:00
6064918,2021-02-15 15:00:28,N,2814.91,5002.24,24.95,160.5629,2021-02-15 15:00:00
6064927,2021-02-15 15:05:23,N,2696.63,4609.66,24.95,201.0807,2021-02-15 15:05:00
6064930,2021-02-15 15:10:18,N,2506.47,4334.63,24.95,270.4138,2021-02-15 15:10:00
6064932,2021-02-15 15:15:21,N,2381.14,3939.05,72.95,65.5977,2021-02-15 15:15:00
6064936,2021-02-15 15:20:22,N,2350.86,3786.54,72.95,36.6058,2021-02-15 15:20:00
6064938,2021-02-15 15:25:20,N,2244.48,3578.94,0.0,61.6113,2021-02-15 15:25:00
6064940,2021-02-15 15:30:21,N,2526.65,3924.86,72.95,62.5487,2021-02-15 15:30:00
6064944,2021-02-15 15:35:19,N,2382.79,3644.77,72.95,42.6642,2021-02-15 15:35:00
6064947,2021-02-15 15:40:20,N,2393.18,3606.28,72.95,37.6854,2021-02-15 15:40:00
6064949,2021-02-15 15:45:19,N,2217.11,3333.33,0.0,3.4871,2021-02-15 15:45:00
6064953,2021-02-15 15:50:21,N,2267.14,3327.41,0.0,95.3748,2021-02-15 15:50:00
6064955,2021-02-15 15:55:21,N,2229.34,3089.38,0.0,0.0,2021-02-15 15:55:00
6064957,2021-02-15 16:00:29,N,2183.25,2885.86,0.0,104.3047,2021-02-15 16:00:00
6064966,2021-02-15 16:05:23,N,2233.41,3107.95,0.0,336.5604,2021-02-15 16:05:00
6064969,2021-02-15 16:10:21,N,2396.29,3376.11,72.95,89.8152,2021-02-15 16:10:00
6064971,2021-02-15 16:15:20,N,2404.71,3435.89,72.95,52.7316,2021-02-15 16:15:00
6064975,2021-02-15 16:20:19,N,2294.74,3129.18,0.0,0.0,2021-02-15 16:20:00
6064977,2021-02-15 16:25:20,N,2221.83,2766.47,0.0,0.0,2021-02-15 16:25:00
6064979,2021-02-15 16:30:21,N,2159.37,2795.1,0.0,0.0,2021-02-15 16:30:00
6064983,2021-02-15 16:35:19,N,2282.93,3074.49,0.0,0.0,2021-02-15 16:35:00
6064986,2021-02-15 16:40:19,N,2141.65,2773.93,0.0,0.0,2021-02-15 16:40:00
6064988,2021-02-15 16:45:22,N,2163.92,2539.62,0.0,0.0,2021-02-15 16:45:00
6064992,2021-02-15 16:50:21,N,2138.85,2670.64,0.0,0.0,2021-02-15 16:50:00
6064994,2021-02-15 16:55:22,N,2090.32,2400.68,0.0,0.0,2021-02-15 16:55:00
6064996,2021-02-15 17:00:24,N,2104.37,2351.79,0.0,0.0,2021-02-15 17:00:00
6065005,2021-02-15 17:05:22,N,1799.65,1804.37,0.0,0.0,2021-02-15 17:05:00
6065008,2021-02-15 17:08:57,N,1671.99,1450.98,0.0,0.0,2021-02-15 17:05:00
6065009,2021-02-15 17:09:26,N,1685.28,1479.67,0.0,0.0,2021-02-15 17:05:00
6065010,2021-02-15 17:10:22,N,1688.25,1461.96,0.0,0.0,2021-02-15 17:10:00
6065012,2021-02-15 17:15:18,N,1344.77,1016.83,0.0,0.0,2021-02-15 17:15:00
6065016,2021-02-15 17:17:18,N,1312.74,990.2,0.0,0.0,2021-02-15 17:15:00
6065017,2021-02-15 17:20:21,N,1157.68,863.02,0.0,0.0,2021-02-15 17:20:00
6065019,2021-02-15 17:25:19,N,1172.21,969.47,0.0,0.0,2021-02-15 17:25:00
6065021,2021-02-15 17:30:20,N,1122.09,1158.43,0.0,0.0,2021-02-15 17:30:00
6065025,2021-02-15 17:33:27,N,1254.47,1408.41,0.0,0.0,2021-02-15 17:30:00
6065026,2021-02-15 17:35:18,N,1473.74,1691.72,0.0,0.0,2021-02-15 17:35:00
6065029,2021-02-15 17:40:19,N,2045.82,2443.38,0.0,510.2964,2021-02-15 17:40:00
6065031,2021-02-15 17:44:15,N,2149.71,2519.69,0.0,0.0,2021-02-15 17:40:00
6065032,2021-02-15 17:45:21,N,2177.51,2562.79,0.0,0.0,2021-02-15 17:45:00
6065036,2021-02-15 17:50:22,N,2366.07,2665.39,24.88,516.8341,2021-02-15 17:50:00
6065038,2021-02-15 17:55:20,N,2229.48,2303.36,0.0,0.0,2021-02-15 17:55:00
6065041,2021-02-15 18:00:28,N,2034.58,2066.5,0.0,0.0,2021-02-15 18:00:00
6065049,2021-02-15 18:05:21,N,2015.71,2245.8,0.0,0.0,2021-02-15 18:05:00
6065052,2021-02-15 18:10:18,N,1815.75,1932.55,0.0,0.0,2021-02-15 18:10:00
6065054,2021-02-15 18:15:19,N,1744.51,1561.65,0.0,0.0,2021-02-15 18:15:00
6065058,2021-02-15 18:16:50,N,1666.15,1419.91,0.0,0.0,2021-02-15 18:15:00
6065059,2021-02-15 18:20:19,N,1659.86,1414.46,0.0,0.0,2021-02-15 18:20:00
6065061,2021-02-15 18:25:19,N,1284.49,1044.39,0.0,0.0,2021-02-15 18:25:00
6065063,2021-02-15 18:30:20,N,1017.35,832.89,0.0,0.0,2021-02-15 18:30:00
6065067,2021-02-15 18:35:20,N,1032.54,928.22,0.0,0.0,2021-02-15 18:35:00
6065070,2021-02-15 18:40:21,N,1131.43,1273.77,0.0,0.0,2021-02-15 18:40:00
6065072,2021-02-15 18:45:20,N,1092.03,1164.52,0.0,0.0,2021-02-15 18:45:00
6065076,2021-02-15 18:50:19,N,1296.58,1863.15,0.0,0.0,2021-02-15 18:50:00
6065078,2021-02-15 18:55:20,N,1323.71,1776.49,0.0,0.0,2021-02-15 18:55:00
6065080,2021-02-15 19:00:25,N,1356.79,1879.34,0.0,0.0,2021-02-15 19:00:00
6065089,2021-02-15 19:05:20,N,1606.3,2303.35,0.0,0.0,2021-02-15 19:05:00
6065092,2021-02-15 19:10:22,N,1596.1,2392.5,0.0,0.0,2021-02-15 19:10:00
6065094,2021-02-15 19:15:19,N,1616.71,2299.99,0.0,0.0,2021-02-15 19:15:00
6065098,2021-02-15 19:20:19,N,1693.02,2422.6,0.0,0.0,2021-02-15 19:20:00
6065100,2021-02-15 19:25:20,N,1704.95,2325.57,0.0,0.0,2021-02-15 19:25:00
6065102,2021-02-15 19:30:20,N,2084.73,2711.96,0.0,0.0,2021-02-15 19:30:00
6065106,2021-02-15 19:35:19,N,2356.81,3128.74,250.78,75.4255,2021-02-15 19:35:00
6065109,2021-02-15 19:40:20,N,2377.29,3144.82,250.78,37.4943,2021-02-15 19:40:00
6065111,2021-02-15 19:45:20,N,2484.28,3242.7,81.28,0.0,2021-02-15 19:45:00
6065115,2021-02-15 19:50:23,N,2457.73,3155.55,24.78,0.0,2021-02-15 19:50:00
6065117,2021-02-15 19:55:19,N,2501.41,3351.86,24.78,0.0,2021-02-15 19:55:00
6065119,2021-02-15 20:00:23,N,2464.94,3424.87,24.78,0.0,2021-02-15 20:00:00
6065128,2021-02-15 20:05:19,N,2439.55,3152.48,24.78,24.5895,2021-02-15 20:05:00
6065131,2021-02-15 20:10:20,N,2405.92,3058.63,24.78,0.0,2021-02-15 20:10:00
6065133,2021-02-15 20:15:21,N,2353.02,3097.98,24.76,0.0,2021-02-15 20:15:00
6065137,2021-02-15 20:20:19,N,2420.59,3262.19,24.76,0.0,2021-02-15 20:20:00
6065139,2021-02-15 20:25:18,N,2338.95,3155.08,24.76,0.0,2021-02-15 20:25:00
6065141,2021-02-15 20:30:19,N,2415.45,3200.99,24.76,0.0,2021-02-15 20:30:00
6065145,2021-02-15 20:35:19,N,2753.86,3735.63,24.76,164.2268,2021-02-15 20:35:00
6065148,2021-02-15 20:40:19,N,2618.27,3689.56,24.76,0.0,2021-02-15 20:40:00
6065150,2021-02-15 20:45:19,N,2479.43,3509.5,24.76,0.0,2021-02-15 20:45:00
6065154,2021-02-15 20:50:21,N,2371.64,3396.53,24.76,0.0,2021-02-15 20:50:00
6065156,2021-02-15 20:55:19,N,2191.33,3062.2,0.0,0.0,2021-02-15 20:55:00
6065159,2021-02-15 21:00:24,N,2183.73,3249.31,0.0,0.0,2021-02-15 21:00:00
6065167,2021-02-15 21:05:21,N,2293.29,3340.25,0.0,0.0,2021-02-15 21:05:00
6065170,2021-02-15 21:10:19,N,2090.86,2984.82,0.0,0.0,2021-02-15 21:10:00
6065172,2021-02-15 21:15:19,N,1994.08,2833.14,0.0,0.0,2021-02-15 21:15:00
6065176,2021-02-15 21:20:20,N,1762.44,2523.65,0.0,0.0,2021-02-15 21:20:00
6065178,2021-02-15 21:25:19,N,1795.83,2357.29,0.0,0.0,2021-02-15 21:25:00
6065180,2021-02-15 21:30:20,N,1796.99,2356.13,0.0,0.0,2021-02-15 21:30:00
6065184,2021-02-15 21:35:19,N,1719.42,2288.21,0.0,0.0,2021-02-15 21:35:00
6065187,2021-02-15 21:37:58,N,1541.05,1918.52,0.0,0.0,2021-02-15 21:35:00
6065188,2021-02-15 21:40:20,N,1566.99,2007.24,0.0,0.0,2021-02-15 21:40:00
6065190,2021-02-15 21:42:06,N,1449.63,1823.76,0.0,0.0,2021-02-15 21:40:00
6065191,2021-02-15 21:45:21,N,1416.99,1652.19,0.0,0.0,2021-02-15 21:45:00
6065195,2021-02-15 21:50:19,N,1286.04,1631.06,0.0,0.0,2021-02-15 21:50:00
6065197,2021-02-15 21:55:21,N,1198.05,1771.38,0.0,0.0,2021-02-15 21:55:00
6065199,2021-02-15 22:00:30,N,1247.7,2008.19,0.0,0.0,2021-02-15 22:00:00
6065208,2021-02-15 22:05:21,N,1636.4,2561.1,0.0,144.8218,2021-02-15 22:05:00
6065211,2021-02-15 22:10:21,N,1791.35,2791.91,0.0,91.6484,2021-02-15 22:10:00
6065213,2021-02-15 22:15:21,N,1842.46,2684.44,0.0,3612.1013,2021-02-15 22:15:00
6065217,2021-02-15 22:20:20,N,1677.73,2437.77,0.0,2186.3176,2021-02-15 22:20:00
6065219,2021-02-15 22:25:20,N,1613.11,2352.98,0.0,2018.6575,2021-02-15 22:25:00
6065221,2021-02-15 22:30:21,N,1757.75,2629.13,0.0,3402.8125,2021-02-15 22:30:00
6065225,2021-02-15 22:35:19,N,2017.69,3033.44,0.0,4680.3799,2021-02-15 22:35:00
6065228,2021-02-15 22:36:44,N,1997.15,3038.34,0.0,4480.7671,2021-02-15 22:35:00
6065229,2021-02-15 22:40:18,N,2154.65,3224.41,0.0,5098.4312,2021-02-15 22:40:00
6065231,2021-02-15 22:45:20,N,2118.19,3091.96,0.0,4384.1553,2021-02-15 22:45:00
6065235,2021-02-15 22:50:21,N,2069.4,3032.9,0.0,4559.1006,2021-02-15 22:50:00
6065237,2021-02-15 22:55:20,N,1972.64,2950.0,0.0,3005.124,2021-02-15 22:55:00
6065239,2021-02-15 23:00:25,N,1876.37,2686.45,0.0,1579.3,2021-02-15 23:00:00
6065248,2021-02-15 23:05:23,N,1975.73,2867.77,0.0,2875.5586,2021-02-15 23:05:00
6065251,2021-02-15 23:10:19,N,2094.21,2971.03,0.0,4100.6377,2021-02-15 23:10:00
6065253,2021-02-15 23:15:19,N,2100.27,2909.83,0.0,3111.801,2021-02-15 23:15:00
6065257,2021-02-15 23:20:19,N,2168.93,3015.35,0.0,4513.4995,2021-02-15 23:20:00
6065259,2021-02-15 23:25:20,N,2155.37,2965.28,0.0,3214.4329,2021-02-15 23:25:00
6065262,2021-02-15 23:30:21,N,2102.39,2990.02,0.0,3332.3618,2021-02-15 23:30:00
6065268,2021-02-15 23:35:19,N,2321.69,3222.43,24.5,5200.7578,2021-02-15 23:35:00
6065270,2021-02-15 23:40:20,N,2258.1,3024.87,0.0,4615.813,2021-02-15 23:40:00
6065272,2021-02-15 23:45:19,N,2391.65,3227.51,116.5,4787.7104,2021-02-15 23:45:00
6065276,2021-02-15 23:50:21,N,2374.55,3340.71,24.5,5156.8105,2021-02-15 23:50:00
6065278,2021-02-15 23:55:20,N,2469.05,3360.0,24.5,5251.9922,2021-02-15 23:55:00
6065280,2021-02-16 00:00:28,N,2522.46,3455.6,24.5,5664.7588,2021-02-16 00:00:00
6065289,2021-02-16 00:05:20,N,2484.68,3447.85,24.5,5677.3608,2021-02-16 00:05:00
6065292,2021-02-16 00:10:20,N,2577.89,3644.84,24.5,6013.7085,2021-02-16 00:10:00
6065294,2021-02-16 00:15:21,N,2466.38,3499.24,24.5,5749.1924,2021-02-16 00:15:00
6065298,2021-02-16 00:20:20,N,2472.46,3495.8,24.5,5737.4702,2021-02-16 00:20:00
6065300,2021-02-16 00:25:19,N,2458.52,3384.53,24.5,5508.5132,2021-02-16 00:25:00
6065302,2021-02-16 00:30:19,N,2495.45,3458.45,24.5,5656.167,2021-02-16 00:30:00
6065306,2021-02-16 00:35:19,N,2513.87,3452.99,24.5,5643.5156,2021-02-16 00:35:00
6065309,2021-02-16 00:40:22,N,2297.84,3061.27,0.0,4603.8955,2021-02-16 00:40:00
6065311,2021-02-16 00:45:21,N,2251.26,3041.85,0.0,4276.4375,2021-02-16 00:45:00
6065315,2021-02-16 00:50:19,N,2224.18,2918.11,0.0,3197.0916,2021-02-16 00:50:00
6065317,2021-02-16 00:55:20,N,2316.91,2963.19,24.5,4109.3389,2021-02-16 00:55:00
6065319,2021-02-16 01:00:31,N,2291.65,2986.23,0.0,3794.2656,2021-02-16 01:00:00
6065329,2021-02-16 01:05:19,N,2156.89,2850.41,0.0,2930.5786,2021-02-16 01:05:00
6065332,2021-02-16 01:10:19,N,2224.13,2998.97,0.0,3347.9512,2021-02-16 01:10:00
6065334,2021-02-16 01:15:19,N,2258.56,3052.06,0.0,4095.0903,2021-02-16 01:15:00
6065338,2021-02-16 01:20:19,N,2208.04,3118.11,0.0,4244.3745,2021-02-16 01:20:00
6065340,2021-02-16 01:25:19,N,2190.01,3020.04,0.0,4486.1123,2021-02-16 01:25:00
6065342,2021-02-16 01:30:19,N,2362.04,3312.58,24.5,5302.7471,2021-02-16 01:30:00
6065346,2021-02-16 01:35:18,N,2381.8,3409.96,24.5,5484.0513,2021-02-16 01:35:00
6065349,2021-02-16 01:40:19,N,2263.6,3278.99,0.0,5161.0762,2021-02-16 01:40:00
6065351,2021-02-16 01:45:19,N,2234.96,3224.6,0.0,5052.5938,2021-02-16 01:45:00
6065355,2021-02-16 01:50:21,N,2412.36,3406.76,24.5,5542.7974,2021-02-16 01:50:00
6065357,2021-02-16 01:55:20,N,2427.39,3339.13,24.5,5376.938,2021-02-16 01:55:00
6065359,2021-02-16 02:00:27,N,2296.61,3164.96,0.0,4908.9497,2021-02-16 02:00:00
6065368,2021-02-16 02:05:19,N,2080.27,2908.06,0.0,3037.386,2021-02-16 02:05:00
6065371,2021-02-16 02:08:19,N,1812.29,2429.9,0.0,11.3555,2021-02-16 02:05:00
6065372,2021-02-16 02:10:19,N,1869.52,2669.36,0.0,414.907,2021-02-16 02:10:00
6065374,2021-02-16 02:14:46,N,1841.5,2437.63,0.0,0.0,2021-02-16 02:10:00
6065375,2021-02-16 02:15:19,N,1848.54,2425.11,0.0,0.0,2021-02-16 02:15:00
6065379,2021-02-16 02:20:20,N,1876.61,2352.95,0.0,0.0,2021-02-16 02:20:00
6065381,2021-02-16 02:25:19,N,1997.91,2636.34,0.0,760.4041,2021-02-16 02:25:00
6065383,2021-02-16 02:30:20,N,2119.55,2950.22,0.0,3113.917,2021-02-16 02:30:00
6065387,2021-02-16 02:35:19,N,2095.49,3002.97,0.0,3990.0273,2021-02-16 02:35:00
6065390,2021-02-16 02:40:20,N,2220.43,3166.56,0.0,4969.6597,2021-02-16 02:40:00
6065392,2021-02-16 02:45:21,N,2184.12,3134.27,0.0,4816.7578,2021-02-16 02:45:00
6065396,2021-02-16 02:50:21,N,2268.84,3290.29,0.0,5272.3013,2021-02-16 02:50:00
6065398,2021-02-16 02:55:20,N,2254.99,3533.59,0.0,5078.3608,2021-02-16 02:55:00
6065400,2021-02-16 03:00:28,N,1921.44,3027.68,0.0,0.0,2021-02-16 03:00:00
6065409,2021-02-16 03:05:15,N,1774.06,2863.46,0.0,0.0,2021-02-16 03:05:00
6065412,2021-02-16 03:05:45,N,1774.39,2817.89,0.0,0.0,2021-02-16 03:05:00
6065413,2021-02-16 03:10:18,N,1804.22,2712.98,0.0,0.0,2021-02-16 03:10:00
6065415,2021-02-16 03:15:18,N,1795.47,2813.17,0.0,0.0,2021-02-16 03:15:00
6065419,2021-02-16 03:20:18,N,1723.07,2658.36,0.0,0.0,2021-02-16 03:20:00
6065421,2021-02-16 03:20:59,N,1709.67,2666.98,0.0,0.0,2021-02-16 03:20:00
6065422,2021-02-16 03:25:19,N,1736.58,2684.53,0.0,0.0,2021-02-16 03:25:00
6065424,2021-02-16 03:30:20,N,1636.18,2475.05,0.0,20.3467,2021-02-16 03:30:00
6065428,2021-02-16 03:35:19,N,1642.37,2523.42,0.0,694.1138,2021-02-16 03:35:00
6065431,2021-02-16 03:40:22,N,1473.43,2135.66,0.0,0.0,2021-02-16 03:40:00
6065433,2021-02-16 03:45:21,N,1356.0,1943.51,0.0,0.0,2021-02-16 03:45:00
6065437,2021-02-16 03:50:23,N,1305.78,1946.07,0.0,0.0,2021-02-16 03:50:00
6065439,2021-02-16 03:55:25,N,1449.17,2048.97,0.0,428.0404,2021-02-16 03:55:00
6065441,2021-02-16 04:00:25,N,1303.47,1654.14,0.0,0.0,2021-02-16 04:00:00
6065450,2021-02-16 04:05:20,N,1109.33,1200.25,0.0,0.0,2021-02-16 04:05:00
6065453,2021-02-16 04:07:55,N,938.38,893.18,0.0,0.0,2021-02-16 04:05:00
6065454,2021-02-16 04:10:18,N,812.01,840.35,0.0,0.0,2021-02-16 04:10:00
6065456,2021-02-16 04:15:19,N,1096.43,1615.55,0.0,0.0,2021-02-16 04:15:00
6065460,2021-02-16 04:16:08,N,1128.98,1683.86,0.0,0.0002,2021-02-16 04:15:00
6065461,2021-02-16 04:20:20,N,1498.36,2070.85,0.0,2080.1152,2021-02-16 04:20:00
6065463,2021-02-16 04:23:03,N,1525.95,2180.03,0.0,2374.5806,2021-02-16 04:20:00
6065464,2021-02-16 04:25:19,N,1618.7,2339.57,0.0,2817.4111,2021-02-16 04:25:00
6065466,2021-02-16 04:27:00,N,1636.51,2402.9,0.0,2993.0415,2021-02-16 04:25:00
6065467,2021-02-16 04:30:24,N,1757.27,2521.91,0.0,3255.0547,2021-02-16 04:30:00
6065471,2021-02-16 04:35:19,N,1835.4,2614.29,0.0,3543.4624,2021-02-16 04:35:00
6065474,2021-02-16 04:40:19,N,1834.05,2457.01,0.0,3068.7107,2021-02-16 04:40:00
6065476,2021-02-16 04:45:21,N,1850.69,2541.84,0.0,3306.7085,2021-02-16 04:45:00
6065480,2021-02-16 04:47:07,N,1772.17,2365.75,0.0,2694.4238,2021-02-16 04:45:00
6065481,2021-02-16 04:50:19,N,1721.01,2307.2,0.0,2169.9565,2021-02-16 04:50:00
6065483,2021-02-16 04:55:20,N,1700.85,2268.49,0.0,1810.6494,2021-02-16 04:55:00
6065485,2021-02-16 05:00:28,N,1649.49,2031.38,0.0,17.7075,2021-02-16 05:00:00
6065494,2021-02-16 05:05:21,N,1633.0,1920.33,0.0,0.0,2021-02-16 05:05:00
6065497,2021-02-16 05:10:19,N,1736.17,1970.82,0.0,0.0,2021-02-16 05:10:00
6065499,2021-02-16 05:15:19,N,1824.38,2178.36,0.0,1611.9617,2021-02-16 05:15:00
6065503,2021-02-16 05:20:21,N,1728.78,2107.54,0.0,917.1033,2021-02-16 05:20:00
6065506,2021-02-16 05:25:21,N,1844.71,2302.23,0.0,2002.6328,2021-02-16 05:25:00
6065508,2021-02-16 05:30:20,N,1856.87,2473.76,0.0,3150.0957,2021-02-16 05:30:00
6065512,2021-02-16 05:35:19,N,1803.58,2378.52,0.0,2833.2183,2021-02-16 05:35:00
6065515,2021-02-16 05:40:19,N,1822.68,2445.38,0.0,3016.3528,2021-02-16 05:40:00
6065517,2021-02-16 05:45:18,N,1872.19,2454.68,0.0,2660.9202,2021-02-16 05:45:00
6065521,2021-02-16 05:50:20,N,1943.97,2468.42,0.0,2978.3062,2021-02-16 05:50:00
6065523,2021-02-16 05:55:20,N,2105.64,2593.27,0.0,3416.6921,2021-02-16 05:55:00
6065525,2021-02-16 05:58:14,N,2116.74,2583.7,0.0,2932.4165,2021-02-16 05:55:00
6065526,2021-02-16 06:00:25,N,2076.25,2765.59,0.0,3404.4253,2021-02-16 06:00:00
6065535,2021-02-16 06:05:21,N,2094.63,2460.82,0.0,1631.8545,2021-02-16 06:05:00
6065538,2021-02-16 06:10:20,N,2040.67,2208.16,0.0,3.1458,2021-02-16 06:10:00
6065540,2021-02-16 06:15:19,N,1992.58,1995.13,0.0,0.0,2021-02-16 06:15:00
6065544,2021-02-16 06:20:21,N,2006.76,2098.15,0.0,0.0,2021-02-16 06:20:00
6065546,2021-02-16 06:25:19,N,2144.5,2350.63,0.0,1186.7699,2021-02-16 06:25:00
6065548,2021-02-16 06:30:19,N,2054.85,2351.16,0.0,1187.374,2021-02-16 06:30:00
6065552,2021-02-16 06:32:40,N,1931.2,2052.48,0.0,0.0,2021-02-16 06:30:00
6065553,2021-02-16 06:35:19,N,2007.75,2153.44,0.0,0.0,2021-02-16 06:35:00
6065556,2021-02-16 06:40:20,N,1740.36,1611.75,0.0,0.0,2021-02-16 06:40:00
6065558,2021-02-16 06:45:20,N,1641.59,1481.14,0.0,0.0,2021-02-16 06:45:00
6065562,2021-02-16 06:46:25,N,1646.88,1451.13,0.0,0.0,2021-02-16 06:45:00
6065563,2021-02-16 06:50:19,N,1552.74,1529.92,0.0,0.0,2021-02-16 06:50:00
6065565,2021-02-16 06:51:11,N,1528.75,1484.64,0.0,0.0,2021-02-16 06:50:00
6065566,2021-02-16 06:54:23,N,1455.42,1373.99,0.0,0.0,2021-02-16 06:50:00
6065567,2021-02-16 06:55:19,N,1416.85,1395.67,0.0,0.0,2021-02-16 06:55:00
6065569,2021-02-16 07:00:25,N,1353.56,1656.67,0.0,0.0,2021-02-16 07:00:00
6065577,2021-02-16 07:03:31,N,1385.29,1576.44,0.0,0.0,2021-02-16 07:00:00
6065579,2021-02-16 07:05:21,N,1392.32,1693.0,0.0,0.0,2021-02-16 07:05:00
6065582,2021-02-16 07:10:20,N,1453.83,1807.72,0.0,0.0,2021-02-16 07:10:00
6065584,2021-02-16 07:15:19,N,1330.23,1718.61,0.0,0.0,2021-02-16 07:15:00
6065588,2021-02-16 07:19:13,N,1536.17,2225.3,0.0,32.1236,2021-02-16 07:15:00
6065589,2021-02-16 07:20:19,N,1545.74,2261.09,0.0,23.1341,2021-02-16 07:20:00
6065591,2021-02-16 07:25:19,N,1560.48,2187.96,0.0,21.7305,2021-02-16 07:25:00
6065593,2021-02-16 07:30:20,N,1456.99,2046.44,0.0,11.7488,2021-02-16 07:30:00
6065597,2021-02-16 07:31:32,N,1441.76,1946.75,0.0,0.0,2021-02-16 07:30:00
6065598,2021-02-16 07:35:20,N,1386.16,1847.89,0.0,0.0,2021-02-16 07:35:00
6065601,2021-02-16 07:36:44,N,1330.22,1708.84,0.0,0.0,2021-02-16 07:35:00
6065602,2021-02-16 07:40:19,N,1239.94,1703.62,0.0,0.0,2021-02-16 07:40:00
6065604,2021-02-16 07:45:18,N,871.05,1340.81,0.0,0.0,2021-02-16 07:45:00
6065608,2021-02-16 07:46:16,N,850.97,1339.79,0.0,0.0,2021-02-16 07:45:00
6065609,2021-02-16 07:50:21,N,969.37,1377.89,0.0,0.0,2021-02-16 07:50:00
6065611,2021-02-16 07:54:06,N,893.97,1408.98,0.0,0.0,2021-02-16 07:50:00
6065612,2021-02-16 07:55:20,N,840.71,1488.26,0.0,0.0,2021-02-16 07:55:00
6065614,2021-02-16 08:00:24,N,747.1,1404.66,0.0,0.0,2021-02-16 08:00:00
6065623,2021-02-16 08:05:18,N,926.4,1654.75,0.0,0.0,2021-02-16 08:05:00
6065626,2021-02-16 08:06:16,N,944.68,1671.75,0.0,0.0,2021-02-16 08:05:00
6065627,2021-02-16 08:10:19,N,1058.18,1809.43,0.0,0.0,2021-02-16 08:10:00
6065629,2021-02-16 08:15:19,N,1328.13,2180.72,0.0,2405.2126,2021-02-16 08:15:00
6065633,2021-02-16 08:20:21,N,1506.33,2424.17,0.0,3135.0137,2021-02-16 08:20:00
6065635,2021-02-16 08:25:19,N,1654.39,2747.54,0.0,4116.1772,2021-02-16 08:25:00
6065637,2021-02-16 08:30:20,N,1639.68,2841.1,0.0,4260.1963,2021-02-16 08:30:00
6065641,2021-02-16 08:35:20,N,1642.5,2760.37,0.0,4029.0776,2021-02-16 08:35:00
6065644,2021-02-16 08:39:30,N,1635.6,2872.75,0.0,4354.4336,2021-02-16 08:35:00
6065645,2021-02-16 08:40:21,N,1671.82,2921.41,0.0,4476.9282,2021-02-16 08:40:00
6065647,2021-02-16 08:45:19,N,1825.68,3161.24,0.0,5107.5967,2021-02-16 08:45:00
6065651,2021-02-16 08:50:19,N,1909.09,3255.94,0.0,5345.1123,2021-02-16 08:50:00
6065653,2021-02-16 08:53:34,N,1829.85,3019.84,0.0,4739.0156,2021-02-16 08:50:00
6065654,2021-02-16 08:55:20,N,1829.48,2996.96,0.0,4674.1191,2021-02-16 08:55:00
6065656,2021-02-16 09:00:25,N,1768.98,3293.32,0.0,5297.3145,2021-02-16 09:00:00
6065665,2021-02-16 09:05:20,N,1969.24,3458.53,0.0,5739.7939,2021-02-16 09:05:00
6065668,2021-02-16 09:10:20,N,2198.21,3843.27,0.0,6492.2979,2021-02-16 09:10:00
6065670,2021-02-16 09:15:19,N,2117.85,3902.95,0.0,6587.8008,2021-02-16 09:15:00
6065674,2021-02-16 09:19:04,N,2272.45,4158.99,0.0,6892.8252,2021-02-16 09:15:00
6065675,2021-02-16 09:20:20,N,2288.63,4273.59,0.0,6971.1221,2021-02-16 09:20:00
6065677,2021-02-16 09:25:21,N,2235.69,4288.99,0.0,7018.0288,2021-02-16 09:25:00
6065679,2021-02-16 09:30:20,N,2274.58,4429.38,0.0,7203.7891,2021-02-16 09:30:00
6065683,2021-02-16 09:31:40,N,2291.27,4453.12,0.0,7219.2632,2021-02-16 09:30:00
6065684,2021-02-16 09:32:38,N,2300.01,4482.27,17.0,7242.7236,2021-02-16 09:30:00
6065685,2021-02-16 09:35:19,N,2325.37,4694.56,17.0,7442.2417,2021-02-16 09:35:00
6065688,2021-02-16 09:40:20,N,2234.2,3904.0,0.0,6753.0273,2021-02-16 09:40:00
6065690,2021-02-16 09:45:19,N,2139.89,3781.63,0.0,6563.8145,2021-02-16 09:45:00
6065694,2021-02-16 09:50:19,N,2129.92,3758.69,0.0,6428.104,2021-02-16 09:50:00
6065696,2021-02-16 09:55:20,N,2213.36,3961.54,0.0,6819.9717,2021-02-16 09:55:00
6065699,2021-02-16 10:00:31,N,2304.66,4611.18,17.0,7410.0034,2021-02-16 10:00:00
6065710,2021-02-16 10:05:18,N,2274.32,4064.49,0.0,6945.5415,2021-02-16 10:05:00
6065713,2021-02-16 10:10:20,N,2347.19,4081.01,17.0,7015.0566,2021-02-16 10:10:00
6065715,2021-02-16 10:15:20,N,2600.4,4612.39,17.0,7558.9966,2021-02-16 10:15:00
6065719,2021-02-16 10:20:18,N,2670.44,4864.09,17.0,7718.876,2021-02-16 10:20:00
6065721,2021-02-16 10:25:19,N,2682.07,4871.84,17.0,7720.3755,2021-02-16 10:25:00
6065723,2021-02-16 10:30:20,N,2623.51,4613.97,17.0,7532.3486,2021-02-16 10:30:00
6065728,2021-02-16 10:35:19,N,2561.9,4525.56,17.0,7453.6489,2021-02-16 10:35:00
6065731,2021-02-16 10:40:20,N,2636.9,4794.04,17.0,7687.0879,2021-02-16 10:40:00
6065733,2021-02-16 10:45:20,N,2710.16,5132.13,17.0,7818.9297,2021-02-16 10:45:00
6065737,2021-02-16 10:50:20,N,2776.55,5353.96,17.0,8023.019,2021-02-16 10:50:00
6065739,2021-02-16 10:55:19,N,2700.02,5141.4,17.0,7839.8174,2021-02-16 10:55:00
6065741,2021-02-16 11:00:27,N,2660.61,5541.96,17.0,8010.1592,2021-02-16 11:00:00
6065750,2021-02-16 11:05:24,N,2858.62,4915.91,17.0,7767.5146,2021-02-16 11:05:00
6065753,2021-02-16 11:10:20,N,2620.04,4681.05,17.0,7683.3018,2021-02-16 11:10:00
6065756,2021-02-16 11:15:20,N,2897.53,5262.7,17.0,8200.3418,2021-02-16 11:15:00
6065762,2021-02-16 11:20:20,N,3075.91,5569.88,17.0,8670.043,2021-02-16 11:20:00
6065764,2021-02-16 11:25:20,N,3147.4,5798.0,17.0,8814.3408,2021-02-16 11:25:00
6065766,2021-02-16 11:28:49,N,3098.75,5622.62,17.0,8454.4805,2021-02-16 11:25:00
6065767,2021-02-16 11:30:19,N,2989.88,5482.37,12.87,7963.9771,2021-02-16 11:30:00
6065771,2021-02-16 11:35:20,N,2769.32,4888.19,17.0,7734.915,2021-02-16 11:35:00
6065774,2021-02-16 11:40:29,N,2743.82,4952.74,17.0,7785.6113,2021-02-16 11:40:00
6065776,2021-02-16 11:45:19,N,2775.01,5394.84,17.0,7953.2461,2021-02-16 11:45:00
6065780,2021-02-16 11:50:21,N,2720.63,5135.67,17.0,7897.6758,2021-02-16 11:50:00
6065782,2021-02-16 11:55:23,N,2875.88,5334.37,17.0,8413.9268,2021-02-16 11:55:00
6065784,2021-02-16 12:00:24,N,3011.19,6341.82,17.0,8857.0508,2021-02-16 12:00:00
6065793,2021-02-16 12:05:21,N,2835.4,6113.35,12.87,8102.373,2021-02-16 12:05:00
6065796,2021-02-16 12:05:56,N,2787.1,6037.28,17.0,8066.521,2021-02-16 12:05:00
6065797,2021-02-16 12:06:52,N,2714.36,5320.26,17.0,7880.9204,2021-02-16 12:05:00
6065798,2021-02-16 12:08:15,N,2649.75,5163.75,17.0,7844.6543,2021-02-16 12:05:00
6065799,2021-02-16 12:10:18,N,2630.69,4733.63,17.0,7662.8521,2021-02-16 12:10:00
6065801,2021-02-16 12:15:20,N,2310.25,4214.33,17.0,7275.1807,2021-02-16 12:15:00
6065805,2021-02-16 12:20:20,N,2367.69,4479.07,356.73,7631.0767,2021-02-16 12:20:00
6065807,2021-02-16 12:25:20,N,2623.75,4802.75,17.0,7800.5527,2021-02-16 12:25:00
6065809,2021-02-16 12:28:03,N,2534.68,4837.57,12.87,7761.1689,2021-02-16 12:25:00
6065810,2021-02-16 12:30:19,N,2458.25,4771.41,17.0,7715.4639,2021-02-16 12:30:00
6065814,2021-02-16 12:35:19,N,2543.73,4715.28,17.0,7695.9448,2021-02-16 12:35:00
6065817,2021-02-16 12:40:19,N,2501.62,4553.37,17.0,7559.5791,2021-02-16 12:40:00
6065819,2021-02-16 12:45:20,N,2438.57,4375.07,17.0,7354.7227,2021-02-16 12:45:00
6065823,2021-02-16 12:49:18,N,2185.99,3948.14,0.0,6657.8159,2021-02-16 12:45:00
6065824,2021-02-16 12:50:19,N,2173.01,3862.58,0.0,6648.4771,2021-02-16 12:50:00
6065826,2021-02-16 12:55:19,N,2069.97,3901.38,0.0,6602.8115,2021-02-16 12:55:00
6065828,2021-02-16 13:00:22,N,2331.78,4339.72,64.0,7240.9004,2021-02-16 13:00:00
6065836,2021-02-16 13:01:29,N,2549.64,4651.84,64.0,7609.2334,2021-02-16 13:00:00
6065837,2021-02-16 13:02:26,N,2614.12,4986.36,64.0,7754.3096,2021-02-16 13:00:00
6065839,2021-02-16 13:05:19,N,2672.59,5825.11,64.0,7975.1465,2021-02-16 13:05:00
6065842,2021-02-16 13:10:20,N,2838.83,6250.28,64.0,8191.8164,2021-02-16 13:10:00
6065844,2021-02-16 13:15:20,N,3044.53,6060.87,64.0,8340.8184,2021-02-16 13:15:00
6065848,2021-02-16 13:20:21,N,3227.01,6599.48,64.0,8883.5996,2021-02-16 13:20:00
6065850,2021-02-16 13:23:45,N,3098.88,6546.03,64.0,8556.3145,2021-02-16 13:20:00
6065851,2021-02-16 13:25:19,N,3015.57,6551.43,62.17,8464.3027,2021-02-16 13:25:00
6065853,2021-02-16 13:30:22,N,3139.16,6709.66,64.0,8335.5156,2021-02-16 13:30:00
6065857,2021-02-16 13:35:21,N,3156.17,6861.63,64.0,8114.7485,2021-02-16 13:35:00
6065860,2021-02-16 13:40:21,N,3077.02,6424.95,64.0,7950.4575,2021-02-16 13:40:00
6065862,2021-02-16 13:43:06,N,2995.02,6184.7,62.17,7918.3921,2021-02-16 13:40:00
6065863,2021-02-16 13:45:20,N,2993.26,6074.79,64.0,7903.6577,2021-02-16 13:45:00
6065867,2021-02-16 13:46:33,N,3113.56,6236.11,64.0,7922.2026,2021-02-16 13:45:00
6065868,2021-02-16 13:50:23,N,3042.72,6196.27,64.0,7945.9609,2021-02-16 13:50:00
6065870,2021-02-16 13:55:18,N,3077.86,6384.5,64.0,8154.083,2021-02-16 13:55:00
6065872,2021-02-16 14:00:28,N,3192.42,6564.21,66.66,8496.1201,2021-02-16 14:00:00
6065880,2021-02-16 14:05:16,N,3263.0,6945.94,64.0,8920.0283,2021-02-16 14:05:00
6065883,2021-02-16 14:06:46,N,3179.18,6841.19,64.0,8703.4414,2021-02-16 14:05:00
6065884,2021-02-16 14:10:15,N,3052.74,6525.37,64.0,8275.377,2021-02-16 14:10:00
6065886,2021-02-16 14:11:24,N,3025.56,6454.41,64.0,8111.2437,2021-02-16 14:10:00
6065887,2021-02-16 14:15:16,N,2944.23,6139.01,64.0,7957.0396,2021-02-16 14:15:00
6065891,2021-02-16 14:16:07,N,2931.53,6043.66,64.0,7941.2896,2021-02-16 14:15:00
6065892,2021-02-16 14:20:15,N,2828.58,5641.67,64.0,7843.4775,2021-02-16 14:20:00
6065894,2021-02-16 14:21:26,N,2808.69,5594.15,64.0,7815.2686,2021-02-16 14:20:00
6065895,2021-02-16 14:25:15,N,2745.6,5404.27,64.0,7765.459,2021-02-16 14:25:00
6065897,2021-02-16 14:26:08,N,2712.41,5353.15,64.0,7744.5034,2021-02-16 14:25:00
6065898,2021-02-16 14:28:02,N,2625.36,5071.95,64.0,7534.5146,2021-02-16 14:25:00
6065899,2021-02-16 14:28:58,N,2550.21,4949.56,64.0,7482.0288,2021-02-16 14:25:00
6065902,2021-02-16 14:30:16,N,2503.34,4812.87,64.0,7403.9268,2021-02-16 14:30:00
6065906,2021-02-16 14:35:15,N,2260.56,4464.73,0.0,7112.8779,2021-02-16 14:35:00
6065909,2021-02-16 14:38:00,N,2172.84,4309.47,0.0,6957.939,2021-02-16 14:35:00
6065910,2021-02-16 14:40:15,N,2232.8,4464.11,0.0,7064.3423,2021-02-16 14:40:00
6065912,2021-02-16 14:42:03,N,2213.84,4266.02,0.0,6780.7593,2021-02-16 14:40:00
6065913,2021-02-16 14:45:16,N,2229.2,4234.98,0.0,6786.9795,2021-02-16 14:45:00
6065918,2021-02-16 14:48:28,N,2275.85,4384.45,0.0,6978.7803,2021-02-16 14:45:00
6065919,2021-02-16 14:50:14,N,2280.3,4426.69,0.0,7040.5503,2021-02-16 14:50:00
6065921,2021-02-16 14:51:54,N,2285.17,4470.45,0.0,7043.061,2021-02-16 14:50:00
6065922,2021-02-16 14:55:15,N,2342.51,4516.83,64.0,7125.8994,2021-02-16 14:55:00
6065924,2021-02-16 14:56:30,N,2378.9,4621.12,64.0,7190.7412,2021-02-16 14:55:00
6065925,2021-02-16 15:00:21,N,2390.32,4740.49,64.0,7337.2778,2021-02-16 15:00:00
6065934,2021-02-16 15:04:09,N,2391.74,4776.15,64.0,7351.0596,2021-02-16 15:00:00
6065935,2021-02-16 15:05:18,N,2342.16,4731.74,64.0,7333.7969,2021-02-16 15:05:00
6065938,2021-02-16 15:10:15,N,2313.55,4412.04,64.0,7019.1094,2021-02-16 15:10:00
6065940,2021-02-16 15:15:14,N,2393.74,4372.39,64.0,6898.1162,2021-02-16 15:15:00
6065944,2021-02-16 15:20:17,N,2458.94,4433.27,64.0,7037.1792,2021-02-16 15:20:00
6065946,2021-02-16 15:25:14,N,2512.44,4719.4,64.0,7302.7637,2021-02-16 15:25:00
6065948,2021-02-16 15:30:15,N,2392.93,4682.32,64.0,7339.707,2021-02-16 15:30:00
6065952,2021-02-16 15:35:15,N,2391.71,4790.84,64.0,7420.2432,2021-02-16 15:35:00
6065955,2021-02-16 15:40:17,N,2188.76,4284.03,0.0,6912.5098,2021-02-16 15:40:00
6065957,2021-02-16 15:45:16,N,2044.93,3777.6,0.0,5136.7881,2021-02-16 15:45:00
6065961,2021-02-16 15:50:17,N,2149.17,3704.67,0.0,5839.1909,2021-02-16 15:50:00
6065963,2021-02-16 15:55:16,N,2218.37,3787.64,0.0,6235.6826,2021-02-16 15:55:00
6065966,2021-02-16 16:00:21,N,2341.31,4111.1,64.0,6826.2544,2021-02-16 16:00:00
6065974,2021-02-16 16:05:15,N,2101.82,3794.83,0.0,5811.4756,2021-02-16 16:05:00
6065977,2021-02-16 16:10:15,N,2057.85,3579.99,0.0,4251.5215,2021-02-16 16:10:00
6065979,2021-02-16 16:15:16,N,2030.92,3024.91,0.0,0.0,2021-02-16 16:15:00
6065983,2021-02-16 16:20:16,N,2098.7,3068.69,0.0,1000.9453,2021-02-16 16:20:00
6065985,2021-02-16 16:25:16,N,2103.36,3117.26,0.0,3076.49,2021-02-16 16:25:00
6065987,2021-02-16 16:30:17,N,2017.68,3013.25,0.0,3114.5881,2021-02-16 16:30:00
6065991,2021-02-16 16:35:14,N,2073.28,3056.15,0.0,3369.5376,2021-02-16 16:35:00
6065994,2021-02-16 16:40:15,N,2045.87,3095.27,0.0,3437.1499,2021-02-16 16:40:00
6065996,2021-02-16 16:45:16,N,1988.7,2967.51,0.0,3100.7842,2021-02-16 16:45:00
6066000,2021-02-16 16:50:15,N,1883.78,2946.83,0.0,3003.1301,2021-02-16 16:50:00
6066002,2021-02-16 16:55:17,N,1985.72,3122.93,0.0,3574.2239,2021-02-16 16:55:00
6066004,2021-02-16 17:00:21,N,2073.31,3135.76,0.0,3505.6472,2021-02-16 17:00:00
6066013,2021-02-16 17:05:15,N,1942.88,2819.55,0.0,1732.2698,2021-02-16 17:05:00
6066016,2021-02-16 17:10:16,N,1901.84,2582.8,0.0,0.0,2021-02-16 17:10:00
6066018,2021-02-16 17:15:15,N,1884.54,2612.02,0.0,0.0,2021-02-16 17:15:00
6066022,2021-02-16 17:20:16,N,1964.38,2771.12,0.0,0.2484,2021-02-16 17:20:00
6066024,2021-02-16 17:25:16,N,1848.81,2492.13,0.0,0.0,2021-02-16 17:25:00
6066026,2021-02-16 17:30:16,N,1700.6,1995.28,0.0,0.0,2021-02-16 17:30:00
6066030,2021-02-16 17:35:14,N,1523.1,1797.61,0.0,0.0,2021-02-16 17:35:00
6066033,2021-02-16 17:40:14,N,1260.45,1624.44,0.0,0.0,2021-02-16 17:40:00
6066035,2021-02-16 17:45:16,N,1487.72,1854.3,0.0,0.0,2021-02-16 17:45:00
6066039,2021-02-16 17:50:17,N,1505.13,1873.49,0.0,0.0,2021-02-16 17:50:00
6066041,2021-02-16 17:55:15,N,1673.67,2236.78,0.0,1586.4868,2021-02-16 17:55:00
6066043,2021-02-16 18:00:19,N,1652.16,2741.46,0.0,2839.551,2021-02-16 18:00:00
6066052,2021-02-16 18:05:17,N,1570.51,2620.92,0.0,751.371,2021-02-16 18:05:00
6066055,2021-02-16 18:10:14,N,1417.8,2341.11,0.0,0.0,2021-02-16 18:10:00
6066057,2021-02-16 18:15:15,N,1639.09,2717.81,0.0,807.857,2021-02-16 18:15:00
6066061,2021-02-16 18:20:16,N,1902.66,3323.49,0.0,5171.2949,2021-02-16 18:20:00
6066063,2021-02-16 18:24:59,N,2116.75,3131.59,0.0,4759.1123,2021-02-16 18:20:00
6066064,2021-02-16 18:25:29,N,2144.88,3127.51,0.0,4634.6553,2021-02-16 18:25:00
6066066,2021-02-16 18:30:16,N,2188.69,3242.98,0.0,5251.666,2021-02-16 18:30:00
6066070,2021-02-16 18:35:15,N,2168.91,3442.81,0.0,5812.0127,2021-02-16 18:35:00
6066073,2021-02-16 18:40:17,N,2231.09,3633.12,0.0,6196.9243,2021-02-16 18:40:00
6066075,2021-02-16 18:45:16,N,1985.19,3527.87,0.0,5970.8188,2021-02-16 18:45:00
6066079,2021-02-16 18:50:19,N,2004.38,3537.24,0.0,5993.4136,2021-02-16 18:50:00
6066081,2021-02-16 18:55:16,N,2024.58,3394.55,0.0,5532.311,2021-02-16 18:55:00
6066083,2021-02-16 19:00:20,N,2289.36,4087.18,0.0,6795.8594,2021-02-16 19:00:00
6066092,2021-02-16 19:05:14,N,2310.41,3558.96,17.0,5996.7314,2021-02-16 19:05:00
6066095,2021-02-16 19:10:14,N,2383.08,3761.98,17.0,6354.8896,2021-02-16 19:10:00
6066097,2021-02-16 19:15:16,N,2396.62,3802.23,17.0,6395.5337,2021-02-16 19:15:00
6066101,2021-02-16 19:20:16,N,2397.54,3781.25,17.0,6371.3828,2021-02-16 19:20:00
6066103,2021-02-16 19:25:16,N,2446.39,4011.69,17.0,6778.5977,2021-02-16 19:25:00
6066105,2021-02-16 19:30:16,N,2508.8,4236.49,17.0,7013.9951,2021-02-16 19:30:00
6066109,2021-02-16 19:35:16,N,2470.72,4236.47,17.0,6984.689,2021-02-16 19:35:00
6066112,2021-02-16 19:40:16,N,2392.16,4138.98,17.0,6897.7944,2021-02-16 19:40:00
6066114,2021-02-16 19:45:15,N,2371.52,4067.38,17.0,6826.8447,2021-02-16 19:45:00
6066118,2021-02-16 19:50:16,N,2294.47,3860.56,0.0,6477.9902,2021-02-16 19:50:00
6066120,2021-02-16 19:55:16,N,2143.41,3579.13,0.0,5649.5078,2021-02-16 19:55:00
6066123,2021-02-16 20:00:19,N,2169.5,3589.59,0.0,5921.7676,2021-02-16 20:00:00
6066131,2021-02-16 20:05:15,N,2283.77,3642.28,0.0,6076.2871,2021-02-16 20:05:00
6066134,2021-02-16 20:10:16,N,2238.25,3619.9,0.0,6055.4385,2021-02-16 20:10:00
6066136,2021-02-16 20:15:16,N,2159.78,3379.0,0.0,5563.2617,2021-02-16 20:15:00
6066140,2021-02-16 20:20:15,N,2114.49,3208.11,0.0,4695.126,2021-02-16 20:20:00
6066142,2021-02-16 20:25:15,N,2220.61,3312.28,0.0,5381.5078,2021-02-16 20:25:00
6066144,2021-02-16 20:30:16,N,2105.02,3179.82,0.0,5032.3325,2021-02-16 20:30:00
6066148,2021-02-16 20:35:15,N,2130.87,3214.49,0.0,5126.375,2021-02-16 20:35:00
6066151,2021-02-16 20:40:16,N,2119.31,3106.41,0.0,4352.2827,2021-02-16 20:40:00
6066153,2021-02-16 20:45:15,N,2218.72,3364.12,0.0,5486.5698,2021-02-16 20:45:00
6066157,2021-02-16 20:50:15,N,2305.74,3533.85,138.0,6103.041,2021-02-16 20:50:00
6066159,2021-02-16 20:55:16,N,2185.93,3537.57,0.0,5876.4756,2021-02-16 20:55:00
6066162,2021-02-16 21:00:17,N,2297.96,3697.6,0.0,6261.3379,2021-02-16 21:00:00
6066170,2021-02-16 21:05:16,N,2354.82,3731.11,138.0,6488.4033,2021-02-16 21:05:00
6066173,2021-02-16 21:10:14,N,2425.39,4150.81,138.0,7086.7915,2021-02-16 21:10:00
6066175,2021-02-16 21:15:14,N,2241.2,4065.72,0.0,6868.9756,2021-02-16 21:15:00
6066179,2021-02-16 21:20:15,N,2356.52,4290.57,17.0,7211.6772,2021-02-16 21:20:00
6066181,2021-02-16 21:25:15,N,2388.72,4445.52,17.0,7546.1304,2021-02-16 21:25:00
6066183,2021-02-16 21:30:15,N,2472.48,4574.85,17.0,7614.7925,2021-02-16 21:30:00
6066187,2021-02-16 21:35:15,N,2205.71,4096.86,0.0,6894.8359,2021-02-16 21:35:00
6066190,2021-02-16 21:40:14,N,2200.3,4103.91,0.0,6918.8306,2021-02-16 21:40:00
6066192,2021-02-16 21:45:15,N,2096.52,4032.21,0.0,6831.6406,2021-02-16 21:45:00
6066196,2021-02-16 21:50:15,N,2204.46,4248.24,0.0,7119.8589,2021-02-16 21:50:00
6066198,2021-02-16 21:55:16,N,2347.14,4600.73,17.0,7648.2202,2021-02-16 21:55:00
6066201,2021-02-16 22:00:20,N,2650.41,5180.8,17.0,7889.7354,2021-02-16 22:00:00
6066209,2021-02-16 22:05:16,N,2432.16,4765.2,17.0,7759.6934,2021-02-16 22:05:00
6066212,2021-02-16 22:10:16,N,2422.99,4652.84,17.0,7666.3018,2021-02-16 22:10:00
6066214,2021-02-16 22:15:15,N,2350.13,4505.99,62.0,7512.8076,2021-02-16 22:15:00
6066218,2021-02-16 22:20:14,N,2408.2,4533.03,62.0,7528.2842,2021-02-16 22:20:00
6066220,2021-02-16 22:25:15,N,2429.49,4693.24,62.0,7398.1831,2021-02-16 22:25:00
6066222,2021-02-16 22:30:16,N,2432.48,4779.86,17.0,7482.1499,2021-02-16 22:30:00
6066226,2021-02-16 22:35:16,N,2413.62,4856.86,17.0,7587.3369,2021-02-16 22:35:00
6066229,2021-02-16 22:40:17,N,2539.55,4998.78,17.0,7728.9546,2021-02-16 22:40:00
6066231,2021-02-16 22:45:16,N,2531.2,4958.23,42.0,7697.9863,2021-02-16 22:45:00
6066235,2021-02-16 22:50:16,N,2340.61,4528.41,17.0,7503.8062,2021-02-16 22:50:00
6066237,2021-02-16 22:55:16,N,2439.72,4772.92,17.0,7763.877,2021-02-16 22:55:00
6066239,2021-02-16 23:00:23,N,2556.15,5018.48,17.0,8045.4805,2021-02-16 23:00:00
6066248,2021-02-16 23:05:17,N,2764.55,5515.26,17.0,8196.5146,2021-02-16 23:05:00
6066251,2021-02-16 23:10:15,N,2876.99,5818.71,17.0,8418.4746,2021-02-16 23:10:00
6066253,2021-02-16 23:15:14,N,2919.83,6011.03,17.0,8528.1816,2021-02-16 23:15:00
6066258,2021-02-16 23:20:14,N,2915.75,6081.51,17.0,8484.1064,2021-02-16 23:20:00
6066260,2021-02-16 23:25:15,N,2760.31,5896.38,17.0,8175.9668,2021-02-16 23:25:00
6066262,2021-02-16 23:30:15,N,2850.13,5957.58,17.0,8352.9365,2021-02-16 23:30:00
6066267,2021-02-16 23:35:14,N,2962.09,6115.85,17.0,8366.1992,2021-02-16 23:35:00
6066270,2021-02-16 23:40:16,N,2959.04,6184.71,17.0,8587.5957,2021-02-16 23:40:00
6066272,2021-02-16 23:45:16,N,2694.79,5586.83,117.0,7917.8662,2021-02-16 23:45:00
6066276,2021-02-16 23:50:15,N,2680.0,5375.85,117.0,7895.4766,2021-02-16 23:50:00
6066278,2021-02-16 23:55:16,N,2874.64,5434.52,117.0,7968.3691,2021-02-16 23:55:00
6066281,2021-02-17 00:00:22,N,2735.99,5275.01,182.0,7830.4448,2021-02-17 00:00:00
6066289,2021-02-17 00:05:15,N,2560.94,4918.39,182.0,7478.127,2021-02-17 00:05:00
6066292,2021-02-17 00:10:15,N,2459.01,4482.57,182.0,5842.2124,2021-02-17 00:10:00
6066294,2021-02-17 00:15:16,N,2436.2,4396.96,82.0,6540.5391,2021-02-17 00:15:00
6066298,2021-02-17 00:20:15,N,2534.96,4647.58,82.0,6898.6563,2021-02-17 00:20:00
6066300,2021-02-17 00:25:17,N,2678.11,4829.11,82.0,7011.1274,2021-02-17 00:25:00
6066302,2021-02-17 00:30:15,N,2715.45,4455.11,82.0,7152.1016,2021-02-17 00:30:00
6066306,2021-02-17 00:35:15,N,2675.33,4459.33,82.0,7102.9009,2021-02-17 00:35:00
6066309,2021-02-17 00:40:18,N,2831.24,4739.27,82.0,7410.2241,2021-02-17 00:40:00
6066311,2021-02-17 00:45:16,N,2890.83,5034.46,82.0,7766.9873,2021-02-17 00:45:00
6066315,2021-02-17 00:50:18,N,3190.35,5669.53,82.0,8264.3232,2021-02-17 00:50:00
6066317,2021-02-17 00:55:17,N,3021.69,5210.41,82.0,7908.1377,2021-02-17 00:55:00
6066319,2021-02-17 01:00:20,N,3128.84,5570.17,82.0,8274.7773,2021-02-17 01:00:00
6066329,2021-02-17 01:03:48,N,3017.21,5457.2,82.0,7945.1938,2021-02-17 01:00:00
6066330,2021-02-17 01:05:16,N,3001.76,5373.51,82.0,7897.6309,2021-02-17 01:05:00
6066333,2021-02-17 01:06:53,N,2957.71,5267.21,82.0,7879.7017,2021-02-17 01:05:00
6066334,2021-02-17 01:08:24,N,2917.51,5243.21,82.0,7844.7554,2021-02-17 01:05:00
6066335,2021-02-17 01:10:15,N,2900.05,5174.61,91.06,7654.7544,2021-02-17 01:10:00
6066337,2021-02-17 01:11:36,N,2938.68,5177.08,91.06,7764.3433,2021-02-17 01:10:00
6066338,2021-02-17 01:13:08,N,3020.47,5257.96,91.06,7846.9966,2021-02-17 01:10:00
6066339,2021-02-17 01:15:15,N,3182.82,5514.53,91.06,7882.4321,2021-02-17 01:15:00
6066343,2021-02-17 01:20:15,N,3230.64,5674.72,91.05,7958.0547,2021-02-17 01:20:00
6066345,2021-02-17 01:25:14,N,3163.13,5550.26,91.05,7886.4019,2021-02-17 01:25:00
6066347,2021-02-17 01:28:12,N,3096.09,5493.98,91.05,7648.1602,2021-02-17 01:25:00
6066348,2021-02-17 01:30:14,N,3002.34,5394.56,91.05,7639.5781,2021-02-17 01:30:00
6066352,2021-02-17 01:35:15,N,2930.57,5151.21,91.05,7526.5864,2021-02-17 01:35:00
6066355,2021-02-17 01:40:16,N,3040.52,5535.4,91.05,7640.5024,2021-02-17 01:40:00
6066357,2021-02-17 01:45:16,N,3074.59,5528.94,91.05,7735.416,2021-02-17 01:45:00
6066361,2021-02-17 01:48:49,N,2907.91,5080.14,91.05,7597.021,2021-02-17 01:45:00
6066362,2021-02-17 01:50:16,N,2886.68,5027.51,91.05,7549.1904,2021-02-17 01:50:00
6066364,2021-02-17 01:55:15,N,2896.08,5044.67,91.05,7572.4844,2021-02-17 01:55:00
6066366,2021-02-17 02:00:22,N,2933.65,5110.05,91.05,7642.6704,2021-02-17 02:00:00
6066375,2021-02-17 02:05:15,N,2918.54,5086.95,91.05,7571.5347,2021-02-17 02:05:00
6066378,2021-02-17 02:10:15,N,2821.66,4894.84,91.05,7413.4951,2021-02-17 02:10:00
6066380,2021-02-17 02:15:16,N,2851.64,4968.37,91.05,7434.0469,2021-02-17 02:15:00
6066384,2021-02-17 02:20:16,N,2962.38,5042.34,91.05,7489.8701,2021-02-17 02:20:00
6066386,2021-02-17 02:25:14,N,2946.23,5131.76,91.05,7471.3613,2021-02-17 02:25:00
6066388,2021-02-17 02:30:15,N,2978.76,5191.47,91.05,7503.4497,2021-02-17 02:30:00
6066392,2021-02-17 02:35:14,N,2825.11,4646.76,91.05,7052.2056,2021-02-17 02:35:00
6066395,2021-02-17 02:40:15,N,2892.8,4703.38,91.05,7259.7012,2021-02-17 02:40:00
6066397,2021-02-17 02:41:47,N,2905.21,4723.7,91.05,7313.0425,2021-02-17 02:40:00
6066398,2021-02-17 02:42:32,N,2931.83,4758.58,91.05,7347.3276,2021-02-17 02:40:00
6066399,2021-02-17 02:43:43,N,2984.01,4762.52,91.05,7363.6523,2021-02-17 02:40:00
6066400,2021-02-17 02:45:16,N,2850.69,4764.0,91.05,7337.6074,2021-02-17 02:45:00
6066404,2021-02-17 02:46:32,N,2895.11,4840.54,91.05,7375.752,2021-02-17 02:45:00
6066405,2021-02-17 02:50:15,N,2763.35,4736.12,91.03,7259.7764,2021-02-17 02:50:00
6066407,2021-02-17 02:55:16,N,2725.32,4660.28,91.03,6992.1445,2021-02-17 02:55:00
6066409,2021-02-17 03:00:20,N,2790.64,4687.73,91.03,7296.6851,2021-02-17 03:00:00
6066418,2021-02-17 03:05:16,N,2787.65,4710.84,91.03,7329.0386,2021-02-17 03:05:00
6066421,2021-02-17 03:10:15,N,2740.04,4549.73,91.03,6942.0439,2021-02-17 03:10:00
6066423,2021-02-17 03:13:11,N,2686.51,4471.09,91.03,6652.9131,2021-02-17 03:10:00
6066424,2021-02-17 03:15:14,N,2712.49,4540.57,91.03,6938.2114,2021-02-17 03:15:00
6066428,2021-02-17 03:18:10,N,2789.99,4549.38,91.03,6960.8496,2021-02-17 03:15:00
6066429,2021-02-17 03:20:16,N,2804.98,4574.2,91.03,7147.4282,2021-02-17 03:20:00
6066431,2021-02-17 03:25:14,N,2795.13,4555.94,91.03,7138.6265,2021-02-17 03:25:00
6066433,2021-02-17 03:30:16,N,2820.14,4549.08,95.03,7257.7246,2021-02-17 03:30:00
6066437,2021-02-17 03:35:15,N,2805.32,4593.54,95.03,7251.5117,2021-02-17 03:35:00
6066440,2021-02-17 03:40:18,N,2721.5,4402.67,95.03,6617.4097,2021-02-17 03:40:00
6066442,2021-02-17 03:41:48,N,2722.55,4394.42,95.03,6612.5278,2021-02-17 03:40:00
6066443,2021-02-17 03:45:17,N,2821.44,4559.39,95.03,7177.2075,2021-02-17 03:45:00
6066447,2021-02-17 03:50:17,N,2905.21,4781.88,95.03,7726.6978,2021-02-17 03:50:00
6066449,2021-02-17 03:55:16,N,2776.93,4540.4,95.03,7346.6182,2021-02-17 03:55:00
6066451,2021-02-17 04:00:20,N,2812.44,4516.6,95.03,7256.8481,2021-02-17 04:00:00
6066460,2021-02-17 04:05:16,N,2753.2,4239.25,95.03,6463.5786,2021-02-17 04:05:00
6066463,2021-02-17 04:10:18,N,2815.54,4231.16,94.18,5811.5293,2021-02-17 04:10:00
6066465,2021-02-17 04:15:16,N,2546.58,3599.08,95.03,4444.646,2021-02-17 04:15:00
6066469,2021-02-17 04:20:16,N,2441.37,3416.12,95.03,4018.9141,2021-02-17 04:20:00
6066471,2021-02-17 04:25:16,N,2399.31,3335.31,95.03,3612.5137,2021-02-17 04:25:00
6066473,2021-02-17 04:30:19,N,2444.57,3092.21,95.03,2109.2109,2021-02-17 04:30:00
6066477,2021-02-17 04:31:40,N,2476.32,3242.12,78.18,1103.8464,2021-02-17 04:30:00
6066478,2021-02-17 04:35:16,N,2316.16,2848.52,95.03,0.0,2021-02-17 04:35:00
6066481,2021-02-17 04:37:15,N,2279.93,2772.43,0.0,0.0,2021-02-17 04:35:00
6066482,2021-02-17 04:40:16,N,2251.88,2801.88,0.0,157.8385,2021-02-17 04:40:00
6066484,2021-02-17 04:45:15,N,2348.61,3106.23,95.0,2123.0166,2021-02-17 04:45:00
6066488,2021-02-17 04:50:16,N,2502.63,3163.4,95.0,2254.7754,2021-02-17 04:50:00
6066490,2021-02-17 04:55:16,N,2385.32,3026.01,95.0,2043.5366,2021-02-17 04:55:00
6066493,2021-02-17 05:00:21,N,2276.08,2791.37,0.0,703.6055,2021-02-17 05:00:00
6066501,2021-02-17 05:05:17,N,2082.37,2309.07,0.0,0.0,2021-02-17 05:05:00
6066504,2021-02-17 05:10:16,N,2025.37,2236.13,0.0,71.67,2021-02-17 05:10:00
6066506,2021-02-17 05:15:16,N,2037.19,2281.56,0.0,94.0697,2021-02-17 05:15:00
6066510,2021-02-17 05:20:15,N,2230.99,2516.86,0.0,690.2619,2021-02-17 05:20:00
6066513,2021-02-17 05:25:15,N,2126.42,2351.57,0.0,0.0,2021-02-17 05:25:00
6066515,2021-02-17 05:30:17,N,2138.66,2418.86,0.0,1203.4548,2021-02-17 05:30:00
6066519,2021-02-17 05:35:15,N,2018.17,2116.77,0.0,0.0,2021-02-17 05:35:00
6066522,2021-02-17 05:40:17,N,2009.45,2263.04,0.0,543.5312,2021-02-17 05:40:00
6066524,2021-02-17 05:45:16,N,2121.49,2473.28,0.0,1329.3778,2021-02-17 05:45:00
6066528,2021-02-17 05:50:17,N,2138.33,2400.09,0.0,1243.9603,2021-02-17 05:50:00
6066530,2021-02-17 05:55:17,N,1942.0,2129.19,0.0,9.0819,2021-02-17 05:55:00
6066532,2021-02-17 06:00:21,N,1945.28,2052.46,0.0,0.0,2021-02-17 06:00:00
6066541,2021-02-17 06:03:55,N,1669.13,1474.42,0.0,0.0,2021-02-17 06:00:00
6066542,2021-02-17 06:05:16,N,1657.28,1425.89,0.0,0.0,2021-02-17 06:05:00
6066545,2021-02-17 06:06:08,N,1614.21,1370.93,0.0,0.0,2021-02-17 06:05:00
6066546,2021-02-17 06:07:06,N,1566.07,1304.38,0.0,0.0,2021-02-17 06:05:00
6066547,2021-02-17 06:10:15,N,1549.49,1233.34,0.0,0.0,2021-02-17 06:10:00
6066549,2021-02-17 06:13:05,N,1451.36,1216.32,0.0,0.0,2021-02-17 06:10:00
6066550,2021-02-17 06:15:15,N,1452.67,1312.92,0.0,0.0,2021-02-17 06:15:00
6066554,2021-02-17 06:16:15,N,1452.69,1287.72,0.0,0.0,2021-02-17 06:15:00
6066555,2021-02-17 06:20:16,N,1431.88,1401.49,0.0,0.0,2021-02-17 06:20:00
6066557,2021-02-17 06:25:16,N,1529.34,1726.68,0.0,0.0,2021-02-17 06:25:00
6066559,2021-02-17 06:30:15,N,1516.73,1711.21,0.0,0.0,2021-02-17 06:30:00
6066563,2021-02-17 06:35:16,N,1443.97,1589.61,0.0,0.0,2021-02-17 06:35:00
6066566,2021-02-17 06:40:16,N,1464.49,1491.41,0.0,0.0,2021-02-17 06:40:00
6066568,2021-02-17 06:45:16,N,1710.46,2013.84,0.0,802.6826,2021-02-17 06:45:00
6066572,2021-02-17 06:50:18,N,1538.14,1713.39,0.0,0.0,2021-02-17 06:50:00
6066574,2021-02-17 06:55:15,N,1602.58,1825.83,0.0,0.0,2021-02-17 06:55:00
6066576,2021-02-17 07:00:18,N,1619.28,2027.34,0.0,1251.0464,2021-02-17 07:00:00
6066585,2021-02-17 07:05:15,N,1692.15,2087.42,0.0,1343.896,2021-02-17 07:05:00
6066588,2021-02-17 07:10:14,N,1547.15,2030.88,0.0,815.7156,2021-02-17 07:10:00
6066590,2021-02-17 07:15:15,N,1517.67,1957.48,0.0,0.0,2021-02-17 07:15:00
6066594,2021-02-17 07:20:16,N,1399.38,1721.34,0.0,0.0,2021-02-17 07:20:00
6066596,2021-02-17 07:23:23,N,1408.69,1735.11,0.0,0.0,2021-02-17 07:20:00
6066597,2021-02-17 07:25:15,N,1436.42,1797.45,0.0,0.0,2021-02-17 07:25:00
6066599,2021-02-17 07:30:16,N,1424.38,1783.79,0.0,0.0,2021-02-17 07:30:00
6066603,2021-02-17 07:33:03,N,1295.04,1538.72,0.0,0.0,2021-02-17 07:30:00
6066604,2021-02-17 07:35:16,N,1252.16,1542.29,0.0,0.0,2021-02-17 07:35:00
6066607,2021-02-17 07:36:29,N,1295.89,1527.57,0.0,0.0,2021-02-17 07:35:00
6066608,2021-02-17 07:40:14,N,1295.79,1578.07,0.0,0.0,2021-02-17 07:40:00
6066610,2021-02-17 07:41:54,N,1283.26,1562.74,0.0,0.0,2021-02-17 07:40:00
6066611,2021-02-17 07:45:15,N,1187.69,1461.68,0.0,0.0,2021-02-17 07:45:00
6066615,2021-02-17 07:47:19,N,1214.81,1541.23,0.0,0.0,2021-02-17 07:45:00
6066616,2021-02-17 07:50:16,N,1272.65,1579.72,0.0,0.0,2021-02-17 07:50:00
6066618,2021-02-17 07:55:14,N,1260.93,1556.57,0.0,0.0,2021-02-17 07:55:00
6066620,2021-02-17 07:57:37,N,1318.85,1653.73,0.0,0.0,2021-02-17 07:55:00
6066621,2021-02-17 08:00:20,N,1669.1,2082.53,0.0,1336.2349,2021-02-17 08:00:00
6066630,2021-02-17 08:05:16,N,1603.86,2011.83,0.0,1227.5676,2021-02-17 08:05:00
6066633,2021-02-17 08:10:16,N,1648.01,2378.92,0.0,2135.01,2021-02-17 08:10:00
6066635,2021-02-17 08:15:16,N,1872.38,2813.83,0.0,3965.2434,2021-02-17 08:15:00
6066639,2021-02-17 08:20:15,N,1852.13,2888.58,0.0,3985.0698,2021-02-17 08:20:00
6066641,2021-02-17 08:21:34,N,1729.91,2685.3,0.0,3087.5515,2021-02-17 08:20:00
6066642,2021-02-17 08:25:15,N,1757.35,2634.87,0.0,2663.3721,2021-02-17 08:25:00
6066644,2021-02-17 08:30:14,N,1735.15,2554.84,0.0,2836.2634,2021-02-17 08:30:00
6066648,2021-02-17 08:35:16,N,1823.55,2636.4,0.0,2978.0557,2021-02-17 08:35:00
6066651,2021-02-17 08:40:16,N,1770.98,2678.47,0.0,3073.7568,2021-02-17 08:40:00
6066653,2021-02-17 08:45:15,N,1926.08,2996.7,0.0,4734.522,2021-02-17 08:45:00
6066657,2021-02-17 08:50:16,N,1895.05,3005.95,0.0,4405.9165,2021-02-17 08:50:00
6066659,2021-02-17 08:55:17,N,1870.52,2999.27,0.0,4341.5,2021-02-17 08:55:00
6066661,2021-02-17 09:00:21,N,2348.95,3697.0,26.78,6410.3271,2021-02-17 09:00:00
6066670,2021-02-17 09:05:16,N,2336.91,3279.44,25.98,4883.5649,2021-02-17 09:05:00
6066673,2021-02-17 09:10:17,N,2057.43,2997.02,0.0,3920.5295,2021-02-17 09:10:00
6066675,2021-02-17 09:15:17,N,2081.48,3002.2,0.0,4135.3301,2021-02-17 09:15:00
6066679,2021-02-17 09:18:47,N,2198.74,3243.0,0.0,4783.6045,2021-02-17 09:15:00
6066680,2021-02-17 09:19:43,N,2297.14,3553.03,0.0,5345.248,2021-02-17 09:15:00
6066681,2021-02-17 09:20:15,N,2260.09,3541.52,0.0,5326.7397,2021-02-17 09:20:00
6066683,2021-02-17 09:25:15,N,2169.49,3335.72,0.0,4767.3965,2021-02-17 09:25:00
6066685,2021-02-17 09:30:15,N,2313.16,3505.78,25.98,5355.6343,2021-02-17 09:30:00
6066689,2021-02-17 09:35:16,N,2348.43,3569.15,65.97,5494.939,2021-02-17 09:35:00
6066692,2021-02-17 09:40:16,N,2154.48,3300.44,0.0,4897.377,2021-02-17 09:40:00
6066694,2021-02-17 09:45:15,N,2167.57,3399.87,0.0,5047.3379,2021-02-17 09:45:00
6066698,2021-02-17 09:50:15,N,2216.99,3475.94,0.0,5218.7847,2021-02-17 09:50:00
6066700,2021-02-17 09:55:16,N,2427.61,3771.36,25.97,6053.1265,2021-02-17 09:55:00
6066703,2021-02-17 10:00:19,N,2459.84,4368.69,25.97,6789.9077,2021-02-17 10:00:00
6066712,2021-02-17 10:02:03,N,2424.72,4339.86,25.97,6773.3569,2021-02-17 10:00:00
6066715,2021-02-17 10:05:14,N,2275.92,3468.73,0.0,5167.7656,2021-02-17 10:05:00
6066718,2021-02-17 10:10:15,N,2240.31,3506.74,0.0,5231.3223,2021-02-17 10:10:00
6066720,2021-02-17 10:15:16,N,2277.53,3582.8,0.0,5300.4844,2021-02-17 10:15:00
6066724,2021-02-17 10:20:14,N,2218.52,3417.46,0.0,4756.0518,2021-02-17 10:20:00
6066726,2021-02-17 10:21:22,N,2157.57,3331.73,0.0,4572.0137,2021-02-17 10:20:00
6066727,2021-02-17 10:25:15,N,2091.51,3185.44,0.0,4004.9668,2021-02-17 10:25:00
6066729,2021-02-17 10:27:12,N,2079.48,3247.22,0.0,4682.2056,2021-02-17 10:25:00
6066730,2021-02-17 10:30:16,N,2306.03,3499.72,25.95,5345.4795,2021-02-17 10:30:00
6066735,2021-02-17 10:35:16,N,2583.08,4118.47,25.95,7272.4067,2021-02-17 10:35:00
6066737,2021-02-17 10:37:52,N,2414.54,3801.24,20.63,5783.8911,2021-02-17 10:35:00
6066738,2021-02-17 10:40:15,N,2364.03,3724.74,25.95,5619.9331,2021-02-17 10:40:00
6066740,2021-02-17 10:45:16,N,2235.44,3510.29,0.0,5237.1553,2021-02-17 10:45:00
6066744,2021-02-17 10:50:17,N,2464.58,3831.75,25.95,5754.4771,2021-02-17 10:50:00
6066746,2021-02-17 10:55:16,N,2591.39,4196.52,25.95,6505.3452,2021-02-17 10:55:00
6066748,2021-02-17 11:00:22,N,2826.13,4603.43,26.05,7638.3691,2021-02-17 11:00:00
6066757,2021-02-17 11:05:15,N,2957.05,4994.12,25.95,8040.7261,2021-02-17 11:05:00
6066761,2021-02-17 11:10:17,N,3066.31,5344.69,25.95,8120.1196,2021-02-17 11:10:00
6066763,2021-02-17 11:15:15,N,2891.47,5171.95,25.95,8085.7402,2021-02-17 11:15:00
6066769,2021-02-17 11:20:16,N,3085.02,5468.57,25.95,8377.8398,2021-02-17 11:20:00
6066771,2021-02-17 11:25:14,N,3110.97,5958.32,25.95,8630.2412,2021-02-17 11:25:00
6066773,2021-02-17 11:30:16,N,3366.6,6304.47,27.25,8816.8086,2021-02-17 11:30:00
6066778,2021-02-17 11:35:15,N,3307.66,6309.77,27.25,8814.9434,2021-02-17 11:35:00
6066781,2021-02-17 11:40:15,N,3198.22,6406.98,27.25,8700.8184,2021-02-17 11:40:00
6066783,2021-02-17 11:45:12,N,3353.08,6574.02,27.25,8920.5732,2021-02-17 11:45:00
6066787,2021-02-17 11:48:30,N,3302.39,6497.89,27.25,8838.1797,2021-02-17 11:45:00
6066788,2021-02-17 11:50:23,N,3278.61,6537.76,27.25,8819.3525,2021-02-17 11:50:00
6066790,2021-02-17 11:55:13,N,3400.01,6846.19,25.95,8922.9736,2021-02-17 11:55:00
6066792,2021-02-17 12:00:23,N,3651.99,7670.06,25.95,8924.8594,2021-02-17 12:00:00
6066801,2021-02-17 12:05:14,N,3624.18,7366.64,25.95,8879.8105,2021-02-17 12:05:00
6066804,2021-02-17 12:10:14,N,3687.44,7407.98,25.95,8877.248,2021-02-17 12:10:00
6066806,2021-02-17 12:15:13,N,3810.43,7650.04,25.95,8924.8486,2021-02-17 12:15:00
6066810,2021-02-17 12:20:14,N,3755.92,7895.71,25.95,8934.5791,2021-02-17 12:20:00
6066812,2021-02-17 12:22:28,N,3887.41,7952.86,25.95,8924.9521,2021-02-17 12:20:00
6066813,2021-02-17 12:25:16,N,3803.42,7762.61,14.77,8889.1582,2021-02-17 12:25:00
6066815,2021-02-17 12:26:19,N,3828.04,7771.08,14.76,8889.1621,2021-02-17 12:25:00
6066816,2021-02-17 12:30:16,N,3821.21,7727.98,25.95,8883.8506,2021-02-17 12:30:00
6066820,2021-02-17 12:35:15,N,3838.14,7514.95,21.99,8712.6172,2021-02-17 12:35:00
6066823,2021-02-17 12:40:15,N,3581.92,7177.87,25.93,8690.0361,2021-02-17 12:40:00
6066825,2021-02-17 12:45:16,N,3711.58,7744.5,29.57,8872.1904,2021-02-17 12:45:00
6066829,2021-02-17 12:50:17,N,3888.64,7953.6,30.15,8920.2998,2021-02-17 12:50:00
6066831,2021-02-17 12:55:18,N,3927.88,8137.06,32.09,8920.3252,2021-02-17 12:55:00
6066834,2021-02-17 13:00:24,N,4008.41,8212.34,33.89,8882.6709,2021-02-17 13:00:00
6066842,2021-02-17 13:05:15,N,3953.64,8052.8,25.93,8877.8936,2021-02-17 13:05:00
6066845,2021-02-17 13:08:17,N,3897.49,7960.32,25.93,8874.2715,2021-02-17 13:05:00
6066846,2021-02-17 13:10:16,N,3841.45,7797.05,25.93,8771.8906,2021-02-17 13:10:00
6066848,2021-02-17 13:15:16,N,3911.05,7966.02,25.93,8874.9619,2021-02-17 13:15:00
6066852,2021-02-17 13:20:16,N,3940.56,8063.2,25.93,8871.9365,2021-02-17 13:20:00
6066854,2021-02-17 13:25:17,N,3978.51,8107.58,25.93,8771.7813,2021-02-17 13:25:00
6066856,2021-02-17 13:30:17,N,4076.14,8250.84,25.92,8871.957,2021-02-17 13:30:00
6066860,2021-02-17 13:35:16,N,4035.25,8087.85,25.92,8834.8779,2021-02-17 13:35:00
6066863,2021-02-17 13:40:17,N,3910.81,7952.36,25.92,8778.5547,2021-02-17 13:40:00
6066865,2021-02-17 13:45:18,N,3917.5,7951.43,25.92,8749.9492,2021-02-17 13:45:00
6066869,2021-02-17 13:50:19,N,3851.62,7805.47,25.92,8734.6436,2021-02-17 13:50:00
6066871,2021-02-17 13:55:19,N,3999.54,8102.55,25.92,8843.3193,2021-02-17 13:55:00
6066873,2021-02-17 14:00:21,N,4060.03,8269.74,26.87,8926.1279,2021-02-17 14:00:00
6066882,2021-02-17 14:05:17,N,3947.82,7835.21,25.92,8926.0684,2021-02-17 14:05:00
6066885,2021-02-17 14:07:10,N,3963.87,7853.92,25.92,8914.21,2021-02-17 14:05:00
6066886,2021-02-17 14:10:15,N,4203.47,8363.81,25.92,8882.5723,2021-02-17 14:10:00
6066888,2021-02-17 14:15:16,N,4452.06,9117.84,25.92,8926.1211,2021-02-17 14:15:00
6066892,2021-02-17 14:20:16,N,4270.03,9061.91,25.92,8925.2666,2021-02-17 14:20:00
6066894,2021-02-17 14:25:15,N,4149.78,8586.63,22.03,8882.1523,2021-02-17 14:25:00
6066898,2021-02-17 14:30:16,N,4231.75,8655.86,25.92,8880.7217,2021-02-17 14:30:00
6066903,2021-02-17 14:35:15,N,4196.86,8611.08,50.82,8881.9385,2021-02-17 14:35:00
6066906,2021-02-17 14:40:15,N,4278.74,9089.11,25.92,8925.2842,2021-02-17 14:40:00
6066908,2021-02-17 14:45:15,N,4347.12,9275.08,25.9,8931.8887,2021-02-17 14:45:00
6066912,2021-02-17 14:50:17,N,4493.72,9443.97,25.9,8935.75,2021-02-17 14:50:00
6066914,2021-02-17 14:55:15,N,4614.27,9709.19,25.9,8935.8955,2021-02-17 14:55:00
6066916,2021-02-17 15:00:18,N,4666.22,9772.1,25.9,8932.0898,2021-02-17 15:00:00
6066925,2021-02-17 15:05:16,N,4592.25,9618.58,25.9,8925.2988,2021-02-17 15:05:00
6066928,2021-02-17 15:10:16,N,4562.0,9583.1,25.9,8927.8145,2021-02-17 15:10:00
6066930,2021-02-17 15:15:16,N,4594.84,9576.37,33.6,8927.7695,2021-02-17 15:15:00
6066934,2021-02-17 15:20:14,N,4628.1,9734.05,83.1,8927.7578,2021-02-17 15:20:00
6066936,2021-02-17 15:25:15,N,4477.05,9196.6,113.1,8927.7256,2021-02-17 15:25:00
6066938,2021-02-17 15:30:16,N,4468.64,9159.41,129.9,8888.7617,2021-02-17 15:30:00
6066942,2021-02-17 15:35:15,N,4471.2,9134.31,85.9,8927.707,2021-02-17 15:35:00
6066945,2021-02-17 15:40:16,N,4578.04,9354.56,85.8,8927.6543,2021-02-17 15:40:00
6066947,2021-02-17 15:45:16,N,4658.64,9716.12,85.9,8934.5391,2021-02-17 15:45:00
6066951,2021-02-17 15:50:15,N,4601.3,9245.19,81.79,8777.4453,2021-02-17 15:50:00
6066953,2021-02-17 15:51:35,N,4577.22,9064.02,85.9,8720.5332,2021-02-17 15:50:00
6066954,2021-02-17 15:55:16,N,4202.55,8445.1,85.9,8697.8643,2021-02-17 15:55:00
6066957,2021-02-17 16:00:19,N,4255.23,8697.87,85.9,8770.5996,2021-02-17 16:00:00
6066965,2021-02-17 16:05:15,N,4219.58,8965.03,85.9,8869.376,2021-02-17 16:05:00
6066968,2021-02-17 16:10:15,N,4333.96,9278.25,130.9,8871.167,2021-02-17 16:10:00
6066970,2021-02-17 16:15:15,N,4279.01,9020.58,130.9,8854.4326,2021-02-17 16:15:00
6066974,2021-02-17 16:20:16,N,4389.79,9272.37,130.9,8891.0205,2021-02-17 16:20:00
6066976,2021-02-17 16:25:15,N,4365.09,9183.98,85.9,8927.5986,2021-02-17 16:25:00
6066978,2021-02-17 16:30:16,N,4413.91,9147.39,85.9,8884.9785,2021-02-17 16:30:00
6066982,2021-02-17 16:35:16,N,4281.8,8643.29,85.9,8835.3008,2021-02-17 16:35:00
6066985,2021-02-17 16:40:17,N,3869.25,7863.04,85.9,8581.5146,2021-02-17 16:40:00
6066987,2021-02-17 16:45:16,N,3718.71,7390.53,85.9,8505.9727,2021-02-17 16:45:00
6066991,2021-02-17 16:50:15,N,3517.38,7028.69,85.9,8682.2002,2021-02-17 16:50:00
6066993,2021-02-17 16:55:14,N,3645.07,7371.69,85.9,8772.7324,2021-02-17 16:55:00
6066995,2021-02-17 17:00:23,N,3747.14,7808.39,85.9,8738.1543,2021-02-17 17:00:00
6067004,2021-02-17 17:05:18,N,3737.99,7588.33,85.9,8824.749,2021-02-17 17:05:00
6067007,2021-02-17 17:10:15,N,3357.09,6588.5,82.8,7536.9956,2021-02-17 17:10:00
6067009,2021-02-17 17:15:16,N,3235.08,6030.9,85.9,7494.2607,2021-02-17 17:15:00
6067013,2021-02-17 17:20:17,N,3271.07,6318.32,85.9,7970.8218,2021-02-17 17:20:00
6067015,2021-02-17 17:25:17,N,3314.99,6644.31,85.9,8428.8584,2021-02-17 17:25:00
6067017,2021-02-17 17:30:17,N,3384.57,6450.01,85.9,8569.3223,2021-02-17 17:30:00
6067021,2021-02-17 17:35:14,N,3257.35,6262.91,85.9,7673.4478,2021-02-17 17:35:00
6067024,2021-02-17 17:40:16,N,3134.96,5572.41,85.9,6912.9214,2021-02-17 17:40:00
6067026,2021-02-17 17:45:16,N,3114.52,5399.06,25.9,6680.5752,2021-02-17 17:45:00
6067030,2021-02-17 17:50:16,N,3041.94,5388.13,25.9,6887.7407,2021-02-17 17:50:00
6067032,2021-02-17 17:55:15,N,3150.35,5523.38,25.9,7096.4033,2021-02-17 17:55:00
6067035,2021-02-17 18:00:20,N,3188.15,5641.67,121.32,7230.4155,2021-02-17 18:00:00
6067043,2021-02-17 18:05:15,N,3204.44,5466.09,110.92,6558.4849,2021-02-17 18:05:00
6067046,2021-02-17 18:10:15,N,3077.22,5113.13,25.9,6079.1572,2021-02-17 18:10:00
6067048,2021-02-17 18:15:14,N,2928.94,4948.38,25.9,5920.48,2021-02-17 18:15:00
6067052,2021-02-17 18:20:15,N,2810.27,4723.44,25.9,5899.9546,2021-02-17 18:20:00
6067054,2021-02-17 18:25:15,N,2760.59,4691.37,25.9,5740.9082,2021-02-17 18:25:00
6067056,2021-02-17 18:30:16,N,2722.08,4582.87,25.9,5622.5024,2021-02-17 18:30:00
6067060,2021-02-17 18:35:15,N,2704.33,4521.65,25.88,5539.1973,2021-02-17 18:35:00
6067063,2021-02-17 18:40:16,N,2768.18,4640.29,25.88,5776.4385,2021-02-17 18:40:00
6067065,2021-02-17 18:45:17,N,2839.09,4928.57,25.88,6413.5298,2021-02-17 18:45:00
6067069,2021-02-17 18:50:16,N,2823.01,4924.34,25.88,6356.2197,2021-02-17 18:50:00
6067071,2021-02-17 18:55:17,N,3029.94,5306.42,25.88,6681.6094,2021-02-17 18:55:00
6067073,2021-02-17 19:00:20,N,2892.31,5319.41,25.88,7205.8301,2021-02-17 19:00:00
6067082,2021-02-17 19:05:16,N,2625.15,4713.51,25.88,6107.0161,2021-02-17 19:05:00
6067085,2021-02-17 19:10:16,N,2485.5,4412.72,25.88,6215.2026,2021-02-17 19:10:00
6067087,2021-02-17 19:15:16,N,2648.59,4673.49,25.88,7109.9629,2021-02-17 19:15:00
6067091,2021-02-17 19:20:16,N,2611.37,4600.21,25.88,6580.6279,2021-02-17 19:20:00
6067093,2021-02-17 19:25:15,N,2625.62,4614.18,25.88,6759.8276,2021-02-17 19:25:00
6067095,2021-02-17 19:30:17,N,2803.05,5092.09,25.88,7525.8687,2021-02-17 19:30:00
6067099,2021-02-17 19:35:16,N,3018.61,5461.96,25.88,7939.0264,2021-02-17 19:35:00
6067102,2021-02-17 19:40:16,N,2899.55,5165.33,21.75,7275.1577,2021-02-17 19:40:00
6067104,2021-02-17 19:45:16,N,2766.32,4852.81,25.87,6675.7656,2021-02-17 19:45:00
6067108,2021-02-17 19:50:17,N,2724.85,4700.09,25.87,6388.9121,2021-02-17 19:50:00
6067110,2021-02-17 19:55:16,N,2653.39,4579.77,25.87,6319.6045,2021-02-17 19:55:00
6067112,2021-02-17 20:00:19,N,2819.16,5005.9,25.87,7099.8887,2021-02-17 20:00:00
6067121,2021-02-17 20:05:15,N,3137.58,5420.52,25.87,7882.8711,2021-02-17 20:05:00
6067124,2021-02-17 20:10:16,N,3218.26,5593.88,25.87,7903.4341,2021-02-17 20:10:00
6067126,2021-02-17 20:15:17,N,3026.82,5479.73,25.87,7577.1758,2021-02-17 20:15:00
6067130,2021-02-17 20:20:16,N,2866.01,5252.71,25.87,7405.8252,2021-02-17 20:20:00
6067132,2021-02-17 20:25:16,N,2931.9,5277.53,25.87,7381.6279,2021-02-17 20:25:00
6067134,2021-02-17 20:30:16,N,2947.03,5272.1,25.87,7407.5342,2021-02-17 20:30:00
6067138,2021-02-17 20:35:15,N,3048.69,5471.8,25.87,7615.0796,2021-02-17 20:35:00
6067141,2021-02-17 20:40:16,N,2843.91,5409.58,25.87,7565.291,2021-02-17 20:40:00
6067143,2021-02-17 20:45:16,N,2821.5,5303.16,25.87,7463.3472,2021-02-17 20:45:00
6067147,2021-02-17 20:50:15,N,2872.14,5324.66,25.87,7491.876,2021-02-17 20:50:00
6067149,2021-02-17 20:55:16,N,2901.51,5433.26,25.87,7570.7012,2021-02-17 20:55:00
6067152,2021-02-17 21:00:20,N,2963.01,5699.56,25.87,7913.0044,2021-02-17 21:00:00
6067160,2021-02-17 21:05:17,N,3065.11,5888.04,25.87,8395.7861,2021-02-17 21:05:00
6067163,2021-02-17 21:10:16,N,3037.88,5888.53,25.87,8387.3398,2021-02-17 21:10:00
6067165,2021-02-17 21:15:15,N,2980.88,5724.98,25.87,8368.9873,2021-02-17 21:15:00
6067169,2021-02-17 21:20:16,N,3063.32,5919.19,25.87,8403.3311,2021-02-17 21:20:00
6067171,2021-02-17 21:25:16,N,3046.15,5930.7,25.87,8437.3984,2021-02-17 21:25:00
6067173,2021-02-17 21:30:15,N,3053.42,5993.26,25.87,8603.7295,2021-02-17 21:30:00
6067177,2021-02-17 21:35:15,N,3072.0,6124.37,25.87,8616.084,2021-02-17 21:35:00
6067180,2021-02-17 21:40:15,N,3105.7,6016.18,25.87,8417.3467,2021-02-17 21:40:00
6067182,2021-02-17 21:45:15,N,3183.98,6159.78,25.87,8643.9531,2021-02-17 21:45:00
6067186,2021-02-17 21:50:15,N,3249.51,6357.96,25.87,8756.7568,2021-02-17 21:50:00
6067188,2021-02-17 21:55:17,N,3167.06,6291.47,25.87,8655.2969,2021-02-17 21:55:00
6067191,2021-02-17 22:00:23,N,3287.03,6600.43,25.87,8847.8066,2021-02-17 22:00:00
6067199,2021-02-17 22:05:20,N,3407.09,6949.55,25.87,8923.5137,2021-02-17 22:05:00
6067202,2021-02-17 22:10:18,N,3161.0,6511.81,25.87,8818.6885,2021-02-17 22:10:00
6067204,2021-02-17 22:15:17,N,3145.64,6360.99,17.67,8640.3096,2021-02-17 22:15:00
6067208,2021-02-17 22:20:17,N,3061.13,6119.27,25.87,8417.6494,2021-02-17 22:20:00
6067210,2021-02-17 22:25:18,N,3006.26,5802.02,25.87,7920.5313,2021-02-17 22:25:00
6067212,2021-02-17 22:30:17,N,3139.86,6137.08,25.87,8398.502,2021-02-17 22:30:00
6067216,2021-02-17 22:35:15,N,3250.77,6520.56,25.87,8765.668,2021-02-17 22:35:00
6067219,2021-02-17 22:40:16,N,3390.69,6823.22,25.87,8853.7852,2021-02-17 22:40:00
6067221,2021-02-17 22:45:17,N,3358.29,6859.33,25.87,8837.6895,2021-02-17 22:45:00
6067225,2021-02-17 22:50:17,N,3240.08,6550.23,25.87,8673.0322,2021-02-17 22:50:00
6067227,2021-02-17 22:55:16,N,3198.18,6367.94,25.86,8608.5703,2021-02-17 22:55:00
6067230,2021-02-17 23:00:22,N,3269.4,6645.43,25.86,8698.5195,2021-02-17 23:00:00
6067238,2021-02-17 23:05:16,N,3405.24,6892.51,25.86,8849.5137,2021-02-17 23:05:00
6067241,2021-02-17 23:10:15,N,3351.51,6984.41,25.84,8838.0195,2021-02-17 23:10:00
6067244,2021-02-17 23:15:15,N,3344.02,7066.85,25.84,8823.6465,2021-02-17 23:15:00
6067248,2021-02-17 23:20:16,N,3448.29,7242.45,25.84,8855.1201,2021-02-17 23:20:00
6067250,2021-02-17 23:25:16,N,3323.18,7094.46,25.84,8633.1875,2021-02-17 23:25:00
6067253,2021-02-17 23:30:16,N,3341.89,6628.15,25.84,8196.4629,2021-02-17 23:30:00
6067257,2021-02-17 23:35:16,N,3177.01,6201.76,25.84,7938.2573,2021-02-17 23:35:00
6067260,2021-02-17 23:40:14,N,3175.75,6340.78,25.84,8400.8477,2021-02-17 23:40:00
6067262,2021-02-17 23:45:17,N,3405.31,6600.57,25.84,8820.5908,2021-02-17 23:45:00
6067266,2021-02-17 23:50:16,N,3499.3,6928.0,25.84,8923.4131,2021-02-17 23:50:00
6067268,2021-02-17 23:55:17,N,3494.96,7268.12,25.84,8924.4531,2021-02-17 23:55:00
6067270,2021-02-18 00:00:23,N,3430.88,7202.56,25.84,8775.8477,2021-02-18 00:00:00
6067279,2021-02-18 00:05:16,N,3236.6,6595.53,25.84,8686.5576,2021-02-18 00:05:00
6067282,2021-02-18 00:10:17,N,3192.41,6492.15,25.84,8681.1631,2021-02-18 00:10:00
6067284,2021-02-18 00:15:16,N,3249.64,6643.17,25.84,8758.9404,2021-02-18 00:15:00
6067288,2021-02-18 00:20:16,N,3283.52,6775.91,25.84,8774.0586,2021-02-18 00:20:00
6067290,2021-02-18 00:25:16,N,3305.71,6981.68,25.84,8785.084,2021-02-18 00:25:00
6067292,2021-02-18 00:30:15,N,3392.1,7049.57,25.84,8836.3301,2021-02-18 00:30:00
6067296,2021-02-18 00:35:16,N,3443.73,7307.6,25.84,8860.5967,2021-02-18 00:35:00
6067299,2021-02-18 00:40:17,N,3441.86,7363.84,25.84,8860.4277,2021-02-18 00:40:00
6067301,2021-02-18 00:45:16,N,3449.23,7362.42,25.84,8860.3945,2021-02-18 00:45:00
6067305,2021-02-18 00:50:16,N,3473.59,7413.51,25.84,8864.3604,2021-02-18 00:50:00
6067307,2021-02-18 00:55:17,N,3483.94,7424.55,25.84,8864.8643,2021-02-18 00:55:00
6067309,2021-02-18 01:00:24,N,3482.94,7351.46,25.84,8860.6484,2021-02-18 01:00:00
6067318,2021-02-18 01:05:15,N,3435.66,7277.56,25.84,8843.002,2021-02-18 01:05:00
6067322,2021-02-18 01:10:19,N,3491.14,7308.45,25.84,8845.8643,2021-02-18 01:10:00
6067324,2021-02-18 01:15:16,N,3488.02,7339.64,25.84,8851.4424,2021-02-18 01:15:00
6067328,2021-02-18 01:20:15,N,3483.83,7343.35,25.82,8832.1553,2021-02-18 01:20:00
6067330,2021-02-18 01:25:16,N,3463.58,7200.23,25.82,8799.7744,2021-02-18 01:25:00
6067333,2021-02-18 01:30:17,N,3575.92,7350.84,25.82,8823.4971,2021-02-18 01:30:00
6067337,2021-02-18 01:35:15,N,3528.23,7457.47,25.82,8845.6709,2021-02-18 01:35:00
6067340,2021-02-18 01:40:15,N,3571.5,7608.88,25.82,8870.4941,2021-02-18 01:40:00
6067343,2021-02-18 01:45:16,N,3615.69,7601.29,25.82,8864.5078,2021-02-18 01:45:00
6067347,2021-02-18 01:50:19,N,3578.98,7492.23,25.82,8829.501,2021-02-18 01:50:00
6067349,2021-02-18 01:55:15,N,3686.19,7768.2,25.82,8876.1396,2021-02-18 01:55:00
6067351,2021-02-18 02:00:22,N,3770.91,7907.49,25.82,8875.5186,2021-02-18 02:00:00
6067360,2021-02-18 02:05:15,N,3857.77,8060.08,25.82,8882.5,2021-02-18 02:05:00
6067363,2021-02-18 02:10:16,N,3905.04,8075.83,25.82,8880.834,2021-02-18 02:10:00
6067365,2021-02-18 02:15:16,N,4019.28,8243.18,120.82,8878.2256,2021-02-18 02:15:00
6067369,2021-02-18 02:20:17,N,4030.29,8354.47,120.82,8880.4697,2021-02-18 02:20:00
6067371,2021-02-18 02:25:17,N,4062.02,8398.35,120.82,8883.668,2021-02-18 02:25:00
6067373,2021-02-18 02:30:17,N,4112.55,8601.35,25.82,8891.6572,2021-02-18 02:30:00
6067377,2021-02-18 02:35:16,N,4145.79,8841.57,25.82,8936.5234,2021-02-18 02:35:00
6067380,2021-02-18 02:40:19,N,4210.28,9004.43,25.82,8946.4697,2021-02-18 02:40:00
6067382,2021-02-18 02:45:17,N,4185.03,8950.65,25.82,8949.4063,2021-02-18 02:45:00
6067386,2021-02-18 02:50:16,N,4289.38,8829.8,25.82,8951.5605,2021-02-18 02:50:00
6067388,2021-02-18 02:55:16,N,4306.95,8779.97,25.82,8932.041,2021-02-18 02:55:00
6067390,2021-02-18 03:00:22,N,4201.57,8636.91,25.82,8929.3281,2021-02-18 03:00:00
6067399,2021-02-18 03:05:18,N,4160.06,8700.06,25.82,8930.6865,2021-02-18 03:05:00
6067402,2021-02-18 03:10:17,N,4208.97,8850.26,25.82,8946.7598,2021-02-18 03:10:00
6067404,2021-02-18 03:15:15,N,4253.91,8877.51,25.82,8941.375,2021-02-18 03:15:00
6067408,2021-02-18 03:20:15,N,4276.29,8874.04,120.79,8937.0547,2021-02-18 03:20:00
6067410,2021-02-18 03:25:16,N,4297.29,8659.86,120.79,8890.9912,2021-02-18 03:25:00
6067412,2021-02-18 03:30:17,N,4181.79,8544.17,120.79,8892.791,2021-02-18 03:30:00
6067416,2021-02-18 03:35:16,N,4123.14,8566.63,120.79,8890.2051,2021-02-18 03:35:00
6067419,2021-02-18 03:40:19,N,4075.17,8381.89,120.79,8885.0889,2021-02-18 03:40:00
6067421,2021-02-18 03:45:16,N,4050.86,8224.61,120.79,8881.6094,2021-02-18 03:45:00
6067425,2021-02-18 03:50:18,N,4057.62,8237.32,25.79,8880.7451,2021-02-18 03:50:00
6067427,2021-02-18 03:55:17,N,4047.63,8257.21,25.79,8880.1133,2021-02-18 03:55:00
6067430,2021-02-18 04:00:20,N,4046.91,8199.33,25.79,8878.2305,2021-02-18 04:00:00
6067438,2021-02-18 04:05:17,N,4038.92,8203.74,25.79,8880.1338,2021-02-18 04:05:00
6067441,2021-02-18 04:10:16,N,4048.07,8209.15,25.79,8881.4951,2021-02-18 04:10:00
6067443,2021-02-18 04:15:15,N,4035.32,8251.06,25.79,8883.3232,2021-02-18 04:15:00
6067447,2021-02-18 04:20:16,N,4048.54,8357.81,25.79,8884.1445,2021-02-18 04:20:00
6067449,2021-02-18 04:25:15,N,3995.4,8292.94,25.79,8884.2139,2021-02-18 04:25:00
6067451,2021-02-18 04:30:18,N,4000.57,8307.18,25.79,8884.2891,2021-02-18 04:30:00
6067455,2021-02-18 04:35:17,N,3996.46,8386.24,25.79,8886.7891,2021-02-18 04:35:00
6067458,2021-02-18 04:40:17,N,4037.91,8389.08,25.79,8884.2939,2021-02-18 04:40:00
6067460,2021-02-18 04:45:16,N,4039.1,8074.19,25.79,8875.25,2021-02-18 04:45:00
6067464,2021-02-18 04:50:19,N,3830.48,7755.48,25.79,8785.0195,2021-02-18 04:50:00
6067466,2021-02-18 04:55:18,N,3823.29,7651.84,25.79,8773.6172,2021-02-18 04:55:00
6067468,2021-02-18 05:00:23,N,3829.76,7480.37,25.79,8767.7471,2021-02-18 05:00:00
6067477,2021-02-18 05:05:16,N,3700.02,7236.83,25.79,8679.3398,2021-02-18 05:05:00
6067480,2021-02-18 05:10:16,N,3674.76,7070.9,25.79,8635.0557,2021-02-18 05:10:00
6067482,2021-02-18 05:15:16,N,3683.6,7052.6,25.79,8677.4717,2021-02-18 05:15:00
6067486,2021-02-18 05:20:16,N,3692.48,7190.6,25.79,8673.0273,2021-02-18 05:20:00
6067489,2021-02-18 05:25:16,N,3651.42,7200.4,25.77,8677.9443,2021-02-18 05:25:00
6067491,2021-02-18 05:30:16,N,3696.34,7273.76,25.77,8720.7646,2021-02-18 05:30:00
6067495,2021-02-18 05:35:16,N,3780.47,7293.21,25.77,8700.8535,2021-02-18 05:35:00
6067498,2021-02-18 05:40:16,N,3717.56,7270.96,25.77,8702.4893,2021-02-18 05:40:00
6067500,2021-02-18 05:45:18,N,3634.99,7149.18,25.77,8642.0117,2021-02-18 05:45:00
6067504,2021-02-18 05:50:16,N,3520.77,6796.2,25.77,8433.4697,2021-02-18 05:50:00
6067506,2021-02-18 05:55:17,N,3392.27,6313.26,25.77,7941.3696,2021-02-18 05:55:00
6067509,2021-02-18 06:00:21,N,3482.54,6202.03,25.77,7515.1079,2021-02-18 06:00:00
6067517,2021-02-18 06:05:16,N,3392.07,5806.3,25.77,7136.9082,2021-02-18 06:05:00
6067520,2021-02-18 06:10:15,N,3334.6,5748.23,25.77,7286.4033,2021-02-18 06:10:00
6067522,2021-02-18 06:15:16,N,3217.15,5587.07,25.77,7273.2251,2021-02-18 06:15:00
6067526,2021-02-18 06:20:15,N,3141.17,5486.17,25.77,7145.6914,2021-02-18 06:20:00
6067528,2021-02-18 06:25:16,N,3099.41,5296.52,25.77,6537.104,2021-02-18 06:25:00
6067530,2021-02-18 06:30:18,N,3214.12,5343.26,25.77,6703.688,2021-02-18 06:30:00
6067534,2021-02-18 06:35:18,N,3160.93,5391.97,25.77,6776.0234,2021-02-18 06:35:00
6067537,2021-02-18 06:40:15,N,3088.0,5300.43,25.77,6594.561,2021-02-18 06:40:00
6067539,2021-02-18 06:45:16,N,3067.95,5081.51,25.77,6359.7905,2021-02-18 06:45:00
6067543,2021-02-18 06:50:16,N,3060.06,5054.29,25.77,6493.4712,2021-02-18 06:50:00
6067545,2021-02-18 06:55:16,N,3000.2,4935.99,25.77,6337.3477,2021-02-18 06:55:00
6067548,2021-02-18 07:00:23,N,2929.13,4809.27,25.77,6231.3291,2021-02-18 07:00:00
6067556,2021-02-18 07:05:16,N,2885.49,4872.57,25.77,6148.8115,2021-02-18 07:05:00
6067559,2021-02-18 07:10:16,N,2930.57,5065.75,25.77,6607.5142,2021-02-18 07:10:00
6067561,2021-02-18 07:15:17,N,3074.16,5449.01,25.77,7219.605,2021-02-18 07:15:00
6067565,2021-02-18 07:20:16,N,3235.53,5843.31,25.77,8542.1182,2021-02-18 07:20:00
6067567,2021-02-18 07:25:16,N,3072.66,5598.97,17.0,7901.2021,2021-02-18 07:25:00
6067569,2021-02-18 07:30:17,N,2906.24,5202.3,17.0,6666.2646,2021-02-18 07:30:00
6067573,2021-02-18 07:35:14,N,2914.04,5131.98,17.0,6654.5908,2021-02-18 07:35:00
6067576,2021-02-18 07:40:16,N,2879.14,5037.44,17.0,6550.8481,2021-02-18 07:40:00
6067578,2021-02-18 07:45:17,N,2801.58,4940.15,17.0,6417.5542,2021-02-18 07:45:00
6067582,2021-02-18 07:50:16,N,2808.77,4844.46,17.0,6195.3784,2021-02-18 07:50:00
6067584,2021-02-18 07:55:17,N,2664.01,4551.04,17.0,5850.5098,2021-02-18 07:55:00
6067586,2021-02-18 08:00:20,N,2635.23,4637.69,17.0,6015.5503,2021-02-18 08:00:00
6067595,2021-02-18 08:05:15,N,2648.22,4683.88,17.0,5972.4053,2021-02-18 08:05:00
6067598,2021-02-18 08:10:17,N,2719.54,4797.41,17.0,6147.5986,2021-02-18 08:10:00
6067600,2021-02-18 08:15:16,N,2734.29,4872.74,17.0,6237.5073,2021-02-18 08:15:00
6067604,2021-02-18 08:20:15,N,2722.67,4744.72,17.0,6056.0737,2021-02-18 08:20:00
6067606,2021-02-18 08:25:16,N,2684.02,4754.34,17.0,6059.5073,2021-02-18 08:25:00
6067608,2021-02-18 08:30:17,N,2677.86,4787.53,17.0,6070.3506,2021-02-18 08:30:00
6067612,2021-02-18 08:35:17,N,2714.66,4910.33,17.0,6234.7471,2021-02-18 08:35:00
6067615,2021-02-18 08:40:16,N,2773.38,4972.75,17.0,6354.9028,2021-02-18 08:40:00
6067617,2021-02-18 08:45:17,N,2745.74,4903.42,17.0,6306.2725,2021-02-18 08:45:00
6067621,2021-02-18 08:50:16,N,2741.2,4900.63,17.0,6302.7095,2021-02-18 08:50:00
6067623,2021-02-18 08:55:16,N,2645.38,4757.53,17.0,6247.1514,2021-02-18 08:55:00
6067625,2021-02-18 09:00:22,N,2467.78,4277.15,17.0,5763.8672,2021-02-18 09:00:00
6067634,2021-02-18 09:05:17,N,2550.53,4432.35,17.0,6447.6113,2021-02-18 09:05:00
6067637,2021-02-18 09:10:15,N,2550.87,4426.81,17.0,6358.9956,2021-02-18 09:10:00
6067639,2021-02-18 09:15:16,N,2476.38,4405.56,17.0,6126.7231,2021-02-18 09:15:00
6067643,2021-02-18 09:20:17,N,2447.05,4323.63,17.0,5792.9854,2021-02-18 09:20:00
6067645,2021-02-18 09:25:16,N,2464.82,4324.93,17.0,5739.1313,2021-02-18 09:25:00
6067647,2021-02-18 09:30:17,N,2764.61,5052.81,17.0,7178.6094,2021-02-18 09:30:00
6067651,2021-02-18 09:35:16,N,2786.02,5110.94,17.0,6861.9482,2021-02-18 09:35:00
6067654,2021-02-18 09:40:16,N,2594.63,4882.57,17.0,6248.5527,2021-02-18 09:40:00
6067656,2021-02-18 09:45:18,N,2601.6,4799.58,17.0,6165.2134,2021-02-18 09:45:00
6067660,2021-02-18 09:50:19,N,2612.51,4801.88,17.0,6028.0776,2021-02-18 09:50:00
6067662,2021-02-18 09:55:16,N,2566.8,4854.53,17.0,6080.2559,2021-02-18 09:55:00
6067665,2021-02-18 10:00:23,N,2620.6,4847.31,18.39,6325.5308,2021-02-18 10:00:00
6067676,2021-02-18 10:05:16,N,2574.95,4707.07,17.0,6103.77,2021-02-18 10:05:00
6067679,2021-02-18 10:10:17,N,2666.14,4755.83,17.0,6120.8184,2021-02-18 10:10:00
6067681,2021-02-18 10:15:15,N,2650.03,4677.51,17.0,5906.4292,2021-02-18 10:15:00
6067685,2021-02-18 10:20:16,N,2717.45,4702.18,17.0,5895.1211,2021-02-18 10:20:00
6067687,2021-02-18 10:25:16,N,2942.57,5214.12,17.0,6435.5908,2021-02-18 10:25:00
6067689,2021-02-18 10:30:15,N,2898.05,5072.99,17.0,6798.876,2021-02-18 10:30:00
6067693,2021-02-18 10:35:16,N,2855.02,5298.11,17.0,6656.25,2021-02-18 10:35:00
6067696,2021-02-18 10:40:17,N,2803.89,5140.02,17.0,6758.1528,2021-02-18 10:40:00
6067698,2021-02-18 10:45:17,N,3080.55,5738.84,17.0,7547.3447,2021-02-18 10:45:00
6067702,2021-02-18 10:50:19,N,3058.18,5564.02,17.0,7552.167,2021-02-18 10:50:00
6067704,2021-02-18 10:55:18,N,3066.12,5617.59,17.0,7356.8789,2021-02-18 10:55:00
6067707,2021-02-18 11:00:21,N,3048.85,5384.44,17.0,7324.4038,2021-02-18 11:00:00
6067715,2021-02-18 11:05:18,N,3199.04,5765.78,17.0,8111.5913,2021-02-18 11:05:00
6067718,2021-02-18 11:10:18,N,3414.0,6237.86,17.0,8489.3008,2021-02-18 11:10:00
6067721,2021-02-18 11:15:16,N,3296.96,5981.14,17.0,8346.4668,2021-02-18 11:15:00
6067727,2021-02-18 11:20:15,N,3478.1,6425.18,17.0,8633.8857,2021-02-18 11:20:00
6067729,2021-02-18 11:25:15,N,3558.7,6801.3,17.0,8678.4063,2021-02-18 11:25:00
6067731,2021-02-18 11:30:16,N,3645.03,7114.69,17.0,8694.707,2021-02-18 11:30:00
6067735,2021-02-18 11:35:16,N,3503.3,7069.32,17.0,8675.3184,2021-02-18 11:35:00
6067738,2021-02-18 11:40:18,N,3631.08,7232.81,17.0,8826.543,2021-02-18 11:40:00
6067740,2021-02-18 11:45:16,N,3755.42,7622.68,17.0,8857.5967,2021-02-18 11:45:00
6067744,2021-02-18 11:50:17,N,3911.97,7941.78,17.0,8913.3145,2021-02-18 11:50:00
6067746,2021-02-18 11:55:15,N,4028.05,8332.13,17.0,8920.8486,2021-02-18 11:55:00
6067748,2021-02-18 12:00:21,N,4240.56,8650.07,17.6,8922.8555,2021-02-18 12:00:00
6067757,2021-02-18 12:05:16,N,4291.53,8959.57,17.0,8929.3496,2021-02-18 12:05:00
6067760,2021-02-18 12:10:17,N,4669.49,9871.1,17.0,8936.0537,2021-02-18 12:10:00
6067762,2021-02-18 12:15:17,N,4843.15,10007.18,17.0,8935.0488,2021-02-18 12:15:00
6067766,2021-02-18 12:20:16,N,4957.29,10323.0,17.0,8935.6289,2021-02-18 12:20:00
6067768,2021-02-18 12:25:16,N,5109.54,10460.93,17.0,8936.3701,2021-02-18 12:25:00
6067770,2021-02-18 12:30:18,N,5026.28,10517.43,17.0,8939.6953,2021-02-18 12:30:00
6067774,2021-02-18 12:35:17,N,5188.4,10876.95,17.0,8950.542,2021-02-18 12:35:00
6067777,2021-02-18 12:40:15,N,5159.64,11170.5,17.0,8951.4971,2021-02-18 12:40:00
6067779,2021-02-18 12:45:17,N,5106.78,10765.45,17.0,8957.1387,2021-02-18 12:45:00
6067783,2021-02-18 12:50:17,N,5255.82,11145.18,17.0,8960.7588,2021-02-18 12:50:00
6067785,2021-02-18 12:55:17,N,5497.44,11685.48,62.0,8960.8594,2021-02-18 12:55:00
6067787,2021-02-18 13:00:24,N,5463.05,11656.99,17.0,8962.2158,2021-02-18 13:00:00
6067796,2021-02-18 13:05:18,N,5498.92,11996.38,62.0,8971.5479,2021-02-18 13:05:00
6067799,2021-02-18 13:10:19,N,5527.98,11703.95,62.0,8973.7471,2021-02-18 13:10:00
6067801,2021-02-18 13:15:19,N,5519.81,11815.88,62.0,8971.5947,2021-02-18 13:15:00
6067805,2021-02-18 13:20:16,N,5547.92,11688.62,17.0,8972.1504,2021-02-18 13:20:00
6067807,2021-02-18 13:25:16,N,5644.43,11792.52,17.4,8975.6396,2021-02-18 13:25:00
6067809,2021-02-18 13:30:18,N,5752.92,12510.24,18.3,8977.6641,2021-02-18 13:30:00
6067813,2021-02-18 13:35:18,N,5880.7,12820.17,63.9,8974.3672,2021-02-18 13:35:00
6067816,2021-02-18 13:40:18,N,6003.81,12839.91,63.0,8973.957,2021-02-18 13:40:00
6067818,2021-02-18 13:45:17,N,6010.21,12804.06,63.4,8973.4053,2021-02-18 13:45:00
6067822,2021-02-18 13:50:18,N,6030.26,13024.25,64.3,8973.5566,2021-02-18 13:50:00
6067824,2021-02-18 13:55:17,N,6069.27,13191.22,63.4,8973.7188,2021-02-18 13:55:00
6067826,2021-02-18 14:00:22,N,6222.5,13736.01,63.4,8975.4219,2021-02-18 14:00:00
6067835,2021-02-18 14:05:17,N,6163.31,13708.93,17.4,8974.0156,2021-02-18 14:05:00
6067838,2021-02-18 14:10:17,N,6180.37,13691.73,17.7,8974.2881,2021-02-18 14:10:00
6067840,2021-02-18 14:15:17,N,6245.72,13894.71,17.8,8974.2959,2021-02-18 14:15:00
6067844,2021-02-18 14:20:18,N,6084.53,13832.81,17.4,8975.1563,2021-02-18 14:20:00
6067846,2021-02-18 14:25:16,N,6234.23,14165.98,17.6,8975.3369,2021-02-18 14:25:00
6067850,2021-02-18 14:30:18,N,6319.71,14516.31,17.4,8974.7861,2021-02-18 14:30:00
6067856,2021-02-18 14:35:18,N,6337.39,14673.04,17.4,8975.418,2021-02-18 14:35:00
6067859,2021-02-18 14:40:18,N,6507.71,15059.63,24.3,8976.8408,2021-02-18 14:40:00
6067864,2021-02-18 14:45:16,N,6520.42,15005.57,22.7,8976.8838,2021-02-18 14:45:00
6067868,2021-02-18 14:50:19,N,6494.34,15282.21,20.7,8982.4492,2021-02-18 14:50:00
6067870,2021-02-18 14:55:16,N,6384.83,14853.54,20.8,8979.957,2021-02-18 14:55:00
6067873,2021-02-18 15:00:26,N,6672.35,15443.53,17.6,8989.2051,2021-02-18 15:00:00
6067881,2021-02-18 15:05:17,N,6654.07,15428.28,18.9,8989.0967,2021-02-18 15:05:00
6067884,2021-02-18 15:10:16,N,6627.27,15375.54,23.8,8988.8203,2021-02-18 15:10:00
6067886,2021-02-18 15:15:16,N,6396.19,14947.56,25.7,8979.583,2021-02-18 15:15:00
6067890,2021-02-18 15:20:16,N,6524.47,15467.39,26.6,8977.7158,2021-02-18 15:20:00
6067892,2021-02-18 15:25:16,N,6074.99,14455.59,26.9,8979.4951,2021-02-18 15:25:00
6067894,2021-02-18 15:30:16,N,6152.65,14487.58,26.0,8981.6406,2021-02-18 15:30:00
6067898,2021-02-18 15:35:16,N,6273.03,14971.44,26.2,8988.7246,2021-02-18 15:35:00
6067901,2021-02-18 15:40:17,N,6571.43,15293.07,26.8,8988.917,2021-02-18 15:40:00
6067903,2021-02-18 15:45:17,N,6755.43,15396.42,27.7,8989.7891,2021-02-18 15:45:00
6067907,2021-02-18 15:50:16,N,6777.32,15738.17,27.0,8989.0938,2021-02-18 15:50:00
6067909,2021-02-18 15:55:16,N,6791.92,15793.31,43.3,8989.0469,2021-02-18 15:55:00
6067911,2021-02-18 16:00:23,N,7080.72,16333.8,69.5,8990.1738,2021-02-18 16:00:00
6067920,2021-02-18 16:05:19,N,6975.75,16176.29,77.0,8990.0391,2021-02-18 16:05:00
6067923,2021-02-18 16:10:17,N,6852.16,15887.68,77.0,8993.6045,2021-02-18 16:10:00
6067925,2021-02-18 16:15:17,N,6853.52,15959.89,77.0,8989.7412,2021-02-18 16:15:00
6067929,2021-02-18 16:20:17,N,6887.63,15884.27,77.0,8989.7354,2021-02-18 16:20:00
6067931,2021-02-18 16:25:18,N,6939.81,16306.1,77.0,8989.7314,2021-02-18 16:25:00
6067933,2021-02-18 16:30:19,N,6961.5,16326.97,77.0,8989.6426,2021-02-18 16:30:00
6067937,2021-02-18 16:35:17,N,7016.14,16309.79,77.0,8989.7734,2021-02-18 16:35:00
6067940,2021-02-18 16:40:16,N,6963.64,16454.18,77.0,8987.7373,2021-02-18 16:40:00
6067942,2021-02-18 16:45:17,N,6857.16,16170.68,77.0,8975.4736,2021-02-18 16:45:00
6067946,2021-02-18 16:50:18,N,6812.45,16062.64,77.0,8976.2246,2021-02-18 16:50:00
6067948,2021-02-18 16:55:19,N,6803.92,16250.85,77.0,8977.2002,2021-02-18 16:55:00
6067950,2021-02-18 17:00:21,N,6877.08,15876.77,77.0,8974.9561,2021-02-18 17:00:00
6067959,2021-02-18 17:05:17,N,6876.39,15662.11,77.0,8974.0908,2021-02-18 17:05:00
6067962,2021-02-18 17:10:20,N,6725.42,15080.46,77.0,8973.8945,2021-02-18 17:10:00
6067964,2021-02-18 17:15:18,N,6788.28,14865.47,77.0,8971.2256,2021-02-18 17:15:00
6067968,2021-02-18 17:20:17,N,6658.87,14113.22,77.0,8970.6523,2021-02-18 17:20:00
6067970,2021-02-18 17:25:19,N,6248.72,13670.7,77.0,8971.2275,2021-02-18 17:25:00
6067972,2021-02-18 17:30:17,N,6253.3,13886.38,77.0,8979.9014,2021-02-18 17:30:00
6067976,2021-02-18 17:35:15,N,6169.23,13691.75,77.0,8979.3467,2021-02-18 17:35:00
6067979,2021-02-18 17:40:17,N,6060.71,13576.34,77.0,8975.5342,2021-02-18 17:40:00
6067981,2021-02-18 17:45:16,N,5810.39,13199.32,77.0,8968.665,2021-02-18 17:45:00
6067985,2021-02-18 17:50:17,N,5556.77,12347.54,77.0,8944.7666,2021-02-18 17:50:00
6067987,2021-02-18 17:55:18,N,5672.71,11529.86,77.0,8943.0361,2021-02-18 17:55:00
6067989,2021-02-18 18:00:23,N,5437.9,11516.62,77.0,8942.9131,2021-02-18 18:00:00
6067998,2021-02-18 18:05:17,N,5368.47,11237.63,46.4,8944.2578,2021-02-18 18:05:00
6068001,2021-02-18 18:10:18,N,5161.79,11326.27,17.5,8933.5654,2021-02-18 18:10:00
6068003,2021-02-18 18:15:15,N,5047.65,10790.19,17.0,8835.1318,2021-02-18 18:15:00
6068007,2021-02-18 18:20:18,N,4756.54,10263.71,17.0,8740.5,2021-02-18 18:20:00
6068009,2021-02-18 18:25:19,N,4661.97,10208.71,17.6,8662.8359,2021-02-18 18:25:00
6068011,2021-02-18 18:30:17,N,4402.35,9272.81,17.4,8662.4697,2021-02-18 18:30:00
6068015,2021-02-18 18:35:17,N,4403.1,9286.18,17.0,8653.0771,2021-02-18 18:35:00
6068018,2021-02-18 18:40:16,N,4442.96,9364.09,17.0,8639.1279,2021-02-18 18:40:00
6068020,2021-02-18 18:45:17,N,4313.86,9054.45,219.0,8641.3125,2021-02-18 18:45:00
6068024,2021-02-18 18:46:23,N,4346.1,9072.17,17.0,8639.4004,2021-02-18 18:45:00
6068025,2021-02-18 18:50:15,N,4266.54,8901.57,17.0,8633.5869,2021-02-18 18:50:00
6068027,2021-02-18 18:55:20,N,4120.48,9028.48,17.0,8633.5371,2021-02-18 18:55:00
6068029,2021-02-18 19:00:24,N,4074.63,9121.54,27.1,8666.4092,2021-02-18 19:00:00
6068038,2021-02-18 19:05:17,N,4217.75,9323.19,80.0,8667.1768,2021-02-18 19:05:00
6068041,2021-02-18 19:10:17,N,4124.02,9253.99,49.0,8671.2119,2021-02-18 19:10:00
6068043,2021-02-18 19:15:18,N,4203.85,9513.06,49.0,8671.8477,2021-02-18 19:15:00
6068047,2021-02-18 19:20:19,N,4175.65,9459.41,49.0,8669.7783,2021-02-18 19:20:00
6068049,2021-02-18 19:25:17,N,4205.4,9594.02,49.0,8655.9102,2021-02-18 19:25:00
6068051,2021-02-18 19:30:17,N,4045.03,9304.59,49.0,8473.4082,2021-02-18 19:30:00
6068055,2021-02-18 19:35:18,N,4156.55,9250.36,49.0,8649.9268,2021-02-18 19:35:00
6068058,2021-02-18 19:40:16,N,4259.41,9580.92,95.0,8657.3613,2021-02-18 19:40:00
6068060,2021-02-18 19:45:19,N,4358.51,9811.35,95.0,8648.9531,2021-02-18 19:45:00
6068064,2021-02-18 19:50:19,N,4249.04,9525.52,63.0,8667.9707,2021-02-18 19:50:00
6068066,2021-02-18 19:55:20,N,4335.21,9550.49,63.0,8656.835,2021-02-18 19:55:00
6068068,2021-02-18 20:00:22,N,4356.56,9627.53,18.45,8674.2012,2021-02-18 20:00:00
6068077,2021-02-18 20:05:17,N,4444.31,9845.58,17.0,8675.4893,2021-02-18 20:05:00
6068080,2021-02-18 20:10:17,N,4306.35,9745.91,17.0,8673.7031,2021-02-18 20:10:00
6068082,2021-02-18 20:15:19,N,4354.36,9657.14,17.0,8674.3975,2021-02-18 20:15:00
6068086,2021-02-18 20:20:20,N,4379.79,9987.48,17.0,8675.1826,2021-02-18 20:20:00
6068088,2021-02-18 20:25:18,N,4419.44,10089.0,17.0,8682.252,2021-02-18 20:25:00
6068090,2021-02-18 20:30:19,N,4354.94,10071.42,17.0,8672.8271,2021-02-18 20:30:00
6068094,2021-02-18 20:35:19,N,4306.19,9757.25,17.0,8680.3574,2021-02-18 20:35:00
6068097,2021-02-18 20:40:18,N,4403.75,9943.47,17.0,8680.7617,2021-02-18 20:40:00
6068099,2021-02-18 20:45:18,N,4437.6,10140.61,17.0,8828.5488,2021-02-18 20:45:00
6068103,2021-02-18 20:50:21,N,4469.58,10327.54,17.0,8820.8584,2021-02-18 20:50:00
6068105,2021-02-18 20:55:18,N,4375.6,10072.23,17.0,8799.0439,2021-02-18 20:55:00
6068107,2021-02-18 21:00:26,N,4446.97,10015.9,17.2,8831.1543,2021-02-18 21:00:00
6068116,2021-02-18 21:05:18,N,4594.96,10293.35,17.0,8837.0195,2021-02-18 21:05:00
6068119,2021-02-18 21:10:17,N,4565.97,10361.71,17.0,8835.1367,2021-02-18 21:10:00
6068121,2021-02-18 21:15:17,N,4578.94,10360.24,17.0,8835.2129,2021-02-18 21:15:00
6068125,2021-02-18 21:20:18,N,4580.44,10319.86,17.0,8837.25,2021-02-18 21:20:00
6068127,2021-02-18 21:25:19,N,4625.42,10482.41,17.0,8839.2363,2021-02-18 21:25:00
6068129,2021-02-18 21:30:18,N,4554.54,10422.36,17.0,8839.833,2021-02-18 21:30:00
6068133,2021-02-18 21:35:18,N,4727.94,10678.42,17.0,8906.168,2021-02-18 21:35:00
6068136,2021-02-18 21:40:19,N,4734.98,10597.4,17.0,8918.1895,2021-02-18 21:40:00
6068138,2021-02-18 21:45:18,N,4808.74,10606.7,17.0,8919.6436,2021-02-18 21:45:00
6068142,2021-02-18 21:50:17,N,4734.35,10714.16,17.0,8928.8467,2021-02-18 21:50:00
6068144,2021-02-18 21:55:16,N,4742.6,10750.84,17.0,8931.6035,2021-02-18 21:55:00
6068147,2021-02-18 22:00:26,N,4927.48,10773.83,17.0,8939.8135,2021-02-18 22:00:00
6068155,2021-02-18 22:05:16,N,5261.33,11488.28,17.0,8940.4863,2021-02-18 22:05:00
6068158,2021-02-18 22:10:19,N,5220.99,11548.75,17.0,8941.5479,2021-02-18 22:10:00
6068160,2021-02-18 22:15:18,N,5248.64,11508.28,17.0,8941.7051,2021-02-18 22:15:00
6068164,2021-02-18 22:20:19,N,5233.88,11466.61,17.0,8949.3809,2021-02-18 22:20:00
6068166,2021-02-18 22:25:19,N,5197.63,11517.36,17.0,8952.4043,2021-02-18 22:25:00
6068168,2021-02-18 22:30:20,N,5228.68,11701.43,17.0,8961.5977,2021-02-18 22:30:00
6068172,2021-02-18 22:35:19,N,5205.19,11777.04,17.0,8957.8896,2021-02-18 22:35:00
6068175,2021-02-18 22:40:17,N,5149.92,11503.76,17.0,8958.9287,2021-02-18 22:40:00
6068177,2021-02-18 22:45:18,N,5186.57,11827.86,17.0,8960.3281,2021-02-18 22:45:00
6068181,2021-02-18 22:50:20,N,5262.17,12018.13,17.0,8963.0693,2021-02-18 22:50:00
6068183,2021-02-18 22:55:17,N,5276.67,12053.71,17.0,8963.4717,2021-02-18 22:55:00
6068186,2021-02-18 23:00:24,N,5296.86,12111.64,17.0,8968.9063,2021-02-18 23:00:00
6068194,2021-02-18 23:05:18,N,5222.4,11927.44,17.0,8970.3184,2021-02-18 23:05:00
6068197,2021-02-18 23:10:16,N,5263.62,12117.96,17.0,8970.5928,2021-02-18 23:10:00
6068199,2021-02-18 23:15:16,N,5040.8,11398.42,17.0,8962.8477,2021-02-18 23:15:00
6068204,2021-02-18 23:20:18,N,4963.0,11508.3,17.0,8969.292,2021-02-18 23:20:00
6068206,2021-02-18 23:25:16,N,5063.64,11811.28,17.0,8969.4043,2021-02-18 23:25:00
6068209,2021-02-18 23:30:16,N,5062.37,11811.15,17.0,8970.7744,2021-02-18 23:30:00
6068214,2021-02-18 23:35:19,N,5115.32,11891.83,17.0,8970.9199,2021-02-18 23:35:00
6068216,2021-02-18 23:40:17,N,5125.75,11818.48,17.0,8970.9727,2021-02-18 23:40:00
6068218,2021-02-18 23:45:17,N,5216.98,11947.34,17.0,8971.5811,2021-02-18 23:45:00
6068222,2021-02-18 23:50:17,N,5206.83,11954.66,17.0,8971.7188,2021-02-18 23:50:00
6068224,2021-02-18 23:55:16,N,5296.6,12074.45,17.0,8971.8447,2021-02-18 23:55:00
6068226,2021-02-19 00:00:24,N,5321.2,12279.19,57.0,8971.791,2021-02-19 00:00:00
6068235,2021-02-19 00:05:17,N,5514.39,12410.5,57.0,8972.1436,2021-02-19 00:05:00
6068238,2021-02-19 00:10:18,N,5542.15,12432.13,57.0,8972.3154,2021-02-19 00:10:00
6068240,2021-02-19 00:15:18,N,5535.6,12397.41,57.0,8972.1602,2021-02-19 00:15:00
6068244,2021-02-19 00:20:15,N,5540.19,12211.04,57.0,8972.1016,2021-02-19 00:20:00
6068246,2021-02-19 00:25:16,N,5505.39,12299.96,57.0,8971.9268,2021-02-19 00:25:00
6068248,2021-02-19 00:30:15,N,5399.51,12154.36,17.0,8971.9766,2021-02-19 00:30:00
6068252,2021-02-19 00:35:17,N,5428.21,12087.83,17.0,8972.1025,2021-02-19 00:35:00
6068255,2021-02-19 00:40:18,N,5492.58,12111.42,17.0,8971.6924,2021-02-19 00:40:00
6068257,2021-02-19 00:45:17,N,5603.17,12347.4,17.0,8971.5928,2021-02-19 00:45:00
6068261,2021-02-19 00:50:18,N,5725.44,12538.28,17.0,8970.501,2021-02-19 00:50:00
6068263,2021-02-19 00:55:17,N,5652.99,12443.62,17.0,8970.4727,2021-02-19 00:55:00
6068265,2021-02-19 01:00:26,N,5626.52,12200.91,17.0,8970.4346,2021-02-19 01:00:00
6068275,2021-02-19 01:05:18,N,5522.22,12118.38,17.0,8970.5117,2021-02-19 01:05:00
6068278,2021-02-19 01:10:17,N,5594.87,12335.52,17.0,8970.5527,2021-02-19 01:10:00
6068280,2021-02-19 01:15:15,N,5697.5,12630.36,17.0,8970.5068,2021-02-19 01:15:00
6068284,2021-02-19 01:20:17,N,5675.97,12745.08,17.0,8970.4033,2021-02-19 01:20:00
6068286,2021-02-19 01:25:16,N,5604.49,12315.36,17.0,8970.4277,2021-02-19 01:25:00
6068288,2021-02-19 01:30:16,N,5652.77,12481.98,17.0,8970.334,2021-02-19 01:30:00
6068292,2021-02-19 01:35:15,N,5661.1,12593.25,17.0,8970.3184,2021-02-19 01:35:00
6068295,2021-02-19 01:40:15,N,5594.1,12513.25,17.0,8970.5244,2021-02-19 01:40:00
6068297,2021-02-19 01:45:15,N,5564.66,12478.22,17.0,8970.373,2021-02-19 01:45:00
6068301,2021-02-19 01:50:18,N,5650.59,12688.64,17.0,8970.3223,2021-02-19 01:50:00
6068303,2021-02-19 01:55:17,N,5624.26,12526.5,17.0,8970.2451,2021-02-19 01:55:00
6068305,2021-02-19 02:00:20,N,5609.38,12648.02,17.0,8970.3916,2021-02-19 02:00:00
6068314,2021-02-19 02:05:16,N,5569.42,12486.16,17.0,8970.2607,2021-02-19 02:05:00
6068317,2021-02-19 02:10:17,N,5552.67,12471.86,17.0,8970.1729,2021-02-19 02:10:00
6068319,2021-02-19 02:15:15,N,5542.93,12400.26,17.0,8970.0313,2021-02-19 02:15:00
6068323,2021-02-19 02:20:16,N,5445.49,12288.91,17.0,8970.042,2021-02-19 02:20:00
6068325,2021-02-19 02:25:16,N,5373.7,12073.56,17.0,8967.9121,2021-02-19 02:25:00
6068327,2021-02-19 02:30:16,N,5330.57,11996.94,17.0,8969.9814,2021-02-19 02:30:00
6068331,2021-02-19 02:35:16,N,5406.27,12231.78,17.0,8964.752,2021-02-19 02:35:00
6068334,2021-02-19 02:40:16,N,5374.09,12056.97,17.0,8967.1533,2021-02-19 02:40:00
6068336,2021-02-19 02:45:16,N,5248.54,11827.54,17.0,8957.9639,2021-02-19 02:45:00
6068340,2021-02-19 02:50:18,N,5275.3,11873.34,17.0,8956.2461,2021-02-19 02:50:00
6068342,2021-02-19 02:55:16,N,5290.97,11878.6,26.9,8952.7803,2021-02-19 02:55:00
6068344,2021-02-19 02:58:44,N,5232.54,11664.8,26.9,8935.8223,2021-02-19 02:55:00
6068346,2021-02-19 03:00:22,N,5256.55,11865.22,26.9,8949.8662,2021-02-19 03:00:00
6068354,2021-02-19 03:05:18,N,5197.12,11623.88,26.9,8934.8438,2021-02-19 03:05:00
6068357,2021-02-19 03:10:17,N,5182.68,11576.46,26.9,8943.4072,2021-02-19 03:10:00
6068359,2021-02-19 03:15:18,N,5196.01,11770.94,26.9,8939.8467,2021-02-19 03:15:00
6068363,2021-02-19 03:20:16,N,5179.12,11627.0,26.9,8934.7598,2021-02-19 03:20:00
6068365,2021-02-19 03:25:16,N,5082.55,11473.51,26.9,8933.1436,2021-02-19 03:25:00
6068367,2021-02-19 03:30:16,N,5047.16,11304.97,26.9,8931.6484,2021-02-19 03:30:00
6068371,2021-02-19 03:35:15,N,5032.67,11282.0,26.9,8929.4941,2021-02-19 03:35:00
6068374,2021-02-19 03:40:19,N,4937.73,11049.33,26.9,8927.0684,2021-02-19 03:40:00
6068376,2021-02-19 03:45:16,N,4846.36,10643.29,26.9,8920.8936,2021-02-19 03:45:00
6068380,2021-02-19 03:50:18,N,4882.29,10720.94,26.9,8920.5625,2021-02-19 03:50:00
6068382,2021-02-19 03:55:15,N,4877.8,10575.18,26.9,8919.9824,2021-02-19 03:55:00
6068384,2021-02-19 04:00:21,N,4861.78,10635.68,26.9,8917.0205,2021-02-19 04:00:00
6068393,2021-02-19 04:05:16,N,4627.09,10075.32,26.9,8723.9912,2021-02-19 04:05:00
6068396,2021-02-19 04:10:17,N,4536.69,9889.89,26.9,8712.0059,2021-02-19 04:10:00
6068398,2021-02-19 04:15:17,N,4380.82,9474.1,26.9,8680.4404,2021-02-19 04:15:00
6068402,2021-02-19 04:20:17,N,4371.08,9381.27,26.9,8686.3242,2021-02-19 04:20:00
6068404,2021-02-19 04:25:15,N,4340.23,9262.78,26.9,8685.7979,2021-02-19 04:25:00
6068406,2021-02-19 04:30:18,N,4274.14,9066.87,26.9,8670.5391,2021-02-19 04:30:00
6068410,2021-02-19 04:35:16,N,4266.17,9015.59,26.9,8465.9229,2021-02-19 04:35:00
6068413,2021-02-19 04:40:17,N,4203.06,8768.5,26.9,8274.4189,2021-02-19 04:40:00
6068415,2021-02-19 04:45:16,N,4182.23,8619.3,26.9,8342.416,2021-02-19 04:45:00
6068419,2021-02-19 04:50:16,N,4141.19,8509.9,26.9,8224.6504,2021-02-19 04:50:00
6068421,2021-02-19 04:55:17,N,4082.45,8086.33,142.9,7917.6821,2021-02-19 04:55:00
6068423,2021-02-19 05:00:22,N,4069.89,7872.65,142.9,7724.9321,2021-02-19 05:00:00
6068432,2021-02-19 05:05:17,N,4095.62,7729.12,72.9,7920.4106,2021-02-19 05:05:00
6068435,2021-02-19 05:10:15,N,4030.33,7698.87,72.9,7524.2769,2021-02-19 05:10:00
6068437,2021-02-19 05:15:15,N,4011.64,7564.07,72.9,7568.3589,2021-02-19 05:15:00
6068441,2021-02-19 05:20:16,N,3973.72,7492.29,72.9,7531.5024,2021-02-19 05:20:00
6068444,2021-02-19 05:25:16,N,3796.23,7191.85,204.9,7304.2148,2021-02-19 05:25:00
6068446,2021-02-19 05:30:17,N,3807.65,7158.77,26.9,7466.6455,2021-02-19 05:30:00
6068450,2021-02-19 05:35:16,N,3711.19,6937.01,26.9,7293.2202,2021-02-19 05:35:00
6068453,2021-02-19 05:40:15,N,3641.5,6682.74,26.9,6780.5688,2021-02-19 05:40:00
6068455,2021-02-19 05:45:16,N,3615.54,6492.33,26.9,6801.0098,2021-02-19 05:45:00
6068459,2021-02-19 05:50:16,N,3517.04,6248.59,26.9,6687.561,2021-02-19 05:50:00
6068461,2021-02-19 05:55:16,N,3432.64,5941.51,26.9,6526.77,2021-02-19 05:55:00
6068463,2021-02-19 06:00:19,N,3412.39,5649.61,26.9,6254.3003,2021-02-19 06:00:00
6068472,2021-02-19 06:05:16,N,3259.59,5061.53,26.9,5972.5649,2021-02-19 06:05:00
6068475,2021-02-19 06:10:15,N,2921.67,4867.26,26.9,5829.1069,2021-02-19 06:10:00
6068477,2021-02-19 06:15:16,N,2913.14,4726.7,26.9,5794.6064,2021-02-19 06:15:00
6068481,2021-02-19 06:20:17,N,2764.01,4481.7,26.9,5551.52,2021-02-19 06:20:00
6068483,2021-02-19 06:25:17,N,2820.16,4414.32,26.9,5592.4863,2021-02-19 06:25:00
6068485,2021-02-19 06:30:16,N,2821.86,4385.26,26.9,5577.1177,2021-02-19 06:30:00
6068489,2021-02-19 06:35:15,N,2821.19,4360.88,26.9,5312.0552,2021-02-19 06:35:00
6068492,2021-02-19 06:40:16,N,2705.91,4175.19,26.9,4993.9229,2021-02-19 06:40:00
6068494,2021-02-19 06:45:17,N,2708.08,4129.24,26.9,4967.6753,2021-02-19 06:45:00
6068498,2021-02-19 06:50:17,N,2706.45,4197.33,26.9,5036.1431,2021-02-19 06:50:00
6068500,2021-02-19 06:55:17,N,2752.47,4247.66,26.9,5089.7827,2021-02-19 06:55:00
6068502,2021-02-19 07:00:22,N,2955.59,4575.66,26.9,5744.7441,2021-02-19 07:00:00
6068511,2021-02-19 07:05:17,N,2806.11,4409.92,26.9,5592.1699,2021-02-19 07:05:00
6068514,2021-02-19 07:10:16,N,2855.87,4526.51,26.9,5723.5488,2021-02-19 07:10:00
6068516,2021-02-19 07:15:16,N,2836.18,4567.19,26.9,5735.5059,2021-02-19 07:15:00
6068520,2021-02-19 07:20:15,N,2872.48,4715.01,26.9,5915.6108,2021-02-19 07:20:00
6068522,2021-02-19 07:25:17,N,2951.51,4843.44,26.9,5991.9653,2021-02-19 07:25:00
6068524,2021-02-19 07:30:18,N,2855.99,4813.3,26.9,6038.8481,2021-02-19 07:30:00
6068528,2021-02-19 07:35:18,N,2836.75,4810.07,26.9,5989.9663,2021-02-19 07:35:00
6068531,2021-02-19 07:40:18,N,3105.88,5370.08,26.9,7228.7686,2021-02-19 07:40:00
6068533,2021-02-19 07:45:16,N,3079.15,5497.18,26.9,7309.0347,2021-02-19 07:45:00
6068537,2021-02-19 07:50:16,N,3108.47,5682.32,26.9,7405.7173,2021-02-19 07:50:00
6068539,2021-02-19 07:55:17,N,3211.75,5856.53,26.9,7520.7007,2021-02-19 07:55:00
6068541,2021-02-19 08:00:20,N,3232.78,6060.23,26.9,7908.8276,2021-02-19 08:00:00
6068550,2021-02-19 08:05:17,N,3439.45,6454.38,26.9,7926.4116,2021-02-19 08:05:00
6068553,2021-02-19 08:10:16,N,3543.55,6844.02,26.9,8239.7246,2021-02-19 08:10:00
6068555,2021-02-19 08:15:16,N,3663.89,7416.51,26.9,8513.8467,2021-02-19 08:15:00
6068559,2021-02-19 08:20:16,N,3922.22,8028.72,26.9,8655.7979,2021-02-19 08:20:00
6068561,2021-02-19 08:25:16,N,4042.09,8325.75,26.9,8770.8096,2021-02-19 08:25:00
6068563,2021-02-19 08:30:16,N,4162.89,8482.5,26.9,8899.002,2021-02-19 08:30:00
6068567,2021-02-19 08:35:17,N,4329.2,9020.05,26.9,8919.9346,2021-02-19 08:35:00
6068570,2021-02-19 08:40:18,N,4579.76,9604.94,26.9,8922.7773,2021-02-19 08:40:00
6068572,2021-02-19 08:45:16,N,4835.37,10123.39,26.9,8925.8994,2021-02-19 08:45:00
6068576,2021-02-19 08:50:18,N,4858.22,10466.67,26.9,8925.3125,2021-02-19 08:50:00
6068578,2021-02-19 08:55:16,N,5078.99,11064.53,26.9,8925.5605,2021-02-19 08:55:00
6068580,2021-02-19 09:00:22,N,5003.72,11246.12,26.9,8931.6279,2021-02-19 09:00:00
6068589,2021-02-19 09:05:18,N,4948.41,11067.37,26.9,16.7632,2021-02-19 09:05:00
6068592,2021-02-19 09:10:16,N,5174.08,11681.46,110.9,29.3993,2021-02-19 09:10:00
6068594,2021-02-19 09:15:17,N,5139.95,12018.67,156.9,27.5486,2021-02-19 09:15:00
6068598,2021-02-19 09:20:18,N,5328.87,12444.45,156.9,6.4422,2021-02-19 09:20:00
6068600,2021-02-19 09:25:20,N,5582.58,12788.55,157.3,5.1975,2021-02-19 09:25:00
6068602,2021-02-19 09:30:20,N,5621.48,13168.14,158.6,3.6484,2021-02-19 09:30:00
6068606,2021-02-19 09:35:16,N,5704.12,13431.51,157.4,22.2625,2021-02-19 09:35:00
6068609,2021-02-19 09:40:16,N,5725.32,13641.63,27.8,19.8682,2021-02-19 09:40:00
6068611,2021-02-19 09:45:18,N,5851.07,14123.35,27.3,15.3363,2021-02-19 09:45:00
6068615,2021-02-19 09:50:16,N,5898.69,14327.11,27.3,4.7702,2021-02-19 09:50:00
6068617,2021-02-19 09:55:27,N,6198.46,14170.36,27.3,3.5349,2021-02-19 09:55:00
6068619,2021-02-19 10:00:23,N,6506.42,15088.05,27.3,0.0,2021-02-19 10:00:00
6068631,2021-02-19 10:05:16,N,6600.37,14971.26,27.3,2.3537,2021-02-19 10:05:00
6068634,2021-02-19 10:10:16,N,6254.78,13837.33,157.6,10.2476,2021-02-19 10:10:00
6068636,2021-02-19 10:15:16,N,5936.93,13254.91,643.97,4.5009,2021-02-19 10:15:00
6068640,2021-02-19 10:20:16,N,5971.63,13834.91,1084.14,2.2105,2021-02-19 10:20:00
6068642,2021-02-19 10:25:16,N,5887.93,13963.99,1564.39,2.3489,2021-02-19 10:25:00
6068644,2021-02-19 10:30:16,N,5871.7,14432.21,1224.69,2.0484,2021-02-19 10:30:00
6068648,2021-02-19 10:35:16,N,6066.88,15453.75,591.8,2.2862,2021-02-19 10:35:00
6068650,2021-02-19 10:40:17,N,6056.13,15818.79,661.8,2.386,2021-02-19 10:40:00
6068652,2021-02-19 10:45:16,N,6005.94,15838.51,802.9,3.1559,2021-02-19 10:45:00
6068656,2021-02-19 10:50:20,N,6034.31,15683.56,1391.3,13.1948,2021-02-19 10:50:00
6068658,2021-02-19 10:55:17,N,6096.19,15635.4,1594.86,5.9245,2021-02-19 10:55:00
6068660,2021-02-19 11:00:21,N,6155.22,16148.98,1886.81,5.4666,2021-02-19 11:00:00
6068668,2021-02-19 11:05:17,N,6075.5,15598.98,1946.0,4.9209,2021-02-19 11:05:00
6068670,2021-02-19 11:10:17,N,6051.07,15597.95,2020.19,3.6726,2021-02-19 11:10:00
6068673,2021-02-19 11:15:19,N,6216.69,15884.97,2222.16,1.7543,2021-02-19 11:15:00
6068679,2021-02-19 11:20:17,N,6317.75,16249.98,2182.41,3.6723,2021-02-19 11:20:00
6068681,2021-02-19 11:25:16,N,6351.26,16372.46,2235.38,3.9795,2021-02-19 11:25:00
6068683,2021-02-19 11:30:15,N,6421.4,16379.34,2297.12,4.292,2021-02-19 11:30:00
6068687,2021-02-19 11:35:16,N,6502.22,16494.57,2297.04,4.3184,2021-02-19 11:35:00
6068689,2021-02-19 11:40:15,N,6613.73,16931.68,2297.05,2.7144,2021-02-19 11:40:00
6068691,2021-02-19 11:45:15,N,6678.04,16996.15,2297.05,2.8974,2021-02-19 11:45:00
6068695,2021-02-19 11:50:16,N,6535.56,17123.4,2297.27,2.6474,2021-02-19 11:50:00
6068697,2021-02-19 11:55:16,N,6782.48,17476.08,2297.26,1.2748,2021-02-19 11:55:00
6068699,2021-02-19 12:00:23,N,6949.84,18208.62,2293.71,1.1261,2021-02-19 12:00:00
6068707,2021-02-19 12:05:16,N,6995.06,18425.55,2208.86,0.2961,2021-02-19 12:05:00
6068709,2021-02-19 12:10:16,N,7032.5,18557.44,2178.79,0.3335,2021-02-19 12:10:00
6068711,2021-02-19 12:15:16,N,7021.56,18618.34,2224.79,0.2713,2021-02-19 12:15:00
6068715,2021-02-19 12:20:16,N,7088.56,18774.9,2225.02,0.1715,2021-02-19 12:20:00
6068717,2021-02-19 12:25:15,N,7087.08,18972.58,2225.05,0.1873,2021-02-19 12:25:00
6068719,2021-02-19 12:30:15,N,7151.23,19034.15,2221.83,0.0184,2021-02-19 12:30:00
6068723,2021-02-19 12:35:16,N,7244.22,19169.43,2274.75,0.1969,2021-02-19 12:35:00
6068725,2021-02-19 12:40:17,N,7261.28,19025.29,2274.8,0.5891,2021-02-19 12:40:00
6068727,2021-02-19 12:45:17,N,7355.4,19631.64,2274.8,0.231,2021-02-19 12:45:00
6068731,2021-02-19 12:50:16,N,7431.13,19958.54,2433.36,0.8967,2021-02-19 12:50:00
6068733,2021-02-19 12:55:16,N,7496.77,19866.71,2680.48,11.2401,2021-02-19 12:55:00
6068735,2021-02-19 13:00:21,N,7477.87,20015.66,2675.35,0.2619,2021-02-19 13:00:00
6068743,2021-02-19 13:05:16,N,7535.8,20103.99,2923.23,0.3394,2021-02-19 13:05:00
6068745,2021-02-19 13:10:16,N,7454.52,20240.04,2919.21,1.4033,2021-02-19 13:10:00
6068747,2021-02-19 13:15:18,N,7403.27,19983.8,2919.23,4.5798,2021-02-19 13:15:00
6068751,2021-02-19 13:20:17,N,7539.11,20545.42,2853.6,9.667,2021-02-19 13:20:00
6068753,2021-02-19 13:25:16,N,7633.96,20847.33,2857.69,9.7612,2021-02-19 13:25:00
6068755,2021-02-19 13:30:16,N,7829.65,21188.22,2854.72,9.2929,2021-02-19 13:30:00
6068759,2021-02-19 13:35:16,N,7859.93,21069.42,2858.59,9.5822,2021-02-19 13:35:00
6068761,2021-02-19 13:40:16,N,7928.71,21479.46,2858.37,9.3815,2021-02-19 13:40:00
6068763,2021-02-19 13:45:17,N,8013.61,21365.81,2858.37,6.3337,2021-02-19 13:45:00
6068767,2021-02-19 13:50:17,N,8019.14,21777.83,2854.6,2.3168,2021-02-19 13:50:00
6068769,2021-02-19 13:55:17,N,8121.77,22317.61,2900.71,0.6056,2021-02-19 13:55:00
6068771,2021-02-19 14:00:21,N,8095.42,22508.88,3441.02,0.637,2021-02-19 14:00:00
6068779,2021-02-19 14:05:17,N,8068.61,22383.43,3440.56,0.5716,2021-02-19 14:05:00
6068781,2021-02-19 14:10:15,N,8172.42,22760.07,3440.6,0.4329,2021-02-19 14:10:00
6068783,2021-02-19 14:15:15,N,8158.92,22583.47,3440.56,0.5908,2021-02-19 14:15:00
6068787,2021-02-19 14:20:16,N,8161.68,22544.21,3440.56,0.6514,2021-02-19 14:20:00
6068789,2021-02-19 14:25:17,N,8185.59,22931.24,3444.55,0.687,2021-02-19 14:25:00
6068791,2021-02-19 14:30:18,N,8116.62,22735.83,3444.6,0.5747,2021-02-19 14:30:00
6068795,2021-02-19 14:35:15,N,8130.56,22757.68,3571.56,0.5692,2021-02-19 14:35:00
6068797,2021-02-19 14:40:17,N,8030.5,22484.59,3572.38,0.5782,2021-02-19 14:40:00
6068799,2021-02-19 14:45:16,N,8093.16,22776.46,3568.36,0.5723,2021-02-19 14:45:00
6068803,2021-02-19 14:50:16,N,8106.66,22883.07,3573.55,0.5319,2021-02-19 14:50:00
6068805,2021-02-19 14:55:17,N,8098.87,22701.38,3705.51,0.5392,2021-02-19 14:55:00
6068809,2021-02-19 15:00:20,N,8119.43,22764.46,3802.21,0.4692,2021-02-19 15:00:00
6068817,2021-02-19 15:05:16,N,8118.89,22942.95,3801.31,0.2354,2021-02-19 15:05:00
6068819,2021-02-19 15:10:16,N,8194.77,22968.97,3798.29,0.2461,2021-02-19 15:10:00
6068821,2021-02-19 15:15:19,N,8238.42,23001.19,3805.12,0.2394,2021-02-19 15:15:00
6068825,2021-02-19 15:20:16,N,8192.6,23099.75,3805.1,0.381,2021-02-19 15:20:00
6068827,2021-02-19 15:25:16,N,8169.23,23327.59,3797.11,0.7951,2021-02-19 15:25:00
6068829,2021-02-19 15:30:17,N,8338.06,23397.79,3797.21,0.7923,2021-02-19 15:30:00
6068836,2021-02-19 15:35:17,N,8342.78,23438.77,3801.29,0.7922,2021-02-19 15:35:00
6068839,2021-02-19 15:40:17,N,8384.31,23552.42,3800.07,0.7906,2021-02-19 15:40:00
6068843,2021-02-19 15:45:26,N,8406.35,23904.19,3702.92,0.7537,2021-02-19 15:45:00
6068849,2021-02-19 15:50:17,N,8458.74,23795.68,3703.21,0.6877,2021-02-19 15:50:00
6068851,2021-02-19 15:55:17,N,8487.41,23895.61,3706.18,0.6872,2021-02-19 15:55:00
6068853,2021-02-19 16:00:21,N,8516.92,24062.93,3703.56,0.4523,2021-02-19 16:00:00
6068861,2021-02-19 16:05:18,N,8493.43,24002.22,3784.45,0.8433,2021-02-19 16:05:00
6068863,2021-02-19 16:10:16,N,8425.55,23796.87,3862.53,0.881,2021-02-19 16:10:00
6068865,2021-02-19 16:15:15,N,8359.45,24086.2,3864.4,0.1516,2021-02-19 16:15:00
6068869,2021-02-19 16:20:15,N,8457.45,23776.77,3884.39,0.0,2021-02-19 16:20:00
6068871,2021-02-19 16:25:16,N,8361.5,23725.11,3883.42,0.0,2021-02-19 16:25:00
6068873,2021-02-19 16:30:17,N,8384.37,23910.71,3886.45,0.0,2021-02-19 16:30:00
6068877,2021-02-19 16:35:17,N,8303.96,23466.28,3886.39,0.0,2021-02-19 16:35:00
6068879,2021-02-19 16:40:17,N,8254.17,23154.53,3882.18,0.0,2021-02-19 16:40:00
6068881,2021-02-19 16:45:16,N,8252.52,22943.17,3886.23,0.0,2021-02-19 16:45:00
6068885,2021-02-19 16:50:17,N,8139.78,22530.52,3886.36,0.0,2021-02-19 16:50:00
6068887,2021-02-19 16:55:17,N,8110.71,22190.26,3883.22,0.0,2021-02-19 16:55:00
6068889,2021-02-19 17:00:22,N,8077.86,22051.61,3887.68,0.0,2021-02-19 17:00:00
6068897,2021-02-19 17:05:17,N,7986.82,21498.6,3883.92,0.0,2021-02-19 17:05:00
6068899,2021-02-19 17:10:19,N,7892.69,20963.0,3882.84,0.0,2021-02-19 17:10:00
6068901,2021-02-19 17:15:18,N,7907.08,20453.76,3886.69,0.0,2021-02-19 17:15:00
6068905,2021-02-19 17:20:17,N,7925.93,20200.54,3887.63,0.0,2021-02-19 17:20:00
6068907,2021-02-19 17:25:16,N,7787.84,19669.54,3883.85,0.0,2021-02-19 17:25:00
6068909,2021-02-19 17:30:18,N,7644.75,18800.12,3891.9,0.0,2021-02-19 17:30:00
6068913,2021-02-19 17:35:16,N,7540.41,18088.94,3890.95,0.0,2021-02-19 17:35:00
6068915,2021-02-19 17:40:17,N,7464.08,17393.17,3650.73,0.0,2021-02-19 17:40:00
6068917,2021-02-19 17:45:16,N,7437.8,17027.94,3650.71,0.0,2021-02-19 17:45:00
6068921,2021-02-19 17:50:18,N,7372.66,16815.55,3650.84,0.0,2021-02-19 17:50:00
6068923,2021-02-19 17:55:16,N,7135.63,16214.92,3659.87,0.0,2021-02-19 17:55:00
6068925,2021-02-19 18:00:21,N,6871.09,15377.66,3666.39,0.0,2021-02-19 18:00:00
6068933,2021-02-19 18:05:18,N,6517.24,14439.33,3755.08,0.0,2021-02-19 18:05:00
6068935,2021-02-19 18:10:15,N,5961.1,13708.57,3753.97,0.0,2021-02-19 18:10:00
6068937,2021-02-19 18:15:15,N,5643.83,13250.74,3753.86,0.0,2021-02-19 18:15:00
6068941,2021-02-19 18:20:16,N,5452.48,12797.04,3753.82,0.0,2021-02-19 18:20:00
6068943,2021-02-19 18:25:15,N,5389.24,12693.78,3753.9,0.0,2021-02-19 18:25:00
6068945,2021-02-19 18:30:17,N,5136.23,12176.13,3754.02,0.0,2021-02-19 18:30:00
6068949,2021-02-19 18:35:15,N,5151.91,11986.73,3753.99,0.0,2021-02-19 18:35:00
6068951,2021-02-19 18:40:15,N,5096.48,11662.33,3753.66,0.0,2021-02-19 18:40:00
6068953,2021-02-19 18:45:13,N,5299.84,12096.52,3753.68,0.0,2021-02-19 18:45:00
6068957,2021-02-19 18:50:14,N,4985.52,11905.08,3752.92,0.0,2021-02-19 18:50:00
6068959,2021-02-19 18:55:13,N,4903.16,11528.61,3753.04,0.0,2021-02-19 18:55:00
6068961,2021-02-19 19:00:17,N,4827.42,11634.96,3756.47,0.0,2021-02-19 19:00:00
6068969,2021-02-19 19:05:15,N,5131.01,11882.57,3755.91,0.0,2021-02-19 19:05:00
6068971,2021-02-19 19:10:12,N,5002.07,11920.12,3757.7,0.0,2021-02-19 19:10:00
6068973,2021-02-19 19:15:13,N,5079.59,12213.25,3756.77,0.0,2021-02-19 19:15:00
6068977,2021-02-19 19:20:14,N,5088.67,12283.11,3756.2,0.0,2021-02-19 19:20:00
6068979,2021-02-19 19:25:13,N,5116.51,12367.53,3755.86,0.0,2021-02-19 19:25:00
6068981,2021-02-19 19:30:13,N,5164.36,12454.79,3756.61,0.0,2021-02-19 19:30:00
6068985,2021-02-19 19:31:47,N,5141.24,12473.08,3756.66,0.0,2021-02-19 19:30:00
6068986,2021-02-19 19:35:13,N,5061.38,12474.26,3755.79,0.0,2021-02-19 19:35:00
6068988,2021-02-19 19:40:12,N,4990.42,12362.59,3755.72,0.0,2021-02-19 19:40:00
6068990,2021-02-19 19:45:13,N,4989.03,12411.66,3755.33,0.0,2021-02-19 19:45:00
6068994,2021-02-19 19:50:14,N,4976.34,12404.45,3757.81,0.0,2021-02-19 19:50:00
6068996,2021-02-19 19:55:13,N,4953.88,12422.81,3757.7,0.0,2021-02-19 19:55:00
6068998,2021-02-19 20:00:16,N,5073.08,12694.9,3758.2,0.0,2021-02-19 20:00:00
6069006,2021-02-19 20:05:16,N,5072.91,12818.23,3758.18,0.0,2021-02-19 20:05:00
6069008,2021-02-19 20:10:13,N,5013.52,12715.31,3758.22,0.0,2021-02-19 20:10:00
6069010,2021-02-19 20:15:18,N,4985.28,12546.95,3758.01,0.0,2021-02-19 20:15:00
6069014,2021-02-19 20:20:16,N,5159.3,12634.82,3758.02,0.0,2021-02-19 20:20:00
6069016,2021-02-19 20:25:17,N,5244.27,12827.73,3758.11,0.0,2021-02-19 20:25:00
6069018,2021-02-19 20:30:16,N,5194.51,12438.57,3758.18,0.0,2021-02-19 20:30:00
6069022,2021-02-19 20:35:15,N,5350.58,12855.29,3758.15,0.0,2021-02-19 20:35:00
6069024,2021-02-19 20:40:13,N,5292.29,12810.4,3757.95,0.0,2021-02-19 20:40:00
6069026,2021-02-19 20:45:13,N,5611.01,13433.48,3757.92,0.0,2021-02-19 20:45:00
6069030,2021-02-19 20:50:13,N,5639.33,13598.57,3761.12,0.0,2021-02-19 20:50:00
6069032,2021-02-19 20:55:13,N,5571.53,13606.98,3761.15,0.0,2021-02-19 20:55:00
6069034,2021-02-19 21:00:16,N,5549.9,13770.31,3762.01,0.0,2021-02-19 21:00:00
6069042,2021-02-19 21:05:14,N,5633.16,13914.3,3761.51,0.0,2021-02-19 21:05:00
6069044,2021-02-19 21:10:16,N,5604.19,13864.84,3761.42,0.0,2021-02-19 21:10:00
6069046,2021-02-19 21:15:16,N,5705.7,13891.01,3761.27,0.0,2021-02-19 21:15:00
6069050,2021-02-19 21:20:18,N,5795.51,13992.49,3761.26,0.0,2021-02-19 21:20:00
6069054,2021-02-19 21:25:15,N,5815.7,14111.2,3761.36,0.0,2021-02-19 21:25:00
6069056,2021-02-19 21:30:16,N,5853.62,14239.74,3761.4,0.0,2021-02-19 21:30:00
6069060,2021-02-19 21:35:15,N,5891.63,14273.86,3761.41,0.0,2021-02-19 21:35:00
6069062,2021-02-19 21:40:16,N,5809.44,14046.14,3761.18,0.0,2021-02-19 21:40:00
6069064,2021-02-19 21:45:16,N,5767.26,14036.84,3761.2,0.0,2021-02-19 21:45:00
6069068,2021-02-19 21:50:16,N,5809.81,14216.31,3761.56,0.0,2021-02-19 21:50:00
6069070,2021-02-19 21:55:18,N,5810.95,14324.15,3761.55,0.0,2021-02-19 21:55:00
6069072,2021-02-19 22:00:22,N,5894.54,14469.99,3762.08,0.0,2021-02-19 22:00:00
6069082,2021-02-19 22:05:16,N,5878.06,14495.85,3761.98,0.0,2021-02-19 22:05:00
6069086,2021-02-19 22:10:16,N,5826.5,14444.72,3761.98,0.0,2021-02-19 22:10:00
6069089,2021-02-19 22:15:19,N,5818.93,14459.63,3761.83,0.0,2021-02-19 22:15:00
6069093,2021-02-19 22:20:17,N,5874.75,14473.63,3761.83,0.0,2021-02-19 22:20:00
6069095,2021-02-19 22:25:16,N,5881.42,14561.56,3761.91,0.0,2021-02-19 22:25:00
6069097,2021-02-19 22:30:16,N,5847.53,14394.01,3753.01,0.0,2021-02-19 22:30:00
6069101,2021-02-19 22:35:16,N,5891.53,14563.27,3753.98,0.0,2021-02-19 22:35:00
6069103,2021-02-19 22:40:16,N,5907.89,14538.76,3753.78,0.0,2021-02-19 22:40:00
6069105,2021-02-19 22:45:16,N,5963.39,14769.17,3753.75,0.0,2021-02-19 22:45:00
6069109,2021-02-19 22:50:19,N,6059.01,14889.46,3753.95,0.0,2021-02-19 22:50:00
6069111,2021-02-19 22:55:16,N,5978.79,14856.98,3753.98,0.0,2021-02-19 22:55:00
6069113,2021-02-19 23:00:21,N,6184.8,15163.13,3754.82,0.0,2021-02-19 23:00:00
6069121,2021-02-19 23:05:16,N,6247.85,15371.23,3755.43,0.0,2021-02-19 23:05:00
6069123,2021-02-19 23:10:15,N,6267.98,15302.74,3756.42,0.0,2021-02-19 23:10:00
6069125,2021-02-19 23:15:16,N,6263.53,15278.89,3756.22,0.0,2021-02-19 23:15:00
6069129,2021-02-19 23:20:15,N,6288.96,15186.8,3754.42,0.0,2021-02-19 23:20:00
6069131,2021-02-19 23:25:15,N,6377.87,15183.38,3755.61,0.0,2021-02-19 23:25:00
6069133,2021-02-19 23:30:17,N,6401.88,15277.46,3755.61,0.0,2021-02-19 23:30:00
6069137,2021-02-19 23:35:16,N,6334.82,15192.27,3754.6,0.0,2021-02-19 23:35:00
6069139,2021-02-19 23:40:16,N,6329.37,15153.83,3754.85,0.0,2021-02-19 23:40:00
6069141,2021-02-19 23:45:16,N,6359.97,15168.05,3755.42,0.0,2021-02-19 23:45:00
6069145,2021-02-19 23:50:16,N,6383.44,15211.55,3699.71,0.0,2021-02-19 23:50:00
6069147,2021-02-19 23:55:17,N,6396.5,15348.13,3700.01,0.0,2021-02-19 23:55:00
6069149,2021-02-20 00:00:24,N,6586.14,15651.87,3803.82,0.0,2021-02-20 00:00:00
6069157,2021-02-20 00:05:18,N,6551.75,15453.75,3780.6,0.0,2021-02-20 00:05:00
6069159,2021-02-20 00:10:17,N,6487.12,15425.23,3779.87,0.0,2021-02-20 00:10:00
6069161,2021-02-20 00:15:17,N,6427.09,15315.76,3816.23,0.0,2021-02-20 00:15:00
6069165,2021-02-20 00:20:16,N,6367.49,15002.52,3814.31,0.0,2021-02-20 00:20:00
6069167,2021-02-20 00:25:15,N,6367.44,14948.2,3814.16,0.0,2021-02-20 00:25:00
6069169,2021-02-20 00:30:17,N,6451.6,15037.44,3814.01,0.0,2021-02-20 00:30:00
6069173,2021-02-20 00:35:16,N,6416.76,15020.8,3814.22,0.0,2021-02-20 00:35:00
6069175,2021-02-20 00:40:19,N,6459.75,15120.97,3813.27,0.0,2021-02-20 00:40:00
6069177,2021-02-20 00:45:19,N,6411.59,14986.61,3813.52,0.0,2021-02-20 00:45:00
6069181,2021-02-20 00:50:17,N,6379.9,14973.16,3813.11,0.0,2021-02-20 00:50:00
6069183,2021-02-20 00:55:18,N,6268.64,14538.94,3812.64,0.0,2021-02-20 00:55:00
6069185,2021-02-20 01:00:25,N,6152.23,14534.55,3767.67,0.0,2021-02-20 01:00:00
6069193,2021-02-20 01:05:17,N,6180.62,14490.72,3878.26,0.0,2021-02-20 01:05:00
6069196,2021-02-20 01:10:17,N,6274.92,14723.07,3880.45,0.0,2021-02-20 01:10:00
6069198,2021-02-20 01:15:16,N,6299.72,14788.04,3879.17,0.0,2021-02-20 01:15:00
6069202,2021-02-20 01:20:15,N,6264.36,14841.94,3882.95,0.0,2021-02-20 01:20:00
6069204,2021-02-20 01:25:15,N,6306.94,14747.46,3921.53,0.0,2021-02-20 01:25:00
6069206,2021-02-20 01:30:15,N,6296.41,14736.34,3925.19,0.0,2021-02-20 01:30:00
6069210,2021-02-20 01:35:15,N,6152.97,14552.28,3925.21,0.0,2021-02-20 01:35:00
6069212,2021-02-20 01:40:15,N,6059.68,14389.78,3924.15,0.0,2021-02-20 01:40:00
6069214,2021-02-20 01:45:15,N,6101.26,14378.76,3924.58,0.0,2021-02-20 01:45:00
6069218,2021-02-20 01:50:16,N,6078.76,14326.23,3925.21,0.0,2021-02-20 01:50:00
6069220,2021-02-20 01:55:16,N,6069.4,14345.29,3924.51,0.0,2021-02-20 01:55:00
6069222,2021-02-20 02:00:20,N,6032.66,14120.52,3884.67,0.0,2021-02-20 02:00:00
6069230,2021-02-20 02:05:17,N,6021.25,14033.34,3884.8,0.0,2021-02-20 02:05:00
6069232,2021-02-20 02:10:18,N,5972.9,13972.71,3885.61,0.0,2021-02-20 02:10:00
6069234,2021-02-20 02:15:16,N,5902.16,13844.39,3884.14,0.0,2021-02-20 02:15:00
6069238,2021-02-20 02:20:17,N,5868.98,13704.2,3884.24,0.0,2021-02-20 02:20:00
6069240,2021-02-20 02:25:16,N,5791.6,13581.4,3884.55,0.0,2021-02-20 02:25:00
6069242,2021-02-20 02:30:17,N,5743.17,13545.08,3929.8,0.0,2021-02-20 02:30:00
6069246,2021-02-20 02:35:15,N,5705.47,13458.27,3884.32,0.0,2021-02-20 02:35:00
6069248,2021-02-20 02:40:17,N,5584.18,13206.77,3884.85,0.0,2021-02-20 02:40:00
6069250,2021-02-20 02:45:17,N,5484.7,12971.13,3883.89,0.0,2021-02-20 02:45:00
6069254,2021-02-20 02:50:15,N,5425.56,12569.94,3884.12,0.0,2021-02-20 02:50:00
6069256,2021-02-20 02:55:15,N,5398.36,12326.9,3884.52,0.0,2021-02-20 02:55:00
6069258,2021-02-20 03:00:24,N,5372.81,12106.19,3884.29,0.0,2021-02-20 03:00:00
6069266,2021-02-20 03:05:17,N,5325.53,12002.51,3885.02,0.0,2021-02-20 03:05:00
6069268,2021-02-20 03:10:16,N,5290.37,11938.21,3884.24,0.0,2021-02-20 03:10:00
6069270,2021-02-20 03:15:16,N,5236.18,11811.82,3884.49,0.0,2021-02-20 03:15:00
6069274,2021-02-20 03:20:16,N,5160.33,11596.74,3888.11,0.0,2021-02-20 03:20:00
6069276,2021-02-20 03:25:15,N,5066.46,11418.1,3888.49,0.0,2021-02-20 03:25:00
6069278,2021-02-20 03:30:19,N,4976.0,11226.49,3887.32,0.0,2021-02-20 03:30:00
6069282,2021-02-20 03:35:14,N,4914.41,11099.5,3824.04,0.0,2021-02-20 03:35:00
6069284,2021-02-20 03:40:17,N,4830.61,11034.13,3823.72,0.0,2021-02-20 03:40:00
6069286,2021-02-20 03:45:19,N,4674.21,10668.1,3822.36,0.0,2021-02-20 03:45:00
6069290,2021-02-20 03:50:16,N,4602.17,10296.14,3800.02,0.0,2021-02-20 03:50:00
6069292,2021-02-20 03:55:18,N,4705.16,10394.24,3701.07,0.0,2021-02-20 03:55:00
6069294,2021-02-20 04:00:22,N,4714.62,10194.2,3825.67,0.0,2021-02-20 04:00:00
6069302,2021-02-20 04:05:16,N,4682.42,10021.78,3825.65,0.0,2021-02-20 04:05:00
6069304,2021-02-20 04:10:15,N,4560.77,9915.59,3825.66,0.0,2021-02-20 04:10:00
6069306,2021-02-20 04:15:16,N,4405.44,9628.13,3825.53,0.0,2021-02-20 04:15:00
6069310,2021-02-20 04:20:15,N,4408.5,9528.89,3825.51,0.0,2021-02-20 04:20:00
6069312,2021-02-20 04:25:15,N,4364.35,9485.34,3825.72,0.0,2021-02-20 04:25:00
6069314,2021-02-20 04:30:17,N,4312.83,9336.61,3825.67,0.0,2021-02-20 04:30:00
6069318,2021-02-20 04:35:15,N,4196.15,9110.82,3825.66,0.0,2021-02-20 04:35:00
6069320,2021-02-20 04:40:16,N,4189.99,8946.01,3825.45,0.0,2021-02-20 04:40:00
6069322,2021-02-20 04:45:16,N,4197.99,8941.85,3779.45,0.0,2021-02-20 04:45:00
6069326,2021-02-20 04:50:16,N,4200.61,8805.97,3733.69,0.0,2021-02-20 04:50:00
6069328,2021-02-20 04:55:17,N,4234.82,8942.52,3637.72,0.0,2021-02-20 04:55:00
6069330,2021-02-20 05:00:19,N,4372.56,9118.77,3636.86,0.0,2021-02-20 05:00:00
6069338,2021-02-20 05:05:16,N,4280.34,8774.2,3636.81,0.0,2021-02-20 05:05:00
6069340,2021-02-20 05:10:16,N,4189.58,8560.13,3636.86,0.0,2021-02-20 05:10:00
6069342,2021-02-20 05:15:15,N,4276.95,8635.24,3636.71,0.0,2021-02-20 05:15:00
6069346,2021-02-20 05:20:15,N,4217.09,8547.76,3644.68,0.0,2021-02-20 05:20:00
6069349,2021-02-20 05:25:16,N,4333.18,8636.06,3644.83,0.0,2021-02-20 05:25:00
6069351,2021-02-20 05:30:16,N,4384.67,8629.8,3644.89,0.0,2021-02-20 05:30:00
6069355,2021-02-20 05:35:17,N,4272.67,8508.88,3644.92,0.0,2021-02-20 05:35:00
6069357,2021-02-20 05:40:15,N,4262.15,8467.5,3549.7,0.0,2021-02-20 05:40:00
6069359,2021-02-20 05:45:15,N,4229.84,8509.68,3549.63,0.0,2021-02-20 05:45:00
6069363,2021-02-20 05:50:16,N,4296.12,8463.67,3549.71,0.0,2021-02-20 05:50:00
6069365,2021-02-20 05:55:15,N,4279.92,8352.46,3499.86,0.0,2021-02-20 05:55:00
6069367,2021-02-20 06:00:25,N,4234.31,8424.08,3484.13,0.0,2021-02-20 06:00:00
6069375,2021-02-20 06:05:16,N,4005.37,7940.23,3468.77,0.0,2021-02-20 06:05:00
6069377,2021-02-20 06:10:18,N,3886.45,7555.89,3468.75,0.0,2021-02-20 06:10:00
6069379,2021-02-20 06:15:16,N,3920.01,7504.18,3413.25,0.0,2021-02-20 06:15:00
6069383,2021-02-20 06:20:16,N,3922.22,7511.36,3413.22,0.0,2021-02-20 06:20:00
6069385,2021-02-20 06:25:16,N,3887.31,7629.02,3274.22,0.0,2021-02-20 06:25:00
6069387,2021-02-20 06:30:17,N,3890.39,7609.02,3274.24,0.0,2021-02-20 06:30:00
6069391,2021-02-20 06:35:16,N,3848.68,7459.92,3274.34,0.0,2021-02-20 06:35:00
6069393,2021-02-20 06:40:19,N,3705.45,7221.17,3226.22,0.0,2021-02-20 06:40:00
6069395,2021-02-20 06:45:18,N,3651.06,7095.73,3226.23,0.0,2021-02-20 06:45:00
6069399,2021-02-20 06:50:17,N,3476.37,6841.7,3194.7,0.0,2021-02-20 06:50:00
6069401,2021-02-20 06:55:17,N,3552.38,6992.96,3102.7,0.0,2021-02-20 06:55:00
6069403,2021-02-20 07:00:24,N,3558.15,7060.23,2939.7,0.0,2021-02-20 07:00:00
6069411,2021-02-20 07:05:16,N,3559.87,6919.82,2939.7,0.0,2021-02-20 07:05:00
6069413,2021-02-20 07:10:17,N,3512.7,6871.34,2939.7,0.0,2021-02-20 07:10:00
6069415,2021-02-20 07:15:16,N,3460.67,6819.14,2939.7,0.0,2021-02-20 07:15:00
6069419,2021-02-20 07:20:15,N,3444.43,6873.98,2939.7,0.0,2021-02-20 07:20:00
6069421,2021-02-20 07:25:16,N,3501.67,6873.79,2840.7,0.0,2021-02-20 07:25:00
6069423,2021-02-20 07:30:17,N,3511.43,6850.48,2840.7,0.0,2021-02-20 07:30:00
6069427,2021-02-20 07:35:16,N,3515.01,6950.8,2746.7,0.0,2021-02-20 07:35:00
6069429,2021-02-20 07:40:16,N,3626.41,7116.49,2746.7,0.0,2021-02-20 07:40:00
6069431,2021-02-20 07:45:17,N,3805.98,7464.25,2698.7,0.0,2021-02-20 07:45:00
6069435,2021-02-20 07:50:17,N,3924.85,7564.38,2695.7,0.0,2021-02-20 07:50:00
6069437,2021-02-20 07:55:16,N,3981.26,7565.21,2695.7,0.0,2021-02-20 07:55:00
6069439,2021-02-20 08:00:21,N,4113.23,7961.24,2726.6,0.0,2021-02-20 08:00:00
6069447,2021-02-20 08:05:16,N,4277.48,8433.38,2845.1,0.0,2021-02-20 08:05:00
6069449,2021-02-20 08:10:16,N,4439.56,8771.34,2935.73,0.0,2021-02-20 08:10:00
6069451,2021-02-20 08:15:15,N,4597.21,9273.71,2935.73,0.0,2021-02-20 08:15:00
6069455,2021-02-20 08:20:15,N,4636.26,9471.49,2935.73,0.0,2021-02-20 08:20:00
6069457,2021-02-20 08:25:17,N,4646.17,9647.03,2935.95,0.0,2021-02-20 08:25:00
6069459,2021-02-20 08:30:16,N,4758.68,9945.3,2935.95,0.0,2021-02-20 08:30:00
6069463,2021-02-20 08:35:16,N,4782.23,10393.87,2935.73,0.0,2021-02-20 08:35:00
6069465,2021-02-20 08:40:18,N,4751.57,10697.45,2982.83,0.0,2021-02-20 08:40:00
6069467,2021-02-20 08:45:16,N,4688.9,10601.05,3119.71,0.0,2021-02-20 08:45:00
6069471,2021-02-20 08:50:17,N,4800.14,11008.76,3274.66,0.0,2021-02-20 08:50:00
6069473,2021-02-20 08:55:16,N,4735.74,11096.68,3264.98,0.0,2021-02-20 08:55:00
6069475,2021-02-20 09:00:26,N,4747.79,11048.15,3361.8,0.0,2021-02-20 09:00:00
6069483,2021-02-20 09:05:18,N,4606.75,10563.99,3457.7,0.0,2021-02-20 09:05:00
6069485,2021-02-20 09:10:16,N,4591.9,10428.33,3457.7,0.0,2021-02-20 09:10:00
6069487,2021-02-20 09:15:17,N,4462.01,10039.61,3457.57,0.0,2021-02-20 09:15:00
6069491,2021-02-20 09:20:16,N,4346.19,9906.5,3597.58,0.0,2021-02-20 09:20:00
6069493,2021-02-20 09:25:18,N,4495.29,10303.51,3597.77,0.0,2021-02-20 09:25:00
6069495,2021-02-20 09:30:19,N,4653.11,10656.43,3689.79,0.0,2021-02-20 09:30:00
6069499,2021-02-20 09:35:16,N,4526.31,10525.28,3689.72,0.0,2021-02-20 09:35:00
6069501,2021-02-20 09:40:18,N,4500.63,10543.54,3689.72,0.0,2021-02-20 09:40:00
6069503,2021-02-20 09:45:16,N,4421.22,10748.77,3735.6,0.0,2021-02-20 09:45:00
6069507,2021-02-20 09:50:18,N,4616.96,11369.54,3685.52,0.0,2021-02-20 09:50:00
6069509,2021-02-20 09:55:17,N,4800.1,11712.11,3639.73,0.0,2021-02-20 09:55:00
6069511,2021-02-20 10:00:29,N,4964.3,12297.91,3611.37,0.0,2021-02-20 10:00:00
6069522,2021-02-20 10:05:18,N,5187.49,12547.28,3612.37,0.0,2021-02-20 10:05:00
6069524,2021-02-20 10:10:15,N,5357.95,12827.06,3566.36,0.0,2021-02-20 10:10:00
6069526,2021-02-20 10:15:17,N,5377.84,13097.77,3566.36,0.0,2021-02-20 10:15:00
6069530,2021-02-20 10:20:15,N,5348.53,13187.13,3566.37,0.0,2021-02-20 10:20:00
6069532,2021-02-20 10:25:15,N,5384.53,13467.18,3567.36,0.0,2021-02-20 10:25:00
6069534,2021-02-20 10:30:16,N,5402.81,13702.48,3567.36,0.0,2021-02-20 10:30:00
6069538,2021-02-20 10:35:15,N,5536.41,13987.07,3567.36,0.0,2021-02-20 10:35:00
6069540,2021-02-20 10:40:14,N,5719.28,14357.63,3567.37,0.0,2021-02-20 10:40:00
6069542,2021-02-20 10:45:28,N,6043.02,14710.47,3567.15,0.0,2021-02-20 10:45:00
6069546,2021-02-20 10:50:16,N,6229.48,14949.17,3564.14,0.0,2021-02-20 10:50:00
6069548,2021-02-20 10:55:17,N,6262.36,15282.44,3564.36,0.0,2021-02-20 10:55:00
6069550,2021-02-20 11:00:21,N,6471.06,15540.75,3551.96,0.0,2021-02-20 11:00:00
6069558,2021-02-20 11:05:18,N,6421.12,15791.73,3551.97,0.0,2021-02-20 11:05:00
6069560,2021-02-20 11:10:16,N,6453.96,15979.63,3551.96,0.0,2021-02-20 11:10:00
6069562,2021-02-20 11:15:16,N,6654.74,16404.97,3551.96,0.0,2021-02-20 11:15:00
6069566,2021-02-20 11:20:16,N,6674.86,16757.1,3551.96,0.0,2021-02-20 11:20:00
6069568,2021-02-20 11:25:16,N,6913.16,17283.33,3551.96,0.0,2021-02-20 11:25:00
6069570,2021-02-20 11:30:15,N,7046.45,17651.58,3551.96,0.0,2021-02-20 11:30:00
6069574,2021-02-20 11:35:16,N,7081.87,17832.08,3551.96,0.0,2021-02-20 11:35:00
6069576,2021-02-20 11:40:17,N,7125.42,18205.84,3551.94,0.0,2021-02-20 11:40:00
6069578,2021-02-20 11:45:17,N,7112.74,18412.05,3551.72,0.0,2021-02-20 11:45:00
6069582,2021-02-20 11:50:17,N,7052.97,18599.54,3551.64,0.0,2021-02-20 11:50:00
6069584,2021-02-20 11:55:17,N,7108.84,18962.74,3551.86,0.0,2021-02-20 11:55:00
6069586,2021-02-20 12:00:22,N,7118.78,18833.51,3544.41,0.0,2021-02-20 12:00:00
6069594,2021-02-20 12:05:18,N,7287.25,19611.67,3544.41,0.0,2021-02-20 12:05:00
6069596,2021-02-20 12:10:15,N,7223.69,19535.77,3541.34,0.0,2021-02-20 12:10:00
6069598,2021-02-20 12:15:16,N,7128.83,19502.87,3541.38,0.0,2021-02-20 12:15:00
6069602,2021-02-20 12:20:17,N,7371.25,20228.56,3587.38,0.0,2021-02-20 12:20:00
6069604,2021-02-20 12:25:17,N,7392.56,20549.63,3586.32,0.0,2021-02-20 12:25:00
6069606,2021-02-20 12:30:17,N,7542.53,21089.71,3586.28,0.0,2021-02-20 12:30:00
6069610,2021-02-20 12:35:18,N,7437.36,21194.68,3586.29,0.0,2021-02-20 12:35:00
6069612,2021-02-20 12:40:16,N,7309.8,20965.29,3586.25,0.0,2021-02-20 12:40:00
6069614,2021-02-20 12:45:18,N,7419.09,21318.57,3586.16,0.0,2021-02-20 12:45:00
6069618,2021-02-20 12:50:18,N,7540.81,21697.75,3586.09,0.0,2021-02-20 12:50:00
6069620,2021-02-20 12:55:16,N,7572.75,21501.3,3585.23,0.0,2021-02-20 12:55:00
6069622,2021-02-20 13:00:21,N,7608.92,21645.98,3579.29,0.0,2021-02-20 13:00:00
6069630,2021-02-20 13:05:20,N,7513.14,21625.28,3579.25,0.0,2021-02-20 13:05:00
6069632,2021-02-20 13:10:16,N,7563.71,21854.96,3579.28,0.0,2021-02-20 13:10:00
6069634,2021-02-20 13:15:16,N,7610.43,22132.03,3578.32,0.0,2021-02-20 13:15:00
6069638,2021-02-20 13:20:16,N,7634.22,22369.8,3579.26,0.0,2021-02-20 13:20:00
6069640,2021-02-20 13:25:16,N,7632.87,22828.02,3578.25,0.0,2021-02-20 13:25:00
6069642,2021-02-20 13:30:16,N,7788.97,23425.13,3579.17,0.0,2021-02-20 13:30:00
6069646,2021-02-20 13:35:16,N,7768.83,23456.08,3577.23,0.0,2021-02-20 13:35:00
6069648,2021-02-20 13:40:16,N,7803.26,23981.06,3578.32,0.0,2021-02-20 13:40:00
6069650,2021-02-20 13:45:16,N,7894.54,24193.92,3577.12,0.0,2021-02-20 13:45:00
6069654,2021-02-20 13:50:16,N,7857.48,24580.58,3577.1,0.0,2021-02-20 13:50:00
6069656,2021-02-20 13:55:17,N,8026.71,25112.95,3576.23,0.0,2021-02-20 13:55:00
6069658,2021-02-20 14:00:18,N,7978.15,25242.15,3570.92,0.0,2021-02-20 14:00:00
6069666,2021-02-20 14:05:16,N,8137.04,25728.94,3570.98,0.0,2021-02-20 14:05:00
6069668,2021-02-20 14:10:17,N,8092.7,25599.07,3569.9,0.0,2021-02-20 14:10:00
6069670,2021-02-20 14:15:17,N,8364.29,26392.17,3569.96,0.0,2021-02-20 14:15:00
6069674,2021-02-20 14:20:16,N,8434.39,26613.4,3570.04,0.0,2021-02-20 14:20:00
6069676,2021-02-20 14:25:16,N,8552.34,26895.45,3569.92,0.0,2021-02-20 14:25:00
6069679,2021-02-20 14:30:17,N,8588.78,27057.69,3569.99,0.0,2021-02-20 14:30:00
6069684,2021-02-20 14:35:26,N,8501.22,26848.19,3569.96,0.0,2021-02-20 14:35:00
6069688,2021-02-20 14:40:15,N,8677.27,27317.2,3569.83,0.0,2021-02-20 14:40:00
6069690,2021-02-20 14:45:15,N,8599.44,27248.5,3569.79,0.0,2021-02-20 14:45:00
6069694,2021-02-20 14:50:16,N,8549.17,27143.33,3568.82,0.0,2021-02-20 14:50:00
6069696,2021-02-20 14:55:15,N,8620.89,27783.97,3568.92,0.0,2021-02-20 14:55:00
6069698,2021-02-20 15:00:21,N,8750.32,28336.23,3567.75,0.0,2021-02-20 15:00:00
6069706,2021-02-20 15:04:19,N,8756.49,28607.13,3567.7,0.0,2021-02-20 15:00:00
6069707,2021-02-20 15:05:18,N,8803.73,28784.31,3567.73,0.0,2021-02-20 15:05:00
6069709,2021-02-20 15:10:18,N,8936.24,29099.07,3568.73,0.0,2021-02-20 15:10:00
6069711,2021-02-20 15:15:19,N,8847.03,29256.52,3566.78,0.0,2021-02-20 15:15:00
6069715,2021-02-20 15:20:15,N,8876.47,29456.86,3566.81,0.0,2021-02-20 15:20:00
6069717,2021-02-20 15:25:16,N,9056.44,29899.08,3566.79,0.0,2021-02-20 15:25:00
6069719,2021-02-20 15:30:16,N,9105.68,30079.82,3566.73,0.0,2021-02-20 15:30:00
6069723,2021-02-20 15:35:17,N,9194.94,30390.23,3792.75,0.0,2021-02-20 15:35:00
6069725,2021-02-20 15:40:16,N,9200.39,30505.14,3856.78,0.0,2021-02-20 15:40:00
6069727,2021-02-20 15:45:15,N,9152.88,30080.18,3852.54,0.0,2021-02-20 15:45:00
6069731,2021-02-20 15:50:16,N,9335.14,30731.27,3852.59,0.0,2021-02-20 15:50:00
6069733,2021-02-20 15:55:15,N,9307.88,30693.32,3852.78,0.0,2021-02-20 15:55:00
6069735,2021-02-20 16:00:26,N,9258.44,30464.67,3879.16,0.0,2021-02-20 16:00:00
6069743,2021-02-20 16:05:16,N,9329.65,30630.67,3874.16,0.0,2021-02-20 16:05:00
6069745,2021-02-20 16:10:15,N,9418.22,30879.5,3880.12,0.0,2021-02-20 16:10:00
6069747,2021-02-20 16:11:34,N,9413.91,30966.7,3880.12,0.0,2021-02-20 16:10:00
6069748,2021-02-20 16:15:16,N,9176.36,30494.29,3880.15,0.0,2021-02-20 16:15:00
6069752,2021-02-20 16:20:17,N,9186.56,30535.26,3875.15,0.0,2021-02-20 16:20:00
6069754,2021-02-20 16:24:02,N,9173.71,30375.58,3874.19,0.0,2021-02-20 16:20:00
6069755,2021-02-20 16:25:15,N,9111.92,30276.82,3879.21,0.0,2021-02-20 16:25:00
6069757,2021-02-20 16:30:17,N,9238.18,30429.81,3879.21,0.0,2021-02-20 16:30:00
6069761,2021-02-20 16:32:41,N,9298.91,30937.22,3879.21,0.0,2021-02-20 16:30:00
6069762,2021-02-20 16:35:15,N,9403.42,30894.21,3879.15,0.0,2021-02-20 16:35:00
6069764,2021-02-20 16:40:15,N,9401.98,31168.12,3879.13,0.0,2021-02-20 16:40:00
6069766,2021-02-20 16:45:15,N,9424.47,31214.65,3879.93,0.0,2021-02-20 16:45:00
6069770,2021-02-20 16:48:05,N,9418.78,31198.72,3879.95,0.0,2021-02-20 16:45:00
6069771,2021-02-20 16:50:16,N,9396.42,31184.86,3879.9,0.0,2021-02-20 16:50:00
6069773,2021-02-20 16:55:16,N,9411.88,30904.44,3880.06,0.0,2021-02-20 16:55:00
6069775,2021-02-20 17:00:21,N,9415.14,30741.04,4257.93,0.0,2021-02-20 17:00:00
6069783,2021-02-20 17:05:19,N,9373.93,30638.17,4253.02,0.0,2021-02-20 17:05:00
6069785,2021-02-20 17:10:16,N,9287.11,30041.75,4257.98,0.0,2021-02-20 17:10:00
6069787,2021-02-20 17:15:19,N,9274.36,29796.61,4302.04,0.0,2021-02-20 17:15:00
6069791,2021-02-20 17:20:14,N,9313.83,29812.49,4301.9,0.0,2021-02-20 17:20:00
6069793,2021-02-20 17:25:15,N,9137.04,29500.92,4301.87,0.0,2021-02-20 17:25:00
6069795,2021-02-20 17:30:17,N,8966.86,29250.52,4309.89,0.0,2021-02-20 17:30:00
6069799,2021-02-20 17:32:55,N,8929.07,28905.43,4304.92,0.0,2021-02-20 17:30:00
6069800,2021-02-20 17:35:15,N,8979.79,28754.38,4304.93,0.0,2021-02-20 17:35:00
6069802,2021-02-20 17:38:52,N,8873.3,28175.22,4304.99,0.0,2021-02-20 17:35:00
6069803,2021-02-20 17:40:16,N,8794.08,28065.79,4304.96,0.0,2021-02-20 17:40:00
6069805,2021-02-20 17:45:15,N,8791.69,28048.25,4309.75,0.0,2021-02-20 17:45:00
6069809,2021-02-20 17:50:15,N,8733.51,27700.16,4309.67,0.0,2021-02-20 17:50:00
6069811,2021-02-20 17:51:19,N,8531.63,27588.87,4309.67,0.0,2021-02-20 17:50:00
6069812,2021-02-20 17:53:19,N,8501.36,27365.61,4309.67,0.0,2021-02-20 17:50:00
6069813,2021-02-20 17:55:15,N,8510.08,27188.36,4309.93,0.0,2021-02-20 17:55:00
6069815,2021-02-20 17:57:22,N,8452.33,26813.36,4304.96,0.0,2021-02-20 17:55:00
6069816,2021-02-20 18:00:22,N,8336.63,26255.27,4344.99,0.0,2021-02-20 18:00:00
6069823,2021-02-20 18:01:42,N,8319.81,26022.07,4349.93,0.0,2021-02-20 18:00:00
6069825,2021-02-20 18:05:18,N,8235.66,25461.4,4349.87,0.0,2021-02-20 18:05:00
6069827,2021-02-20 18:10:15,N,8207.45,25005.16,4344.84,0.0,2021-02-20 18:10:00
6069829,2021-02-20 18:15:16,N,8043.43,24631.6,4344.9,0.0,2021-02-20 18:15:00
6069833,2021-02-20 18:20:15,N,7792.08,23941.91,4344.99,0.0,2021-02-20 18:20:00
6069835,2021-02-20 18:25:16,N,7570.19,22999.71,4351.1,0.0,2021-02-20 18:25:00
6069837,2021-02-20 18:30:16,N,7385.09,22177.56,4351.95,0.0,2021-02-20 18:30:00
6069841,2021-02-20 18:35:15,N,7262.61,21757.89,4351.89,0.0,2021-02-20 18:35:00
6069843,2021-02-20 18:40:15,N,7190.01,21724.11,4351.88,0.0,2021-02-20 18:40:00
6069845,2021-02-20 18:45:17,N,7072.94,20829.92,4351.61,0.0,2021-02-20 18:45:00
6069849,2021-02-20 18:50:17,N,6983.07,21128.82,4351.71,0.0,2021-02-20 18:50:00
6069851,2021-02-20 18:55:15,N,6946.01,21014.81,4354.9,0.0,2021-02-20 18:55:00
6069853,2021-02-20 19:00:19,N,6967.96,21198.76,4334.0,0.0,2021-02-20 19:00:00
6069861,2021-02-20 19:05:17,N,6953.38,21080.64,4335.0,0.0,2021-02-20 19:05:00
6069863,2021-02-20 19:10:14,N,7132.17,21107.03,4335.03,0.0,2021-02-20 19:10:00
6069865,2021-02-20 19:15:15,N,7091.77,21263.23,4335.0,0.0,2021-02-20 19:15:00
6069869,2021-02-20 19:20:16,N,7130.41,21418.69,4340.06,0.0,2021-02-20 19:20:00
6069871,2021-02-20 19:25:15,N,7132.82,21189.29,4345.03,0.0,2021-02-20 19:25:00
6069873,2021-02-20 19:30:15,N,7130.64,21293.35,4344.86,0.0,2021-02-20 19:30:00
6069877,2021-02-20 19:35:15,N,7111.33,20993.99,4344.8,0.0,2021-02-20 19:35:00
6069879,2021-02-20 19:40:15,N,7102.65,21181.86,4328.89,0.0,2021-02-20 19:40:00
6069881,2021-02-20 19:45:16,N,7084.89,21071.04,4344.72,0.0,2021-02-20 19:45:00
6069885,2021-02-20 19:50:17,N,7033.96,21177.52,4344.84,0.0,2021-02-20 19:50:00
6069887,2021-02-20 19:55:15,N,7082.35,21107.68,4344.99,0.0,2021-02-20 19:55:00
6069889,2021-02-20 20:00:21,N,7073.63,21141.68,4347.7,0.0,2021-02-20 20:00:00
6069897,2021-02-20 20:05:16,N,7110.38,21168.08,4347.73,0.0,2021-02-20 20:05:00
6069899,2021-02-20 20:10:17,N,7141.89,21359.23,4348.71,0.0,2021-02-20 20:10:00
6069901,2021-02-20 20:15:16,N,7158.36,21550.83,4348.62,0.0,2021-02-20 20:15:00
6069905,2021-02-20 20:20:16,N,7162.89,21725.08,4348.65,0.0,2021-02-20 20:20:00
6069907,2021-02-20 20:25:15,N,7177.6,22015.8,4348.68,0.0,2021-02-20 20:25:00
6069909,2021-02-20 20:30:16,N,7190.7,22047.87,4348.62,0.0,2021-02-20 20:30:00
6069913,2021-02-20 20:35:15,N,7203.14,22058.72,4348.67,0.0,2021-02-20 20:35:00
6069915,2021-02-20 20:40:16,N,7212.61,22272.78,4349.68,0.0,2021-02-20 20:40:00
6069917,2021-02-20 20:45:16,N,7223.57,22381.42,4349.43,0.0,2021-02-20 20:45:00
6069921,2021-02-20 20:50:17,N,7278.28,22362.02,4349.45,0.0,2021-02-20 20:50:00
6069923,2021-02-20 20:55:18,N,7207.85,22408.48,4349.67,0.0,2021-02-20 20:55:00
6069925,2021-02-20 21:00:20,N,7063.8,22118.04,4349.76,0.0,2021-02-20 21:00:00
6069933,2021-02-20 21:05:19,N,7066.78,22063.83,4349.71,0.0,2021-02-20 21:05:00
6069935,2021-02-20 21:10:15,N,7062.13,22247.42,4349.62,0.0,2021-02-20 21:10:00
6069937,2021-02-20 21:15:16,N,7156.66,22252.51,4349.61,0.0,2021-02-20 21:15:00
6069941,2021-02-20 21:20:15,N,7155.55,22417.47,4349.65,0.0,2021-02-20 21:20:00
6069943,2021-02-20 21:25:15,N,7124.72,22218.59,4350.62,0.0,2021-02-20 21:25:00
6069945,2021-02-20 21:30:16,N,7193.93,22568.5,4350.67,0.0,2021-02-20 21:30:00
6069949,2021-02-20 21:35:16,N,7186.33,22735.78,4351.76,0.0,2021-02-20 21:35:00
6069951,2021-02-20 21:40:17,N,7220.0,22605.76,4351.68,0.0,2021-02-20 21:40:00
6069953,2021-02-20 21:45:16,N,7189.92,22851.81,4351.4,0.0,2021-02-20 21:45:00
6069957,2021-02-20 21:50:17,N,7240.61,22916.59,4303.39,0.0,2021-02-20 21:50:00
6069959,2021-02-20 21:55:19,N,7235.6,22973.28,4303.63,0.0,2021-02-20 21:55:00
6069961,2021-02-20 22:00:21,N,7271.95,23095.23,4302.38,0.0,2021-02-20 22:00:00
6069969,2021-02-20 22:05:16,N,7302.38,23452.58,4302.37,0.0,2021-02-20 22:05:00
6069971,2021-02-20 22:10:15,N,7227.54,23225.37,4302.32,0.0,2021-02-20 22:10:00
6069973,2021-02-20 22:15:16,N,7241.67,23307.17,4302.38,0.0,2021-02-20 22:15:00
6069977,2021-02-20 22:20:16,N,7249.75,23400.92,4302.38,0.0,2021-02-20 22:20:00
6069979,2021-02-20 22:25:17,N,7244.86,23536.81,4302.4,0.0,2021-02-20 22:25:00
6069981,2021-02-20 22:30:17,N,7282.11,23573.01,4302.4,0.0,2021-02-20 22:30:00
6069985,2021-02-20 22:35:16,N,7280.75,23574.33,4302.35,0.0,2021-02-20 22:35:00
6069987,2021-02-20 22:40:18,N,7298.62,23707.06,4302.32,0.0,2021-02-20 22:40:00
6069989,2021-02-20 22:45:16,N,7329.49,23899.55,4301.12,0.0,2021-02-20 22:45:00
6069993,2021-02-20 22:50:16,N,7354.24,23846.95,4306.18,0.0,2021-02-20 22:50:00
6069995,2021-02-20 22:55:16,N,7365.77,23976.64,4300.35,0.0,2021-02-20 22:55:00
6069997,2021-02-20 23:00:22,N,7387.36,24019.49,4299.44,0.0,2021-02-20 23:00:00
6070005,2021-02-20 23:05:16,N,7567.05,24420.48,4299.47,0.0,2021-02-20 23:05:00
6070007,2021-02-20 23:10:16,N,7563.99,24571.54,4299.45,0.0,2021-02-20 23:10:00
6070009,2021-02-20 23:15:16,N,7574.59,24657.54,4299.42,0.0,2021-02-20 23:15:00
6070013,2021-02-20 23:20:16,N,7630.43,24649.87,4299.41,0.0,2021-02-20 23:20:00
6070015,2021-02-20 23:25:15,N,7625.16,24878.57,4299.56,0.0,2021-02-20 23:25:00
6070017,2021-02-20 23:30:18,N,7633.6,24772.21,4299.5,0.0,2021-02-20 23:30:00
6070021,2021-02-20 23:35:16,N,7635.06,24663.66,4299.47,0.0,2021-02-20 23:35:00
6070023,2021-02-20 23:40:16,N,7618.51,24992.08,4299.41,0.0,2021-02-20 23:40:00
6070025,2021-02-20 23:45:16,N,7719.21,25057.98,4299.22,0.0,2021-02-20 23:45:00
6070029,2021-02-20 23:50:16,N,7719.15,25296.51,4299.19,0.0,2021-02-20 23:50:00
6070031,2021-02-20 23:55:16,N,7720.36,25375.99,4299.44,0.0,2021-02-20 23:55:00
6070033,2021-02-21 00:00:27,N,7850.65,25547.5,4236.81,0.0,2021-02-21 00:00:00
6070041,2021-02-21 00:05:16,N,7916.86,25596.91,4236.82,0.0,2021-02-21 00:05:00
6070043,2021-02-21 00:10:16,N,7911.87,25185.26,4196.82,0.0,2021-02-21 00:10:00
6070045,2021-02-21 00:15:17,N,7977.85,25337.91,4274.87,0.0,2021-02-21 00:15:00
6070049,2021-02-21 00:20:16,N,7997.37,25280.52,4274.93,0.0,2021-02-21 00:20:00
6070051,2021-02-21 00:25:16,N,7992.7,25325.71,4274.87,0.0,2021-02-21 00:25:00
6070053,2021-02-21 00:30:17,N,7965.06,25562.4,4196.84,0.0,2021-02-21 00:30:00
6070057,2021-02-21 00:35:16,N,8015.88,25552.41,4196.9,0.0,2021-02-21 00:35:00
6070059,2021-02-21 00:40:18,N,8018.39,25595.98,4196.84,0.0,2021-02-21 00:40:00
6070061,2021-02-21 00:45:17,N,8035.78,25529.14,4196.58,0.0,2021-02-21 00:45:00
6070065,2021-02-21 00:50:17,N,7959.13,25420.13,4196.59,0.0,2021-02-21 00:50:00
6070067,2021-02-21 00:55:18,N,7943.43,25500.63,4196.81,0.0,2021-02-21 00:55:00
6070069,2021-02-21 01:00:31,N,7966.51,25694.66,4196.82,0.0,2021-02-21 01:00:00
6070077,2021-02-21 01:05:16,N,7995.47,25854.2,4196.84,0.0,2021-02-21 01:05:00
6070080,2021-02-21 01:10:15,N,7980.67,25732.34,4196.84,0.0,2021-02-21 01:10:00
6070082,2021-02-21 01:15:17,N,8009.22,25849.1,4196.81,0.0,2021-02-21 01:15:00
6070086,2021-02-21 01:20:16,N,8006.94,25874.15,4196.84,0.0,2021-02-21 01:20:00
6070088,2021-02-21 01:25:16,N,8007.75,25763.59,4196.87,0.0,2021-02-21 01:25:00
6070090,2021-02-21 01:30:15,N,8019.57,25741.65,4196.87,0.0,2021-02-21 01:30:00
6070094,2021-02-21 01:35:15,N,8017.88,25888.5,4196.84,0.0,2021-02-21 01:35:00
6070096,2021-02-21 01:40:16,N,8039.81,25883.5,4196.85,0.0,2021-02-21 01:40:00
6070098,2021-02-21 01:45:16,N,8036.09,25569.76,4196.61,0.0,2021-02-21 01:45:00
6070102,2021-02-21 01:50:16,N,7952.15,25734.73,4201.61,0.0,2021-02-21 01:50:00
6070104,2021-02-21 01:55:15,N,7981.1,25756.11,4201.81,0.0,2021-02-21 01:55:00
6070106,2021-02-21 02:00:24,N,8028.17,25469.88,4202.02,0.0,2021-02-21 02:00:00
6070114,2021-02-21 02:05:16,N,7945.81,25713.76,4200.1,0.0,2021-02-21 02:05:00
6070116,2021-02-21 02:10:17,N,7981.05,25567.41,4200.07,0.0,2021-02-21 02:10:00
6070118,2021-02-21 02:15:16,N,7997.03,25655.63,4200.01,0.0,2021-02-21 02:15:00
6070122,2021-02-21 02:20:16,N,7992.61,25766.0,4200.02,0.0,2021-02-21 02:20:00
6070124,2021-02-21 02:25:15,N,8018.35,25601.6,4200.02,0.0,2021-02-21 02:25:00
6070126,2021-02-21 02:30:18,N,8003.54,25637.01,4200.02,0.0,2021-02-21 02:30:00
6070130,2021-02-21 02:35:16,N,8022.36,25596.49,4200.01,0.0,2021-02-21 02:35:00
6070132,2021-02-21 02:40:16,N,8002.69,25786.65,4200.05,0.0,2021-02-21 02:40:00
6070134,2021-02-21 02:45:18,N,8054.88,25891.78,4199.69,0.0,2021-02-21 02:45:00
6070138,2021-02-21 02:50:16,N,8093.27,26076.73,4199.69,0.0,2021-02-21 02:50:00
6070140,2021-02-21 02:55:16,N,8120.75,25920.51,4200.01,0.0,2021-02-21 02:55:00
6070142,2021-02-21 03:00:21,N,8119.96,25869.23,4195.82,0.0,2021-02-21 03:00:00
6070150,2021-02-21 03:05:16,N,8065.94,25801.16,4195.82,0.0,2021-02-21 03:05:00
6070152,2021-02-21 03:10:16,N,8011.24,25837.44,4195.85,0.0,2021-02-21 03:10:00
6070154,2021-02-21 03:15:16,N,8025.58,25677.69,4195.84,0.0,2021-02-21 03:15:00
6070158,2021-02-21 03:20:15,N,7999.44,25585.79,4195.84,0.0,2021-02-21 03:20:00
6070160,2021-02-21 03:25:15,N,7987.65,25332.57,4195.82,0.0,2021-02-21 03:25:00
6070162,2021-02-21 03:30:16,N,7946.29,25400.51,4195.82,0.0,2021-02-21 03:30:00
6070166,2021-02-21 03:35:15,N,7968.1,25536.19,4195.81,0.0,2021-02-21 03:35:00
6070168,2021-02-21 03:40:16,N,7981.67,25657.7,4195.81,0.0,2021-02-21 03:40:00
6070170,2021-02-21 03:45:16,N,7973.86,25679.96,4194.64,0.0,2021-02-21 03:45:00
6070174,2021-02-21 03:50:17,N,8031.04,25572.56,4194.61,0.0,2021-02-21 03:50:00
6070176,2021-02-21 03:55:18,N,7995.0,25620.62,4194.82,0.0,2021-02-21 03:55:00
6070178,2021-02-21 04:00:19,N,7978.24,25527.51,4195.31,0.0,2021-02-21 04:00:00
6070186,2021-02-21 04:05:16,N,7965.94,25208.93,4195.12,0.0,2021-02-21 04:05:00
6070188,2021-02-21 04:10:14,N,7900.95,25253.41,4195.12,0.0,2021-02-21 04:10:00
6070190,2021-02-21 04:15:15,N,7901.99,25366.76,4198.12,0.0,2021-02-21 04:15:00
6070194,2021-02-21 04:20:16,N,7925.41,25288.38,4198.11,0.0,2021-02-21 04:20:00
6070196,2021-02-21 04:25:15,N,7914.73,24912.43,4195.17,0.0,2021-02-21 04:25:00
6070198,2021-02-21 04:30:18,N,7851.62,24744.43,4198.12,0.0,2021-02-21 04:30:00
6070202,2021-02-21 04:35:15,N,7798.19,24556.54,4276.14,0.0,2021-02-21 04:35:00
6070204,2021-02-21 04:40:17,N,7766.36,24247.76,4273.12,0.0,2021-02-21 04:40:00
6070206,2021-02-21 04:45:16,N,7736.67,24515.96,4272.88,0.0,2021-02-21 04:45:00
6070210,2021-02-21 04:50:16,N,7780.58,24263.62,4272.89,0.0,2021-02-21 04:50:00
6070212,2021-02-21 04:55:17,N,7732.94,23791.84,4273.12,0.0,2021-02-21 04:55:00
6070214,2021-02-21 05:00:22,N,7660.74,23820.57,4302.42,0.0,2021-02-21 05:00:00
6070222,2021-02-21 05:05:15,N,7661.51,23503.36,4304.41,0.0,2021-02-21 05:05:00
6070224,2021-02-21 05:10:18,N,7607.81,23323.41,4301.42,0.0,2021-02-21 05:10:00
6070226,2021-02-21 05:15:17,N,7572.12,23083.78,4299.42,0.0,2021-02-21 05:15:00
6070230,2021-02-21 05:20:18,N,7584.92,23337.4,4299.42,0.0,2021-02-21 05:20:00
6070233,2021-02-21 05:25:15,N,7563.5,23128.64,4221.42,0.0,2021-02-21 05:25:00
6070235,2021-02-21 05:30:15,N,7578.28,23004.06,4221.44,0.0,2021-02-21 05:30:00
6070239,2021-02-21 05:35:17,N,7590.85,22701.03,4221.45,0.0,2021-02-21 05:35:00
6070241,2021-02-21 05:40:15,N,7505.6,22759.72,4221.42,0.0,2021-02-21 05:40:00
6070243,2021-02-21 05:45:17,N,7592.85,22910.94,4221.19,0.0,2021-02-21 05:45:00
6070247,2021-02-21 05:50:16,N,7561.0,22933.19,4221.18,0.0,2021-02-21 05:50:00
6070249,2021-02-21 05:55:16,N,7545.83,22861.33,4221.42,0.0,2021-02-21 05:55:00
6070251,2021-02-21 06:00:25,N,7521.19,22542.39,4235.92,0.0,2021-02-21 06:00:00
6070259,2021-02-21 06:05:19,N,7482.2,22040.91,4220.32,0.0,2021-02-21 06:05:00
6070261,2021-02-21 06:10:19,N,7354.04,21909.48,4220.31,0.0,2021-02-21 06:10:00
6070263,2021-02-21 06:15:19,N,7330.63,21681.0,4220.32,0.0,2021-02-21 06:15:00
6070267,2021-02-21 06:20:17,N,7262.97,21536.33,4220.32,0.0,2021-02-21 06:20:00
6070269,2021-02-21 06:25:17,N,7267.91,21363.98,4220.35,0.0,2021-02-21 06:25:00
6070271,2021-02-21 06:30:18,N,7200.41,21110.12,4220.35,0.0,2021-02-21 06:30:00
6070275,2021-02-21 06:35:16,N,7089.38,20943.63,4220.34,0.0,2021-02-21 06:35:00
6070277,2021-02-21 06:40:16,N,7106.15,20601.07,4215.35,0.0,2021-02-21 06:40:00
6070279,2021-02-21 06:45:16,N,7040.35,20501.33,4220.12,0.0,2021-02-21 06:45:00
6070283,2021-02-21 06:50:17,N,7025.79,20227.04,4220.11,0.0,2021-02-21 06:50:00
6070285,2021-02-21 06:55:16,N,7026.14,20525.94,4215.32,0.0,2021-02-21 06:55:00
6070287,2021-02-21 07:00:24,N,7051.86,20561.86,4219.92,0.0,2021-02-21 07:00:00
6070295,2021-02-21 07:05:17,N,7052.56,20324.07,4219.93,0.0,2021-02-21 07:05:00
6070297,2021-02-21 07:10:16,N,6897.08,19730.03,4219.93,0.0,2021-02-21 07:10:00
6070299,2021-02-21 07:15:16,N,6906.83,19501.43,4219.94,0.0,2021-02-21 07:15:00
6070303,2021-02-21 07:20:16,N,6892.47,19338.19,4219.94,0.0,2021-02-21 07:20:00
6070305,2021-02-21 07:25:16,N,6907.76,19342.86,4219.95,0.0,2021-02-21 07:25:00
6070307,2021-02-21 07:30:15,N,6909.42,19209.28,4219.95,0.0,2021-02-21 07:30:00
6070311,2021-02-21 07:35:16,N,6878.6,19124.51,4219.95,0.0,2021-02-21 07:35:00
6070313,2021-02-21 07:40:16,N,6884.62,18942.7,4219.95,0.0,2021-02-21 07:40:00
6070315,2021-02-21 07:45:17,N,6809.24,19205.59,4219.74,0.0,2021-02-21 07:45:00
6070319,2021-02-21 07:50:18,N,6877.75,19165.24,4220.71,0.0,2021-02-21 07:50:00
6070321,2021-02-21 07:55:16,N,6849.46,18808.37,4217.95,0.0,2021-02-21 07:55:00
6070323,2021-02-21 08:00:18,N,6772.62,18631.08,4211.25,0.0,2021-02-21 08:00:00
6070331,2021-02-21 08:05:18,N,6758.16,18344.24,4212.25,0.0,2021-02-21 08:05:00
6070333,2021-02-21 08:10:16,N,6767.15,18400.04,4212.25,0.0,2021-02-21 08:10:00
6070335,2021-02-21 08:15:16,N,6739.11,18320.13,4211.41,0.0,2021-02-21 08:15:00
6070339,2021-02-21 08:20:15,N,6777.34,18012.05,4212.25,0.0,2021-02-21 08:20:00
6070341,2021-02-21 08:25:16,N,6852.68,18174.37,4212.25,0.0,2021-02-21 08:25:00
6070343,2021-02-21 08:30:17,N,6875.59,18150.1,4212.23,0.0,2021-02-21 08:30:00
6070347,2021-02-21 08:35:16,N,6905.44,18151.11,4211.25,0.0,2021-02-21 08:35:00
6070349,2021-02-21 08:40:14,N,6936.36,18089.28,4211.28,0.0,2021-02-21 08:40:00
6070351,2021-02-21 08:45:16,N,6917.87,18036.44,4211.04,0.0,2021-02-21 08:45:00
6070355,2021-02-21 08:50:17,N,6932.53,18026.79,4211.01,0.0,2021-02-21 08:50:00
6070357,2021-02-21 08:55:18,N,6952.37,18119.72,4212.25,0.0,2021-02-21 08:55:00
6070359,2021-02-21 09:00:21,N,6957.65,18192.53,4210.55,0.0,2021-02-21 09:00:00
6070367,2021-02-21 09:05:18,N,6963.87,18023.62,4205.55,0.0,2021-02-21 09:05:00
6070369,2021-02-21 09:10:16,N,6947.3,17956.44,4205.55,0.0,2021-02-21 09:10:00
6070371,2021-02-21 09:15:16,N,6906.79,18267.56,4204.54,0.0,2021-02-21 09:15:00
6070375,2021-02-21 09:20:14,N,6996.51,18275.2,4204.58,0.0,2021-02-21 09:20:00
6070377,2021-02-21 09:25:16,N,6989.55,18637.14,4204.58,0.0,2021-02-21 09:25:00
6070379,2021-02-21 09:30:18,N,7005.53,19190.98,4200.58,0.0,2021-02-21 09:30:00
6070383,2021-02-21 09:35:16,N,6992.15,19075.09,4193.8,0.0,2021-02-21 09:35:00
6070385,2021-02-21 09:40:16,N,7012.31,19142.11,4201.55,0.0,2021-02-21 09:40:00
6070387,2021-02-21 09:45:17,N,7003.21,19532.59,4200.31,0.0,2021-02-21 09:45:00
6070391,2021-02-21 09:50:17,N,7091.49,19891.27,4248.31,0.0,2021-02-21 09:50:00
6070393,2021-02-21 09:55:17,N,7347.16,20662.14,4248.55,0.0,2021-02-21 09:55:00
6070395,2021-02-21 10:00:24,N,7395.14,20911.4,4247.35,0.0,2021-02-21 10:00:00
6070406,2021-02-21 10:05:16,N,7482.51,21097.04,4246.35,0.0,2021-02-21 10:05:00
6070408,2021-02-21 10:10:16,N,7500.06,21155.98,4246.38,0.0,2021-02-21 10:10:00
6070410,2021-02-21 10:15:16,N,7491.25,21128.55,4240.35,0.0,2021-02-21 10:15:00
6070414,2021-02-21 10:20:15,N,7386.57,20796.36,4241.35,0.0,2021-02-21 10:20:00
6070416,2021-02-21 10:25:16,N,7513.43,21366.56,4240.35,0.0,2021-02-21 10:25:00
6070418,2021-02-21 10:30:17,N,7540.1,21852.26,4239.35,0.0,2021-02-21 10:30:00
6070422,2021-02-21 10:35:17,N,7540.16,21932.65,4239.38,0.0,2021-02-21 10:35:00
6070424,2021-02-21 10:40:14,N,7611.55,22096.6,4240.43,0.0,2021-02-21 10:40:00
6070426,2021-02-21 10:45:16,N,7691.37,22341.3,4240.17,0.0,2021-02-21 10:45:00
6070430,2021-02-21 10:50:16,N,7726.15,22474.8,4240.11,0.0,2021-02-21 10:50:00
6070432,2021-02-21 10:55:16,N,7741.15,22840.38,4240.34,0.0,2021-02-21 10:55:00
6070434,2021-02-21 11:00:20,N,7758.06,22859.65,4235.15,0.0,2021-02-21 11:00:00
6070442,2021-02-21 11:05:17,N,7770.32,23086.97,4233.65,0.0,2021-02-21 11:05:00
6070444,2021-02-21 11:10:29,N,7779.63,23255.29,4234.65,0.0,2021-02-21 11:10:00
6070446,2021-02-21 11:15:18,N,7821.65,23632.59,4232.65,0.0,2021-02-21 11:15:00
6070450,2021-02-21 11:20:17,N,7830.39,23637.22,4232.67,0.0,2021-02-21 11:20:00
6070452,2021-02-21 11:25:16,N,7765.06,23241.6,4232.73,0.0,2021-02-21 11:25:00
6070454,2021-02-21 11:30:16,N,7803.66,23588.32,4232.68,0.0,2021-02-21 11:30:00
6070458,2021-02-21 11:35:16,N,7792.98,23749.66,4232.67,0.0,2021-02-21 11:35:00
6070460,2021-02-21 11:40:15,N,7880.17,23934.7,4231.67,0.0,2021-02-21 11:40:00
6070462,2021-02-21 11:45:16,N,7897.27,23928.09,4231.41,0.0,2021-02-21 11:45:00
6070466,2021-02-21 11:50:17,N,7897.27,24055.14,4231.41,0.0,2021-02-21 11:50:00
6070468,2021-02-21 11:55:16,N,7883.52,24053.06,4232.65,0.0,2021-02-21 11:55:00
6070470,2021-02-21 12:00:21,N,7943.06,24140.8,4283.63,0.0,2021-02-21 12:00:00
6070478,2021-02-21 12:05:16,N,8002.78,24350.8,4282.0,0.0,2021-02-21 12:05:00
6070480,2021-02-21 12:10:17,N,8000.72,24366.29,4280.94,0.0,2021-02-21 12:10:00
6070482,2021-02-21 12:15:17,N,7988.99,24239.62,4280.94,0.0,2021-02-21 12:15:00
6070486,2021-02-21 12:20:16,N,7966.51,24123.72,4281.03,0.0,2021-02-21 12:20:00
6070488,2021-02-21 12:25:16,N,7973.28,24217.56,4279.96,0.0,2021-02-21 12:25:00
6070490,2021-02-21 12:30:18,N,7968.94,24211.35,4280.97,0.0,2021-02-21 12:30:00
6070494,2021-02-21 12:35:17,N,7953.22,23847.84,4280.94,0.0,2021-02-21 12:35:00
6070496,2021-02-21 12:40:16,N,7985.31,23916.92,4274.88,0.0,2021-02-21 12:40:00
6070498,2021-02-21 12:45:16,N,7988.67,24116.18,4277.65,0.0,2021-02-21 12:45:00
6070502,2021-02-21 12:50:17,N,7966.36,24248.35,4278.73,0.0,2021-02-21 12:50:00
6070504,2021-02-21 12:55:18,N,8006.93,24136.8,4278.96,0.0,2021-02-21 12:55:00
6070506,2021-02-21 13:00:24,N,8023.44,24093.75,4275.19,0.0,2021-02-21 13:00:00
6070514,2021-02-21 13:05:19,N,7995.57,24089.62,4274.0,0.0,2021-02-21 13:05:00
6070516,2021-02-21 13:10:19,N,7855.85,23962.53,4269.05,0.0,2021-02-21 13:10:00
6070518,2021-02-21 13:15:16,N,7898.76,23926.85,4268.96,0.0,2021-02-21 13:15:00
6070522,2021-02-21 13:20:16,N,7883.74,23929.6,4268.93,0.0,2021-02-21 13:20:00
6070524,2021-02-21 13:25:15,N,7906.76,23878.58,4271.99,0.0,2021-02-21 13:25:00
6070526,2021-02-21 13:30:16,N,7877.74,23990.21,4265.99,0.0,2021-02-21 13:30:00
6070530,2021-02-21 13:35:16,N,7924.68,24200.86,4268.01,0.0,2021-02-21 13:35:00
6070532,2021-02-21 13:40:16,N,7928.06,24185.72,4267.01,0.0,2021-02-21 13:40:00
6070534,2021-02-21 13:45:16,N,7951.88,24102.7,4265.82,0.0,2021-02-21 13:45:00
6070538,2021-02-21 13:50:18,N,7902.94,24003.84,4265.74,0.0,2021-02-21 13:50:00
6070540,2021-02-21 13:55:16,N,7896.47,23688.53,4266.92,0.0,2021-02-21 13:55:00
6070542,2021-02-21 14:00:19,N,7851.8,23485.5,4263.71,0.0,2021-02-21 14:00:00
6070550,2021-02-21 14:05:17,N,7814.57,23765.69,4263.35,0.0,2021-02-21 14:05:00
6070552,2021-02-21 14:10:15,N,7846.19,23966.51,4264.38,0.0,2021-02-21 14:10:00
6070554,2021-02-21 14:15:17,N,7835.35,23615.39,4264.41,0.0,2021-02-21 14:15:00
6070558,2021-02-21 14:20:16,N,7783.01,23497.84,4263.35,0.0,2021-02-21 14:20:00
6070560,2021-02-21 14:25:15,N,7795.43,23756.93,4265.35,0.0,2021-02-21 14:25:00
6070564,2021-02-21 14:30:21,N,7643.77,23198.82,4264.41,0.0,2021-02-21 14:30:00
6070571,2021-02-21 14:35:15,N,7788.03,23382.77,4264.46,0.0,2021-02-21 14:35:00
6070573,2021-02-21 14:40:15,N,7772.08,23343.93,4263.4,0.0,2021-02-21 14:40:00
6070575,2021-02-21 14:45:17,N,7764.55,23410.4,4263.18,0.0,2021-02-21 14:45:00
6070579,2021-02-21 14:50:16,N,7743.76,23385.02,4262.07,0.0,2021-02-21 14:50:00
6070581,2021-02-21 14:55:17,N,7775.52,23291.17,4263.35,0.0,2021-02-21 14:55:00
6070583,2021-02-21 15:00:19,N,7785.87,23387.75,4259.72,0.0,2021-02-21 15:00:00
6070591,2021-02-21 15:05:18,N,7783.76,23027.09,4167.75,0.0,2021-02-21 15:05:00
6070593,2021-02-21 15:10:17,N,7706.32,22908.61,4167.84,0.0,2021-02-21 15:10:00
6070595,2021-02-21 15:15:15,N,7677.95,22966.37,4167.8,0.0,2021-02-21 15:15:00
6070599,2021-02-21 15:20:16,N,7694.87,22994.87,4167.77,0.0,2021-02-21 15:20:00
6070601,2021-02-21 15:25:16,N,7535.35,22397.53,4167.78,0.0,2021-02-21 15:25:00
6070603,2021-02-21 15:30:18,N,7499.41,22445.37,4167.84,0.0,2021-02-21 15:30:00
6070607,2021-02-21 15:35:16,N,7473.52,22548.88,4165.77,0.0,2021-02-21 15:35:00
6070609,2021-02-21 15:40:16,N,7526.26,22575.16,4166.8,0.0,2021-02-21 15:40:00
6070611,2021-02-21 15:45:17,N,7516.36,22342.71,4167.6,0.0,2021-02-21 15:45:00
6070615,2021-02-21 15:50:16,N,7548.7,22195.62,4167.54,0.0,2021-02-21 15:50:00
6070617,2021-02-21 15:55:17,N,7472.57,22235.57,4167.74,0.0,2021-02-21 15:55:00
6070619,2021-02-21 16:00:20,N,7486.99,22421.89,4117.0,0.0,2021-02-21 16:00:00
6070627,2021-02-21 16:05:16,N,7488.13,22379.65,4117.01,0.0,2021-02-21 16:05:00
6070629,2021-02-21 16:10:15,N,7580.01,22599.52,4116.95,0.0,2021-02-21 16:10:00
6070631,2021-02-21 16:15:15,N,7561.79,22275.88,4115.96,0.0,2021-02-21 16:15:00
6070635,2021-02-21 16:20:16,N,7508.3,22204.4,4114.99,0.0,2021-02-21 16:20:00
6070637,2021-02-21 16:25:15,N,7458.75,22198.95,4115.94,0.0,2021-02-21 16:25:00
6070639,2021-02-21 16:30:15,N,7441.41,22153.78,4114.99,0.0,2021-02-21 16:30:00
6070643,2021-02-21 16:35:15,N,7466.48,22261.48,4115.96,0.0,2021-02-21 16:35:00
6070645,2021-02-21 16:40:16,N,7446.62,22165.65,4115.02,0.0,2021-02-21 16:40:00
6070647,2021-02-21 16:45:16,N,7469.62,21809.12,4114.85,0.0,2021-02-21 16:45:00
6070651,2021-02-21 16:50:16,N,7417.66,21689.81,4115.76,0.0,2021-02-21 16:50:00
6070653,2021-02-21 16:55:16,N,7391.98,21306.6,4116.91,0.0,2021-02-21 16:55:00
6070655,2021-02-21 17:00:19,N,7331.29,21213.63,4123.34,0.0,2021-02-21 17:00:00
6070663,2021-02-21 17:05:16,N,7282.87,20887.59,4123.37,0.0,2021-02-21 17:05:00
6070665,2021-02-21 17:10:15,N,7226.97,20493.93,4123.35,0.0,2021-02-21 17:10:00
6070667,2021-02-21 17:15:15,N,7177.28,20229.45,4123.34,0.0,2021-02-21 17:15:00
6070671,2021-02-21 17:20:16,N,7100.97,19523.56,4123.4,0.0,2021-02-21 17:20:00
6070673,2021-02-21 17:25:15,N,6991.44,19152.67,4123.46,0.0,2021-02-21 17:25:00
6070675,2021-02-21 17:30:17,N,6826.45,18204.6,4123.44,0.0,2021-02-21 17:30:00
6070679,2021-02-21 17:35:16,N,6783.03,17746.89,4123.37,0.0,2021-02-21 17:35:00
6070681,2021-02-21 17:40:17,N,6773.78,17357.23,4127.4,0.0,2021-02-21 17:40:00
6070683,2021-02-21 17:45:15,N,6678.7,16780.3,4128.14,0.0,2021-02-21 17:45:00
6070687,2021-02-21 17:50:17,N,6496.42,16271.94,4128.15,0.0,2021-02-21 17:50:00
6070689,2021-02-21 17:55:16,N,6411.01,15788.38,4128.35,0.0,2021-02-21 17:55:00
6070691,2021-02-21 18:00:21,N,6208.0,15343.03,4134.52,0.0,2021-02-21 18:00:00
6070699,2021-02-21 18:05:18,N,5979.08,14310.15,4130.38,0.0,2021-02-21 18:05:00
6070701,2021-02-21 18:06:18,N,5959.32,14193.42,4138.6,0.0,2021-02-21 18:05:00
6070702,2021-02-21 18:10:16,N,5929.94,13690.72,4138.62,0.0,2021-02-21 18:10:00
6070704,2021-02-21 18:15:16,N,5779.1,13053.55,4138.62,0.0,2021-02-21 18:15:00
6070708,2021-02-21 18:20:14,N,5398.37,12299.36,4139.62,0.0,2021-02-21 18:20:00
6070710,2021-02-21 18:25:15,N,5305.7,12038.66,4139.59,0.0,2021-02-21 18:25:00
6070712,2021-02-21 18:30:16,N,5223.44,11372.87,4139.61,0.0,2021-02-21 18:30:00
6070716,2021-02-21 18:35:15,N,5182.65,10836.81,4139.69,0.0,2021-02-21 18:35:00
6070718,2021-02-21 18:40:15,N,5138.81,10558.37,4140.59,0.0,2021-02-21 18:40:00
6070720,2021-02-21 18:45:17,N,5061.11,10382.62,4140.33,0.0,2021-02-21 18:45:00
6070724,2021-02-21 18:50:13,N,4971.23,10293.42,4134.29,0.0,2021-02-21 18:50:00
6070726,2021-02-21 18:55:14,N,4987.01,10436.03,4044.42,0.0,2021-02-21 18:55:00
6070728,2021-02-21 19:00:16,N,4994.25,10568.08,4039.48,0.0,2021-02-21 19:00:00
6070736,2021-02-21 19:05:16,N,4884.27,10610.04,3998.16,0.0,2021-02-21 19:05:00
6070738,2021-02-21 19:10:13,N,4733.43,10486.67,3998.13,0.0,2021-02-21 19:10:00
6070740,2021-02-21 19:15:14,N,4650.02,10450.52,3998.18,0.0,2021-02-21 19:15:00
6070744,2021-02-21 19:20:13,N,4581.27,10388.02,3998.19,0.0,2021-02-21 19:20:00
6070746,2021-02-21 19:25:14,N,4676.76,10503.36,4001.13,0.0,2021-02-21 19:25:00
6070748,2021-02-21 19:30:12,N,4601.55,10498.45,4002.18,0.0,2021-02-21 19:30:00
6070752,2021-02-21 19:35:14,N,4691.27,10756.99,4003.18,0.0,2021-02-21 19:35:00
6070754,2021-02-21 19:40:13,N,4697.06,10982.51,4003.16,0.0,2021-02-21 19:40:00
6070756,2021-02-21 19:45:12,N,4757.71,10950.4,4002.92,0.0,2021-02-21 19:45:00
6070760,2021-02-21 19:50:12,N,4789.14,11037.72,4002.95,0.0,2021-02-21 19:50:00
6070762,2021-02-21 19:55:15,N,4884.67,11338.79,4023.19,0.0,2021-02-21 19:55:00
6070764,2021-02-21 20:00:18,N,4887.06,11392.7,4016.36,0.0,2021-02-21 20:00:00
6070772,2021-02-21 20:05:13,N,4905.04,11246.94,4080.4,0.0,2021-02-21 20:05:00
6070774,2021-02-21 20:10:12,N,4880.98,11200.36,4080.55,0.0,2021-02-21 20:10:00
6070776,2021-02-21 20:15:13,N,4748.17,11200.62,4081.54,0.0,2021-02-21 20:15:00
6070780,2021-02-21 20:20:13,N,4808.19,11202.22,4081.46,0.0,2021-02-21 20:20:00
6070782,2021-02-21 20:25:13,N,4837.75,11244.82,4082.46,0.0,2021-02-21 20:25:00
6070784,2021-02-21 20:30:13,N,4786.52,11075.67,4082.46,0.0,2021-02-21 20:30:00
6070788,2021-02-21 20:35:12,N,4755.82,10988.49,4082.43,0.0,2021-02-21 20:35:00
6070790,2021-02-21 20:40:13,N,4814.13,11209.27,4082.56,0.0,2021-02-21 20:40:00
6070792,2021-02-21 20:45:13,N,4781.43,11258.77,4083.39,0.0,2021-02-21 20:45:00
6070796,2021-02-21 20:50:13,N,4705.82,10951.79,4083.32,0.0,2021-02-21 20:50:00
6070798,2021-02-21 20:55:13,N,4681.21,11124.62,4171.43,0.0,2021-02-21 20:55:00
6070800,2021-02-21 21:00:17,N,4679.15,11233.86,4173.86,0.0,2021-02-21 21:00:00
6070808,2021-02-21 21:05:12,N,4626.9,11149.46,4173.69,0.0,2021-02-21 21:05:00
6070810,2021-02-21 21:10:12,N,4572.64,10898.57,4178.66,0.0,2021-02-21 21:10:00
6070812,2021-02-21 21:15:13,N,4574.4,10829.94,4178.63,0.0,2021-02-21 21:15:00
6070816,2021-02-21 21:20:13,N,4824.65,11121.54,4178.63,0.0,2021-02-21 21:20:00
6070820,2021-02-21 21:25:13,N,4908.72,11468.11,4178.63,0.0,2021-02-21 21:25:00
6070822,2021-02-21 21:30:15,N,4936.91,11563.34,4179.6,0.0,2021-02-21 21:30:00
6070826,2021-02-21 21:35:13,N,4988.29,11657.61,4179.59,0.0,2021-02-21 21:35:00
6070828,2021-02-21 21:40:13,N,4970.98,11708.47,4182.71,0.0,2021-02-21 21:40:00
6070830,2021-02-21 21:45:13,N,4974.63,11685.04,4179.5,0.0,2021-02-21 21:45:00
6070834,2021-02-21 21:50:13,N,5013.22,11845.18,4180.43,0.0,2021-02-21 21:50:00
6070836,2021-02-21 21:55:13,N,5100.7,11950.85,4180.59,0.0,2021-02-21 21:55:00
6070838,2021-02-21 22:00:16,N,5064.91,11925.41,4180.62,0.0,2021-02-21 22:00:00
6070849,2021-02-21 22:05:14,N,5041.58,11991.89,4183.63,0.0,2021-02-21 22:05:00
6070852,2021-02-21 22:10:13,N,5060.89,12014.95,4183.62,0.0,2021-02-21 22:10:00
6070855,2021-02-21 22:15:12,N,5095.08,12027.35,4183.63,0.0,2021-02-21 22:15:00
6070859,2021-02-21 22:20:14,N,5114.43,12063.64,4183.72,0.0,2021-02-21 22:20:00
6070861,2021-02-21 22:25:13,N,5155.59,12224.44,4184.69,0.0,2021-02-21 22:25:00
6070863,2021-02-21 22:30:14,N,5186.52,12166.46,4184.63,0.0,2021-02-21 22:30:00
6070867,2021-02-21 22:35:13,N,5191.07,12182.51,4184.6,0.0,2021-02-21 22:35:00
6070869,2021-02-21 22:40:13,N,5272.81,12437.99,4184.68,0.0,2021-02-21 22:40:00
6070871,2021-02-21 22:45:13,N,5257.31,12661.41,4184.38,0.0,2021-02-21 22:45:00
6070875,2021-02-21 22:50:12,N,5247.21,12786.76,4184.42,0.0,2021-02-21 22:50:00
6070877,2021-02-21 22:55:13,N,5242.7,12799.96,4185.63,0.0,2021-02-21 22:55:00
6070879,2021-02-21 23:00:19,N,5215.04,12741.11,4186.53,0.0,2021-02-21 23:00:00
6070887,2021-02-21 23:05:14,N,5276.25,12623.16,4185.89,0.0,2021-02-21 23:05:00
6070889,2021-02-21 23:10:13,N,5245.4,12473.73,4185.94,0.0,2021-02-21 23:10:00
6070891,2021-02-21 23:15:13,N,5265.68,12461.79,4186.09,0.0,2021-02-21 23:15:00
6070895,2021-02-21 23:20:13,N,5310.35,12494.31,4200.94,0.0,2021-02-21 23:20:00
6070897,2021-02-21 23:25:14,N,5323.37,12443.83,4200.92,0.0,2021-02-21 23:25:00
6070899,2021-02-21 23:30:13,N,5311.0,12538.27,4195.9,0.0,2021-02-21 23:30:00
6070903,2021-02-21 23:35:12,N,5254.57,12382.12,4195.96,0.0,2021-02-21 23:35:00
6070905,2021-02-21 23:40:14,N,5230.96,12325.19,4195.98,0.0,2021-02-21 23:40:00
6070907,2021-02-21 23:45:14,N,5267.32,12378.08,4196.73,0.0,2021-02-21 23:45:00
6070911,2021-02-21 23:50:13,N,5307.86,12538.3,4196.69,0.0,2021-02-21 23:50:00
6070913,2021-02-21 23:55:13,N,5306.31,12504.17,4178.65,0.0,2021-02-21 23:55:00
6070916,2021-02-22 00:00:22,N,5217.48,12361.27,4134.25,0.0,2021-02-22 00:00:00
6070923,2021-02-22 00:05:13,N,5234.63,12333.83,4134.4,0.0,2021-02-22 00:05:00
6070925,2021-02-22 00:10:13,N,5260.33,12335.87,4134.34,0.0,2021-02-22 00:10:00
6070927,2021-02-22 00:15:14,N,5211.26,12370.58,4099.3,0.0,2021-02-22 00:15:00
6070931,2021-02-22 00:20:12,N,5217.46,12306.14,4099.27,0.0,2021-02-22 00:20:00
6070933,2021-02-22 00:25:12,N,5230.01,12281.51,4100.24,0.0,2021-02-22 00:25:00
6070935,2021-02-22 00:30:13,N,5177.7,12140.68,4100.28,0.0,2021-02-22 00:30:00
6070939,2021-02-22 00:35:13,N,5115.73,12015.84,4099.29,0.0,2021-02-22 00:35:00
6070941,2021-02-22 00:40:15,N,5184.13,12186.17,4099.22,0.0,2021-02-22 00:40:00
6070943,2021-02-22 00:45:13,N,5120.48,12049.9,4099.05,0.0,2021-02-22 00:45:00
6070947,2021-02-22 00:50:16,N,5069.51,11836.92,4099.04,0.0,2021-02-22 00:50:00
6070949,2021-02-22 00:55:18,N,5126.89,11825.01,4099.24,0.0,2021-02-22 00:55:00
6070951,2021-02-22 01:00:22,N,5252.95,12029.56,4098.75,0.0,2021-02-22 01:00:00
6070959,2021-02-22 01:03:51,N,5189.72,11956.84,4098.25,0.0,2021-02-22 01:00:00
6070960,2021-02-22 01:05:12,N,5227.66,12117.7,4098.25,0.0,2021-02-22 01:05:00
6070962,2021-02-22 01:10:14,N,5240.9,12173.33,4098.22,0.0,2021-02-22 01:10:00
6070965,2021-02-22 01:15:12,N,5238.82,12290.39,4098.25,0.0,2021-02-22 01:15:00
6070969,2021-02-22 01:20:15,N,5225.43,12307.71,4093.31,0.0,2021-02-22 01:20:00
6070971,2021-02-22 01:25:15,N,5213.73,12247.57,4093.26,0.0,2021-02-22 01:25:00
6070973,2021-02-22 01:30:16,N,5130.59,12165.62,4092.27,0.0,2021-02-22 01:30:00
6070977,2021-02-22 01:35:16,N,5122.73,12101.55,4092.19,0.0,2021-02-22 01:35:00
6070979,2021-02-22 01:40:17,N,5156.29,12081.5,4092.3,0.0,2021-02-22 01:40:00
6070981,2021-02-22 01:45:17,N,5178.24,12129.66,4091.06,0.0,2021-02-22 01:45:00
6070985,2021-02-22 01:50:15,N,5103.68,12021.02,4091.01,0.0,2021-02-22 01:50:00
6070987,2021-02-22 01:55:12,N,5118.29,11974.98,4091.24,0.0,2021-02-22 01:55:00
6070989,2021-02-22 02:00:17,N,5146.25,12045.55,4091.75,0.0,2021-02-22 02:00:00
6070997,2021-02-22 02:05:12,N,5138.84,12023.17,4091.72,0.0,2021-02-22 02:05:00
6070999,2021-02-22 02:10:14,N,5092.75,11886.4,4092.74,0.0,2021-02-22 02:10:00
6071001,2021-02-22 02:15:13,N,5055.6,11776.87,4092.75,0.0,2021-02-22 02:15:00
6071005,2021-02-22 02:20:12,N,5057.59,11739.2,4092.72,0.0,2021-02-22 02:20:00
6071007,2021-02-22 02:25:12,N,4999.74,11696.76,4091.73,0.0,2021-02-22 02:25:00
6071009,2021-02-22 02:30:13,N,5004.44,11711.61,4088.74,0.0,2021-02-22 02:30:00
6071013,2021-02-22 02:35:13,N,4952.65,11665.01,4088.71,0.0,2021-02-22 02:35:00
6071015,2021-02-22 02:40:14,N,4954.23,11745.55,4088.74,0.0,2021-02-22 02:40:00
6071017,2021-02-22 02:45:13,N,4962.41,11790.14,4088.5,0.0,2021-02-22 02:45:00
6071021,2021-02-22 02:50:14,N,4928.48,11778.38,4087.5,0.0,2021-02-22 02:50:00
6071023,2021-02-22 02:55:13,N,4959.56,11789.28,4087.78,0.0,2021-02-22 02:55:00
6071025,2021-02-22 03:00:18,N,4897.44,11651.82,4084.67,0.0,2021-02-22 03:00:00
6071033,2021-02-22 03:05:13,N,4933.0,11603.47,4084.67,0.0,2021-02-22 03:05:00
6071035,2021-02-22 03:10:14,N,4987.44,11672.49,4084.61,0.0,2021-02-22 03:10:00
6071037,2021-02-22 03:15:12,N,4958.17,11683.84,4084.65,0.0,2021-02-22 03:15:00
6071041,2021-02-22 03:20:12,N,4975.3,11773.45,4096.66,0.0,2021-02-22 03:20:00
6071043,2021-02-22 03:25:13,N,5002.47,11879.96,4096.59,0.0,2021-02-22 03:25:00
6071045,2021-02-22 03:30:13,N,4935.06,11776.97,4096.62,0.0,2021-02-22 03:30:00
6071049,2021-02-22 03:35:12,N,4920.56,11739.66,4096.62,0.0,2021-02-22 03:35:00
6071051,2021-02-22 03:40:13,N,4955.45,11759.02,4098.65,0.0,2021-02-22 03:40:00
6071053,2021-02-22 03:45:14,N,4955.24,11793.44,4098.4,0.0,2021-02-22 03:45:00
6071057,2021-02-22 03:50:15,N,4972.33,11782.52,4098.38,0.0,2021-02-22 03:50:00
6071059,2021-02-22 03:55:14,N,4968.09,11829.31,4098.62,0.0,2021-02-22 03:55:00
6071061,2021-02-22 04:00:18,N,4982.64,11798.32,4098.75,0.0,2021-02-22 04:00:00
6071069,2021-02-22 04:05:13,N,5045.18,11752.24,4098.71,0.0,2021-02-22 04:05:00
6071071,2021-02-22 04:10:16,N,5034.24,11822.42,4098.74,0.0,2021-02-22 04:10:00
6071073,2021-02-22 04:15:16,N,5034.92,11828.09,4098.78,0.0,2021-02-22 04:15:00
6071077,2021-02-22 04:20:15,N,5084.28,11885.09,4098.79,0.0,2021-02-22 04:20:00
6071079,2021-02-22 04:25:15,N,5052.51,11918.62,4098.73,0.0,2021-02-22 04:25:00
6071081,2021-02-22 04:30:17,N,4903.33,11408.62,4098.77,0.0,2021-02-22 04:30:00
6071085,2021-02-22 04:35:16,N,4963.18,11434.85,4098.74,0.0,2021-02-22 04:35:00
6071087,2021-02-22 04:40:16,N,5069.91,11443.66,4098.81,0.0,2021-02-22 04:40:00
6071089,2021-02-22 04:45:16,N,5092.84,11402.24,4098.52,0.0,2021-02-22 04:45:00
6071093,2021-02-22 04:50:17,N,5015.74,11256.98,4098.49,0.0,2021-02-22 04:50:00
6071095,2021-02-22 04:55:17,N,4864.29,10868.98,4098.72,0.0,2021-02-22 04:55:00
6071097,2021-02-22 05:00:23,N,4865.47,10821.99,4039.06,0.0,2021-02-22 05:00:00
6071105,2021-02-22 05:05:15,N,4704.31,10266.45,4037.43,0.0,2021-02-22 05:05:00
6071107,2021-02-22 05:10:17,N,4831.82,10185.0,4037.45,0.0,2021-02-22 05:10:00
6071109,2021-02-22 05:15:17,N,4880.7,10189.69,4037.42,0.0,2021-02-22 05:15:00
6071113,2021-02-22 05:20:16,N,4867.98,10265.47,4037.42,0.0,2021-02-22 05:20:00
6071116,2021-02-22 05:25:15,N,4830.06,10142.7,4037.41,0.0,2021-02-22 05:25:00
6071118,2021-02-22 05:30:16,N,4753.21,10111.99,4037.43,0.0,2021-02-22 05:30:00
6071122,2021-02-22 05:35:14,N,4784.62,10166.13,4037.44,0.0,2021-02-22 05:35:00
6071124,2021-02-22 05:40:16,N,4789.3,10197.58,4020.73,0.0,2021-02-22 05:40:00
6071126,2021-02-22 05:43:16,N,4900.88,10332.2,4037.52,0.0,2021-02-22 05:40:00
6071127,2021-02-22 05:45:16,N,4983.54,10846.24,4037.31,0.0,2021-02-22 05:45:00
6071131,2021-02-22 05:50:19,N,4743.35,10636.44,4042.27,0.0,2021-02-22 05:50:00
6071133,2021-02-22 05:55:16,N,4717.69,10473.05,4042.45,0.0,2021-02-22 05:55:00
6071135,2021-02-22 06:00:19,N,4558.2,9906.15,4161.23,0.0,2021-02-22 06:00:00
6071143,2021-02-22 06:05:16,N,4388.2,9705.31,4042.02,0.0,2021-02-22 06:05:00
6071145,2021-02-22 06:10:16,N,4137.85,9371.22,4042.03,0.0,2021-02-22 06:10:00
6071147,2021-02-22 06:15:18,N,4054.52,9233.48,4042.02,0.0,2021-02-22 06:15:00
6071151,2021-02-22 06:20:17,N,4024.17,9316.34,4042.02,0.0,2021-02-22 06:20:00
6071153,2021-02-22 06:25:17,N,4012.33,9243.41,4045.01,0.0,2021-02-22 06:25:00
6071155,2021-02-22 06:30:17,N,3994.56,9153.11,4045.06,0.0,2021-02-22 06:30:00
6071159,2021-02-22 06:35:16,N,3921.48,8856.18,4045.02,0.0,2021-02-22 06:35:00
6071161,2021-02-22 06:40:16,N,3833.75,8626.3,4045.06,0.0,2021-02-22 06:40:00
6071163,2021-02-22 06:45:16,N,3918.7,8785.76,4044.84,0.0,2021-02-22 06:45:00
6071167,2021-02-22 06:50:15,N,3922.52,8794.28,4044.83,0.0,2021-02-22 06:50:00
6071169,2021-02-22 06:55:14,N,3866.83,8773.96,4045.07,0.0,2021-02-22 06:55:00
6071171,2021-02-22 07:00:21,N,3779.71,8589.47,4045.66,0.0,2021-02-22 07:00:00
6071179,2021-02-22 07:05:16,N,3696.26,8588.68,4044.53,0.0,2021-02-22 07:05:00
6071181,2021-02-22 07:10:14,N,3704.62,8522.14,4044.53,0.0,2021-02-22 07:10:00
6071183,2021-02-22 07:15:16,N,3675.8,8591.01,4044.55,0.0,2021-02-22 07:15:00
6071187,2021-02-22 07:20:15,N,3761.61,8733.94,4044.6,0.0,2021-02-22 07:20:00
6071189,2021-02-22 07:25:15,N,3901.93,9006.71,4044.58,0.0,2021-02-22 07:25:00
6071191,2021-02-22 07:30:16,N,3944.49,9157.94,4044.54,0.0,2021-02-22 07:30:00
6071195,2021-02-22 07:35:17,N,4174.56,9538.79,4044.54,0.0,2021-02-22 07:35:00
6071197,2021-02-22 07:40:16,N,4348.49,9859.8,4044.55,0.0,2021-02-22 07:40:00
6071199,2021-02-22 07:45:16,N,4559.52,10284.29,4044.33,0.0,2021-02-22 07:45:00
6071203,2021-02-22 07:50:19,N,4790.6,10656.39,4044.34,0.0,2021-02-22 07:50:00
6071205,2021-02-22 07:55:18,N,4976.05,11037.49,4044.54,0.0,2021-02-22 07:55:00
6071207,2021-02-22 08:00:20,N,5114.35,11388.48,4045.78,0.0,2021-02-22 08:00:00
6071215,2021-02-22 08:05:16,N,5272.96,11831.36,4130.69,0.0,2021-02-22 08:05:00
6071217,2021-02-22 08:10:15,N,5404.85,12304.97,4123.6,0.0,2021-02-22 08:10:00
6071219,2021-02-22 08:15:16,N,5497.22,12725.66,4123.63,0.0,2021-02-22 08:15:00
6071223,2021-02-22 08:20:15,N,5706.27,13314.35,4122.65,0.0,2021-02-22 08:20:00
6071225,2021-02-22 08:25:16,N,5800.8,13881.91,4122.58,0.0,2021-02-22 08:25:00
6071227,2021-02-22 08:30:16,N,6085.82,14346.08,4117.59,0.0,2021-02-22 08:30:00
6071231,2021-02-22 08:35:15,N,6211.6,14745.05,4117.57,0.0,2021-02-22 08:35:00
6071233,2021-02-22 08:40:16,N,6329.41,14946.11,4117.6,0.0,2021-02-22 08:40:00
6071235,2021-02-22 08:45:15,N,6435.41,14786.11,4116.36,0.0,2021-02-22 08:45:00
6071239,2021-02-22 08:50:14,N,6294.12,14569.08,4116.36,0.0,2021-02-22 08:50:00
6071241,2021-02-22 08:55:16,N,6285.23,14699.51,4116.6,0.0,2021-02-22 08:55:00
6071243,2021-02-22 09:00:20,N,6180.63,14283.51,4123.6,0.0,2021-02-22 09:00:00
6071251,2021-02-22 09:05:18,N,6186.52,14443.51,4123.62,0.0,2021-02-22 09:05:00
6071253,2021-02-22 09:10:15,N,6196.98,14456.08,4123.59,0.0,2021-02-22 09:10:00
6071255,2021-02-22 09:15:16,N,6280.66,14720.42,4122.62,0.0,2021-02-22 09:15:00
6071259,2021-02-22 09:20:16,N,6267.73,14528.74,4122.68,0.0,2021-02-22 09:20:00
6071261,2021-02-22 09:25:16,N,6271.48,14449.88,4122.67,0.0,2021-02-22 09:25:00
6071263,2021-02-22 09:30:17,N,6246.71,14623.2,4118.63,0.0,2021-02-22 09:30:00
6071267,2021-02-22 09:35:16,N,6297.47,14926.86,4121.56,0.0,2021-02-22 09:35:00
6071269,2021-02-22 09:40:17,N,6380.62,15345.11,4117.6,0.0,2021-02-22 09:40:00
6071271,2021-02-22 09:45:16,N,6496.12,15809.8,4117.35,0.0,2021-02-22 09:45:00
6071275,2021-02-22 09:50:17,N,6586.48,16071.23,4111.36,0.0,2021-02-22 09:50:00
6071277,2021-02-22 09:55:16,N,6674.53,16199.98,4111.58,0.0,2021-02-22 09:55:00
6071279,2021-02-22 10:00:21,N,6763.31,16280.26,4105.29,0.0,2021-02-22 10:00:00
6071290,2021-02-22 10:05:18,N,6778.81,16399.16,4104.29,0.0,2021-02-22 10:05:00
6071292,2021-02-22 10:10:16,N,6745.73,16810.66,4104.29,0.0,2021-02-22 10:10:00
6071294,2021-02-22 10:15:15,N,6863.02,17063.57,4104.29,0.0,2021-02-22 10:15:00
6071298,2021-02-22 10:20:16,N,7045.02,17259.63,4102.32,0.0,2021-02-22 10:20:00
6071300,2021-02-22 10:25:16,N,6995.4,16893.51,4102.3,0.0,2021-02-22 10:25:00
6071302,2021-02-22 10:30:15,N,7054.96,17524.6,4103.32,0.0,2021-02-22 10:30:00
6071306,2021-02-22 10:35:17,N,7062.88,17892.1,4102.28,0.0,2021-02-22 10:35:00
6071308,2021-02-22 10:40:15,N,7151.76,18184.3,4101.38,0.0,2021-02-22 10:40:00
6071310,2021-02-22 10:45:15,N,7281.72,18334.47,4101.13,0.0,2021-02-22 10:45:00
6071314,2021-02-22 10:50:15,N,7286.59,18603.37,4102.1,0.0,2021-02-22 10:50:00
6071316,2021-02-22 10:55:25,N,7320.45,18940.09,4100.32,0.0,2021-02-22 10:55:00
6071318,2021-02-22 11:00:18,N,7428.05,19220.36,4093.89,0.0,2021-02-22 11:00:00
6071326,2021-02-22 11:05:17,N,7376.98,18983.23,4093.89,0.0,2021-02-22 11:05:00
6071328,2021-02-22 11:10:15,N,7457.62,19388.76,4095.89,0.0,2021-02-22 11:10:00
6071330,2021-02-22 11:15:16,N,7383.66,19599.96,4096.91,0.0,2021-02-22 11:15:00
6071334,2021-02-22 11:20:18,N,7441.17,19958.3,4095.95,0.0,2021-02-22 11:20:00
6071336,2021-02-22 11:25:15,N,7443.57,20162.64,4095.89,0.0,2021-02-22 11:25:00
6071338,2021-02-22 11:30:18,N,7482.25,20584.75,4093.89,0.0,2021-02-22 11:30:00
6071342,2021-02-22 11:35:18,N,7503.14,20438.64,4091.87,0.0,2021-02-22 11:35:00
6071344,2021-02-22 11:40:16,N,7593.72,20806.54,4088.95,0.0,2021-02-22 11:40:00
6071346,2021-02-22 11:45:17,N,7641.59,20941.92,4091.75,0.0,2021-02-22 11:45:00
6071350,2021-02-22 11:50:16,N,7608.19,21160.28,4087.68,0.0,2021-02-22 11:50:00
6071352,2021-02-22 11:55:19,N,7702.74,21532.37,4090.86,0.0,2021-02-22 11:55:00
6071354,2021-02-22 12:00:22,N,7749.76,21586.82,4083.86,0.0,2021-02-22 12:00:00
6071362,2021-02-22 12:05:16,N,7556.93,21199.58,4083.6,0.0,2021-02-22 12:05:00
6071364,2021-02-22 12:10:17,N,7571.9,21404.88,4085.65,0.0,2021-02-22 12:10:00
6071366,2021-02-22 12:15:17,N,7623.33,21779.06,4082.62,0.0,2021-02-22 12:15:00
6071370,2021-02-22 12:20:16,N,7667.95,21766.02,4078.59,0.0,2021-02-22 12:20:00
6071372,2021-02-22 12:25:17,N,7667.5,21862.37,4079.58,0.0,2021-02-22 12:25:00
6071374,2021-02-22 12:30:18,N,7648.7,21874.11,4079.56,0.0,2021-02-22 12:30:00
6071378,2021-02-22 12:35:16,N,7678.32,21901.09,4077.56,0.0,2021-02-22 12:35:00
6071380,2021-02-22 12:40:18,N,7663.89,21856.98,4077.59,0.0,2021-02-22 12:40:00
6071382,2021-02-22 12:45:18,N,7695.11,21884.59,4140.43,0.0,2021-02-22 12:45:00
6071386,2021-02-22 12:50:18,N,7678.84,22006.56,4140.38,0.0,2021-02-22 12:50:00
6071388,2021-02-22 12:55:18,N,7828.5,22256.82,4140.65,0.0,2021-02-22 12:55:00
6071390,2021-02-22 13:00:26,N,7853.08,22377.18,4134.68,0.0,2021-02-22 13:00:00
6071398,2021-02-22 13:05:16,N,7819.28,22232.42,4135.67,0.0,2021-02-22 13:05:00
6071400,2021-02-22 13:10:17,N,7795.58,22383.01,4135.68,0.0,2021-02-22 13:10:00
6071402,2021-02-22 13:15:17,N,7835.53,22431.34,4134.68,0.0,2021-02-22 13:15:00
6071406,2021-02-22 13:20:17,N,7829.06,22488.29,4131.74,0.0,2021-02-22 13:20:00
6071408,2021-02-22 13:25:16,N,7878.38,22395.39,4130.75,0.0,2021-02-22 13:25:00
6071410,2021-02-22 13:30:16,N,7863.66,22483.98,4131.69,0.0,2021-02-22 13:30:00
6071414,2021-02-22 13:35:17,N,7839.97,22535.56,4131.65,0.0,2021-02-22 13:35:00
6071416,2021-02-22 13:40:15,N,7869.5,22719.9,4135.67,0.0,2021-02-22 13:40:00
6071418,2021-02-22 13:45:16,N,7867.79,22330.57,4135.42,0.0,2021-02-22 13:45:00
6071422,2021-02-22 13:50:21,N,7850.29,22252.31,4133.44,0.0,2021-02-22 13:50:00
6071424,2021-02-22 13:55:17,N,7811.12,22336.99,4067.74,0.0,2021-02-22 13:55:00
6071426,2021-02-22 14:00:23,N,7823.53,22347.46,4063.93,0.0,2021-02-22 14:00:00
6071434,2021-02-22 14:05:15,N,7818.01,22278.31,4063.8,0.0,2021-02-22 14:05:00
6071436,2021-02-22 14:10:16,N,7766.53,22278.49,4064.81,0.0,2021-02-22 14:10:00
6071438,2021-02-22 14:15:16,N,7850.35,22166.6,4064.78,0.0,2021-02-22 14:15:00
6071442,2021-02-22 14:20:16,N,7826.95,22110.67,4062.77,0.0,2021-02-22 14:20:00
6071444,2021-02-22 14:25:15,N,7791.47,22392.08,4063.78,0.0,2021-02-22 14:25:00
6071447,2021-02-22 14:30:17,N,7815.6,22323.77,4063.64,0.0,2021-02-22 14:30:00
6071453,2021-02-22 14:35:16,N,7857.53,22096.01,4063.57,0.0,2021-02-22 14:35:00
6071455,2021-02-22 14:40:18,N,7775.92,22202.55,4063.63,0.0,2021-02-22 14:40:00
6071457,2021-02-22 14:45:17,N,7806.14,22364.08,4063.36,0.0,2021-02-22 14:45:00
6071461,2021-02-22 14:50:16,N,7833.05,22245.08,4064.39,0.0,2021-02-22 14:50:00
6071463,2021-02-22 14:55:17,N,7817.1,22144.29,4064.58,0.0,2021-02-22 14:55:00
6071465,2021-02-22 15:00:19,N,7751.43,21902.83,4059.08,0.0,2021-02-22 15:00:00
6071473,2021-02-22 15:05:18,N,7654.98,21847.03,4059.46,0.0,2021-02-22 15:05:00
6071475,2021-02-22 15:10:17,N,7691.03,21724.12,4060.53,0.0,2021-02-22 15:10:00
6071477,2021-02-22 15:15:16,N,7664.25,22014.42,4057.5,0.0,2021-02-22 15:15:00
6071481,2021-02-22 15:20:18,N,7701.07,22042.69,4056.52,0.0,2021-02-22 15:20:00
6071483,2021-02-22 15:25:16,N,7700.28,22138.99,4059.45,0.0,2021-02-22 15:25:00
6071485,2021-02-22 15:30:17,N,7760.27,21662.76,4053.94,0.0,2021-02-22 15:30:00
6071489,2021-02-22 15:35:18,N,7604.7,21449.8,4056.43,0.0,2021-02-22 15:35:00
6071491,2021-02-22 15:40:17,N,7569.19,21198.23,4056.54,0.0,2021-02-22 15:40:00
6071493,2021-02-22 15:45:18,N,7518.89,21276.62,4056.32,0.0,2021-02-22 15:45:00
6071497,2021-02-22 15:50:16,N,7569.08,21605.2,4057.23,0.0,2021-02-22 15:50:00
6071499,2021-02-22 15:55:17,N,7598.07,20812.27,4057.49,0.0,2021-02-22 15:55:00
6071501,2021-02-22 16:00:19,N,7387.8,20339.33,4062.37,0.0,2021-02-22 16:00:00
6071509,2021-02-22 16:05:16,N,7391.29,20669.51,4061.62,0.0,2021-02-22 16:05:00
6071511,2021-02-22 16:10:17,N,7422.28,20748.98,4061.62,0.0,2021-02-22 16:10:00
6071513,2021-02-22 16:15:18,N,7476.83,20380.98,4061.61,0.0,2021-02-22 16:15:00
6071517,2021-02-22 16:20:15,N,7429.47,20008.72,4063.67,0.0,2021-02-22 16:20:00
6071519,2021-02-22 16:25:16,N,7392.5,19801.29,4063.57,0.0,2021-02-22 16:25:00
6071521,2021-02-22 16:30:18,N,7350.47,19733.25,4063.67,0.0,2021-02-22 16:30:00
6071525,2021-02-22 16:35:16,N,7355.42,19601.52,4063.71,0.0,2021-02-22 16:35:00
6071527,2021-02-22 16:40:15,N,7300.23,19054.79,4062.74,0.0,2021-02-22 16:40:00
6071529,2021-02-22 16:45:15,N,7088.75,18728.84,4062.46,0.0,2021-02-22 16:45:00
6071533,2021-02-22 16:50:18,N,7117.83,18660.27,4066.5,0.0,2021-02-22 16:50:00
6071535,2021-02-22 16:55:16,N,7127.67,18565.41,4066.67,0.0,2021-02-22 16:55:00
6071537,2021-02-22 17:00:19,N,7114.78,18136.67,4038.23,0.0,2021-02-22 17:00:00
6071545,2021-02-22 17:05:16,N,7067.18,17794.82,4072.38,0.0,2021-02-22 17:05:00
6071547,2021-02-22 17:10:16,N,6832.13,17463.23,4123.4,0.0,2021-02-22 17:10:00
6071549,2021-02-22 17:15:16,N,6740.43,16702.22,4127.44,0.0,2021-02-22 17:15:00
6071553,2021-02-22 17:20:15,N,6629.86,16023.91,4127.58,0.0,2021-02-22 17:20:00
6071555,2021-02-22 17:25:16,N,6401.71,15138.68,4127.55,0.0,2021-02-22 17:25:00
6071557,2021-02-22 17:30:16,N,6341.36,14948.72,4127.44,0.0,2021-02-22 17:30:00
6071561,2021-02-22 17:35:18,N,6414.19,14765.48,4127.45,0.0,2021-02-22 17:35:00
6071563,2021-02-22 17:40:16,N,6341.41,13899.97,4127.46,0.0,2021-02-22 17:40:00
6071565,2021-02-22 17:45:17,N,6250.19,13242.35,4127.19,0.0,2021-02-22 17:45:00
6071569,2021-02-22 17:50:17,N,6047.56,12612.23,4145.92,0.0,2021-02-22 17:50:00
6071571,2021-02-22 17:55:17,N,5775.69,11838.41,4146.11,0.0,2021-02-22 17:55:00
6071573,2021-02-22 18:00:22,N,5714.94,11327.17,4221.92,0.0,2021-02-22 18:00:00
6071581,2021-02-22 18:05:18,N,5620.75,10932.18,4212.09,0.0,2021-02-22 18:05:00
6071583,2021-02-22 18:10:13,N,5355.74,10561.76,4212.05,0.0,2021-02-22 18:10:00
6071585,2021-02-22 18:15:13,N,5042.42,9946.96,4217.08,0.0,2021-02-22 18:15:00
6071589,2021-02-22 18:20:13,N,4670.54,9421.24,4218.09,0.0,2021-02-22 18:20:00
6071591,2021-02-22 18:25:13,N,4479.15,9072.89,4222.16,0.0,2021-02-22 18:25:00
6071593,2021-02-22 18:30:14,N,4201.84,8895.27,4222.06,0.0,2021-02-22 18:30:00
6071597,2021-02-22 18:35:12,N,4098.37,8746.83,4222.0,0.0,2021-02-22 18:35:00
6071599,2021-02-22 18:40:12,N,4101.09,8532.52,4223.03,0.0,2021-02-22 18:40:00
6071601,2021-02-22 18:45:13,N,4074.23,8608.33,4222.83,0.0,2021-02-22 18:45:00
6071605,2021-02-22 18:50:13,N,4081.9,8828.7,4222.76,0.0,2021-02-22 18:50:00
6071607,2021-02-22 18:55:13,N,4157.48,9028.37,4223.07,0.0,2021-02-22 18:55:00
6071609,2021-02-22 19:00:16,N,4058.72,9014.53,4180.56,0.0,2021-02-22 19:00:00
6071617,2021-02-22 19:05:13,N,4272.67,9220.68,4182.91,0.0,2021-02-22 19:05:00
6071619,2021-02-22 19:10:12,N,4249.82,9296.19,4179.93,0.0,2021-02-22 19:10:00
6071621,2021-02-22 19:15:12,N,4469.33,9580.46,4235.99,0.0,2021-02-22 19:15:00
6071625,2021-02-22 19:20:14,N,4762.6,9916.71,4235.97,0.0,2021-02-22 19:20:00
6071627,2021-02-22 19:25:13,N,4971.73,10199.56,4241.06,0.0,2021-02-22 19:25:00
6071629,2021-02-22 19:30:12,N,4980.63,10356.19,4241.0,0.0,2021-02-22 19:30:00
6071633,2021-02-22 19:35:12,N,4925.81,10469.34,4240.9,0.0,2021-02-22 19:35:00
6071635,2021-02-22 19:40:13,N,5152.12,10901.26,4243.95,0.0,2021-02-22 19:40:00
6071637,2021-02-22 19:45:14,N,5316.68,11192.21,4244.79,0.0,2021-02-22 19:45:00
6071641,2021-02-22 19:50:13,N,5364.52,11190.55,4245.77,0.0,2021-02-22 19:50:00
6071643,2021-02-22 19:55:14,N,5366.69,11298.89,4245.93,0.0,2021-02-22 19:55:00
6071645,2021-02-22 20:00:17,N,5325.72,11416.82,4247.27,0.0,2021-02-22 20:00:00
6071653,2021-02-22 20:05:13,N,5403.83,11664.55,4247.31,0.0,2021-02-22 20:05:00
6071655,2021-02-22 20:10:12,N,5502.04,11936.9,4248.28,0.0,2021-02-22 20:10:00
6071657,2021-02-22 20:15:13,N,5616.39,12230.29,4248.27,0.0,2021-02-22 20:15:00
6071661,2021-02-22 20:20:13,N,5880.67,12899.24,4249.32,0.0,2021-02-22 20:20:00
6071663,2021-02-22 20:25:13,N,5871.15,13111.27,4253.31,0.0,2021-02-22 20:25:00
6071665,2021-02-22 20:30:12,N,6047.64,13536.01,4253.3,0.0,2021-02-22 20:30:00
6071669,2021-02-22 20:35:13,N,6082.99,13759.45,4253.25,0.0,2021-02-22 20:35:00
6071671,2021-02-22 20:40:14,N,5991.8,13824.18,4253.25,0.0,2021-02-22 20:40:00
6071673,2021-02-22 20:45:14,N,5902.55,13854.54,4253.05,0.0,2021-02-22 20:45:00
6071677,2021-02-22 20:50:15,N,5938.89,14061.27,4253.05,0.0,2021-02-22 20:50:00
6071679,2021-02-22 20:55:16,N,5877.38,14226.9,4253.32,0.0,2021-02-22 20:55:00
6071681,2021-02-22 21:00:21,N,5957.35,14709.56,4253.38,0.0,2021-02-22 21:00:00
6071689,2021-02-22 21:05:15,N,6103.66,14917.94,4253.34,0.0,2021-02-22 21:05:00
6071691,2021-02-22 21:10:15,N,6166.15,15108.12,4249.42,0.0,2021-02-22 21:10:00
6071693,2021-02-22 21:15:16,N,6277.13,15461.28,4250.37,0.0,2021-02-22 21:15:00
6071697,2021-02-22 21:20:14,N,6343.77,15449.8,4255.35,0.0,2021-02-22 21:20:00
6071699,2021-02-22 21:25:15,N,6258.13,15569.93,4255.34,0.0,2021-02-22 21:25:00
6071701,2021-02-22 21:30:16,N,6333.46,15891.75,4255.37,0.0,2021-02-22 21:30:00
6071705,2021-02-22 21:35:19,N,6408.05,16186.74,4255.33,0.0,2021-02-22 21:35:00
6071707,2021-02-22 21:40:15,N,6441.94,16376.29,4255.25,0.0,2021-02-22 21:40:00
6071709,2021-02-22 21:45:15,N,6354.63,16350.77,4251.13,0.0,2021-02-22 21:45:00
6071713,2021-02-22 21:50:16,N,6346.45,16538.46,4255.19,0.0,2021-02-22 21:50:00
6071715,2021-02-22 21:55:15,N,6354.99,16677.08,4256.35,0.0,2021-02-22 21:55:00
6071717,2021-02-22 22:00:23,N,6578.13,17527.9,4255.85,0.0,2021-02-22 22:00:00
6071725,2021-02-22 22:05:15,N,6617.77,17607.53,4255.81,0.0,2021-02-22 22:05:00
6071727,2021-02-22 22:10:17,N,6662.87,17438.49,4255.82,0.0,2021-02-22 22:10:00
6071729,2021-02-22 22:15:17,N,6651.38,17729.01,4255.9,0.0,2021-02-22 22:15:00
6071733,2021-02-22 22:20:16,N,6741.99,18140.66,4255.86,0.0,2021-02-22 22:20:00
6071735,2021-02-22 22:25:16,N,6826.3,18527.64,4255.82,0.0,2021-02-22 22:25:00
6071737,2021-02-22 22:30:16,N,6901.98,18829.38,4256.88,0.0,2021-02-22 22:30:00
6071741,2021-02-22 22:35:16,N,6915.42,18832.02,4256.78,0.0,2021-02-22 22:35:00
6071743,2021-02-22 22:40:15,N,6929.49,19114.71,4256.84,0.0,2021-02-22 22:40:00
6071745,2021-02-22 22:45:16,N,6959.26,19320.01,4256.61,0.0,2021-02-22 22:45:00
6071749,2021-02-22 22:50:15,N,7035.18,19612.3,4256.63,0.0,2021-02-22 22:50:00
6071751,2021-02-22 22:55:16,N,7128.73,19841.54,4256.86,0.0,2021-02-22 22:55:00
6071753,2021-02-22 23:00:21,N,7132.45,20127.93,4257.31,0.0,2021-02-22 23:00:00
6071761,2021-02-22 23:05:16,N,7133.99,20367.08,4257.32,0.0,2021-02-22 23:05:00
6071763,2021-02-22 23:10:17,N,7145.31,20431.74,4258.33,0.0,2021-02-22 23:10:00
6071765,2021-02-22 23:15:15,N,7038.51,20275.45,4259.4,0.0,2021-02-22 23:15:00
6071769,2021-02-22 23:20:16,N,7044.59,20259.42,4259.38,0.0,2021-02-22 23:20:00
6071771,2021-02-22 23:25:16,N,7167.17,20614.11,4258.39,0.0,2021-02-22 23:25:00
6071773,2021-02-22 23:30:17,N,7163.56,20632.47,4258.35,0.0,2021-02-22 23:30:00
6071777,2021-02-22 23:35:16,N,7187.3,20739.63,4258.26,0.0,2021-02-22 23:35:00
6071779,2021-02-22 23:40:15,N,7216.71,20763.73,4258.24,0.0,2021-02-22 23:40:00
6071781,2021-02-22 23:45:16,N,7056.95,20205.58,4151.73,0.0,2021-02-22 23:45:00
6071785,2021-02-22 23:50:17,N,7066.62,20375.57,4062.68,0.0,2021-02-22 23:50:00
6071787,2021-02-22 23:55:16,N,7079.92,20183.17,4122.72,0.0,2021-02-22 23:55:00
